mode,harmonic_frequency_cm-1,vpt2_fundamental_cm-1,harmonic_intensity_km_mol,assignment,internal_coordinate,type,percent,phase,D_value,F_diagonal
6,45.49417453274706,,,C-C torsion,tau(C3-C2-C5-C9),dihedral,83.9369761900938,-,-0.08256295858865027,0.011603721655504018
6,45.49417453274706,,,C-C torsion,tau(C2-C5-C6-O7),dihedral,6.1581530739839865,+,0.00944311987953497,0.06507796307380474
6,45.49417453274706,,,C-C torsion,"gamma(C5;C2,C1,H13)",oop,2.8846266532132097,-,-0.002445462639002225,0.45455037963053907
6,45.49417453274706,,,C-C torsion,delta(C1-C2-C5),angle,1.1644781062823104,+,0.0016318106190527381,0.41210349231350385
6,45.49417453274706,,,C-C torsion,tau(H14-C6-O7-C8),dihedral,1.1613210952545165,-,-0.00407470444747345,0.06591352919497648
6,45.49417453274706,,,C-C torsion,tau(C6-O7-C8-H15),dihedral,0.7108340036769606,+,0.0016456484217963524,0.24734808746537756
6,45.49417453274706,,,C-C torsion,delta(C2-C5-C9),angle,0.585513464816143,+,0.001323921437001706,0.3147943546621411
6,45.49417453274706,,,C-C torsion,tau(H11-C1-C2-C3),dihedral,0.5546059830776869,-,-0.004629057424267799,0.024390117415320465
6,45.49417453274706,,,C-C torsion,delta(H10-C1-H11),angle,0.39069608910126064,-,-0.0011522954502146973,0.2772846618250007
6,45.49417453274706,,,C-C torsion,"gamma(H15;C8,O7,C9)",oop,0.3800297645458515,+,0.0011984653648957721,0.24933377621103062
6,45.49417453274706,,,C-C torsion,delta(C2-C1-H11),angle,0.33865581579397575,+,0.0010037086804701534,0.3167799276088916
6,45.49417453274706,,,C-C torsion,delta(C1-C2-C3),angle,0.3130958759305225,-,-0.0008245700923273978,0.43394697687697664
6,45.49417453274706,,,C-C torsion,delta(C5-C9-H16),angle,0.2698018752538592,+,0.0011278635273211895,0.19986941239788925
6,45.49417453274706,,,C-C torsion,delta_lin1(C2-C3-N4),linbend1,0.1739366631122249,-,-0.001404811765396348,0.08305568027078959
6,45.49417453274706,,,C-C torsion,delta(C1-C2-H13),angle,0.160354345463599,-,-0.0007773019784048659,0.25010113607571116
6,45.49417453274706,,,C-C torsion,nu(C1-C2),bond,0.15262386699109812,-,-0.0007429194960644814,0.26058740390841156
6,45.49417453274706,,,C-C torsion,delta(C2-C1-H12),angle,0.15249076211315218,+,0.0006694124788492246,0.3206789140124306
6,45.49417453274706,,,C-C torsion,nu(C2-H13),bond,0.07595279605815915,+,0.0004701538155847094,0.32380109525181683
6,45.49417453274706,,,C-C torsion,tau(C6-C5-C9-H16),dihedral,0.07456866666677922,-,-0.0011148380693384542,0.056538889473237264
6,45.49417453274706,,,C-C torsion,nu(C2-C5),bond,0.05962584354110168,+,0.00043520851063981816,0.2966567635151466
6,45.49417453274706,,,C-C torsion,nu(C5-C9),bond,0.05513715776934847,+,0.00035044286957842556,0.4230818519106006
6,45.49417453274706,,,C-C torsion,delta(C5-C6-H14),angle,0.0475954263683575,-,-0.0004408402491313443,0.23079012405429297
6,45.49417453274706,,,C-C torsion,delta(C3-C2-H13),angle,0.044766276284437335,+,0.0003275906968193677,0.39309935236092164
6,45.49417453274706,,,C-C torsion,delta(C6-O7-C8),angle,0.04164657771772057,-,-0.00016949908510440433,1.366026359575297
6,45.49417453274706,,,C-C torsion,delta(H11-C1-H12),angle,0.02961728702973876,+,0.00031320446264723566,0.28451414884001697
6,45.49417453274706,,,C-C torsion,delta(C9-C8-H15),angle,0.023887845210618926,-,-0.0003122990080334951,0.23080767378187408
6,45.49417453274706,,,C-C torsion,delta(C5-C9-C8),angle,0.013145734261354805,-,-9.832769933267404e-05,1.2812903955832389
6,45.49417453274706,,,C-C torsion,nu(O7-C8),bond,0.012587263711278525,-,-0.00015737660333985305,0.47892275585557215
6,45.49417453274706,,,C-C torsion,nu(C9-H16),bond,0.012231108898813866,-,-0.00017629748862818748,0.37084126902589476
6,45.49417453274706,,,C-C torsion,nu(C1-H10),bond,0.0066133346686844076,-,-0.00013541812148975895,0.3398454095071219
6,45.49417453274706,,,C-C torsion,nu(C1-H11),bond,0.004302117146800106,-,-0.00010905730379609833,0.3408687565072281
6,45.49417453274706,,,C-C torsion,delta(H10-C1-H12),angle,0.0034431030453890305,-,-0.00010821616824743704,0.277064059575885
6,45.49417453274706,,,C-C torsion,delta_lin2(C2-C3-N4),linbend2,0.0032253748164191983,-,-0.00018775053266381324,0.08622482315228443
6,45.49417453274706,,,C-C torsion,nu(C5-C6),bond,0.0010555471840510253,+,4.2551015013811916e-05,0.549379285605132
6,45.49417453274706,,,C-C torsion,nu(C3-N4),bond,0.0008874510967396483,-,-2.5718024338637927e-05,1.2643977132783855
6,45.49417453274706,,,C-C torsion,nu(C6-H14),bond,0.0005257121647293092,-,-3.619505178384697e-05,0.37814999512334674
6,45.49417453274706,,,C-C torsion,tau(C9-C5-C6-O7),dihedral,0.0004657995408175972,+,4.7255773927909607e-05,0.19656390570348833
6,45.49417453274706,,,C-C torsion,nu(C8-C9),bond,0.00018139568401656528,-,-1.6941094715413958e-05,0.5956052068357818
6,45.49417453274706,,,C-C torsion,nu(C2-C3),bond,0.00013993518009683647,+,2.062087021991936e-05,0.31011831126805667
6,45.49417453274706,,,C-C torsion,nu(C8-H15),bond,0.00012920401119903807,+,1.7950951923605617e-05,0.3778465893608223
6,45.49417453274706,,,C-C torsion,nu(C6-O7),bond,6.537916143472496e-05,-,-1.150744591099162e-05,0.4652602382110782
6,45.49417453274706,,,C-C torsion,nu(C1-H12),bond,1.00340777547408e-05,-,-5.264114303721783e-06,0.34122537331219377
7,123.19124716470074,,,mixed C-C-C bending / C-C-N linear bending / C-C out-of-plane bending,delta_lin1(C2-C3-N4),linbend1,22.74545778994774,+,0.03937751916810726,0.08305568027078959
7,123.19124716470074,,,mixed C-C-C bending / C-C-N linear bending / C-C out-of-plane bending,delta(C2-C5-C9),angle,19.06036530017839,-,-0.01851560138997493,0.3147943546621411
7,123.19124716470074,,,mixed C-C-C bending / C-C-N linear bending / C-C out-of-plane bending,"gamma(C5;C2,C1,H13)",oop,18.613493037463442,+,0.015226798776218447,0.45455037963053907
7,123.19124716470074,,,mixed C-C-C bending / C-C-N linear bending / C-C out-of-plane bending,delta(C1-C2-C5),angle,10.562442891512845,-,-0.012046606372023259,0.41210349231350385
7,123.19124716470074,,,mixed C-C-C bending / C-C-N linear bending / C-C out-of-plane bending,delta(C1-C2-C3),angle,9.897460271090505,-,-0.011363947805327224,0.43394697687697664
7,123.19124716470074,,,mixed C-C-C bending / C-C-N linear bending / C-C out-of-plane bending,delta_lin2(C2-C3-N4),linbend2,7.395735632230357,-,-0.022037392837467855,0.08622482315228443
7,123.19124716470074,,,mixed C-C-C bending / C-C-N linear bending / C-C out-of-plane bending,tau(C2-C5-C6-O7),dihedral,5.827645438807219,-,-0.02251724562251993,0.06507796307380474
7,123.19124716470074,,,mixed C-C-C bending / C-C-N linear bending / C-C out-of-plane bending,delta(C3-C2-H13),angle,1.6181202775410646,-,-0.004827696017555465,0.39309935236092164
7,123.19124716470074,,,mixed C-C-C bending / C-C-N linear bending / C-C out-of-plane bending,tau(C3-C2-C5-C9),dihedral,1.1640567084708107,-,-0.023832746745374906,0.011603721655504018
7,123.19124716470074,,,mixed C-C-C bending / C-C-N linear bending / C-C out-of-plane bending,tau(H11-C1-C2-C3),dihedral,0.8923632434581489,-,-0.014392941874276371,0.024390117415320465
7,123.19124716470074,,,mixed C-C-C bending / C-C-N linear bending / C-C out-of-plane bending,nu(C6-O7),bond,0.6092350927272487,+,0.002722890436960052,0.4652602382110782
7,123.19124716470074,,,mixed C-C-C bending / C-C-N linear bending / C-C out-of-plane bending,delta(C5-C9-C8),angle,0.44543223069691446,+,0.0014029839872317007,1.2812903955832389
7,123.19124716470074,,,mixed C-C-C bending / C-C-N linear bending / C-C out-of-plane bending,tau(H14-C6-O7-C8),dihedral,0.2656378845989341,-,-0.004776869799174448,0.06591352919497648
7,123.19124716470074,,,mixed C-C-C bending / C-C-N linear bending / C-C out-of-plane bending,nu(C8-C9),bond,0.14785724434423414,-,-0.0011855714745517905,0.5956052068357818
7,123.19124716470074,,,mixed C-C-C bending / C-C-N linear bending / C-C out-of-plane bending,delta(C2-C1-H12),angle,0.14545066625810907,-,-0.0016025379972621353,0.3206789140124306
7,123.19124716470074,,,mixed C-C-C bending / C-C-N linear bending / C-C out-of-plane bending,delta(C5-C6-H14),angle,0.13263815360408981,+,0.0018038952038078287,0.23079012405429297
7,123.19124716470074,,,mixed C-C-C bending / C-C-N linear bending / C-C out-of-plane bending,nu(C1-C2),bond,0.0895453238129512,+,0.001394859377075072,0.26058740390841156
7,123.19124716470074,,,mixed C-C-C bending / C-C-N linear bending / C-C out-of-plane bending,delta(C5-C9-H16),angle,0.08794588329689675,-,-0.0015784116223085047,0.19986941239788925
7,123.19124716470074,,,mixed C-C-C bending / C-C-N linear bending / C-C out-of-plane bending,nu(C5-C9),bond,0.06251733279038224,+,0.0009146895187497078,0.4230818519106006
7,123.19124716470074,,,mixed C-C-C bending / C-C-N linear bending / C-C out-of-plane bending,delta(C6-O7-C8),angle,0.04332779535734257,+,0.0004237790042428117,1.366026359575297
7,123.19124716470074,,,mixed C-C-C bending / C-C-N linear bending / C-C out-of-plane bending,nu(C2-C5),bond,0.03955130108831131,-,-0.0008688382667424056,0.2966567635151466
7,123.19124716470074,,,mixed C-C-C bending / C-C-N linear bending / C-C out-of-plane bending,delta(H10-C1-H11),angle,0.026462883926171216,+,0.0007350914015654936,0.2772846618250007
7,123.19124716470074,,,mixed C-C-C bending / C-C-N linear bending / C-C out-of-plane bending,tau(C9-C5-C6-O7),dihedral,0.02393173011475967,-,-0.0008302728604354867,0.19656390570348833
7,123.19124716470074,,,mixed C-C-C bending / C-C-N linear bending / C-C out-of-plane bending,nu(C3-N4),bond,0.021347301322980367,+,0.0003091827955534741,1.2643977132783855
7,123.19124716470074,,,mixed C-C-C bending / C-C-N linear bending / C-C out-of-plane bending,delta(C2-C1-H11),angle,0.02094756183532271,+,0.0006118903347896049,0.3167799276088916
7,123.19124716470074,,,mixed C-C-C bending / C-C-N linear bending / C-C out-of-plane bending,nu(C5-C6),bond,0.010971245465155469,-,-0.00033626177888130046,0.549379285605132
7,123.19124716470074,,,mixed C-C-C bending / C-C-N linear bending / C-C out-of-plane bending,delta(C1-C2-H13),angle,0.01093977646848386,-,-0.0004976592402290951,0.25010113607571116
7,123.19124716470074,,,mixed C-C-C bending / C-C-N linear bending / C-C out-of-plane bending,"gamma(H15;C8,O7,C9)",oop,0.00890220153528435,-,-0.0004496181497103257,0.24933377621103062
7,123.19124716470074,,,mixed C-C-C bending / C-C-N linear bending / C-C out-of-plane bending,tau(C6-O7-C8-H15),dihedral,0.0068418813112651935,+,0.00039574840212678046,0.24734808746537756
7,123.19124716470074,,,mixed C-C-C bending / C-C-N linear bending / C-C out-of-plane bending,delta(C9-C8-H15),angle,0.006087249529612794,+,0.00038643024542904964,0.23080767378187408
7,123.19124716470074,,,mixed C-C-C bending / C-C-N linear bending / C-C out-of-plane bending,tau(C6-C5-C9-H16),dihedral,0.0054355745816873705,-,-0.00073779341198751,0.056538889473237264
7,123.19124716470074,,,mixed C-C-C bending / C-C-N linear bending / C-C out-of-plane bending,nu(C1-H11),bond,0.004686452647375097,-,-0.0002790064214129269,0.3408687565072281
7,123.19124716470074,,,mixed C-C-C bending / C-C-N linear bending / C-C out-of-plane bending,nu(C6-H14),bond,0.002465935049862088,+,0.00019215179577268635,0.37814999512334674
7,123.19124716470074,,,mixed C-C-C bending / C-C-N linear bending / C-C out-of-plane bending,nu(C2-H13),bond,0.002337640870877088,+,0.00020217870922225773,0.32380109525181683
7,123.19124716470074,,,mixed C-C-C bending / C-C-N linear bending / C-C out-of-plane bending,nu(C1-H10),bond,0.0018152496215663352,-,-0.0001739054344906711,0.3398454095071219
7,123.19124716470074,,,mixed C-C-C bending / C-C-N linear bending / C-C out-of-plane bending,delta(H11-C1-H12),angle,0.00042059706055785695,-,-9.148857487696991e-05,0.28451414884001697
7,123.19124716470074,,,mixed C-C-C bending / C-C-N linear bending / C-C out-of-plane bending,delta(H10-C1-H12),angle,6.682429161820846e-05,+,3.695411155831311e-05,0.277064059575885
7,123.19124716470074,,,mixed C-C-C bending / C-C-N linear bending / C-C out-of-plane bending,nu(C2-C3),bond,2.5494376624574918e-05,-,-2.1574670606628788e-05,0.31011831126805667
7,123.19124716470074,,,mixed C-C-C bending / C-C-N linear bending / C-C out-of-plane bending,nu(C8-H15),bond,1.533331835901202e-05,+,1.5158143130445011e-05,0.3778465893608223
7,123.19124716470074,,,mixed C-C-C bending / C-C-N linear bending / C-C out-of-plane bending,nu(O7-C8),bond,1.2248731206784993e-05,+,1.2033681040108446e-05,0.47892275585557215
7,123.19124716470074,,,mixed C-C-C bending / C-C-N linear bending / C-C out-of-plane bending,nu(C1-H12),bond,4.488866167610662e-06,+,8.630448200162845e-06,0.34122537331219377
7,123.19124716470074,,,mixed C-C-C bending / C-C-N linear bending / C-C out-of-plane bending,nu(C9-H16),bond,2.8297991054498546e-06,+,6.573088104807938e-06,0.37084126902589476
8,159.56167706529206,,,mixed cyclic-ring torsional/out-of-plane deformation / C-C-C bending,tau(C2-C5-C6-O7),dihedral,48.26196098461884,-,-0.09513781606424405,0.06507796307380474
8,159.56167706529206,,,mixed cyclic-ring torsional/out-of-plane deformation / C-C-C bending,delta(C1-C2-C5),angle,26.26291398226996,-,-0.027889195033082393,0.41210349231350385
8,159.56167706529206,,,mixed cyclic-ring torsional/out-of-plane deformation / C-C-C bending,delta(C3-C2-H13),angle,6.775035555180697,+,0.01450348253854019,0.39309935236092164
8,159.56167706529206,,,mixed cyclic-ring torsional/out-of-plane deformation / C-C-C bending,delta_lin1(C2-C3-N4),linbend1,5.810891099250654,-,-0.029221625433848895,0.08305568027078959
8,159.56167706529206,,,mixed cyclic-ring torsional/out-of-plane deformation / C-C-C bending,tau(C3-C2-C5-C9),dihedral,3.280412505394942,-,-0.05873990628749482,0.011603721655504018
8,159.56167706529206,,,mixed cyclic-ring torsional/out-of-plane deformation / C-C-C bending,delta(C1-C2-H13),angle,2.409920638743593,+,0.010844541860175775,0.25010113607571116
8,159.56167706529206,,,mixed cyclic-ring torsional/out-of-plane deformation / C-C-C bending,delta(C2-C5-C9),angle,1.6287044473208503,+,0.007946490063195727,0.3147943546621411
8,159.56167706529206,,,mixed cyclic-ring torsional/out-of-plane deformation / C-C-C bending,delta_lin2(C2-C3-N4),linbend2,1.1797437412431189,-,-0.012922464747097056,0.08622482315228443
8,159.56167706529206,,,mixed cyclic-ring torsional/out-of-plane deformation / C-C-C bending,delta(C2-C1-H12),angle,1.0857578512084674,-,-0.00642834176856019,0.3206789140124306
8,159.56167706529206,,,mixed cyclic-ring torsional/out-of-plane deformation / C-C-C bending,tau(H14-C6-O7-C8),dihedral,0.7145481374025193,-,-0.011502603087925008,0.06591352919497648
8,159.56167706529206,,,mixed cyclic-ring torsional/out-of-plane deformation / C-C-C bending,delta(C1-C2-C3),angle,0.6279201271496793,-,-0.004202440175039615,0.43394697687697664
8,159.56167706529206,,,mixed cyclic-ring torsional/out-of-plane deformation / C-C-C bending,tau(C9-C5-C6-O7),dihedral,0.5161883715300937,-,-0.005661348541675823,0.19656390570348833
8,159.56167706529206,,,mixed cyclic-ring torsional/out-of-plane deformation / C-C-C bending,"gamma(C5;C2,C1,H13)",oop,0.38609091056644523,+,0.0032197447783883578,0.45455037963053907
8,159.56167706529206,,,mixed cyclic-ring torsional/out-of-plane deformation / C-C-C bending,delta(C5-C9-C8),angle,0.28838923895363733,-,-0.0016574231911477201,1.2812903955832389
8,159.56167706529206,,,mixed cyclic-ring torsional/out-of-plane deformation / C-C-C bending,nu(C2-C5),bond,0.252376813968914,-,-0.003222294802480952,0.2966567635151466
8,159.56167706529206,,,mixed cyclic-ring torsional/out-of-plane deformation / C-C-C bending,"gamma(H15;C8,O7,C9)",oop,0.10803402351110342,-,-0.0022996269485211058,0.24933377621103062
8,159.56167706529206,,,mixed cyclic-ring torsional/out-of-plane deformation / C-C-C bending,nu(C6-O7),bond,0.08016116154796811,-,-0.001450112521558178,0.4652602382110782
8,159.56167706529206,,,mixed cyclic-ring torsional/out-of-plane deformation / C-C-C bending,nu(C5-C6),bond,0.052955001387774335,-,-0.0010846385174704818,0.549379285605132
8,159.56167706529206,,,mixed cyclic-ring torsional/out-of-plane deformation / C-C-C bending,nu(C1-C2),bond,0.051112499230756815,+,0.0015472287264698076,0.26058740390841156
8,159.56167706529206,,,mixed cyclic-ring torsional/out-of-plane deformation / C-C-C bending,tau(C6-C5-C9-H16),dihedral,0.03544407728221071,-,-0.002766087229900521,0.056538889473237264
8,159.56167706529206,,,mixed cyclic-ring torsional/out-of-plane deformation / C-C-C bending,delta(H10-C1-H11),angle,0.03296300789346032,+,0.0012045315086930764,0.2772846618250007
8,159.56167706529206,,,mixed cyclic-ring torsional/out-of-plane deformation / C-C-C bending,nu(C2-H13),bond,0.03190226327386557,-,-0.0010965773264334704,0.32380109525181683
8,159.56167706529206,,,mixed cyclic-ring torsional/out-of-plane deformation / C-C-C bending,delta(C5-C9-H16),angle,0.030976745655751516,+,0.0013753473605046128,0.19986941239788925
8,159.56167706529206,,,mixed cyclic-ring torsional/out-of-plane deformation / C-C-C bending,nu(C5-C9),bond,0.030122579372535714,-,-0.000932183800708608,0.4230818519106006
8,159.56167706529206,,,mixed cyclic-ring torsional/out-of-plane deformation / C-C-C bending,delta(H10-C1-H12),angle,0.017816367077853917,+,0.0008859049954909913,0.277064059575885
8,159.56167706529206,,,mixed cyclic-ring torsional/out-of-plane deformation / C-C-C bending,delta(C5-C6-H14),angle,0.009353218575395193,-,-0.0007032983567082439,0.23079012405429297
8,159.56167706529206,,,mixed cyclic-ring torsional/out-of-plane deformation / C-C-C bending,delta(C2-C1-H11),angle,0.008927996727092585,-,-0.000586497080766265,0.3167799276088916
8,159.56167706529206,,,mixed cyclic-ring torsional/out-of-plane deformation / C-C-C bending,delta(H11-C1-H12),angle,0.007021226451126616,-,-0.0005488102664767821,0.28451414884001697
8,159.56167706529206,,,mixed cyclic-ring torsional/out-of-plane deformation / C-C-C bending,tau(H11-C1-C2-C3),dihedral,0.006758491289776986,+,0.0018390164114223556,0.024390117415320465
8,159.56167706529206,,,mixed cyclic-ring torsional/out-of-plane deformation / C-C-C bending,nu(C8-C9),bond,0.006748098054634034,+,0.0003718597051737953,0.5956052068357818
8,159.56167706529206,,,mixed cyclic-ring torsional/out-of-plane deformation / C-C-C bending,nu(C2-C3),bond,0.0034061140185690036,-,-0.00036612851732943565,0.31011831126805667
8,159.56167706529206,,,mixed cyclic-ring torsional/out-of-plane deformation / C-C-C bending,nu(C3-N4),bond,0.0016491634555280657,-,-0.00012617045569431767,1.2643977132783855
8,159.56167706529206,,,mixed cyclic-ring torsional/out-of-plane deformation / C-C-C bending,nu(C1-H11),bond,0.0010562449159436985,-,-0.0001944716902316024,0.3408687565072281
8,159.56167706529206,,,mixed cyclic-ring torsional/out-of-plane deformation / C-C-C bending,delta(C9-C8-H15),angle,0.0009729615332075521,-,-0.00022682472053539747,0.23080767378187408
8,159.56167706529206,,,mixed cyclic-ring torsional/out-of-plane deformation / C-C-C bending,nu(O7-C8),bond,0.0005415386742038668,-,-0.00011747614143700954,0.47892275585557215
8,159.56167706529206,,,mixed cyclic-ring torsional/out-of-plane deformation / C-C-C bending,tau(C6-O7-C8-H15),dihedral,0.0003993362631982967,-,-0.0001403727369409405,0.24734808746537756
8,159.56167706529206,,,mixed cyclic-ring torsional/out-of-plane deformation / C-C-C bending,nu(C6-H14),bond,0.0003987214498728128,-,-0.00011344109804658752,0.37814999512334674
8,159.56167706529206,,,mixed cyclic-ring torsional/out-of-plane deformation / C-C-C bending,delta(C6-O7-C8),angle,0.00021915284477834647,+,4.424983825475136e-05,1.366026359575297
8,159.56167706529206,,,mixed cyclic-ring torsional/out-of-plane deformation / C-C-C bending,nu(C9-H16),bond,7.986794928227225e-05,-,-5.126959758416417e-05,0.37084126902589476
8,159.56167706529206,,,mixed cyclic-ring torsional/out-of-plane deformation / C-C-C bending,nu(C1-H12),bond,5.523200559708491e-05,-,-4.444699653904474e-05,0.34122537331219377
8,159.56167706529206,,,mixed cyclic-ring torsional/out-of-plane deformation / C-C-C bending,nu(C1-H10),bond,5.4639186457373145e-05,-,-4.429748598206309e-05,0.3398454095071219
8,159.56167706529206,,,mixed cyclic-ring torsional/out-of-plane deformation / C-C-C bending,nu(C8-H15),bond,1.5865569662924473e-05,-,-2.26379842367114e-05,0.3778465893608223
9,212.2154434994826,,,mixed C-C-C bending / C-C-N linear bending,delta(C1-C2-C3),angle,41.56539648231743,-,-0.057827146968436854,0.43394697687697664
9,212.2154434994826,,,mixed C-C-C bending / C-C-N linear bending,delta_lin2(C2-C3-N4),linbend2,21.090929640911007,-,-0.09240933417267498,0.08622482315228443
9,212.2154434994826,,,mixed C-C-C bending / C-C-N linear bending,"gamma(C5;C2,C1,H13)",oop,13.120482478554635,-,-0.031744466024804144,0.45455037963053907
9,212.2154434994826,,,mixed C-C-C bending / C-C-N linear bending,delta(C1-C2-C5),angle,6.638272063916774,+,0.02371420184884636,0.41210349231350385
9,212.2154434994826,,,mixed C-C-C bending / C-C-N linear bending,delta(C3-C2-H13),angle,4.860721686610516,+,0.020777024370383267,0.39309935236092164
9,212.2154434994826,,,mixed C-C-C bending / C-C-N linear bending,tau(H11-C1-C2-C3),dihedral,4.8060870216712805,+,0.08294171389651525,0.024390117415320465
9,212.2154434994826,,,mixed C-C-C bending / C-C-N linear bending,delta(C2-C5-C9),angle,4.576311152426988,+,0.022528301034440975,0.3147943546621411
9,212.2154434994826,,,mixed C-C-C bending / C-C-N linear bending,delta(C2-C1-H11),angle,1.1448460348580276,+,0.011232562669732545,0.3167799276088916
9,212.2154434994826,,,mixed C-C-C bending / C-C-N linear bending,tau(C2-C5-C6-O7),dihedral,0.493158900478324,+,0.016265244575575693,0.06507796307380474
9,212.2154434994826,,,mixed C-C-C bending / C-C-N linear bending,delta(C1-C2-H13),angle,0.4809043509765128,+,0.00819323962503534,0.25010113607571116
9,212.2154434994826,,,mixed C-C-C bending / C-C-N linear bending,delta(C2-C1-H12),angle,0.2238044099957042,-,-0.004936092091745646,0.3206789140124306
9,212.2154434994826,,,mixed C-C-C bending / C-C-N linear bending,nu(C2-C5),bond,0.16544147341283308,+,0.0044124439655134655,0.2966567635151466
9,212.2154434994826,,,mixed C-C-C bending / C-C-N linear bending,nu(C5-C9),bond,0.14778063576874206,+,0.0034920520048928446,0.4230818519106006
9,212.2154434994826,,,mixed C-C-C bending / C-C-N linear bending,delta_lin1(C2-C3-N4),linbend1,0.08910399678023091,-,-0.006119952598408515,0.08305568027078959
9,212.2154434994826,,,mixed C-C-C bending / C-C-N linear bending,delta(H10-C1-H11),angle,0.08044117070857608,+,0.0031824413124757894,0.2772846618250007
9,212.2154434994826,,,mixed C-C-C bending / C-C-N linear bending,delta(H10-C1-H12),angle,0.07752498388047593,-,-0.0031254667384474997,0.277064059575885
9,212.2154434994826,,,mixed C-C-C bending / C-C-N linear bending,delta(C5-C6-H14),angle,0.06872990695627827,-,-0.0032243962209045672,0.23079012405429297
9,212.2154434994826,,,mixed C-C-C bending / C-C-N linear bending,nu(C8-C9),bond,0.05924754332216815,+,0.0018635457816320998,0.5956052068357818
9,212.2154434994826,,,mixed C-C-C bending / C-C-N linear bending,nu(C6-O7),bond,0.0556181693467923,-,-0.0020428877841394614,0.4652602382110782
9,212.2154434994826,,,mixed C-C-C bending / C-C-N linear bending,nu(C1-C2),bond,0.05438093210057648,+,0.002699173178801762,0.26058740390841156
9,212.2154434994826,,,mixed C-C-C bending / C-C-N linear bending,delta(H11-C1-H12),angle,0.04855018457474465,+,0.002440774425527266,0.28451414884001697
9,212.2154434994826,,,mixed C-C-C bending / C-C-N linear bending,tau(C3-C2-C5-C9),dihedral,0.04841642412154057,+,0.012069293257873866,0.011603721655504018
9,212.2154434994826,,,mixed C-C-C bending / C-C-N linear bending,delta(C6-O7-C8),angle,0.03396050091762605,-,-0.0009316260841061994,1.366026359575297
9,212.2154434994826,,,mixed C-C-C bending / C-C-N linear bending,nu(C2-C3),bond,0.020933450928441465,-,-0.001535114751269729,0.31011831126805667
9,212.2154434994826,,,mixed C-C-C bending / C-C-N linear bending,nu(C2-H13),bond,0.013640069373791676,-,-0.0012126996958786492,0.32380109525181683
9,212.2154434994826,,,mixed C-C-C bending / C-C-N linear bending,delta(C5-C9-H16),angle,0.013424633199389769,+,0.0015313066978695018,0.19986941239788925
9,212.2154434994826,,,mixed C-C-C bending / C-C-N linear bending,nu(C3-N4),bond,0.008087074636461092,-,-0.0004725393837216495,1.2643977132783855
9,212.2154434994826,,,mixed C-C-C bending / C-C-N linear bending,tau(H14-C6-O7-C8),dihedral,0.004849874226993677,+,0.00160273636549621,0.06591352919497648
9,212.2154434994826,,,mixed C-C-C bending / C-C-N linear bending,tau(C9-C5-C6-O7),dihedral,0.0027778231456568434,-,-0.000702400068811041,0.19656390570348833
9,212.2154434994826,,,mixed C-C-C bending / C-C-N linear bending,nu(C5-C6),bond,0.0025568041782064663,+,0.00040308508562704654,0.549379285605132
9,212.2154434994826,,,mixed C-C-C bending / C-C-N linear bending,nu(O7-C8),bond,0.0008838337291099595,+,0.000253826338453538,0.47892275585557215
9,212.2154434994826,,,mixed C-C-C bending / C-C-N linear bending,delta(C5-C9-C8),angle,0.0008287118911084106,-,-0.0001502664877950477,1.2812903955832389
9,212.2154434994826,,,mixed C-C-C bending / C-C-N linear bending,tau(C6-C5-C9-H16),dihedral,0.0007306303864314241,+,0.0006716752783468182,0.056538889473237264
9,212.2154434994826,,,mixed C-C-C bending / C-C-N linear bending,nu(C9-H16),bond,0.0005143773633270649,+,0.00022005489338999468,0.37084126902589476
9,212.2154434994826,,,mixed C-C-C bending / C-C-N linear bending,nu(C1-H10),bond,0.0002719159419310621,+,0.0001671324451197123,0.3398454095071219
9,212.2154434994826,,,mixed C-C-C bending / C-C-N linear bending,nu(C1-H11),bond,0.00016450593114201965,+,0.00012980198022617388,0.3408687565072281
9,212.2154434994826,,,mixed C-C-C bending / C-C-N linear bending,nu(C6-H14),bond,8.412405065816521e-05,+,8.812764693548614e-05,0.37814999512334674
9,212.2154434994826,,,mixed C-C-C bending / C-C-N linear bending,nu(C8-H15),bond,8.079734509481657e-05,+,8.640222529082581e-05,0.3778465893608223
9,212.2154434994826,,,mixed C-C-C bending / C-C-N linear bending,"gamma(H15;C8,O7,C9)",oop,3.624286263196846e-05,+,7.123686930823653e-05,0.24933377621103062
9,212.2154434994826,,,mixed C-C-C bending / C-C-N linear bending,delta(C9-C8-H15),angle,1.4256174531595311e-05,-,-4.6436610863403285e-05,0.23080767378187408
9,212.2154434994826,,,mixed C-C-C bending / C-C-N linear bending,nu(C1-H12),bond,8.565197928991261e-06,-,-2.960275825912805e-05,0.34122537331219377
9,212.2154434994826,,,mixed C-C-C bending / C-C-N linear bending,tau(C6-O7-C8-H15),dihedral,2.1648293878543687e-06,+,1.7480010730283207e-05,0.24734808746537756
10,234.69950436187443,,,C-C torsion,tau(H11-C1-C2-C3),dihedral,73.31749813411952,-,-0.27150826814113516,0.024390117415320465
10,234.69950436187443,,,C-C torsion,delta(C2-C5-C9),angle,7.661334363712014,+,0.02443008214685961,0.3147943546621411
10,234.69950436187443,,,C-C torsion,delta_lin1(C2-C3-N4),linbend1,5.4422579738626,+,0.04008584833520318,0.08305568027078959
10,234.69950436187443,,,C-C torsion,"gamma(C5;C2,C1,H13)",oop,5.40859285906848,-,-0.017081945010079116,0.45455037963053907
10,234.69950436187443,,,C-C torsion,delta(C1-C2-C3),angle,3.055882961768638,-,-0.013141235904441216,0.43394697687697664
10,234.69950436187443,,,C-C torsion,delta(C1-C2-C5),angle,2.1669563608551883,+,0.011355548640568544,0.41210349231350385
10,234.69950436187443,,,C-C torsion,delta(C3-C2-H13),angle,1.3117780824497587,-,-0.009046179637787678,0.39309935236092164
10,234.69950436187443,,,C-C torsion,delta_lin2(C2-C3-N4),linbend2,0.5045414018107918,-,-0.011978941258494441,0.08622482315228443
10,234.69950436187443,,,C-C torsion,delta(C2-C1-H11),angle,0.18089157749369278,+,0.0037421098499111735,0.3167799276088916
10,234.69950436187443,,,C-C torsion,nu(C8-C9),bond,0.10572839302579436,+,0.002086424911509805,0.5956052068357818
10,234.69950436187443,,,C-C torsion,nu(C5-C9),bond,0.10414592145065939,+,0.0024569432295539076,0.4230818519106006
10,234.69950436187443,,,C-C torsion,nu(C2-C5),bond,0.08825022111505629,+,0.0027009525871522916,0.2966567635151466
10,234.69950436187443,,,C-C torsion,delta(H11-C1-H12),angle,0.0860652983567613,+,0.002723631144397267,0.28451414884001697
10,234.69950436187443,,,C-C torsion,delta(C2-C1-H12),angle,0.08071063844577377,-,-0.002484370570006829,0.3206789140124306
10,234.69950436187443,,,C-C torsion,delta(C5-C6-H14),angle,0.07662611367737811,-,-0.0028534218081000787,0.23079012405429297
10,234.69950436187443,,,C-C torsion,nu(C6-O7),bond,0.07116370106752046,-,-0.0019367228684514888,0.4652602382110782
10,234.69950436187443,,,C-C torsion,delta(C6-O7-C8),angle,0.0594955710534773,-,-0.0010334725965886762,1.366026359575297
10,234.69950436187443,,,C-C torsion,delta(H10-C1-H11),angle,0.05912372844318023,-,-0.0022866735587891737,0.2772846618250007
10,234.69950436187443,,,C-C torsion,tau(C2-C5-C6-O7),dihedral,0.058132512914508945,+,0.004680354615859908,0.06507796307380474
10,234.69950436187443,,,C-C torsion,delta(C5-C9-H16),angle,0.03655507146890327,+,0.0021178092335816267,0.19986941239788925
10,234.69950436187443,,,C-C torsion,nu(C2-C3),bond,0.03232912832429022,+,0.0015988932865747556,0.31011831126805667
10,234.69950436187443,,,C-C torsion,tau(C9-C5-C6-O7),dihedral,0.01956505514413096,+,0.0015623374326954697,0.19656390570348833
10,234.69950436187443,,,C-C torsion,delta(C5-C9-C8),angle,0.016131830767850398,-,-0.0005556537248011214,1.2812903955832389
10,234.69950436187443,,,C-C torsion,tau(C6-C5-C9-H16),dihedral,0.01157423749016557,-,-0.0022405711745487186,0.056538889473237264
10,234.69950436187443,,,C-C torsion,nu(C1-H11),bond,0.010152890362526706,+,0.0008546483071047266,0.3408687565072281
10,234.69950436187443,,,C-C torsion,delta(C1-C2-H13),angle,0.008620580157260645,-,-0.0009193832805476402,0.25010113607571116
10,234.69950436187443,,,C-C torsion,"gamma(H15;C8,O7,C9)",oop,0.003736259997362141,+,0.0006061975467036082,0.24933377621103062
10,234.69950436187443,,,C-C torsion,nu(C1-C2),bond,0.003592824205267056,+,0.0005814701982583869,0.26058740390841156
10,234.69950436187443,,,C-C torsion,tau(C3-C2-C5-C9),dihedral,0.0034834767068941787,+,0.0027132761090108773,0.011603721655504018
10,234.69950436187443,,,C-C torsion,nu(C5-C6),bond,0.0033264026334044656,+,0.00038533410973413024,0.549379285605132
10,234.69950436187443,,,C-C torsion,tau(C6-O7-C8-H15),dihedral,0.002825396029411625,+,0.0005292630480205094,0.24734808746537756
10,234.69950436187443,,,C-C torsion,tau(H14-C6-O7-C8),dihedral,0.002661615888560449,+,0.000995111153688257,0.06591352919497648
10,234.69950436187443,,,C-C torsion,delta(H10-C1-H12),angle,0.002177280384818659,+,0.0004389886280411698,0.277064059575885
10,234.69950436187443,,,C-C torsion,nu(C2-H13),bond,0.001071073191707041,+,0.0002848108989773771,0.32380109525181683
10,234.69950436187443,,,C-C torsion,delta(C9-C8-H15),angle,0.0010552868298765083,-,-0.0003348469317167794,0.23080767378187408
10,234.69950436187443,,,C-C torsion,nu(C1-H10),bond,0.0010319105949825455,-,-0.0002728767402501435,0.3398454095071219
10,234.69950436187443,,,C-C torsion,nu(O7-C8),bond,0.0004028607198396918,-,-0.00014362528795312023,0.47892275585557215
10,234.69950436187443,,,C-C torsion,nu(C6-H14),bond,0.00015432888970596671,+,0.00010004093750797918,0.37814999512334674
10,234.69950436187443,,,C-C torsion,nu(C1-H12),bond,0.0001409100441708689,-,-0.00010063209251724634,0.34122537331219377
10,234.69950436187443,,,C-C torsion,nu(C8-H15),bond,8.97526161758976e-05,+,7.632239528981961e-05,0.3778465893608223
10,234.69950436187443,,,C-C torsion,nu(C3-N4),bond,8.437386468844757e-05,+,4.045277387598341e-05,1.2643977132783855
10,234.69950436187443,,,C-C torsion,nu(C9-H16),bond,6.163899722037241e-05,-,-6.384397806917038e-05,0.37084126902589476
11,335.71426444335714,,,mixed C-C-C bending / C-C-N linear bending,delta(C2-C5-C9),angle,35.10719225629348,+,0.07373139859395204,0.3147943546621411
11,335.71426444335714,,,mixed C-C-C bending / C-C-N linear bending,delta_lin1(C2-C3-N4),linbend1,25.952519347350297,+,0.12341643089322551,0.08305568027078959
11,335.71426444335714,,,mixed C-C-C bending / C-C-N linear bending,delta(C3-C2-H13),angle,9.338225064754079,-,-0.03402897714975889,0.39309935236092164
11,335.71426444335714,,,mixed C-C-C bending / C-C-N linear bending,delta_lin2(C2-C3-N4),linbend2,7.022085853480421,+,0.0630064197609524,0.08622482315228443
11,335.71426444335714,,,mixed C-C-C bending / C-C-N linear bending,tau(H11-C1-C2-C3),dihedral,4.877330745313531,+,0.09873066200579803,0.024390117415320465
11,335.71426444335714,,,mixed C-C-C bending / C-C-N linear bending,tau(C2-C5-C6-O7),dihedral,4.155445701747488,-,-0.05579043161205913,0.06507796307380474
11,335.71426444335714,,,mixed C-C-C bending / C-C-N linear bending,nu(C2-C3),bond,2.628223588515443,+,0.02032522397950408,0.31011831126805667
11,335.71426444335714,,,mixed C-C-C bending / C-C-N linear bending,nu(C5-C9),bond,1.8831538123341791,+,0.014729858994626442,0.4230818519106006
11,335.71426444335714,,,mixed C-C-C bending / C-C-N linear bending,delta(C1-C2-C3),angle,1.2118008908422848,+,0.011667161003184105,0.43394697687697664
11,335.71426444335714,,,mixed C-C-C bending / C-C-N linear bending,tau(C9-C5-C6-O7),dihedral,1.0173078303240422,-,-0.015883353369450105,0.19656390570348833
11,335.71426444335714,,,mixed C-C-C bending / C-C-N linear bending,delta(C5-C6-H14),angle,0.7106540933787556,-,-0.012251475942685957,0.23079012405429297
11,335.71426444335714,,,mixed C-C-C bending / C-C-N linear bending,delta(C2-C1-H12),angle,0.6122994073721061,+,0.009647496026389908,0.3206789140124306
11,335.71426444335714,,,mixed C-C-C bending / C-C-N linear bending,delta(C1-C2-H13),angle,0.6015927138262459,-,-0.010828326504395473,0.25010113607571116
11,335.71426444335714,,,mixed C-C-C bending / C-C-N linear bending,delta(C5-C9-H16),angle,0.5886847735946764,+,0.011982187865942417,0.19986941239788925
11,335.71426444335714,,,mixed C-C-C bending / C-C-N linear bending,nu(C6-O7),bond,0.5596498024879699,-,-0.0076573429615992535,0.4652602382110782
11,335.71426444335714,,,mixed C-C-C bending / C-C-N linear bending,delta(C1-C2-C5),angle,0.5583857287098137,+,0.008127030665310965,0.41210349231350385
11,335.71426444335714,,,mixed C-C-C bending / C-C-N linear bending,delta(C5-C9-C8),angle,0.5555320356434041,-,-0.004597255697275735,1.2812903955832389
11,335.71426444335714,,,mixed C-C-C bending / C-C-N linear bending,"gamma(C5;C2,C1,H13)",oop,0.5206827795071306,-,-0.00747245805269022,0.45455037963053907
11,335.71426444335714,,,mixed C-C-C bending / C-C-N linear bending,nu(C5-C6),bond,0.38778432224136083,-,-0.005865794908593752,0.549379285605132
11,335.71426444335714,,,mixed C-C-C bending / C-C-N linear bending,nu(C8-C9),bond,0.36574543896677936,+,0.005471143521266726,0.5956052068357818
11,335.71426444335714,,,mixed C-C-C bending / C-C-N linear bending,tau(C3-C2-C5-C9),dihedral,0.3375871740374525,-,-0.03765842987550653,0.011603721655504018
11,335.71426444335714,,,mixed C-C-C bending / C-C-N linear bending,delta(C6-O7-C8),angle,0.248816621855748,-,-0.002979737768545122,1.366026359575297
11,335.71426444335714,,,mixed C-C-C bending / C-C-N linear bending,nu(C2-C5),bond,0.22683351655560519,+,0.006105122415904045,0.2966567635151466
11,335.71426444335714,,,mixed C-C-C bending / C-C-N linear bending,nu(C3-N4),bond,0.2015914339779194,+,0.0027878029743380974,1.2643977132783855
11,335.71426444335714,,,mixed C-C-C bending / C-C-N linear bending,delta(C2-C1-H11),angle,0.1949971108271359,-,-0.005477761908096843,0.3167799276088916
11,335.71426444335714,,,mixed C-C-C bending / C-C-N linear bending,tau(H14-C6-O7-C8),dihedral,0.07109214979683424,-,-0.007250891921184136,0.06591352919497648
11,335.71426444335714,,,mixed C-C-C bending / C-C-N linear bending,delta(H11-C1-H12),angle,0.018100880453411784,-,-0.001761026156684268,0.28451414884001697
11,335.71426444335714,,,mixed C-C-C bending / C-C-N linear bending,"gamma(H15;C8,O7,C9)",oop,0.014071143386995414,-,-0.0016586014011222333,0.24933377621103062
11,335.71426444335714,,,mixed C-C-C bending / C-C-N linear bending,nu(C2-H13),bond,0.01270736431926207,+,0.0013831092150569466,0.32380109525181683
11,335.71426444335714,,,mixed C-C-C bending / C-C-N linear bending,tau(C6-O7-C8-H15),dihedral,0.008057947550982663,+,0.0012601604078826608,0.24734808746537756
11,335.71426444335714,,,mixed C-C-C bending / C-C-N linear bending,delta(C9-C8-H15),angle,0.003719066356088336,-,-0.0008862571103897288,0.23080767378187408
11,335.71426444335714,,,mixed C-C-C bending / C-C-N linear bending,tau(C6-C5-C9-H16),dihedral,0.0033830357026239342,+,0.0017078414290019842,0.056538889473237264
11,335.71426444335714,,,mixed C-C-C bending / C-C-N linear bending,nu(C1-C2),bond,0.0010747858648360875,-,-0.00044838611380239725,0.26058740390841156
11,335.71426444335714,,,mixed C-C-C bending / C-C-N linear bending,nu(O7-C8),bond,0.000857450388845872,-,-0.0002954198377476029,0.47892275585557215
11,335.71426444335714,,,mixed C-C-C bending / C-C-N linear bending,nu(C8-H15),bond,0.0008278332021204945,+,0.0003267996314582426,0.3778465893608223
11,335.71426444335714,,,mixed C-C-C bending / C-C-N linear bending,nu(C9-H16),bond,0.0006384034927541484,+,0.00028968198571577443,0.37084126902589476
11,335.71426444335714,,,mixed C-C-C bending / C-C-N linear bending,delta(H10-C1-H11),angle,0.000616998861308125,-,-0.000329342022877393,0.2772846618250007
11,335.71426444335714,,,mixed C-C-C bending / C-C-N linear bending,nu(C1-H12),bond,0.0005230427631205096,+,0.0002733479560926608,0.34122537331219377
11,335.71426444335714,,,mixed C-C-C bending / C-C-N linear bending,nu(C1-H10),bond,0.0001504096411500081,+,0.00014688079836396484,0.3398454095071219
11,335.71426444335714,,,mixed C-C-C bending / C-C-N linear bending,nu(C1-H11),bond,5.4376653382654305e-05,+,8.818211896121323e-05,0.3408687565072281
11,335.71426444335714,,,mixed C-C-C bending / C-C-N linear bending,nu(C6-H14),bond,3.0668129103544304e-06,+,1.9882888760645507e-05,0.37814999512334674
11,335.71426444335714,,,mixed C-C-C bending / C-C-N linear bending,delta(H10-C1-H12),angle,8.160290013887512e-10,+,3.789052223896942e-07,0.277064059575885
12,384.59803884228626,,,mixed C-C-C bending / C-C out-of-plane bending / cyclic-ring torsional/out-of-plane deformation,delta(C1-C2-C5),angle,36.79218609413782,-,-0.08729432768351528,0.41210349231350385
12,384.59803884228626,,,mixed C-C-C bending / C-C out-of-plane bending / cyclic-ring torsional/out-of-plane deformation,"gamma(C5;C2,C1,H13)",oop,19.847114485360375,+,0.06104766401934617,0.45455037963053907
12,384.59803884228626,,,mixed C-C-C bending / C-C out-of-plane bending / cyclic-ring torsional/out-of-plane deformation,tau(C2-C5-C6-O7),dihedral,9.97728153397742,+,0.11439328016337999,0.06507796307380474
12,384.59803884228626,,,mixed C-C-C bending / C-C out-of-plane bending / cyclic-ring torsional/out-of-plane deformation,tau(C9-C5-C6-O7),dihedral,8.785801296386445,+,0.06176609958384372,0.19656390570348833
12,384.59803884228626,,,mixed C-C-C bending / C-C out-of-plane bending / cyclic-ring torsional/out-of-plane deformation,delta(C2-C5-C9),angle,3.3520652973869964,+,0.03014769706400708,0.3147943546621411
12,384.59803884228626,,,mixed C-C-C bending / C-C out-of-plane bending / cyclic-ring torsional/out-of-plane deformation,delta(C1-C2-C3),angle,3.3389558614959416,+,0.025627036106797167,0.43394697687697664
12,384.59803884228626,,,mixed C-C-C bending / C-C out-of-plane bending / cyclic-ring torsional/out-of-plane deformation,delta_lin2(C2-C3-N4),linbend2,3.1059945336358603,-,-0.05544923549894225,0.08622482315228443
12,384.59803884228626,,,mixed C-C-C bending / C-C out-of-plane bending / cyclic-ring torsional/out-of-plane deformation,nu(C2-C5),bond,2.4286877713327746,-,-0.026434438582516945,0.2966567635151466
12,384.59803884228626,,,mixed C-C-C bending / C-C out-of-plane bending / cyclic-ring torsional/out-of-plane deformation,delta(C1-C2-H13),angle,2.118614172513025,+,0.026889298957336088,0.25010113607571116
12,384.59803884228626,,,mixed C-C-C bending / C-C out-of-plane bending / cyclic-ring torsional/out-of-plane deformation,delta(C5-C9-C8),angle,2.0466541119279418,-,-0.011676422904232257,1.2812903955832389
12,384.59803884228626,,,mixed C-C-C bending / C-C out-of-plane bending / cyclic-ring torsional/out-of-plane deformation,nu(C1-C2),bond,1.4139237528803583,-,-0.021520267278762894,0.26058740390841156
12,384.59803884228626,,,mixed C-C-C bending / C-C out-of-plane bending / cyclic-ring torsional/out-of-plane deformation,delta(C2-C1-H11),angle,1.2649226904326962,-,-0.018461396051249638,0.3167799276088916
12,384.59803884228626,,,mixed C-C-C bending / C-C out-of-plane bending / cyclic-ring torsional/out-of-plane deformation,nu(C5-C6),bond,1.1362380314071447,-,-0.013286478711661432,0.549379285605132
12,384.59803884228626,,,mixed C-C-C bending / C-C out-of-plane bending / cyclic-ring torsional/out-of-plane deformation,delta(C2-C1-H12),angle,0.97636773391781,-,-0.016120662386146643,0.3206789140124306
12,384.59803884228626,,,mixed C-C-C bending / C-C out-of-plane bending / cyclic-ring torsional/out-of-plane deformation,delta_lin1(C2-C3-N4),linbend1,0.7241313844908746,+,0.027279436234183083,0.08305568027078959
12,384.59803884228626,,,mixed C-C-C bending / C-C out-of-plane bending / cyclic-ring torsional/out-of-plane deformation,nu(C2-C3),bond,0.614346794372844,+,0.0130033265311738,0.31011831126805667
12,384.59803884228626,,,mixed C-C-C bending / C-C out-of-plane bending / cyclic-ring torsional/out-of-plane deformation,tau(H11-C1-C2-C3),dihedral,0.4666191844816056,+,0.040409709185772524,0.024390117415320465
12,384.59803884228626,,,mixed C-C-C bending / C-C out-of-plane bending / cyclic-ring torsional/out-of-plane deformation,nu(C6-O7),bond,0.30266431161215873,-,-0.007451505275611903,0.4652602382110782
12,384.59803884228626,,,mixed C-C-C bending / C-C out-of-plane bending / cyclic-ring torsional/out-of-plane deformation,tau(C6-C5-C9-H16),dihedral,0.24927740439319157,-,-0.01939899340336368,0.056538889473237264
12,384.59803884228626,,,mixed C-C-C bending / C-C out-of-plane bending / cyclic-ring torsional/out-of-plane deformation,delta(C5-C9-H16),angle,0.22721398559018482,+,0.009850442435588377,0.19986941239788925
12,384.59803884228626,,,mixed C-C-C bending / C-C out-of-plane bending / cyclic-ring torsional/out-of-plane deformation,"gamma(H15;C8,O7,C9)",oop,0.17436562332525268,+,0.007725938582659298,0.24933377621103062
12,384.59803884228626,,,mixed C-C-C bending / C-C out-of-plane bending / cyclic-ring torsional/out-of-plane deformation,delta(H11-C1-H12),angle,0.1683641468854802,-,-0.007106966168485324,0.28451414884001697
12,384.59803884228626,,,mixed C-C-C bending / C-C out-of-plane bending / cyclic-ring torsional/out-of-plane deformation,delta(C3-C2-H13),angle,0.13999513668252206,+,0.005513364247454682,0.39309935236092164
12,384.59803884228626,,,mixed C-C-C bending / C-C out-of-plane bending / cyclic-ring torsional/out-of-plane deformation,delta(C5-C6-H14),angle,0.07820544339432729,-,-0.005378005677612628,0.23079012405429297
12,384.59803884228626,,,mixed C-C-C bending / C-C out-of-plane bending / cyclic-ring torsional/out-of-plane deformation,nu(C3-N4),bond,0.06299623960610819,+,0.002062181267925192,1.2643977132783855
12,384.59803884228626,,,mixed C-C-C bending / C-C out-of-plane bending / cyclic-ring torsional/out-of-plane deformation,delta(H10-C1-H12),angle,0.06166678606122672,+,0.004358599211836664,0.277064059575885
12,384.59803884228626,,,mixed C-C-C bending / C-C out-of-plane bending / cyclic-ring torsional/out-of-plane deformation,tau(H14-C6-O7-C8),dihedral,0.03297895304405263,+,0.0065349538467903085,0.06591352919497648
12,384.59803884228626,,,mixed C-C-C bending / C-C out-of-plane bending / cyclic-ring torsional/out-of-plane deformation,tau(C6-O7-C8-H15),dihedral,0.03006260580015584,-,-0.003220849321887253,0.24734808746537756
12,384.59803884228626,,,mixed C-C-C bending / C-C out-of-plane bending / cyclic-ring torsional/out-of-plane deformation,delta(H10-C1-H11),angle,0.021982927428662338,+,0.002601304636148867,0.2772846618250007
12,384.59803884228626,,,mixed C-C-C bending / C-C out-of-plane bending / cyclic-ring torsional/out-of-plane deformation,tau(C3-C2-C5-C9),dihedral,0.02116712321740639,+,0.0124779615487304,0.011603721655504018
12,384.59803884228626,,,mixed C-C-C bending / C-C out-of-plane bending / cyclic-ring torsional/out-of-plane deformation,nu(C5-C9),bond,0.012171954193667475,+,0.0015670372914277453,0.4230818519106006
12,384.59803884228626,,,mixed C-C-C bending / C-C out-of-plane bending / cyclic-ring torsional/out-of-plane deformation,delta(C6-O7-C8),angle,0.010528385866265212,+,0.0008110782065724108,1.366026359575297
12,384.59803884228626,,,mixed C-C-C bending / C-C out-of-plane bending / cyclic-ring torsional/out-of-plane deformation,nu(C8-C9),bond,0.006509933152871734,+,0.0009658738251726533,0.5956052068357818
12,384.59803884228626,,,mixed C-C-C bending / C-C out-of-plane bending / cyclic-ring torsional/out-of-plane deformation,nu(C1-H10),bond,0.0043121635908479495,-,-0.0010406825813256831,0.3398454095071219
12,384.59803884228626,,,mixed C-C-C bending / C-C out-of-plane bending / cyclic-ring torsional/out-of-plane deformation,nu(C2-H13),bond,0.0021900846422312744,-,-0.0007598059121209626,0.32380109525181683
12,384.59803884228626,,,mixed C-C-C bending / C-C out-of-plane bending / cyclic-ring torsional/out-of-plane deformation,nu(O7-C8),bond,0.002162551684447338,-,-0.000620814549848612,0.47892275585557215
12,384.59803884228626,,,mixed C-C-C bending / C-C out-of-plane bending / cyclic-ring torsional/out-of-plane deformation,nu(C6-H14),bond,0.0006597406941489726,-,-0.0003858921662471704,0.37814999512334674
12,384.59803884228626,,,mixed C-C-C bending / C-C out-of-plane bending / cyclic-ring torsional/out-of-plane deformation,delta(C9-C8-H15),angle,0.0005218169359868094,-,-0.0004392839527448279,0.23080767378187408
12,384.59803884228626,,,mixed C-C-C bending / C-C out-of-plane bending / cyclic-ring torsional/out-of-plane deformation,nu(C1-H11),bond,3.4386244768062595e-05,+,9.279191814556942e-05,0.3408687565072281
12,384.59803884228626,,,mixed C-C-C bending / C-C out-of-plane bending / cyclic-ring torsional/out-of-plane deformation,nu(C1-H12),bond,2.9858352813612518e-05,+,8.642186600790932e-05,0.34122537331219377
12,384.59803884228626,,,mixed C-C-C bending / C-C out-of-plane bending / cyclic-ring torsional/out-of-plane deformation,nu(C8-H15),bond,2.2618699997066827e-05,-,-7.148047706175697e-05,0.3778465893608223
12,384.59803884228626,,,mixed C-C-C bending / C-C out-of-plane bending / cyclic-ring torsional/out-of-plane deformation,nu(C9-H16),bond,1.1088763308935188e-05,-,-5.0519483621209976e-05,0.37084126902589476
13,473.34119784468805,,,mixed C-C-N linear bending / exocyclic C-C stretching / C-C out-of-plane bending,delta_lin1(C2-C3-N4),linbend1,22.456208062241476,+,0.14774381905139256,0.08305568027078959
13,473.34119784468805,,,mixed C-C-N linear bending / exocyclic C-C stretching / C-C out-of-plane bending,nu(C2-C5),bond,22.146559266553542,-,-0.07763396784731966,0.2966567635151466
13,473.34119784468805,,,mixed C-C-N linear bending / exocyclic C-C stretching / C-C out-of-plane bending,"gamma(C5;C2,C1,H13)",oop,16.524603433473196,-,-0.05417517084689602,0.45455037963053907
13,473.34119784468805,,,mixed C-C-N linear bending / exocyclic C-C stretching / C-C out-of-plane bending,nu(C2-C3),bond,9.320050527573516,-,-0.04925736857937861,0.31011831126805667
13,473.34119784468805,,,mixed C-C-N linear bending / exocyclic C-C stretching / C-C out-of-plane bending,nu(C5-C9),bond,7.584260911607717,-,-0.03804260195984698,0.4230818519106006
13,473.34119784468805,,,mixed C-C-N linear bending / exocyclic C-C stretching / C-C out-of-plane bending,delta(C1-C2-C5),angle,5.543407077456731,+,0.03295421855123376,0.41210349231350385
13,473.34119784468805,,,mixed C-C-N linear bending / exocyclic C-C stretching / C-C out-of-plane bending,delta(C2-C5-C9),angle,4.792839264917123,-,-0.035059744243270144,0.3147943546621411
13,473.34119784468805,,,mixed C-C-N linear bending / exocyclic C-C stretching / C-C out-of-plane bending,delta(C5-C9-C8),angle,4.670675777829802,-,-0.0171550447097902,1.2812903955832389
13,473.34119784468805,,,mixed C-C-N linear bending / exocyclic C-C stretching / C-C out-of-plane bending,nu(C3-N4),bond,1.1582134648508045,-,-0.008599599642444725,1.2643977132783855
13,473.34119784468805,,,mixed C-C-N linear bending / exocyclic C-C stretching / C-C out-of-plane bending,nu(C1-C2),bond,0.7154915287976039,-,-0.014888512762553447,0.26058740390841156
13,473.34119784468805,,,mixed C-C-N linear bending / exocyclic C-C stretching / C-C out-of-plane bending,tau(C9-C5-C6-O7),dihedral,0.6896114038883081,-,-0.016829689748650227,0.19656390570348833
13,473.34119784468805,,,mixed C-C-N linear bending / exocyclic C-C stretching / C-C out-of-plane bending,delta(C1-C2-C3),angle,0.6811265082009984,-,-0.011256965543721539,0.43394697687697664
13,473.34119784468805,,,mixed C-C-N linear bending / exocyclic C-C stretching / C-C out-of-plane bending,delta(C2-C1-H11),angle,0.5194982812806843,+,0.011506387853517038,0.3167799276088916
13,473.34119784468805,,,mixed C-C-N linear bending / exocyclic C-C stretching / C-C out-of-plane bending,delta(C5-C6-H14),angle,0.5105117668163457,+,0.013363494740958874,0.23079012405429297
13,473.34119784468805,,,mixed C-C-N linear bending / exocyclic C-C stretching / C-C out-of-plane bending,tau(H11-C1-C2-C3),dihedral,0.5023125280961661,+,0.04077611435410827,0.024390117415320465
13,473.34119784468805,,,mixed C-C-N linear bending / exocyclic C-C stretching / C-C out-of-plane bending,delta(C6-O7-C8),angle,0.46861426357807795,+,0.005262643980799097,1.366026359575297
13,473.34119784468805,,,mixed C-C-N linear bending / exocyclic C-C stretching / C-C out-of-plane bending,nu(C6-O7),bond,0.4042202696271674,-,-0.008375039295793025,0.4652602382110782
13,473.34119784468805,,,mixed C-C-N linear bending / exocyclic C-C stretching / C-C out-of-plane bending,delta(C1-C2-H13),angle,0.3176717277155181,+,0.010126450154749687,0.25010113607571116
13,473.34119784468805,,,mixed C-C-N linear bending / exocyclic C-C stretching / C-C out-of-plane bending,nu(C8-C9),bond,0.3111055830317057,-,-0.006493822874952269,0.5956052068357818
13,473.34119784468805,,,mixed C-C-N linear bending / exocyclic C-C stretching / C-C out-of-plane bending,nu(C5-C6),bond,0.2775698750485502,-,-0.006386689517500641,0.549379285605132
13,473.34119784468805,,,mixed C-C-N linear bending / exocyclic C-C stretching / C-C out-of-plane bending,tau(C2-C5-C6-O7),dihedral,0.0926168635399102,-,-0.01071898932176464,0.06507796307380474
13,473.34119784468805,,,mixed C-C-N linear bending / exocyclic C-C stretching / C-C out-of-plane bending,delta_lin2(C2-C3-N4),linbend2,0.0658272436616084,-,-0.00785077368699179,0.08622482315228443
13,473.34119784468805,,,mixed C-C-N linear bending / exocyclic C-C stretching / C-C out-of-plane bending,tau(C6-C5-C9-H16),dihedral,0.0537829753638806,+,0.008763438724445197,0.056538889473237264
13,473.34119784468805,,,mixed C-C-N linear bending / exocyclic C-C stretching / C-C out-of-plane bending,delta(C5-C9-H16),angle,0.05039139104817955,-,-0.004511602044769604,0.19986941239788925
13,473.34119784468805,,,mixed C-C-N linear bending / exocyclic C-C stretching / C-C out-of-plane bending,tau(C3-C2-C5-C9),dihedral,0.03397897946534926,-,-0.015375607826774837,0.011603721655504018
13,473.34119784468805,,,mixed C-C-N linear bending / exocyclic C-C stretching / C-C out-of-plane bending,delta(H11-C1-H12),angle,0.024518216716058267,+,0.0026376567879503334,0.28451414884001697
13,473.34119784468805,,,mixed C-C-N linear bending / exocyclic C-C stretching / C-C out-of-plane bending,delta(C3-C2-H13),angle,0.015635994491511023,+,0.0017919973755885844,0.39309935236092164
13,473.34119784468805,,,mixed C-C-N linear bending / exocyclic C-C stretching / C-C out-of-plane bending,nu(O7-C8),bond,0.01315561781791963,+,0.001489185047056648,0.47892275585557215
13,473.34119784468805,,,mixed C-C-N linear bending / exocyclic C-C stretching / C-C out-of-plane bending,"gamma(H15;C8,O7,C9)",oop,0.012105381872210708,-,-0.001979814354919144,0.24933377621103062
13,473.34119784468805,,,mixed C-C-N linear bending / exocyclic C-C stretching / C-C out-of-plane bending,nu(C2-H13),bond,0.0090531556744061,+,0.0015024036034409422,0.32380109525181683
13,473.34119784468805,,,mixed C-C-N linear bending / exocyclic C-C stretching / C-C out-of-plane bending,delta(H10-C1-H11),angle,0.008927579510792831,+,0.0016122401005975676,0.2772846618250007
13,473.34119784468805,,,mixed C-C-N linear bending / exocyclic C-C stretching / C-C out-of-plane bending,delta(H10-C1-H12),angle,0.006146103716008384,-,-0.0013382449857471674,0.277064059575885
13,473.34119784468805,,,mixed C-C-N linear bending / exocyclic C-C stretching / C-C out-of-plane bending,tau(H14-C6-O7-C8),dihedral,0.005975777248940842,+,0.002705426231095307,0.06591352919497648
13,473.34119784468805,,,mixed C-C-N linear bending / exocyclic C-C stretching / C-C out-of-plane bending,nu(C8-H15),bond,0.005889688510045824,-,-0.0011217967803802335,0.3778465893608223
13,473.34119784468805,,,mixed C-C-N linear bending / exocyclic C-C stretching / C-C out-of-plane bending,nu(C9-H16),bond,0.005013793004458967,-,-0.0010447561824625062,0.37084126902589476
13,473.34119784468805,,,mixed C-C-N linear bending / exocyclic C-C stretching / C-C out-of-plane bending,tau(C6-O7-C8-H15),dihedral,0.0014996672398211292,-,-0.0006996308526399422,0.24734808746537756
13,473.34119784468805,,,mixed C-C-N linear bending / exocyclic C-C stretching / C-C out-of-plane bending,nu(C1-H10),bond,0.000494624530838774,-,-0.0003427858614669788,0.3398454095071219
13,473.34119784468805,,,mixed C-C-N linear bending / exocyclic C-C stretching / C-C out-of-plane bending,nu(C1-H11),bond,0.00012731312088986297,-,-0.0001736475911351335,0.3408687565072281
13,473.34119784468805,,,mixed C-C-N linear bending / exocyclic C-C stretching / C-C out-of-plane bending,delta(C9-C8-H15),angle,0.0001235819920901097,+,0.00020791137610474302,0.23080767378187408
13,473.34119784468805,,,mixed C-C-N linear bending / exocyclic C-C stretching / C-C out-of-plane bending,nu(C6-H14),bond,0.00011715148921189928,-,-0.0001581494319500779,0.37814999512334674
13,473.34119784468805,,,mixed C-C-N linear bending / exocyclic C-C stretching / C-C out-of-plane bending,nu(C1-H12),bond,6.489608120098484e-05,+,0.00012391228238564102,0.34122537331219377
13,473.34119784468805,,,mixed C-C-N linear bending / exocyclic C-C stretching / C-C out-of-plane bending,delta(C2-C1-H12),angle,2.481319636183238e-06,+,2.499377944850902e-05,0.3206789140124306
14,564.7800220682873,,,mixed C-C-C bending / C-C-N linear bending / C-H bending,delta(C1-C2-C3),angle,35.68069360990811,-,-0.11455758514930373,0.43394697687697664
14,564.7800220682873,,,mixed C-C-C bending / C-C-N linear bending / C-H bending,delta_lin2(C2-C3-N4),linbend2,25.831003912378286,+,0.21866537846965536,0.08622482315228443
14,564.7800220682873,,,mixed C-C-C bending / C-C-N linear bending / C-H bending,delta(C1-C2-H13),angle,6.353719843816995,+,0.0636768744613248,0.25010113607571116
14,564.7800220682873,,,mixed C-C-C bending / C-C-N linear bending / C-H bending,"gamma(C5;C2,C1,H13)",oop,6.258175144547912,-,-0.04687684605319092,0.45455037963053907
14,564.7800220682873,,,mixed C-C-C bending / C-C-N linear bending / C-H bending,delta(C2-C1-H11),angle,6.052991759152162,+,0.05522449503288746,0.3167799276088916
14,564.7800220682873,,,mixed C-C-C bending / C-C-N linear bending / C-H bending,tau(C9-C5-C6-O7),dihedral,6.012672885445462,+,0.06987268653490025,0.19656390570348833
14,564.7800220682873,,,mixed C-C-C bending / C-C-N linear bending / C-H bending,delta(C2-C1-H12),angle,4.372680167196821,-,-0.046651347644516394,0.3206789140124306
14,564.7800220682873,,,mixed C-C-C bending / C-C-N linear bending / C-H bending,nu(C1-C2),bond,3.548547933858285,-,-0.046620203843469744,0.26058740390841156
14,564.7800220682873,,,mixed C-C-C bending / C-C-N linear bending / C-H bending,nu(C2-C3),bond,1.3271460293862212,-,-0.02613492093325547,0.31011831126805667
14,564.7800220682873,,,mixed C-C-C bending / C-C-N linear bending / C-H bending,tau(C3-C2-C5-C9),dihedral,1.2655741813225123,-,-0.1319382415427178,0.011603721655504018
14,564.7800220682873,,,mixed C-C-C bending / C-C-N linear bending / C-H bending,tau(C6-C5-C9-H16),dihedral,0.5514112823375076,-,-0.03945388067016239,0.056538889473237264
14,564.7800220682873,,,mixed C-C-C bending / C-C-N linear bending / C-H bending,delta(C3-C2-H13),angle,0.46030220045914566,+,0.013670862053905912,0.39309935236092164
14,564.7800220682873,,,mixed C-C-C bending / C-C-N linear bending / C-H bending,delta(C1-C2-C5),angle,0.43335016818190775,-,-0.012955133032208783,0.41210349231350385
14,564.7800220682873,,,mixed C-C-C bending / C-C-N linear bending / C-H bending,tau(H11-C1-C2-C3),dihedral,0.3768575645835153,+,0.049660056895544286,0.024390117415320465
14,564.7800220682873,,,mixed C-C-C bending / C-C-N linear bending / C-H bending,"gamma(H15;C8,O7,C9)",oop,0.24054756081941842,+,0.012408962186816508,0.24933377621103062
14,564.7800220682873,,,mixed C-C-C bending / C-C-N linear bending / C-H bending,tau(C2-C5-C6-O7),dihedral,0.2363804738944127,+,0.024077664774820522,0.06507796307380474
14,564.7800220682873,,,mixed C-C-C bending / C-C-N linear bending / C-H bending,delta(H10-C1-H12),angle,0.22619565778041945,-,-0.011415043606956334,0.277064059575885
14,564.7800220682873,,,mixed C-C-C bending / C-C-N linear bending / C-H bending,nu(C3-N4),bond,0.2105621693567521,-,-0.00515553645390362,1.2643977132783855
14,564.7800220682873,,,mixed C-C-C bending / C-C-N linear bending / C-H bending,delta(C2-C5-C9),angle,0.1236465279316419,-,-0.007917772787062183,0.3147943546621411
14,564.7800220682873,,,mixed C-C-C bending / C-C-N linear bending / C-H bending,nu(C2-C5),bond,0.11391848032151136,+,0.007828805507857053,0.2966567635151466
14,564.7800220682873,,,mixed C-C-C bending / C-C-N linear bending / C-H bending,delta(H10-C1-H11),angle,0.09886777924238138,+,0.007543797218692214,0.2772846618250007
14,564.7800220682873,,,mixed C-C-C bending / C-C-N linear bending / C-H bending,tau(H14-C6-O7-C8),dihedral,0.059706285207253136,-,-0.01202398103264599,0.06591352919497648
14,564.7800220682873,,,mixed C-C-C bending / C-C-N linear bending / C-H bending,delta(C5-C9-C8),angle,0.052868846791544445,+,0.002566266017398996,1.2812903955832389
14,564.7800220682873,,,mixed C-C-C bending / C-C-N linear bending / C-H bending,nu(C5-C9),bond,0.034827099552753815,+,0.003624699392683088,0.4230818519106006
14,564.7800220682873,,,mixed C-C-C bending / C-C-N linear bending / C-H bending,tau(C6-O7-C8-H15),dihedral,0.022975275874151414,-,-0.003850362587313292,0.24734808746537756
14,564.7800220682873,,,mixed C-C-C bending / C-C-N linear bending / C-H bending,nu(C6-O7),bond,0.02065427912197264,+,0.002661843948632274,0.4652602382110782
14,564.7800220682873,,,mixed C-C-C bending / C-C-N linear bending / C-H bending,delta_lin1(C2-C3-N4),linbend1,0.01551235323876191,-,-0.005459837445091497,0.08305568027078959
14,564.7800220682873,,,mixed C-C-C bending / C-C-N linear bending / C-H bending,nu(C1-H11),bond,0.008980915911396579,-,-0.002050653372525676,0.3408687565072281
14,564.7800220682873,,,mixed C-C-C bending / C-C-N linear bending / C-H bending,nu(C5-C6),bond,0.003899834349525671,+,0.0010644186605850783,0.549379285605132
14,564.7800220682873,,,mixed C-C-C bending / C-C-N linear bending / C-H bending,nu(C1-H12),bond,0.002011745787066364,+,0.0009700439942041942,0.34122537331219377
14,564.7800220682873,,,mixed C-C-C bending / C-C-N linear bending / C-H bending,delta(H11-C1-H12),angle,0.0012386014858688402,-,-0.0008335648707782321,0.28451414884001697
14,564.7800220682873,,,mixed C-C-C bending / C-C-N linear bending / C-H bending,delta(C5-C9-H16),angle,0.0006583268529700795,-,-0.0007250586815520614,0.19986941239788925
14,564.7800220682873,,,mixed C-C-C bending / C-C-N linear bending / C-H bending,nu(C2-H13),bond,0.0005353561721199025,-,-0.00051369789962441,0.32380109525181683
14,564.7800220682873,,,mixed C-C-C bending / C-C-N linear bending / C-H bending,nu(C8-C9),bond,0.0003486710564423336,+,0.0003056710055582766,0.5956052068357818
14,564.7800220682873,,,mixed C-C-C bending / C-C-N linear bending / C-H bending,nu(C1-H10),bond,0.00025848174811666364,+,0.0003484173528183764,0.3398454095071219
14,564.7800220682873,,,mixed C-C-C bending / C-C-N linear bending / C-H bending,nu(O7-C8),bond,0.0001222052273298421,-,-0.00020180768239295708,0.47892275585557215
14,564.7800220682873,,,mixed C-C-C bending / C-C-N linear bending / C-H bending,delta(C5-C6-H14),angle,6.253819577148231e-05,-,-0.00020796469010036137,0.23079012405429297
14,564.7800220682873,,,mixed C-C-C bending / C-C-N linear bending / C-H bending,nu(C8-H15),bond,4.77098294297262e-05,+,0.0001419618722789528,0.3778465893608223
14,564.7800220682873,,,mixed C-C-C bending / C-C-N linear bending / C-H bending,delta(C6-O7-C8),angle,2.3723760063204618e-05,-,-5.264871324429048e-05,1.366026359575297
14,564.7800220682873,,,mixed C-C-C bending / C-C-N linear bending / C-H bending,delta(C9-C8-H15),angle,1.7182169478011366e-05,-,-0.00010900324248512662,0.23080767378187408
14,564.7800220682873,,,mixed C-C-C bending / C-C-N linear bending / C-H bending,nu(C6-H14),bond,4.863954616096218e-06,-,-4.530939332213972e-05,0.37814999512334674
14,564.7800220682873,,,mixed C-C-C bending / C-C-N linear bending / C-H bending,nu(C9-H16),bond,3.7179195778564246e-07,-,-1.2649737287712357e-05,0.37084126902589476
15,618.7464672525545,,,mixed ring-site C-H out-of-plane bending / cyclic-ring torsional/out-of-plane deformation,tau(C6-O7-C8-H15),dihedral,60.79966098711029,+,0.21541453272004893,0.24734808746537756
15,618.7464672525545,,,mixed ring-site C-H out-of-plane bending / cyclic-ring torsional/out-of-plane deformation,tau(C9-C5-C6-O7),dihedral,19.298563731118847,+,0.1361411160205588,0.19656390570348833
15,618.7464672525545,,,mixed ring-site C-H out-of-plane bending / cyclic-ring torsional/out-of-plane deformation,tau(H14-C6-O7-C8),dihedral,12.164624446930825,-,-0.18665549025360026,0.06591352919497648
15,618.7464672525545,,,mixed ring-site C-H out-of-plane bending / cyclic-ring torsional/out-of-plane deformation,tau(C6-C5-C9-H16),dihedral,3.2751176528209687,-,-0.10457274654141394,0.056538889473237264
15,618.7464672525545,,,mixed ring-site C-H out-of-plane bending / cyclic-ring torsional/out-of-plane deformation,"gamma(H15;C8,O7,C9)",oop,2.3608802178276087,-,-0.042279040043468025,0.24933377621103062
15,618.7464672525545,,,mixed ring-site C-H out-of-plane bending / cyclic-ring torsional/out-of-plane deformation,tau(C2-C5-C6-O7),dihedral,1.7324611506095224,+,0.07089138731487107,0.06507796307380474
15,618.7464672525545,,,mixed ring-site C-H out-of-plane bending / cyclic-ring torsional/out-of-plane deformation,delta(C1-C2-C5),angle,0.29689537311679415,+,0.011662113557795053,0.41210349231350385
15,618.7464672525545,,,mixed ring-site C-H out-of-plane bending / cyclic-ring torsional/out-of-plane deformation,"gamma(C5;C2,C1,H13)",oop,0.04216764861489887,-,-0.0041848257409098305,0.45455037963053907
15,618.7464672525545,,,mixed ring-site C-H out-of-plane bending / cyclic-ring torsional/out-of-plane deformation,tau(C3-C2-C5-C9),dihedral,0.009160937491787221,+,0.01220815423085821,0.011603721655504018
15,618.7464672525545,,,mixed ring-site C-H out-of-plane bending / cyclic-ring torsional/out-of-plane deformation,delta(C3-C2-H13),angle,0.006725446585910069,-,-0.0017971656056861448,0.39309935236092164
15,618.7464672525545,,,mixed ring-site C-H out-of-plane bending / cyclic-ring torsional/out-of-plane deformation,nu(C5-C9),bond,0.002895101086387146,-,-0.0011365756997440235,0.4230818519106006
15,618.7464672525545,,,mixed ring-site C-H out-of-plane bending / cyclic-ring torsional/out-of-plane deformation,delta(C1-C2-H13),angle,0.0022442516395227863,-,-0.0013015373694328374,0.25010113607571116
15,618.7464672525545,,,mixed ring-site C-H out-of-plane bending / cyclic-ring torsional/out-of-plane deformation,nu(C5-C6),bond,0.0013754286577080622,+,0.0006874824134976018,0.549379285605132
15,618.7464672525545,,,mixed ring-site C-H out-of-plane bending / cyclic-ring torsional/out-of-plane deformation,delta(C2-C1-H11),angle,0.0012744721353553062,+,0.000871495288137475,0.3167799276088916
15,618.7464672525545,,,mixed ring-site C-H out-of-plane bending / cyclic-ring torsional/out-of-plane deformation,delta(C2-C1-H12),angle,0.0011695899335672165,+,0.0008297749263846485,0.3206789140124306
15,618.7464672525545,,,mixed ring-site C-H out-of-plane bending / cyclic-ring torsional/out-of-plane deformation,nu(C2-C3),bond,0.0010708074930525352,-,-0.000807366442280085,0.31011831126805667
15,618.7464672525545,,,mixed ring-site C-H out-of-plane bending / cyclic-ring torsional/out-of-plane deformation,nu(C6-O7),bond,0.0008721253490071727,-,-0.0005948674204034459,0.4652602382110782
15,618.7464672525545,,,mixed ring-site C-H out-of-plane bending / cyclic-ring torsional/out-of-plane deformation,delta(H10-C1-H12),angle,0.0007469273433962328,-,-0.000713391254827115,0.277064059575885
15,618.7464672525545,,,mixed ring-site C-H out-of-plane bending / cyclic-ring torsional/out-of-plane deformation,delta_lin2(C2-C3-N4),linbend2,0.000335253867268405,-,-0.000856740782551792,0.08622482315228443
15,618.7464672525545,,,mixed ring-site C-H out-of-plane bending / cyclic-ring torsional/out-of-plane deformation,nu(C2-C5),bond,0.00030718984815717755,-,-0.0004421351074512726,0.2966567635151466
15,618.7464672525545,,,mixed ring-site C-H out-of-plane bending / cyclic-ring torsional/out-of-plane deformation,delta(C1-C2-C3),angle,0.0003030064890793417,+,0.0003630666263621575,0.43394697687697664
15,618.7464672525545,,,mixed ring-site C-H out-of-plane bending / cyclic-ring torsional/out-of-plane deformation,nu(C1-C2),bond,0.0002815691925034064,+,0.0004516422441806481,0.26058740390841156
15,618.7464672525545,,,mixed ring-site C-H out-of-plane bending / cyclic-ring torsional/out-of-plane deformation,nu(C3-N4),bond,0.00026495107953061894,-,-0.0001988930897653744,1.2643977132783855
15,618.7464672525545,,,mixed ring-site C-H out-of-plane bending / cyclic-ring torsional/out-of-plane deformation,delta_lin1(C2-C3-N4),linbend1,0.00011664598089116311,+,0.0005149071453752431,0.08305568027078959
15,618.7464672525545,,,mixed ring-site C-H out-of-plane bending / cyclic-ring torsional/out-of-plane deformation,nu(C8-C9),bond,0.00010875716825769635,+,0.00018566429866588571,0.5956052068357818
15,618.7464672525545,,,mixed ring-site C-H out-of-plane bending / cyclic-ring torsional/out-of-plane deformation,delta(C5-C9-C8),angle,0.0001064419144758209,+,0.0001252308279594441,1.2812903955832389
15,618.7464672525545,,,mixed ring-site C-H out-of-plane bending / cyclic-ring torsional/out-of-plane deformation,delta(C5-C9-H16),angle,7.228553902659847e-05,+,0.0002612950862685061,0.19986941239788925
15,618.7464672525545,,,mixed ring-site C-H out-of-plane bending / cyclic-ring torsional/out-of-plane deformation,nu(C1-H10),bond,5.712164577543841e-05,+,0.00017813052608181792,0.3398454095071219
15,618.7464672525545,,,mixed ring-site C-H out-of-plane bending / cyclic-ring torsional/out-of-plane deformation,delta(H11-C1-H12),angle,3.339488030247814e-05,+,0.0001488561252082423,0.28451414884001697
15,618.7464672525545,,,mixed ring-site C-H out-of-plane bending / cyclic-ring torsional/out-of-plane deformation,delta(H10-C1-H11),angle,3.2955597247530564e-05,+,0.00014978915421144884,0.2772846618250007
15,618.7464672525545,,,mixed ring-site C-H out-of-plane bending / cyclic-ring torsional/out-of-plane deformation,delta(C6-O7-C8),angle,2.0312072170614745e-05,+,5.298174697430891e-05,1.366026359575297
15,618.7464672525545,,,mixed ring-site C-H out-of-plane bending / cyclic-ring torsional/out-of-plane deformation,nu(C1-H12),bond,1.3015703859835211e-05,+,8.485781975063672e-05,0.34122537331219377
15,618.7464672525545,,,mixed ring-site C-H out-of-plane bending / cyclic-ring torsional/out-of-plane deformation,nu(C1-H11),bond,1.2178360142418343e-05,-,-8.212577993730123e-05,0.3408687565072281
15,618.7464672525545,,,mixed ring-site C-H out-of-plane bending / cyclic-ring torsional/out-of-plane deformation,delta(C2-C5-C9),angle,9.691020956818924e-06,-,-7.623422636030888e-05,0.3147943546621411
15,618.7464672525545,,,mixed ring-site C-H out-of-plane bending / cyclic-ring torsional/out-of-plane deformation,tau(H11-C1-C2-C3),dihedral,9.074831476165792e-06,-,-0.00026502755957705536,0.024390117415320465
15,618.7464672525545,,,mixed ring-site C-H out-of-plane bending / cyclic-ring torsional/out-of-plane deformation,nu(C8-H15),bond,3.3308922245428997e-06,-,-4.079446442739096e-05,0.3778465893608223
15,618.7464672525545,,,mixed ring-site C-H out-of-plane bending / cyclic-ring torsional/out-of-plane deformation,nu(C2-H13),bond,2.50453874738936e-06,-,-3.821232118571404e-05,0.32380109525181683
15,618.7464672525545,,,mixed ring-site C-H out-of-plane bending / cyclic-ring torsional/out-of-plane deformation,nu(C6-H14),bond,1.9337855177880476e-06,-,-3.107068305397357e-05,0.37814999512334674
15,618.7464672525545,,,mixed ring-site C-H out-of-plane bending / cyclic-ring torsional/out-of-plane deformation,nu(O7-C8),bond,1.0440823831876168e-06,-,-2.028679058915146e-05,0.47892275585557215
15,618.7464672525545,,,mixed ring-site C-H out-of-plane bending / cyclic-ring torsional/out-of-plane deformation,nu(C9-H16),bond,6.301611948879903e-07,-,-1.7910614951009077e-05,0.37084126902589476
15,618.7464672525545,,,mixed ring-site C-H out-of-plane bending / cyclic-ring torsional/out-of-plane deformation,delta(C5-C6-H14),angle,2.8321430357859677e-07,+,1.5220456564394996e-05,0.23079012405429297
15,618.7464672525545,,,mixed ring-site C-H out-of-plane bending / cyclic-ring torsional/out-of-plane deformation,delta(C9-C8-H15),angle,1.3226907631971485e-07,-,-1.0401182989999744e-05,0.23080767378187408
16,648.4530291858867,,,mixed cyclic-ring torsional/out-of-plane deformation / ring-site C-H out-of-plane bending,tau(C9-C5-C6-O7),dihedral,42.132977212868745,+,0.1793664840796223,0.19656390570348833
16,648.4530291858867,,,mixed cyclic-ring torsional/out-of-plane deformation / ring-site C-H out-of-plane bending,"gamma(C5;C2,C1,H13)",oop,8.024453341471999,-,-0.051475292506061504,0.45455037963053907
16,648.4530291858867,,,mixed cyclic-ring torsional/out-of-plane deformation / ring-site C-H out-of-plane bending,tau(H14-C6-O7-C8),dihedral,6.968854038200528,-,-0.12597243055377277,0.06591352919497648
16,648.4530291858867,,,mixed cyclic-ring torsional/out-of-plane deformation / ring-site C-H out-of-plane bending,tau(C6-C5-C9-H16),dihedral,6.737707634995403,-,-0.13374099549378105,0.056538889473237264
16,648.4530291858867,,,mixed cyclic-ring torsional/out-of-plane deformation / ring-site C-H out-of-plane bending,delta(C1-C2-C5),angle,5.955943591910176,+,0.04657514847025317,0.41210349231350385
16,648.4530291858867,,,mixed cyclic-ring torsional/out-of-plane deformation / ring-site C-H out-of-plane bending,nu(C1-C2),bond,4.693767759344042,+,0.05199555241392398,0.26058740390841156
16,648.4530291858867,,,mixed cyclic-ring torsional/out-of-plane deformation / ring-site C-H out-of-plane bending,tau(C2-C5-C6-O7),dihedral,3.8410083969431206,-,-0.0941212660159515,0.06507796307380474
16,648.4530291858867,,,mixed cyclic-ring torsional/out-of-plane deformation / ring-site C-H out-of-plane bending,delta_lin1(C2-C3-N4),linbend1,3.093646065986183,+,0.07477092452416302,0.08305568027078959
16,648.4530291858867,,,mixed cyclic-ring torsional/out-of-plane deformation / ring-site C-H out-of-plane bending,delta(C5-C9-C8),angle,3.044860818706217,+,0.018886089566194277,1.2812903955832389
16,648.4530291858867,,,mixed cyclic-ring torsional/out-of-plane deformation / ring-site C-H out-of-plane bending,delta(C1-C2-C3),angle,2.825755863265733,+,0.03126303181626778,0.43394697687697664
16,648.4530291858867,,,mixed cyclic-ring torsional/out-of-plane deformation / ring-site C-H out-of-plane bending,nu(C2-C5),bond,2.3262996191987217,+,0.03430739992035914,0.2966567635151466
16,648.4530291858867,,,mixed cyclic-ring torsional/out-of-plane deformation / ring-site C-H out-of-plane bending,tau(C3-C2-C5-C9),dihedral,1.599993971817186,-,-0.1438608524437073,0.011603721655504018
16,648.4530291858867,,,mixed cyclic-ring torsional/out-of-plane deformation / ring-site C-H out-of-plane bending,"gamma(H15;C8,O7,C9)",oop,1.5991938208555119,+,0.03102716546280764,0.24933377621103062
16,648.4530291858867,,,mixed cyclic-ring torsional/out-of-plane deformation / ring-site C-H out-of-plane bending,tau(C6-O7-C8-H15),dihedral,1.4343547278454678,-,-0.029502316225932083,0.24734808746537756
16,648.4530291858867,,,mixed cyclic-ring torsional/out-of-plane deformation / ring-site C-H out-of-plane bending,nu(C5-C6),bond,1.3673854279875015,+,0.019328201342635805,0.549379285605132
16,648.4530291858867,,,mixed cyclic-ring torsional/out-of-plane deformation / ring-site C-H out-of-plane bending,delta_lin2(C2-C3-N4),linbend2,1.3542482765343336,-,-0.04855289130879164,0.08622482315228443
16,648.4530291858867,,,mixed cyclic-ring torsional/out-of-plane deformation / ring-site C-H out-of-plane bending,delta(C1-C2-H13),angle,1.0609632733329948,-,-0.025233323205231903,0.25010113607571116
16,648.4530291858867,,,mixed cyclic-ring torsional/out-of-plane deformation / ring-site C-H out-of-plane bending,delta(C2-C1-H12),angle,0.5240328316106027,+,0.015661240325864266,0.3206789140124306
16,648.4530291858867,,,mixed cyclic-ring torsional/out-of-plane deformation / ring-site C-H out-of-plane bending,delta(C6-O7-C8),angle,0.3144839573775565,-,-0.005878300932936224,1.366026359575297
16,648.4530291858867,,,mixed cyclic-ring torsional/out-of-plane deformation / ring-site C-H out-of-plane bending,nu(C6-O7),bond,0.2875505599864355,+,0.009631440520531616,0.4652602382110782
16,648.4530291858867,,,mixed cyclic-ring torsional/out-of-plane deformation / ring-site C-H out-of-plane bending,tau(H11-C1-C2-C3),dihedral,0.24756273731751094,+,0.03903172991824624,0.024390117415320465
16,648.4530291858867,,,mixed cyclic-ring torsional/out-of-plane deformation / ring-site C-H out-of-plane bending,delta(C5-C9-H16),angle,0.12199511449434623,-,-0.009571503425716797,0.19986941239788925
16,648.4530291858867,,,mixed cyclic-ring torsional/out-of-plane deformation / ring-site C-H out-of-plane bending,delta(C2-C1-H11),angle,0.08862096549940486,-,-0.006479947965739096,0.3167799276088916
16,648.4530291858867,,,mixed cyclic-ring torsional/out-of-plane deformation / ring-site C-H out-of-plane bending,nu(C5-C9),bond,0.08308471319935103,-,-0.005429132884617213,0.4230818519106006
16,648.4530291858867,,,mixed cyclic-ring torsional/out-of-plane deformation / ring-site C-H out-of-plane bending,delta(C3-C2-H13),angle,0.08243212029364666,-,-0.005610210784709537,0.39309935236092164
16,648.4530291858867,,,mixed cyclic-ring torsional/out-of-plane deformation / ring-site C-H out-of-plane bending,delta(C2-C5-C9),angle,0.060829433547777784,-,-0.005385493746392238,0.3147943546621411
16,648.4530291858867,,,mixed cyclic-ring torsional/out-of-plane deformation / ring-site C-H out-of-plane bending,delta(C5-C6-H14),angle,0.05470746721762813,+,0.005964812570236553,0.23079012405429297
16,648.4530291858867,,,mixed cyclic-ring torsional/out-of-plane deformation / ring-site C-H out-of-plane bending,delta(H11-C1-H12),angle,0.02754175197754878,+,0.003811763566290064,0.28451414884001697
16,648.4530291858867,,,mixed cyclic-ring torsional/out-of-plane deformation / ring-site C-H out-of-plane bending,delta(H10-C1-H11),angle,0.0198953135979742,-,-0.0032816675187830706,0.2772846618250007
16,648.4530291858867,,,mixed cyclic-ring torsional/out-of-plane deformation / ring-site C-H out-of-plane bending,delta(C9-C8-H15),angle,0.011633616399397494,-,-0.0027505171377082602,0.23080767378187408
16,648.4530291858867,,,mixed cyclic-ring torsional/out-of-plane deformation / ring-site C-H out-of-plane bending,delta(H10-C1-H12),angle,0.007494637547803867,+,0.002014964170811624,0.277064059575885
16,648.4530291858867,,,mixed cyclic-ring torsional/out-of-plane deformation / ring-site C-H out-of-plane bending,nu(O7-C8),bond,0.0009392218335281444,-,-0.000542542121073598,0.47892275585557215
16,648.4530291858867,,,mixed cyclic-ring torsional/out-of-plane deformation / ring-site C-H out-of-plane bending,nu(C1-H12),bond,0.000886486753338557,-,-0.0006244498618777063,0.34122537331219377
16,648.4530291858867,,,mixed cyclic-ring torsional/out-of-plane deformation / ring-site C-H out-of-plane bending,nu(C1-H10),bond,0.0008779987642511697,+,0.0006227136071992155,0.3398454095071219
16,648.4530291858867,,,mixed cyclic-ring torsional/out-of-plane deformation / ring-site C-H out-of-plane bending,nu(C1-H11),bond,0.0008357454043096625,+,0.000606632268410787,0.3408687565072281
16,648.4530291858867,,,mixed cyclic-ring torsional/out-of-plane deformation / ring-site C-H out-of-plane bending,nu(C3-N4),bond,0.0007720431545567363,-,-0.0003027338924252888,1.2643977132783855
16,648.4530291858867,,,mixed cyclic-ring torsional/out-of-plane deformation / ring-site C-H out-of-plane bending,nu(C6-H14),bond,0.0006773596335710395,+,0.0005185130769647943,0.37814999512334674
16,648.4530291858867,,,mixed cyclic-ring torsional/out-of-plane deformation / ring-site C-H out-of-plane bending,nu(C8-C9),bond,0.0006006292231720222,+,0.0003890506040382454,0.5956052068357818
16,648.4530291858867,,,mixed cyclic-ring torsional/out-of-plane deformation / ring-site C-H out-of-plane bending,nu(C2-C3),bond,0.0005864589411813886,-,-0.0005327668672698764,0.31011831126805667
16,648.4530291858867,,,mixed cyclic-ring torsional/out-of-plane deformation / ring-site C-H out-of-plane bending,nu(C2-H13),bond,0.00032421432263856617,+,0.00038766719245163255,0.32380109525181683
16,648.4530291858867,,,mixed cyclic-ring torsional/out-of-plane deformation / ring-site C-H out-of-plane bending,nu(C9-H16),bond,0.00015600964120829547,-,-0.0002512833985846016,0.37084126902589476
16,648.4530291858867,,,mixed cyclic-ring torsional/out-of-plane deformation / ring-site C-H out-of-plane bending,nu(C8-H15),bond,6.477099739953974e-05,+,0.00016040379780240366,0.3778465893608223
17,714.8816336746086,,,mixed C-H bending / C-C-C bending,delta(C1-C2-C5),angle,14.07344848250737,+,0.08263182781423646,0.41210349231350385
17,714.8816336746086,,,mixed C-H bending / C-C-C bending,delta(C5-C9-C8),angle,12.975347766094021,-,-0.04499724878626909,1.2812903955832389
17,714.8816336746086,,,mixed C-H bending / C-C-C bending,delta(C2-C1-H12),angle,12.536114662959983,+,0.08840900826765183,0.3206789140124306
17,714.8816336746086,,,mixed C-H bending / C-C-C bending,delta(C1-C2-H13),angle,11.739519314043344,-,-0.09687630551461991,0.25010113607571116
17,714.8816336746086,,,mixed C-H bending / C-C-C bending,nu(C2-C5),bond,10.236450557422518,-,-0.08306112566111593,0.2966567635151466
17,714.8816336746086,,,mixed C-H bending / C-C-C bending,delta_lin1(C2-C3-N4),linbend1,9.887383993047747,-,-0.15427880764802948,0.08305568027078959
17,714.8816336746086,,,mixed C-H bending / C-C-C bending,tau(H14-C6-O7-C8),dihedral,4.1569705708581575,-,-0.11229267697897556,0.06591352919497648
17,714.8816336746086,,,mixed C-H bending / C-C-C bending,tau(H11-C1-C2-C3),dihedral,3.7929264886225,-,-0.17633174703321722,0.024390117415320465
17,714.8816336746086,,,mixed C-H bending / C-C-C bending,nu(C5-C6),bond,2.8654186831381576,-,-0.03229298174297402,0.549379285605132
17,714.8816336746086,,,mixed C-H bending / C-C-C bending,tau(C2-C5-C6-O7),dihedral,2.788413351792851,-,-0.0925575487168356,0.06507796307380474
17,714.8816336746086,,,mixed C-H bending / C-C-C bending,delta(C3-C2-H13),angle,2.6361726957207616,-,-0.03661727381964526,0.39309935236092164
17,714.8816336746086,,,mixed C-H bending / C-C-C bending,tau(C9-C5-C6-O7),dihedral,2.4634854546227474,+,0.050057984302918385,0.19656390570348833
17,714.8816336746086,,,mixed C-H bending / C-C-C bending,nu(C1-C2),bond,2.3287467147949052,-,-0.04227023488051268,0.26058740390841156
17,714.8816336746086,,,mixed C-H bending / C-C-C bending,nu(C6-O7),bond,1.5035459429966394,-,-0.025419126666741943,0.4652602382110782
17,714.8816336746086,,,mixed C-H bending / C-C-C bending,tau(C6-C5-C9-H16),dihedral,1.3695439190248546,-,-0.06959284451649446,0.056538889473237264
17,714.8816336746086,,,mixed C-H bending / C-C-C bending,delta(C6-O7-C8),angle,1.3571654685660803,+,0.014094092052524897,1.366026359575297
17,714.8816336746086,,,mixed C-H bending / C-C-C bending,"gamma(C5;C2,C1,H13)",oop,0.7784847874849808,+,0.018504795749299047,0.45455037963053907
17,714.8816336746086,,,mixed C-H bending / C-C-C bending,tau(C6-O7-C8-H15),dihedral,0.6036026512218013,-,-0.022088770048172793,0.24734808746537756
17,714.8816336746086,,,mixed C-H bending / C-C-C bending,delta(H10-C1-H11),angle,0.5297853983424843,-,-0.019545073670877072,0.2772846618250007
17,714.8816336746086,,,mixed C-H bending / C-C-C bending,delta(H11-C1-H12),angle,0.4508743800372601,+,0.017800249422495314,0.28451414884001697
17,714.8816336746086,,,mixed C-H bending / C-C-C bending,delta(C5-C9-H16),angle,0.37682842593222643,+,0.01941551448889037,0.19986941239788925
17,714.8816336746086,,,mixed C-H bending / C-C-C bending,delta(C1-C2-C3),angle,0.23521224022084536,-,-0.01041026700670159,0.43394697687697664
17,714.8816336746086,,,mixed C-H bending / C-C-C bending,"gamma(H15;C8,O7,C9)",oop,0.06562010594079798,+,0.007254009990748338,0.24933377621103062
17,714.8816336746086,,,mixed C-H bending / C-C-C bending,nu(C2-C3),bond,0.05373789809368326,-,-0.0058860896921334276,0.31011831126805667
17,714.8816336746086,,,mixed C-H bending / C-C-C bending,delta(C9-C8-H15),angle,0.0472538078482863,+,0.00639798955254383,0.23080767378187408
17,714.8816336746086,,,mixed C-H bending / C-C-C bending,nu(C8-C9),bond,0.02705440324553826,-,-0.003013630340871742,0.5956052068357818
17,714.8816336746086,,,mixed C-H bending / C-C-C bending,nu(O7-C8),bond,0.02603590470484144,+,0.0032968853390573324,0.47892275585557215
17,714.8816336746086,,,mixed C-H bending / C-C-C bending,delta(C2-C5-C9),angle,0.025655889029756733,+,0.0040367356454431005,0.3147943546621411
17,714.8816336746086,,,mixed C-H bending / C-C-C bending,nu(C2-H13),bond,0.017721123496447076,+,0.003307933059452566,0.32380109525181683
17,714.8816336746086,,,mixed C-H bending / C-C-C bending,delta(C5-C6-H14),angle,0.015093670115948248,-,-0.003616088573964595,0.23079012405429297
17,714.8816336746086,,,mixed C-H bending / C-C-C bending,tau(C3-C2-C5-C9),dihedral,0.011608110476120308,-,-0.014142700945904977,0.011603721655504018
17,714.8816336746086,,,mixed C-H bending / C-C-C bending,delta(C2-C1-H11),angle,0.008901635485988357,-,-0.0023703163850095697,0.3167799276088916
17,714.8816336746086,,,mixed C-H bending / C-C-C bending,nu(C5-C9),bond,0.006727719336263614,+,0.00178308471629311,0.4230818519106006
17,714.8816336746086,,,mixed C-H bending / C-C-C bending,delta_lin2(C2-C3-N4),linbend2,0.004007753911215749,-,-0.003048488845224622,0.08622482315228443
17,714.8816336746086,,,mixed C-H bending / C-C-C bending,nu(C1-H10),bond,0.0016199970283324822,+,0.000976262590813412,0.3398454095071219
17,714.8816336746086,,,mixed C-H bending / C-C-C bending,nu(C6-H14),bond,0.0013253157727887363,-,-0.0008371010309674403,0.37814999512334674
17,714.8816336746086,,,mixed C-H bending / C-C-C bending,nu(C8-H15),bond,0.001014271590415994,-,-0.0007326045648699721,0.3778465893608223
17,714.8816336746086,,,mixed C-H bending / C-C-C bending,nu(C1-H12),bond,0.0006266127795802995,-,-0.0006059394219120426,0.34122537331219377
17,714.8816336746086,,,mixed C-H bending / C-C-C bending,delta(H10-C1-H12),angle,0.00031447045354684864,-,-0.000476376215545517,0.277064059575885
17,714.8816336746086,,,mixed C-H bending / C-C-C bending,nu(C3-N4),bond,0.00011927643017078239,-,-0.00013733641564396524,1.2643977132783855
17,714.8816336746086,,,mixed C-H bending / C-C-C bending,nu(C1-H11),bond,6.964669605294425e-05,-,-0.0002021188899315663,0.3408687565072281
17,714.8816336746086,,,mixed C-H bending / C-C-C bending,nu(C9-H16),bond,5.0438111980008654e-05,-,-0.00016490568373151397,0.37084126902589476
18,741.3063414236864,,,ring-site C-H out-of-plane bending,"gamma(H15;C8,O7,C9)",oop,45.19112716345847,+,0.4407328862640764,0.24933377621103062
18,741.3063414236864,,,ring-site C-H out-of-plane bending,tau(C6-O7-C8-H15),dihedral,43.07645531518701,+,0.43202126978611094,0.24734808746537756
18,741.3063414236864,,,ring-site C-H out-of-plane bending,tau(C6-C5-C9-H16),dihedral,7.1044472447390365,-,-0.3669703177077401,0.056538889473237264
18,741.3063414236864,,,ring-site C-H out-of-plane bending,tau(H14-C6-O7-C8),dihedral,4.544668993029984,+,0.2718336858284252,0.06591352919497648
18,741.3063414236864,,,ring-site C-H out-of-plane bending,tau(C9-C5-C6-O7),dihedral,0.049054937618900694,+,0.01635418496954334,0.19656390570348833
18,741.3063414236864,,,ring-site C-H out-of-plane bending,delta(C5-C9-C8),angle,0.004379026535142579,-,-0.0019138347285750875,1.2812903955832389
18,741.3063414236864,,,ring-site C-H out-of-plane bending,delta(C1-C2-C5),angle,0.0038712972103427793,+,0.003172959566415169,0.41210349231350385
18,741.3063414236864,,,ring-site C-H out-of-plane bending,delta(H10-C1-H11),angle,0.0033517157657955115,-,-0.003599234106915847,0.2772846618250007
18,741.3063414236864,,,ring-site C-H out-of-plane bending,delta(C2-C1-H12),angle,0.0030197620516876633,+,0.0031768052187428216,0.3206789140124306
18,741.3063414236864,,,ring-site C-H out-of-plane bending,tau(C3-C2-C5-C9),dihedral,0.0029080129397245254,+,0.016388490134458006,0.011603721655504018
18,741.3063414236864,,,ring-site C-H out-of-plane bending,nu(C2-C5),bond,0.0026303329581039005,-,-0.0030826034788221136,0.2966567635151466
18,741.3063414236864,,,ring-site C-H out-of-plane bending,delta(C1-C2-H13),angle,0.002107069557748876,-,-0.0030048377870318665,0.25010113607571116
18,741.3063414236864,,,ring-site C-H out-of-plane bending,delta(C5-C9-H16),angle,0.0020807506709571884,+,0.003340229304299231,0.19986941239788925
18,741.3063414236864,,,ring-site C-H out-of-plane bending,nu(C1-C2),bond,0.002063567999715991,+,0.0029132121369588753,0.26058740390841156
18,741.3063414236864,,,ring-site C-H out-of-plane bending,delta(C5-C6-H14),angle,0.0013199427518040035,-,-0.0024757589940691484,0.23079012405429297
18,741.3063414236864,,,ring-site C-H out-of-plane bending,"gamma(C5;C2,C1,H13)",oop,0.0011821444539959038,+,0.0016694894929301653,0.45455037963053907
18,741.3063414236864,,,ring-site C-H out-of-plane bending,delta_lin1(C2-C3-N4),linbend1,0.0010943801371989424,-,-0.0037578449690480915,0.08305568027078959
18,741.3063414236864,,,ring-site C-H out-of-plane bending,tau(H11-C1-C2-C3),dihedral,0.0009773654564376776,-,-0.006553313964794404,0.024390117415320465
18,741.3063414236864,,,ring-site C-H out-of-plane bending,delta(H11-C1-H12),angle,0.0008765333725110486,+,0.0018170702650581589,0.28451414884001697
18,741.3063414236864,,,ring-site C-H out-of-plane bending,delta(C2-C1-H11),angle,0.0008336343280789651,+,0.0016793777518288825,0.3167799276088916
18,741.3063414236864,,,ring-site C-H out-of-plane bending,nu(C2-C3),bond,0.00031291058218268136,+,0.0010398862796143734,0.31011831126805667
18,741.3063414236864,,,ring-site C-H out-of-plane bending,delta_lin2(C2-C3-N4),linbend2,0.00027434821097289513,-,-0.0018466064071678868,0.08622482315228443
18,741.3063414236864,,,ring-site C-H out-of-plane bending,nu(O7-C8),bond,0.00019439857903078814,-,-0.0006595583678099076,0.47892275585557215
18,741.3063414236864,,,ring-site C-H out-of-plane bending,nu(C5-C9),bond,0.00018853194800552245,-,-0.0006910662874087042,0.4230818519106006
18,741.3063414236864,,,ring-site C-H out-of-plane bending,nu(C2-H13),bond,0.00016701654035046162,-,-0.0007434983566367211,0.32380109525181683
18,741.3063414236864,,,ring-site C-H out-of-plane bending,nu(C3-N4),bond,8.221041972473237e-05,+,0.00026397391280473114,1.2643977132783855
18,741.3063414236864,,,ring-site C-H out-of-plane bending,delta(C9-C8-H15),angle,6.421791134227797e-05,+,0.0005460625516636998,0.23080767378187408
18,741.3063414236864,,,ring-site C-H out-of-plane bending,nu(C9-H16),bond,3.880258413945449e-05,-,-0.0003348695999895428,0.37084126902589476
18,741.3063414236864,,,ring-site C-H out-of-plane bending,nu(C8-C9),bond,3.741381517965177e-05,-,-0.00025946344697546096,0.5956052068357818
18,741.3063414236864,,,ring-site C-H out-of-plane bending,nu(C5-C6),bond,3.690202851612269e-05,-,-0.0002683047787490366,0.549379285605132
18,741.3063414236864,,,ring-site C-H out-of-plane bending,delta(C6-O7-C8),angle,3.5871449231805505e-05,+,0.00016775842863403173,1.366026359575297
18,741.3063414236864,,,ring-site C-H out-of-plane bending,nu(C1-H11),bond,2.6024022363130713e-05,+,0.000286044131105847,0.3408687565072281
18,741.3063414236864,,,ring-site C-H out-of-plane bending,delta(C3-C2-H13),angle,2.540676963380049e-05,+,0.0002631861243440595,0.39309935236092164
18,741.3063414236864,,,ring-site C-H out-of-plane bending,delta(C1-C2-C3),angle,2.191536065731479e-05,+,0.0002326459012197568,0.43394697687697664
18,741.3063414236864,,,ring-site C-H out-of-plane bending,delta(H10-C1-H12),angle,2.0015431880723584e-05,+,0.0002782478479787383,0.277064059575885
18,741.3063414236864,,,ring-site C-H out-of-plane bending,delta(C2-C5-C9),angle,6.4361303718723536e-06,-,-0.00014802612712946922,0.3147943546621411
18,741.3063414236864,,,ring-site C-H out-of-plane bending,tau(C2-C5-C6-O7),dihedral,4.872044086261653e-06,-,-0.00028325530812432743,0.06507796307380474
18,741.3063414236864,,,ring-site C-H out-of-plane bending,nu(C1-H12),bond,4.5213975265369225e-06,-,-0.00011916675556627203,0.34122537331219377
18,741.3063414236864,,,ring-site C-H out-of-plane bending,nu(C1-H10),bond,3.4466012795882613e-06,+,0.00010425436477110267,0.3398454095071219
18,741.3063414236864,,,ring-site C-H out-of-plane bending,nu(C6-H14),bond,2.7536576820931063e-06,+,8.834100866233941e-05,0.37814999512334674
18,741.3063414236864,,,ring-site C-H out-of-plane bending,nu(C8-H15),bond,2.631497466579957e-06,-,-8.63939146242982e-05,0.3778465893608223
18,741.3063414236864,,,ring-site C-H out-of-plane bending,nu(C6-O7),bond,1.6279572256785276e-07,+,1.936479721498597e-05,0.4652602382110782
19,809.6882195324033,,,ring-site C-H out-of-plane bending,tau(H14-C6-O7-C8),dihedral,49.554464698303676,+,0.4614501109344199,0.06591352919497648
19,809.6882195324033,,,ring-site C-H out-of-plane bending,tau(C9-C5-C6-O7),dihedral,18.91815675935717,+,0.16510421718334176,0.19656390570348833
19,809.6882195324033,,,ring-site C-H out-of-plane bending,"gamma(H15;C8,O7,C9)",oop,17.85744409798648,-,-0.14242615017267937,0.24933377621103062
19,809.6882195324033,,,ring-site C-H out-of-plane bending,tau(C6-O7-C8-H15),dihedral,6.128445014809683,-,-0.08377057792026561,0.24734808746537756
19,809.6882195324033,,,ring-site C-H out-of-plane bending,tau(C6-C5-C9-H16),dihedral,2.285712611649982,+,0.10700592320903718,0.056538889473237264
19,809.6882195324033,,,ring-site C-H out-of-plane bending,delta(C1-C2-C5),angle,1.4405749519311324,+,0.03146555708140792,0.41210349231350385
19,809.6882195324033,,,ring-site C-H out-of-plane bending,delta(C1-C2-H13),angle,1.2209850043340973,-,-0.037185016265168375,0.25010113607571116
19,809.6882195324033,,,ring-site C-H out-of-plane bending,delta(C2-C1-H12),angle,1.1126721199551193,+,0.031348664498831814,0.3206789140124306
19,809.6882195324033,,,ring-site C-H out-of-plane bending,"gamma(C5;C2,C1,H13)",oop,0.44197921063240375,-,-0.01659512589872688,0.45455037963053907
19,809.6882195324033,,,ring-site C-H out-of-plane bending,nu(C1-C2),bond,0.22754137817131148,+,0.01572621198120793,0.26058740390841156
19,809.6882195324033,,,ring-site C-H out-of-plane bending,delta(C5-C9-C8),angle,0.17278015011180933,-,-0.006180075504813625,1.2812903955832389
19,809.6882195324033,,,ring-site C-H out-of-plane bending,tau(C3-C2-C5-C9),dihedral,0.14573151265312376,-,-0.05964152341666187,0.011603721655504018
19,809.6882195324033,,,ring-site C-H out-of-plane bending,nu(C2-C5),bond,0.1317498256598811,-,-0.011215497435765456,0.2966567635151466
19,809.6882195324033,,,ring-site C-H out-of-plane bending,tau(H11-C1-C2-C3),dihedral,0.08306835972994159,-,-0.031058574211102846,0.024390117415320465
19,809.6882195324033,,,ring-site C-H out-of-plane bending,delta(H11-C1-H12),angle,0.07702997501766976,+,0.00875686364254836,0.28451414884001697
19,809.6882195324033,,,ring-site C-H out-of-plane bending,delta_lin1(C2-C3-N4),linbend1,0.05167059416209523,-,-0.013274179952593645,0.08305568027078959
19,809.6882195324033,,,ring-site C-H out-of-plane bending,delta(C3-C2-H13),angle,0.03934761962059134,-,-0.005324498524077584,0.39309935236092164
19,809.6882195324033,,,ring-site C-H out-of-plane bending,delta(H10-C1-H11),angle,0.02461719216636345,-,-0.005014492399776773,0.2772846618250007
19,809.6882195324033,,,ring-site C-H out-of-plane bending,delta(C5-C6-H14),angle,0.021235445799772008,-,-0.005104964472400395,0.23079012405429297
19,809.6882195324033,,,ring-site C-H out-of-plane bending,tau(C2-C5-C6-O7),dihedral,0.017649317377524114,-,-0.008764307847633039,0.06507796307380474
19,809.6882195324033,,,ring-site C-H out-of-plane bending,delta(C1-C2-C3),angle,0.013332695455441242,-,-0.002949927136098838,0.43394697687697664
19,809.6882195324033,,,ring-site C-H out-of-plane bending,delta(C6-O7-C8),angle,0.01329667188599107,+,0.0016603994433124743,1.366026359575297
19,809.6882195324033,,,ring-site C-H out-of-plane bending,nu(C5-C9),bond,0.004277180692340262,-,-0.0016921437082486376,0.4230818519106006
19,809.6882195324033,,,ring-site C-H out-of-plane bending,nu(C2-C3),bond,0.004207898256463836,+,0.0019603767943327894,0.31011831126805667
19,809.6882195324033,,,ring-site C-H out-of-plane bending,nu(C6-O7),bond,0.003647138789058327,-,-0.001490043059148388,0.4652602382110782
19,809.6882195324033,,,ring-site C-H out-of-plane bending,delta(C2-C5-C9),angle,0.0018238480477808714,-,-0.0012810069961027007,0.3147943546621411
19,809.6882195324033,,,ring-site C-H out-of-plane bending,delta(H10-C1-H12),angle,0.001463603047210791,+,0.0012231851469903555,0.277064059575885
19,809.6882195324033,,,ring-site C-H out-of-plane bending,nu(C1-H10),bond,0.0010989427180660035,+,0.0009570121835875367,0.3398454095071219
19,809.6882195324033,,,ring-site C-H out-of-plane bending,nu(C3-N4),bond,0.0009243737507302245,+,0.00045504316384623744,1.2643977132783855
19,809.6882195324033,,,ring-site C-H out-of-plane bending,nu(C2-H13),bond,0.000896260114836109,+,0.0008854183559290947,0.32380109525181683
19,809.6882195324033,,,ring-site C-H out-of-plane bending,delta(C2-C1-H11),angle,0.0006376473770071054,-,-0.0007550611133911704,0.3167799276088916
19,809.6882195324033,,,ring-site C-H out-of-plane bending,nu(C1-H12),bond,0.0005124971617039033,-,-0.0006522224094142071,0.34122537331219377
19,809.6882195324033,,,ring-site C-H out-of-plane bending,delta(C9-C8-H15),angle,0.000369298602226813,-,-0.0006731848799268991,0.23080767378187408
19,809.6882195324033,,,ring-site C-H out-of-plane bending,delta(C5-C9-H16),angle,0.0002408059226049085,+,0.0005841589799042978,0.19986941239788925
19,809.6882195324033,,,ring-site C-H out-of-plane bending,nu(O7-C8),bond,0.0001331449180707638,+,0.00028060810047829263,0.47892275585557215
19,809.6882195324033,,,ring-site C-H out-of-plane bending,nu(C6-H14),bond,0.00011268559510630394,+,0.00029051783209369084,0.37814999512334674
19,809.6882195324033,,,ring-site C-H out-of-plane bending,nu(C8-C9),bond,0.00010369388386227518,-,-0.000222058790893005,0.5956052068357818
19,809.6882195324033,,,ring-site C-H out-of-plane bending,delta_lin2(C2-C3-N4),linbend2,5.021685763764124e-05,-,-0.0004061432626228453,0.08622482315228443
19,809.6882195324033,,,ring-site C-H out-of-plane bending,nu(C9-H16),bond,5.01294021723983e-06,+,6.18760919804506e-05,0.37084126902589476
19,809.6882195324033,,,ring-site C-H out-of-plane bending,nu(C1-H11),bond,4.119098619393421e-06,-,-5.8503000373200974e-05,0.3408687565072281
19,809.6882195324033,,,ring-site C-H out-of-plane bending,nu(C5-C6),bond,3.4998673133520325e-06,+,4.247763146743917e-05,0.549379285605132
19,809.6882195324033,,,ring-site C-H out-of-plane bending,nu(C8-H15),bond,2.925587920331788e-06,-,-4.682949417816866e-05,0.3778465893608223
20,855.6043117726535,,,mixed ring-site C-H out-of-plane bending / C-C stretching,"gamma(H15;C8,O7,C9)",oop,25.394175702886223,+,0.2300707804761342,0.24933377621103062
20,855.6043117726535,,,mixed ring-site C-H out-of-plane bending / C-C stretching,tau(C6-O7-C8-H15),dihedral,18.168459784351473,+,0.19538433477624648,0.24734808746537756
20,855.6043117726535,,,mixed ring-site C-H out-of-plane bending / C-C stretching,nu(C2-C3),bond,13.91591264259021,-,-0.15271338534017898,0.31011831126805667
20,855.6043117726535,,,mixed ring-site C-H out-of-plane bending / C-C stretching,tau(C6-C5-C9-H16),dihedral,10.026687685331945,+,0.30359182286086384,0.056538889473237264
20,855.6043117726535,,,mixed ring-site C-H out-of-plane bending / C-C stretching,delta(C2-C1-H11),angle,9.557078101258087,-,-0.12521855935694295,0.3167799276088916
20,855.6043117726535,,,mixed ring-site C-H out-of-plane bending / C-C stretching,nu(C1-C2),bond,5.078482550229732,-,-0.10064106771252608,0.26058740390841156
20,855.6043117726535,,,mixed ring-site C-H out-of-plane bending / C-C stretching,delta(C2-C1-H12),angle,3.8838822203451517,+,0.07933828100818265,0.3206789140124306
20,855.6043117726535,,,mixed ring-site C-H out-of-plane bending / C-C stretching,delta(C1-C2-C3),angle,2.5306176851956814,+,0.055052861678733724,0.43394697687697664
20,855.6043117726535,,,mixed ring-site C-H out-of-plane bending / C-C stretching,delta(C5-C9-C8),angle,1.9123798877945644,+,0.027851478930000135,1.2812903955832389
20,855.6043117726535,,,mixed ring-site C-H out-of-plane bending / C-C stretching,delta(C6-O7-C8),angle,1.718325798131163,-,-0.02556867237067716,1.366026359575297
20,855.6043117726535,,,mixed ring-site C-H out-of-plane bending / C-C stretching,delta(C2-C5-C9),angle,1.6362194453275185,+,0.05197473337189622,0.3147943546621411
20,855.6043117726535,,,mixed ring-site C-H out-of-plane bending / C-C stretching,delta(C1-C2-H13),angle,1.4649120246590894,-,-0.055173800812379055,0.25010113607571116
20,855.6043117726535,,,mixed ring-site C-H out-of-plane bending / C-C stretching,nu(C3-N4),bond,1.3014863939042345,-,-0.023129323380711518,1.2643977132783855
20,855.6043117726535,,,mixed ring-site C-H out-of-plane bending / C-C stretching,"gamma(C5;C2,C1,H13)",oop,0.8925332559689112,+,0.031945239909964555,0.45455037963053907
20,855.6043117726535,,,mixed ring-site C-H out-of-plane bending / C-C stretching,delta(H10-C1-H12),angle,0.43447318848062605,+,0.028548043963392847,0.277064059575885
20,855.6043117726535,,,mixed ring-site C-H out-of-plane bending / C-C stretching,nu(C2-C5),bond,0.4083251828023688,+,0.026746127980891057,0.2966567635151466
20,855.6043117726535,,,mixed ring-site C-H out-of-plane bending / C-C stretching,tau(C9-C5-C6-O7),dihedral,0.29897065411175977,+,0.02811560008506703,0.19656390570348833
20,855.6043117726535,,,mixed ring-site C-H out-of-plane bending / C-C stretching,delta(C5-C6-H14),angle,0.24031616067328015,-,-0.02326311358440714,0.23079012405429297
20,855.6043117726535,,,mixed ring-site C-H out-of-plane bending / C-C stretching,delta_lin2(C2-C3-N4),linbend2,0.21600241867924985,-,-0.036082624093547164,0.08622482315228443
20,855.6043117726535,,,mixed ring-site C-H out-of-plane bending / C-C stretching,delta(C3-C2-H13),angle,0.18312048500869552,-,-0.015559737421404474,0.39309935236092164
20,855.6043117726535,,,mixed ring-site C-H out-of-plane bending / C-C stretching,nu(C6-O7),bond,0.14735220974975452,+,0.01282966510770311,0.4652602382110782
20,855.6043117726535,,,mixed ring-site C-H out-of-plane bending / C-C stretching,delta(C1-C2-C5),angle,0.11180629062888092,-,-0.011874489153233768,0.41210349231350385
20,855.6043117726535,,,mixed ring-site C-H out-of-plane bending / C-C stretching,delta(H10-C1-H11),angle,0.09383006998532453,-,-0.013261512519029187,0.2772846618250007
20,855.6043117726535,,,mixed ring-site C-H out-of-plane bending / C-C stretching,delta(C9-C8-H15),angle,0.09275294238060158,-,-0.014451858103219133,0.23080767378187408
20,855.6043117726535,,,mixed ring-site C-H out-of-plane bending / C-C stretching,nu(C5-C9),bond,0.07446471121066682,+,0.009564186130284537,0.4230818519106006
20,855.6043117726535,,,mixed ring-site C-H out-of-plane bending / C-C stretching,tau(C2-C5-C6-O7),dihedral,0.07212370775313755,-,-0.023999766140166766,0.06507796307380474
20,855.6043117726535,,,mixed ring-site C-H out-of-plane bending / C-C stretching,nu(C8-C9),bond,0.04244319691983836,+,0.00608568913641433,0.5956052068357818
20,855.6043117726535,,,mixed ring-site C-H out-of-plane bending / C-C stretching,delta(C5-C9-H16),angle,0.03593759980389573,+,0.009666880037614413,0.19986941239788925
20,855.6043117726535,,,mixed ring-site C-H out-of-plane bending / C-C stretching,delta(H11-C1-H12),angle,0.015958595133782973,-,-0.005399211710499253,0.28451414884001697
20,855.6043117726535,,,mixed ring-site C-H out-of-plane bending / C-C stretching,tau(H11-C1-C2-C3),dihedral,0.013626354701108097,-,-0.017039932194174972,0.024390117415320465
20,855.6043117726535,,,mixed ring-site C-H out-of-plane bending / C-C stretching,nu(C5-C6),bond,0.011936066880321792,+,0.0033603107755541253,0.549379285605132
20,855.6043117726535,,,mixed ring-site C-H out-of-plane bending / C-C stretching,nu(C2-H13),bond,0.005840878970400001,+,0.00306185704373088,0.32380109525181683
20,855.6043117726535,,,mixed ring-site C-H out-of-plane bending / C-C stretching,delta_lin1(C2-C3-N4),linbend1,0.0054008259026765,-,-0.005813402352869399,0.08305568027078959
20,855.6043117726535,,,mixed ring-site C-H out-of-plane bending / C-C stretching,nu(O7-C8),bond,0.004387078353674829,-,-0.0021819255207941655,0.47892275585557215
20,855.6043117726535,,,mixed ring-site C-H out-of-plane bending / C-C stretching,tau(H14-C6-O7-C8),dihedral,0.0038392646976444862,-,-0.005502014212811327,0.06591352919497648
20,855.6043117726535,,,mixed ring-site C-H out-of-plane bending / C-C stretching,nu(C1-H12),bond,0.0023649502276920785,-,-0.001897908656805266,0.34122537331219377
20,855.6043117726535,,,mixed ring-site C-H out-of-plane bending / C-C stretching,tau(C3-C2-C5-C9),dihedral,0.001751444905730603,-,-0.008856957320160355,0.011603721655504018
20,855.6043117726535,,,mixed ring-site C-H out-of-plane bending / C-C stretching,nu(C1-H10),bond,0.0007005760435742675,-,-0.0010350751927649658,0.3398454095071219
20,855.6043117726535,,,mixed ring-site C-H out-of-plane bending / C-C stretching,nu(C6-H14),bond,0.000663578083750457,-,-0.0009549902339946694,0.37814999512334674
20,855.6043117726535,,,mixed ring-site C-H out-of-plane bending / C-C stretching,nu(C9-H16),bond,0.0002651178313335141,+,0.0006095514980733119,0.37084126902589476
20,855.6043117726535,,,mixed ring-site C-H out-of-plane bending / C-C stretching,nu(C8-H15),bond,0.00019053757995342581,+,0.0005119381942101353,0.3778465893608223
20,855.6043117726535,,,mixed ring-site C-H out-of-plane bending / C-C stretching,nu(C1-H11),bond,2.734526306431793e-06,-,-6.45702425311506e-05,0.3408687565072281
21,855.8768732296501,,,ring-site C-H out-of-plane bending,"gamma(H15;C8,O7,C9)",oop,38.345572304783346,-,-0.3166073795514528,0.24933377621103062
21,855.8768732296501,,,ring-site C-H out-of-plane bending,tau(C6-O7-C8-H15),dihedral,26.722796176363754,-,-0.2653631719794153,0.24734808746537756
21,855.8768732296501,,,ring-site C-H out-of-plane bending,tau(C6-C5-C9-H16),dihedral,15.261840096223057,-,-0.4194534695996938,0.056538889473237264
21,855.8768732296501,,,ring-site C-H out-of-plane bending,nu(C2-C3),bond,5.65782563007327,-,-0.10904733408983909,0.31011831126805667
21,855.8768732296501,,,ring-site C-H out-of-plane bending,delta(C2-C1-H11),angle,3.672820074560825,-,-0.0869310604889383,0.3167799276088916
21,855.8768732296501,,,ring-site C-H out-of-plane bending,nu(C1-C2),bond,2.43283010748511,-,-0.0780069252322544,0.26058740390841156
21,855.8768732296501,,,ring-site C-H out-of-plane bending,delta(C1-C2-C3),angle,1.126955229657228,+,0.041142338838383335,0.43394697687697664
21,855.8768732296501,,,ring-site C-H out-of-plane bending,delta(C2-C1-H12),angle,1.1024497913467557,+,0.04733672264464702,0.3206789140124306
21,855.8768732296501,,,ring-site C-H out-of-plane bending,delta(C5-C9-C8),angle,0.9024985610524321,+,0.02142660938176835,1.2812903955832389
21,855.8768732296501,,,ring-site C-H out-of-plane bending,delta(C6-O7-C8),angle,0.8783483098841355,-,-0.02047188454717053,1.366026359575297
21,855.8768732296501,,,ring-site C-H out-of-plane bending,delta(C2-C5-C9),angle,0.7104836127372519,+,0.03835460757140192,0.3147943546621411
21,855.8768732296501,,,ring-site C-H out-of-plane bending,"gamma(C5;C2,C1,H13)",oop,0.6122096958451134,+,0.029628732149829983,0.45455037963053907
21,855.8768732296501,,,ring-site C-H out-of-plane bending,nu(C3-N4),bond,0.5299142604325764,-,-0.016527795519448173,1.2643977132783855
21,855.8768732296501,,,ring-site C-H out-of-plane bending,tau(C9-C5-C6-O7),dihedral,0.4511568851637009,-,-0.03867816723783946,0.19656390570348833
21,855.8768732296501,,,ring-site C-H out-of-plane bending,delta(C1-C2-H13),angle,0.29427930764537896,-,-0.02769338281431341,0.25010113607571116
21,855.8768732296501,,,ring-site C-H out-of-plane bending,nu(C2-C5),bond,0.20840468280054217,+,0.021398364844680728,0.2966567635151466
21,855.8768732296501,,,ring-site C-H out-of-plane bending,delta(H10-C1-H12),angle,0.1730416494640287,+,0.020176192138399645,0.277064059575885
21,855.8768732296501,,,ring-site C-H out-of-plane bending,delta(C1-C2-C5),angle,0.13387187076035648,-,-0.014551089008983314,0.41210349231350385
21,855.8768732296501,,,ring-site C-H out-of-plane bending,delta(C5-C6-H14),angle,0.1207715089698274,-,-0.018468329509096864,0.23079012405429297
21,855.8768732296501,,,ring-site C-H out-of-plane bending,tau(H14-C6-O7-C8),dihedral,0.10591849795806706,+,0.03236328534869002,0.06591352919497648
21,855.8768732296501,,,ring-site C-H out-of-plane bending,delta_lin2(C2-C3-N4),linbend2,0.09746617425728116,-,-0.02714343346324203,0.08622482315228443
21,855.8768732296501,,,ring-site C-H out-of-plane bending,tau(C3-C2-C5-C9),dihedral,0.08129484450606896,+,0.0675751206267578,0.011603721655504018
21,855.8768732296501,,,ring-site C-H out-of-plane bending,nu(C6-O7),bond,0.07872368444152346,+,0.010501678416221493,0.4652602382110782
21,855.8768732296501,,,ring-site C-H out-of-plane bending,delta(C9-C8-H15),angle,0.06932090292812895,-,-0.013991393210264168,0.23080767378187408
21,855.8768732296501,,,ring-site C-H out-of-plane bending,delta(H10-C1-H11),angle,0.060945034679520685,-,-0.01196906483029919,0.2772846618250007
21,855.8768732296501,,,ring-site C-H out-of-plane bending,delta(C5-C9-H16),angle,0.052343113648171125,+,0.013065035296227757,0.19986941239788925
21,855.8768732296501,,,ring-site C-H out-of-plane bending,delta(C3-C2-H13),angle,0.04394420795665851,-,-0.008535984838400103,0.39309935236092164
21,855.8768732296501,,,ring-site C-H out-of-plane bending,nu(C5-C9),bond,0.023171970905563506,+,0.0059747985578424995,0.4230818519106006
21,855.8768732296501,,,ring-site C-H out-of-plane bending,nu(C8-C9),bond,0.015489616963235378,+,0.004117134689403912,0.5956052068357818
21,855.8768732296501,,,ring-site C-H out-of-plane bending,delta(H11-C1-H12),angle,0.014216040270221988,-,-0.005706783103941363,0.28451414884001697
21,855.8768732296501,,,ring-site C-H out-of-plane bending,nu(C5-C6),bond,0.00861853795908302,+,0.003197677328555368,0.549379285605132
21,855.8768732296501,,,ring-site C-H out-of-plane bending,tau(C2-C5-C6-O7),dihedral,0.004356818694759878,-,-0.006605744118401141,0.06507796307380474
21,855.8768732296501,,,ring-site C-H out-of-plane bending,nu(O7-C8),bond,0.002776439819845593,-,-0.0019438617511277614,0.47892275585557215
21,855.8768732296501,,,ring-site C-H out-of-plane bending,tau(H11-C1-C2-C3),dihedral,0.0009193721582858857,-,-0.004956700827447243,0.024390117415320465
21,855.8768732296501,,,ring-site C-H out-of-plane bending,nu(C1-H12),bond,0.0008278228927922204,-,-0.0012574827493212356,0.34122537331219377
21,855.8768732296501,,,ring-site C-H out-of-plane bending,nu(C2-H13),bond,0.0007087025851381478,+,0.0011943918473537618,0.32380109525181683
21,855.8768732296501,,,ring-site C-H out-of-plane bending,nu(C1-H10),bond,0.0005059921242458798,-,-0.00098511096500045,0.3398454095071219
21,855.8768732296501,,,ring-site C-H out-of-plane bending,nu(C6-H14),bond,0.00024739336900887017,-,-0.0006530041727110848,0.37814999512334674
21,855.8768732296501,,,ring-site C-H out-of-plane bending,nu(C8-H15),bond,9.772569483031444e-05,+,0.00041058266456897336,0.3778465893608223
21,855.8768732296501,,,ring-site C-H out-of-plane bending,nu(C1-H11),bond,3.64480641985879e-05,+,0.000263996162600686,0.3408687565072281
21,855.8768732296501,,,ring-site C-H out-of-plane bending,delta_lin1(C2-C3-N4),linbend1,6.084870441044928e-07,-,-6.910269363214086e-05,0.08305568027078959
21,855.8768732296501,,,ring-site C-H out-of-plane bending,nu(C9-H16),bond,2.9438765026069364e-07,-,-2.2746770340670578e-05,0.37084126902589476
22,896.3348339060282,,,mixed cyclic-ring deformation (C-O-C bend) / ring-site C-H in-plane bending,delta(C6-O7-C8),angle,66.03420765420113,+,0.16915028480419245,1.366026359575297
22,896.3348339060282,,,mixed cyclic-ring deformation (C-O-C bend) / ring-site C-H in-plane bending,delta(C5-C9-C8),angle,11.149644383687901,+,0.07176695340139422,1.2812903955832389
22,896.3348339060282,,,mixed cyclic-ring deformation (C-O-C bend) / ring-site C-H in-plane bending,delta(C9-C8-H15),angle,7.585974356444654,+,0.13947563614314618,0.23080767378187408
22,896.3348339060282,,,mixed cyclic-ring deformation (C-O-C bend) / ring-site C-H in-plane bending,delta(C5-C6-H14),angle,4.976854988567913,+,0.11297612400034278,0.23079012405429297
22,896.3348339060282,,,mixed cyclic-ring deformation (C-O-C bend) / ring-site C-H in-plane bending,delta(C5-C9-H16),angle,2.9532342916415675,-,-0.09351764704052551,0.19986941239788925
22,896.3348339060282,,,mixed cyclic-ring deformation (C-O-C bend) / ring-site C-H in-plane bending,nu(O7-C8),bond,2.243541347266666,-,-0.0526565122861747,0.47892275585557215
22,896.3348339060282,,,mixed cyclic-ring deformation (C-O-C bend) / ring-site C-H in-plane bending,nu(C5-C9),bond,2.040360547365506,+,0.053426785875392846,0.4230818519106006
22,896.3348339060282,,,mixed cyclic-ring deformation (C-O-C bend) / ring-site C-H in-plane bending,nu(C6-O7),bond,1.6333268525892046,-,-0.045583363680279355,0.4652602382110782
22,896.3348339060282,,,mixed cyclic-ring deformation (C-O-C bend) / ring-site C-H in-plane bending,delta(C2-C1-H11),angle,0.3037107559653534,-,-0.02382149680198542,0.3167799276088916
22,896.3348339060282,,,mixed cyclic-ring deformation (C-O-C bend) / ring-site C-H in-plane bending,nu(C5-C6),bond,0.30042996278612644,-,-0.017990915740562555,0.549379285605132
22,896.3348339060282,,,mixed cyclic-ring deformation (C-O-C bend) / ring-site C-H in-plane bending,nu(C2-C3),bond,0.23720210367305397,-,-0.021277144875594838,0.31011831126805667
22,896.3348339060282,,,mixed cyclic-ring deformation (C-O-C bend) / ring-site C-H in-plane bending,"gamma(C5;C2,C1,H13)",oop,0.16604334035953966,-,-0.014704068124211659,0.45455037963053907
22,896.3348339060282,,,mixed cyclic-ring deformation (C-O-C bend) / ring-site C-H in-plane bending,nu(C1-C2),bond,0.058893041234551524,-,-0.011565730518064718,0.26058740390841156
22,896.3348339060282,,,mixed cyclic-ring deformation (C-O-C bend) / ring-site C-H in-plane bending,delta(C1-C2-C3),angle,0.049404539378835925,+,0.008208860613206507,0.43394697687697664
22,896.3348339060282,,,mixed cyclic-ring deformation (C-O-C bend) / ring-site C-H in-plane bending,nu(C2-C5),bond,0.043279540859326525,+,0.009292487444210719,0.2966567635151466
22,896.3348339060282,,,mixed cyclic-ring deformation (C-O-C bend) / ring-site C-H in-plane bending,delta(C2-C1-H12),angle,0.03648071617534523,+,0.008205674082889042,0.3206789140124306
22,896.3348339060282,,,mixed cyclic-ring deformation (C-O-C bend) / ring-site C-H in-plane bending,nu(C8-C9),bond,0.03226541451622267,-,-0.005662486365381625,0.5956052068357818
22,896.3348339060282,,,mixed cyclic-ring deformation (C-O-C bend) / ring-site C-H in-plane bending,delta(C1-C2-C5),angle,0.030697922443715896,+,0.0066400161019867406,0.41210349231350385
22,896.3348339060282,,,mixed cyclic-ring deformation (C-O-C bend) / ring-site C-H in-plane bending,delta(C2-C5-C9),angle,0.028748091330747093,+,0.0073520563657794025,0.3147943546621411
22,896.3348339060282,,,mixed cyclic-ring deformation (C-O-C bend) / ring-site C-H in-plane bending,nu(C3-N4),bond,0.02545165509721012,-,-0.0034517072244423155,1.2643977132783855
22,896.3348339060282,,,mixed cyclic-ring deformation (C-O-C bend) / ring-site C-H in-plane bending,nu(C8-H15),bond,0.014590072526876177,+,0.004780669929940068,0.3778465893608223
22,896.3348339060282,,,mixed cyclic-ring deformation (C-O-C bend) / ring-site C-H in-plane bending,delta(H10-C1-H12),angle,0.012848870717509514,+,0.005239142014219159,0.277064059575885
22,896.3348339060282,,,mixed cyclic-ring deformation (C-O-C bend) / ring-site C-H in-plane bending,delta_lin1(C2-C3-N4),linbend1,0.009341288345347152,+,0.008158991992112445,0.08305568027078959
22,896.3348339060282,,,mixed cyclic-ring deformation (C-O-C bend) / ring-site C-H in-plane bending,delta_lin2(C2-C3-N4),linbend2,0.005167200858301629,-,-0.00595565186597719,0.08622482315228443
22,896.3348339060282,,,mixed cyclic-ring deformation (C-O-C bend) / ring-site C-H in-plane bending,delta(H11-C1-H12),angle,0.004809386546186076,-,-0.00316308378230135,0.28451414884001697
22,896.3348339060282,,,mixed cyclic-ring deformation (C-O-C bend) / ring-site C-H in-plane bending,nu(C6-H14),bond,0.003774279485277242,+,0.002430539964422477,0.37814999512334674
22,896.3348339060282,,,mixed cyclic-ring deformation (C-O-C bend) / ring-site C-H in-plane bending,tau(C6-C5-C9-H16),dihedral,0.0031964327651251402,-,-0.0057846480091323,0.056538889473237264
22,896.3348339060282,,,mixed cyclic-ring deformation (C-O-C bend) / ring-site C-H in-plane bending,nu(C9-H16),bond,0.0029066413079028965,-,-0.0021538699592827336,0.37084126902589476
22,896.3348339060282,,,mixed cyclic-ring deformation (C-O-C bend) / ring-site C-H in-plane bending,tau(H14-C6-O7-C8),dihedral,0.0028730208064598915,+,0.005079253522958637,0.06591352919497648
22,896.3348339060282,,,mixed cyclic-ring deformation (C-O-C bend) / ring-site C-H in-plane bending,delta(C3-C2-H13),angle,0.002542303889490536,+,0.0019565022627169777,0.39309935236092164
22,896.3348339060282,,,mixed cyclic-ring deformation (C-O-C bend) / ring-site C-H in-plane bending,tau(C9-C5-C6-O7),dihedral,0.0019122988641201905,+,0.002399627248155834,0.19656390570348833
22,896.3348339060282,,,mixed cyclic-ring deformation (C-O-C bend) / ring-site C-H in-plane bending,tau(H11-C1-C2-C3),dihedral,0.001895745081622693,+,0.006782671928468213,0.024390117415320465
22,896.3348339060282,,,mixed cyclic-ring deformation (C-O-C bend) / ring-site C-H in-plane bending,"gamma(H15;C8,O7,C9)",oop,0.0018869496677586702,-,-0.002116446956533897,0.24933377621103062
22,896.3348339060282,,,mixed cyclic-ring deformation (C-O-C bend) / ring-site C-H in-plane bending,tau(C2-C5-C6-O7),dihedral,0.0008842490747957491,-,-0.002835881759187221,0.06507796307380474
22,896.3348339060282,,,mixed cyclic-ring deformation (C-O-C bend) / ring-site C-H in-plane bending,tau(C6-O7-C8-H15),dihedral,0.0006873250397423164,-,-0.0012824622560037118,0.24734808746537756
22,896.3348339060282,,,mixed cyclic-ring deformation (C-O-C bend) / ring-site C-H in-plane bending,delta(C1-C2-H13),angle,0.0006856880892249966,-,-0.001273864568579967,0.25010113607571116
22,896.3348339060282,,,mixed cyclic-ring deformation (C-O-C bend) / ring-site C-H in-plane bending,delta(H10-C1-H11),angle,0.00015717750234270857,-,-0.0005792286779003309,0.2772846618250007
22,896.3348339060282,,,mixed cyclic-ring deformation (C-O-C bend) / ring-site C-H in-plane bending,nu(C2-H13),bond,5.1520604235584434e-05,-,-0.0003068803670301742,0.32380109525181683
22,896.3348339060282,,,mixed cyclic-ring deformation (C-O-C bend) / ring-site C-H in-plane bending,nu(C1-H12),bond,1.981787093981834e-05,-,-0.00018540678655532583,0.34122537331219377
22,896.3348339060282,,,mixed cyclic-ring deformation (C-O-C bend) / ring-site C-H in-plane bending,tau(C3-C2-C5-C9),dihedral,1.309720058961571e-05,-,-0.0008173505814342239,0.011603721655504018
22,896.3348339060282,,,mixed cyclic-ring deformation (C-O-C bend) / ring-site C-H in-plane bending,nu(C1-H10),bond,3.7215232749546877e-06,-,-8.05077062745217e-05,0.3398454095071219
22,896.3348339060282,,,mixed cyclic-ring deformation (C-O-C bend) / ring-site C-H in-plane bending,nu(C1-H11),bond,1.4066483080770151e-06,-,-4.942161732938619e-05,0.3408687565072281
23,967.0938851954492,,,mixed cyclic-ring deformation (C-C-C bend) / opposite-phase C-C stretching,delta(C5-C9-C8),angle,40.77616734557109,-,-0.11778596182039208,1.2812903955832389
23,967.0938851954492,,,mixed cyclic-ring deformation (C-C-C bend) / opposite-phase C-C stretching,nu(C5-C9),bond,10.707316657127553,+,0.1050369836350209,0.4230818519106006
23,967.0938851954492,,,mixed cyclic-ring deformation (C-C-C bend) / opposite-phase C-C stretching,nu(C1-C2),bond,9.374658449157733,+,0.1252319473423736,0.26058740390841156
23,967.0938851954492,,,mixed cyclic-ring deformation (C-C-C bend) / opposite-phase C-C stretching,nu(C2-C3),bond,8.724817851395631,-,-0.11074613943786003,0.31011831126805667
23,967.0938851954492,,,mixed cyclic-ring deformation (C-C-C bend) / opposite-phase C-C stretching,delta(C2-C1-H11),angle,5.473376677413803,-,-0.08678865492411894,0.3167799276088916
23,967.0938851954492,,,mixed cyclic-ring deformation (C-C-C bend) / opposite-phase C-C stretching,nu(C2-C5),bond,4.962473154243819,+,0.08539571410416562,0.2966567635151466
23,967.0938851954492,,,mixed cyclic-ring deformation (C-C-C bend) / opposite-phase C-C stretching,delta(C5-C9-H16),angle,3.8235599610839652,+,0.09132189215379118,0.19986941239788925
23,967.0938851954492,,,mixed cyclic-ring deformation (C-C-C bend) / opposite-phase C-C stretching,delta(C2-C1-H12),angle,3.201532330402381,-,-0.06597172810474981,0.3206789140124306
23,967.0938851954492,,,mixed cyclic-ring deformation (C-C-C bend) / opposite-phase C-C stretching,delta(C6-O7-C8),angle,3.041998788134205,+,0.03115760699176358,1.366026359575297
23,967.0938851954492,,,mixed cyclic-ring deformation (C-C-C bend) / opposite-phase C-C stretching,nu(C5-C6),bond,1.8938190903624206,+,0.038765663487342006,0.549379285605132
23,967.0938851954492,,,mixed cyclic-ring deformation (C-C-C bend) / opposite-phase C-C stretching,delta(C5-C6-H14),angle,1.4045309350445303,+,0.051507581785592685,0.23079012405429297
23,967.0938851954492,,,mixed cyclic-ring deformation (C-C-C bend) / opposite-phase C-C stretching,delta(H11-C1-H12),angle,0.9465316777806022,-,-0.03808287776834528,0.28451414884001697
23,967.0938851954492,,,mixed cyclic-ring deformation (C-C-C bend) / opposite-phase C-C stretching,delta(C1-C2-H13),angle,0.9427283888425342,+,0.04053681071345391,0.25010113607571116
23,967.0938851954492,,,mixed cyclic-ring deformation (C-C-C bend) / opposite-phase C-C stretching,delta(C2-C5-C9),angle,0.8842193236987527,-,-0.034992957535520446,0.3147943546621411
23,967.0938851954492,,,mixed cyclic-ring deformation (C-C-C bend) / opposite-phase C-C stretching,nu(C6-O7),bond,0.6546867795575781,-,-0.024767543403998657,0.4652602382110782
23,967.0938851954492,,,mixed cyclic-ring deformation (C-C-C bend) / opposite-phase C-C stretching,nu(C3-N4),bond,0.6055369829593614,-,-0.014449160062036791,1.2643977132783855
23,967.0938851954492,,,mixed cyclic-ring deformation (C-C-C bend) / opposite-phase C-C stretching,delta(C3-C2-H13),angle,0.5484798171934984,-,-0.024662850933882513,0.39309935236092164
23,967.0938851954492,,,mixed cyclic-ring deformation (C-C-C bend) / opposite-phase C-C stretching,"gamma(C5;C2,C1,H13)",oop,0.49057411076987695,+,0.02169079235124271,0.45455037963053907
23,967.0938851954492,,,mixed cyclic-ring deformation (C-C-C bend) / opposite-phase C-C stretching,delta(C1-C2-C5),angle,0.31275398127899773,-,-0.01818914950105809,0.41210349231350385
23,967.0938851954492,,,mixed cyclic-ring deformation (C-C-C bend) / opposite-phase C-C stretching,delta(H10-C1-H12),angle,0.24435807924812672,+,0.019608183895885704,0.277064059575885
23,967.0938851954492,,,mixed cyclic-ring deformation (C-C-C bend) / opposite-phase C-C stretching,delta(H10-C1-H11),angle,0.21997179216924262,+,0.018596648808793404,0.2772846618250007
23,967.0938851954492,,,mixed cyclic-ring deformation (C-C-C bend) / opposite-phase C-C stretching,tau(H11-C1-C2-C3),dihedral,0.21953269784841598,+,0.06264072539235752,0.024390117415320465
23,967.0938851954492,,,mixed cyclic-ring deformation (C-C-C bend) / opposite-phase C-C stretching,nu(O7-C8),bond,0.19132173457547277,+,0.013196645028905257,0.47892275585557215
23,967.0938851954492,,,mixed cyclic-ring deformation (C-C-C bend) / opposite-phase C-C stretching,delta(C9-C8-H15),angle,0.08318556261783805,+,0.01253467199001388,0.23080767378187408
23,967.0938851954492,,,mixed cyclic-ring deformation (C-C-C bend) / opposite-phase C-C stretching,delta_lin2(C2-C3-N4),linbend2,0.060840346170331155,+,0.01753855458073708,0.08622482315228443
23,967.0938851954492,,,mixed cyclic-ring deformation (C-C-C bend) / opposite-phase C-C stretching,tau(C2-C5-C6-O7),dihedral,0.048125926868685755,+,0.017955053122244997,0.06507796307380474
23,967.0938851954492,,,mixed cyclic-ring deformation (C-C-C bend) / opposite-phase C-C stretching,delta(C1-C2-C3),angle,0.04297183598284985,-,-0.006570338393480672,0.43394697687697664
23,967.0938851954492,,,mixed cyclic-ring deformation (C-C-C bend) / opposite-phase C-C stretching,nu(C6-H14),bond,0.030926702182445157,+,0.005971024774157981,0.37814999512334674
23,967.0938851954492,,,mixed cyclic-ring deformation (C-C-C bend) / opposite-phase C-C stretching,delta_lin1(C2-C3-N4),linbend1,0.029496920077610105,-,-0.012442790314079409,0.08305568027078959
23,967.0938851954492,,,mixed cyclic-ring deformation (C-C-C bend) / opposite-phase C-C stretching,nu(C9-H16),bond,0.026773646361752893,+,0.005610141931456746,0.37084126902589476
23,967.0938851954492,,,mixed cyclic-ring deformation (C-C-C bend) / opposite-phase C-C stretching,tau(C9-C5-C6-O7),dihedral,0.019860312401722126,+,0.006636747087659433,0.19656390570348833
23,967.0938851954492,,,mixed cyclic-ring deformation (C-C-C bend) / opposite-phase C-C stretching,nu(C1-H12),bond,0.0030115183028707284,+,0.0019614905099600154,0.34122537331219377
23,967.0938851954492,,,mixed cyclic-ring deformation (C-C-C bend) / opposite-phase C-C stretching,tau(C3-C2-C5-C9),dihedral,0.002589378895616985,-,-0.00986309615967121,0.011603721655504018
23,967.0938851954492,,,mixed cyclic-ring deformation (C-C-C bend) / opposite-phase C-C stretching,tau(C6-O7-C8-H15),dihedral,0.002059532989065748,-,-0.0019052159760892984,0.24734808746537756
23,967.0938851954492,,,mixed cyclic-ring deformation (C-C-C bend) / opposite-phase C-C stretching,"gamma(H15;C8,O7,C9)",oop,0.00147350007056033,-,-0.0016050872309126348,0.24933377621103062
23,967.0938851954492,,,mixed cyclic-ring deformation (C-C-C bend) / opposite-phase C-C stretching,nu(C1-H10),bond,0.0012335350935207443,-,-0.0012579088346168857,0.3398454095071219
23,967.0938851954492,,,mixed cyclic-ring deformation (C-C-C bend) / opposite-phase C-C stretching,nu(C1-H11),bond,0.0008722391290088317,+,0.0010561808797750062,0.3408687565072281
23,967.0938851954492,,,mixed cyclic-ring deformation (C-C-C bend) / opposite-phase C-C stretching,tau(H14-C6-O7-C8),dihedral,0.0007958770618383144,+,0.002294298006435168,0.06591352919497648
23,967.0938851954492,,,mixed cyclic-ring deformation (C-C-C bend) / opposite-phase C-C stretching,nu(C8-C9),bond,0.0005793018144211671,-,-0.0006511594056176195,0.5956052068357818
23,967.0938851954492,,,mixed cyclic-ring deformation (C-C-C bend) / opposite-phase C-C stretching,nu(C2-H13),bond,0.0001599274141243716,+,0.0004640196983803748,0.32380109525181683
23,967.0938851954492,,,mixed cyclic-ring deformation (C-C-C bend) / opposite-phase C-C stretching,tau(C6-C5-C9-H16),dihedral,7.995350048785901e-05,-,-0.0007851619065385656,0.056538889473237264
23,967.0938851954492,,,mixed cyclic-ring deformation (C-C-C bend) / opposite-phase C-C stretching,nu(C8-H15),bond,1.7377205683856638e-05,-,-0.00014159448367860838,0.3778465893608223
24,1025.386502170196,,,mixed mixed-phase C-C stretching / C-H bending,nu(C1-C2),bond,24.68250638905473,-,-0.21287634212236384,0.26058740390841156
24,1025.386502170196,,,mixed mixed-phase C-C stretching / C-H bending,delta(C5-C9-C8),angle,11.353908241457077,-,-0.06511160252602183,1.2812903955832389
24,1025.386502170196,,,mixed mixed-phase C-C stretching / C-H bending,delta(C2-C1-H12),angle,8.269818562148307,+,0.11107652084017736,0.3206789140124306
24,1025.386502170196,,,mixed mixed-phase C-C stretching / C-H bending,nu(C2-C3),bond,7.648797555995725,+,0.10862814358716967,0.31011831126805667
24,1025.386502170196,,,mixed mixed-phase C-C stretching / C-H bending,nu(C5-C6),bond,6.481834726705203,+,0.07513154437688756,0.549379285605132
24,1025.386502170196,,,mixed mixed-phase C-C stretching / C-H bending,delta(C5-C6-H14),angle,6.193907205836924,+,0.11331390769393,0.23079012405429297
24,1025.386502170196,,,mixed mixed-phase C-C stretching / C-H bending,nu(C5-C9),bond,6.07607455962678,+,0.08289127666415587,0.4230818519106006
24,1025.386502170196,,,mixed mixed-phase C-C stretching / C-H bending,delta(C5-C9-H16),angle,5.425776239332086,+,0.1139638864932319,0.19986941239788925
24,1025.386502170196,,,mixed mixed-phase C-C stretching / C-H bending,nu(C2-C5),bond,4.434628707737053,+,0.08456895897235361,0.2966567635151466
24,1025.386502170196,,,mixed mixed-phase C-C stretching / C-H bending,delta(C3-C2-H13),angle,3.186185142066492,+,0.06227214414473878,0.39309935236092164
24,1025.386502170196,,,mixed mixed-phase C-C stretching / C-H bending,delta(C2-C5-C9),angle,2.6263344410763616,-,-0.06317874961576747,0.3147943546621411
24,1025.386502170196,,,mixed mixed-phase C-C stretching / C-H bending,delta(C1-C2-H13),angle,2.5453502731679056,-,-0.06977910986297939,0.25010113607571116
24,1025.386502170196,,,mixed mixed-phase C-C stretching / C-H bending,"gamma(C5;C2,C1,H13)",oop,2.3974551990094057,-,-0.05023353225774605,0.45455037963053907
24,1025.386502170196,,,mixed mixed-phase C-C stretching / C-H bending,delta(C6-O7-C8),angle,1.7801490079480202,+,0.024969400656215612,1.366026359575297
24,1025.386502170196,,,mixed mixed-phase C-C stretching / C-H bending,nu(O7-C8),bond,1.6756273375720574,-,-0.04091338962890607,0.47892275585557215
24,1025.386502170196,,,mixed mixed-phase C-C stretching / C-H bending,nu(C6-O7),bond,0.8731680046694134,+,0.029964733331344508,0.4652602382110782
24,1025.386502170196,,,mixed mixed-phase C-C stretching / C-H bending,delta(H10-C1-H11),angle,0.7381946040183245,-,-0.035688803602576424,0.2772846618250007
24,1025.386502170196,,,mixed mixed-phase C-C stretching / C-H bending,delta_lin1(C2-C3-N4),linbend1,0.6823290825561865,+,0.06269338957560762,0.08305568027078959
24,1025.386502170196,,,mixed mixed-phase C-C stretching / C-H bending,nu(C3-N4),bond,0.5820109960835431,+,0.014839976860964875,1.2643977132783855
24,1025.386502170196,,,mixed mixed-phase C-C stretching / C-H bending,delta(C1-C2-C3),angle,0.5080644793693775,+,0.02366740063776796,0.43394697687697664
24,1025.386502170196,,,mixed mixed-phase C-C stretching / C-H bending,delta(C9-C8-H15),angle,0.4101290978921415,-,-0.02915712166657688,0.23080767378187408
24,1025.386502170196,,,mixed mixed-phase C-C stretching / C-H bending,nu(C8-C9),bond,0.360798455789491,-,-0.017024037679218916,0.5956052068357818
24,1025.386502170196,,,mixed mixed-phase C-C stretching / C-H bending,delta(H11-C1-H12),angle,0.32694372666200694,+,0.0234473653012148,0.28451414884001697
24,1025.386502170196,,,mixed mixed-phase C-C stretching / C-H bending,delta_lin2(C2-C3-N4),linbend2,0.19202746195468157,-,-0.03264186726445131,0.08622482315228443
24,1025.386502170196,,,mixed mixed-phase C-C stretching / C-H bending,delta(C1-C2-C5),angle,0.1847506772917286,+,0.014645336400603953,0.41210349231350385
24,1025.386502170196,,,mixed mixed-phase C-C stretching / C-H bending,delta(C2-C1-H11),angle,0.17246970975939924,-,-0.016139388219215508,0.3167799276088916
24,1025.386502170196,,,mixed mixed-phase C-C stretching / C-H bending,tau(C2-C5-C6-O7),dihedral,0.048442294779906706,-,-0.01887143207070012,0.06507796307380474
24,1025.386502170196,,,mixed mixed-phase C-C stretching / C-H bending,tau(C9-C5-C6-O7),dihedral,0.04324040556920925,-,-0.01025893959181457,0.19656390570348833
24,1025.386502170196,,,mixed mixed-phase C-C stretching / C-H bending,nu(C6-H14),bond,0.0325582098894813,+,0.006418117879380552,0.37814999512334674
24,1025.386502170196,,,mixed mixed-phase C-C stretching / C-H bending,delta(H10-C1-H12),angle,0.020541163693977054,+,0.00595568753989558,0.277064059575885
24,1025.386502170196,,,mixed mixed-phase C-C stretching / C-H bending,nu(C9-H16),bond,0.0128107374546441,+,0.0040653928195106106,0.37084126902589476
24,1025.386502170196,,,mixed mixed-phase C-C stretching / C-H bending,nu(C1-H12),bond,0.010459006506646645,-,-0.003829429137686545,0.34122537331219377
24,1025.386502170196,,,mixed mixed-phase C-C stretching / C-H bending,tau(H11-C1-C2-C3),dihedral,0.009734212173886262,-,-0.013818246581503588,0.024390117415320465
24,1025.386502170196,,,mixed mixed-phase C-C stretching / C-H bending,tau(C6-O7-C8-H15),dihedral,0.003288347301477829,+,0.0025219939542597,0.24734808746537756
24,1025.386502170196,,,mixed mixed-phase C-C stretching / C-H bending,nu(C2-H13),bond,0.0027669250487717153,-,-0.0020219435218846744,0.32380109525181683
24,1025.386502170196,,,mixed mixed-phase C-C stretching / C-H bending,tau(C3-C2-C5-C9),dihedral,0.0023635414752093717,+,0.009871711216619615,0.011603721655504018
24,1025.386502170196,,,mixed mixed-phase C-C stretching / C-H bending,nu(C1-H10),bond,0.0015936959284581183,+,0.001497860979514289,0.3398454095071219
24,1025.386502170196,,,mixed mixed-phase C-C stretching / C-H bending,tau(H14-C6-O7-C8),dihedral,0.0015200850483326092,-,-0.0033216673716709734,0.06591352919497648
24,1025.386502170196,,,mixed mixed-phase C-C stretching / C-H bending,"gamma(H15;C8,O7,C9)",oop,0.0004785796563409306,+,0.0009582879764472867,0.24933377621103062
24,1025.386502170196,,,mixed mixed-phase C-C stretching / C-H bending,nu(C1-H11),bond,0.00043047518252068887,+,0.000777302278812471,0.3408687565072281
24,1025.386502170196,,,mixed mixed-phase C-C stretching / C-H bending,tau(C6-C5-C9-H16),dihedral,0.0003375573681557481,+,0.0016900892476538925,0.056538889473237264
24,1025.386502170196,,,mixed mixed-phase C-C stretching / C-H bending,nu(C8-H15),bond,0.0001948781425538597,-,-0.000496744757331257,0.3778465893608223
25,1051.3172821714427,,,mixed cyclic C-O stretching / ring-site C-H in-plane bending,nu(O7-C8),bond,50.89219909753886,-,-0.22542026698220596,0.47892275585557215
25,1051.3172821714427,,,mixed cyclic C-O stretching / ring-site C-H in-plane bending,delta(C5-C9-H16),angle,22.405058796939898,+,0.23152610393852643,0.19986941239788925
25,1051.3172821714427,,,mixed cyclic C-O stretching / ring-site C-H in-plane bending,nu(C6-O7),bond,5.571874750361921,-,-0.07567506294034324,0.4652602382110782
25,1051.3172821714427,,,mixed cyclic C-O stretching / ring-site C-H in-plane bending,delta(C5-C6-H14),angle,3.062079767460275,+,0.07965255793671223,0.23079012405429297
25,1051.3172821714427,,,mixed cyclic C-O stretching / ring-site C-H in-plane bending,delta(C9-C8-H15),angle,2.745849016789423,-,-0.0754246480366399,0.23080767378187408
25,1051.3172821714427,,,mixed cyclic C-O stretching / ring-site C-H in-plane bending,nu(C2-C5),bond,2.61079369646144,-,-0.06487229137602295,0.2966567635151466
25,1051.3172821714427,,,mixed cyclic C-O stretching / ring-site C-H in-plane bending,delta(C2-C1-H11),angle,2.4114320426657025,+,0.060333535250993636,0.3167799276088916
25,1051.3172821714427,,,mixed cyclic C-O stretching / ring-site C-H in-plane bending,nu(C8-C9),bond,1.9575509307540897,-,-0.03964399198942375,0.5956052068357818
25,1051.3172821714427,,,mixed cyclic C-O stretching / ring-site C-H in-plane bending,nu(C1-C2),bond,1.7850900780779733,+,0.057233913909282015,0.26058740390841156
25,1051.3172821714427,,,mixed cyclic C-O stretching / ring-site C-H in-plane bending,delta(C2-C1-H12),angle,1.3012186521027405,-,-0.04404940285629042,0.3206789140124306
25,1051.3172821714427,,,mixed cyclic C-O stretching / ring-site C-H in-plane bending,delta(C5-C9-C8),angle,1.1279528928569098,-,-0.020517374391769642,1.2812903955832389
25,1051.3172821714427,,,mixed cyclic C-O stretching / ring-site C-H in-plane bending,delta(C2-C5-C9),angle,0.9190020313634164,+,0.03736326803822136,0.3147943546621411
25,1051.3172821714427,,,mixed cyclic C-O stretching / ring-site C-H in-plane bending,"gamma(C5;C2,C1,H13)",oop,0.6337838402712725,+,0.025821392302111335,0.45455037963053907
25,1051.3172821714427,,,mixed cyclic C-O stretching / ring-site C-H in-plane bending,nu(C2-C3),bond,0.6046607145781961,-,-0.030534601661505695,0.31011831126805667
25,1051.3172821714427,,,mixed cyclic C-O stretching / ring-site C-H in-plane bending,delta(C1-C2-H13),angle,0.3402685191348231,+,0.025506633431739194,0.25010113607571116
25,1051.3172821714427,,,mixed cyclic C-O stretching / ring-site C-H in-plane bending,delta(C3-C2-H13),angle,0.3232057869544384,-,-0.01982843725736876,0.39309935236092164
25,1051.3172821714427,,,mixed cyclic C-O stretching / ring-site C-H in-plane bending,nu(C5-C6),bond,0.25077650446410255,+,0.014774315521540356,0.549379285605132
25,1051.3172821714427,,,mixed cyclic C-O stretching / ring-site C-H in-plane bending,delta(H10-C1-H11),angle,0.22188231431532407,+,0.01956133575878076,0.2772846618250007
25,1051.3172821714427,,,mixed cyclic C-O stretching / ring-site C-H in-plane bending,delta(H10-C1-H12),angle,0.19469276707613775,-,-0.018330946911658524,0.277064059575885
25,1051.3172821714427,,,mixed cyclic C-O stretching / ring-site C-H in-plane bending,delta(C6-O7-C8),angle,0.16174204873946488,+,0.00752457573156927,1.366026359575297
25,1051.3172821714427,,,mixed cyclic C-O stretching / ring-site C-H in-plane bending,nu(C5-C9),bond,0.09416726026757645,-,-0.01031663003818316,0.4230818519106006
25,1051.3172821714427,,,mixed cyclic C-O stretching / ring-site C-H in-plane bending,delta(H11-C1-H12),angle,0.06782032073283437,+,0.010676479556723932,0.28451414884001697
25,1051.3172821714427,,,mixed cyclic C-O stretching / ring-site C-H in-plane bending,delta_lin1(C2-C3-N4),linbend1,0.0653264684731431,-,-0.019393670299788522,0.08305568027078959
25,1051.3172821714427,,,mixed cyclic C-O stretching / ring-site C-H in-plane bending,nu(C3-N4),bond,0.05686133511006839,-,-0.0046373167691563634,1.2643977132783855
25,1051.3172821714427,,,mixed cyclic C-O stretching / ring-site C-H in-plane bending,delta(C1-C2-C5),angle,0.05605093525699851,-,-0.008064702881659962,0.41210349231350385
25,1051.3172821714427,,,mixed cyclic C-O stretching / ring-site C-H in-plane bending,nu(C8-H15),bond,0.04964166218970669,-,-0.007926208489227761,0.3778465893608223
25,1051.3172821714427,,,mixed cyclic C-O stretching / ring-site C-H in-plane bending,nu(C6-H14),bond,0.04304895683861206,-,-0.00737818183137691,0.37814999512334674
25,1051.3172821714427,,,mixed cyclic C-O stretching / ring-site C-H in-plane bending,nu(C9-H16),bond,0.01814765676962338,-,-0.004837448300488994,0.37084126902589476
25,1051.3172821714427,,,mixed cyclic C-O stretching / ring-site C-H in-plane bending,delta(C1-C2-C3),angle,0.010075051889946245,+,0.0033320031223307385,0.43394697687697664
25,1051.3172821714427,,,mixed cyclic C-O stretching / ring-site C-H in-plane bending,tau(H11-C1-C2-C3),dihedral,0.005157165856406663,-,-0.010055384718371804,0.024390117415320465
25,1051.3172821714427,,,mixed cyclic C-O stretching / ring-site C-H in-plane bending,tau(C6-C5-C9-H16),dihedral,0.004201791014035801,+,0.005961337012592665,0.056538889473237264
25,1051.3172821714427,,,mixed cyclic C-O stretching / ring-site C-H in-plane bending,delta_lin2(C2-C3-N4),linbend2,0.0024552288660935713,+,0.0036900302130479464,0.08622482315228443
25,1051.3172821714427,,,mixed cyclic C-O stretching / ring-site C-H in-plane bending,nu(C1-H11),bond,0.0019488547655686873,-,-0.0016534696475173857,0.3408687565072281
25,1051.3172821714427,,,mixed cyclic C-O stretching / ring-site C-H in-plane bending,tau(C2-C5-C6-O7),dihedral,0.0017547095167135295,+,0.0035907546178371086,0.06507796307380474
25,1051.3172821714427,,,mixed cyclic C-O stretching / ring-site C-H in-plane bending,nu(C1-H12),bond,0.0012188225149287499,+,0.0013069219822965552,0.34122537331219377
25,1051.3172821714427,,,mixed cyclic C-O stretching / ring-site C-H in-plane bending,tau(C9-C5-C6-O7),dihedral,0.000743643724078743,+,0.0013450259381550722,0.19656390570348833
25,1051.3172821714427,,,mixed cyclic C-O stretching / ring-site C-H in-plane bending,nu(C2-H13),bond,0.00011358913840758494,+,0.0004095711272932939,0.32380109525181683
25,1051.3172821714427,,,mixed cyclic C-O stretching / ring-site C-H in-plane bending,"gamma(H15;C8,O7,C9)",oop,9.550151809776545e-05,+,0.00042797132154766553,0.24933377621103062
25,1051.3172821714427,,,mixed cyclic C-O stretching / ring-site C-H in-plane bending,tau(C3-C2-C5-C9),dihedral,2.8865035355014613e-05,+,0.0010906552219851276,0.011603721655504018
25,1051.3172821714427,,,mixed cyclic C-O stretching / ring-site C-H in-plane bending,tau(C6-O7-C8-H15),dihedral,1.748893661474257e-05,-,-0.00018387704297969973,0.24734808746537756
25,1051.3172821714427,,,mixed cyclic C-O stretching / ring-site C-H in-plane bending,nu(C1-H10),bond,1.0323511587643294e-05,+,0.00012052388108203745,0.3398454095071219
25,1051.3172821714427,,,mixed cyclic C-O stretching / ring-site C-H in-plane bending,tau(H14-C6-O7-C8),dihedral,1.1916717538037587e-07,+,2.9402965029355137e-05,0.06591352919497648
26,1083.6820314004997,,,mixed C-H bending / C-C stretching,delta(C2-C1-H12),angle,38.50588984286452,-,-0.29167771325145053,0.3206789140124306
26,1083.6820314004997,,,mixed C-H bending / C-C stretching,nu(C1-C2),bond,15.1080955543037,-,-0.2026763238122503,0.26058740390841156
26,1083.6820314004997,,,mixed C-H bending / C-C stretching,delta(C2-C1-H11),angle,13.930311572847247,+,0.17651290154530425,0.3167799276088916
26,1083.6820314004997,,,mixed C-H bending / C-C stretching,delta(C3-C2-H13),angle,8.505167454952938,-,-0.12381268354674896,0.39309935236092164
26,1083.6820314004997,,,mixed C-H bending / C-C stretching,delta(C1-C2-C3),angle,6.08311014613718,+,0.09965965354340803,0.43394697687697664
26,1083.6820314004997,,,mixed C-H bending / C-C stretching,delta(C1-C2-C5),angle,4.455234104058941,+,0.08751993445403118,0.41210349231350385
26,1083.6820314004997,,,mixed C-H bending / C-C stretching,delta(H10-C1-H11),angle,3.3743347725017343,+,0.09285515658721719,0.2772846618250007
26,1083.6820314004997,,,mixed C-H bending / C-C stretching,delta(C1-C2-H13),angle,3.0637096380100695,+,0.09316243595242074,0.25010113607571116
26,1083.6820314004997,,,mixed C-H bending / C-C stretching,delta(H10-C1-H12),angle,1.1907008156499688,-,-0.055180558963557044,0.277064059575885
26,1083.6820314004997,,,mixed C-H bending / C-C stretching,delta_lin2(C2-C3-N4),linbend2,1.0497159724109058,-,-0.09287409889868706,0.08622482315228443
26,1083.6820314004997,,,mixed C-H bending / C-C stretching,nu(C6-O7),bond,0.9276083788528718,+,0.03758453907741445,0.4652602382110782
26,1083.6820314004997,,,mixed C-H bending / C-C stretching,tau(C2-C5-C6-O7),dihedral,0.8577921966122573,-,-0.09663822322885053,0.06507796307380474
26,1083.6820314004997,,,mixed C-H bending / C-C stretching,delta(H11-C1-H12),angle,0.8054619991234577,-,-0.04478632837334981,0.28451414884001697
26,1083.6820314004997,,,mixed C-H bending / C-C stretching,nu(C5-C9),bond,0.6597714518718614,+,0.03323987853250632,0.4230818519106006
26,1083.6820314004997,,,mixed C-H bending / C-C stretching,nu(O7-C8),bond,0.28940259752720876,+,0.020691565135207604,0.47892275585557215
26,1083.6820314004997,,,mixed C-H bending / C-C stretching,tau(H11-C1-C2-C3),dihedral,0.2893790276338404,+,0.09168566673299253,0.024390117415320465
26,1083.6820314004997,,,mixed C-H bending / C-C stretching,tau(C9-C5-C6-O7),dihedral,0.2649889753526005,+,0.0309055789063772,0.19656390570348833
26,1083.6820314004997,,,mixed C-H bending / C-C stretching,delta(C5-C9-H16),angle,0.14753848938985575,+,0.022869378636346083,0.19986941239788925
26,1083.6820314004997,,,mixed C-H bending / C-C stretching,delta(C9-C8-H15),angle,0.11993782595879143,-,-0.019187916979676,0.23080767378187408
26,1083.6820314004997,,,mixed C-H bending / C-C stretching,nu(C2-C5),bond,0.07931121803804667,+,0.013763061458339228,0.2966567635151466
26,1083.6820314004997,,,mixed C-H bending / C-C stretching,delta_lin1(C2-C3-N4),linbend1,0.06583729134317812,-,-0.023698790084722608,0.08305568027078959
26,1083.6820314004997,,,mixed C-H bending / C-C stretching,nu(C8-C9),bond,0.05038522044426319,-,-0.007741893721532793,0.5956052068357818
26,1083.6820314004997,,,mixed C-H bending / C-C stretching,tau(H14-C6-O7-C8),dihedral,0.036116955150640305,+,0.019703489584411375,0.06591352919497648
26,1083.6820314004997,,,mixed C-H bending / C-C stretching,delta(C5-C9-C8),angle,0.023305140201155213,+,0.003589855281373093,1.2812903955832389
26,1083.6820314004997,,,mixed C-H bending / C-C stretching,nu(C5-C6),bond,0.02019073365172897,-,-0.0051028731938148495,0.549379285605132
26,1083.6820314004997,,,mixed C-H bending / C-C stretching,tau(C3-C2-C5-C9),dihedral,0.016596084302332805,+,0.031833107167419675,0.011603721655504018
26,1083.6820314004997,,,mixed C-H bending / C-C stretching,nu(C1-H12),bond,0.01406205588665383,+,0.005403543071133357,0.34122537331219377
26,1083.6820314004997,,,mixed C-H bending / C-C stretching,delta(C6-O7-C8),angle,0.011234483170656168,-,-0.0024139144563044045,1.366026359575297
26,1083.6820314004997,,,mixed C-H bending / C-C stretching,nu(C1-H11),bond,0.010251243177872972,-,-0.004616039710800736,0.3408687565072281
26,1083.6820314004997,,,mixed C-H bending / C-C stretching,nu(C2-C3),bond,0.010074455397665385,+,0.004797576964344618,0.31011831126805667
26,1083.6820314004997,,,mixed C-H bending / C-C stretching,nu(C2-H13),bond,0.008295624336321687,+,0.004260496847641414,0.32380109525181683
26,1083.6820314004997,,,mixed C-H bending / C-C stretching,nu(C1-H10),bond,0.007591357621505803,-,-0.003978266640594967,0.3398454095071219
26,1083.6820314004997,,,mixed C-H bending / C-C stretching,delta(C5-C6-H14),angle,0.006970106456210483,-,-0.004625790520885442,0.23079012405429297
26,1083.6820314004997,,,mixed C-H bending / C-C stretching,"gamma(H15;C8,O7,C9)",oop,0.003264051261194,+,0.003045529387636474,0.24933377621103062
26,1083.6820314004997,,,mixed C-H bending / C-C stretching,nu(C3-N4),bond,0.002606176141901321,-,-0.001208467285324742,1.2643977132783855
26,1083.6820314004997,,,mixed C-H bending / C-C stretching,nu(C6-H14),bond,0.0016035177078231198,+,0.0017333237871822932,0.37814999512334674
26,1083.6820314004997,,,mixed C-H bending / C-C stretching,nu(C8-H15),bond,0.0013574810967288587,+,0.001595452976767157,0.3778465893608223
26,1083.6820314004997,,,mixed C-H bending / C-C stretching,nu(C9-H16),bond,0.0011095379937517812,+,0.0014559683233348415,0.37084126902589476
26,1083.6820314004997,,,mixed C-H bending / C-C stretching,"gamma(C5;C2,C1,H13)",oop,0.0007768067090823418,+,0.0011003740451699371,0.45455037963053907
26,1083.6820314004997,,,mixed C-H bending / C-C stretching,tau(C6-C5-C9-H16),dihedral,0.0007494836627792617,+,0.003064660105013076,0.056538889473237264
26,1083.6820314004997,,,mixed C-H bending / C-C stretching,delta(C2-C5-C9),angle,0.00015898897300681804,+,0.0005981979230712973,0.3147943546621411
26,1083.6820314004997,,,mixed C-H bending / C-C stretching,tau(C6-O7-C8-H15),dihedral,1.1712155782672229e-06,+,5.7921394372344124e-05,0.24734808746537756
27,1092.74608740803,,,mixed cyclic C-O stretching / ring-site C-H in-plane bending,nu(C6-O7),bond,43.992909024501614,-,-0.21324629945245732,0.4652602382110782
27,1092.74608740803,,,mixed cyclic C-O stretching / ring-site C-H in-plane bending,delta(C9-C8-H15),angle,14.666530241590403,+,0.1748141977726175,0.23080767378187408
27,1092.74608740803,,,mixed cyclic C-O stretching / ring-site C-H in-plane bending,delta(C5-C9-H16),angle,10.27542233851153,-,-0.15724064088144463,0.19986941239788925
27,1092.74608740803,,,mixed cyclic C-O stretching / ring-site C-H in-plane bending,nu(C8-C9),bond,7.202047673072096,+,0.07625825891978673,0.5956052068357818
27,1092.74608740803,,,mixed cyclic C-O stretching / ring-site C-H in-plane bending,nu(C5-C9),bond,6.630449763083247,-,-0.08681553153405558,0.4230818519106006
27,1092.74608740803,,,mixed cyclic C-O stretching / ring-site C-H in-plane bending,nu(C1-C2),bond,3.9696228865739926,-,-0.08559256636975317,0.26058740390841156
27,1092.74608740803,,,mixed cyclic C-O stretching / ring-site C-H in-plane bending,delta(C5-C9-C8),angle,3.386364470363374,-,-0.03565177824676404,1.2812903955832389
27,1092.74608740803,,,mixed cyclic C-O stretching / ring-site C-H in-plane bending,nu(C2-C5),bond,1.572757979335574,+,0.05049425325673478,0.2966567635151466
27,1092.74608740803,,,mixed cyclic C-O stretching / ring-site C-H in-plane bending,delta(C2-C1-H11),angle,1.5727158894272255,-,-0.04886348545307334,0.3167799276088916
27,1092.74608740803,,,mixed cyclic C-O stretching / ring-site C-H in-plane bending,nu(C2-C3),bond,1.4477277600390883,+,0.047382489857046406,0.31011831126805667
27,1092.74608740803,,,mixed cyclic C-O stretching / ring-site C-H in-plane bending,nu(O7-C8),bond,0.9101503720845235,-,-0.03023165839015058,0.47892275585557215
27,1092.74608740803,,,mixed cyclic C-O stretching / ring-site C-H in-plane bending,delta(C1-C2-C5),angle,0.8580116797691842,+,0.03164328661148387,0.41210349231350385
27,1092.74608740803,,,mixed cyclic C-O stretching / ring-site C-H in-plane bending,delta(C2-C1-H12),angle,0.7770256208282942,-,-0.03413662645968658,0.3206789140124306
27,1092.74608740803,,,mixed cyclic C-O stretching / ring-site C-H in-plane bending,nu(C5-C6),bond,0.7763129851980188,+,0.026068762631343233,0.549379285605132
27,1092.74608740803,,,mixed cyclic C-O stretching / ring-site C-H in-plane bending,delta(H11-C1-H12),angle,0.6706166033065153,-,-0.033668467504599786,0.28451414884001697
27,1092.74608740803,,,mixed cyclic C-O stretching / ring-site C-H in-plane bending,delta(C2-C5-C9),angle,0.3040018303815615,-,-0.021550768615707993,0.3147943546621411
27,1092.74608740803,,,mixed cyclic C-O stretching / ring-site C-H in-plane bending,"gamma(C5;C2,C1,H13)",oop,0.1670138659451128,-,-0.013293011625031057,0.45455037963053907
27,1092.74608740803,,,mixed cyclic C-O stretching / ring-site C-H in-plane bending,delta(H10-C1-H12),angle,0.14659497610312805,+,0.01595172225840073,0.277064059575885
27,1092.74608740803,,,mixed cyclic C-O stretching / ring-site C-H in-plane bending,delta(C6-O7-C8),angle,0.1420588141647351,+,0.007072007052794001,1.366026359575297
27,1092.74608740803,,,mixed cyclic C-O stretching / ring-site C-H in-plane bending,nu(C3-N4),bond,0.135571687407411,+,0.007180931474565503,1.2643977132783855
27,1092.74608740803,,,mixed cyclic C-O stretching / ring-site C-H in-plane bending,tau(H11-C1-C2-C3),dihedral,0.0856419617937053,+,0.041093628505875966,0.024390117415320465
27,1092.74608740803,,,mixed cyclic C-O stretching / ring-site C-H in-plane bending,tau(C2-C5-C6-O7),dihedral,0.08478141618946702,-,-0.02503061326890493,0.06507796307380474
27,1092.74608740803,,,mixed cyclic C-O stretching / ring-site C-H in-plane bending,delta(C1-C2-H13),angle,0.07288955192384265,-,-0.011838943296328465,0.25010113607571116
27,1092.74608740803,,,mixed cyclic C-O stretching / ring-site C-H in-plane bending,delta_lin2(C2-C3-N4),linbend2,0.034803619548999444,-,-0.013932664603985406,0.08622482315228443
27,1092.74608740803,,,mixed cyclic C-O stretching / ring-site C-H in-plane bending,nu(C6-H14),bond,0.032630876488690855,-,-0.00644199602669846,0.37814999512334674
27,1092.74608740803,,,mixed cyclic C-O stretching / ring-site C-H in-plane bending,tau(C9-C5-C6-O7),dihedral,0.024015318914203408,+,0.00766532238844628,0.19656390570348833
27,1092.74608740803,,,mixed cyclic C-O stretching / ring-site C-H in-plane bending,delta(H10-C1-H11),angle,0.018438766806349576,+,0.005655111145030094,0.2772846618250007
27,1092.74608740803,,,mixed cyclic C-O stretching / ring-site C-H in-plane bending,nu(C8-H15),bond,0.014267900058458386,-,-0.004261479548917871,0.3778465893608223
27,1092.74608740803,,,mixed cyclic C-O stretching / ring-site C-H in-plane bending,delta(C3-C2-H13),angle,0.012467404750952033,+,0.003905485212939433,0.39309935236092164
27,1092.74608740803,,,mixed cyclic C-O stretching / ring-site C-H in-plane bending,delta_lin1(C2-C3-N4),linbend1,0.004530953736784073,+,0.005122102636091234,0.08305568027078959
27,1092.74608740803,,,mixed cyclic C-O stretching / ring-site C-H in-plane bending,tau(H14-C6-O7-C8),dihedral,0.004313472381622199,+,0.005610019366733702,0.06591352919497648
27,1092.74608740803,,,mixed cyclic C-O stretching / ring-site C-H in-plane bending,delta(C1-C2-C3),angle,0.002143896063758219,+,0.0015414223874744438,0.43394697687697664
27,1092.74608740803,,,mixed cyclic C-O stretching / ring-site C-H in-plane bending,nu(C1-H10),bond,0.0017797448387083178,-,-0.0015869977080464838,0.3398454095071219
27,1092.74608740803,,,mixed cyclic C-O stretching / ring-site C-H in-plane bending,tau(C6-C5-C9-H16),dihedral,0.0011757476301001806,-,-0.0031624345897841837,0.056538889473237264
27,1092.74608740803,,,mixed cyclic C-O stretching / ring-site C-H in-plane bending,nu(C1-H11),bond,0.001019783745069369,+,0.0011994953727244365,0.3408687565072281
27,1092.74608740803,,,mixed cyclic C-O stretching / ring-site C-H in-plane bending,nu(C9-H16),bond,0.0007950798031492295,-,-0.0010154287697909446,0.37084126902589476
27,1092.74608740803,,,mixed cyclic C-O stretching / ring-site C-H in-plane bending,"gamma(H15;C8,O7,C9)",oop,0.00020456893287309596,+,0.0006281558591774227,0.24933377621103062
27,1092.74608740803,,,mixed cyclic C-O stretching / ring-site C-H in-plane bending,delta(C5-C6-H14),angle,8.465267091686563e-05,+,0.0004200005458541004,0.23079012405429297
27,1092.74608740803,,,mixed cyclic C-O stretching / ring-site C-H in-plane bending,tau(C3-C2-C5-C9),dihedral,4.557610139486503e-05,+,0.0013743839267562144,0.011603721655504018
27,1092.74608740803,,,mixed cyclic C-O stretching / ring-site C-H in-plane bending,nu(C1-H12),bond,3.689163255305881e-05,+,0.00022802444684692568,0.34122537331219377
27,1092.74608740803,,,mixed cyclic C-O stretching / ring-site C-H in-plane bending,tau(C6-O7-C8-H15),dihedral,2.5543513077690773e-05,+,0.0002228559160509855,0.24734808746537756
27,1092.74608740803,,,mixed cyclic C-O stretching / ring-site C-H in-plane bending,nu(C2-H13),bond,8.107886668680611e-07,+,3.47018645696956e-05,0.32380109525181683
28,1120.5496492945758,,,mixed C-H bending / C-C-C bending,delta(C2-C1-H11),angle,39.412261294495664,-,-0.2551406038160672,0.3167799276088916
28,1120.5496492945758,,,mixed C-H bending / C-C-C bending,delta(C3-C2-H13),angle,9.881652383616622,+,0.11468492947801319,0.39309935236092164
28,1120.5496492945758,,,mixed C-H bending / C-C-C bending,nu(C2-C3),bond,8.270110400820442,+,0.11812305710981043,0.31011831126805667
28,1120.5496492945758,,,mixed C-H bending / C-C-C bending,delta(C1-C2-C5),angle,5.895391015838079,+,0.08651589205193906,0.41210349231350385
28,1120.5496492945758,,,mixed C-H bending / C-C-C bending,delta(C1-C2-C3),angle,5.070185183369737,-,-0.07818731639802198,0.43394697687697664
28,1120.5496492945758,,,mixed C-H bending / C-C-C bending,nu(C5-C9),bond,5.052969335572845,-,-0.07905036197243444,0.4230818519106006
28,1120.5496492945758,,,mixed C-H bending / C-C-C bending,delta(C9-C8-H15),angle,4.915415046318123,-,-0.10555959254806922,0.23080767378187408
28,1120.5496492945758,,,mixed C-H bending / C-C-C bending,delta(H11-C1-H12),angle,4.353943606626018,-,-0.0894812815439885,0.28451414884001697
28,1120.5496492945758,,,mixed C-H bending / C-C-C bending,delta(H10-C1-H12),angle,3.785473364246605,+,0.08454982842346345,0.277064059575885
28,1120.5496492945758,,,mixed C-H bending / C-C-C bending,nu(O7-C8),bond,3.0032711827301704,-,-0.05728056168171359,0.47892275585557215
28,1120.5496492945758,,,mixed C-H bending / C-C-C bending,nu(C8-C9),bond,2.577769083635114,-,-0.04758668943775492,0.5956052068357818
28,1120.5496492945758,,,mixed C-H bending / C-C-C bending,nu(C6-O7),bond,2.4484274984141283,+,0.05247330088359706,0.4652602382110782
28,1120.5496492945758,,,mixed C-H bending / C-C-C bending,delta(C5-C9-C8),angle,0.9551497211179459,+,0.0197494347945698,1.2812903955832389
28,1120.5496492945758,,,mixed C-H bending / C-C-C bending,nu(C3-N4),bond,0.8553994055838862,+,0.018814182443040353,1.2643977132783855
28,1120.5496492945758,,,mixed C-H bending / C-C-C bending,delta(C5-C9-H16),angle,0.7477421620670738,+,0.04424309465249641,0.19986941239788925
28,1120.5496492945758,,,mixed C-H bending / C-C-C bending,nu(C2-C5),bond,0.6456131999338283,-,-0.03374440721621657,0.2966567635151466
28,1120.5496492945758,,,mixed C-H bending / C-C-C bending,nu(C1-C2),bond,0.6140948313623877,-,-0.03511427785363702,0.26058740390841156
28,1120.5496492945758,,,mixed C-H bending / C-C-C bending,nu(C5-C6),bond,0.3864585385662128,-,-0.019184833895140644,0.549379285605132
28,1120.5496492945758,,,mixed C-H bending / C-C-C bending,tau(H11-C1-C2-C3),dihedral,0.26226889176459467,+,0.07500827448830287,0.024390117415320465
28,1120.5496492945758,,,mixed C-H bending / C-C-C bending,tau(C9-C5-C6-O7),dihedral,0.1854389630625088,+,0.022217303026566913,0.19656390570348833
28,1120.5496492945758,,,mixed C-H bending / C-C-C bending,"gamma(C5;C2,C1,H13)",oop,0.14116240561519647,+,0.012747095598882657,0.45455037963053907
28,1120.5496492945758,,,mixed C-H bending / C-C-C bending,delta_lin2(C2-C3-N4),linbend2,0.13870422421925974,+,0.02901158240623532,0.08622482315228443
28,1120.5496492945758,,,mixed C-H bending / C-C-C bending,tau(C2-C5-C6-O7),dihedral,0.11053570093697697,-,-0.029811033948607114,0.06507796307380474
28,1120.5496492945758,,,mixed C-H bending / C-C-C bending,delta(C2-C1-H12),angle,0.06128199952133544,-,-0.009999401147042305,0.3206789140124306
28,1120.5496492945758,,,mixed C-H bending / C-C-C bending,delta(C1-C2-H13),angle,0.054470763714330225,-,-0.01067496918043033,0.25010113607571116
28,1120.5496492945758,,,mixed C-H bending / C-C-C bending,delta(C2-C5-C9),angle,0.05225792124612588,-,-0.009319772845322085,0.3147943546621411
28,1120.5496492945758,,,mixed C-H bending / C-C-C bending,nu(C9-H16),bond,0.024383427094511387,-,-0.005865378912979807,0.37084126902589476
28,1120.5496492945758,,,mixed C-H bending / C-C-C bending,tau(C3-C2-C5-C9),dihedral,0.02387101283036678,-,-0.03280798076867034,0.011603721655504018
28,1120.5496492945758,,,mixed C-H bending / C-C-C bending,nu(C1-H11),bond,0.018229865553733633,+,0.005289819638675546,0.3408687565072281
28,1120.5496492945758,,,mixed C-H bending / C-C-C bending,nu(C1-H10),bond,0.018060530253242627,-,-0.005273115382709625,0.3398454095071219
28,1120.5496492945758,,,mixed C-H bending / C-C-C bending,nu(C2-H13),bond,0.011669858490410866,-,-0.0043424654134215195,0.32380109525181683
28,1120.5496492945758,,,mixed C-H bending / C-C-C bending,nu(C8-H15),bond,0.007435266082112956,-,-0.003208730439442205,0.3778465893608223
28,1120.5496492945758,,,mixed C-H bending / C-C-C bending,delta(C5-C6-H14),angle,0.005890531609908138,-,-0.0036543603070427104,0.23079012405429297
28,1120.5496492945758,,,mixed C-H bending / C-C-C bending,delta(H10-C1-H11),angle,0.0032711722237554254,+,0.002484457153351799,0.2772846618250007
28,1120.5496492945758,,,mixed C-H bending / C-C-C bending,tau(H14-C6-O7-C8),dihedral,0.002937809738094102,+,0.0048291120241633605,0.06591352919497648
28,1120.5496492945758,,,mixed C-H bending / C-C-C bending,"gamma(H15;C8,O7,C9)",oop,0.001979026812565831,+,0.0020378772062692708,0.24933377621103062
28,1120.5496492945758,,,mixed C-H bending / C-C-C bending,nu(C6-H14),bond,0.0019614994352135104,-,-0.0016474216688684821,0.37814999512334674
28,1120.5496492945758,,,mixed C-H bending / C-C-C bending,delta_lin1(C2-C3-N4),linbend1,0.00125528056721232,-,-0.002812085123364387,0.08305568027078959
28,1120.5496492945758,,,mixed C-H bending / C-C-C bending,delta(C6-O7-C8),angle,0.0007066801927489619,-,-0.000520265046726772,1.366026359575297
28,1120.5496492945758,,,mixed C-H bending / C-C-C bending,tau(C6-C5-C9-H16),dihedral,0.0005040464380762529,-,-0.0021597544026914135,0.056538889473237264
28,1120.5496492945758,,,mixed C-H bending / C-C-C bending,tau(C6-O7-C8-H15),dihedral,0.0003051310507307655,-,-0.0008033996789362264,0.24734808746537756
28,1120.5496492945758,,,mixed C-H bending / C-C-C bending,nu(C1-H12),bond,9.073723210684605e-05,+,0.00037300515572118295,0.34122537331219377
29,1187.5991578476244,,,opposite-phase cyclic C-O stretching,nu(O7-C8),bond,38.756153584897326,-,-0.2409460436463896,0.47892275585557215
29,1187.5991578476244,,,opposite-phase cyclic C-O stretching,nu(C6-O7),bond,37.98785257709091,+,0.24202298022753255,0.4652602382110782
29,1187.5991578476244,,,opposite-phase cyclic C-O stretching,delta(C5-C9-H16),angle,9.429502783343226,-,-0.18397272049770144,0.19986941239788925
29,1187.5991578476244,,,opposite-phase cyclic C-O stretching,delta(C5-C9-C8),angle,4.2147428381610474,-,-0.04857848395661761,1.2812903955832389
29,1187.5991578476244,,,opposite-phase cyclic C-O stretching,nu(C8-C9),bond,2.633111274793264,+,0.05631674757515729,0.5956052068357818
29,1187.5991578476244,,,opposite-phase cyclic C-O stretching,delta(C5-C6-H14),angle,1.9730385409801423,+,0.07831435509325836,0.23079012405429297
29,1187.5991578476244,,,opposite-phase cyclic C-O stretching,nu(C5-C9),bond,1.8794945963985448,-,-0.056453457334936064,0.4230818519106006
29,1187.5991578476244,,,opposite-phase cyclic C-O stretching,delta(C3-C2-H13),angle,1.7948801300010708,-,-0.057233296716297205,0.39309935236092164
29,1187.5991578476244,,,opposite-phase cyclic C-O stretching,nu(C2-C5),bond,0.3333673330185798,+,0.028393347323913968,0.2966567635151466
29,1187.5991578476244,,,opposite-phase cyclic C-O stretching,delta(C2-C5-C9),angle,0.2615951129172784,+,0.024416507729491426,0.3147943546621411
29,1187.5991578476244,,,opposite-phase cyclic C-O stretching,delta(C2-C1-H11),angle,0.14367132461453727,+,0.018038001643998342,0.3167799276088916
29,1187.5991578476244,,,opposite-phase cyclic C-O stretching,nu(C2-C3),bond,0.14342987585375414,-,-0.018215383028779713,0.31011831126805667
29,1187.5991578476244,,,opposite-phase cyclic C-O stretching,"gamma(C5;C2,C1,H13)",oop,0.12315217076066841,-,-0.013941587382585182,0.45455037963053907
29,1187.5991578476244,,,opposite-phase cyclic C-O stretching,delta(C1-C2-C5),angle,0.10925115599468986,-,-0.013790883028279076,0.41210349231350385
29,1187.5991578476244,,,opposite-phase cyclic C-O stretching,delta(C9-C8-H15),angle,0.051034344264470774,+,0.012594715140717824,0.23080767378187408
29,1187.5991578476244,,,opposite-phase cyclic C-O stretching,delta(C1-C2-C3),angle,0.03801394306827323,+,0.007927483161743567,0.43394697687697664
29,1187.5991578476244,,,opposite-phase cyclic C-O stretching,delta(H10-C1-H12),angle,0.02734578741583435,-,-0.00841467451538747,0.277064059575885
29,1187.5991578476244,,,opposite-phase cyclic C-O stretching,delta(C2-C1-H12),angle,0.019810472691128223,-,-0.00665724314082329,0.3206789140124306
29,1187.5991578476244,,,opposite-phase cyclic C-O stretching,delta_lin1(C2-C3-N4),linbend1,0.015182158140194468,-,-0.011451550362701166,0.08305568027078959
29,1187.5991578476244,,,opposite-phase cyclic C-O stretching,nu(C3-N4),bond,0.014790301648268167,-,-0.0028968690696021815,1.2643977132783855
29,1187.5991578476244,,,opposite-phase cyclic C-O stretching,nu(C1-C2),bond,0.013688893830145944,+,0.006138887431240124,0.26058740390841156
29,1187.5991578476244,,,opposite-phase cyclic C-O stretching,nu(C9-H16),bond,0.00921567674757725,-,-0.004222326266917055,0.37084126902589476
29,1187.5991578476244,,,opposite-phase cyclic C-O stretching,delta(C6-O7-C8),angle,0.00870005950466369,+,0.0021375376521852243,1.366026359575297
29,1187.5991578476244,,,opposite-phase cyclic C-O stretching,tau(C9-C5-C6-O7),dihedral,0.003242814540720292,-,-0.003440260834318598,0.19656390570348833
29,1187.5991578476244,,,opposite-phase cyclic C-O stretching,delta_lin2(C2-C3-N4),linbend2,0.0025583127395343588,-,-0.004613631062743112,0.08622482315228443
29,1187.5991578476244,,,opposite-phase cyclic C-O stretching,nu(C8-H15),bond,0.002228368482997969,+,0.002056922611419495,0.3778465893608223
29,1187.5991578476244,,,opposite-phase cyclic C-O stretching,delta(C1-C2-H13),angle,0.0021972808481500257,+,0.002510540054739008,0.25010113607571116
29,1187.5991578476244,,,opposite-phase cyclic C-O stretching,delta(H10-C1-H11),angle,0.0017944674664886885,+,0.0021547012960008746,0.2772846618250007
29,1187.5991578476244,,,opposite-phase cyclic C-O stretching,nu(C5-C6),bond,0.0016764464353306622,+,0.0014795883481542997,0.549379285605132
29,1187.5991578476244,,,opposite-phase cyclic C-O stretching,tau(C3-C2-C5-C9),dihedral,0.001325888460821127,+,0.009053928198456108,0.011603721655504018
29,1187.5991578476244,,,opposite-phase cyclic C-O stretching,tau(C2-C5-C6-O7),dihedral,0.0008627393566499086,+,0.0030839336900578395,0.06507796307380474
29,1187.5991578476244,,,opposite-phase cyclic C-O stretching,tau(H11-C1-C2-C3),dihedral,0.0008331391230188939,-,-0.004950328515854707,0.024390117415320465
29,1187.5991578476244,,,opposite-phase cyclic C-O stretching,nu(C2-H13),bond,0.0006741550627560446,+,0.001222145590869176,0.32380109525181683
29,1187.5991578476244,,,opposite-phase cyclic C-O stretching,tau(H14-C6-O7-C8),dihedral,0.0004925434691361624,-,-0.0023153529377999377,0.06591352919497648
29,1187.5991578476244,,,opposite-phase cyclic C-O stretching,"gamma(H15;C8,O7,C9)",oop,0.00038932500236188677,-,-0.0010583950304726283,0.24933377621103062
29,1187.5991578476244,,,opposite-phase cyclic C-O stretching,tau(C6-C5-C9-H16),dihedral,0.00025188789018331005,-,-0.0017877723218483756,0.056538889473237264
29,1187.5991578476244,,,opposite-phase cyclic C-O stretching,nu(C1-H11),bond,0.00021491705658518005,-,-0.0006725491771966586,0.3408687565072281
29,1187.5991578476244,,,opposite-phase cyclic C-O stretching,tau(C6-O7-C8-H15),dihedral,0.00010504760259462215,-,-0.0005519770183472796,0.24734808746537756
29,1187.5991578476244,,,opposite-phase cyclic C-O stretching,nu(C6-H14),bond,5.503750254138197e-05,-,-0.0003231316598959578,0.37814999512334674
29,1187.5991578476244,,,opposite-phase cyclic C-O stretching,nu(C1-H12),bond,4.32860554289206e-05,+,0.0003016723793554192,0.34122537331219377
29,1187.5991578476244,,,opposite-phase cyclic C-O stretching,nu(C1-H10),bond,1.955761253002813e-05,-,-0.00020318863683585768,0.3398454095071219
29,1187.5991578476244,,,opposite-phase cyclic C-O stretching,delta(H11-C1-H12),angle,9.849156540966028e-06,+,0.00015759041078258933,0.28451414884001697
30,1237.8464142676894,,,mixed C-H bending / mixed-phase cyclic C-C stretching / C-C out-of-plane bending,delta(C3-C2-H13),angle,23.319462683511414,+,0.20906222285318646,0.39309935236092164
30,1237.8464142676894,,,mixed C-H bending / mixed-phase cyclic C-C stretching / C-C out-of-plane bending,"gamma(C5;C2,C1,H13)",oop,19.26226609148054,+,0.17669739007102042,0.45455037963053907
30,1237.8464142676894,,,mixed C-H bending / mixed-phase cyclic C-C stretching / C-C out-of-plane bending,nu(C5-C9),bond,18.228697722305462,+,0.17816938523787756,0.4230818519106006
30,1237.8464142676894,,,mixed C-H bending / mixed-phase cyclic C-C stretching / C-C out-of-plane bending,delta(C9-C8-H15),angle,15.1953446727963,+,0.22024071788061184,0.23080767378187408
30,1237.8464142676894,,,mixed C-H bending / mixed-phase cyclic C-C stretching / C-C out-of-plane bending,nu(C2-C5),bond,3.9514229802898493,-,-0.09906428096168493,0.2966567635151466
30,1237.8464142676894,,,mixed C-H bending / mixed-phase cyclic C-C stretching / C-C out-of-plane bending,nu(C8-C9),bond,3.409475388920803,+,0.06494294744348462,0.5956052068357818
30,1237.8464142676894,,,mixed C-H bending / mixed-phase cyclic C-C stretching / C-C out-of-plane bending,delta(C5-C6-H14),angle,2.8621199712915337,-,-0.09558786574561527,0.23079012405429297
30,1237.8464142676894,,,mixed C-H bending / mixed-phase cyclic C-C stretching / C-C out-of-plane bending,delta(C1-C2-H13),angle,2.7855790136245533,+,0.09058731071378362,0.25010113607571116
30,1237.8464142676894,,,mixed C-H bending / mixed-phase cyclic C-C stretching / C-C out-of-plane bending,nu(C6-O7),bond,2.737900545901515,+,0.06584583706536769,0.4652602382110782
30,1237.8464142676894,,,mixed C-H bending / mixed-phase cyclic C-C stretching / C-C out-of-plane bending,nu(C5-C6),bond,2.4092521932460804,-,-0.05684240564400391,0.549379285605132
30,1237.8464142676894,,,mixed C-H bending / mixed-phase cyclic C-C stretching / C-C out-of-plane bending,delta(C6-O7-C8),angle,1.6772537596038264,-,-0.03007719318558452,1.366026359575297
30,1237.8464142676894,,,mixed C-H bending / mixed-phase cyclic C-C stretching / C-C out-of-plane bending,delta(C5-C9-H16),angle,1.0402133434793688,+,0.06192350075403184,0.19986941239788925
30,1237.8464142676894,,,mixed C-H bending / mixed-phase cyclic C-C stretching / C-C out-of-plane bending,delta(C2-C5-C9),angle,0.9272872019495418,-,-0.04658661154845293,0.3147943546621411
30,1237.8464142676894,,,mixed C-H bending / mixed-phase cyclic C-C stretching / C-C out-of-plane bending,delta(C5-C9-C8),angle,0.6969980157881194,-,-0.020019786593774156,1.2812903955832389
30,1237.8464142676894,,,mixed C-H bending / mixed-phase cyclic C-C stretching / C-C out-of-plane bending,delta(C2-C1-H12),angle,0.4172460146985934,+,0.03096195354609886,0.3206789140124306
30,1237.8464142676894,,,mixed C-H bending / mixed-phase cyclic C-C stretching / C-C out-of-plane bending,delta(C2-C1-H11),angle,0.36977090870071117,-,-0.029326146571999858,0.3167799276088916
30,1237.8464142676894,,,mixed C-H bending / mixed-phase cyclic C-C stretching / C-C out-of-plane bending,delta(C1-C2-C5),angle,0.14149952890682946,+,0.015905297901003344,0.41210349231350385
30,1237.8464142676894,,,mixed C-H bending / mixed-phase cyclic C-C stretching / C-C out-of-plane bending,delta(H10-C1-H12),angle,0.1062970667258025,+,0.016812720829639183,0.277064059575885
30,1237.8464142676894,,,mixed C-H bending / mixed-phase cyclic C-C stretching / C-C out-of-plane bending,delta_lin1(C2-C3-N4),linbend1,0.09639104886494874,+,0.029241600626320356,0.08305568027078959
30,1237.8464142676894,,,mixed C-H bending / mixed-phase cyclic C-C stretching / C-C out-of-plane bending,delta(H11-C1-H12),angle,0.0910835871048192,+,0.015358032659755173,0.28451414884001697
30,1237.8464142676894,,,mixed C-H bending / mixed-phase cyclic C-C stretching / C-C out-of-plane bending,tau(C9-C5-C6-O7),dihedral,0.06746875146855867,+,0.015902555079020775,0.19656390570348833
30,1237.8464142676894,,,mixed C-H bending / mixed-phase cyclic C-C stretching / C-C out-of-plane bending,nu(C9-H16),bond,0.06132962791272109,+,0.011038462683419691,0.37084126902589476
30,1237.8464142676894,,,mixed C-H bending / mixed-phase cyclic C-C stretching / C-C out-of-plane bending,nu(C8-H15),bond,0.03149109026379164,+,0.00783616466327947,0.3778465893608223
30,1237.8464142676894,,,mixed C-H bending / mixed-phase cyclic C-C stretching / C-C out-of-plane bending,nu(O7-C8),bond,0.023005021778057255,+,0.005949028453409659,0.47892275585557215
30,1237.8464142676894,,,mixed C-H bending / mixed-phase cyclic C-C stretching / C-C out-of-plane bending,delta(H10-C1-H11),angle,0.019084040978201253,-,-0.00712097899814066,0.2772846618250007
30,1237.8464142676894,,,mixed C-H bending / mixed-phase cyclic C-C stretching / C-C out-of-plane bending,tau(C2-C5-C6-O7),dihedral,0.017596776302487578,-,-0.014114550085956612,0.06507796307380474
30,1237.8464142676894,,,mixed C-H bending / mixed-phase cyclic C-C stretching / C-C out-of-plane bending,delta_lin2(C2-C3-N4),linbend2,0.013734053115596277,+,0.010833047897881696,0.08622482315228443
30,1237.8464142676894,,,mixed C-H bending / mixed-phase cyclic C-C stretching / C-C out-of-plane bending,nu(C2-H13),bond,0.01161528974572873,-,-0.005140949353415263,0.32380109525181683
30,1237.8464142676894,,,mixed C-H bending / mixed-phase cyclic C-C stretching / C-C out-of-plane bending,tau(C3-C2-C5-C9),dihedral,0.01120492907661057,-,-0.026673091995478505,0.011603721655504018
30,1237.8464142676894,,,mixed C-H bending / mixed-phase cyclic C-C stretching / C-C out-of-plane bending,delta(C1-C2-C3),angle,0.007395117082926785,-,-0.0035434120013058124,0.43394697687697664
30,1237.8464142676894,,,mixed C-H bending / mixed-phase cyclic C-C stretching / C-C out-of-plane bending,nu(C1-C2),bond,0.003750101771432699,+,0.003256209023777974,0.26058740390841156
30,1237.8464142676894,,,mixed C-H bending / mixed-phase cyclic C-C stretching / C-C out-of-plane bending,nu(C6-H14),bond,0.002572571826221152,-,-0.0022388199239370557,0.37814999512334674
30,1237.8464142676894,,,mixed C-H bending / mixed-phase cyclic C-C stretching / C-C out-of-plane bending,nu(C3-N4),bond,0.001066749409200078,+,0.0007884185118114244,1.2643977132783855
30,1237.8464142676894,,,mixed C-H bending / mixed-phase cyclic C-C stretching / C-C out-of-plane bending,nu(C2-C3),bond,0.0007508388290644679,+,0.001335602166516927,0.31011831126805667
30,1237.8464142676894,,,mixed C-H bending / mixed-phase cyclic C-C stretching / C-C out-of-plane bending,tau(H11-C1-C2-C3),dihedral,0.0007280190683291445,-,-0.004689557766659264,0.024390117415320465
30,1237.8464142676894,,,mixed C-H bending / mixed-phase cyclic C-C stretching / C-C out-of-plane bending,nu(C1-H11),bond,0.0005149208323708893,-,-0.0010549796717045572,0.3408687565072281
30,1237.8464142676894,,,mixed C-H bending / mixed-phase cyclic C-C stretching / C-C out-of-plane bending,tau(H14-C6-O7-C8),dihedral,0.00039701765328576847,+,0.0021066145738578715,0.06591352919497648
30,1237.8464142676894,,,mixed C-H bending / mixed-phase cyclic C-C stretching / C-C out-of-plane bending,nu(C1-H10),bond,0.00020326557649985762,-,-0.0006638327466572553,0.3398454095071219
30,1237.8464142676894,,,mixed C-H bending / mixed-phase cyclic C-C stretching / C-C out-of-plane bending,nu(C1-H12),bond,0.0001888330334729126,-,-0.0006385365836292915,0.34122537331219377
30,1237.8464142676894,,,mixed C-H bending / mixed-phase cyclic C-C stretching / C-C out-of-plane bending,tau(C6-O7-C8-H15),dihedral,0.00016658673868431357,-,-0.0007044227813909537,0.24734808746537756
30,1237.8464142676894,,,mixed C-H bending / mixed-phase cyclic C-C stretching / C-C out-of-plane bending,"gamma(H15;C8,O7,C9)",oop,0.00013282641013693335,+,0.0006264971771791114,0.24933377621103062
30,1237.8464142676894,,,mixed C-H bending / mixed-phase cyclic C-C stretching / C-C out-of-plane bending,tau(C6-C5-C9-H16),dihedral,4.183193601687947e-05,-,-0.0007383253900616558,0.056538889473237264
31,1276.43482527452,,,ring-site C-H in-plane bending,delta(C5-C6-H14),angle,61.603896896959384,-,-0.4123429594749621,0.23079012405429297
31,1276.43482527452,,,ring-site C-H in-plane bending,delta(C9-C8-H15),angle,8.432404158817226,+,0.15255051782784976,0.23080767378187408
31,1276.43482527452,,,ring-site C-H in-plane bending,delta(C5-C9-H16),angle,7.173500872545291,+,0.15120129512397945,0.19986941239788925
31,1276.43482527452,,,ring-site C-H in-plane bending,nu(C2-C5),bond,6.612944900881711,+,0.11916080437521741,0.2966567635151466
31,1276.43482527452,,,ring-site C-H in-plane bending,nu(C6-O7),bond,3.4161913972434914,-,-0.06838899619413696,0.4652602382110782
31,1276.43482527452,,,ring-site C-H in-plane bending,"gamma(C5;C2,C1,H13)",oop,2.0853789526028783,-,-0.054058573562405114,0.45455037963053907
31,1276.43482527452,,,ring-site C-H in-plane bending,nu(C5-C9),bond,1.8879543813850186,-,-0.05331466086980948,0.4230818519106006
31,1276.43482527452,,,ring-site C-H in-plane bending,nu(C5-C6),bond,1.4407930526252126,-,-0.04087217639203639,0.549379285605132
31,1276.43482527452,,,ring-site C-H in-plane bending,delta(C6-O7-C8),angle,1.3503266216947014,+,0.025093022515307407,1.366026359575297
31,1276.43482527452,,,ring-site C-H in-plane bending,nu(O7-C8),bond,1.2739898208266747,-,-0.04116359947355684,0.47892275585557215
31,1276.43482527452,,,ring-site C-H in-plane bending,nu(C8-C9),bond,1.1819799660564203,-,-0.03555403668258786,0.5956052068357818
31,1276.43482527452,,,ring-site C-H in-plane bending,delta(C2-C5-C9),angle,1.1601089895540737,-,-0.048450585498318835,0.3147943546621411
31,1276.43482527452,,,ring-site C-H in-plane bending,delta(C1-C2-H13),angle,0.7034075240437491,-,-0.042326150685492524,0.25010113607571116
31,1276.43482527452,,,ring-site C-H in-plane bending,delta(C2-C1-H11),angle,0.33172277800327477,+,0.025826878562827633,0.3167799276088916
31,1276.43482527452,,,ring-site C-H in-plane bending,nu(C1-C2),bond,0.27101934734118366,-,-0.02573869592409969,0.26058740390841156
31,1276.43482527452,,,ring-site C-H in-plane bending,delta(C3-C2-H13),angle,0.26577600226594555,-,-0.02075247117963309,0.39309935236092164
31,1276.43482527452,,,ring-site C-H in-plane bending,delta(C5-C9-C8),angle,0.2524870224441408,-,-0.011203632282255916,1.2812903955832389
31,1276.43482527452,,,ring-site C-H in-plane bending,delta(C1-C2-C3),angle,0.20255715125683235,+,0.017243227491615828,0.43394697687697664
31,1276.43482527452,,,ring-site C-H in-plane bending,delta(H10-C1-H12),angle,0.1630322376943442,-,-0.0193601959838013,0.277064059575885
31,1276.43482527452,,,ring-site C-H in-plane bending,delta(H11-C1-H12),angle,0.03522431706549117,+,0.008880398560981623,0.28451414884001697
31,1276.43482527452,,,ring-site C-H in-plane bending,delta_lin1(C2-C3-N4),linbend1,0.03279315534816205,+,0.01585878950053066,0.08305568027078959
31,1276.43482527452,,,ring-site C-H in-plane bending,delta(C1-C2-C5),angle,0.03114178114626443,-,-0.006937958183919412,0.41210349231350385
31,1276.43482527452,,,ring-site C-H in-plane bending,nu(C2-C3),bond,0.026508120635095705,-,-0.007378853114462084,0.31011831126805667
31,1276.43482527452,,,ring-site C-H in-plane bending,nu(C9-H16),bond,0.01943461923222977,-,-0.005777727967176169,0.37084126902589476
31,1276.43482527452,,,ring-site C-H in-plane bending,delta_lin2(C2-C3-N4),linbend2,0.013885028230390364,-,-0.010127921549257212,0.08622482315228443
31,1276.43482527452,,,ring-site C-H in-plane bending,nu(C8-H15),bond,0.012331014887705273,-,-0.004559369178992463,0.3778465893608223
31,1276.43482527452,,,ring-site C-H in-plane bending,tau(C9-C5-C6-O7),dihedral,0.007291465673618322,-,-0.00486092177936405,0.19656390570348833
31,1276.43482527452,,,ring-site C-H in-plane bending,tau(H11-C1-C2-C3),dihedral,0.0035012057785447906,+,0.009562357450573362,0.024390117415320465
31,1276.43482527452,,,ring-site C-H in-plane bending,delta(H10-C1-H11),angle,0.0024530180392380156,-,-0.0023738351089855232,0.2772846618250007
31,1276.43482527452,,,ring-site C-H in-plane bending,tau(C2-C5-C6-O7),dihedral,0.0019529721994919196,+,0.004372140968956434,0.06507796307380474
31,1276.43482527452,,,ring-site C-H in-plane bending,nu(C1-H10),bond,0.0012417205117172725,+,0.0015255776754929651,0.3398454095071219
31,1276.43482527452,,,ring-site C-H in-plane bending,nu(C6-H14),bond,0.0006750279121734374,-,-0.0010663307107930153,0.37814999512334674
31,1276.43482527452,,,ring-site C-H in-plane bending,nu(C3-N4),bond,0.0006591665906007496,-,-0.0005762604898435635,1.2643977132783855
31,1276.43482527452,,,ring-site C-H in-plane bending,tau(C3-C2-C5-C9),dihedral,0.00041297817328146593,+,0.004761326893690999,0.011603721655504018
31,1276.43482527452,,,ring-site C-H in-plane bending,nu(C2-H13),bond,0.00038326209444763904,-,-0.000868304154286379,0.32380109525181683
31,1276.43482527452,,,ring-site C-H in-plane bending,tau(C6-C5-C9-H16),dihedral,0.00023475458707736542,+,0.0016262844440547634,0.056538889473237264
31,1276.43482527452,,,ring-site C-H in-plane bending,nu(C1-H12),bond,0.00010569346379664372,-,-0.00044418767911482646,0.34122537331219377
31,1276.43482527452,,,ring-site C-H in-plane bending,delta(C2-C1-H12),angle,8.031417156769686e-05,+,0.00039941465092500087,0.3206789140124306
31,1276.43482527452,,,ring-site C-H in-plane bending,tau(C6-O7-C8-H15),dihedral,7.683318808704453e-05,+,0.0004448189185733361,0.24734808746537756
31,1276.43482527452,,,ring-site C-H in-plane bending,tau(H14-C6-O7-C8),dihedral,6.35492534601523e-05,+,0.0007836660722624301,0.06591352919497648
31,1276.43482527452,,,ring-site C-H in-plane bending,nu(C1-H11),bond,5.239082415852899e-05,-,-0.00031289391572193796,0.3408687565072281
31,1276.43482527452,,,ring-site C-H in-plane bending,"gamma(H15;C8,O7,C9)",oop,2.5536751843213715e-05,-,-0.0002554202773101692,0.24933377621103062
32,1314.9327128481652,,,C-H bending,delta(C1-C2-H13),angle,56.854349843803966,-,-0.4554086100020577,0.25010113607571116
32,1314.9327128481652,,,C-H bending,delta(C2-C1-H12),angle,10.324881681112778,-,-0.17138963754234543,0.3206789140124306
32,1314.9327128481652,,,C-H bending,delta(C3-C2-H13),angle,8.640487208782147,+,0.14161040743109138,0.39309935236092164
32,1314.9327128481652,,,C-H bending,nu(C2-C5),bond,7.304243702996343,-,-0.14987794193636048,0.2966567635151466
32,1314.9327128481652,,,C-H bending,delta(H10-C1-H11),angle,4.433916656422344,+,0.12078362507081601,0.2772846618250007
32,1314.9327128481652,,,C-H bending,nu(C1-C2),bond,3.4795618036383713,+,0.11037298509327825,0.26058740390841156
32,1314.9327128481652,,,C-H bending,delta(C9-C8-H15),angle,2.322507003982249,+,0.09581436261080073,0.23080767378187408
32,1314.9327128481652,,,C-H bending,delta(H11-C1-H12),angle,0.8270236067525046,-,-0.05149727389950095,0.28451414884001697
32,1314.9327128481652,,,C-H bending,nu(C6-O7),bond,0.7731454949885354,+,0.03893676501103942,0.4652602382110782
32,1314.9327128481652,,,C-H bending,"gamma(C5;C2,C1,H13)",oop,0.69651225781017,-,-0.03738958029999743,0.45455037963053907
32,1314.9327128481652,,,C-H bending,nu(C5-C9),bond,0.6247681782200047,+,0.03670493614845096,0.4230818519106006
32,1314.9327128481652,,,C-H bending,delta(C1-C2-C3),angle,0.47745166797078986,-,-0.03168280282159994,0.43394697687697664
32,1314.9327128481652,,,C-H bending,delta(C5-C9-H16),angle,0.4351401528729659,+,0.04456753690787413,0.19986941239788925
32,1314.9327128481652,,,C-H bending,nu(C8-C9),bond,0.41172782351515536,+,0.02511325959945682,0.5956052068357818
32,1314.9327128481652,,,C-H bending,nu(O7-C8),bond,0.3692052625137312,+,0.026520299572979182,0.47892275585557215
32,1314.9327128481652,,,C-H bending,delta(C2-C1-H11),angle,0.3146442810282445,+,0.030102898499425716,0.3167799276088916
32,1314.9327128481652,,,C-H bending,delta(C5-C9-C8),angle,0.30985513814451515,+,0.014853636321622222,1.2812903955832389
32,1314.9327128481652,,,C-H bending,nu(C2-C3),bond,0.2654791641161786,-,-0.027946584384727892,0.31011831126805667
32,1314.9327128481652,,,C-H bending,delta(C6-O7-C8),angle,0.19096667729762934,-,-0.01129344592198815,1.366026359575297
32,1314.9327128481652,,,C-H bending,tau(H11-C1-C2-C3),dihedral,0.175062885058339,+,0.08092213191408858,0.024390117415320465
32,1314.9327128481652,,,C-H bending,delta(C5-C6-H14),angle,0.1677928197092992,+,0.02575462890124344,0.23079012405429297
32,1314.9327128481652,,,C-H bending,delta(C2-C5-C9),angle,0.14575416373880543,+,0.0205529534203711,0.3147943546621411
32,1314.9327128481652,,,C-H bending,delta_lin2(C2-C3-N4),linbend2,0.1451066088822537,+,0.03918362946274249,0.08622482315228443
32,1314.9327128481652,,,C-H bending,delta_lin1(C2-C3-N4),linbend1,0.0748890062360052,-,-0.02868148177718785,0.08305568027078959
32,1314.9327128481652,,,C-H bending,tau(C2-C5-C6-O7),dihedral,0.06539099249073782,+,0.030277444003672774,0.06507796307380474
32,1314.9327128481652,,,C-H bending,delta(C1-C2-C5),angle,0.05102354384084782,+,0.010628191789988726,0.41210349231350385
32,1314.9327128481652,,,C-H bending,tau(C9-C5-C6-O7),dihedral,0.03437048265840643,-,-0.012630430388969249,0.19656390570348833
32,1314.9327128481652,,,C-H bending,delta(H10-C1-H12),angle,0.027805745242265107,-,-0.009568732058408545,0.277064059575885
32,1314.9327128481652,,,C-H bending,nu(C5-C6),bond,0.02618198396495807,+,0.0065939000035975595,0.549379285605132
32,1314.9327128481652,,,C-H bending,nu(C2-H13),bond,0.011616879070204145,-,-0.005721142935170013,0.32380109525181683
32,1314.9327128481652,,,C-H bending,nu(C8-H15),bond,0.0060900754166210444,+,0.003834694784930322,0.3778465893608223
32,1314.9327128481652,,,C-H bending,nu(C9-H16),bond,0.003623870324441423,+,0.0029858605147032734,0.37084126902589476
32,1314.9327128481652,,,C-H bending,nu(C3-N4),bond,0.0030296505421328374,-,-0.001478535098047578,1.2643977132783855
32,1314.9327128481652,,,C-H bending,tau(H14-C6-O7-C8),dihedral,0.0024249561178636947,-,-0.00579351158648312,0.06591352919497648
32,1314.9327128481652,,,C-H bending,nu(C1-H10),bond,0.002023598865970088,-,-0.0023307663011809415,0.3398454095071219
32,1314.9327128481652,,,C-H bending,nu(C1-H12),bond,0.000979904163790596,+,0.0016186328995459083,0.34122537331219377
32,1314.9327128481652,,,C-H bending,nu(C6-H14),bond,0.0005198638596028825,+,0.0011199276947794405,0.37814999512334674
32,1314.9327128481652,,,C-H bending,tau(C6-O7-C8-H15),dihedral,0.00023134858877506257,+,0.0009237540801283918,0.24734808746537756
32,1314.9327128481652,,,C-H bending,nu(C1-H11),bond,8.045061109588135e-05,-,-0.00046403239030633306,0.3408687565072281
32,1314.9327128481652,,,C-H bending,tau(C6-C5-C9-H16),dihedral,7.007335676735746e-05,-,-0.0010633593272592885,0.056538889473237264
32,1314.9327128481652,,,C-H bending,"gamma(H15;C8,O7,C9)",oop,6.024013395096975e-05,-,-0.00046949354741740695,0.24933377621103062
32,1314.9327128481652,,,C-H bending,tau(C3-C2-C5-C9),dihedral,3.2511582655439337e-06,-,-0.0005055890099085665,0.011603721655504018
33,1344.520330049159,,,mixed C-H bending / C-C out-of-plane bending,delta(C3-C2-H13),angle,34.251573882637224,+,0.3765199144849617,0.39309935236092164
33,1344.520330049159,,,mixed C-H bending / C-C out-of-plane bending,"gamma(C5;C2,C1,H13)",oop,31.758236254208395,+,0.33715998396335406,0.45455037963053907
33,1344.520330049159,,,mixed C-H bending / C-C out-of-plane bending,delta(C9-C8-H15),angle,7.274602537048042,-,-0.2264531479455513,0.23080767378187408
33,1344.520330049159,,,mixed C-H bending / C-C out-of-plane bending,nu(C2-C5),bond,4.269576331196691,+,0.1530256078539976,0.2966567635151466
33,1344.520330049159,,,mixed C-H bending / C-C out-of-plane bending,delta(C1-C2-H13),angle,3.30537224267606,-,-0.14663957894557653,0.25010113607571116
33,1344.520330049159,,,mixed C-H bending / C-C out-of-plane bending,nu(C2-C3),bond,2.897551091148938,-,-0.1232964849058463,0.31011831126805667
33,1344.520330049159,,,mixed C-H bending / C-C out-of-plane bending,delta(C5-C9-H16),angle,2.541654685883258,-,-0.14384141761736216,0.19986941239788925
33,1344.520330049159,,,mixed C-H bending / C-C out-of-plane bending,delta(C2-C1-H11),angle,2.5104113880816445,+,0.11355139393302387,0.3167799276088916
33,1344.520330049159,,,mixed C-H bending / C-C out-of-plane bending,delta(C5-C9-C8),angle,1.8517145119550729,-,-0.04849110480493613,1.2812903955832389
33,1344.520330049159,,,mixed C-H bending / C-C out-of-plane bending,delta(H10-C1-H12),angle,1.62858493957828,-,-0.0977943940007214,0.277064059575885
33,1344.520330049159,,,mixed C-H bending / C-C out-of-plane bending,nu(O7-C8),bond,1.4816576368163514,-,-0.07094798161234402,0.47892275585557215
33,1344.520330049159,,,mixed C-H bending / C-C out-of-plane bending,nu(C5-C6),bond,1.0417443151663472,-,-0.055544783556812936,0.549379285605132
33,1344.520330049159,,,mixed C-H bending / C-C out-of-plane bending,delta(C1-C2-C5),angle,1.0043641899828466,-,-0.06297110464132752,0.41210349231350385
33,1344.520330049159,,,mixed C-H bending / C-C out-of-plane bending,delta(C1-C2-C3),angle,0.9582394832423111,+,0.059940111504527015,0.43394697687697664
33,1344.520330049159,,,mixed C-H bending / C-C out-of-plane bending,nu(C6-O7),bond,0.6953416902510055,-,-0.04931170448962771,0.4652602382110782
33,1344.520330049159,,,mixed C-H bending / C-C out-of-plane bending,nu(C8-C9),bond,0.6787547140285547,-,-0.043060199329261924,0.5956052068357818
33,1344.520330049159,,,mixed C-H bending / C-C out-of-plane bending,delta(H11-C1-H12),angle,0.4767848526145627,+,0.05221654586158079,0.28451414884001697
33,1344.520330049159,,,mixed C-H bending / C-C out-of-plane bending,nu(C5-C9),bond,0.3847302022069358,+,0.038464916267076384,0.4230818519106006
33,1344.520330049159,,,mixed C-H bending / C-C out-of-plane bending,delta(C5-C6-H14),angle,0.27198787408849384,-,-0.04378899827306748,0.23079012405429297
33,1344.520330049159,,,mixed C-H bending / C-C out-of-plane bending,delta(C2-C1-H12),angle,0.1903121733545874,-,-0.03107398356436369,0.3206789140124306
33,1344.520330049159,,,mixed C-H bending / C-C out-of-plane bending,delta_lin1(C2-C3-N4),linbend1,0.11697439108255346,+,0.0478695754786384,0.08305568027078959
33,1344.520330049159,,,mixed C-H bending / C-C out-of-plane bending,nu(C3-N4),bond,0.11642161823783155,-,-0.01223978570637929,1.2643977132783855
33,1344.520330049159,,,mixed C-H bending / C-C out-of-plane bending,delta(C2-C5-C9),angle,0.06656410493173351,+,0.018548356306161758,0.3147943546621411
33,1344.520330049159,,,mixed C-H bending / C-C out-of-plane bending,delta(C6-O7-C8),angle,0.0636439614432482,+,0.00870658634590411,1.366026359575297
33,1344.520330049159,,,mixed C-H bending / C-C out-of-plane bending,delta(H10-C1-H11),angle,0.05654109989378468,+,0.018214533470834703,0.2772846618250007
33,1344.520330049159,,,mixed C-H bending / C-C out-of-plane bending,nu(C1-C2),bond,0.04184556375253728,+,0.016163925915851772,0.26058740390841156
33,1344.520330049159,,,mixed C-H bending / C-C out-of-plane bending,nu(C2-H13),bond,0.02241751873114874,-,-0.010613373874592472,0.32380109525181683
33,1344.520330049159,,,mixed C-H bending / C-C out-of-plane bending,nu(C8-H15),bond,0.008340656751568767,-,-0.005992957812830431,0.3778465893608223
33,1344.520330049159,,,mixed C-H bending / C-C out-of-plane bending,nu(C6-H14),bond,0.006197847211316366,-,-0.0051640118798333854,0.37814999512334674
33,1344.520330049159,,,mixed C-H bending / C-C out-of-plane bending,tau(H11-C1-C2-C3),dihedral,0.005850620601932303,+,0.019755720438614458,0.024390117415320465
33,1344.520330049159,,,mixed C-H bending / C-C out-of-plane bending,nu(C1-H10),bond,0.004776885985304757,+,0.004782231361022312,0.3398454095071219
33,1344.520330049159,,,mixed C-H bending / C-C out-of-plane bending,delta_lin2(C2-C3-N4),linbend2,0.004209139582027002,+,0.008912085762457292,0.08622482315228443
33,1344.520330049159,,,mixed C-H bending / C-C out-of-plane bending,nu(C1-H11),bond,0.003409670904461231,-,-0.004034237694948396,0.3408687565072281
33,1344.520330049159,,,mixed C-H bending / C-C out-of-plane bending,tau(C2-C5-C6-O7),dihedral,0.0032506511164646762,+,0.009015027459965299,0.06507796307380474
33,1344.520330049159,,,mixed C-H bending / C-C out-of-plane bending,tau(C9-C5-C6-O7),dihedral,0.0031656388532169707,+,0.005118911800256565,0.19656390570348833
33,1344.520330049159,,,mixed C-H bending / C-C out-of-plane bending,tau(C3-C2-C5-C9),dihedral,0.0015243152514582078,-,-0.014619670868976324,0.011603721655504018
33,1344.520330049159,,,mixed C-H bending / C-C out-of-plane bending,nu(C9-H16),bond,0.0013471020474154869,-,-0.0024311125661401973,0.37084126902589476
33,1344.520330049159,,,mixed C-H bending / C-C out-of-plane bending,nu(C1-H12),bond,0.00013399302034373928,+,0.0007993174217983248,0.34122537331219377
33,1344.520330049159,,,mixed C-H bending / C-C out-of-plane bending,tau(C6-O7-C8-H15),dihedral,9.961604289957157e-05,-,-0.0008094857613140478,0.24734808746537756
33,1344.520330049159,,,mixed C-H bending / C-C out-of-plane bending,tau(C6-C5-C9-H16),dihedral,8.461840374986816e-05,-,-0.0015604779151080941,0.056538889473237264
33,1344.520330049159,,,mixed C-H bending / C-C out-of-plane bending,tau(H14-C6-O7-C8),dihedral,5.988422539543337e-06,-,-0.0003844747158924285,0.06591352919497648
33,1344.520330049159,,,mixed C-H bending / C-C out-of-plane bending,"gamma(H15;C8,O7,C9)",oop,1.5668576198252598e-09,-,-3.1975920761154922e-06,0.24933377621103062
34,1411.8885216930096,,,mixed mixed-phase cyclic C-C stretching / C-H bending / C-C out-of-plane bending,nu(C5-C9),bond,22.81908167502977,-,-0.2708767585333394,0.4230818519106006
34,1411.8885216930096,,,mixed mixed-phase cyclic C-C stretching / C-H bending / C-C out-of-plane bending,"gamma(C5;C2,C1,H13)",oop,18.907423560470644,+,0.23788114758531295,0.45455037963053907
34,1411.8885216930096,,,mixed mixed-phase cyclic C-C stretching / C-H bending / C-C out-of-plane bending,delta(C3-C2-H13),angle,7.977647223888086,+,0.16615794426122618,0.39309935236092164
34,1411.8885216930096,,,mixed mixed-phase cyclic C-C stretching / C-H bending / C-C out-of-plane bending,nu(C5-C6),bond,6.7515642614318985,+,0.12930071409652877,0.549379285605132
34,1411.8885216930096,,,mixed mixed-phase cyclic C-C stretching / C-H bending / C-C out-of-plane bending,delta(H10-C1-H12),angle,6.208338481369459,-,-0.17459526338073608,0.277064059575885
34,1411.8885216930096,,,mixed mixed-phase cyclic C-C stretching / C-H bending / C-C out-of-plane bending,delta(C9-C8-H15),angle,6.066917212975352,+,0.1891009772038477,0.23080767378187408
34,1411.8885216930096,,,mixed mixed-phase cyclic C-C stretching / C-H bending / C-C out-of-plane bending,delta(C5-C9-H16),angle,4.972189303697235,+,0.1839651336747731,0.19986941239788925
34,1411.8885216930096,,,mixed mixed-phase cyclic C-C stretching / C-H bending / C-C out-of-plane bending,delta(C5-C9-C8),angle,4.547992772315626,+,0.06948978344511345,1.2812903955832389
34,1411.8885216930096,,,mixed mixed-phase cyclic C-C stretching / C-H bending / C-C out-of-plane bending,delta(C2-C1-H11),angle,3.846729666776353,+,0.12852921839088027,0.3167799276088916
34,1411.8885216930096,,,mixed mixed-phase cyclic C-C stretching / C-H bending / C-C out-of-plane bending,delta(C5-C6-H14),angle,2.978051209515143,+,0.13249281614137215,0.23079012405429297
34,1411.8885216930096,,,mixed mixed-phase cyclic C-C stretching / C-H bending / C-C out-of-plane bending,nu(C8-C9),bond,2.8598260056735443,+,0.08082122400703054,0.5956052068357818
34,1411.8885216930096,,,mixed mixed-phase cyclic C-C stretching / C-H bending / C-C out-of-plane bending,nu(C2-C5),bond,2.0741950243683056,+,0.09752872071742115,0.2966567635151466
34,1411.8885216930096,,,mixed mixed-phase cyclic C-C stretching / C-H bending / C-C out-of-plane bending,nu(O7-C8),bond,1.7495742220680335,+,0.07049662241850495,0.47892275585557215
34,1411.8885216930096,,,mixed mixed-phase cyclic C-C stretching / C-H bending / C-C out-of-plane bending,delta(C2-C1-H12),angle,1.6918155751879473,+,0.08471809237280693,0.3206789140124306
34,1411.8885216930096,,,mixed mixed-phase cyclic C-C stretching / C-H bending / C-C out-of-plane bending,delta(H10-C1-H11),angle,1.4474533346624896,-,-0.08427023845036763,0.2772846618250007
34,1411.8885216930096,,,mixed mixed-phase cyclic C-C stretching / C-H bending / C-C out-of-plane bending,delta(C2-C5-C9),angle,1.159255188147508,+,0.07078005848215943,0.3147943546621411
34,1411.8885216930096,,,mixed mixed-phase cyclic C-C stretching / C-H bending / C-C out-of-plane bending,nu(C2-C3),bond,1.0692213347517567,-,-0.06848649862714244,0.31011831126805667
34,1411.8885216930096,,,mixed mixed-phase cyclic C-C stretching / C-H bending / C-C out-of-plane bending,delta(C1-C2-C5),angle,0.9392138375667612,-,-0.055681888264944024,0.41210349231350385
34,1411.8885216930096,,,mixed mixed-phase cyclic C-C stretching / C-H bending / C-C out-of-plane bending,delta(C6-O7-C8),angle,0.692601663723807,+,0.026263166443629558,1.366026359575297
34,1411.8885216930096,,,mixed mixed-phase cyclic C-C stretching / C-H bending / C-C out-of-plane bending,nu(C6-O7),bond,0.5238957584715872,+,0.03913896460815014,0.4652602382110782
34,1411.8885216930096,,,mixed mixed-phase cyclic C-C stretching / C-H bending / C-C out-of-plane bending,delta(C1-C2-C3),angle,0.3474296888397593,+,0.03300273945550168,0.43394697687697664
34,1411.8885216930096,,,mixed mixed-phase cyclic C-C stretching / C-H bending / C-C out-of-plane bending,nu(C1-C2),bond,0.1074965355134763,-,-0.02368947220806162,0.26058740390841156
34,1411.8885216930096,,,mixed mixed-phase cyclic C-C stretching / C-H bending / C-C out-of-plane bending,delta(H11-C1-H12),angle,0.09664057346617143,-,-0.021496248579977156,0.28451414884001697
34,1411.8885216930096,,,mixed mixed-phase cyclic C-C stretching / C-H bending / C-C out-of-plane bending,nu(C3-N4),bond,0.04566405669439264,-,-0.00700939049259793,1.2643977132783855
34,1411.8885216930096,,,mixed mixed-phase cyclic C-C stretching / C-H bending / C-C out-of-plane bending,nu(C6-H14),bond,0.03245678055735325,+,0.010805765307067668,0.37814999512334674
34,1411.8885216930096,,,mixed mixed-phase cyclic C-C stretching / C-H bending / C-C out-of-plane bending,delta(C1-C2-H13),angle,0.028773121258402905,-,-0.012510380430708196,0.25010113607571116
34,1411.8885216930096,,,mixed mixed-phase cyclic C-C stretching / C-H bending / C-C out-of-plane bending,nu(C8-H15),bond,0.014887010148861636,+,0.007321176040081996,0.3778465893608223
34,1411.8885216930096,,,mixed mixed-phase cyclic C-C stretching / C-H bending / C-C out-of-plane bending,nu(C1-H10),bond,0.01263300723030489,+,0.00711127590866464,0.3398454095071219
34,1411.8885216930096,,,mixed mixed-phase cyclic C-C stretching / C-H bending / C-C out-of-plane bending,delta_lin1(C2-C3-N4),linbend1,0.009543278671241247,+,0.012502561333928913,0.08305568027078959
34,1411.8885216930096,,,mixed mixed-phase cyclic C-C stretching / C-H bending / C-C out-of-plane bending,nu(C1-H12),bond,0.005637828607584863,+,0.004741001977089374,0.34122537331219377
34,1411.8885216930096,,,mixed mixed-phase cyclic C-C stretching / C-H bending / C-C out-of-plane bending,tau(H11-C1-C2-C3),dihedral,0.004954391647936073,-,-0.01662352353621341,0.024390117415320465
34,1411.8885216930096,,,mixed mixed-phase cyclic C-C stretching / C-H bending / C-C out-of-plane bending,nu(C2-H13),bond,0.004232635407361883,-,-0.004216976048504416,0.32380109525181683
34,1411.8885216930096,,,mixed mixed-phase cyclic C-C stretching / C-H bending / C-C out-of-plane bending,nu(C9-H16),bond,0.002986799426918251,-,-0.0033101209358697187,0.37084126902589476
34,1411.8885216930096,,,mixed mixed-phase cyclic C-C stretching / C-H bending / C-C out-of-plane bending,tau(C9-C5-C6-O7),dihedral,0.0019666965708158117,+,0.0036893652641800693,0.19656390570348833
34,1411.8885216930096,,,mixed mixed-phase cyclic C-C stretching / C-H bending / C-C out-of-plane bending,delta_lin2(C2-C3-N4),linbend2,0.0007649961962586026,+,0.0034741482145923598,0.08622482315228443
34,1411.8885216930096,,,mixed mixed-phase cyclic C-C stretching / C-H bending / C-C out-of-plane bending,tau(C6-C5-C9-H16),dihedral,0.00046489216736280206,+,0.003344547269340484,0.056538889473237264
34,1411.8885216930096,,,mixed mixed-phase cyclic C-C stretching / C-H bending / C-C out-of-plane bending,tau(C2-C5-C6-O7),dihedral,0.00034955583365973286,+,0.0027031874489805516,0.06507796307380474
34,1411.8885216930096,,,mixed mixed-phase cyclic C-C stretching / C-H bending / C-C out-of-plane bending,nu(C1-H11),bond,4.958094501304445e-05,+,0.00044483470507546244,0.3408687565072281
34,1411.8885216930096,,,mixed mixed-phase cyclic C-C stretching / C-H bending / C-C out-of-plane bending,tau(C3-C2-C5-C9),dihedral,3.341687866843118e-05,-,-0.00197933429852193,0.011603721655504018
34,1411.8885216930096,,,mixed mixed-phase cyclic C-C stretching / C-H bending / C-C out-of-plane bending,"gamma(H15;C8,O7,C9)",oop,2.5589640726435414e-05,+,0.0003736598177966539,0.24933377621103062
34,1411.8885216930096,,,mixed mixed-phase cyclic C-C stretching / C-H bending / C-C out-of-plane bending,tau(C6-O7-C8-H15),dihedral,1.9160396838030867e-05,-,-0.00032462564998566527,0.24734808746537756
34,1411.8885216930096,,,mixed mixed-phase cyclic C-C stretching / C-H bending / C-C out-of-plane bending,tau(H14-C6-O7-C8),dihedral,3.091809557063984e-06,+,0.00025261198153887445,0.06591352919497648
35,1419.516449968303,,,C-H bending,delta(H11-C1-H12),angle,21.117532779116388,-,-0.32689718976061743,0.28451414884001697
35,1419.516449968303,,,C-H bending,delta(C2-C1-H12),angle,18.897977375504073,+,0.29128223160509964,0.3206789140124306
35,1419.516449968303,,,C-H bending,delta(H10-C1-H11),angle,17.13591188827159,-,-0.2982855531032689,0.2772846618250007
35,1419.516449968303,,,C-H bending,delta(C2-C1-H11),angle,16.982506366729492,+,0.27782005845893515,0.3167799276088916
35,1419.516449968303,,,C-H bending,delta(H10-C1-H12),angle,15.179798747135308,-,-0.2808564765612929,0.277064059575885
35,1419.516449968303,,,C-H bending,nu(C5-C9),bond,2.394209190296171,+,0.09026312836849672,0.4230818519106006
35,1419.516449968303,,,C-H bending,nu(C1-C2),bond,2.128832482367759,-,-0.10845150106160084,0.26058740390841156
35,1419.516449968303,,,C-H bending,"gamma(C5;C2,C1,H13)",oop,2.092374948009608,-,-0.08140859815562673,0.45455037963053907
35,1419.516449968303,,,C-H bending,nu(C5-C6),bond,1.0019455431020619,-,-0.05124216277210649,0.549379285605132
35,1419.516449968303,,,C-H bending,delta(C3-C2-H13),angle,0.6136078193003806,-,-0.04740627280739948,0.39309935236092164
35,1419.516449968303,,,C-H bending,nu(C2-C5),bond,0.40236740599982296,-,-0.044190183235285965,0.2966567635151466
35,1419.516449968303,,,C-H bending,nu(C8-C9),bond,0.31564878793049617,-,-0.027622587188705822,0.5956052068357818
35,1419.516449968303,,,C-H bending,delta(C5-C9-C8),angle,0.31408458137328854,-,-0.01878629146891368,1.2812903955832389
35,1419.516449968303,,,C-H bending,delta(C5-C9-H16),angle,0.25282171541846776,-,-0.04267519870522312,0.19986941239788925
35,1419.516449968303,,,C-H bending,delta(C9-C8-H15),angle,0.21700548596695787,-,-0.03679186199205126,0.23080767378187408
35,1419.516449968303,,,C-H bending,delta(C6-O7-C8),angle,0.20938293025903673,-,-0.014855341148782062,1.366026359575297
35,1419.516449968303,,,C-H bending,delta(C2-C5-C9),angle,0.11462009463632782,-,-0.022895938327252105,0.3147943546621411
35,1419.516449968303,,,C-H bending,delta(C1-C2-C5),angle,0.10854435452504574,+,0.019473409907634857,0.41210349231350385
35,1419.516449968303,,,C-H bending,delta(C5-C6-H14),angle,0.10209974387075164,-,-0.025237437064635965,0.23079012405429297
35,1419.516449968303,,,C-H bending,nu(C2-C3),bond,0.09766417008495555,+,0.021293421928688015,0.31011831126805667
35,1419.516449968303,,,C-H bending,nu(O7-C8),bond,0.07064497905086506,-,-0.014573016171340117,0.47892275585557215
35,1419.516449968303,,,C-H bending,delta(C1-C2-H13),angle,0.06316718183832219,-,-0.019069067298770694,0.25010113607571116
35,1419.516449968303,,,C-H bending,delta(C1-C2-C3),angle,0.059858829643784486,-,-0.014092476198586622,0.43394697687697664
35,1419.516449968303,,,C-H bending,nu(C1-H11),bond,0.04883348105812085,+,0.014361730625226032,0.3408687565072281
35,1419.516449968303,,,C-H bending,nu(C1-H12),bond,0.03408948801340771,+,0.011993090571559336,0.34122537331219377
35,1419.516449968303,,,C-H bending,nu(C1-H10),bond,0.030375653917652047,+,0.011343932847328972,0.3398454095071219
35,1419.516449968303,,,C-H bending,nu(C6-H14),bond,0.004651589618734619,-,-0.004208333794579181,0.37814999512334674
35,1419.516449968303,,,C-H bending,nu(C3-N4),bond,0.0031199013607516647,-,-0.0018848210084345485,1.2643977132783855
35,1419.516449968303,,,C-H bending,delta_lin1(C2-C3-N4),linbend1,0.0019001590488494403,-,-0.0057392063544711375,0.08305568027078959
35,1419.516449968303,,,C-H bending,tau(H11-C1-C2-C3),dihedral,0.0014583285879712614,+,0.00927816907058441,0.024390117415320465
35,1419.516449968303,,,C-H bending,nu(C8-H15),bond,0.0010588839749466705,-,-0.0020086671060802067,0.3778465893608223
35,1419.516449968303,,,C-H bending,nu(C6-O7),bond,0.0006516604789252917,-,-0.001420052024116741,0.4652602382110782
35,1419.516449968303,,,C-H bending,nu(C2-H13),bond,0.0006376635571588645,+,0.0016838297367975873,0.32380109525181683
35,1419.516449968303,,,C-H bending,tau(C6-C5-C9-H16),dihedral,0.0002257127296895006,+,0.002397429927994075,0.056538889473237264
35,1419.516449968303,,,C-H bending,tau(H14-C6-O7-C8),dihedral,0.0001151597486869813,+,0.0015860051907226026,0.06591352919497648
35,1419.516449968303,,,C-H bending,tau(C9-C5-C6-O7),dihedral,0.00011422823545768001,-,-0.0009146951587951449,0.19656390570348833
35,1419.516449968303,,,C-H bending,nu(C9-H16),bond,6.890684972113396e-05,+,0.0005172240389359781,0.37084126902589476
35,1419.516449968303,,,C-H bending,tau(C2-C5-C6-O7),dihedral,6.648878303655532e-05,+,0.001212826700309225,0.06507796307380474
35,1419.516449968303,,,C-H bending,tau(C6-O7-C8-H15),dihedral,1.381843656469535e-05,+,0.00028360684541076407,0.24734808746537756
35,1419.516449968303,,,C-H bending,delta_lin2(C2-C3-N4),linbend2,1.1357700931446631e-05,+,0.0004354823834060577,0.08622482315228443
35,1419.516449968303,,,C-H bending,"gamma(H15;C8,O7,C9)",oop,1.038580682423037e-07,-,-2.4489002518836216e-05,0.24933377621103062
35,1419.516449968303,,,C-H bending,tau(C3-C2-C5-C9),dihedral,1.3610380949649233e-08,-,-4.1093962680609865e-05,0.011603721655504018
36,1498.4951161615115,,,C-H bending,delta(H10-C1-H11),angle,58.083228348406344,+,0.6123237044790142,0.2772846618250007
36,1498.4951161615115,,,C-H bending,delta(H11-C1-H12),angle,27.433874529729557,-,-0.4154418676112306,0.28451414884001697
36,1498.4951161615115,,,C-H bending,delta(H10-C1-H12),angle,6.057300188668055,-,-0.19781903280918764,0.277064059575885
36,1498.4951161615115,,,C-H bending,delta(C2-C1-H12),angle,5.293491484006875,+,0.1718915507018836,0.3206789140124306
36,1498.4951161615115,,,C-H bending,tau(H11-C1-C2-C3),dihedral,1.824626101647645,+,0.365930507830374,0.024390117415320465
36,1498.4951161615115,,,C-H bending,delta(C2-C1-H11),angle,0.5682651794194479,-,-0.05666505535203012,0.3167799276088916
36,1498.4951161615115,,,C-H bending,nu(C8-C9),bond,0.1595169879316052,+,0.021894894134708666,0.5956052068357818
36,1498.4951161615115,,,C-H bending,delta(C1-C2-H13),angle,0.1091288396497615,+,0.027946701660912933,0.25010113607571116
36,1498.4951161615115,,,C-H bending,nu(C5-C6),bond,0.0820084289525432,+,0.0163460087925662,0.549379285605132
36,1498.4951161615115,,,C-H bending,delta(C6-O7-C8),angle,0.07676853744555387,+,0.01002953309396,1.366026359575297
36,1498.4951161615115,,,C-H bending,nu(C1-H12),bond,0.0648443806479773,+,0.018443109159703583,0.34122537331219377
36,1498.4951161615115,,,C-H bending,delta(C9-C8-H15),angle,0.05604918222495744,-,-0.02084865969365592,0.23080767378187408
36,1498.4951161615115,,,C-H bending,delta(C5-C6-H14),angle,0.035339845710455856,-,-0.01655550133068999,0.23079012405429297
36,1498.4951161615115,,,C-H bending,nu(C1-H10),bond,0.02906611990755005,-,-0.012372898455112032,0.3398454095071219
36,1498.4951161615115,,,C-H bending,nu(C2-C5),bond,0.025750042041134628,+,0.012464660850180484,0.2966567635151466
36,1498.4951161615115,,,C-H bending,nu(C6-O7),bond,0.02440113008815358,-,-0.0096889256449282,0.4652602382110782
36,1498.4951161615115,,,C-H bending,nu(O7-C8),bond,0.016941451256559086,-,-0.0079572168041851,0.47892275585557215
36,1498.4951161615115,,,C-H bending,nu(C1-H11),bond,0.007540522625519242,-,-0.006292536564448333,0.3408687565072281
36,1498.4951161615115,,,C-H bending,nu(C2-C3),bond,0.007075359488797763,+,0.006390416615595607,0.31011831126805667
36,1498.4951161615115,,,C-H bending,nu(C5-C9),bond,0.0065604313783992245,-,-0.005268325776512563,0.4230818519106006
36,1498.4951161615115,,,C-H bending,delta(C3-C2-H13),angle,0.006358634610594426,-,-0.005380831506586038,0.39309935236092164
36,1498.4951161615115,,,C-H bending,delta(C5-C9-C8),angle,0.0051211990337247815,-,-0.0026747344067569196,1.2812903955832389
36,1498.4951161615115,,,C-H bending,delta(C1-C2-C5),angle,0.005094264302613546,+,0.004703879756835282,0.41210349231350385
36,1498.4951161615115,,,C-H bending,nu(C1-C2),bond,0.0037963450737493933,-,-0.005106516661891122,0.26058740390841156
36,1498.4951161615115,,,C-H bending,delta(C1-C2-C3),angle,0.0036760752382520813,+,0.003893968952205637,0.43394697687697664
36,1498.4951161615115,,,C-H bending,delta(C2-C5-C9),angle,0.003642220700444227,-,-0.004550805599078378,0.3147943546621411
36,1498.4951161615115,,,C-H bending,delta_lin1(C2-C3-N4),linbend1,0.002663328214090924,+,0.007576110447134141,0.08305568027078959
36,1498.4951161615115,,,C-H bending,nu(C2-H13),bond,0.0021979044847751737,+,0.003485650773950285,0.32380109525181683
36,1498.4951161615115,,,C-H bending,delta(C5-C9-H16),angle,0.001673113948477671,+,0.0038708666863573825,0.19986941239788925
36,1498.4951161615115,,,C-H bending,nu(C9-H16),bond,0.000902699144193765,+,0.0020873539993144148,0.37084126902589476
36,1498.4951161615115,,,C-H bending,"gamma(C5;C2,C1,H13)",oop,0.0008548120442061386,+,0.0018346909816370843,0.45455037963053907
36,1498.4951161615115,,,C-H bending,nu(C3-N4),bond,0.0005887019874926578,+,0.0009129027648740113,1.2643977132783855
36,1498.4951161615115,,,C-H bending,nu(C8-H15),bond,0.0005011110777728948,+,0.0015407347251815747,0.3778465893608223
36,1498.4951161615115,,,C-H bending,tau(C6-C5-C9-H16),dihedral,0.00041656601322758916,-,-0.003631507138875275,0.056538889473237264
36,1498.4951161615115,,,C-H bending,tau(C2-C5-C6-O7),dihedral,0.0003811865590541105,+,0.0032379522208064886,0.06507796307380474
36,1498.4951161615115,,,C-H bending,nu(C6-H14),bond,0.00027227414958119484,+,0.0011352454705808477,0.37814999512334674
36,1498.4951161615115,,,C-H bending,tau(C3-C2-C5-C9),dihedral,4.1472724642376925e-05,-,-0.0025293053059466104,0.011603721655504018
36,1498.4951161615115,,,C-H bending,tau(C9-C5-C6-O7),dihedral,1.4779645485875696e-05,-,-0.0003668586336803325,0.19656390570348833
36,1498.4951161615115,,,C-H bending,delta_lin2(C2-C3-N4),linbend2,1.2558588042227951e-05,+,0.0005105906684723619,0.08622482315228443
36,1498.4951161615115,,,C-H bending,"gamma(H15;C8,O7,C9)",oop,6.339744547104492e-06,+,0.0002133359000295822,0.24933377621103062
36,1498.4951161615115,,,C-H bending,tau(H14-C6-O7-C8),dihedral,5.7467403793611355e-06,+,0.0003950409601855511,0.06591352919497648
36,1498.4951161615115,,,C-H bending,tau(C6-O7-C8-H15),dihedral,1.5747477731965255e-06,+,0.0001067504821834669,0.24734808746537756
37,1502.3494153714075,,,C-H bending,delta(H10-C1-H12),angle,53.94182472723224,-,-0.585969959308011,0.277064059575885
37,1502.3494153714075,,,C-H bending,delta(H11-C1-H12),angle,34.54065546481121,+,0.4627175637568113,0.28451414884001697
37,1502.3494153714075,,,C-H bending,delta(C2-C1-H11),angle,5.242000305354855,-,-0.17083321925116787,0.3167799276088916
37,1502.3494153714075,,,C-H bending,delta(H10-C1-H11),angle,2.7746360394182727,+,0.13284423727441483,0.2772846618250007
37,1502.3494153714075,,,C-H bending,"gamma(C5;C2,C1,H13)",oop,0.7556546091081213,-,-0.054146861284996656,0.45455037963053907
37,1502.3494153714075,,,C-H bending,delta(C3-C2-H13),angle,0.6504608964254124,-,-0.054020930947456455,0.39309935236092164
37,1502.3494153714075,,,C-H bending,nu(C8-C9),bond,0.31514625915372335,-,-0.030547766826719624,0.5956052068357818
37,1502.3494153714075,,,C-H bending,nu(C5-C6),bond,0.31366447451275026,-,-0.03173212513537794,0.549379285605132
37,1502.3494153714075,,,C-H bending,delta(C2-C1-H12),angle,0.25350868190973136,+,0.037339100206420374,0.3206789140124306
37,1502.3494153714075,,,C-H bending,tau(H11-C1-C2-C3),dihedral,0.2023871955287897,-,-0.12097265223876474,0.024390117415320465
37,1502.3494153714075,,,C-H bending,nu(C2-C3),bond,0.2022556978402226,+,0.03391480380496107,0.31011831126805667
37,1502.3494153714075,,,C-H bending,delta(C6-O7-C8),angle,0.19086936571235846,-,-0.01569788730215241,1.366026359575297
37,1502.3494153714075,,,C-H bending,nu(C5-C9),bond,0.1639145561382701,+,0.02613961545619366,0.4230818519106006
37,1502.3494153714075,,,C-H bending,nu(C2-C5),bond,0.10964744553988062,-,-0.025531407872471334,0.2966567635151466
37,1502.3494153714075,,,C-H bending,nu(C1-H11),bond,0.06696957008228525,-,-0.018614346288459288,0.3408687565072281
37,1502.3494153714075,,,C-H bending,delta(C2-C5-C9),angle,0.04364306248952588,-,-0.01563676008932751,0.3147943546621411
37,1502.3494153714075,,,C-H bending,delta(C9-C8-H15),angle,0.04346718858853311,+,0.018224611763657226,0.23080767378187408
37,1502.3494153714075,,,C-H bending,nu(C1-H10),bond,0.03633477989414227,+,0.013731664833126718,0.3398454095071219
37,1502.3494153714075,,,C-H bending,delta(C5-C9-H16),angle,0.027238162104780944,-,-0.015503093414926143,0.19986941239788925
37,1502.3494153714075,,,C-H bending,delta(C5-C6-H14),angle,0.025300437118095757,+,0.013904585074166174,0.23079012405429297
37,1502.3494153714075,,,C-H bending,nu(C6-O7),bond,0.023609233339779444,+,0.009460097327638481,0.4652602382110782
37,1502.3494153714075,,,C-H bending,nu(C3-N4),bond,0.02162202066414569,+,0.005491726746933108,1.2643977132783855
37,1502.3494153714075,,,C-H bending,nu(O7-C8),bond,0.021566854403548337,+,0.008911756230331249,0.47892275585557215
37,1502.3494153714075,,,C-H bending,delta(C1-C2-H13),angle,0.014830147365888604,+,0.01022627653782726,0.25010113607571116
37,1502.3494153714075,,,C-H bending,delta(C1-C2-C5),angle,0.005540575591983006,+,0.004869416538271116,0.41210349231350385
37,1502.3494153714075,,,C-H bending,nu(C1-C2),bond,0.0032699524331484316,-,-0.00470431765699031,0.26058740390841156
37,1502.3494153714075,,,C-H bending,delta(C5-C9-C8),angle,0.0022613679788433872,-,-0.0017642676277326882,1.2812903955832389
37,1502.3494153714075,,,C-H bending,delta_lin1(C2-C3-N4),linbend1,0.0019274576517924172,-,-0.0063975013214966495,0.08305568027078959
37,1502.3494153714075,,,C-H bending,nu(C6-H14),bond,0.001561564314176838,-,-0.002698674590282024,0.37814999512334674
37,1502.3494153714075,,,C-H bending,nu(C1-H12),bond,0.001429445980820668,+,0.002718102605130023,0.34122537331219377
37,1502.3494153714075,,,C-H bending,nu(C8-H15),bond,0.0012360421351540576,-,-0.0024019364693215676,0.3778465893608223
37,1502.3494153714075,,,C-H bending,nu(C2-H13),bond,0.0004192537812870355,+,0.0015111304922752842,0.32380109525181683
37,1502.3494153714075,,,C-H bending,delta(C1-C2-C3),angle,0.0003905581897327484,+,0.0012598741714676379,0.43394697687697664
37,1502.3494153714075,,,C-H bending,nu(C9-H16),bond,0.00027973967384753,-,-0.0011534151046581574,0.37084126902589476
37,1502.3494153714075,,,C-H bending,delta_lin2(C2-C3-N4),linbend2,0.0002644337240289404,+,0.002325652892729217,0.08622482315228443
37,1502.3494153714075,,,C-H bending,tau(C2-C5-C6-O7),dihedral,0.00016686269711013566,-,-0.002126499503315746,0.06507796307380474
37,1502.3494153714075,,,C-H bending,tau(C6-C5-C9-H16),dihedral,2.825408427232894e-05,-,-0.0009387925030619567,0.056538889473237264
37,1502.3494153714075,,,C-H bending,tau(C3-C2-C5-C9),dihedral,1.0915020979862475e-05,-,-0.0012880012002934446,0.011603721655504018
37,1502.3494153714075,,,C-H bending,tau(H14-C6-O7-C8),dihedral,5.92581758140739e-06,+,0.00039818921040303995,0.06591352919497648
37,1502.3494153714075,,,C-H bending,tau(C6-O7-C8-H15),dihedral,3.565418449811895e-07,+,5.042008889552625e-05,0.24734808746537756
37,1502.3494153714075,,,C-H bending,tau(C9-C5-C6-O7),dihedral,1.1602515948920519e-07,+,3.226464063006698e-05,0.19656390570348833
37,1502.3494153714075,,,C-H bending,"gamma(H15;C8,O7,C9)",oop,3.6216942216796034e-09,+,5.061368576808739e-06,0.24933377621103062
38,1533.7531727768937,,,mixed cyclic C-C stretching / ring-site C-H in-plane bending,nu(C8-C9),bond,43.95348496663978,-,-0.3054042751058855,0.5956052068357818
38,1533.7531727768937,,,mixed cyclic C-C stretching / ring-site C-H in-plane bending,delta(C6-O7-C8),angle,13.445908748969632,-,-0.11153809875912137,1.366026359575297
38,1533.7531727768937,,,mixed cyclic C-C stretching / ring-site C-H in-plane bending,delta(C9-C8-H15),angle,11.811639247199912,+,0.25432418569546744,0.23080767378187408
38,1533.7531727768937,,,mixed cyclic C-C stretching / ring-site C-H in-plane bending,nu(C5-C6),bond,9.412590400411553,-,-0.14715537761610595,0.549379285605132
38,1533.7531727768937,,,mixed cyclic C-C stretching / ring-site C-H in-plane bending,delta(C5-C6-H14),angle,5.740545264109767,+,0.17730690951067188,0.23079012405429297
38,1533.7531727768937,,,mixed cyclic C-C stretching / ring-site C-H in-plane bending,nu(O7-C8),bond,4.9764018297170205,+,0.11459948912733744,0.47892275585557215
38,1533.7531727768937,,,mixed cyclic C-C stretching / ring-site C-H in-plane bending,nu(C2-C5),bond,2.5890623179861745,+,0.10502720842410924,0.2966567635151466
38,1533.7531727768937,,,mixed cyclic C-C stretching / ring-site C-H in-plane bending,nu(C6-O7),bond,2.19483981282524,+,0.07721668320462931,0.4652602382110782
38,1533.7531727768937,,,mixed cyclic C-C stretching / ring-site C-H in-plane bending,delta(C5-C9-C8),angle,1.7656604169150079,+,0.0417337588869608,1.2812903955832389
38,1533.7531727768937,,,mixed cyclic C-C stretching / ring-site C-H in-plane bending,delta(C5-C9-H16),angle,1.2059034045254364,-,-0.0873254415546043,0.19986941239788925
38,1533.7531727768937,,,mixed cyclic C-C stretching / ring-site C-H in-plane bending,delta(H11-C1-H12),angle,0.8476981435652208,-,-0.06136579701773155,0.28451414884001697
38,1533.7531727768937,,,mixed cyclic C-C stretching / ring-site C-H in-plane bending,delta(H10-C1-H12),angle,0.4774458784338342,+,0.04666912680631481,0.277064059575885
38,1533.7531727768937,,,mixed cyclic C-C stretching / ring-site C-H in-plane bending,delta(H10-C1-H11),angle,0.42956718889736745,+,0.04424969941348171,0.2772846618250007
38,1533.7531727768937,,,mixed cyclic C-C stretching / ring-site C-H in-plane bending,nu(C8-H15),bond,0.19374041252815638,-,-0.025457165991912865,0.3778465893608223
38,1533.7531727768937,,,mixed cyclic C-C stretching / ring-site C-H in-plane bending,nu(C9-H16),bond,0.18177820001606337,-,-0.024890554260946156,0.37084126902589476
38,1533.7531727768937,,,mixed cyclic C-C stretching / ring-site C-H in-plane bending,"gamma(C5;C2,C1,H13)",oop,0.1789267423417654,+,0.022305107083411456,0.45455037963053907
38,1533.7531727768937,,,mixed cyclic C-C stretching / ring-site C-H in-plane bending,delta(C3-C2-H13),angle,0.1493753017675418,+,0.0219152248649234,0.39309935236092164
38,1533.7531727768937,,,mixed cyclic C-C stretching / ring-site C-H in-plane bending,delta(C2-C5-C9),angle,0.09655161048780186,+,0.019689015049207528,0.3147943546621411
38,1533.7531727768937,,,mixed cyclic C-C stretching / ring-site C-H in-plane bending,nu(C2-C3),bond,0.09245341851971656,-,-0.019411338336889145,0.31011831126805667
38,1533.7531727768937,,,mixed cyclic C-C stretching / ring-site C-H in-plane bending,delta(C1-C2-C3),angle,0.05228751182126744,+,0.012340658995609202,0.43394697687697664
38,1533.7531727768937,,,mixed cyclic C-C stretching / ring-site C-H in-plane bending,nu(C5-C9),bond,0.05177461120533239,-,-0.012436664604438647,0.4230818519106006
38,1533.7531727768937,,,mixed cyclic C-C stretching / ring-site C-H in-plane bending,delta(C2-C1-H11),angle,0.03890646015443986,+,0.012459187721867951,0.3167799276088916
38,1533.7531727768937,,,mixed cyclic C-C stretching / ring-site C-H in-plane bending,nu(C6-H14),bond,0.03717416281816207,-,-0.011146698294160108,0.37814999512334674
38,1533.7531727768937,,,mixed cyclic C-C stretching / ring-site C-H in-plane bending,tau(H11-C1-C2-C3),dihedral,0.03662318854593136,+,0.04356410823733197,0.024390117415320465
38,1533.7531727768937,,,mixed cyclic C-C stretching / ring-site C-H in-plane bending,delta(C1-C2-C5),angle,0.02359053034681729,-,-0.008505961297048,0.41210349231350385
38,1533.7531727768937,,,mixed cyclic C-C stretching / ring-site C-H in-plane bending,nu(C3-N4),bond,0.005350345598143797,-,-0.002312633244554422,1.2643977132783855
38,1533.7531727768937,,,mixed cyclic C-C stretching / ring-site C-H in-plane bending,delta_lin1(C2-C3-N4),linbend1,0.004712707523548787,+,0.008468534702427054,0.08305568027078959
38,1533.7531727768937,,,mixed cyclic C-C stretching / ring-site C-H in-plane bending,nu(C1-C2),bond,0.0016305299094894162,-,-0.0028121946176488453,0.26058740390841156
38,1533.7531727768937,,,mixed cyclic C-C stretching / ring-site C-H in-plane bending,nu(C1-H10),bond,0.0012584726860754023,-,-0.002163410287311162,0.3398454095071219
38,1533.7531727768937,,,mixed cyclic C-C stretching / ring-site C-H in-plane bending,delta_lin2(C2-C3-N4),linbend2,0.0007446188821812911,-,-0.0033037605562968963,0.08622482315228443
38,1533.7531727768937,,,mixed cyclic C-C stretching / ring-site C-H in-plane bending,delta(C1-C2-H13),angle,0.0007023661945850246,+,0.0018840033274191911,0.25010113607571116
38,1533.7531727768937,,,mixed cyclic C-C stretching / ring-site C-H in-plane bending,delta(C2-C1-H12),angle,0.0006539023786657148,+,0.0016053840876489968,0.3206789140124306
38,1533.7531727768937,,,mixed cyclic C-C stretching / ring-site C-H in-plane bending,nu(C1-H11),bond,0.0004938255412546997,+,0.001353165365912507,0.3408687565072281
38,1533.7531727768937,,,mixed cyclic C-C stretching / ring-site C-H in-plane bending,tau(C6-O7-C8-H15),dihedral,0.00014673990526376757,+,0.0008659195329427852,0.24734808746537756
38,1533.7531727768937,,,mixed cyclic C-C stretching / ring-site C-H in-plane bending,tau(C2-C5-C6-O7),dihedral,0.00013262740276293822,+,0.0016049346535546073,0.06507796307380474
38,1533.7531727768937,,,mixed cyclic C-C stretching / ring-site C-H in-plane bending,nu(C1-H12),bond,0.00010708603369342051,+,0.0006298011587320604,0.34122537331219377
38,1533.7531727768937,,,mixed cyclic C-C stretching / ring-site C-H in-plane bending,nu(C2-H13),bond,8.250969020362248e-05,-,-0.0005675067337705589,0.32380109525181683
38,1533.7531727768937,,,mixed cyclic C-C stretching / ring-site C-H in-plane bending,tau(C6-C5-C9-H16),dihedral,3.9124234441046234e-05,-,-0.0009352053591370177,0.056538889473237264
38,1533.7531727768937,,,mixed cyclic C-C stretching / ring-site C-H in-plane bending,tau(C9-C5-C6-O7),dihedral,1.3602979868816511e-05,+,0.00029574869617715653,0.19656390570348833
38,1533.7531727768937,,,mixed cyclic C-C stretching / ring-site C-H in-plane bending,tau(C3-C2-C5-C9),dihedral,1.0340401757155882e-06,-,-0.0003356044822986864,0.011603721655504018
38,1533.7531727768937,,,mixed cyclic C-C stretching / ring-site C-H in-plane bending,tau(H14-C6-O7-C8),dihedral,3.977557610838937e-07,-,-8.733305530921334e-05,0.06591352919497648
38,1533.7531727768937,,,mixed cyclic C-C stretching / ring-site C-H in-plane bending,"gamma(H15;C8,O7,C9)",oop,3.3849495628433704e-07,-,-4.142316141462848e-05,0.24933377621103062
39,1628.5868844682327,,,mixed mixed-phase cyclic C-C stretching / ring-site C-H in-plane bending,nu(C5-C6),bond,41.64186033905397,+,0.3179813581422413,0.549379285605132
39,1628.5868844682327,,,mixed mixed-phase cyclic C-C stretching / ring-site C-H in-plane bending,nu(C8-C9),bond,15.71998721506776,-,-0.18763747920374185,0.5956052068357818
39,1628.5868844682327,,,mixed mixed-phase cyclic C-C stretching / ring-site C-H in-plane bending,delta(C5-C9-C8),angle,9.299258512699142,+,0.09839501891813458,1.2812903955832389
39,1628.5868844682327,,,mixed mixed-phase cyclic C-C stretching / ring-site C-H in-plane bending,delta(C5-C9-H16),angle,9.058036616728382,-,-0.24587626459242953,0.19986941239788925
39,1628.5868844682327,,,mixed mixed-phase cyclic C-C stretching / ring-site C-H in-plane bending,nu(C2-C5),bond,7.341598066622954,-,-0.1816941369827008,0.2966567635151466
39,1628.5868844682327,,,mixed mixed-phase cyclic C-C stretching / ring-site C-H in-plane bending,delta(C5-C6-H14),angle,5.697904334506763,-,-0.18147704742720788,0.23079012405429297
39,1628.5868844682327,,,mixed mixed-phase cyclic C-C stretching / ring-site C-H in-plane bending,delta(C2-C5-C9),angle,5.185113929996509,+,0.14823078974464474,0.3147943546621411
39,1628.5868844682327,,,mixed mixed-phase cyclic C-C stretching / ring-site C-H in-plane bending,nu(C6-O7),bond,1.7860099624959533,-,-0.07155940282336419,0.4652602382110782
39,1628.5868844682327,,,mixed mixed-phase cyclic C-C stretching / ring-site C-H in-plane bending,"gamma(C5;C2,C1,H13)",oop,1.4381070886053784,+,0.06496468538071329,0.45455037963053907
39,1628.5868844682327,,,mixed mixed-phase cyclic C-C stretching / ring-site C-H in-plane bending,nu(C5-C9),bond,0.9693019116763248,+,0.055282805522802875,0.4230818519106006
39,1628.5868844682327,,,mixed mixed-phase cyclic C-C stretching / ring-site C-H in-plane bending,delta(C6-O7-C8),angle,0.5350737963822084,+,0.02285862169234741,1.366026359575297
39,1628.5868844682327,,,mixed mixed-phase cyclic C-C stretching / ring-site C-H in-plane bending,delta(C9-C8-H15),angle,0.4644005825865039,+,0.05180766208806981,0.23080767378187408
39,1628.5868844682327,,,mixed mixed-phase cyclic C-C stretching / ring-site C-H in-plane bending,nu(C6-H14),bond,0.24696879755507228,+,0.029516287542124604,0.37814999512334674
39,1628.5868844682327,,,mixed mixed-phase cyclic C-C stretching / ring-site C-H in-plane bending,nu(O7-C8),bond,0.17760679026398232,+,0.02224179250439427,0.47892275585557215
39,1628.5868844682327,,,mixed mixed-phase cyclic C-C stretching / ring-site C-H in-plane bending,nu(C8-H15),bond,0.1042941588991905,-,-0.019188674602864022,0.3778465893608223
39,1628.5868844682327,,,mixed mixed-phase cyclic C-C stretching / ring-site C-H in-plane bending,delta(C3-C2-H13),angle,0.09470236675943103,+,0.017926767695927433,0.39309935236092164
39,1628.5868844682327,,,mixed mixed-phase cyclic C-C stretching / ring-site C-H in-plane bending,delta(H10-C1-H12),angle,0.06382498800436877,-,-0.017529842444707837,0.277064059575885
39,1628.5868844682327,,,mixed mixed-phase cyclic C-C stretching / ring-site C-H in-plane bending,nu(C1-C2),bond,0.04397061786058552,+,0.015002972490143988,0.26058740390841156
39,1628.5868844682327,,,mixed mixed-phase cyclic C-C stretching / ring-site C-H in-plane bending,nu(C9-H16),bond,0.0332623372760383,-,-0.010938432486795166,0.37084126902589476
39,1628.5868844682327,,,mixed mixed-phase cyclic C-C stretching / ring-site C-H in-plane bending,delta(C1-C2-C5),angle,0.0294645309182931,-,-0.009766059293165475,0.41210349231350385
39,1628.5868844682327,,,mixed mixed-phase cyclic C-C stretching / ring-site C-H in-plane bending,delta(C1-C2-C3),angle,0.018052461044122142,-,-0.007449422616275746,0.43394697687697664
39,1628.5868844682327,,,mixed mixed-phase cyclic C-C stretching / ring-site C-H in-plane bending,delta_lin1(C2-C3-N4),linbend1,0.011648272295186864,-,-0.01367788115142508,0.08305568027078959
39,1628.5868844682327,,,mixed mixed-phase cyclic C-C stretching / ring-site C-H in-plane bending,delta(H10-C1-H11),angle,0.011480448688690243,-,-0.007431718412494796,0.2772846618250007
39,1628.5868844682327,,,mixed mixed-phase cyclic C-C stretching / ring-site C-H in-plane bending,delta(H11-C1-H12),angle,0.0070431629163764916,+,0.005746516674760049,0.28451414884001697
39,1628.5868844682327,,,mixed mixed-phase cyclic C-C stretching / ring-site C-H in-plane bending,tau(H11-C1-C2-C3),dihedral,0.005230487120049098,-,-0.01691363138768067,0.024390117415320465
39,1628.5868844682327,,,mixed mixed-phase cyclic C-C stretching / ring-site C-H in-plane bending,delta(C2-C1-H11),angle,0.00494163819081966,+,0.004561727968116854,0.3167799276088916
39,1628.5868844682327,,,mixed mixed-phase cyclic C-C stretching / ring-site C-H in-plane bending,nu(C2-H13),bond,0.004001798544152179,+,0.004060328698113821,0.32380109525181683
39,1628.5868844682327,,,mixed mixed-phase cyclic C-C stretching / ring-site C-H in-plane bending,delta_lin2(C2-C3-N4),linbend2,0.0026832767063511586,+,0.006443017524153891,0.08622482315228443
39,1628.5868844682327,,,mixed mixed-phase cyclic C-C stretching / ring-site C-H in-plane bending,nu(C2-C3),bond,0.00159711685469916,-,-0.002621062516696304,0.31011831126805667
39,1628.5868844682327,,,mixed mixed-phase cyclic C-C stretching / ring-site C-H in-plane bending,delta(C1-C2-H13),angle,0.001163394885945953,+,0.002491027267058032,0.25010113607571116
39,1628.5868844682327,,,mixed mixed-phase cyclic C-C stretching / ring-site C-H in-plane bending,nu(C3-N4),bond,0.0010520254800148855,-,-0.0010535229890980401,1.2643977132783855
39,1628.5868844682327,,,mixed mixed-phase cyclic C-C stretching / ring-site C-H in-plane bending,tau(C2-C5-C6-O7),dihedral,0.00010702588790030001,-,-0.0014811538869591962,0.06507796307380474
39,1628.5868844682327,,,mixed mixed-phase cyclic C-C stretching / ring-site C-H in-plane bending,nu(C1-H12),bond,9.821593818273383e-05,+,0.000619645163717997,0.34122537331219377
39,1628.5868844682327,,,mixed mixed-phase cyclic C-C stretching / ring-site C-H in-plane bending,tau(C6-C5-C9-H16),dihedral,5.655075303304218e-05,-,-0.0011550965791881564,0.056538889473237264
39,1628.5868844682327,,,mixed mixed-phase cyclic C-C stretching / ring-site C-H in-plane bending,tau(C9-C5-C6-O7),dihedral,4.9475643895220586e-05,+,0.0005794508169200629,0.19656390570348833
39,1628.5868844682327,,,mixed mixed-phase cyclic C-C stretching / ring-site C-H in-plane bending,nu(C1-H11),bond,1.6504429052790132e-05,-,-0.0002541437260238513,0.3408687565072281
39,1628.5868844682327,,,mixed mixed-phase cyclic C-C stretching / ring-site C-H in-plane bending,nu(C1-H10),bond,1.5886883260634598e-05,+,0.0002497188846860273,0.3398454095071219
39,1628.5868844682327,,,mixed mixed-phase cyclic C-C stretching / ring-site C-H in-plane bending,tau(H14-C6-O7-C8),dihedral,6.304293560923994e-06,+,0.00035719360066073524,0.06591352919497648
39,1628.5868844682327,,,mixed mixed-phase cyclic C-C stretching / ring-site C-H in-plane bending,"gamma(H15;C8,O7,C9)",oop,4.127407005258225e-06,+,0.00014860069124815307,0.24933377621103062
39,1628.5868844682327,,,mixed mixed-phase cyclic C-C stretching / ring-site C-H in-plane bending,tau(C6-O7-C8-H15),dihedral,2.148954326382937e-06,-,-0.00010765446640393325,0.24734808746537756
39,1628.5868844682327,,,mixed mixed-phase cyclic C-C stretching / ring-site C-H in-plane bending,delta(C2-C1-H12),angle,1.7336549546724983e-06,-,-8.492173704337915e-05,0.3206789140124306
39,1628.5868844682327,,,mixed mixed-phase cyclic C-C stretching / ring-site C-H in-plane bending,tau(C3-C2-C5-C9),dihedral,9.99469640986575e-07,+,0.0003389681480474335,0.011603721655504018
40,2360.6465802516955,,,C-N stretching,nu(C3-N4),bond,90.70677699289733,-,-0.3906186246241598,1.2643977132783855
40,2360.6465802516955,,,C-N stretching,nu(C2-C3),bond,9.10053553577512,+,0.24983006399682953,0.31011831126805667
40,2360.6465802516955,,,C-N stretching,"gamma(C5;C2,C1,H13)",oop,0.07355858547013114,-,-0.018552421457920992,0.45455037963053907
40,2360.6465802516955,,,C-N stretching,nu(C2-H13),bond,0.025113422631438717,-,-0.012843657787144639,0.32380109525181683
40,2360.6465802516955,,,C-N stretching,delta(C2-C1-H11),angle,0.021314613618303883,-,-0.01196285487080882,0.3167799276088916
40,2360.6465802516955,,,C-N stretching,delta(C1-C2-C3),angle,0.02066102451852018,-,-0.010063117008169786,0.43394697687697664
40,2360.6465802516955,,,C-N stretching,delta(C1-C2-C5),angle,0.015271551448805395,+,0.008877963636256748,0.41210349231350385
40,2360.6465802516955,,,C-N stretching,delta(C2-C5-C9),angle,0.010928118293472375,-,-0.008592789156681687,0.3147943546621411
40,2360.6465802516955,,,C-N stretching,nu(C2-C5),bond,0.007878921339168973,-,-0.007515903314477339,0.2966567635151466
40,2360.6465802516955,,,C-N stretching,nu(C1-C2),bond,0.004130081750112236,-,-0.005806006850300645,0.26058740390841156
40,2360.6465802516955,,,C-N stretching,delta(C1-C2-H13),angle,0.0034325134524767985,+,0.005402853867625097,0.25010113607571116
40,2360.6465802516955,,,C-N stretching,delta(C3-C2-H13),angle,0.002783314701736463,-,-0.0038806539951737017,0.39309935236092164
40,2360.6465802516955,,,C-N stretching,delta(H11-C1-H12),angle,0.002391467698123976,+,0.004228197399246784,0.28451414884001697
40,2360.6465802516955,,,C-N stretching,delta(H10-C1-H11),angle,0.0018208502801040206,+,0.003737223961067751,0.2772846618250007
40,2360.6465802516955,,,C-N stretching,nu(C5-C9),bond,0.0010442095661529248,-,-0.002291166047473866,0.4230818519106006
40,2360.6465802516955,,,C-N stretching,nu(C1-H11),bond,0.0008289604555361169,+,0.0022743025491445325,0.3408687565072281
40,2360.6465802516955,,,C-N stretching,nu(C1-H10),bond,0.00047932241370588874,+,0.0017320008239427676,0.3398454095071219
40,2360.6465802516955,,,C-N stretching,nu(C1-H12),bond,0.0003514435283504757,+,0.0014800692844930186,0.34122537331219377
40,2360.6465802516955,,,C-N stretching,delta(C2-C1-H12),angle,0.0001299928036232189,+,0.0009285373605377499,0.3206789140124306
40,2360.6465802516955,,,C-N stretching,delta(C5-C9-C8),angle,0.00010882292399918753,-,-0.00042502193050929747,1.2812903955832389
40,2360.6465802516955,,,C-N stretching,delta_lin2(C2-C3-N4),linbend2,0.00010310720000627585,+,0.0015947891413685658,0.08622482315228443
40,2360.6465802516955,,,C-N stretching,delta(C5-C9-H16),angle,5.793497055923821e-05,+,0.0007851852940003358,0.19986941239788925
40,2360.6465802516955,,,C-N stretching,tau(C2-C5-C6-O7),dihedral,5.439961580399407e-05,-,-0.0013333859363501373,0.06507796307380474
40,2360.6465802516955,,,C-N stretching,delta(H10-C1-H12),angle,4.7351969755307314e-05,+,0.0006029119024796275,0.277064059575885
40,2360.6465802516955,,,C-N stretching,nu(C6-H14),bond,3.6955351539542736e-05,+,0.0004559125516623091,0.37814999512334674
40,2360.6465802516955,,,C-N stretching,tau(C3-C2-C5-C9),dihedral,3.4252264333946004e-05,-,-0.0025056529706040122,0.011603721655504018
40,2360.6465802516955,,,C-N stretching,delta(C6-O7-C8),angle,3.0941978088654374e-05,+,0.00021949236940770693,1.366026359575297
40,2360.6465802516955,,,C-N stretching,nu(C8-C9),bond,2.6979533956484476e-05,+,0.0003103937074624455,0.5956052068357818
40,2360.6465802516955,,,C-N stretching,delta(C5-C6-H14),angle,2.513151907508699e-05,+,0.00048125548171384247,0.23079012405429297
40,2360.6465802516955,,,C-N stretching,nu(C6-O7),bond,2.4158743462027027e-05,-,-0.00033232585533255604,0.4652602382110782
40,2360.6465802516955,,,C-N stretching,nu(C5-C6),bond,8.817483546223596e-06,-,-0.0001847613463662554,0.549379285605132
40,2360.6465802516955,,,C-N stretching,nu(C9-H16),bond,3.519036915522139e-06,+,0.00014206686977633764,0.37084126902589476
40,2360.6465802516955,,,C-N stretching,tau(H11-C1-C2-C3),dihedral,2.6801380135763493e-06,+,0.00048344443265353656,0.024390117415320465
40,2360.6465802516955,,,C-N stretching,delta_lin1(C2-C3-N4),linbend1,1.3245251825440245e-06,-,-0.0001841706282205643,0.08305568027078959
40,2360.6465802516955,,,C-N stretching,nu(C8-H15),bond,9.115321712891253e-07,-,-7.163135670801505e-05,0.3778465893608223
40,2360.6465802516955,,,C-N stretching,nu(O7-C8),bond,7.045345271688621e-07,+,5.593624821356726e-05,0.47892275585557215
40,2360.6465802516955,,,C-N stretching,delta(C9-C8-H15),angle,5.945396705216271e-07,-,-7.401849093288696e-05,0.23080767378187408
40,2360.6465802516955,,,C-N stretching,tau(C9-C5-C6-O7),dihedral,2.7447649559823353e-07,-,-5.4497379918471286e-05,0.19656390570348833
40,2360.6465802516955,,,C-N stretching,tau(H14-C6-O7-C8),dihedral,9.54457593561134e-08,+,5.549654742389121e-05,0.06591352919497648
40,2360.6465802516955,,,C-N stretching,"gamma(H15;C8,O7,C9)",oop,6.110494755171771e-08,+,2.2830875198251528e-05,0.24933377621103062
40,2360.6465802516955,,,C-N stretching,tau(C6-C5-C9-H16),dihedral,5.846965114439855e-08,-,-4.6899319784347615e-05,0.056538889473237264
40,2360.6465802516955,,,C-N stretching,tau(C6-O7-C8-H15),dihedral,3.0975583167144433e-13,-,-5.16095885665329e-08,0.24734808746537756
41,3020.78066256436,,,C-H stretching,nu(C2-H13),bond,98.45119945686014,-,-1.0321202083832612,0.32380109525181683
41,3020.78066256436,,,C-H stretching,nu(C1-H12),bond,0.9041372234563152,-,-0.09635082736393107,0.34122537331219377
41,3020.78066256436,,,C-H stretching,delta(C2-C1-H12),angle,0.08525872272533698,+,0.030520605211936478,0.3206789140124306
41,3020.78066256436,,,C-H stretching,delta(C1-C2-C5),angle,0.0807949205472035,-,-0.02620884086809409,0.41210349231350385
41,3020.78066256436,,,C-H stretching,delta(C1-C2-H13),angle,0.07497462098161153,+,0.03240844843302308,0.25010113607571116
41,3020.78066256436,,,C-H stretching,delta(C1-C2-C3),angle,0.07346042973639248,-,-0.024353833412236132,0.43394697687697664
41,3020.78066256436,,,C-H stretching,nu(C1-C2),bond,0.047364943422283354,+,0.02523543144025394,0.26058740390841156
41,3020.78066256436,,,C-H stretching,nu(C2-C5),bond,0.0462779334281057,+,0.023378615247183696,0.2966567635151466
41,3020.78066256436,,,C-H stretching,delta(C3-C2-H13),angle,0.04403264359587659,+,0.019810486829305453,0.39309935236092164
41,3020.78066256436,,,C-H stretching,"gamma(C5;C2,C1,H13)",oop,0.03504594774173671,-,-0.01643564773255153,0.45455037963053907
41,3020.78066256436,,,C-H stretching,nu(C2-C3),bond,0.03391504713871526,+,0.019574534350122665,0.31011831126805667
41,3020.78066256436,,,C-H stretching,nu(C1-H10),bond,0.02125314405077231,+,0.014802321108751569,0.3398454095071219
41,3020.78066256436,,,C-H stretching,delta(C2-C1-H11),angle,0.02062777785934871,-,-0.015104499098401709,0.3167799276088916
41,3020.78066256436,,,C-H stretching,delta(C2-C5-C9),angle,0.0196600498074758,-,-0.01479237034844183,0.3147943546621411
41,3020.78066256436,,,C-H stretching,nu(C1-H11),bond,0.016802245304770123,+,0.013141622708633312,0.3408687565072281
41,3020.78066256436,,,C-H stretching,tau(C2-C5-C6-O7),dihedral,0.01283413749106782,+,0.026286048234267247,0.06507796307380474
41,3020.78066256436,,,C-H stretching,delta_lin1(C2-C3-N4),linbend1,0.010341996738053576,+,0.020887018945893197,0.08305568027078959
41,3020.78066256436,,,C-H stretching,nu(C3-N4),bond,0.008054602246015577,+,0.004724318087094889,1.2643977132783855
41,3020.78066256436,,,C-H stretching,delta_lin2(C2-C3-N4),linbend2,0.006567655624793166,+,0.016336084168692134,0.08622482315228443
41,3020.78066256436,,,C-H stretching,tau(H11-C1-C2-C3),dihedral,0.003972811472578916,+,0.023889164717579264,0.024390117415320465
41,3020.78066256436,,,C-H stretching,tau(C3-C2-C5-C9),dihedral,0.0012665659034807304,-,-0.019555736517756685,0.011603721655504018
41,3020.78066256436,,,C-H stretching,nu(C9-H16),bond,0.0004973693114315106,+,0.0021677260443604867,0.37084126902589476
41,3020.78066256436,,,C-H stretching,nu(C6-H14),bond,0.0003385759535160813,+,0.0017711483457375108,0.37814999512334674
41,3020.78066256436,,,C-H stretching,nu(C5-C6),bond,0.00027599175818982235,+,0.0013266942556143838,0.549379285605132
41,3020.78066256436,,,C-H stretching,delta(H10-C1-H12),angle,0.0002058914728450367,+,0.0016135707619849234,0.277064059575885
41,3020.78066256436,,,C-H stretching,delta(H10-C1-H11),angle,0.00018379043823695557,-,-0.0015239034962969856,0.2772846618250007
41,3020.78066256436,,,C-H stretching,nu(C8-H15),bond,0.000175033269287615,-,-0.0012739766889600388,0.3778465893608223
41,3020.78066256436,,,C-H stretching,delta(C5-C9-C8),angle,0.00011648857324707019,+,0.0005643867507756364,1.2812903955832389
41,3020.78066256436,,,C-H stretching,delta(H11-C1-H12),angle,0.00011156327168482786,+,0.0011721079695640184,0.28451414884001697
41,3020.78066256436,,,C-H stretching,delta(C5-C9-H16),angle,9.186383067248028e-05,-,-0.0012689895335411885,0.19986941239788925
41,3020.78066256436,,,C-H stretching,nu(C8-C9),bond,7.765362516518107e-05,-,-0.0006758659338514569,0.5956052068357818
41,3020.78066256436,,,C-H stretching,nu(C6-O7),bond,2.5858351463045823e-05,-,-0.00044127708938743697,0.4652602382110782
41,3020.78066256436,,,C-H stretching,nu(O7-C8),bond,1.9408427901634645e-05,+,0.00037680909359597963,0.47892275585557215
41,3020.78066256436,,,C-H stretching,delta(C5-C6-H14),angle,1.7723136695162062e-05,-,-0.0005187052164228231,0.23079012405429297
41,3020.78066256436,,,C-H stretching,nu(C5-C9),bond,5.412370464724138e-06,+,0.00021170957078105247,0.4230818519106006
41,3020.78066256436,,,C-H stretching,tau(C6-C5-C9-H16),dihedral,5.108740494279277e-06,+,0.0005626550441800315,0.056538889473237264
41,3020.78066256436,,,C-H stretching,tau(C9-C5-C6-O7),dihedral,3.6268104400024156e-06,+,0.00025425498373113977,0.19656390570348833
41,3020.78066256436,,,C-H stretching,tau(C6-O7-C8-H15),dihedral,2.4744545374927694e-06,-,-0.00018721661707907675,0.24734808746537756
41,3020.78066256436,,,C-H stretching,delta(C9-C8-H15),angle,2.2170054732692425e-06,+,0.0001834497790261687,0.23080767378187408
41,3020.78066256436,,,C-H stretching,"gamma(H15;C8,O7,C9)",oop,7.026390263438731e-07,-,-9.93652452933056e-05,0.24933377621103062
41,3020.78066256436,,,C-H stretching,delta(C6-O7-C8),angle,2.0968025594248592e-07,-,-2.3190395822923595e-05,1.366026359575297
41,3020.78066256436,,,C-H stretching,tau(H14-C6-O7-C8),dihedral,1.607469236345667e-07,-,-9.24363917708816e-05,0.06591352919497648
42,3049.730097841268,,,in-phase C-H stretching,nu(C1-H10),bond,36.75217097211379,-,-0.6143067186847069,0.3398454095071219
42,3049.730097841268,,,in-phase C-H stretching,nu(C1-H11),bond,32.17243879756033,-,-0.5738955585244777,0.3408687565072281
42,3049.730097841268,,,in-phase C-H stretching,nu(C1-H12),bond,30.660019018332925,-,-0.5599509957916952,0.34122537331219377
42,3049.730097841268,,,in-phase C-H stretching,nu(C1-C2),bond,0.1648655164595293,+,0.046986454382110986,0.26058740390841156
42,3049.730097841268,,,in-phase C-H stretching,nu(C2-H13),bond,0.13530755267955002,+,0.03818619033580291,0.32380109525181683
42,3049.730097841268,,,in-phase C-H stretching,delta(C2-C1-H12),angle,0.02896336522250791,-,-0.017753082790614914,0.3206789140124306
42,3049.730097841268,,,in-phase C-H stretching,delta(H10-C1-H12),angle,0.02305235920912936,+,0.017039312292903157,0.277064059575885
42,3049.730097841268,,,in-phase C-H stretching,delta(H10-C1-H11),angle,0.022614771469999746,+,0.016870099666761076,0.2772846618250007
42,3049.730097841268,,,in-phase C-H stretching,delta(C2-C1-H11),angle,0.021119826622203956,-,-0.0152528435912355,0.3167799276088916
42,3049.730097841268,,,in-phase C-H stretching,delta(H11-C1-H12),angle,0.016208684656462552,+,0.014099587996422398,0.28451414884001697
42,3049.730097841268,,,in-phase C-H stretching,nu(C9-H16),bond,0.0014158583725409682,+,0.003650062891408671,0.37084126902589476
42,3049.730097841268,,,in-phase C-H stretching,nu(C3-N4),bond,0.0007788711312370697,-,-0.001466139933337321,1.2643977132783855
42,3049.730097841268,,,in-phase C-H stretching,delta(C1-C2-H13),angle,0.00044998073079951476,-,-0.0025056684016291,0.25010113607571116
42,3049.730097841268,,,in-phase C-H stretching,delta(C1-C2-C5),angle,0.0003649988448433973,+,0.0017580331811039038,0.41210349231350385
42,3049.730097841268,,,in-phase C-H stretching,nu(C2-C5),bond,5.564783982806011e-05,-,-0.0008090614306974419,0.2966567635151466
42,3049.730097841268,,,in-phase C-H stretching,delta(C2-C5-C9),angle,3.643568186383333e-05,+,0.000635527654299572,0.3147943546621411
42,3049.730097841268,,,in-phase C-H stretching,nu(C5-C9),bond,2.7068719871710835e-05,-,-0.0004725046976723991,0.4230818519106006
42,3049.730097841268,,,in-phase C-H stretching,nu(C8-C9),bond,2.340468614060032e-05,-,-0.0003703024948600892,0.5956052068357818
42,3049.730097841268,,,in-phase C-H stretching,delta_lin1(C2-C3-N4),linbend1,1.7241443884528312e-05,-,-0.0008511118099694703,0.08305568027078959
42,3049.730097841268,,,in-phase C-H stretching,delta(C1-C2-C3),angle,1.7050312521813273e-05,+,0.0003702817507162712,0.43394697687697664
42,3049.730097841268,,,in-phase C-H stretching,delta(C3-C2-H13),angle,1.2746417191790972e-05,-,-0.00033637783453523953,0.39309935236092164
42,3049.730097841268,,,in-phase C-H stretching,tau(C2-C5-C6-O7),dihedral,1.0592975640120308e-05,-,-0.000753661762016401,0.06507796307380474
42,3049.730097841268,,,in-phase C-H stretching,delta(C5-C9-C8),angle,6.442799113600501e-06,+,0.00013246403497170205,1.2812903955832389
42,3049.730097841268,,,in-phase C-H stretching,nu(O7-C8),bond,4.351575444248867e-06,+,0.00017806353559396014,0.47892275585557215
42,3049.730097841268,,,in-phase C-H stretching,nu(C6-O7),bond,3.3679421040170214e-06,-,-0.00015893473034332933,0.4652602382110782
42,3049.730097841268,,,in-phase C-H stretching,delta_lin2(C2-C3-N4),linbend2,3.158657585948914e-06,-,-0.00035753584465508825,0.08622482315228443
42,3049.730097841268,,,in-phase C-H stretching,nu(C8-H15),bond,1.9902281685632796e-06,-,-0.0001355745436618378,0.3778465893608223
42,3049.730097841268,,,in-phase C-H stretching,delta(C9-C8-H15),angle,1.9483368109086986e-06,+,0.00017162927429482093,0.23080767378187408
42,3049.730097841268,,,in-phase C-H stretching,delta(C5-C6-H14),angle,1.7289610460121823e-06,+,0.00016168452836653563,0.23079012405429297
42,3049.730097841268,,,in-phase C-H stretching,nu(C5-C6),bond,1.6686318164724275e-06,-,-0.00010295053079327657,0.549379285605132
42,3049.730097841268,,,in-phase C-H stretching,tau(C3-C2-C5-C9),dihedral,1.1528470436553169e-06,+,0.0005888052368067267,0.011603721655504018
42,3049.730097841268,,,in-phase C-H stretching,nu(C2-C3),bond,9.669142443764276e-07,+,0.00010430730966667872,0.31011831126805667
42,3049.730097841268,,,in-phase C-H stretching,"gamma(C5;C2,C1,H13)",oop,7.461036272988255e-07,+,7.568207546676614e-05,0.45455037963053907
42,3049.730097841268,,,in-phase C-H stretching,tau(H11-C1-C2-C3),dihedral,5.375384475698518e-07,+,0.0002773207020627089,0.024390117415320465
42,3049.730097841268,,,in-phase C-H stretching,nu(C6-H14),bond,5.02411341680374e-07,-,-6.80898124575336e-05,0.37814999512334674
42,3049.730097841268,,,in-phase C-H stretching,delta(C5-C9-H16),angle,3.45622573136224e-07,+,7.768056074139679e-05,0.19986941239788925
42,3049.730097841268,,,in-phase C-H stretching,tau(C6-O7-C8-H15),dihedral,1.1841746089632156e-07,+,4.087314577236106e-05,0.24734808746537756
42,3049.730097841268,,,in-phase C-H stretching,delta(C6-O7-C8),angle,1.0502819383479657e-07,+,1.6379772998927922e-05,1.366026359575297
42,3049.730097841268,,,in-phase C-H stretching,tau(C6-C5-C9-H16),dihedral,8.930197273123499e-08,-,-7.424058059340439e-05,0.056538889473237264
42,3049.730097841268,,,in-phase C-H stretching,tau(H14-C6-O7-C8),dihedral,1.156393742666282e-08,+,2.4742868889189966e-05,0.06591352919497648
42,3049.730097841268,,,in-phase C-H stretching,"gamma(H15;C8,O7,C9)",oop,5.258593374707666e-09,+,8.578842760466971e-06,0.24933377621103062
42,3049.730097841268,,,in-phase C-H stretching,tau(C9-C5-C6-O7),dihedral,3.77689086242994e-10,-,-2.5894039219735503e-06,0.19656390570348833
43,3122.975672808619,,,opposite-phase C-H stretching,nu(C1-H10),bond,56.09148159346991,+,0.788650834578403,0.3398454095071219
43,3122.975672808619,,,opposite-phase C-H stretching,nu(C1-H11),bond,40.610724337591854,-,-0.6700447136634586,0.3408687565072281
43,3122.975672808619,,,opposite-phase C-H stretching,nu(C1-H12),bond,2.710055366655404,-,-0.17299973524938042,0.34122537331219377
43,3122.975672808619,,,opposite-phase C-H stretching,delta(H11-C1-H12),angle,0.12169710540623627,+,0.040148119248053615,0.28451414884001697
43,3122.975672808619,,,opposite-phase C-H stretching,delta(C2-C1-H11),angle,0.10667923244729698,+,0.03562362652232033,0.3167799276088916
43,3122.975672808619,,,opposite-phase C-H stretching,delta(C1-C2-C5),angle,0.08693039060953565,-,-0.028194193988450682,0.41210349231350385
43,3122.975672808619,,,opposite-phase C-H stretching,"gamma(C5;C2,C1,H13)",oop,0.08098363319659675,+,0.025911027273670426,0.45455037963053907
43,3122.975672808619,,,opposite-phase C-H stretching,delta(H10-C1-H12),angle,0.07181205473886981,-,-0.031252559844571044,0.277064059575885
43,3122.975672808619,,,opposite-phase C-H stretching,delta(C1-C2-C3),angle,0.06795171713699084,+,0.024291755419234846,0.43394697687697664
43,3122.975672808619,,,opposite-phase C-H stretching,nu(C2-H13),bond,0.02969966459375218,+,0.01859146576132942,0.32380109525181683
43,3122.975672808619,,,opposite-phase C-H stretching,delta(C2-C1-H12),angle,0.005809174657507346,+,0.008262263291692773,0.3206789140124306
43,3122.975672808619,,,opposite-phase C-H stretching,nu(C9-H16),bond,0.004580492413822991,+,0.006822429715723602,0.37084126902589476
43,3122.975672808619,,,opposite-phase C-H stretching,delta(H10-C1-H11),angle,0.0043495706192269714,-,-0.007688423282367594,0.2772846618250007
43,3122.975672808619,,,opposite-phase C-H stretching,tau(H11-C1-C2-C3),dihedral,0.003962328923907158,-,-0.024742599892209182,0.024390117415320465
43,3122.975672808619,,,opposite-phase C-H stretching,delta(C1-C2-H13),angle,0.002617725734156949,+,0.006280312503697884,0.25010113607571116
43,3122.975672808619,,,opposite-phase C-H stretching,delta(C3-C2-H13),angle,0.0001952534582460878,-,-0.0013681232350334796,0.39309935236092164
43,3122.975672808619,,,opposite-phase C-H stretching,nu(C2-C5),bond,0.00011542442834367022,-,-0.001210873443458285,0.2966567635151466
43,3122.975672808619,,,opposite-phase C-H stretching,nu(C8-H15),bond,9.973164008660518e-05,-,-0.0009973227888787131,0.3778465893608223
43,3122.975672808619,,,opposite-phase C-H stretching,delta(C5-C9-C8),angle,7.216355044125865e-05,+,0.00046069359706136815,1.2812903955832389
43,3122.975672808619,,,opposite-phase C-H stretching,nu(C6-H14),bond,4.897331312104044e-05,-,-0.0006985937707155866,0.37814999512334674
43,3122.975672808619,,,opposite-phase C-H stretching,nu(C8-C9),bond,2.984996635888004e-05,-,-0.00043457995999854164,0.5956052068357818
43,3122.975672808619,,,opposite-phase C-H stretching,nu(C2-C3),bond,2.7584792542307012e-05,+,0.0005789594823737606,0.31011831126805667
43,3122.975672808619,,,opposite-phase C-H stretching,nu(C5-C9),bond,1.5382474451244486e-05,-,-0.0003701501403202023,0.4230818519106006
43,3122.975672808619,,,opposite-phase C-H stretching,delta(C2-C5-C9),angle,1.0602669631478188e-05,+,0.00035626336245183336,0.3147943546621411
43,3122.975672808619,,,opposite-phase C-H stretching,nu(C3-N4),bond,8.866766626241024e-06,-,-0.00016256153953187797,1.2643977132783855
43,3122.975672808619,,,opposite-phase C-H stretching,delta_lin1(C2-C3-N4),linbend1,7.818942084214276e-06,-,-0.0005956159836789041,0.08305568027078959
43,3122.975672808619,,,opposite-phase C-H stretching,delta_lin2(C2-C3-N4),linbend2,6.828195806622302e-06,-,-0.0005462781658621276,0.08622482315228443
43,3122.975672808619,,,opposite-phase C-H stretching,delta(C9-C8-H15),angle,5.3027876876653175e-06,+,0.00029424155911655686,0.23080767378187408
43,3122.975672808619,,,opposite-phase C-H stretching,tau(C2-C5-C6-O7),dihedral,5.169462293527218e-06,-,-0.000547120170220289,0.06507796307380474
43,3122.975672808619,,,opposite-phase C-H stretching,nu(C6-O7),bond,4.1803257444451216e-06,+,0.000184006899885971,0.4652602382110782
43,3122.975672808619,,,opposite-phase C-H stretching,delta(C5-C9-H16),angle,3.0130224508538775e-06,-,-0.00023834444338181898,0.19986941239788925
43,3122.975672808619,,,opposite-phase C-H stretching,delta(C6-O7-C8),angle,2.5822379511723925e-06,-,-8.440061387319996e-05,1.366026359575297
43,3122.975672808619,,,opposite-phase C-H stretching,delta(C5-C6-H14),angle,2.2755687397643546e-06,+,0.00019275843193684319,0.23079012405429297
43,3122.975672808619,,,opposite-phase C-H stretching,nu(O7-C8),bond,1.8238629567249356e-06,+,0.00011979546576563814,0.47892275585557215
43,3122.975672808619,,,opposite-phase C-H stretching,tau(C9-C5-C6-O7),dihedral,1.0599637226456446e-06,-,-0.00014255111870016773,0.19656390570348833
43,3122.975672808619,,,opposite-phase C-H stretching,tau(C3-C2-C5-C9),dihedral,8.663447920327237e-07,+,0.0005304247112970347,0.011603721655504018
43,3122.975672808619,,,opposite-phase C-H stretching,tau(C6-C5-C9-H16),dihedral,5.260192296458068e-07,-,-0.0001872423956326809,0.056538889473237264
43,3122.975672808619,,,opposite-phase C-H stretching,tau(H14-C6-O7-C8),dihedral,1.666611004156298e-07,-,-9.76128190136745e-05,0.06591352919497648
43,3122.975672808619,,,opposite-phase C-H stretching,"gamma(H15;C8,O7,C9)",oop,8.142208229664734e-08,+,3.5079836507373895e-05,0.24933377621103062
43,3122.975672808619,,,opposite-phase C-H stretching,nu(C1-C2),bond,7.77431947157537e-08,+,3.35298412667759e-05,0.26058740390841156
43,3122.975672808619,,,opposite-phase C-H stretching,nu(C5-C6),bond,6.183455621808321e-09,+,6.512631409781831e-06,0.549379285605132
43,3122.975672808619,,,opposite-phase C-H stretching,tau(C6-O7-C8-H15),dihedral,1.771452966478206e-12,-,-1.642810803108318e-07,0.24734808746537756
44,3127.961926732009,,,mixed-phase C-H stretching,nu(C1-H12),bond,65.28579308626415,+,0.8496931485893341,0.34122537331219377
44,3127.961926732009,,,mixed-phase C-H stretching,nu(C1-H11),bond,26.74254032609464,-,-0.5441030552543448,0.3408687565072281
44,3127.961926732009,,,mixed-phase C-H stretching,nu(C1-H10),bond,6.7672653806994365,-,-0.27411912252520404,0.3398454095071219
44,3127.961926732009,,,mixed-phase C-H stretching,nu(C2-H13),bond,0.6667539172958815,-,-0.08814893392369169,0.32380109525181683
44,3127.961926732009,,,mixed-phase C-H stretching,delta(C2-C1-H12),angle,0.1575576062790955,-,-0.043058402982922746,0.3206789140124306
44,3127.961926732009,,,mixed-phase C-H stretching,delta(H10-C1-H11),angle,0.1263659261975398,+,0.04146918517125306,0.2772846618250007
44,3127.961926732009,,,mixed-phase C-H stretching,delta(C2-C1-H11),angle,0.07333204631966254,+,0.029555717543827034,0.3167799276088916
44,3127.961926732009,,,mixed-phase C-H stretching,delta(H10-C1-H12),angle,0.05894653490024537,-,-0.028334299276736377,0.277064059575885
44,3127.961926732009,,,mixed-phase C-H stretching,delta(C1-C2-H13),angle,0.05487308194968652,-,-0.02877367124967396,0.25010113607571116
44,3127.961926732009,,,mixed-phase C-H stretching,delta(C1-C2-C3),angle,0.030869377250194122,+,0.016383965831163524,0.43394697687697664
44,3127.961926732009,,,mixed-phase C-H stretching,delta(H11-C1-H12),angle,0.016160372016126835,-,-0.014640205599538592,0.28451414884001697
44,3127.961926732009,,,mixed-phase C-H stretching,tau(H11-C1-C2-C3),dihedral,0.005681089959295893,+,0.02964710699240662,0.024390117415320465
44,3127.961926732009,,,mixed-phase C-H stretching,delta(C1-C2-C5),angle,0.005241798510481508,+,0.006928040967518146,0.41210349231350385
44,3127.961926732009,,,mixed-phase C-H stretching,nu(C9-H16),bond,0.004836204974653009,+,0.007015065872519241,0.37084126902589476
44,3127.961926732009,,,mixed-phase C-H stretching,"gamma(C5;C2,C1,H13)",oop,0.0016178475038827328,+,0.003664807877030454,0.45455037963053907
44,3127.961926732009,,,mixed-phase C-H stretching,delta(C3-C2-H13),angle,0.0005583617516371615,+,0.0023151551437945433,0.39309935236092164
44,3127.961926732009,,,mixed-phase C-H stretching,nu(C2-C3),bond,0.0004013152838675015,+,0.0022097980082880163,0.31011831126805667
44,3127.961926732009,,,mixed-phase C-H stretching,nu(C2-C5),bond,0.00038154567149335734,+,0.002203025739634734,0.2966567635151466
44,3127.961926732009,,,mixed-phase C-H stretching,nu(C8-H15),bond,0.00015422499887198857,-,-0.0012410608270005724,0.3778465893608223
44,3127.961926732009,,,mixed-phase C-H stretching,delta(C2-C5-C9),angle,0.0001535926665398771,-,-0.0013568917611481845,0.3147943546621411
44,3127.961926732009,,,mixed-phase C-H stretching,delta_lin1(C2-C3-N4),linbend1,0.00012113076569530142,+,0.00234593510650161,0.08305568027078959
44,3127.961926732009,,,mixed-phase C-H stretching,tau(C2-C5-C6-O7),dihedral,0.0001051927563195526,+,0.0024697294183911645,0.06507796307380474
44,3127.961926732009,,,mixed-phase C-H stretching,nu(C6-H14),bond,5.072053765239421e-05,-,-0.0007114318558764425,0.37814999512334674
44,3127.961926732009,,,mixed-phase C-H stretching,nu(C1-C2),bond,4.991964812151336e-05,+,0.0008502222793597191,0.26058740390841156
44,3127.961926732009,,,mixed-phase C-H stretching,nu(C8-C9),bond,4.68356447109598e-05,-,-0.000544731439534531,0.5956052068357818
44,3127.961926732009,,,mixed-phase C-H stretching,delta_lin2(C2-C3-N4),linbend2,4.347132889223615e-05,+,0.001379299996625125,0.08622482315228443
44,3127.961926732009,,,mixed-phase C-H stretching,delta(C5-C9-C8),angle,3.955938450341013e-05,+,0.0003413299605988438,1.2812903955832389
44,3127.961926732009,,,mixed-phase C-H stretching,nu(C3-N4),bond,2.9625861874918567e-05,+,0.0002973494085682164,1.2643977132783855
44,3127.961926732009,,,mixed-phase C-H stretching,tau(C3-C2-C5-C9),dihedral,8.843852195993277e-06,-,-0.0016958815665195325,0.011603721655504018
44,3127.961926732009,,,mixed-phase C-H stretching,delta(C5-C9-H16),angle,6.315810402039338e-06,-,-0.0003453144938258862,0.19986941239788925
44,3127.961926732009,,,mixed-phase C-H stretching,nu(C5-C9),bond,5.756117470012323e-06,-,-0.00022658234066963678,0.4230818519106006
44,3127.961926732009,,,mixed-phase C-H stretching,delta(C9-C8-H15),angle,4.034793153899222e-06,+,0.0002568378044259125,0.23080767378187408
44,3127.961926732009,,,mixed-phase C-H stretching,nu(O7-C8),bond,3.6745781323826846e-06,+,0.00017015489199777948,0.47892275585557215
44,3127.961926732009,,,mixed-phase C-H stretching,nu(C6-O7),bond,9.03094817330711e-07,-,-8.55839129201427e-05,0.4652602382110782
44,3127.961926732009,,,mixed-phase C-H stretching,tau(H14-C6-O7-C8),dihedral,1.9976004107546222e-07,+,0.00010694006889597184,0.06591352919497648
44,3127.961926732009,,,mixed-phase C-H stretching,delta(C5-C6-H14),angle,9.96738763378179e-08,-,-4.036969766610881e-05,0.23079012405429297
44,3127.961926732009,,,mixed-phase C-H stretching,tau(C9-C5-C6-O7),dihedral,6.008119988792431e-08,-,-3.396181135268112e-05,0.19656390570348833
44,3127.961926732009,,,mixed-phase C-H stretching,delta(C6-O7-C8),angle,1.020693546536381e-08,-,-5.309964010794565e-06,1.366026359575297
44,3127.961926732009,,,mixed-phase C-H stretching,nu(C5-C6),bond,7.2805196186104304e-09,-,-7.071612928677727e-06,0.549379285605132
44,3127.961926732009,,,mixed-phase C-H stretching,tau(C6-C5-C9-H16),dihedral,2.208808082544237e-09,-,-1.2141680135743572e-05,0.056538889473237264
44,3127.961926732009,,,mixed-phase C-H stretching,"gamma(H15;C8,O7,C9)",oop,1.966045674702009e-11,-,-5.454810618983714e-07,0.24933377621103062
44,3127.961926732009,,,mixed-phase C-H stretching,tau(C6-O7-C8-H15),dihedral,7.670391609802914e-12,+,3.4208018890041206e-07,0.24734808746537756
45,3246.7304714807105,,,mixed-phase ring-site C-H stretching,nu(C9-H16),bond,90.91923555800186,-,-0.9973711318129083,0.37084126902589476
45,3246.7304714807105,,,mixed-phase ring-site C-H stretching,nu(C8-H15),bond,7.441048549612076,+,0.2826716481366995,0.3778465893608223
45,3246.7304714807105,,,mixed-phase ring-site C-H stretching,delta(C5-C9-C8),angle,0.9779446696248073,-,-0.05564886253974777,1.2812903955832389
45,3246.7304714807105,,,mixed-phase ring-site C-H stretching,nu(C5-C9),bond,0.27602265622290206,+,0.05144973027619979,0.4230818519106006
45,3246.7304714807105,,,mixed-phase ring-site C-H stretching,nu(C8-C9),bond,0.20129195382227505,+,0.03703027182287023,0.5956052068357818
45,3246.7304714807105,,,mixed-phase ring-site C-H stretching,delta(C9-C8-H15),angle,0.0672386216248402,-,-0.034380106227088404,0.23080767378187408
45,3246.7304714807105,,,mixed-phase ring-site C-H stretching,delta(C2-C5-C9),angle,0.04770897126209001,-,-0.02479759105175667,0.3147943546621411
45,3246.7304714807105,,,mixed-phase ring-site C-H stretching,delta(C5-C9-H16),angle,0.03246457304840639,+,0.025671699190554308,0.19986941239788925
45,3246.7304714807105,,,mixed-phase ring-site C-H stretching,delta(C6-O7-C8),angle,0.01533565643874122,-,-0.006749080070735544,1.366026359575297
45,3246.7304714807105,,,mixed-phase ring-site C-H stretching,nu(O7-C8),bond,0.01106009972877688,-,-0.009679874357279603,0.47892275585557215
45,3246.7304714807105,,,mixed-phase ring-site C-H stretching,nu(C1-H11),bond,0.008572585454834494,-,-0.010101485588795558,0.3408687565072281
45,3246.7304714807105,,,mixed-phase ring-site C-H stretching,nu(C2-H13),bond,0.0006187888583601772,-,-0.0027845500040587496,0.32380109525181683
45,3246.7304714807105,,,mixed-phase ring-site C-H stretching,nu(C1-H12),bond,0.0005345496687730573,+,0.002521136203027986,0.34122537331219377
45,3246.7304714807105,,,mixed-phase ring-site C-H stretching,nu(C2-C5),bond,0.00026642385512325704,-,-0.0019088964143109696,0.2966567635151466
45,3246.7304714807105,,,mixed-phase ring-site C-H stretching,delta(C5-C6-H14),angle,0.00020533108035724422,-,-0.0018999478084055475,0.23079012405429297
45,3246.7304714807105,,,mixed-phase ring-site C-H stretching,nu(C6-O7),bond,0.00016570829403510706,-,-0.0012021179692170126,0.4652602382110782
45,3246.7304714807105,,,mixed-phase ring-site C-H stretching,nu(C1-H10),bond,0.00012977921324915356,+,0.0012447576376991096,0.3398454095071219
45,3246.7304714807105,,,mixed-phase ring-site C-H stretching,delta(H10-C1-H11),angle,3.616451360516378e-05,+,0.0007274469477035795,0.2772846618250007
45,3246.7304714807105,,,mixed-phase ring-site C-H stretching,nu(C5-C6),bond,2.9811857031703865e-05,+,0.00046922518045262315,0.549379285605132
45,3246.7304714807105,,,mixed-phase ring-site C-H stretching,"gamma(C5;C2,C1,H13)",oop,2.2858611193308336e-05,-,-0.0004517070232960117,0.45455037963053907
45,3246.7304714807105,,,mixed-phase ring-site C-H stretching,delta(H10-C1-H12),angle,1.3190912444093049e-05,-,-0.0004395115145590792,0.277064059575885
45,3246.7304714807105,,,mixed-phase ring-site C-H stretching,nu(C2-C3),bond,1.1745402506356985e-05,+,0.0003920064223137777,0.31011831126805667
45,3246.7304714807105,,,mixed-phase ring-site C-H stretching,nu(C6-H14),bond,9.272484244464736e-06,+,0.00031541978959306665,0.37814999512334674
45,3246.7304714807105,,,mixed-phase ring-site C-H stretching,delta(C3-C2-H13),angle,7.94426050372374e-06,+,0.0002863508716941704,0.39309935236092164
45,3246.7304714807105,,,mixed-phase ring-site C-H stretching,delta(H11-C1-H12),angle,7.663395356688796e-06,+,0.00033058383742127367,0.28451414884001697
45,3246.7304714807105,,,mixed-phase ring-site C-H stretching,delta(C1-C2-C5),angle,4.311793563933259e-06,+,0.00020603868420342734,0.41210349231350385
45,3246.7304714807105,,,mixed-phase ring-site C-H stretching,delta(C2-C1-H12),angle,2.2734946607491274e-06,-,-0.00016960345789198485,0.3206789140124306
45,3246.7304714807105,,,mixed-phase ring-site C-H stretching,tau(C6-C5-C9-H16),dihedral,2.005062714623945e-06,+,0.0003793265829450871,0.056538889473237264
45,3246.7304714807105,,,mixed-phase ring-site C-H stretching,delta(C1-C2-C3),angle,1.933527270517682e-06,+,0.0001344558654683256,0.43394697687697664
45,3246.7304714807105,,,mixed-phase ring-site C-H stretching,"gamma(H15;C8,O7,C9)",oop,1.7322948852141828e-06,-,-0.00016789713658687738,0.24933377621103062
45,3246.7304714807105,,,mixed-phase ring-site C-H stretching,delta(C1-C2-H13),angle,1.2225895510728525e-06,+,0.00014083332823883069,0.25010113607571116
45,3246.7304714807105,,,mixed-phase ring-site C-H stretching,nu(C1-C2),bond,1.1780919486602402e-06,+,0.00013543653041285877,0.26058740390841156
45,3246.7304714807105,,,mixed-phase ring-site C-H stretching,tau(C9-C5-C6-O7),dihedral,7.134944697384673e-07,-,-0.00012135742542370448,0.19656390570348833
45,3246.7304714807105,,,mixed-phase ring-site C-H stretching,tau(C3-C2-C5-C9),dihedral,4.702982701355159e-07,+,0.000405518782745408,0.011603721655504018
45,3246.7304714807105,,,mixed-phase ring-site C-H stretching,tau(H11-C1-C2-C3),dihedral,4.4295322352015586e-07,+,0.0002714531733258549,0.024390117415320465
45,3246.7304714807105,,,mixed-phase ring-site C-H stretching,nu(C3-N4),bond,3.2009500939543163e-07,-,-3.2049446673523714e-05,1.2643977132783855
45,3246.7304714807105,,,mixed-phase ring-site C-H stretching,delta_lin1(C2-C3-N4),linbend1,2.0158233161409864e-07,+,9.923491396037757e-05,0.08305568027078959
45,3246.7304714807105,,,mixed-phase ring-site C-H stretching,tau(H14-C6-O7-C8),dihedral,4.5137078921188955e-08,-,-5.271113617409042e-05,0.06591352919497648
45,3246.7304714807105,,,mixed-phase ring-site C-H stretching,delta(C2-C1-H11),angle,1.4659973751349756e-08,-,-1.3702843698399742e-05,0.3167799276088916
45,3246.7304714807105,,,mixed-phase ring-site C-H stretching,tau(C2-C5-C6-O7),dihedral,6.2950670306504225e-09,+,1.9810988190936874e-05,0.06507796307380474
45,3246.7304714807105,,,mixed-phase ring-site C-H stretching,tau(C6-O7-C8-H15),dihedral,1.3276866268297328e-09,-,-4.666770536593951e-06,0.24734808746537756
45,3246.7304714807105,,,mixed-phase ring-site C-H stretching,delta_lin2(C2-C3-N4),linbend2,5.3920707982102365e-11,+,1.5928855480856726e-06,0.08622482315228443
46,3281.557036601759,,,mixed-phase ring-site C-H stretching,nu(C6-H14),bond,63.69849328064881,+,0.8306013758108696,0.37814999512334674
46,3281.557036601759,,,mixed-phase ring-site C-H stretching,nu(C8-H15),bond,32.798391243929416,-,-0.5962503318213024,0.3778465893608223
46,3281.557036601759,,,mixed-phase ring-site C-H stretching,nu(C9-H16),bond,2.5640397721747643,-,-0.16827843535444634,0.37084126902589476
46,3281.557036601759,,,mixed-phase ring-site C-H stretching,nu(C5-C6),bond,0.41045799807229155,-,-0.05531696408098282,0.549379285605132
46,3281.557036601759,,,mixed-phase ring-site C-H stretching,nu(C8-C9),bond,0.3579819363387681,+,0.04961482106366695,0.5956052068357818
46,3281.557036601759,,,mixed-phase ring-site C-H stretching,nu(C6-O7),bond,0.08162871574594585,-,-0.026806099694234906,0.4652602382110782
46,3281.557036601759,,,mixed-phase ring-site C-H stretching,nu(O7-C8),bond,0.03819679751745442,+,0.018073441414176498,0.47892275585557215
46,3281.557036601759,,,mixed-phase ring-site C-H stretching,delta(C6-O7-C8),angle,0.014834159394212622,-,-0.006669020410478917,1.366026359575297
46,3281.557036601759,,,mixed-phase ring-site C-H stretching,delta(C5-C6-H14),angle,0.01192036613349587,-,-0.014544416511412013,0.23079012405429297
46,3281.557036601759,,,mixed-phase ring-site C-H stretching,nu(C5-C9),bond,0.007263363407633383,+,0.008385265235686825,0.4230818519106006
46,3281.557036601759,,,mixed-phase ring-site C-H stretching,delta(C2-C5-C9),angle,0.006554791695199126,-,-0.009234770258272188,0.3147943546621411
46,3281.557036601759,,,mixed-phase ring-site C-H stretching,delta(C5-C9-H16),angle,0.006014317804243578,+,0.011101460922826264,0.19986941239788925
46,3281.557036601759,,,mixed-phase ring-site C-H stretching,delta(C9-C8-H15),angle,0.0019382327110748347,+,0.0058645940211367,0.23080767378187408
46,3281.557036601759,,,mixed-phase ring-site C-H stretching,delta(C5-C9-C8),angle,0.0006628287852706419,+,0.001455583120929417,1.2812903955832389
46,3281.557036601759,,,mixed-phase ring-site C-H stretching,nu(C2-C5),bond,0.0006508966947400718,+,0.0029977058938983102,0.2966567635151466
46,3281.557036601759,,,mixed-phase ring-site C-H stretching,"gamma(C5;C2,C1,H13)",oop,0.00044942413794419564,-,-0.0020123211904197968,0.45455037963053907
46,3281.557036601759,,,mixed-phase ring-site C-H stretching,nu(C1-H11),bond,0.00020837002715123,-,-0.0015822829264339085,0.3408687565072281
46,3281.557036601759,,,mixed-phase ring-site C-H stretching,nu(C2-H13),bond,0.0002044533163960029,+,0.00160811846588872,0.32380109525181683
46,3281.557036601759,,,mixed-phase ring-site C-H stretching,delta(C1-C2-C5),angle,5.7005476571126726e-05,+,0.0007526884620508417,0.41210349231350385
46,3281.557036601759,,,mixed-phase ring-site C-H stretching,nu(C1-H12),bond,1.946394792757994e-05,+,0.00048334243327181024,0.34122537331219377
46,3281.557036601759,,,mixed-phase ring-site C-H stretching,tau(C9-C5-C6-O7),dihedral,8.882622413102116e-06,+,0.0004302083446495874,0.19656390570348833
46,3281.557036601759,,,mixed-phase ring-site C-H stretching,nu(C3-N4),bond,8.822482408278937e-06,+,0.00016904941239799732,1.2643977132783855
46,3281.557036601759,,,mixed-phase ring-site C-H stretching,nu(C1-H10),bond,3.352501048728425e-06,+,0.0002010036172544721,0.3398454095071219
46,3281.557036601759,,,mixed-phase ring-site C-H stretching,tau(C6-O7-C8-H15),dihedral,2.7507188449523432e-06,+,0.0002134169647023482,0.24734808746537756
46,3281.557036601759,,,mixed-phase ring-site C-H stretching,delta(C3-C2-H13),angle,2.7208888771303493e-06,-,-0.00016836986138205274,0.39309935236092164
46,3281.557036601759,,,mixed-phase ring-site C-H stretching,nu(C1-C2),bond,1.3037610689590475e-06,-,-0.00014314705267336135,0.26058740390841156
46,3281.557036601759,,,mixed-phase ring-site C-H stretching,delta(H10-C1-H11),angle,1.1150522068788443e-06,+,0.00012833490491554936,0.2772846618250007
46,3281.557036601759,,,mixed-phase ring-site C-H stretching,nu(C2-C3),bond,9.376640721399995e-07,+,0.00011128075116234525,0.31011831126805667
46,3281.557036601759,,,mixed-phase ring-site C-H stretching,delta(C1-C2-H13),angle,5.8158710467002e-07,-,-9.759097745842172e-05,0.25010113607571116
46,3281.557036601759,,,mixed-phase ring-site C-H stretching,delta(C2-C1-H11),angle,5.203586256367118e-07,-,-8.20224367357657e-05,0.3167799276088916
46,3281.557036601759,,,mixed-phase ring-site C-H stretching,tau(C6-C5-C9-H16),dihedral,3.492478941405096e-07,-,-0.00015905721611288916,0.056538889473237264
46,3281.557036601759,,,mixed-phase ring-site C-H stretching,tau(H14-C6-O7-C8),dihedral,3.280520658285929e-07,-,-0.00014277238733857763,0.06591352919497648
46,3281.557036601759,,,mixed-phase ring-site C-H stretching,delta(H10-C1-H12),angle,2.2312079178792157e-07,-,-5.7430161881193235e-05,0.277064059575885
46,3281.557036601759,,,mixed-phase ring-site C-H stretching,delta(C1-C2-C3),angle,1.5972012738515932e-07,+,3.8825906668082384e-05,0.43394697687697664
46,3281.557036601759,,,mixed-phase ring-site C-H stretching,"gamma(H15;C8,O7,C9)",oop,1.434727941908448e-07,+,4.854609895478228e-05,0.24933377621103062
46,3281.557036601759,,,mixed-phase ring-site C-H stretching,tau(C2-C5-C6-O7),dihedral,9.855657412170745e-08,-,-7.875641516104128e-05,0.06507796307380474
46,3281.557036601759,,,mixed-phase ring-site C-H stretching,tau(H11-C1-C2-C3),dihedral,9.118154986231706e-08,+,0.0001237390151985699,0.024390117415320465
46,3281.557036601759,,,mixed-phase ring-site C-H stretching,delta(H11-C1-H12),angle,6.064700750392786e-08,+,2.954696445659146e-05,0.28451414884001697
46,3281.557036601759,,,mixed-phase ring-site C-H stretching,delta(C2-C1-H12),angle,5.601549310216403e-08,-,-2.6747241285889563e-05,0.3206789140124306
46,3281.557036601759,,,mixed-phase ring-site C-H stretching,delta_lin2(C2-C3-N4),linbend2,5.119627869667721e-08,-,-4.9313196774802846e-05,0.08622482315228443
46,3281.557036601759,,,mixed-phase ring-site C-H stretching,delta_lin1(C2-C3-N4),linbend1,3.176830372441718e-08,+,3.957969644858939e-05,0.08305568027078959
46,3281.557036601759,,,mixed-phase ring-site C-H stretching,tau(C3-C2-C5-C9),dihedral,1.4251235162637018e-09,+,2.2427853872935703e-05,0.011603721655504018
47,3286.5351164958697,,,in-phase ring-site C-H stretching,nu(C8-H15),bond,58.547660369694874,-,-0.7990995896213694,0.3778465893608223
47,3286.5351164958697,,,in-phase ring-site C-H stretching,nu(C6-H14),bond,35.241369613303206,-,-0.6197238753950692,0.37814999512334674
47,3286.5351164958697,,,in-phase ring-site C-H stretching,nu(C9-H16),bond,4.596584440408523,-,-0.22600990900214155,0.37084126902589476
47,3286.5351164958697,,,in-phase ring-site C-H stretching,nu(C8-C9),bond,0.6034132836259989,+,0.06461481107125207,0.5956052068357818
47,3286.5351164958697,,,in-phase ring-site C-H stretching,delta(C6-O7-C8),angle,0.6015774330974124,+,0.0426010316780568,1.366026359575297
47,3286.5351164958697,,,in-phase ring-site C-H stretching,nu(C5-C6),bond,0.21037064952924683,+,0.03972467220090558,0.549379285605132
47,3286.5351164958697,,,in-phase ring-site C-H stretching,nu(O7-C8),bond,0.09118899510742355,+,0.02801188707451533,0.47892275585557215
47,3286.5351164958697,,,in-phase ring-site C-H stretching,nu(C6-O7),bond,0.05909929722049136,+,0.02287952886899313,0.4652602382110782
47,3286.5351164958697,,,in-phase ring-site C-H stretching,delta(C5-C9-C8),angle,0.014431886745039535,+,0.0068130513004303105,1.2812903955832389
47,3286.5351164958697,,,in-phase ring-site C-H stretching,nu(C5-C9),bond,0.013050597960017386,+,0.011274749342161092,0.4230818519106006
47,3286.5351164958697,,,in-phase ring-site C-H stretching,delta(C5-C6-H14),angle,0.007969037740990378,+,0.011928840176737718,0.23079012405429297
47,3286.5351164958697,,,in-phase ring-site C-H stretching,delta(C9-C8-H15),angle,0.005445275585002106,+,0.009860267533078122,0.23080767378187408
47,3286.5351164958697,,,in-phase ring-site C-H stretching,delta(C5-C9-H16),angle,0.004529387778671224,+,0.009663856502489266,0.19986941239788925
47,3286.5351164958697,,,in-phase ring-site C-H stretching,delta(C2-C5-C9),angle,0.0022735816762954847,-,-0.0054556399501687804,0.3147943546621411
47,3286.5351164958697,,,in-phase ring-site C-H stretching,nu(C2-C5),bond,0.0008917752304536279,-,-0.0035196904026599048,0.2966567635151466
47,3286.5351164958697,,,in-phase ring-site C-H stretching,"gamma(C5;C2,C1,H13)",oop,5.062458021581765e-05,+,0.0006774754990059047,0.45455037963053907
47,3286.5351164958697,,,in-phase ring-site C-H stretching,nu(C1-H11),bond,3.643187312267997e-05,-,-0.0006636682488340997,0.3408687565072281
47,3286.5351164958697,,,in-phase ring-site C-H stretching,nu(C2-H13),bond,2.1432634994095944e-05,-,-0.0005222789419238538,0.32380109525181683
47,3286.5351164958697,,,in-phase ring-site C-H stretching,nu(C1-H12),bond,8.733593726105484e-06,-,-0.0003247728543825852,0.34122537331219377
47,3286.5351164958697,,,in-phase ring-site C-H stretching,tau(C9-C5-C6-O7),dihedral,5.657174101846574e-06,-,-0.0003443909847185236,0.19656390570348833
47,3286.5351164958697,,,in-phase ring-site C-H stretching,tau(C6-O7-C8-H15),dihedral,4.594773547716862e-06,-,-0.0002766824840701581,0.24734808746537756
47,3286.5351164958697,,,in-phase ring-site C-H stretching,nu(C3-N4),bond,3.4332441780861432e-06,-,-0.00010578263567583627,1.2643977132783855
47,3286.5351164958697,,,in-phase ring-site C-H stretching,delta(C3-C2-H13),angle,3.3016011943611886e-06,+,0.00018604372683868114,0.39309935236092164
47,3286.5351164958697,,,in-phase ring-site C-H stretching,nu(C1-H10),bond,3.237172621683149e-06,-,-0.0001981281177760497,0.3398454095071219
47,3286.5351164958697,,,in-phase ring-site C-H stretching,delta(C1-C2-C5),angle,2.0880455495509692e-06,-,-0.00014450095758912078,0.41210349231350385
47,3286.5351164958697,,,in-phase ring-site C-H stretching,tau(C6-C5-C9-H16),dihedral,1.1568597513138688e-06,+,0.00029038261190897135,0.056538889473237264
47,3286.5351164958697,,,in-phase ring-site C-H stretching,nu(C1-C2),bond,9.408033652272246e-07,+,0.00012197662423646002,0.26058740390841156
47,3286.5351164958697,,,in-phase ring-site C-H stretching,tau(H14-C6-O7-C8),dihedral,9.028251404011559e-07,+,0.00023758467712009228,0.06591352919497648
47,3286.5351164958697,,,in-phase ring-site C-H stretching,delta(C1-C2-H13),angle,4.922153021048214e-07,+,9.005827241882788e-05,0.25010113607571116
47,3286.5351164958697,,,in-phase ring-site C-H stretching,delta(C2-C1-H11),angle,3.505215272484604e-07,+,6.752777005889285e-05,0.3167799276088916
47,3286.5351164958697,,,in-phase ring-site C-H stretching,delta(H11-C1-H12),angle,2.926604980783075e-07,+,6.51079479728759e-05,0.28451414884001697
47,3286.5351164958697,,,in-phase ring-site C-H stretching,delta(C2-C1-H12),angle,2.836079037581829e-07,-,-6.037092793426784e-05,0.3206789140124306
47,3286.5351164958697,,,in-phase ring-site C-H stretching,nu(C2-C3),bond,1.2414888225758055e-07,+,4.061735045344291e-05,0.31011831126805667
47,3286.5351164958697,,,in-phase ring-site C-H stretching,"gamma(H15;C8,O7,C9)",oop,1.1476132297817142e-07,+,4.355230091749499e-05,0.24933377621103062
47,3286.5351164958697,,,in-phase ring-site C-H stretching,tau(C3-C2-C5-C9),dihedral,6.330948397120264e-08,+,0.00014994763622379117,0.011603721655504018
47,3286.5351164958697,,,in-phase ring-site C-H stretching,delta(H10-C1-H12),angle,4.659939967194989e-08,+,2.6327156354876312e-05,0.277064059575885
47,3286.5351164958697,,,in-phase ring-site C-H stretching,tau(H11-C1-C2-C3),dihedral,3.870421466123822e-08,-,-8.086788275084597e-05,0.024390117415320465
47,3286.5351164958697,,,in-phase ring-site C-H stretching,delta(C1-C2-C3),angle,2.2625840429182243e-08,-,-1.4658445436526994e-05,0.43394697687697664
47,3286.5351164958697,,,in-phase ring-site C-H stretching,delta_lin1(C2-C3-N4),linbend1,6.210196148040699e-09,+,1.7553829563548005e-05,0.08305568027078959
47,3286.5351164958697,,,in-phase ring-site C-H stretching,tau(C2-C5-C6-O7),dihedral,2.797170991766729e-09,+,1.3309030511062471e-05,0.06507796307380474
47,3286.5351164958697,,,in-phase ring-site C-H stretching,delta(H10-C1-H11),angle,1.812338788907866e-09,-,-5.189919931392635e-06,0.2772846618250007
47,3286.5351164958697,,,in-phase ring-site C-H stretching,delta_lin2(C2-C3-N4),linbend2,1.4078854299281072e-10,+,2.5940084681034056e-06,0.08622482315228443
