mode,harmonic_frequency_cm-1,vpt2_fundamental_cm-1,harmonic_intensity_km_mol,assignment,internal_coordinate,type,percent,phase,D_value,F_diagonal
6,52.18083704557608,,,ring-site C-H out-of-plane bending,tau(H15-C4-C5-C7),dihedral,45.190797569617416,-,-0.07878247835521016,0.5260504175017567
6,52.18083704557608,,,ring-site C-H out-of-plane bending,tau(C4-C5-C7-H16),dihedral,22.545346405242945,+,0.10186666717366613,0.15697459052850737
6,52.18083704557608,,,ring-site C-H out-of-plane bending,tau(H14-C4-C5-C7),dihedral,17.768129245369256,-,-0.08514448987496183,0.1770782616507438
6,52.18083704557608,,,ring-site C-H out-of-plane bending,tau(C3-C4-C5-O6),dihedral,8.056703953654072,-,-0.08306330103957851,0.08436759585486936
6,52.18083704557608,,,ring-site C-H out-of-plane bending,tau(C5-C7-C8-O9),dihedral,4.187080912653365,-,-0.064283872694589,0.07320553682576925
6,52.18083704557608,,,ring-site C-H out-of-plane bending,delta(C5-C7-H17),angle,0.5551913453276551,-,-0.012685737621999201,0.24925729583022535
6,52.18083704557608,,,ring-site C-H out-of-plane bending,delta(C8-C7-H17),angle,0.3752287798396693,-,-0.011747807599688291,0.19643511781922787
6,52.18083704557608,,,ring-site C-H out-of-plane bending,"gamma(H16;C7,C8,H17)",oop,0.25987433550091293,+,0.010076822672322515,0.18490676504661133
6,52.18083704557608,,,ring-site C-H out-of-plane bending,delta(O2-C3-C4),angle,0.23366645725385898,+,0.004894719946066883,0.7046562659244109
6,52.18083704557608,,,ring-site C-H out-of-plane bending,tau(H13-C3-C8-C7),dihedral,0.1904619798059379,+,0.007867668518980417,0.2223068411147103
6,52.18083704557608,,,ring-site C-H out-of-plane bending,tau(O2-C3-C8-C7),dihedral,0.18971851829422104,+,0.005551496601116352,0.4447604988167489
6,52.18083704557608,,,ring-site C-H out-of-plane bending,delta(C3-C4-H15),angle,0.18466507114339392,-,-0.004877999247489006,0.5607095340721711
6,52.18083704557608,,,ring-site C-H out-of-plane bending,delta(C5-C7-C8),angle,0.08763924644567997,-,-0.0021595453934762495,1.3577212054820749
6,52.18083704557608,,,ring-site C-H out-of-plane bending,delta(O2-C3-C8),angle,0.02492768283195716,+,0.0023218016330674037,0.33409373107359736
6,52.18083704557608,,,ring-site C-H out-of-plane bending,delta(C8-C3-H13),angle,0.020602010392674126,-,-0.002602714839247793,0.21973187748757736
6,52.18083704557608,,,ring-site C-H out-of-plane bending,delta(C1-O2-C3),angle,0.01772263306058631,-,-0.002178462093891775,0.2698142431668865
6,52.18083704557608,,,ring-site C-H out-of-plane bending,nu(C7-H16),bond,0.016819493881572087,-,-0.001893730974280022,0.3388542982866813
6,52.18083704557608,,,ring-site C-H out-of-plane bending,tau(C1-O2-C3-C4),dihedral,0.015258151782974782,-,-0.005830466988167043,0.032428875569921495
6,52.18083704557608,,,ring-site C-H out-of-plane bending,nu(C7-H17),bond,0.01484611088502926,+,0.001794713300512033,0.3330114592444899
6,52.18083704557608,,,ring-site C-H out-of-plane bending,nu(C7-C8),bond,0.013295222434498872,-,-0.0018060524495618984,0.2944906642672141
6,52.18083704557608,,,ring-site C-H out-of-plane bending,delta(C4-C3-C8),angle,0.011920696340789742,+,0.0007191378737934981,1.6653822931266715
6,52.18083704557608,,,ring-site C-H out-of-plane bending,delta(C7-C8-O9),angle,0.00837903168522292,+,0.0011930459127920746,0.42532034670863855
6,52.18083704557608,,,ring-site C-H out-of-plane bending,nu(C3-C4),bond,0.007375432090301872,+,0.001215200712600341,0.3608511373961394
6,52.18083704557608,,,ring-site C-H out-of-plane bending,nu(C4-C5),bond,0.005666328677613501,+,0.0012319739670416665,0.2697337819721011
6,52.18083704557608,,,ring-site C-H out-of-plane bending,"gamma(H14;C4,C3,H15)",oop,0.00516276059799227,+,0.001180805371094905,0.2675235310053796
6,52.18083704557608,,,ring-site C-H out-of-plane bending,nu(C4-H14),bond,0.0037980539684970664,-,-0.0009118904226015212,0.32999887833147423
6,52.18083704557608,,,ring-site C-H out-of-plane bending,nu(C4-H15),bond,0.002715479744728793,+,0.0007564452128773215,0.3428690238780344
6,52.18083704557608,,,ring-site C-H out-of-plane bending,nu(C5-C7),bond,0.001753544713940651,-,-0.000632035825255379,0.3171539275239167
6,52.18083704557608,,,ring-site C-H out-of-plane bending,delta(O6-C5-C7),angle,0.00163356877422322,-,-0.0005215537111189539,0.4338863468073931
6,52.18083704557608,,,ring-site C-H out-of-plane bending,delta(C5-C4-H14),angle,0.0013613588054211822,-,-0.0005322238403559936,0.34723268377330074
6,52.18083704557608,,,ring-site C-H out-of-plane bending,nu(O2-C3),bond,0.0006611623397043281,+,0.00038880177440470397,0.31600086564110863
6,52.18083704557608,,,ring-site C-H out-of-plane bending,delta(O2-C1-H11),angle,0.0005750359365330413,+,0.00040538905003408753,0.25280612971790234
6,52.18083704557608,,,ring-site C-H out-of-plane bending,nu(C5-O6),bond,0.00038180331343052476,+,0.0001791195355033233,0.8597861112169202
6,52.18083704557608,,,ring-site C-H out-of-plane bending,nu(C1-O2),bond,0.0002120025245415426,+,0.00021723150287128728,0.3245877010854186
6,52.18083704557608,,,ring-site C-H out-of-plane bending,delta(H10-C1-H12),angle,0.00012282708617624823,-,-0.00017466765677875713,0.2908746019881476
6,52.18083704557608,,,ring-site C-H out-of-plane bending,nu(C8-O9),bond,0.00011898786548011674,-,-0.0001005171528698233,0.8508616649752963
6,52.18083704557608,,,ring-site C-H out-of-plane bending,nu(C1-H10),bond,6.06550321156689e-05,+,0.00011506329949304415,0.33100140032692144
6,52.18083704557608,,,ring-site C-H out-of-plane bending,tau(H12-C1-O2-C3),dihedral,4.580241861130645e-05,+,0.00013328274938655824,0.18628469149813526
6,52.18083704557608,,,ring-site C-H out-of-plane bending,delta(O2-C1-H10),angle,4.374878776389168e-05,+,9.558334023752352e-05,0.3459698539295735
6,52.18083704557608,,,ring-site C-H out-of-plane bending,nu(C3-H13),bond,2.8905652990482665e-05,+,7.999780030976608e-05,0.32633475937097894
6,52.18083704557608,,,ring-site C-H out-of-plane bending,nu(C1-H12),bond,3.132699220916814e-06,+,2.6393695467500107e-05,0.32490390949747744
6,52.18083704557608,,,ring-site C-H out-of-plane bending,tau(H11-C1-O2-C3),dihedral,2.337102512474253e-06,+,3.05205545317701e-05,0.18127151443851006
6,52.18083704557608,,,ring-site C-H out-of-plane bending,nu(C1-H11),bond,1.1177957659357598e-06,+,1.5307008502287535e-05,0.3446818810517787
6,52.18083704557608,,,ring-site C-H out-of-plane bending,nu(C3-C8),bond,1.0624519798094227e-06,+,1.6696530947840355e-05,0.2753553110419089
6,52.18083704557608,,,ring-site C-H out-of-plane bending,delta(O2-C1-H12),angle,3.8176770566929334e-08,+,3.1574699586047175e-06,0.2766670087017801
7,65.10778004567511,,,mixed cyclic-ring torsional/out-of-plane deformation / ring-site C-H out-of-plane bending,tau(O2-C3-C8-C7),dihedral,53.01039959991474,+,0.07390543849509636,0.4447604988167489
7,65.10778004567511,,,mixed cyclic-ring torsional/out-of-plane deformation / ring-site C-H out-of-plane bending,tau(H13-C3-C8-C7),dihedral,21.3881144122971,+,0.06640011001445478,0.2223068411147103
7,65.10778004567511,,,mixed cyclic-ring torsional/out-of-plane deformation / ring-site C-H out-of-plane bending,tau(C5-C7-C8-O9),dihedral,9.927449798778257,-,-0.07883259962889409,0.07320553682576925
7,65.10778004567511,,,mixed cyclic-ring torsional/out-of-plane deformation / ring-site C-H out-of-plane bending,tau(C4-C5-C7-H16),dihedral,9.251092230392132,+,0.051968572714035204,0.15697459052850737
7,65.10778004567511,,,mixed cyclic-ring torsional/out-of-plane deformation / ring-site C-H out-of-plane bending,delta(C4-C3-C8),angle,2.547317606400947,-,-0.008372276074181676,1.6653822931266715
7,65.10778004567511,,,mixed cyclic-ring torsional/out-of-plane deformation / ring-site C-H out-of-plane bending,delta(C5-C7-C8),angle,0.8860875198089757,-,-0.005468799139965441,1.3577212054820749
7,65.10778004567511,,,mixed cyclic-ring torsional/out-of-plane deformation / ring-site C-H out-of-plane bending,tau(C1-O2-C3-C4),dihedral,0.7525122748903509,+,0.032609925939728446,0.032428875569921495
7,65.10778004567511,,,mixed cyclic-ring torsional/out-of-plane deformation / ring-site C-H out-of-plane bending,delta(C5-C7-H17),angle,0.578123311648877,-,-0.010309681880759295,0.24925729583022535
7,65.10778004567511,,,mixed cyclic-ring torsional/out-of-plane deformation / ring-site C-H out-of-plane bending,delta(O2-C3-C4),angle,0.5126308676731645,-,-0.005773945509900342,0.7046562659244109
7,65.10778004567511,,,mixed cyclic-ring torsional/out-of-plane deformation / ring-site C-H out-of-plane bending,"gamma(H16;C7,C8,H17)",oop,0.461601268570074,+,0.01069586862420166,0.18490676504661133
7,65.10778004567511,,,mixed cyclic-ring torsional/out-of-plane deformation / ring-site C-H out-of-plane bending,delta(C8-C7-H17),angle,0.2062324957998236,-,-0.006936301244675398,0.19643511781922787
7,65.10778004567511,,,mixed cyclic-ring torsional/out-of-plane deformation / ring-site C-H out-of-plane bending,delta(C7-C8-O9),angle,0.12539210054907726,+,0.0036756654205914938,0.42532034670863855
7,65.10778004567511,,,mixed cyclic-ring torsional/out-of-plane deformation / ring-site C-H out-of-plane bending,delta(O2-C3-C8),angle,0.07854398522323425,+,0.003282322627023548,0.33409373107359736
7,65.10778004567511,,,mixed cyclic-ring torsional/out-of-plane deformation / ring-site C-H out-of-plane bending,tau(H14-C4-C5-C7),dihedral,0.04734923667760907,+,0.003500522145419211,0.1770782616507438
7,65.10778004567511,,,mixed cyclic-ring torsional/out-of-plane deformation / ring-site C-H out-of-plane bending,delta(C8-C3-H13),angle,0.041132001012697185,+,0.002928885196978667,0.21973187748757736
7,65.10778004567511,,,mixed cyclic-ring torsional/out-of-plane deformation / ring-site C-H out-of-plane bending,delta(C3-C4-H15),angle,0.035768227625385424,+,0.0017097739793853282,0.5607095340721711
7,65.10778004567511,,,mixed cyclic-ring torsional/out-of-plane deformation / ring-site C-H out-of-plane bending,nu(C5-C7),bond,0.03288721821760785,+,0.0021799045931000225,0.3171539275239167
7,65.10778004567511,,,mixed cyclic-ring torsional/out-of-plane deformation / ring-site C-H out-of-plane bending,"gamma(H14;C4,C3,H15)",oop,0.02744706445499994,-,-0.002168332705862103,0.2675235310053796
7,65.10778004567511,,,mixed cyclic-ring torsional/out-of-plane deformation / ring-site C-H out-of-plane bending,nu(C7-H16),bond,0.017533170982079592,-,-0.0015398651774755612,0.3388542982866813
7,65.10778004567511,,,mixed cyclic-ring torsional/out-of-plane deformation / ring-site C-H out-of-plane bending,delta(O2-C1-H12),angle,0.010918604468290008,+,0.0013448190206881816,0.2766670087017801
7,65.10778004567511,,,mixed cyclic-ring torsional/out-of-plane deformation / ring-site C-H out-of-plane bending,nu(C3-C8),bond,0.01062274366301953,-,-0.001329629326651756,0.2753553110419089
7,65.10778004567511,,,mixed cyclic-ring torsional/out-of-plane deformation / ring-site C-H out-of-plane bending,tau(H11-C1-O2-C3),dihedral,0.007979076634185631,-,-0.0014202686471408558,0.18127151443851006
7,65.10778004567511,,,mixed cyclic-ring torsional/out-of-plane deformation / ring-site C-H out-of-plane bending,nu(C7-H17),bond,0.005249293376872237,+,0.000849923421039858,0.3330114592444899
7,65.10778004567511,,,mixed cyclic-ring torsional/out-of-plane deformation / ring-site C-H out-of-plane bending,nu(C5-O6),bond,0.004384779583097398,-,-0.00048343449312959915,0.8597861112169202
7,65.10778004567511,,,mixed cyclic-ring torsional/out-of-plane deformation / ring-site C-H out-of-plane bending,nu(C4-C5),bond,0.003995730483654826,+,0.00082392823528034,0.2697337819721011
7,65.10778004567511,,,mixed cyclic-ring torsional/out-of-plane deformation / ring-site C-H out-of-plane bending,delta(H10-C1-H12),angle,0.003871399749287208,-,-0.0007809802858281369,0.2908746019881476
7,65.10778004567511,,,mixed cyclic-ring torsional/out-of-plane deformation / ring-site C-H out-of-plane bending,nu(C8-O9),bond,0.0038534857582768096,-,-0.0004555713076058542,0.8508616649752963
7,65.10778004567511,,,mixed cyclic-ring torsional/out-of-plane deformation / ring-site C-H out-of-plane bending,delta(C1-O2-C3),angle,0.0038357616686661264,+,0.0008071464387377601,0.2698142431668865
7,65.10778004567511,,,mixed cyclic-ring torsional/out-of-plane deformation / ring-site C-H out-of-plane bending,nu(C1-O2),bond,0.0032617058793101388,-,-0.000678602306801965,0.3245877010854186
7,65.10778004567511,,,mixed cyclic-ring torsional/out-of-plane deformation / ring-site C-H out-of-plane bending,nu(C1-H10),bond,0.0031569436102623573,+,0.0006611156837577351,0.33100140032692144
7,65.10778004567511,,,mixed cyclic-ring torsional/out-of-plane deformation / ring-site C-H out-of-plane bending,tau(H12-C1-O2-C3),dihedral,0.0021370746513899555,-,-0.0007250704842130193,0.18628469149813526
7,65.10778004567511,,,mixed cyclic-ring torsional/out-of-plane deformation / ring-site C-H out-of-plane bending,delta(O2-C1-H10),angle,0.0019518148157957043,+,0.0005084627470272065,0.3459698539295735
7,65.10778004567511,,,mixed cyclic-ring torsional/out-of-plane deformation / ring-site C-H out-of-plane bending,delta(O6-C5-C7),angle,0.0017143961745262346,+,0.00042552645535177795,0.4338863468073931
7,65.10778004567511,,,mixed cyclic-ring torsional/out-of-plane deformation / ring-site C-H out-of-plane bending,delta(C5-C4-H14),angle,0.0012058569683193712,+,0.000398929877465917,0.34723268377330074
7,65.10778004567511,,,mixed cyclic-ring torsional/out-of-plane deformation / ring-site C-H out-of-plane bending,nu(C3-C4),bond,0.0011425280781248244,-,-0.0003809152543949763,0.3608511373961394
7,65.10778004567511,,,mixed cyclic-ring torsional/out-of-plane deformation / ring-site C-H out-of-plane bending,nu(C3-H13),bond,0.001080993074321734,-,-0.0003896177658859377,0.32633475937097894
7,65.10778004567511,,,mixed cyclic-ring torsional/out-of-plane deformation / ring-site C-H out-of-plane bending,delta(O2-C1-H11),angle,0.0006117946724817505,+,0.00033301823049208996,0.25280612971790234
7,65.10778004567511,,,mixed cyclic-ring torsional/out-of-plane deformation / ring-site C-H out-of-plane bending,nu(C1-H12),bond,0.00043022758311327537,-,-0.00024633755140834624,0.32490390949747744
7,65.10778004567511,,,mixed cyclic-ring torsional/out-of-plane deformation / ring-site C-H out-of-plane bending,nu(C7-C8),bond,0.00040062084104518756,-,-0.000249683570845639,0.2944906642672141
7,65.10778004567511,,,mixed cyclic-ring torsional/out-of-plane deformation / ring-site C-H out-of-plane bending,nu(O2-C3),bond,0.0003515585469229443,+,0.0002257946552675287,0.31600086564110863
7,65.10778004567511,,,mixed cyclic-ring torsional/out-of-plane deformation / ring-site C-H out-of-plane bending,nu(C4-H14),bond,0.00014835814415628803,+,0.0001435352028997542,0.32999887833147423
7,65.10778004567511,,,mixed cyclic-ring torsional/out-of-plane deformation / ring-site C-H out-of-plane bending,nu(C4-H15),bond,3.4099631121131566e-05,-,-6.751024411169946e-05,0.3428690238780344
7,65.10778004567511,,,mixed cyclic-ring torsional/out-of-plane deformation / ring-site C-H out-of-plane bending,tau(C3-C4-C5-O6),dihedral,2.267002190250098e-05,-,-0.00011096783078403462,0.08436759585486936
7,65.10778004567511,,,mixed cyclic-ring torsional/out-of-plane deformation / ring-site C-H out-of-plane bending,nu(C1-H11),bond,1.7935734180931914e-05,-,-4.883254012602352e-05,0.3446818810517787
7,65.10778004567511,,,mixed cyclic-ring torsional/out-of-plane deformation / ring-site C-H out-of-plane bending,tau(H15-C4-C5-C7),dihedral,6.155270534145155e-06,-,-2.3156283151418646e-05,0.5260504175017567
8,112.04656994385904,,,C-O torsion,tau(H12-C1-O2-C3),dihedral,34.90103964301053,+,0.0779130095647632,0.18628469149813526
8,112.04656994385904,,,C-O torsion,tau(H11-C1-O2-C3),dihedral,32.14068933935288,+,0.07579528559335101,0.18127151443851006
8,112.04656994385904,,,C-O torsion,tau(C1-O2-C3-C4),dihedral,12.109891466760269,+,0.10999768926310588,0.032428875569921495
8,112.04656994385904,,,C-O torsion,tau(O2-C3-C8-C7),dihedral,8.130211505116444,-,-0.02433700880766365,0.4447604988167489
8,112.04656994385904,,,C-O torsion,tau(H15-C4-C5-C7),dihedral,4.191386714576678,-,-0.016067361431030238,0.5260504175017567
8,112.04656994385904,,,C-O torsion,tau(H13-C3-C8-C7),dihedral,3.0608151954118976,-,-0.021121342656808786,0.2223068411147103
8,112.04656994385904,,,C-O torsion,tau(H14-C4-C5-C7),dihedral,1.8163070015528537,-,-0.018230197986635034,0.1770782616507438
8,112.04656994385904,,,C-O torsion,tau(C5-C7-C8-O9),dihedral,1.4141300922754152,+,0.02501797181187434,0.07320553682576925
8,112.04656994385904,,,C-O torsion,delta(C4-C3-C8),angle,0.6091284478629369,+,0.0034425230087664787,1.6653822931266715
8,112.04656994385904,,,C-O torsion,tau(C3-C4-C5-O6),dihedral,0.563736230494352,-,-0.014713958218588539,0.08436759585486936
8,112.04656994385904,,,C-O torsion,delta(C1-O2-C3),angle,0.11801048292403395,+,0.0037644994635570137,0.2698142431668865
8,112.04656994385904,,,C-O torsion,delta(O2-C3-C8),angle,0.1139435705011891,+,0.0033242228507585256,0.33409373107359736
8,112.04656994385904,,,C-O torsion,delta(C3-C4-H15),angle,0.11213944037831418,-,-0.002545596725021693,0.5607095340721711
8,112.04656994385904,,,C-O torsion,delta(H10-C1-H12),angle,0.1049163003559903,-,-0.0034185974516770484,0.2908746019881476
8,112.04656994385904,,,C-O torsion,delta(C8-C3-H13),angle,0.10079853299367228,-,-0.003855315764771451,0.21973187748757736
8,112.04656994385904,,,C-O torsion,delta(O2-C1-H12),angle,0.0705365956911205,+,0.002874140153970185,0.2766670087017801
8,112.04656994385904,,,C-O torsion,delta(C5-C7-C8),angle,0.06029281240905833,+,0.0011995182291701322,1.3577212054820749
8,112.04656994385904,,,C-O torsion,delta(O2-C3-C4),angle,0.050981169725222215,-,-0.0015310720222173342,0.7046562659244109
8,112.04656994385904,,,C-O torsion,tau(C4-C5-C7-H16),dihedral,0.04124145089925794,-,-0.0029176397694609156,0.15697459052850737
8,112.04656994385904,,,C-O torsion,delta(O6-C5-C7),angle,0.03994519479212717,-,-0.0017271245649911808,0.4338863468073931
8,112.04656994385904,,,C-O torsion,delta(C5-C7-H17),angle,0.03612629855005723,+,0.0021670412360876973,0.24925729583022535
8,112.04656994385904,,,C-O torsion,nu(C7-C8),bond,0.03318168747869528,-,-0.0019107015247913951,0.2944906642672141
8,112.04656994385904,,,C-O torsion,delta(O2-C1-H11),angle,0.028903782785716127,-,-0.0019246994585287941,0.25280612971790234
8,112.04656994385904,,,C-O torsion,"gamma(H16;C7,C8,H17)",oop,0.025680527270554233,-,-0.0021213139579367387,0.18490676504661133
8,112.04656994385904,,,C-O torsion,delta(C5-C4-H14),angle,0.018877395907952496,+,0.0013272114669749552,0.34723268377330074
8,112.04656994385904,,,C-O torsion,nu(C4-C5),bond,0.015945006516450828,+,0.0013839616675875436,0.2697337819721011
8,112.04656994385904,,,C-O torsion,nu(C5-C7),bond,0.012686293437446816,-,-0.001138444100801808,0.3171539275239167
8,112.04656994385904,,,C-O torsion,nu(C1-O2),bond,0.011924346174734422,+,0.0010910147936515249,0.3245877010854186
8,112.04656994385904,,,C-O torsion,nu(C3-C8),bond,0.01129131726157559,-,-0.0011526699149438302,0.2753553110419089
8,112.04656994385904,,,C-O torsion,nu(O2-C3),bond,0.011210581689950127,-,-0.0010721346186717625,0.31600086564110863
8,112.04656994385904,,,C-O torsion,nu(C3-H13),bond,0.010267861943676012,+,0.0010096892318803925,0.32633475937097894
8,112.04656994385904,,,C-O torsion,delta(C8-C7-H17),angle,0.009389909293962937,+,0.0012445160857698931,0.19643511781922787
8,112.04656994385904,,,C-O torsion,nu(C3-C4),bond,0.008180447205347366,+,0.000857045473487418,0.3608511373961394
8,112.04656994385904,,,C-O torsion,nu(C1-H10),bond,0.00393006012186613,-,-0.000620246130122679,0.33100140032692144
8,112.04656994385904,,,C-O torsion,delta(O2-C1-H10),angle,0.003213016593477895,+,0.0005485506535590966,0.3459698539295735
8,112.04656994385904,,,C-O torsion,delta(C7-C8-O9),angle,0.002337675646974649,-,-0.00042200094973273566,0.42532034670863855
8,112.04656994385904,,,C-O torsion,nu(C1-H12),bond,0.0019242595730273205,-,-0.0004380601434459729,0.32490390949747744
8,112.04656994385904,,,C-O torsion,nu(C4-H14),bond,0.0014000847446747078,-,-0.000370766350042485,0.32999887833147423
8,112.04656994385904,,,C-O torsion,nu(C7-H16),bond,0.0010210398570080698,+,0.0003124598571946585,0.3388542982866813
8,112.04656994385904,,,C-O torsion,nu(C8-O9),bond,0.0008460665488490066,+,0.0001794949214583418,0.8508616649752963
8,112.04656994385904,,,C-O torsion,nu(C4-H15),bond,0.0007437755636424989,+,0.00026511616509769547,0.3428690238780344
8,112.04656994385904,,,C-O torsion,nu(C5-O6),bond,0.00035584281518173146,+,0.00011580125597063312,0.8597861112169202
8,112.04656994385904,,,C-O torsion,"gamma(H14;C4,C3,H15)",oop,0.0002832635015105077,+,0.00018522248108928662,0.2675235310053796
8,112.04656994385904,,,C-O torsion,nu(C7-H17),bond,9.112228212684401e-05,+,9.415905399668812e-05,0.3330114592444899
8,112.04656994385904,,,C-O torsion,nu(C1-H11),bond,4.715015129867546e-05,-,-6.657508043944751e-05,0.3446818810517787
9,167.84179718338208,,,C-O torsion,tau(H12-C1-O2-C3),dihedral,45.363039391780916,+,0.1877649460824588,0.18628469149813526
9,167.84179718338208,,,C-O torsion,tau(H11-C1-O2-C3),dihedral,43.54882701520688,+,0.18649855751124833,0.18127151443851006
9,167.84179718338208,,,C-O torsion,delta(O2-C3-C8),angle,4.698318869241965,+,0.04512207973623712,0.33409373107359736
9,167.84179718338208,,,C-O torsion,tau(H15-C4-C5-C7),dihedral,1.06031484132394,+,0.017082670460788617,0.5260504175017567
9,167.84179718338208,,,C-O torsion,tau(H13-C3-C8-C7),dihedral,0.9139891439634288,-,-0.024397545275269193,0.2223068411147103
9,167.84179718338208,,,C-O torsion,delta(C4-C3-C8),angle,0.8770717331746847,-,-0.00873197761256162,1.6653822931266715
9,167.84179718338208,,,C-O torsion,tau(C5-C7-C8-O9),dihedral,0.6947911930685492,-,-0.03706868802432172,0.07320553682576925
9,167.84179718338208,,,C-O torsion,tau(O2-C3-C8-C7),dihedral,0.6298583653835942,-,-0.014318923679152105,0.4447604988167489
9,167.84179718338208,,,C-O torsion,tau(C4-C5-C7-H16),dihedral,0.5677101662228496,-,-0.02288235315327884,0.15697459052850737
9,167.84179718338208,,,C-O torsion,delta(C8-C3-H13),angle,0.5172523687518991,-,-0.018461064452510636,0.21973187748757736
9,167.84179718338208,,,C-O torsion,tau(H14-C4-C5-C7),dihedral,0.3189942984076979,+,0.016149566275598822,0.1770782616507438
9,167.84179718338208,,,C-O torsion,nu(C3-C8),bond,0.16934398628874348,+,0.009436049017942639,0.2753553110419089
9,167.84179718338208,,,C-O torsion,tau(C3-C4-C5-O6),dihedral,0.15477143412750355,+,0.01629707237806899,0.08436759585486936
9,167.84179718338208,,,C-O torsion,delta(C1-O2-C3),angle,0.1105748751233168,+,0.007702785790672116,0.2698142431668865
9,167.84179718338208,,,C-O torsion,delta(O2-C3-C4),angle,0.04887763501970291,-,-0.0031689724289073436,0.7046562659244109
9,167.84179718338208,,,C-O torsion,nu(O2-C3),bond,0.04692499951367344,-,-0.004636711023577854,0.31600086564110863
9,167.84179718338208,,,C-O torsion,delta(C7-C8-O9),angle,0.0460722125598613,-,-0.003960166837806951,0.42532034670863855
9,167.84179718338208,,,C-O torsion,delta(C8-C7-H17),angle,0.04035701208122737,+,0.005453834618235637,0.19643511781922787
9,167.84179718338208,,,C-O torsion,tau(C1-O2-C3-C4),dihedral,0.03492554114922876,-,-0.01248698685473821,0.032428875569921495
9,167.84179718338208,,,C-O torsion,delta(O2-C1-H12),angle,0.026268631360902798,+,0.003707593084148685,0.2766670087017801
9,167.84179718338208,,,C-O torsion,delta(C3-C4-H15),angle,0.018743802609020366,-,-0.0021999454308482672,0.5607095340721711
9,167.84179718338208,,,C-O torsion,delta(C5-C7-C8),angle,0.01840931833801542,-,-0.0014010885406408977,1.3577212054820749
9,167.84179718338208,,,C-O torsion,nu(C3-C4),bond,0.015223448539092042,+,0.00247140835300004,0.3608511373961394
9,167.84179718338208,,,C-O torsion,delta(H10-C1-H12),angle,0.014298907295907897,-,-0.002667783314455832,0.2908746019881476
9,167.84179718338208,,,C-O torsion,delta(C5-C4-H14),angle,0.012876781391739527,-,-0.0023171032725504536,0.34723268377330074
9,167.84179718338208,,,C-O torsion,"gamma(H14;C4,C3,H15)",oop,0.009594198705890703,+,0.002278638275475776,0.2675235310053796
9,167.84179718338208,,,C-O torsion,delta(C5-C7-H17),angle,0.009278520786702832,+,0.002321493439445778,0.24925729583022535
9,167.84179718338208,,,C-O torsion,nu(C1-O2),bond,0.009245044624469638,-,-0.002030675380732839,0.3245877010854186
9,167.84179718338208,,,C-O torsion,"gamma(H16;C7,C8,H17)",oop,0.0062305173299981335,-,-0.0022087048333380268,0.18490676504661133
9,167.84179718338208,,,C-O torsion,nu(C4-C5),bond,0.005426072725771295,-,-0.0017065820053692898,0.2697337819721011
9,167.84179718338208,,,C-O torsion,nu(C1-H10),bond,0.003944859457453543,+,0.0013135689673366342,0.33100140032692144
9,167.84179718338208,,,C-O torsion,nu(C8-O9),bond,0.0028596070793704713,-,-0.0006975506229024856,0.8508616649752963
9,167.84179718338208,,,C-O torsion,nu(C3-H13),bond,0.0017216826291362383,+,0.0008739707724837035,0.32633475937097894
9,167.84179718338208,,,C-O torsion,delta(O2-C1-H10),angle,0.0011862836565310945,-,-0.0007045749073147975,0.3459698539295735
9,167.84179718338208,,,C-O torsion,delta(O6-C5-C7),angle,0.0009598461449304186,+,0.0005659327775680206,0.4338863468073931
9,167.84179718338208,,,C-O torsion,nu(C7-C8),bond,0.0004921480619267609,+,0.0004918856484261733,0.2944906642672141
9,167.84179718338208,,,C-O torsion,nu(C7-H16),bond,0.00037209894699382045,+,0.00039872617703339046,0.3388542982866813
9,167.84179718338208,,,C-O torsion,nu(C1-H11),bond,0.00032722900971467,+,0.00037073936312941193,0.3446818810517787
9,167.84179718338208,,,C-O torsion,nu(C1-H12),bond,0.0002420098019304579,-,-0.0003283908420155752,0.32490390949747744
9,167.84179718338208,,,C-O torsion,nu(C4-H15),bond,0.0001478322011428523,-,-0.00024984601325370734,0.3428690238780344
9,167.84179718338208,,,C-O torsion,nu(C4-H14),bond,6.36876362561711e-05,+,0.00016715653540960382,0.32999887833147423
9,167.84179718338208,,,C-O torsion,nu(C5-O6),bond,4.4766573494644445e-05,+,8.682279090766078e-05,0.8597861112169202
9,167.84179718338208,,,C-O torsion,nu(C5-C7),bond,2.166444758075203e-05,-,-9.944679485757158e-05,0.3171539275239167
9,167.84179718338208,,,C-O torsion,delta(O2-C1-H11),angle,5.890983155628203e-06,-,-5.808341172681702e-05,0.25280612971790234
9,167.84179718338208,,,C-O torsion,nu(C7-H17),bond,6.727319481066913e-08,+,5.408084453718248e-06,0.3330114592444899
10,242.95652416814423,,,C-O torsion,tau(H12-C1-O2-C3),dihedral,42.96620083738719,+,0.2466320218031761,0.18628469149813526
10,242.95652416814423,,,C-O torsion,tau(H11-C1-O2-C3),dihedral,41.652443247923394,+,0.2461671108883332,0.18127151443851006
10,242.95652416814423,,,C-O torsion,delta(O2-C3-C8),angle,4.135642771025518,-,-0.057136273968246415,0.33409373107359736
10,242.95652416814423,,,C-O torsion,tau(H13-C3-C8-C7),dihedral,2.8210846992103886,+,0.0578503803225428,0.2223068411147103
10,242.95652416814423,,,C-O torsion,tau(O2-C3-C8-C7),dihedral,2.041113341476048,+,0.0347892467760903,0.4447604988167489
10,242.95652416814423,,,C-O torsion,delta(C4-C3-C8),angle,1.241209939188136,+,0.014019748420237945,1.6653822931266715
10,242.95652416814423,,,C-O torsion,tau(C1-O2-C3-C4),dihedral,1.0545373348926632,-,-0.0926061020581022,0.032428875569921495
10,242.95652416814423,,,C-O torsion,tau(C4-C5-C7-H16),dihedral,0.9936397028909063,+,0.04085774167328158,0.15697459052850737
10,242.95652416814423,,,C-O torsion,delta(O2-C3-C4),angle,0.44467325530012997,+,0.012900496205454845,0.7046562659244109
10,242.95652416814423,,,C-O torsion,delta(C7-C8-O9),angle,0.4358161052990416,+,0.016438724895625936,0.42532034670863855
10,242.95652416814423,,,C-O torsion,delta(C8-C3-H13),angle,0.4284331396739127,+,0.02267616270746736,0.21973187748757736
10,242.95652416814423,,,C-O torsion,delta(C1-O2-C3),angle,0.41905284966294837,-,-0.020238416661330097,0.2698142431668865
10,242.95652416814423,,,C-O torsion,nu(C3-C8),bond,0.3748736586615191,-,-0.01894830222736077,0.2753553110419089
10,242.95652416814423,,,C-O torsion,tau(C5-C7-C8-O9),dihedral,0.3298418825213888,+,0.0344711287794332,0.07320553682576925
10,242.95652416814423,,,C-O torsion,delta(C3-C4-H15),angle,0.15429368000017216,+,0.008518824433093007,0.5607095340721711
10,242.95652416814423,,,C-O torsion,delta(C8-C7-H17),angle,0.12388880789985607,-,-0.01289677255289005,0.19643511781922787
10,242.95652416814423,,,C-O torsion,nu(C3-C4),bond,0.08008252128463056,-,-0.0076503164387387,0.3608511373961394
10,242.95652416814423,,,C-O torsion,delta(C5-C7-H17),angle,0.07926352288549512,-,-0.009157719043419246,0.24925729583022535
10,242.95652416814423,,,C-O torsion,"gamma(H16;C7,C8,H17)",oop,0.05896932871825006,+,0.009170885287541904,0.18490676504661133
10,242.95652416814423,,,C-O torsion,nu(C5-C7),bond,0.04781325274330631,+,0.0063054148824580785,0.3171539275239167
10,242.95652416814423,,,C-O torsion,delta(O6-C5-C7),angle,0.019324252305395077,+,0.003427187987727672,0.4338863468073931
10,242.95652416814423,,,C-O torsion,delta(C5-C4-H14),angle,0.012227649599643975,+,0.0030474442085846546,0.34723268377330074
10,242.95652416814423,,,C-O torsion,tau(H14-C4-C5-C7),dihedral,0.011905933003138532,+,0.004210887722766468,0.1770782616507438
10,242.95652416814423,,,C-O torsion,nu(C7-C8),bond,0.0117546195067819,+,0.003244464985289227,0.2944906642672141
10,242.95652416814423,,,C-O torsion,delta(O2-C1-H11),angle,0.010247685063378607,+,0.003269592696136112,0.25280612971790234
10,242.95652416814423,,,C-O torsion,delta(H10-C1-H12),angle,0.00933285222494852,-,-0.0029089004789916487,0.2908746019881476
10,242.95652416814423,,,C-O torsion,nu(O2-C3),bond,0.008430120065250618,+,0.0026524506560418226,0.31600086564110863
10,242.95652416814423,,,C-O torsion,delta(O2-C1-H12),angle,0.008034370467601191,-,-0.0027673991862664058,0.2766670087017801
10,242.95652416814423,,,C-O torsion,nu(C4-C5),bond,0.006694125216122979,-,-0.0025583138060397623,0.2697337819721011
10,242.95652416814423,,,C-O torsion,nu(C3-H13),bond,0.0046037047386798865,-,-0.0019288419068093836,0.32633475937097894
10,242.95652416814423,,,C-O torsion,"gamma(H14;C4,C3,H15)",oop,0.00373381705649527,-,-0.0019185366198713413,0.2675235310053796
10,242.95652416814423,,,C-O torsion,tau(H15-C4-C5-C7),dihedral,0.0027196161740578014,-,-0.0011676554006861506,0.5260504175017567
10,242.95652416814423,,,C-O torsion,delta(O2-C1-H10),angle,0.0018036797694794729,-,-0.0011725602231452035,0.3459698539295735
10,242.95652416814423,,,C-O torsion,nu(C7-H16),bond,0.00151865252304462,-,-0.0010871695452484094,0.3388542982866813
10,242.95652416814423,,,C-O torsion,tau(C3-C4-C5-O6),dihedral,0.0014407853929641905,+,0.0021222003466911587,0.08436759585486936
10,242.95652416814423,,,C-O torsion,nu(C1-H10),bond,0.0009027468388147933,+,0.000848091366460175,0.33100140032692144
10,242.95652416814423,,,C-O torsion,nu(C1-H12),bond,0.0008059884235964244,-,-0.0008088379186984108,0.32490390949747744
10,242.95652416814423,,,C-O torsion,nu(C5-O6),bond,0.0006404856403700801,-,-0.00044323500860618526,0.8597861112169202
10,242.95652416814423,,,C-O torsion,nu(C1-O2),bond,0.0006358394367723266,-,-0.0007187573021323779,0.3245877010854186
10,242.95652416814423,,,C-O torsion,nu(C7-H17),bond,0.00016417527589220594,+,0.00036057769468243555,0.3330114592444899
10,242.95652416814423,,,C-O torsion,nu(C4-H14),bond,0.0001339881662835159,+,0.0003272288299242937,0.32999887833147423
10,242.95652416814423,,,C-O torsion,delta(C5-C7-C8),angle,6.54616177268692e-05,+,0.00011276196512927205,1.3577212054820749
10,242.95652416814423,,,C-O torsion,nu(C8-O9),bond,4.2638950205291645e-06,+,3.635367687188682e-05,0.8508616649752963
10,242.95652416814423,,,C-O torsion,nu(C1-H11),bond,6.909172470731703e-07,-,-2.2992085156006073e-05,0.3446818810517787
10,242.95652416814423,,,C-O torsion,nu(C4-H15),bond,6.180363967957467e-07,+,2.1803061005024814e-05,0.3428690238780344
11,288.1115873207659,,,mixed ring-site C-H out-of-plane bending / O-C-C bending,tau(H15-C4-C5-C7),dihedral,43.06046585092098,+,0.13461148545276072,0.5260504175017567
11,288.1115873207659,,,mixed ring-site C-H out-of-plane bending / O-C-C bending,delta(O2-C3-C4),angle,14.74797801508306,+,0.0680665943027536,0.7046562659244109
11,288.1115873207659,,,mixed ring-site C-H out-of-plane bending / O-C-C bending,tau(H14-C4-C5-C7),dihedral,14.214032106543995,+,0.13330070941118308,0.1770782616507438
11,288.1115873207659,,,mixed ring-site C-H out-of-plane bending / O-C-C bending,delta(C4-C3-C8),angle,5.188682515954469,-,-0.026262013315996393,1.6653822931266715
11,288.1115873207659,,,mixed ring-site C-H out-of-plane bending / O-C-C bending,delta(C1-O2-C3),angle,4.896577769055587,-,-0.06338264110575278,0.2698142431668865
11,288.1115873207659,,,mixed ring-site C-H out-of-plane bending / O-C-C bending,delta(C3-C4-H15),angle,3.2859361320944687,+,0.036017787228692325,0.5607095340721711
11,288.1115873207659,,,mixed ring-site C-H out-of-plane bending / O-C-C bending,tau(C4-C5-C7-H16),dihedral,2.869490382527502,-,-0.06361274652019977,0.15697459052850737
11,288.1115873207659,,,mixed ring-site C-H out-of-plane bending / O-C-C bending,tau(C3-C4-C5-O6),dihedral,2.536177814556136,+,0.08157525732212967,0.08436759585486936
11,288.1115873207659,,,mixed ring-site C-H out-of-plane bending / O-C-C bending,tau(O2-C3-C8-C7),dihedral,1.5596319912710186,-,-0.027861494135119305,0.4447604988167489
11,288.1115873207659,,,mixed ring-site C-H out-of-plane bending / O-C-C bending,tau(C5-C7-C8-O9),dihedral,1.5446836252386424,-,-0.06834460630321235,0.07320553682576925
11,288.1115873207659,,,mixed ring-site C-H out-of-plane bending / O-C-C bending,tau(H11-C1-O2-C3),dihedral,1.0162468582308557,-,-0.0352282659276086,0.18127151443851006
11,288.1115873207659,,,mixed ring-site C-H out-of-plane bending / O-C-C bending,delta(O2-C3-C8),angle,0.9861402970734442,+,0.02556181157906976,0.33409373107359736
11,288.1115873207659,,,mixed ring-site C-H out-of-plane bending / O-C-C bending,tau(H12-C1-O2-C3),dihedral,0.7581413669728096,-,-0.030015318293901423,0.18628469149813526
11,288.1115873207659,,,mixed ring-site C-H out-of-plane bending / O-C-C bending,"gamma(H14;C4,C3,H15)",oop,0.7430241149808436,+,0.02479573008412128,0.2675235310053796
11,288.1115873207659,,,mixed ring-site C-H out-of-plane bending / O-C-C bending,delta(C5-C7-C8),angle,0.721841908819334,-,-0.010848562253181033,1.3577212054820749
11,288.1115873207659,,,mixed ring-site C-H out-of-plane bending / O-C-C bending,delta(C8-C3-H13),angle,0.4664390283728313,-,-0.02167740778093192,0.21973187748757736
11,288.1115873207659,,,mixed ring-site C-H out-of-plane bending / O-C-C bending,delta(C5-C4-H14),angle,0.45233853722333933,-,-0.016981573756335744,0.34723268377330074
11,288.1115873207659,,,mixed ring-site C-H out-of-plane bending / O-C-C bending,delta(C8-C7-H17),angle,0.17417953704172554,+,0.014010235637026098,0.19643511781922787
11,288.1115873207659,,,mixed ring-site C-H out-of-plane bending / O-C-C bending,nu(C1-O2),bond,0.1734025018255854,+,0.010874720138173047,0.3245877010854186
11,288.1115873207659,,,mixed ring-site C-H out-of-plane bending / O-C-C bending,delta(O2-C1-H11),angle,0.12321753131514482,+,0.01038720950737533,0.25280612971790234
11,288.1115873207659,,,mixed ring-site C-H out-of-plane bending / O-C-C bending,delta(O6-C5-C7),angle,0.09767582434779426,+,0.0070593057133752,0.4338863468073931
11,288.1115873207659,,,mixed ring-site C-H out-of-plane bending / O-C-C bending,tau(H13-C3-C8-C7),dihedral,0.08926370063297956,-,-0.009427954319283735,0.2223068411147103
11,288.1115873207659,,,mixed ring-site C-H out-of-plane bending / O-C-C bending,delta(O2-C1-H12),angle,0.054166568639613784,-,-0.006583296488748792,0.2766670087017801
11,288.1115873207659,,,mixed ring-site C-H out-of-plane bending / O-C-C bending,delta(C7-C8-O9),angle,0.03654334756544716,+,0.0043611650623082785,0.42532034670863855
11,288.1115873207659,,,mixed ring-site C-H out-of-plane bending / O-C-C bending,nu(C3-C8),bond,0.03522273557264099,-,-0.005321342984167952,0.2753553110419089
11,288.1115873207659,,,mixed ring-site C-H out-of-plane bending / O-C-C bending,nu(C5-C7),bond,0.029561277042943954,+,0.004542375036507679,0.3171539275239167
11,288.1115873207659,,,mixed ring-site C-H out-of-plane bending / O-C-C bending,delta(O2-C1-H10),angle,0.02935013135109092,-,-0.004333535265262439,0.3459698539295735
11,288.1115873207659,,,mixed ring-site C-H out-of-plane bending / O-C-C bending,nu(C7-C8),bond,0.024818095926614606,+,0.0043192158006449275,0.2944906642672141
11,288.1115873207659,,,mixed ring-site C-H out-of-plane bending / O-C-C bending,tau(C1-O2-C3-C4),dihedral,0.0197945955575845,+,0.011624219731348993,0.032428875569921495
11,288.1115873207659,,,mixed ring-site C-H out-of-plane bending / O-C-C bending,delta(C5-C7-H17),angle,0.0154716496889967,+,0.003706814146832233,0.24925729583022535
11,288.1115873207659,,,mixed ring-site C-H out-of-plane bending / O-C-C bending,nu(C4-H14),bond,0.0150955619990446,+,0.003182180798487784,0.32999887833147423
11,288.1115873207659,,,mixed ring-site C-H out-of-plane bending / O-C-C bending,delta(H10-C1-H12),angle,0.010172206032246412,-,-0.002782345850464747,0.2908746019881476
11,288.1115873207659,,,mixed ring-site C-H out-of-plane bending / O-C-C bending,nu(C3-C4),bond,0.007918631016205133,-,-0.002204029756811529,0.3608511373961394
11,288.1115873207659,,,mixed ring-site C-H out-of-plane bending / O-C-C bending,nu(C8-O9),bond,0.0033363494817054288,-,-0.0009316713256541526,0.8508616649752963
11,288.1115873207659,,,mixed ring-site C-H out-of-plane bending / O-C-C bending,nu(C4-C5),bond,0.0030713524487638185,-,-0.0015876457195383113,0.2697337819721011
11,288.1115873207659,,,mixed ring-site C-H out-of-plane bending / O-C-C bending,nu(C4-H15),bond,0.002419154906395087,-,-0.0012497529005006502,0.3428690238780344
11,288.1115873207659,,,mixed ring-site C-H out-of-plane bending / O-C-C bending,nu(C1-H10),bond,0.0019835035649414428,-,-0.0011517494585030707,0.33100140032692144
11,288.1115873207659,,,mixed ring-site C-H out-of-plane bending / O-C-C bending,nu(C1-H11),bond,0.0016955729580723827,-,-0.0010435312357203646,0.3446818810517787
11,288.1115873207659,,,mixed ring-site C-H out-of-plane bending / O-C-C bending,nu(O2-C3),bond,0.0013844108307583443,-,-0.000984792647761009,0.31600086564110863
11,288.1115873207659,,,mixed ring-site C-H out-of-plane bending / O-C-C bending,nu(C5-O6),bond,0.0009190397683058783,-,-0.0004864389911884723,0.8597861112169202
11,288.1115873207659,,,mixed ring-site C-H out-of-plane bending / O-C-C bending,nu(C7-H17),bond,0.0008260418434671285,-,-0.00074101649265872,0.3330114592444899
11,288.1115873207659,,,mixed ring-site C-H out-of-plane bending / O-C-C bending,nu(C7-H16),bond,0.0003759595695851294,+,0.0004955876919302665,0.3388542982866813
11,288.1115873207659,,,mixed ring-site C-H out-of-plane bending / O-C-C bending,nu(C3-H13),bond,0.000272589086411337,+,0.0004300104444438071,0.32633475937097894
11,288.1115873207659,,,mixed ring-site C-H out-of-plane bending / O-C-C bending,"gamma(H16;C7,C8,H17)",oop,2.0654677870728126e-05,+,0.0001572494924435901,0.18490676504661133
11,288.1115873207659,,,mixed ring-site C-H out-of-plane bending / O-C-C bending,nu(C1-H12),bond,1.3160388764406497e-05,+,9.469200893362167e-05,0.32490390949747744
12,388.25150658464423,,,mixed ring-site C-H out-of-plane bending / O-C-C bending / C-O-C bending,tau(H15-C4-C5-C7),dihedral,28.265848969379167,+,0.08564426958500834,0.5260504175017567
12,388.25150658464423,,,mixed ring-site C-H out-of-plane bending / O-C-C bending / C-O-C bending,delta(C1-O2-C3),angle,15.458199041783907,+,0.08843577563845237,0.2698142431668865
12,388.25150658464423,,,mixed ring-site C-H out-of-plane bending / O-C-C bending / C-O-C bending,delta(O2-C3-C4),angle,14.801102233452719,+,0.05354751827697639,0.7046562659244109
12,388.25150658464423,,,mixed ring-site C-H out-of-plane bending / O-C-C bending / C-O-C bending,tau(H14-C4-C5-C7),dihedral,8.45949858507278,+,0.08075523098774479,0.1770782616507438
12,388.25150658464423,,,mixed ring-site C-H out-of-plane bending / O-C-C bending / C-O-C bending,delta(C4-C3-C8),angle,8.126927287100912,-,-0.025809951784922378,1.6653822931266715
12,388.25150658464423,,,mixed ring-site C-H out-of-plane bending / O-C-C bending / C-O-C bending,delta(C3-C4-H15),angle,5.041021471033331,+,0.03503251211386212,0.5607095340721711
12,388.25150658464423,,,mixed ring-site C-H out-of-plane bending / O-C-C bending / C-O-C bending,nu(C3-C4),bond,2.8895524886881434,+,0.033062236813255645,0.3608511373961394
12,388.25150658464423,,,mixed ring-site C-H out-of-plane bending / O-C-C bending / C-O-C bending,"gamma(H14;C4,C3,H15)",oop,2.2977577989861437,+,0.034241446914268246,0.2675235310053796
12,388.25150658464423,,,mixed ring-site C-H out-of-plane bending / O-C-C bending / C-O-C bending,delta(C5-C4-H14),angle,1.43929791773809,-,-0.023787348080009364,0.34723268377330074
12,388.25150658464423,,,mixed ring-site C-H out-of-plane bending / O-C-C bending / C-O-C bending,tau(H11-C1-O2-C3),dihedral,1.381880454229064,+,0.032259039559156356,0.18127151443851006
12,388.25150658464423,,,mixed ring-site C-H out-of-plane bending / O-C-C bending / C-O-C bending,tau(O2-C3-C8-C7),dihedral,1.248407991975404,-,-0.019574746360822286,0.4447604988167489
12,388.25150658464423,,,mixed ring-site C-H out-of-plane bending / O-C-C bending / C-O-C bending,delta(O2-C3-C8),angle,1.2074231069118568,-,-0.022211431833283894,0.33409373107359736
12,388.25150658464423,,,mixed ring-site C-H out-of-plane bending / O-C-C bending / C-O-C bending,delta(C5-C7-C8),angle,1.19244382570895,+,0.010949508919102843,1.3577212054820749
12,388.25150658464423,,,mixed ring-site C-H out-of-plane bending / O-C-C bending / C-O-C bending,nu(C4-C5),bond,1.120230179926674,+,0.02381041369381182,0.2697337819721011
12,388.25150658464423,,,mixed ring-site C-H out-of-plane bending / O-C-C bending / C-O-C bending,nu(C3-C8),bond,1.0606258942099127,-,-0.022930596998348558,0.2753553110419089
12,388.25150658464423,,,mixed ring-site C-H out-of-plane bending / O-C-C bending / C-O-C bending,delta(O2-C1-H11),angle,0.9656628457604097,-,-0.02283494335776043,0.25280612971790234
12,388.25150658464423,,,mixed ring-site C-H out-of-plane bending / O-C-C bending / C-O-C bending,tau(H12-C1-O2-C3),dihedral,0.7043724710314117,+,0.022719228588724105,0.18628469149813526
12,388.25150658464423,,,mixed ring-site C-H out-of-plane bending / O-C-C bending / C-O-C bending,nu(C1-O2),bond,0.6311604605886014,+,0.016292391588112128,0.3245877010854186
12,388.25150658464423,,,mixed ring-site C-H out-of-plane bending / O-C-C bending / C-O-C bending,delta(O6-C5-C7),angle,0.5543881655887098,-,-0.013206871762645754,0.4338863468073931
12,388.25150658464423,,,mixed ring-site C-H out-of-plane bending / O-C-C bending / C-O-C bending,tau(C5-C7-C8-O9),dihedral,0.42711414172129325,+,0.02822155816637162,0.07320553682576925
12,388.25150658464423,,,mixed ring-site C-H out-of-plane bending / O-C-C bending / C-O-C bending,delta(C8-C7-H17),angle,0.4230170905371221,-,-0.017145508452796714,0.19643511781922787
12,388.25150658464423,,,mixed ring-site C-H out-of-plane bending / O-C-C bending / C-O-C bending,tau(C4-C5-C7-H16),dihedral,0.3119642454411701,+,0.016470952287055047,0.15697459052850737
12,388.25150658464423,,,mixed ring-site C-H out-of-plane bending / O-C-C bending / C-O-C bending,nu(C5-C7),bond,0.3019904227037781,-,-0.01140098871111472,0.3171539275239167
12,388.25150658464423,,,mixed ring-site C-H out-of-plane bending / O-C-C bending / C-O-C bending,nu(O2-C3),bond,0.2768907980642201,+,0.010936820969286947,0.31600086564110863
12,388.25150658464423,,,mixed ring-site C-H out-of-plane bending / O-C-C bending / C-O-C bending,tau(H13-C3-C8-C7),dihedral,0.2762539743895831,-,-0.013024433156820767,0.2223068411147103
12,388.25150658464423,,,mixed ring-site C-H out-of-plane bending / O-C-C bending / C-O-C bending,delta(C5-C7-H17),angle,0.24242350858740652,-,-0.011522438646013114,0.24925729583022535
12,388.25150658464423,,,mixed ring-site C-H out-of-plane bending / O-C-C bending / C-O-C bending,delta(O2-C1-H12),angle,0.23189289077946573,+,0.010696606205495748,0.2766670087017801
12,388.25150658464423,,,mixed ring-site C-H out-of-plane bending / O-C-C bending / C-O-C bending,tau(C3-C4-C5-O6),dihedral,0.19802587051936787,+,0.0179000443236008,0.08436759585486936
12,388.25150658464423,,,mixed ring-site C-H out-of-plane bending / O-C-C bending / C-O-C bending,delta(H10-C1-H12),angle,0.09706544510449087,+,0.0067493259413428305,0.2908746019881476
12,388.25150658464423,,,mixed ring-site C-H out-of-plane bending / O-C-C bending / C-O-C bending,delta(O2-C1-H10),angle,0.09169491951167252,+,0.006014984122914347,0.3459698539295735
12,388.25150658464423,,,mixed ring-site C-H out-of-plane bending / O-C-C bending / C-O-C bending,nu(C5-O6),bond,0.08882471680131293,+,0.0037553695514389632,0.8597861112169202
12,388.25150658464423,,,mixed ring-site C-H out-of-plane bending / O-C-C bending / C-O-C bending,delta(C8-C3-H13),angle,0.07772950889793401,+,0.0069490815168398315,0.21973187748757736
12,388.25150658464423,,,mixed ring-site C-H out-of-plane bending / O-C-C bending / C-O-C bending,nu(C4-H14),bond,0.032982411013365937,+,0.003693736793354414,0.32999887833147423
12,388.25150658464423,,,mixed ring-site C-H out-of-plane bending / O-C-C bending / C-O-C bending,nu(C8-O9),bond,0.026847911474349822,-,-0.0020754236081255437,0.8508616649752963
12,388.25150658464423,,,mixed ring-site C-H out-of-plane bending / O-C-C bending / C-O-C bending,tau(C1-O2-C3-C4),dihedral,0.02410389239594784,-,-0.010072995093226487,0.032428875569921495
12,388.25150658464423,,,mixed ring-site C-H out-of-plane bending / O-C-C bending / C-O-C bending,nu(C7-C8),bond,0.011991154347394136,+,0.002357630321604881,0.2944906642672141
12,388.25150658464423,,,mixed ring-site C-H out-of-plane bending / O-C-C bending / C-O-C bending,nu(C1-H11),bond,0.003617527428001536,+,0.0011969545686317457,0.3446818810517787
12,388.25150658464423,,,mixed ring-site C-H out-of-plane bending / O-C-C bending / C-O-C bending,nu(C4-H15),bond,0.002712325044843276,-,-0.0010391726766688521,0.3428690238780344
12,388.25150658464423,,,mixed ring-site C-H out-of-plane bending / O-C-C bending / C-O-C bending,nu(C1-H12),bond,0.002512018913545722,-,-0.0010273418063387043,0.32490390949747744
12,388.25150658464423,,,mixed ring-site C-H out-of-plane bending / O-C-C bending / C-O-C bending,nu(C7-H17),bond,0.0018699295736004482,+,0.0008755158515820241,0.3330114592444899
12,388.25150658464423,,,mixed ring-site C-H out-of-plane bending / O-C-C bending / C-O-C bending,nu(C7-H16),bond,0.0015950962500053314,-,-0.0008016188575939771,0.3388542982866813
12,388.25150658464423,,,mixed ring-site C-H out-of-plane bending / O-C-C bending / C-O-C bending,nu(C1-H10),bond,0.000527650062473289,+,0.00046648647756650474,0.33100140032692144
12,388.25150658464423,,,mixed ring-site C-H out-of-plane bending / O-C-C bending / C-O-C bending,nu(C3-H13),bond,0.00037327340018099845,-,-0.0003951507690928758,0.32633475937097894
12,388.25150658464423,,,mixed ring-site C-H out-of-plane bending / O-C-C bending / C-O-C bending,"gamma(H16;C7,C8,H17)",oop,0.00017744899547459658,+,0.00036194397350577874,0.18490676504661133
12,388.25150658464423,,,mixed ring-site C-H out-of-plane bending / O-C-C bending / C-O-C bending,delta(C7-C8-O9),angle,6.388758201398554e-07,+,1.43196078163828e-05,0.42532034670863855
13,393.8229846331283,,,mixed mixed-phase cyclic C-C stretching / O-C-C bending / C-C-O bending,delta(O6-C5-C7),angle,19.38704658618584,+,0.05922865936500406,0.4338863468073931
13,393.8229846331283,,,mixed mixed-phase cyclic C-C stretching / O-C-C bending / C-C-O bending,delta(C7-C8-O9),angle,18.521811706363778,+,0.05847196925834581,0.42532034670863855
13,393.8229846331283,,,mixed mixed-phase cyclic C-C stretching / O-C-C bending / C-C-O bending,delta(C5-C7-C8),angle,12.092421627690904,-,-0.026443285130206867,1.3577212054820749
13,393.8229846331283,,,mixed mixed-phase cyclic C-C stretching / O-C-C bending / C-C-O bending,nu(C5-C7),bond,8.684574288457165,+,0.046366390446088604,0.3171539275239167
13,393.8229846331283,,,mixed mixed-phase cyclic C-C stretching / O-C-C bending / C-C-O bending,nu(C7-C8),bond,8.58051802587734,+,0.04782831225303847,0.2944906642672141
13,393.8229846331283,,,mixed mixed-phase cyclic C-C stretching / O-C-C bending / C-C-O bending,delta(C1-O2-C3),angle,5.467478542149811,+,0.03988643078676571,0.2698142431668865
13,393.8229846331283,,,mixed mixed-phase cyclic C-C stretching / O-C-C bending / C-C-O bending,nu(C3-C8),bond,4.241230751205632,-,-0.03477469181175506,0.2753553110419089
13,393.8229846331283,,,mixed mixed-phase cyclic C-C stretching / O-C-C bending / C-C-O bending,tau(H12-C1-O2-C3),dihedral,3.974471919125748,-,-0.04092749845130607,0.18628469149813526
13,393.8229846331283,,,mixed mixed-phase cyclic C-C stretching / O-C-C bending / C-C-O bending,tau(H11-C1-O2-C3),dihedral,3.242839416731382,-,-0.03747675743603924,0.18127151443851006
13,393.8229846331283,,,mixed mixed-phase cyclic C-C stretching / O-C-C bending / C-C-O bending,nu(C3-C4),bond,2.025966838687618,-,-0.02099501526442052,0.3608511373961394
13,393.8229846331283,,,mixed mixed-phase cyclic C-C stretching / O-C-C bending / C-C-O bending,tau(O2-C3-C8-C7),dihedral,1.879187126807064,-,-0.01821318830546132,0.4447604988167489
13,393.8229846331283,,,mixed mixed-phase cyclic C-C stretching / O-C-C bending / C-C-O bending,delta(C4-C3-C8),angle,1.5866937524161009,+,0.008648756145527034,1.6653822931266715
13,393.8229846331283,,,mixed mixed-phase cyclic C-C stretching / O-C-C bending / C-C-O bending,nu(C4-C5),bond,1.5466126217167013,-,-0.021217156115351195,0.2697337819721011
13,393.8229846331283,,,mixed mixed-phase cyclic C-C stretching / O-C-C bending / C-C-O bending,tau(C4-C5-C7-H16),dihedral,1.3029386073806,-,-0.02552768103339518,0.15697459052850737
13,393.8229846331283,,,mixed mixed-phase cyclic C-C stretching / O-C-C bending / C-C-O bending,tau(C3-C4-C5-O6),dihedral,1.1820678279526622,-,-0.033166330921316926,0.08436759585486936
13,393.8229846331283,,,mixed mixed-phase cyclic C-C stretching / O-C-C bending / C-C-O bending,delta(C8-C3-H13),angle,1.1336026580237204,-,-0.02012555947483281,0.21973187748757736
13,393.8229846331283,,,mixed mixed-phase cyclic C-C stretching / O-C-C bending / C-C-O bending,tau(H14-C4-C5-C7),dihedral,0.9159069047704608,-,-0.02015148749146033,0.1770782616507438
13,393.8229846331283,,,mixed mixed-phase cyclic C-C stretching / O-C-C bending / C-C-O bending,delta(C5-C7-H17),angle,0.9106741782125675,+,0.016936420951671975,0.24925729583022535
13,393.8229846331283,,,mixed mixed-phase cyclic C-C stretching / O-C-C bending / C-C-O bending,tau(H13-C3-C8-C7),dihedral,0.8977655338481526,-,-0.017806112713022453,0.2223068411147103
13,393.8229846331283,,,mixed mixed-phase cyclic C-C stretching / O-C-C bending / C-C-O bending,delta(C5-C4-H14),angle,0.441567387311342,-,-0.009991996297069752,0.34723268377330074
13,393.8229846331283,,,mixed mixed-phase cyclic C-C stretching / O-C-C bending / C-C-O bending,delta(O2-C3-C4),angle,0.4298919122003963,-,-0.006920780032044812,0.7046562659244109
13,393.8229846331283,,,mixed mixed-phase cyclic C-C stretching / O-C-C bending / C-C-O bending,delta(C8-C7-H17),angle,0.33647495923331544,+,0.011596605317428284,0.19643511781922787
13,393.8229846331283,,,mixed mixed-phase cyclic C-C stretching / O-C-C bending / C-C-O bending,delta(O2-C1-H11),angle,0.280040110832659,-,-0.009325677404815977,0.25280612971790234
13,393.8229846331283,,,mixed mixed-phase cyclic C-C stretching / O-C-C bending / C-C-O bending,delta(O2-C3-C8),angle,0.24600851577447283,+,0.007603349865122212,0.33409373107359736
13,393.8229846331283,,,mixed mixed-phase cyclic C-C stretching / O-C-C bending / C-C-O bending,"gamma(H16;C7,C8,H17)",oop,0.1474078847861721,+,0.007911303117534164,0.18490676504661133
13,393.8229846331283,,,mixed mixed-phase cyclic C-C stretching / O-C-C bending / C-C-O bending,tau(H15-C4-C5-C7),dihedral,0.10733341093045616,-,-0.004002375656706951,0.5260504175017567
13,393.8229846331283,,,mixed mixed-phase cyclic C-C stretching / O-C-C bending / C-C-O bending,delta(O2-C1-H10),angle,0.10324306081440243,+,0.004840334488717457,0.3459698539295735
13,393.8229846331283,,,mixed mixed-phase cyclic C-C stretching / O-C-C bending / C-C-O bending,delta(O2-C1-H12),angle,0.08052748450884699,+,0.004780325252541382,0.2766670087017801
13,393.8229846331283,,,mixed mixed-phase cyclic C-C stretching / O-C-C bending / C-C-O bending,tau(C1-O2-C3-C4),dihedral,0.06419106695192725,+,0.012466238165680361,0.032428875569921495
13,393.8229846331283,,,mixed mixed-phase cyclic C-C stretching / O-C-C bending / C-C-O bending,nu(O2-C3),bond,0.04151117932241093,-,-0.003211459633166507,0.31600086564110863
13,393.8229846331283,,,mixed mixed-phase cyclic C-C stretching / O-C-C bending / C-C-O bending,"gamma(H14;C4,C3,H15)",oop,0.03173807246272108,-,-0.003051921420680506,0.2675235310053796
13,393.8229846331283,,,mixed mixed-phase cyclic C-C stretching / O-C-C bending / C-C-O bending,tau(C5-C7-C8-O9),dihedral,0.030468525589822593,-,-0.005716336973996845,0.07320553682576925
13,393.8229846331283,,,mixed mixed-phase cyclic C-C stretching / O-C-C bending / C-C-O bending,nu(C5-O6),bond,0.027120169769745076,+,0.001573675041629556,0.8597861112169202
13,393.8229846331283,,,mixed mixed-phase cyclic C-C stretching / O-C-C bending / C-C-O bending,nu(C1-O2),bond,0.025906087159792215,-,-0.0025032195900970564,0.3245877010854186
13,393.8229846331283,,,mixed mixed-phase cyclic C-C stretching / O-C-C bending / C-C-O bending,nu(C8-O9),bond,0.008754180344913397,+,0.0008987570990035384,0.8508616649752963
13,393.8229846331283,,,mixed mixed-phase cyclic C-C stretching / O-C-C bending / C-C-O bending,delta(C3-C4-H15),angle,0.008681494968669925,-,-0.0011025349270890952,0.5607095340721711
13,393.8229846331283,,,mixed mixed-phase cyclic C-C stretching / O-C-C bending / C-C-O bending,delta(H10-C1-H12),angle,0.006540900141085881,+,0.0013287091513201732,0.2908746019881476
13,393.8229846331283,,,mixed mixed-phase cyclic C-C stretching / O-C-C bending / C-C-O bending,nu(C7-H16),bond,0.0039146197381272774,+,0.0009523626593399552,0.3388542982866813
13,393.8229846331283,,,mixed mixed-phase cyclic C-C stretching / O-C-C bending / C-C-O bending,nu(C7-H17),bond,0.0030071426287792444,-,-0.0008419988381059098,0.3330114592444899
13,393.8229846331283,,,mixed mixed-phase cyclic C-C stretching / O-C-C bending / C-C-O bending,nu(C1-H11),bond,0.0014397295326187326,+,0.0005726579538736604,0.3446818810517787
13,393.8229846331283,,,mixed mixed-phase cyclic C-C stretching / O-C-C bending / C-C-O bending,nu(C4-H15),bond,0.00029917441616855554,-,-0.00026173522095026923,0.3428690238780344
13,393.8229846331283,,,mixed mixed-phase cyclic C-C stretching / O-C-C bending / C-C-O bending,nu(C1-H10),bond,4.495622969252379e-05,+,0.00010326284661330567,0.33100140032692144
13,393.8229846331283,,,mixed mixed-phase cyclic C-C stretching / O-C-C bending / C-C-O bending,nu(C4-H14),bond,4.2093153795810456e-05,-,-0.00010007222799241102,0.32999887833147423
13,393.8229846331283,,,mixed mixed-phase cyclic C-C stretching / O-C-C bending / C-C-O bending,nu(C3-H13),bond,3.2457958165065876e-05,+,8.83675874552196e-05,0.32633475937097894
13,393.8229846331283,,,mixed mixed-phase cyclic C-C stretching / O-C-C bending / C-C-O bending,nu(C1-H12),bond,4.509636263947456e-06,-,-3.3010899337562846e-05,0.32490390949747744
14,439.680384772683,,,mixed ring-site C-H out-of-plane bending / ring-site C-H in-plane bending,tau(C4-C5-C7-H16),dihedral,28.613334103249297,-,-0.22494612985696022,0.15697459052850737
14,439.680384772683,,,mixed ring-site C-H out-of-plane bending / ring-site C-H in-plane bending,tau(H15-C4-C5-C7),dihedral,28.437603307345235,+,0.12250160622403354,0.5260504175017567
14,439.680384772683,,,mixed ring-site C-H out-of-plane bending / ring-site C-H in-plane bending,delta(C5-C7-H17),angle,10.731956559667879,+,0.10932625855401443,0.24925729583022535
14,439.680384772683,,,mixed ring-site C-H out-of-plane bending / ring-site C-H in-plane bending,tau(C3-C4-C5-O6),dihedral,8.839676985283429,-,-0.170545134183819,0.08436759585486936
14,439.680384772683,,,mixed ring-site C-H out-of-plane bending / ring-site C-H in-plane bending,tau(H14-C4-C5-C7),dihedral,8.380202259059534,+,0.11461820358010777,0.1770782616507438
14,439.680384772683,,,mixed ring-site C-H out-of-plane bending / ring-site C-H in-plane bending,delta(C5-C4-H14),angle,4.043923961310923,-,-0.05685912394563763,0.34723268377330074
14,439.680384772683,,,mixed ring-site C-H out-of-plane bending / ring-site C-H in-plane bending,delta(C8-C7-H17),angle,3.5810690842762583,+,0.07113867237623137,0.19643511781922787
14,439.680384772683,,,mixed ring-site C-H out-of-plane bending / ring-site C-H in-plane bending,delta(O2-C3-C8),angle,1.380612188060746,-,-0.03386964621947167,0.33409373107359736
14,439.680384772683,,,mixed ring-site C-H out-of-plane bending / ring-site C-H in-plane bending,"gamma(H16;C7,C8,H17)",oop,1.3596324422586419,-,-0.04517969878721802,0.18490676504661133
14,439.680384772683,,,mixed ring-site C-H out-of-plane bending / ring-site C-H in-plane bending,tau(H11-C1-O2-C3),dihedral,0.684842224054721,+,0.032384668442020974,0.18127151443851006
14,439.680384772683,,,mixed ring-site C-H out-of-plane bending / ring-site C-H in-plane bending,tau(H12-C1-O2-C3),dihedral,0.6612456943403274,+,0.031390759040660035,0.18628469149813526
14,439.680384772683,,,mixed ring-site C-H out-of-plane bending / ring-site C-H in-plane bending,delta(C3-C4-H15),angle,0.6417226296878713,+,0.017824349080211258,0.5607095340721711
14,439.680384772683,,,mixed ring-site C-H out-of-plane bending / ring-site C-H in-plane bending,delta(C7-C8-O9),angle,0.5476335682178253,-,-0.018905837602802185,0.42532034670863855
14,439.680384772683,,,mixed ring-site C-H out-of-plane bending / ring-site C-H in-plane bending,delta(O2-C3-C4),angle,0.4521728172473912,-,-0.013346658196173177,0.7046562659244109
14,439.680384772683,,,mixed ring-site C-H out-of-plane bending / ring-site C-H in-plane bending,delta(C8-C3-H13),angle,0.3983007414434809,+,0.022431999998959517,0.21973187748757736
14,439.680384772683,,,mixed ring-site C-H out-of-plane bending / ring-site C-H in-plane bending,tau(C5-C7-C8-O9),dihedral,0.22045553463974238,+,0.028913289885396338,0.07320553682576925
14,439.680384772683,,,mixed ring-site C-H out-of-plane bending / ring-site C-H in-plane bending,tau(O2-C3-C8-C7),dihedral,0.2121269601315468,+,0.011506514841780873,0.4447604988167489
14,439.680384772683,,,mixed ring-site C-H out-of-plane bending / ring-site C-H in-plane bending,nu(C3-C4),bond,0.17516506066018506,-,-0.011608301375389605,0.3608511373961394
14,439.680384772683,,,mixed ring-site C-H out-of-plane bending / ring-site C-H in-plane bending,nu(C3-C8),bond,0.11775674016941297,-,-0.010895699842453465,0.2753553110419089
14,439.680384772683,,,mixed ring-site C-H out-of-plane bending / ring-site C-H in-plane bending,delta(C4-C3-C8),angle,0.09421552187295285,-,-0.003962901061118677,1.6653822931266715
14,439.680384772683,,,mixed ring-site C-H out-of-plane bending / ring-site C-H in-plane bending,nu(C5-C7),bond,0.08040482247606191,-,-0.008389092322265732,0.3171539275239167
14,439.680384772683,,,mixed ring-site C-H out-of-plane bending / ring-site C-H in-plane bending,nu(C7-H17),bond,0.06635658375160944,-,-0.00743740433384674,0.3330114592444899
14,439.680384772683,,,mixed ring-site C-H out-of-plane bending / ring-site C-H in-plane bending,delta(C5-C7-C8),angle,0.0649319598528283,+,0.003643618741834716,1.3577212054820749
14,439.680384772683,,,mixed ring-site C-H out-of-plane bending / ring-site C-H in-plane bending,nu(O2-C3),bond,0.05800421963393477,-,-0.007138297273263584,0.31600086564110863
14,439.680384772683,,,mixed ring-site C-H out-of-plane bending / ring-site C-H in-plane bending,nu(C7-H16),bond,0.05031908287243921,+,0.006420499716262732,0.3388542982866813
14,439.680384772683,,,mixed ring-site C-H out-of-plane bending / ring-site C-H in-plane bending,nu(C1-O2),bond,0.027638698932510027,-,-0.0048618520600534005,0.3245877010854186
14,439.680384772683,,,mixed ring-site C-H out-of-plane bending / ring-site C-H in-plane bending,delta(O6-C5-C7),angle,0.023457599743616123,-,-0.0038740280934044225,0.4338863468073931
14,439.680384772683,,,mixed ring-site C-H out-of-plane bending / ring-site C-H in-plane bending,tau(H13-C3-C8-C7),dihedral,0.017872221150278745,+,0.0047241298155502875,0.2223068411147103
14,439.680384772683,,,mixed ring-site C-H out-of-plane bending / ring-site C-H in-plane bending,"gamma(H14;C4,C3,H15)",oop,0.013892820067316732,+,0.003796847758009656,0.2675235310053796
14,439.680384772683,,,mixed ring-site C-H out-of-plane bending / ring-site C-H in-plane bending,nu(C4-H14),bond,0.009896770285055095,+,0.0028853565344637597,0.32999887833147423
14,439.680384772683,,,mixed ring-site C-H out-of-plane bending / ring-site C-H in-plane bending,nu(C4-C5),bond,0.0038814342752107834,+,0.001998653090919863,0.2697337819721011
14,439.680384772683,,,mixed ring-site C-H out-of-plane bending / ring-site C-H in-plane bending,nu(C8-O9),bond,0.002597258547381858,-,-0.0009205281747737247,0.8508616649752963
14,439.680384772683,,,mixed ring-site C-H out-of-plane bending / ring-site C-H in-plane bending,delta(C1-O2-C3),angle,0.0023905268087811475,+,0.001568279066287668,0.2698142431668865
14,439.680384772683,,,mixed ring-site C-H out-of-plane bending / ring-site C-H in-plane bending,nu(C4-H15),bond,0.0020976428387393963,-,-0.0013031986411466126,0.3428690238780344
14,439.680384772683,,,mixed ring-site C-H out-of-plane bending / ring-site C-H in-plane bending,delta(O2-C1-H10),angle,0.0016435485605811049,+,0.0011483680821683425,0.3459698539295735
14,439.680384772683,,,mixed ring-site C-H out-of-plane bending / ring-site C-H in-plane bending,delta(O2-C1-H12),angle,0.0004043281488239288,-,-0.0006369381667272099,0.2766670087017801
14,439.680384772683,,,mixed ring-site C-H out-of-plane bending / ring-site C-H in-plane bending,nu(C1-H10),bond,0.00026275977370626084,+,0.00046943287024977636,0.33100140032692144
14,439.680384772683,,,mixed ring-site C-H out-of-plane bending / ring-site C-H in-plane bending,nu(C3-H13),bond,0.00011019168911569866,-,-0.0003061623091921863,0.32633475937097894
14,439.680384772683,,,mixed ring-site C-H out-of-plane bending / ring-site C-H in-plane bending,delta(O2-C1-H11),angle,8.44006835456183e-05,-,-0.00030443049517434197,0.25280612971790234
14,439.680384772683,,,mixed ring-site C-H out-of-plane bending / ring-site C-H in-plane bending,nu(C1-H12),bond,5.686531930059704e-05,-,-0.00022042215526745667,0.32490390949747744
14,439.680384772683,,,mixed ring-site C-H out-of-plane bending / ring-site C-H in-plane bending,delta(H10-C1-H12),angle,2.5587859256058572e-05,-,-0.00015626907725335175,0.2908746019881476
14,439.680384772683,,,mixed ring-site C-H out-of-plane bending / ring-site C-H in-plane bending,nu(C1-H11),bond,1.5670134004397643e-05,-,-0.00011234043471811734,0.3446818810517787
14,439.680384772683,,,mixed ring-site C-H out-of-plane bending / ring-site C-H in-plane bending,tau(C1-O2-C3-C4),dihedral,3.483986798998464e-06,+,0.00017269560188203043,0.032428875569921495
14,439.680384772683,,,mixed ring-site C-H out-of-plane bending / ring-site C-H in-plane bending,nu(C7-C8),bond,3.11398696843539e-06,+,5.41790769494627e-05,0.2944906642672141
14,439.680384772683,,,mixed ring-site C-H out-of-plane bending / ring-site C-H in-plane bending,nu(C5-O6),bond,2.564472978917948e-08,+,2.8774833750628845e-06,0.8597861112169202
15,505.23735860126544,,,mixed ring-site C-H out-of-plane bending / ring-site C-H in-plane bending,tau(H15-C4-C5-C7),dihedral,32.90221163797667,-,-0.1268851648603866,0.5260504175017567
15,505.23735860126544,,,mixed ring-site C-H out-of-plane bending / ring-site C-H in-plane bending,delta(O6-C5-C7),angle,9.32767251840988,-,-0.07438932881569728,0.4338863468073931
15,505.23735860126544,,,mixed ring-site C-H out-of-plane bending / ring-site C-H in-plane bending,delta(C8-C7-H17),angle,7.388070055003642,+,0.09839384314021643,0.19643511781922787
15,505.23735860126544,,,mixed ring-site C-H out-of-plane bending / ring-site C-H in-plane bending,tau(H14-C4-C5-C7),dihedral,6.671256315826012,-,-0.09847662949839314,0.1770782616507438
15,505.23735860126544,,,mixed ring-site C-H out-of-plane bending / ring-site C-H in-plane bending,delta(C5-C7-C8),angle,6.437973127375752,-,-0.034936650602702304,1.3577212054820749
15,505.23735860126544,,,mixed ring-site C-H out-of-plane bending / ring-site C-H in-plane bending,tau(C4-C5-C7-H16),dihedral,6.187942151243929,-,-0.1007326897042041,0.15697459052850737
15,505.23735860126544,,,mixed ring-site C-H out-of-plane bending / ring-site C-H in-plane bending,delta(C5-C4-H14),angle,5.22321994237058,+,0.06222585113643826,0.34723268377330074
15,505.23735860126544,,,mixed ring-site C-H out-of-plane bending / ring-site C-H in-plane bending,delta(C4-C3-C8),angle,4.799317768697744,+,0.027236090522975324,1.6653822931266715
15,505.23735860126544,,,mixed ring-site C-H out-of-plane bending / ring-site C-H in-plane bending,nu(C3-C8),bond,4.374434440355075,-,-0.06394788931896783,0.2753553110419089
15,505.23735860126544,,,mixed ring-site C-H out-of-plane bending / ring-site C-H in-plane bending,tau(C5-C7-C8-O9),dihedral,3.7216099670789857,-,-0.11439458063417568,0.07320553682576925
15,505.23735860126544,,,mixed ring-site C-H out-of-plane bending / ring-site C-H in-plane bending,delta(C3-C4-H15),angle,2.1084013043124137,-,-0.031111407195154605,0.5607095340721711
15,505.23735860126544,,,mixed ring-site C-H out-of-plane bending / ring-site C-H in-plane bending,delta(C7-C8-O9),angle,2.0734439870241084,+,0.03542420084372733,0.42532034670863855
15,505.23735860126544,,,mixed ring-site C-H out-of-plane bending / ring-site C-H in-plane bending,delta(O2-C3-C8),angle,1.5583731682364297,-,-0.034650823071986116,0.33409373107359736
15,505.23735860126544,,,mixed ring-site C-H out-of-plane bending / ring-site C-H in-plane bending,tau(O2-C3-C8-C7),dihedral,1.2806430267670863,-,-0.027224689013596138,0.4447604988167489
15,505.23735860126544,,,mixed ring-site C-H out-of-plane bending / ring-site C-H in-plane bending,"gamma(H14;C4,C3,H15)",oop,1.215445366521576,-,-0.03419784302680389,0.2675235310053796
15,505.23735860126544,,,mixed ring-site C-H out-of-plane bending / ring-site C-H in-plane bending,nu(C4-C5),bond,1.0078697421173393,+,0.031013195727727205,0.2697337819721011
15,505.23735860126544,,,mixed ring-site C-H out-of-plane bending / ring-site C-H in-plane bending,nu(C7-C8),bond,0.9434952106847341,-,-0.028717463085088997,0.2944906642672141
15,505.23735860126544,,,mixed ring-site C-H out-of-plane bending / ring-site C-H in-plane bending,nu(C5-C7),bond,0.5240792381945255,-,-0.02062411957227802,0.3171539275239167
15,505.23735860126544,,,mixed ring-site C-H out-of-plane bending / ring-site C-H in-plane bending,delta(C8-C3-H13),angle,0.3754045604913068,-,-0.020970810999088183,0.21973187748757736
15,505.23735860126544,,,mixed ring-site C-H out-of-plane bending / ring-site C-H in-plane bending,tau(C1-O2-C3-C4),dihedral,0.32098022547691774,-,-0.050476028982988135,0.032428875569921495
15,505.23735860126544,,,mixed ring-site C-H out-of-plane bending / ring-site C-H in-plane bending,delta(C5-C7-H17),angle,0.30299660042299587,+,0.017689148411784063,0.24925729583022535
15,505.23735860126544,,,mixed ring-site C-H out-of-plane bending / ring-site C-H in-plane bending,tau(C3-C4-C5-O6),dihedral,0.29836241039241307,+,0.030171451510722418,0.08436759585486936
15,505.23735860126544,,,mixed ring-site C-H out-of-plane bending / ring-site C-H in-plane bending,nu(C5-O6),bond,0.17173222239471161,-,-0.007170388216813124,0.8597861112169202
15,505.23735860126544,,,mixed ring-site C-H out-of-plane bending / ring-site C-H in-plane bending,delta(C1-O2-C3),angle,0.1694381751698185,+,0.012714087153756954,0.2698142431668865
15,505.23735860126544,,,mixed ring-site C-H out-of-plane bending / ring-site C-H in-plane bending,delta(O2-C3-C4),angle,0.16104998593567002,-,-0.007670146761648436,0.7046562659244109
15,505.23735860126544,,,mixed ring-site C-H out-of-plane bending / ring-site C-H in-plane bending,nu(C8-O9),bond,0.11957131278740497,-,-0.00601445122708905,0.8508616649752963
15,505.23735860126544,,,mixed ring-site C-H out-of-plane bending / ring-site C-H in-plane bending,delta(O2-C1-H10),angle,0.048289905484818985,+,0.005994059310215803,0.3459698539295735
15,505.23735860126544,,,mixed ring-site C-H out-of-plane bending / ring-site C-H in-plane bending,nu(C1-O2),bond,0.03902067340898759,-,-0.005562798608560733,0.3245877010854186
15,505.23735860126544,,,mixed ring-site C-H out-of-plane bending / ring-site C-H in-plane bending,nu(O2-C3),bond,0.03843016961990089,-,-0.005595050384946027,0.31600086564110863
15,505.23735860126544,,,mixed ring-site C-H out-of-plane bending / ring-site C-H in-plane bending,nu(C4-H14),bond,0.03233582302384708,-,-0.005022242918708462,0.32999887833147423
15,505.23735860126544,,,mixed ring-site C-H out-of-plane bending / ring-site C-H in-plane bending,nu(C7-H17),bond,0.03220491472382568,-,-0.0049893443067307005,0.3330114592444899
15,505.23735860126544,,,mixed ring-site C-H out-of-plane bending / ring-site C-H in-plane bending,tau(H13-C3-C8-C7),dihedral,0.030042506419925126,-,-0.005897984879822116,0.2223068411147103
15,505.23735860126544,,,mixed ring-site C-H out-of-plane bending / ring-site C-H in-plane bending,nu(C3-C4),bond,0.02862936596061805,-,-0.00451911936943384,0.3608511373961394
15,505.23735860126544,,,mixed ring-site C-H out-of-plane bending / ring-site C-H in-plane bending,delta(O2-C1-H11),angle,0.027924135821393605,-,-0.005332219984063589,0.25280612971790234
15,505.23735860126544,,,mixed ring-site C-H out-of-plane bending / ring-site C-H in-plane bending,"gamma(H16;C7,C8,H17)",oop,0.02545922344563864,+,0.005953305417110569,0.18490676504661133
15,505.23735860126544,,,mixed ring-site C-H out-of-plane bending / ring-site C-H in-plane bending,tau(H12-C1-O2-C3),dihedral,0.012821553882804551,-,-0.0042091435253208504,0.18628469149813526
15,505.23735860126544,,,mixed ring-site C-H out-of-plane bending / ring-site C-H in-plane bending,nu(C7-H16),bond,0.012378644413220799,+,0.003066493381494415,0.3388542982866813
15,505.23735860126544,,,mixed ring-site C-H out-of-plane bending / ring-site C-H in-plane bending,nu(C4-H15),bond,0.005587524145852038,+,0.0020481302324920564,0.3428690238780344
15,505.23735860126544,,,mixed ring-site C-H out-of-plane bending / ring-site C-H in-plane bending,nu(C3-H13),bond,0.0011616739515228748,-,-0.0009572435428347326,0.32633475937097894
15,505.23735860126544,,,mixed ring-site C-H out-of-plane bending / ring-site C-H in-plane bending,nu(C1-H10),bond,0.00035207088470338017,+,0.0005232534826303945,0.33100140032692144
15,505.23735860126544,,,mixed ring-site C-H out-of-plane bending / ring-site C-H in-plane bending,tau(H11-C1-O2-C3),dihedral,0.0002505854831400851,-,-0.0005965202067914503,0.18127151443851006
15,505.23735860126544,,,mixed ring-site C-H out-of-plane bending / ring-site C-H in-plane bending,delta(O2-C1-H12),angle,4.7969175704752134e-05,-,-0.0002112586148159337,0.2766670087017801
15,505.23735860126544,,,mixed ring-site C-H out-of-plane bending / ring-site C-H in-plane bending,nu(C1-H11),bond,4.693775375382604e-05,+,0.00018722503103127392,0.3446818810517787
15,505.23735860126544,,,mixed ring-site C-H out-of-plane bending / ring-site C-H in-plane bending,nu(C1-H12),bond,2.1750744074793215e-05,-,-0.00013127184159381167,0.32490390949747744
15,505.23735860126544,,,mixed ring-site C-H out-of-plane bending / ring-site C-H in-plane bending,delta(H10-C1-H12),angle,1.1038855596351267e-07,-,-9.883735448259686e-06,0.2908746019881476
16,556.4871306826283,,,mixed cyclic-ring deformation (C-C-C bend) / O-C-C bending / C-C-O bending,delta(C7-C8-O9),angle,20.211055180773418,-,-0.10111817249008775,0.42532034670863855
16,556.4871306826283,,,mixed cyclic-ring deformation (C-C-C bend) / O-C-C bending / C-C-O bending,delta(C5-C7-C8),angle,12.444287456328329,-,-0.04440915548897182,1.3577212054820749
16,556.4871306826283,,,mixed cyclic-ring deformation (C-C-C bend) / O-C-C bending / C-C-O bending,delta(C4-C3-C8),angle,12.344015433588384,-,-0.0399359531649378,1.6653822931266715
16,556.4871306826283,,,mixed cyclic-ring deformation (C-C-C bend) / O-C-C bending / C-C-O bending,delta(O6-C5-C7),angle,10.878241622652755,+,0.0734487072050216,0.4338863468073931
16,556.4871306826283,,,mixed cyclic-ring deformation (C-C-C bend) / O-C-C bending / C-C-O bending,delta(O2-C3-C8),angle,6.4098628193193745,-,-0.06425146018533397,0.33409373107359736
16,556.4871306826283,,,mixed cyclic-ring deformation (C-C-C bend) / O-C-C bending / C-C-O bending,tau(C4-C5-C7-H16),dihedral,6.271225259308404,-,-0.092715921399127,0.15697459052850737
16,556.4871306826283,,,mixed cyclic-ring deformation (C-C-C bend) / O-C-C bending / C-C-O bending,delta(O2-C3-C4),angle,3.9747988068100852,+,0.03483868179336477,0.7046562659244109
16,556.4871306826283,,,mixed cyclic-ring deformation (C-C-C bend) / O-C-C bending / C-C-O bending,delta(C5-C7-H17),angle,2.905903681647214,+,0.05008520616155584,0.24925729583022535
16,556.4871306826283,,,mixed cyclic-ring deformation (C-C-C bend) / O-C-C bending / C-C-O bending,tau(H11-C1-O2-C3),dihedral,2.7992029394061015,+,0.05764281863701056,0.18127151443851006
16,556.4871306826283,,,mixed cyclic-ring deformation (C-C-C bend) / O-C-C bending / C-C-O bending,tau(H12-C1-O2-C3),dihedral,2.3711974765137884,+,0.052334499639666375,0.18628469149813526
16,556.4871306826283,,,mixed cyclic-ring deformation (C-C-C bend) / O-C-C bending / C-C-O bending,tau(H14-C4-C5-C7),dihedral,2.338211797132906,-,-0.053303054463504966,0.1770782616507438
16,556.4871306826283,,,mixed cyclic-ring deformation (C-C-C bend) / O-C-C bending / C-C-O bending,tau(H15-C4-C5-C7),dihedral,2.2796958955940334,-,-0.030536381417294072,0.5260504175017567
16,556.4871306826283,,,mixed cyclic-ring deformation (C-C-C bend) / O-C-C bending / C-C-O bending,delta(C8-C7-H17),angle,1.9672679931016324,+,0.04642105378372886,0.19643511781922787
16,556.4871306826283,,,mixed cyclic-ring deformation (C-C-C bend) / O-C-C bending / C-C-O bending,delta(C8-C3-H13),angle,1.6587658590332313,+,0.04030313307058559,0.21973187748757736
16,556.4871306826283,,,mixed cyclic-ring deformation (C-C-C bend) / O-C-C bending / C-C-O bending,"gamma(H16;C7,C8,H17)",oop,1.64026783060816,-,-0.04368916869158913,0.18490676504661133
16,556.4871306826283,,,mixed cyclic-ring deformation (C-C-C bend) / O-C-C bending / C-C-O bending,nu(C4-C5),bond,1.362469093013391,-,-0.0329676853463833,0.2697337819721011
16,556.4871306826283,,,mixed cyclic-ring deformation (C-C-C bend) / O-C-C bending / C-C-O bending,delta(C1-O2-C3),angle,1.153463076958591,+,0.030329287668397893,0.2698142431668865
16,556.4871306826283,,,mixed cyclic-ring deformation (C-C-C bend) / O-C-C bending / C-C-O bending,delta(C5-C4-H14),angle,1.1146999954720507,+,0.02628218687143459,0.34723268377330074
16,556.4871306826283,,,mixed cyclic-ring deformation (C-C-C bend) / O-C-C bending / C-C-O bending,nu(C5-C7),bond,0.9678025575073848,-,-0.02562424826863839,0.3171539275239167
16,556.4871306826283,,,mixed cyclic-ring deformation (C-C-C bend) / O-C-C bending / C-C-O bending,nu(C7-C8),bond,0.9447508089405648,-,-0.02627336311635934,0.2944906642672141
16,556.4871306826283,,,mixed cyclic-ring deformation (C-C-C bend) / O-C-C bending / C-C-O bending,delta(C3-C4-H15),angle,0.7996608101451652,+,0.017517685846346914,0.5607095340721711
16,556.4871306826283,,,mixed cyclic-ring deformation (C-C-C bend) / O-C-C bending / C-C-O bending,tau(C3-C4-C5-O6),dihedral,0.7468670521050376,+,0.04364420745412872,0.08436759585486936
16,556.4871306826283,,,mixed cyclic-ring deformation (C-C-C bend) / O-C-C bending / C-C-O bending,nu(C8-O9),bond,0.5184875044848274,-,-0.011450711328755022,0.8508616649752963
16,556.4871306826283,,,mixed cyclic-ring deformation (C-C-C bend) / O-C-C bending / C-C-O bending,"gamma(H14;C4,C3,H15)",oop,0.46843941840679554,-,-0.019410580344481013,0.2675235310053796
16,556.4871306826283,,,mixed cyclic-ring deformation (C-C-C bend) / O-C-C bending / C-C-O bending,tau(C5-C7-C8-O9),dihedral,0.338140422992126,-,-0.03152603683545077,0.07320553682576925
16,556.4871306826283,,,mixed cyclic-ring deformation (C-C-C bend) / O-C-C bending / C-C-O bending,nu(C5-O6),bond,0.20090889582236143,-,-0.007090831551099503,0.8597861112169202
16,556.4871306826283,,,mixed cyclic-ring deformation (C-C-C bend) / O-C-C bending / C-C-O bending,nu(C1-O2),bond,0.15140721832200052,+,0.010018438995547468,0.3245877010854186
16,556.4871306826283,,,mixed cyclic-ring deformation (C-C-C bend) / O-C-C bending / C-C-O bending,tau(C1-O2-C3-C4),dihedral,0.14893281297336697,+,0.03143562133373587,0.032428875569921495
16,556.4871306826283,,,mixed cyclic-ring deformation (C-C-C bend) / O-C-C bending / C-C-O bending,tau(O2-C3-C8-C7),dihedral,0.13401785623823262,-,-0.008052134613840916,0.4447604988167489
16,556.4871306826283,,,mixed cyclic-ring deformation (C-C-C bend) / O-C-C bending / C-C-O bending,delta(O2-C1-H11),angle,0.13331567561012622,-,-0.010652207230051834,0.25280612971790234
16,556.4871306826283,,,mixed cyclic-ring deformation (C-C-C bend) / O-C-C bending / C-C-O bending,nu(C3-C4),bond,0.11512189754229046,-,-0.008285290268169642,0.3608511373961394
16,556.4871306826283,,,mixed cyclic-ring deformation (C-C-C bend) / O-C-C bending / C-C-O bending,nu(O2-C3),bond,0.08816145058718726,+,0.0077479716906003705,0.31600086564110863
16,556.4871306826283,,,mixed cyclic-ring deformation (C-C-C bend) / O-C-C bending / C-C-O bending,tau(H13-C3-C8-C7),dihedral,0.024147382775785896,-,-0.004834498358982276,0.2223068411147103
16,556.4871306826283,,,mixed cyclic-ring deformation (C-C-C bend) / O-C-C bending / C-C-O bending,nu(C7-H17),bond,0.021781656565959623,-,-0.003751532055407907,0.3330114592444899
16,556.4871306826283,,,mixed cyclic-ring deformation (C-C-C bend) / O-C-C bending / C-C-O bending,delta(O2-C1-H12),angle,0.0203343847248577,+,0.003976762258662543,0.2766670087017801
16,556.4871306826283,,,mixed cyclic-ring deformation (C-C-C bend) / O-C-C bending / C-C-O bending,delta(O2-C1-H10),angle,0.017252181975740515,+,0.003275636364768556,0.3459698539295735
16,556.4871306826283,,,mixed cyclic-ring deformation (C-C-C bend) / O-C-C bending / C-C-O bending,delta(H10-C1-H12),angle,0.012581875312986357,+,0.003050791903843538,0.2908746019881476
16,556.4871306826283,,,mixed cyclic-ring deformation (C-C-C bend) / O-C-C bending / C-C-O bending,nu(C7-H16),bond,0.006517838250532717,+,0.0020344081526825117,0.3388542982866813
16,556.4871306826283,,,mixed cyclic-ring deformation (C-C-C bend) / O-C-C bending / C-C-O bending,nu(C3-H13),bond,0.005550221170402167,-,-0.0019130057486044132,0.32633475937097894
16,556.4871306826283,,,mixed cyclic-ring deformation (C-C-C bend) / O-C-C bending / C-C-O bending,nu(C3-C8),bond,0.0042846849503069525,+,0.0018298079745714098,0.2753553110419089
16,556.4871306826283,,,mixed cyclic-ring deformation (C-C-C bend) / O-C-C bending / C-C-O bending,nu(C4-H14),bond,0.004115666531567509,-,-0.0016381612755626282,0.32999887833147423
16,556.4871306826283,,,mixed cyclic-ring deformation (C-C-C bend) / O-C-C bending / C-C-O bending,nu(C1-H12),bond,0.0014894753956707463,-,-0.0009931892173239212,0.32490390949747744
16,556.4871306826283,,,mixed cyclic-ring deformation (C-C-C bend) / O-C-C bending / C-C-O bending,nu(C4-H15),bond,0.0006846890863164733,+,0.0006555040433808654,0.3428690238780344
16,556.4871306826283,,,mixed cyclic-ring deformation (C-C-C bend) / O-C-C bending / C-C-O bending,nu(C1-H10),bond,0.00046821702531312675,+,0.0005516980931589334,0.33100140032692144
16,556.4871306826283,,,mixed cyclic-ring deformation (C-C-C bend) / O-C-C bending / C-C-O bending,nu(C1-H11),bond,0.00014512729525704884,+,0.0003009941959563259,0.3446818810517787
17,595.192093240433,,,mixed ring-site C-H out-of-plane bending / cyclic-ring deformation (C-C-C bend),tau(H15-C4-C5-C7),dihedral,20.574780296656797,-,-0.11130002074152466,0.5260504175017567
17,595.192093240433,,,mixed ring-site C-H out-of-plane bending / cyclic-ring deformation (C-C-C bend),delta(C5-C7-C8),angle,17.821697368105756,+,0.06447785164373933,1.3577212054820749
17,595.192093240433,,,mixed ring-site C-H out-of-plane bending / cyclic-ring deformation (C-C-C bend),tau(C4-C5-C7-H16),dihedral,6.461481805262255,-,-0.11418070240347944,0.15697459052850737
17,595.192093240433,,,mixed ring-site C-H out-of-plane bending / cyclic-ring deformation (C-C-C bend),tau(H14-C4-C5-C7),dihedral,6.257513493736698,-,-0.10579364958057827,0.1770782616507438
17,595.192093240433,,,mixed ring-site C-H out-of-plane bending / cyclic-ring deformation (C-C-C bend),delta(C4-C3-C8),angle,5.592927209924311,+,0.03261399040314457,1.6653822931266715
17,595.192093240433,,,mixed ring-site C-H out-of-plane bending / cyclic-ring deformation (C-C-C bend),"gamma(H16;C7,C8,H17)",oop,5.008662955513018,-,-0.09262449017616822,0.18490676504661133
17,595.192093240433,,,mixed ring-site C-H out-of-plane bending / cyclic-ring deformation (C-C-C bend),delta(C8-C7-H17),angle,4.8994315249997396,+,0.08888011486397324,0.19643511781922787
17,595.192093240433,,,mixed ring-site C-H out-of-plane bending / cyclic-ring deformation (C-C-C bend),delta(C3-C4-H15),angle,4.801292397638353,-,-0.05207765667066306,0.5607095340721711
17,595.192093240433,,,mixed ring-site C-H out-of-plane bending / cyclic-ring deformation (C-C-C bend),tau(C5-C7-C8-O9),dihedral,4.537111467215634,-,-0.14010675888295365,0.07320553682576925
17,595.192093240433,,,mixed ring-site C-H out-of-plane bending / cyclic-ring deformation (C-C-C bend),nu(C3-C4),bond,3.95973402137857,+,0.05895359520688728,0.3608511373961394
17,595.192093240433,,,mixed ring-site C-H out-of-plane bending / cyclic-ring deformation (C-C-C bend),delta(C5-C4-H14),angle,3.5562470272744626,+,0.056954361665425994,0.34723268377330074
17,595.192093240433,,,mixed ring-site C-H out-of-plane bending / cyclic-ring deformation (C-C-C bend),delta(O2-C3-C8),angle,3.3366989853095386,-,-0.05624263743098891,0.33409373107359736
17,595.192093240433,,,mixed ring-site C-H out-of-plane bending / cyclic-ring deformation (C-C-C bend),tau(O2-C3-C8-C7),dihedral,2.466931271592547,-,-0.041913772104420065,0.4447604988167489
17,595.192093240433,,,mixed ring-site C-H out-of-plane bending / cyclic-ring deformation (C-C-C bend),nu(C5-C7),bond,2.4100375954577253,+,0.049058943198516565,0.3171539275239167
17,595.192093240433,,,mixed ring-site C-H out-of-plane bending / cyclic-ring deformation (C-C-C bend),delta(O6-C5-C7),angle,1.6404636905791372,+,0.034604824089430226,0.4338863468073931
17,595.192093240433,,,mixed ring-site C-H out-of-plane bending / cyclic-ring deformation (C-C-C bend),nu(C7-C8),bond,1.4682932683624461,+,0.0397385452966779,0.2944906642672141
17,595.192093240433,,,mixed ring-site C-H out-of-plane bending / cyclic-ring deformation (C-C-C bend),delta(C8-C3-H13),angle,0.8326191086160388,+,0.034643198356962404,0.21973187748757736
17,595.192093240433,,,mixed ring-site C-H out-of-plane bending / cyclic-ring deformation (C-C-C bend),tau(C3-C4-C5-O6),dihedral,0.6818704667959131,+,0.05059463071886251,0.08436759585486936
17,595.192093240433,,,mixed ring-site C-H out-of-plane bending / cyclic-ring deformation (C-C-C bend),nu(C5-O6),bond,0.6715358288206499,+,0.015728261044237093,0.8597861112169202
17,595.192093240433,,,mixed ring-site C-H out-of-plane bending / cyclic-ring deformation (C-C-C bend),tau(H13-C3-C8-C7),dihedral,0.6277361291542248,-,-0.02990566579431137,0.2223068411147103
17,595.192093240433,,,mixed ring-site C-H out-of-plane bending / cyclic-ring deformation (C-C-C bend),nu(C8-O9),bond,0.5628498084942237,+,0.014474651279680466,0.8508616649752963
17,595.192093240433,,,mixed ring-site C-H out-of-plane bending / cyclic-ring deformation (C-C-C bend),delta(C5-C7-H17),angle,0.5063828676128797,+,0.02536628626399774,0.24925729583022535
17,595.192093240433,,,mixed ring-site C-H out-of-plane bending / cyclic-ring deformation (C-C-C bend),delta(C7-C8-O9),angle,0.26521964849852997,-,-0.014053551672610824,0.42532034670863855
17,595.192093240433,,,mixed ring-site C-H out-of-plane bending / cyclic-ring deformation (C-C-C bend),nu(C4-C5),bond,0.25770930817877585,+,0.017395571791616944,0.2697337819721011
17,595.192093240433,,,mixed ring-site C-H out-of-plane bending / cyclic-ring deformation (C-C-C bend),tau(H11-C1-O2-C3),dihedral,0.226224630617228,+,0.01988137830624133,0.18127151443851006
17,595.192093240433,,,mixed ring-site C-H out-of-plane bending / cyclic-ring deformation (C-C-C bend),tau(H12-C1-O2-C3),dihedral,0.21301606523775718,+,0.019030882268139076,0.18628469149813526
17,595.192093240433,,,mixed ring-site C-H out-of-plane bending / cyclic-ring deformation (C-C-C bend),"gamma(H14;C4,C3,H15)",oop,0.11506621745933046,+,0.011671703629674457,0.2675235310053796
17,595.192093240433,,,mixed ring-site C-H out-of-plane bending / cyclic-ring deformation (C-C-C bend),nu(O2-C3),bond,0.07684803758406332,+,0.008776342867287013,0.31600086564110863
17,595.192093240433,,,mixed ring-site C-H out-of-plane bending / cyclic-ring deformation (C-C-C bend),nu(C1-O2),bond,0.04085896046375618,+,0.006314209007370784,0.3245877010854186
17,595.192093240433,,,mixed ring-site C-H out-of-plane bending / cyclic-ring deformation (C-C-C bend),nu(C7-H16),bond,0.028694888441915707,+,0.005178894902042158,0.3388542982866813
17,595.192093240433,,,mixed ring-site C-H out-of-plane bending / cyclic-ring deformation (C-C-C bend),nu(C7-H17),bond,0.026294323195678117,-,-0.005000837425811243,0.3330114592444899
17,595.192093240433,,,mixed ring-site C-H out-of-plane bending / cyclic-ring deformation (C-C-C bend),delta(C1-O2-C3),angle,0.016092671073942754,-,-0.00434633260948626,0.2698142431668865
17,595.192093240433,,,mixed ring-site C-H out-of-plane bending / cyclic-ring deformation (C-C-C bend),delta(O2-C3-C4),angle,0.014390996617778016,+,0.002543302999083322,0.7046562659244109
17,595.192093240433,,,mixed ring-site C-H out-of-plane bending / cyclic-ring deformation (C-C-C bend),nu(C3-C8),bond,0.013880835841720156,-,-0.003995787713843555,0.2753553110419089
17,595.192093240433,,,mixed ring-site C-H out-of-plane bending / cyclic-ring deformation (C-C-C bend),nu(C4-H15),bond,0.012873488585667692,+,0.0034484610695592914,0.3428690238780344
17,595.192093240433,,,mixed ring-site C-H out-of-plane bending / cyclic-ring deformation (C-C-C bend),nu(C4-H14),bond,0.008303417409919526,-,-0.0028230172387894784,0.32999887833147423
17,595.192093240433,,,mixed ring-site C-H out-of-plane bending / cyclic-ring deformation (C-C-C bend),delta(O2-C1-H10),angle,0.005126215702832209,+,0.002166310157688348,0.3459698539295735
17,595.192093240433,,,mixed ring-site C-H out-of-plane bending / cyclic-ring deformation (C-C-C bend),delta(O2-C1-H11),angle,0.002324816700340003,-,-0.0017066398621302418,0.25280612971790234
17,595.192093240433,,,mixed ring-site C-H out-of-plane bending / cyclic-ring deformation (C-C-C bend),nu(C1-H12),bond,0.00030418169373737093,-,-0.0005445407625808282,0.32490390949747744
17,595.192093240433,,,mixed ring-site C-H out-of-plane bending / cyclic-ring deformation (C-C-C bend),nu(C3-H13),bond,0.00023664920012562253,+,0.00047925006436840895,0.32633475937097894
17,595.192093240433,,,mixed ring-site C-H out-of-plane bending / cyclic-ring deformation (C-C-C bend),nu(C1-H10),bond,0.0001571292798673104,+,0.00038775282572411695,0.33100140032692144
17,595.192093240433,,,mixed ring-site C-H out-of-plane bending / cyclic-ring deformation (C-C-C bend),nu(C1-H11),bond,6.519382609615159e-05,-,-0.0002447571201205499,0.3446818810517787
17,595.192093240433,,,mixed ring-site C-H out-of-plane bending / cyclic-ring deformation (C-C-C bend),tau(C1-O2-C3-C4),dihedral,1.0437676417072016e-05,-,-0.00031928410332447504,0.032428875569921495
17,595.192093240433,,,mixed ring-site C-H out-of-plane bending / cyclic-ring deformation (C-C-C bend),delta(O2-C1-H12),angle,1.6737047768225346e-06,-,-4.3772572167811916e-05,0.2766670087017801
17,595.192093240433,,,mixed ring-site C-H out-of-plane bending / cyclic-ring deformation (C-C-C bend),delta(H10-C1-H12),angle,1.6245088068534975e-06,+,4.205808175836422e-05,0.2908746019881476
18,686.596236605979,,,mixed mixed-phase cyclic C-C stretching / cyclic-ring deformation (C-C-C bend) / O-C-C bending,delta(C4-C3-C8),angle,21.956053680168502,-,-0.056251356819902495,1.6653822931266715
18,686.596236605979,,,mixed mixed-phase cyclic C-C stretching / cyclic-ring deformation (C-C-C bend) / O-C-C bending,nu(C3-C8),bond,16.4141873539426,-,-0.11961228753169911,0.2753553110419089
18,686.596236605979,,,mixed mixed-phase cyclic C-C stretching / cyclic-ring deformation (C-C-C bend) / O-C-C bending,delta(O2-C3-C4),angle,8.15264320156782,-,-0.052695483144076224,0.7046562659244109
18,686.596236605979,,,mixed mixed-phase cyclic C-C stretching / cyclic-ring deformation (C-C-C bend) / O-C-C bending,delta(C3-C4-H15),angle,7.195938010493986,-,-0.05549930801031088,0.5607095340721711
18,686.596236605979,,,mixed mixed-phase cyclic C-C stretching / cyclic-ring deformation (C-C-C bend) / O-C-C bending,delta(C7-C8-O9),angle,7.1710005225124895,-,-0.06361281717311831,0.42532034670863855
18,686.596236605979,,,mixed mixed-phase cyclic C-C stretching / cyclic-ring deformation (C-C-C bend) / O-C-C bending,delta(O6-C5-C7),angle,6.70484388307996,+,0.06090026392032436,0.4338863468073931
18,686.596236605979,,,mixed mixed-phase cyclic C-C stretching / cyclic-ring deformation (C-C-C bend) / O-C-C bending,tau(O2-C3-C8-C7),dihedral,5.079014946797396,+,0.05235274681634241,0.4447604988167489
18,686.596236605979,,,mixed mixed-phase cyclic C-C stretching / cyclic-ring deformation (C-C-C bend) / O-C-C bending,nu(C4-C5),bond,4.2511638362771755,+,0.061503393964760227,0.2697337819721011
18,686.596236605979,,,mixed mixed-phase cyclic C-C stretching / cyclic-ring deformation (C-C-C bend) / O-C-C bending,delta(C8-C7-H17),angle,2.316917250076431,-,-0.05320574485483355,0.19643511781922787
18,686.596236605979,,,mixed mixed-phase cyclic C-C stretching / cyclic-ring deformation (C-C-C bend) / O-C-C bending,"gamma(H16;C7,C8,H17)",oop,2.1632533109703407,-,-0.052989536412622926,0.18490676504661133
18,686.596236605979,,,mixed mixed-phase cyclic C-C stretching / cyclic-ring deformation (C-C-C bend) / O-C-C bending,delta(C1-O2-C3),angle,2.103265919009568,-,-0.04325412074289961,0.2698142431668865
18,686.596236605979,,,mixed mixed-phase cyclic C-C stretching / cyclic-ring deformation (C-C-C bend) / O-C-C bending,nu(C3-C4),bond,1.9267274656103328,-,-0.0357980142608746,0.3608511373961394
18,686.596236605979,,,mixed mixed-phase cyclic C-C stretching / cyclic-ring deformation (C-C-C bend) / O-C-C bending,"gamma(H14;C4,C3,H15)",oop,1.8708827237690115,+,0.040968977040131256,0.2675235310053796
18,686.596236605979,,,mixed mixed-phase cyclic C-C stretching / cyclic-ring deformation (C-C-C bend) / O-C-C bending,nu(C1-O2),bond,1.6040121506138614,-,-0.03443900763616909,0.3245877010854186
18,686.596236605979,,,mixed mixed-phase cyclic C-C stretching / cyclic-ring deformation (C-C-C bend) / O-C-C bending,delta(C5-C7-C8),angle,1.5443731873107638,+,0.016522800449238793,1.3577212054820749
18,686.596236605979,,,mixed mixed-phase cyclic C-C stretching / cyclic-ring deformation (C-C-C bend) / O-C-C bending,tau(H14-C4-C5-C7),dihedral,1.5270555134019383,-,-0.045494366247050354,0.1770782616507438
18,686.596236605979,,,mixed mixed-phase cyclic C-C stretching / cyclic-ring deformation (C-C-C bend) / O-C-C bending,tau(H15-C4-C5-C7),dihedral,1.4826832864900512,-,-0.026008981336121607,0.5260504175017567
18,686.596236605979,,,mixed mixed-phase cyclic C-C stretching / cyclic-ring deformation (C-C-C bend) / O-C-C bending,nu(O2-C3),bond,1.188456362989901,-,-0.030044177268188893,0.31600086564110863
18,686.596236605979,,,mixed mixed-phase cyclic C-C stretching / cyclic-ring deformation (C-C-C bend) / O-C-C bending,nu(C5-C7),bond,0.7540862972578241,-,-0.02388846858804541,0.3171539275239167
18,686.596236605979,,,mixed mixed-phase cyclic C-C stretching / cyclic-ring deformation (C-C-C bend) / O-C-C bending,nu(C8-O9),bond,0.6891537049589969,-,-0.013942524003613559,0.8508616649752963
18,686.596236605979,,,mixed mixed-phase cyclic C-C stretching / cyclic-ring deformation (C-C-C bend) / O-C-C bending,nu(C5-O6),bond,0.666926868160428,+,0.013644471739055022,0.8597861112169202
18,686.596236605979,,,mixed mixed-phase cyclic C-C stretching / cyclic-ring deformation (C-C-C bend) / O-C-C bending,delta(C8-C3-H13),angle,0.6373460310274651,+,0.02638480819289911,0.21973187748757736
18,686.596236605979,,,mixed mixed-phase cyclic C-C stretching / cyclic-ring deformation (C-C-C bend) / O-C-C bending,delta(C5-C4-H14),angle,0.6351923727182283,-,-0.020953432172267167,0.34723268377330074
18,686.596236605979,,,mixed mixed-phase cyclic C-C stretching / cyclic-ring deformation (C-C-C bend) / O-C-C bending,tau(C4-C5-C7-H16),dihedral,0.6189538471302849,+,0.030762900848227272,0.15697459052850737
18,686.596236605979,,,mixed mixed-phase cyclic C-C stretching / cyclic-ring deformation (C-C-C bend) / O-C-C bending,delta(O2-C3-C8),angle,0.41198516839998195,+,0.017203604874374858,0.33409373107359736
18,686.596236605979,,,mixed mixed-phase cyclic C-C stretching / cyclic-ring deformation (C-C-C bend) / O-C-C bending,delta(O2-C1-H11),angle,0.21640779218076608,+,0.014333606545544261,0.25280612971790234
18,686.596236605979,,,mixed mixed-phase cyclic C-C stretching / cyclic-ring deformation (C-C-C bend) / O-C-C bending,nu(C7-C8),bond,0.17565992629817623,-,-0.011965019592334886,0.2944906642672141
18,686.596236605979,,,mixed mixed-phase cyclic C-C stretching / cyclic-ring deformation (C-C-C bend) / O-C-C bending,delta(C5-C7-H17),angle,0.1744978983002851,-,-0.012962357425180386,0.24925729583022535
18,686.596236605979,,,mixed mixed-phase cyclic C-C stretching / cyclic-ring deformation (C-C-C bend) / O-C-C bending,tau(C3-C4-C5-O6),dihedral,0.09979403087419549,+,0.016849122100718334,0.08436759585486936
18,686.596236605979,,,mixed mixed-phase cyclic C-C stretching / cyclic-ring deformation (C-C-C bend) / O-C-C bending,tau(C1-O2-C3-C4),dihedral,0.0928587811417066,+,0.02621551393114799,0.032428875569921495
18,686.596236605979,,,mixed mixed-phase cyclic C-C stretching / cyclic-ring deformation (C-C-C bend) / O-C-C bending,delta(O2-C1-H12),angle,0.05021253849316393,-,-0.006599943738148505,0.2766670087017801
18,686.596236605979,,,mixed mixed-phase cyclic C-C stretching / cyclic-ring deformation (C-C-C bend) / O-C-C bending,tau(H12-C1-O2-C3),dihedral,0.03881945053611221,+,0.007072108912759509,0.18628469149813526
18,686.596236605979,,,mixed mixed-phase cyclic C-C stretching / cyclic-ring deformation (C-C-C bend) / O-C-C bending,delta(H10-C1-H12),angle,0.0303183774280654,-,-0.005001645514017772,0.2908746019881476
18,686.596236605979,,,mixed mixed-phase cyclic C-C stretching / cyclic-ring deformation (C-C-C bend) / O-C-C bending,tau(H11-C1-O2-C3),dihedral,0.00902760163902278,+,0.0034572775305576754,0.18127151443851006
18,686.596236605979,,,mixed mixed-phase cyclic C-C stretching / cyclic-ring deformation (C-C-C bend) / O-C-C bending,nu(C7-H16),bond,0.008058210014280549,-,-0.0023890521132524066,0.3388542982866813
18,686.596236605979,,,mixed mixed-phase cyclic C-C stretching / cyclic-ring deformation (C-C-C bend) / O-C-C bending,tau(C5-C7-C8-O9),dihedral,0.007473132258097355,+,0.00494985185614852,0.07320553682576925
18,686.596236605979,,,mixed mixed-phase cyclic C-C stretching / cyclic-ring deformation (C-C-C bend) / O-C-C bending,tau(H13-C3-C8-C7),dihedral,0.007435355981088723,+,0.002833265680536236,0.2223068411147103
18,686.596236605979,,,mixed mixed-phase cyclic C-C stretching / cyclic-ring deformation (C-C-C bend) / O-C-C bending,nu(C7-H17),bond,0.007403904068024904,+,0.002310008799151309,0.3330114592444899
18,686.596236605979,,,mixed mixed-phase cyclic C-C stretching / cyclic-ring deformation (C-C-C bend) / O-C-C bending,nu(C3-H13),bond,0.005170267573260143,+,0.0019500137517685435,0.32633475937097894
18,686.596236605979,,,mixed mixed-phase cyclic C-C stretching / cyclic-ring deformation (C-C-C bend) / O-C-C bending,delta(O2-C1-H10),angle,0.002984528484416658,-,-0.0014389031614694936,0.3459698539295735
18,686.596236605979,,,mixed mixed-phase cyclic C-C stretching / cyclic-ring deformation (C-C-C bend) / O-C-C bending,nu(C4-H15),bond,0.002849409115226889,-,-0.0014122972417808107,0.3428690238780344
18,686.596236605979,,,mixed mixed-phase cyclic C-C stretching / cyclic-ring deformation (C-C-C bend) / O-C-C bending,nu(C1-H12),bond,0.002753618300445574,+,0.001426222333580627,0.32490390949747744
18,686.596236605979,,,mixed mixed-phase cyclic C-C stretching / cyclic-ring deformation (C-C-C bend) / O-C-C bending,nu(C1-H10),bond,0.0009441996083846334,+,0.0008274272588800576,0.33100140032692144
18,686.596236605979,,,mixed mixed-phase cyclic C-C stretching / cyclic-ring deformation (C-C-C bend) / O-C-C bending,nu(C1-H11),bond,0.0006162582194617164,-,-0.0006550658616468171,0.3446818810517787
18,686.596236605979,,,mixed mixed-phase cyclic C-C stretching / cyclic-ring deformation (C-C-C bend) / O-C-C bending,nu(C4-H14),bond,0.0005978247504856163,-,-0.0006593918053272624,0.32999887833147423
19,748.6776156944081,,,mixed ring-site C-H out-of-plane bending / ring-site C-H in-plane bending,tau(H15-C4-C5-C7),dihedral,19.407556984791633,-,-0.14124181333368074,0.5260504175017567
19,748.6776156944081,,,mixed ring-site C-H out-of-plane bending / ring-site C-H in-plane bending,nu(C4-C5),bond,9.971333171769107,+,0.1413840693052723,0.2697337819721011
19,748.6776156944081,,,mixed ring-site C-H out-of-plane bending / ring-site C-H in-plane bending,delta(C5-C7-H17),angle,9.147180635293955,+,0.14086763474972283,0.24925729583022535
19,748.6776156944081,,,mixed ring-site C-H out-of-plane bending / ring-site C-H in-plane bending,tau(O2-C3-C8-C7),dihedral,9.106941108969002,+,0.10522397264031381,0.4447604988167489
19,748.6776156944081,,,mixed ring-site C-H out-of-plane bending / ring-site C-H in-plane bending,delta(C5-C4-H14),angle,9.045107209665996,+,0.11868288513926942,0.34723268377330074
19,748.6776156944081,,,mixed ring-site C-H out-of-plane bending / ring-site C-H in-plane bending,delta(C3-C4-H15),angle,7.665533080055367,-,-0.08597926835175651,0.5607095340721711
19,748.6776156944081,,,mixed ring-site C-H out-of-plane bending / ring-site C-H in-plane bending,tau(H13-C3-C8-C7),dihedral,7.041015952714298,+,0.13086779492651138,0.2223068411147103
19,748.6776156944081,,,mixed ring-site C-H out-of-plane bending / ring-site C-H in-plane bending,tau(H14-C4-C5-C7),dihedral,5.289866808088929,-,-0.12709582310005102,0.1770782616507438
19,748.6776156944081,,,mixed ring-site C-H out-of-plane bending / ring-site C-H in-plane bending,delta(C5-C7-C8),angle,4.6148670846787825,-,-0.04287121900692277,1.3577212054820749
19,748.6776156944081,,,mixed ring-site C-H out-of-plane bending / ring-site C-H in-plane bending,nu(O2-C3),bond,4.300429637988049,+,0.08578341304274598,0.31600086564110863
19,748.6776156944081,,,mixed ring-site C-H out-of-plane bending / ring-site C-H in-plane bending,delta(C4-C3-C8),angle,2.538217457565175,-,-0.02870773815996437,1.6653822931266715
19,748.6776156944081,,,mixed ring-site C-H out-of-plane bending / ring-site C-H in-plane bending,nu(C7-C8),bond,1.789882638807793,+,0.057328165736694296,0.2944906642672141
19,748.6776156944081,,,mixed ring-site C-H out-of-plane bending / ring-site C-H in-plane bending,tau(C4-C5-C7-H16),dihedral,1.6318356883564002,-,-0.07497475727821029,0.15697459052850737
19,748.6776156944081,,,mixed ring-site C-H out-of-plane bending / ring-site C-H in-plane bending,"gamma(H14;C4,C3,H15)",oop,1.5394310871811017,-,-0.05578156140741856,0.2675235310053796
19,748.6776156944081,,,mixed ring-site C-H out-of-plane bending / ring-site C-H in-plane bending,delta(C1-O2-C3),angle,1.3214391872420193,-,-0.051461529440869215,0.2698142431668865
19,748.6776156944081,,,mixed ring-site C-H out-of-plane bending / ring-site C-H in-plane bending,nu(C3-C8),bond,1.2406575093358352,+,0.049359500928132724,0.2753553110419089
19,748.6776156944081,,,mixed ring-site C-H out-of-plane bending / ring-site C-H in-plane bending,nu(C5-C7),bond,1.0617707553000877,+,0.042547286440186204,0.3171539275239167
19,748.6776156944081,,,mixed ring-site C-H out-of-plane bending / ring-site C-H in-plane bending,nu(C1-O2),bond,0.9998463779534803,+,0.04081240082263808,0.3245877010854186
19,748.6776156944081,,,mixed ring-site C-H out-of-plane bending / ring-site C-H in-plane bending,tau(C5-C7-C8-O9),dihedral,0.9521274748246357,+,0.08386236741663028,0.07320553682576925
19,748.6776156944081,,,mixed ring-site C-H out-of-plane bending / ring-site C-H in-plane bending,tau(H12-C1-O2-C3),dihedral,0.30750049634544213,+,0.02987623463353546,0.18628469149813526
19,748.6776156944081,,,mixed ring-site C-H out-of-plane bending / ring-site C-H in-plane bending,delta(O2-C1-H11),angle,0.2165645977168964,+,0.021522438026974927,0.25280612971790234
19,748.6776156944081,,,mixed ring-site C-H out-of-plane bending / ring-site C-H in-plane bending,tau(H11-C1-O2-C3),dihedral,0.14807200052604108,+,0.02101663708239182,0.18127151443851006
19,748.6776156944081,,,mixed ring-site C-H out-of-plane bending / ring-site C-H in-plane bending,delta(C7-C8-O9),angle,0.12246103534960281,-,-0.01247763904774555,0.42532034670863855
19,748.6776156944081,,,mixed ring-site C-H out-of-plane bending / ring-site C-H in-plane bending,delta(O2-C1-H10),angle,0.1141165818404824,-,-0.013355088879539297,0.3459698539295735
19,748.6776156944081,,,mixed ring-site C-H out-of-plane bending / ring-site C-H in-plane bending,delta(O2-C3-C8),angle,0.07983054251829587,+,0.011366896653317563,0.33409373107359736
19,748.6776156944081,,,mixed ring-site C-H out-of-plane bending / ring-site C-H in-plane bending,nu(C5-O6),bond,0.07177512931506043,+,0.006718670048348222,0.8597861112169202
19,748.6776156944081,,,mixed ring-site C-H out-of-plane bending / ring-site C-H in-plane bending,nu(C3-C4),bond,0.058069327370234895,+,0.009328265381701258,0.3608511373961394
19,748.6776156944081,,,mixed ring-site C-H out-of-plane bending / ring-site C-H in-plane bending,delta(O2-C1-H12),angle,0.050348365727512785,-,-0.009919859846819638,0.2766670087017801
19,748.6776156944081,,,mixed ring-site C-H out-of-plane bending / ring-site C-H in-plane bending,delta(O6-C5-C7),angle,0.04722008114599119,+,0.007671263609930299,0.4338863468073931
19,748.6776156944081,,,mixed ring-site C-H out-of-plane bending / ring-site C-H in-plane bending,nu(C4-H14),bond,0.03602500498304351,-,-0.007683114887366609,0.32999887833147423
19,748.6776156944081,,,mixed ring-site C-H out-of-plane bending / ring-site C-H in-plane bending,nu(C7-H16),bond,0.016732406277540985,+,0.005167306653549506,0.3388542982866813
19,748.6776156944081,,,mixed ring-site C-H out-of-plane bending / ring-site C-H in-plane bending,"gamma(H16;C7,C8,H17)",oop,0.014177246294455418,-,-0.006438891043618516,0.18490676504661133
19,748.6776156944081,,,mixed ring-site C-H out-of-plane bending / ring-site C-H in-plane bending,nu(C4-H15),bond,0.01361481305515614,+,0.004633756946713922,0.3428690238780344
19,748.6776156944081,,,mixed ring-site C-H out-of-plane bending / ring-site C-H in-plane bending,nu(C7-H17),bond,0.008448533396978602,-,-0.003703843328591064,0.3330114592444899
19,748.6776156944081,,,mixed ring-site C-H out-of-plane bending / ring-site C-H in-plane bending,nu(C8-O9),bond,0.00836924668348115,-,-0.0023062439288646487,0.8508616649752963
19,748.6776156944081,,,mixed ring-site C-H out-of-plane bending / ring-site C-H in-plane bending,nu(C3-H13),bond,0.005312351767515715,-,-0.002966902533614394,0.32633475937097894
19,748.6776156944081,,,mixed ring-site C-H out-of-plane bending / ring-site C-H in-plane bending,delta(C8-C3-H13),angle,0.003748643265916525,+,0.003037260609991923,0.21973187748757736
19,748.6776156944081,,,mixed ring-site C-H out-of-plane bending / ring-site C-H in-plane bending,tau(C1-O2-C3-C4),dihedral,0.003674361886622417,-,-0.00782738242936665,0.032428875569921495
19,748.6776156944081,,,mixed ring-site C-H out-of-plane bending / ring-site C-H in-plane bending,tau(C3-C4-C5-O6),dihedral,0.0030939864269178535,-,-0.004453104632810562,0.08436759585486936
19,748.6776156944081,,,mixed ring-site C-H out-of-plane bending / ring-site C-H in-plane bending,delta(C8-C7-H17),angle,0.001896838404954768,+,0.00228505751444642,0.19643511781922787
19,748.6776156944081,,,mixed ring-site C-H out-of-plane bending / ring-site C-H in-plane bending,delta(H10-C1-H12),angle,0.0018164209211454943,-,-0.001837582647362231,0.2908746019881476
19,748.6776156944081,,,mixed ring-site C-H out-of-plane bending / ring-site C-H in-plane bending,nu(C1-H10),bond,0.0009056397623458059,-,-0.0012163382381181725,0.33100140032692144
19,748.6776156944081,,,mixed ring-site C-H out-of-plane bending / ring-site C-H in-plane bending,nu(C1-H12),bond,0.0006942317849407776,-,-0.0010748956681665353,0.32490390949747744
19,748.6776156944081,,,mixed ring-site C-H out-of-plane bending / ring-site C-H in-plane bending,delta(O2-C3-C4),angle,0.00048708169442590723,-,-0.0006113695149183924,0.7046562659244109
19,748.6776156944081,,,mixed ring-site C-H out-of-plane bending / ring-site C-H in-plane bending,nu(C1-H11),bond,5.184957331337156e-06,+,9.018927600193765e-05,0.3446818810517787
20,800.479889479427,,,mixed mixed-phase cyclic C-C stretching / cyclic-ring deformation (C-C-C bend),nu(C5-C7),bond,31.59844519889238,+,0.1908082494039991,0.3171539275239167
20,800.479889479427,,,mixed mixed-phase cyclic C-C stretching / cyclic-ring deformation (C-C-C bend),delta(C4-C3-C8),angle,14.850688902284167,+,0.05708416673615856,1.6653822931266715
20,800.479889479427,,,mixed mixed-phase cyclic C-C stretching / cyclic-ring deformation (C-C-C bend),nu(C4-C5),bond,12.778217734925834,+,0.13157300944213482,0.2697337819721011
20,800.479889479427,,,mixed mixed-phase cyclic C-C stretching / cyclic-ring deformation (C-C-C bend),nu(C7-C8),bond,8.577559291948694,-,-0.10316810079106473,0.2944906642672141
20,800.479889479427,,,mixed mixed-phase cyclic C-C stretching / cyclic-ring deformation (C-C-C bend),tau(H15-C4-C5-C7),dihedral,6.745387472275254,+,0.06845246679001532,0.5260504175017567
20,800.479889479427,,,mixed mixed-phase cyclic C-C stretching / cyclic-ring deformation (C-C-C bend),tau(H14-C4-C5-C7),dihedral,5.768373143543462,+,0.10910468136590783,0.1770782616507438
20,800.479889479427,,,mixed mixed-phase cyclic C-C stretching / cyclic-ring deformation (C-C-C bend),delta(C3-C4-H15),angle,3.1746791031897197,+,0.045486265657298304,0.5607095340721711
20,800.479889479427,,,mixed mixed-phase cyclic C-C stretching / cyclic-ring deformation (C-C-C bend),delta(C5-C7-C8),angle,2.9198339517522864,-,-0.028033228291665113,1.3577212054820749
20,800.479889479427,,,mixed mixed-phase cyclic C-C stretching / cyclic-ring deformation (C-C-C bend),delta(C7-C8-O9),angle,2.4975430706791,-,-0.046323114460422955,0.42532034670863855
20,800.479889479427,,,mixed mixed-phase cyclic C-C stretching / cyclic-ring deformation (C-C-C bend),delta(C5-C4-H14),angle,2.0567752044384964,-,-0.04652457908273195,0.34723268377330074
20,800.479889479427,,,mixed mixed-phase cyclic C-C stretching / cyclic-ring deformation (C-C-C bend),delta(C8-C3-H13),angle,2.0199737889839637,-,-0.05795963888633093,0.21973187748757736
20,800.479889479427,,,mixed mixed-phase cyclic C-C stretching / cyclic-ring deformation (C-C-C bend),nu(O2-C3),bond,1.3988837790253057,-,-0.04022036598679603,0.31600086564110863
20,800.479889479427,,,mixed mixed-phase cyclic C-C stretching / cyclic-ring deformation (C-C-C bend),delta(C8-C7-H17),angle,1.342085702934427,-,-0.04996661122990837,0.19643511781922787
20,800.479889479427,,,mixed mixed-phase cyclic C-C stretching / cyclic-ring deformation (C-C-C bend),tau(O2-C3-C8-C7),dihedral,1.01109828028457,-,-0.028822584342598656,0.4447604988167489
20,800.479889479427,,,mixed mixed-phase cyclic C-C stretching / cyclic-ring deformation (C-C-C bend),"gamma(H16;C7,C8,H17)",oop,0.701360439764868,-,-0.03723004573927717,0.18490676504661133
20,800.479889479427,,,mixed mixed-phase cyclic C-C stretching / cyclic-ring deformation (C-C-C bend),delta(C1-O2-C3),angle,0.5690305063610119,+,0.02776097252420624,0.2698142431668865
20,800.479889479427,,,mixed mixed-phase cyclic C-C stretching / cyclic-ring deformation (C-C-C bend),nu(C1-O2),bond,0.4077485269040712,-,-0.021425428062692056,0.3245877010854186
20,800.479889479427,,,mixed mixed-phase cyclic C-C stretching / cyclic-ring deformation (C-C-C bend),delta(O6-C5-C7),angle,0.37848111824983754,+,0.017853914642064206,0.4338863468073931
20,800.479889479427,,,mixed mixed-phase cyclic C-C stretching / cyclic-ring deformation (C-C-C bend),tau(C1-O2-C3-C4),dihedral,0.29290382824737315,-,-0.05745077822383301,0.032428875569921495
20,800.479889479427,,,mixed mixed-phase cyclic C-C stretching / cyclic-ring deformation (C-C-C bend),delta(C5-C7-H17),angle,0.24147872307080856,-,-0.018815459677290536,0.24925729583022535
20,800.479889479427,,,mixed mixed-phase cyclic C-C stretching / cyclic-ring deformation (C-C-C bend),"gamma(H14;C4,C3,H15)",oop,0.17328932219494206,+,0.0153852389137691,0.2675235310053796
20,800.479889479427,,,mixed mixed-phase cyclic C-C stretching / cyclic-ring deformation (C-C-C bend),delta(O2-C1-H11),angle,0.08298042179659133,-,-0.01095199801035285,0.25280612971790234
20,800.479889479427,,,mixed mixed-phase cyclic C-C stretching / cyclic-ring deformation (C-C-C bend),tau(H12-C1-O2-C3),dihedral,0.08206514232949091,-,-0.012687910814242934,0.18628469149813526
20,800.479889479427,,,mixed mixed-phase cyclic C-C stretching / cyclic-ring deformation (C-C-C bend),delta(O2-C3-C4),angle,0.07131549347304614,+,0.006081386755876885,0.7046562659244109
20,800.479889479427,,,mixed mixed-phase cyclic C-C stretching / cyclic-ring deformation (C-C-C bend),tau(C3-C4-C5-O6),dihedral,0.06200754127370369,-,-0.01638829435672938,0.08436759585486936
20,800.479889479427,,,mixed mixed-phase cyclic C-C stretching / cyclic-ring deformation (C-C-C bend),delta(O2-C1-H10),angle,0.057088521888306994,+,0.007765235071676458,0.3459698539295735
20,800.479889479427,,,mixed mixed-phase cyclic C-C stretching / cyclic-ring deformation (C-C-C bend),tau(H11-C1-O2-C3),dihedral,0.029145068430899472,-,-0.007665087119592908,0.18127151443851006
20,800.479889479427,,,mixed mixed-phase cyclic C-C stretching / cyclic-ring deformation (C-C-C bend),nu(C3-C4),bond,0.02620694005030095,+,0.005151615669746222,0.3608511373961394
20,800.479889479427,,,mixed mixed-phase cyclic C-C stretching / cyclic-ring deformation (C-C-C bend),nu(C3-C8),bond,0.01890982366090954,+,0.0050095226882585974,0.2753553110419089
20,800.479889479427,,,mixed mixed-phase cyclic C-C stretching / cyclic-ring deformation (C-C-C bend),delta(O2-C1-H12),angle,0.017094573091502675,+,0.004751708382187594,0.2766670087017801
20,800.479889479427,,,mixed mixed-phase cyclic C-C stretching / cyclic-ring deformation (C-C-C bend),nu(C7-H17),bond,0.010097088115608856,+,0.0033286476141811553,0.3330114592444899
20,800.479889479427,,,mixed mixed-phase cyclic C-C stretching / cyclic-ring deformation (C-C-C bend),nu(C4-H14),bond,0.00928036937464999,+,0.003205721105175397,0.32999887833147423
20,800.479889479427,,,mixed mixed-phase cyclic C-C stretching / cyclic-ring deformation (C-C-C bend),tau(H13-C3-C8-C7),dihedral,0.008117882953711845,+,0.0036529549473464304,0.2223068411147103
20,800.479889479427,,,mixed mixed-phase cyclic C-C stretching / cyclic-ring deformation (C-C-C bend),nu(C3-H13),bond,0.005643105714471868,+,0.0025137770839354003,0.32633475937097894
20,800.479889479427,,,mixed mixed-phase cyclic C-C stretching / cyclic-ring deformation (C-C-C bend),delta(O2-C3-C8),angle,0.0055569329561508925,-,-0.0024653736641765817,0.33409373107359736
20,800.479889479427,,,mixed mixed-phase cyclic C-C stretching / cyclic-ring deformation (C-C-C bend),tau(C5-C7-C8-O9),dihedral,0.0034435777638205296,-,-0.004146028849238222,0.07320553682576925
20,800.479889479427,,,mixed mixed-phase cyclic C-C stretching / cyclic-ring deformation (C-C-C bend),nu(C8-O9),bond,0.0030287312297276425,+,0.001140512964521969,0.8508616649752963
20,800.479889479427,,,mixed mixed-phase cyclic C-C stretching / cyclic-ring deformation (C-C-C bend),nu(C7-H16),bond,0.00223770486572338,-,-0.0015534391310678605,0.3388542982866813
20,800.479889479427,,,mixed mixed-phase cyclic C-C stretching / cyclic-ring deformation (C-C-C bend),nu(C1-H12),bond,0.0005900907983877909,+,0.0008146691859249449,0.32490390949747744
20,800.479889479427,,,mixed mixed-phase cyclic C-C stretching / cyclic-ring deformation (C-C-C bend),nu(C1-H10),bond,0.0004848397147935575,+,0.0007316165399251434,0.33100140032692144
20,800.479889479427,,,mixed mixed-phase cyclic C-C stretching / cyclic-ring deformation (C-C-C bend),tau(C4-C5-C7-H16),dihedral,0.00045676261163700075,-,-0.0010311691973410783,0.15697459052850737
20,800.479889479427,,,mixed mixed-phase cyclic C-C stretching / cyclic-ring deformation (C-C-C bend),nu(C5-O6),bond,0.00027178504097815785,+,0.0003398731833542739,0.8597861112169202
20,800.479889479427,,,mixed mixed-phase cyclic C-C stretching / cyclic-ring deformation (C-C-C bend),delta(H10-C1-H12),angle,8.78118519262006e-05,+,0.0003321413942171246,0.2908746019881476
20,800.479889479427,,,mixed mixed-phase cyclic C-C stretching / cyclic-ring deformation (C-C-C bend),nu(C1-H11),bond,3.45204404618715e-05,+,0.00019130586037442924,0.3446818810517787
20,800.479889479427,,,mixed mixed-phase cyclic C-C stretching / cyclic-ring deformation (C-C-C bend),nu(C4-H15),bond,1.8180622612062227e-05,-,-0.00013920011293889768,0.3428690238780344
21,816.3740953415914,,,mixed cyclic C-C stretching / ring-site C-H in-plane bending / ring-site C-H out-of-plane bending,nu(C3-C8),bond,15.189942258326647,+,0.15888693168136991,0.2753553110419089
21,816.3740953415914,,,mixed cyclic C-C stretching / ring-site C-H in-plane bending / ring-site C-H out-of-plane bending,nu(C7-C8),bond,14.981891144221416,+,0.15258238477914804,0.2944906642672141
21,816.3740953415914,,,mixed cyclic C-C stretching / ring-site C-H in-plane bending / ring-site C-H out-of-plane bending,tau(H15-C4-C5-C7),dihedral,13.407339472854414,+,0.10799768935194602,0.5260504175017567
21,816.3740953415914,,,mixed cyclic C-C stretching / ring-site C-H in-plane bending / ring-site C-H out-of-plane bending,delta(C3-C4-H15),angle,8.073607862109897,+,0.0811748885664932,0.5607095340721711
21,816.3740953415914,,,mixed cyclic C-C stretching / ring-site C-H in-plane bending / ring-site C-H out-of-plane bending,delta(C5-C7-C8),angle,6.718946333309952,-,-0.04758851262695864,1.3577212054820749
21,816.3740953415914,,,mixed cyclic C-C stretching / ring-site C-H in-plane bending / ring-site C-H out-of-plane bending,delta(C4-C3-C8),angle,5.998021948320919,-,-0.04059793085120506,1.6653822931266715
21,816.3740953415914,,,mixed cyclic C-C stretching / ring-site C-H in-plane bending / ring-site C-H out-of-plane bending,nu(O2-C3),bond,4.730875017195232,-,-0.08277199957205081,0.31600086564110863
21,816.3740953415914,,,mixed cyclic C-C stretching / ring-site C-H in-plane bending / ring-site C-H out-of-plane bending,delta(C5-C4-H14),angle,3.764262780806962,-,-0.07043467482029622,0.34723268377330074
21,816.3740953415914,,,mixed cyclic C-C stretching / ring-site C-H in-plane bending / ring-site C-H out-of-plane bending,nu(C4-C5),bond,3.0112198665485943,+,0.07147602766363535,0.2697337819721011
21,816.3740953415914,,,mixed cyclic C-C stretching / ring-site C-H in-plane bending / ring-site C-H out-of-plane bending,delta(O2-C3-C8),angle,2.927630360034901,-,-0.06332581726778792,0.33409373107359736
21,816.3740953415914,,,mixed cyclic C-C stretching / ring-site C-H in-plane bending / ring-site C-H out-of-plane bending,delta(C8-C7-H17),angle,2.838980866657211,+,0.08132583154291013,0.19643511781922787
21,816.3740953415914,,,mixed cyclic C-C stretching / ring-site C-H in-plane bending / ring-site C-H out-of-plane bending,delta(C5-C7-H17),angle,2.2930761956948604,-,-0.0648846773000399,0.24925729583022535
21,816.3740953415914,,,mixed cyclic C-C stretching / ring-site C-H in-plane bending / ring-site C-H out-of-plane bending,"gamma(H14;C4,C3,H15)",oop,2.1878961213406685,+,0.061177144326876154,0.2675235310053796
21,816.3740953415914,,,mixed cyclic C-C stretching / ring-site C-H in-plane bending / ring-site C-H out-of-plane bending,nu(C1-O2),bond,2.1728234425081334,-,-0.055348140499009865,0.3245877010854186
21,816.3740953415914,,,mixed cyclic C-C stretching / ring-site C-H in-plane bending / ring-site C-H out-of-plane bending,tau(H11-C1-O2-C3),dihedral,2.024843708246768,+,0.07149699971129746,0.18127151443851006
21,816.3740953415914,,,mixed cyclic C-C stretching / ring-site C-H in-plane bending / ring-site C-H out-of-plane bending,tau(H14-C4-C5-C7),dihedral,2.0137799547840265,+,0.0721406792934899,0.1770782616507438
21,816.3740953415914,,,mixed cyclic C-C stretching / ring-site C-H in-plane bending / ring-site C-H out-of-plane bending,delta(C8-C3-H13),angle,1.9222411588478894,+,0.06327239129955964,0.21973187748757736
21,816.3740953415914,,,mixed cyclic C-C stretching / ring-site C-H in-plane bending / ring-site C-H out-of-plane bending,tau(H12-C1-O2-C3),dihedral,1.8573470807020367,+,0.06754835791799396,0.18628469149813526
21,816.3740953415914,,,mixed cyclic C-C stretching / ring-site C-H in-plane bending / ring-site C-H out-of-plane bending,delta(O6-C5-C7),angle,1.1589593861556682,-,-0.03496253885222847,0.4338863468073931
21,816.3740953415914,,,mixed cyclic C-C stretching / ring-site C-H in-plane bending / ring-site C-H out-of-plane bending,nu(C3-C4),bond,0.8704754221160602,-,-0.03322546463763896,0.3608511373961394
21,816.3740953415914,,,mixed cyclic C-C stretching / ring-site C-H in-plane bending / ring-site C-H out-of-plane bending,"gamma(H16;C7,C8,H17)",oop,0.7389905676801266,+,0.04276612419812318,0.18490676504661133
21,816.3740953415914,,,mixed cyclic C-C stretching / ring-site C-H in-plane bending / ring-site C-H out-of-plane bending,tau(C3-C4-C5-O6),dihedral,0.20231402635614085,+,0.0331269921999255,0.08436759585486936
21,816.3740953415914,,,mixed cyclic C-C stretching / ring-site C-H in-plane bending / ring-site C-H out-of-plane bending,tau(O2-C3-C8-C7),dihedral,0.18685577191224567,+,0.013865866039338955,0.4447604988167489
21,816.3740953415914,,,mixed cyclic C-C stretching / ring-site C-H in-plane bending / ring-site C-H out-of-plane bending,nu(C5-C7),bond,0.11942151094446246,-,-0.013126927283286823,0.3171539275239167
21,816.3740953415914,,,mixed cyclic C-C stretching / ring-site C-H in-plane bending / ring-site C-H out-of-plane bending,tau(C5-C7-C8-O9),dihedral,0.0969986817855812,-,-0.024624521315872245,0.07320553682576925
21,816.3740953415914,,,mixed cyclic C-C stretching / ring-site C-H in-plane bending / ring-site C-H out-of-plane bending,tau(H13-C3-C8-C7),dihedral,0.0967393158202131,-,-0.014111784559480586,0.2223068411147103
21,816.3740953415914,,,mixed cyclic C-C stretching / ring-site C-H in-plane bending / ring-site C-H out-of-plane bending,tau(C4-C5-C7-H16),dihedral,0.09252418211951782,+,0.016423654244163876,0.15697459052850737
21,816.3740953415914,,,mixed cyclic C-C stretching / ring-site C-H in-plane bending / ring-site C-H out-of-plane bending,delta(C1-O2-C3),angle,0.09113180302674977,+,0.012432526427986075,0.2698142431668865
21,816.3740953415914,,,mixed cyclic C-C stretching / ring-site C-H in-plane bending / ring-site C-H out-of-plane bending,tau(C1-O2-C3-C4),dihedral,0.05999939511968448,+,0.029098080196048016,0.032428875569921495
21,816.3740953415914,,,mixed cyclic C-C stretching / ring-site C-H in-plane bending / ring-site C-H out-of-plane bending,delta(C7-C8-O9),angle,0.05342700476999282,-,-0.00758191968570785,0.42532034670863855
21,816.3740953415914,,,mixed cyclic C-C stretching / ring-site C-H in-plane bending / ring-site C-H out-of-plane bending,delta(O2-C1-H10),angle,0.030730603519016048,+,0.006375632286160422,0.3459698539295735
21,816.3740953415914,,,mixed cyclic C-C stretching / ring-site C-H in-plane bending / ring-site C-H out-of-plane bending,nu(C5-O6),bond,0.02253811381440074,+,0.0034635416680419352,0.8597861112169202
21,816.3740953415914,,,mixed cyclic C-C stretching / ring-site C-H in-plane bending / ring-site C-H out-of-plane bending,nu(C3-H13),bond,0.02009064954560152,+,0.005307893093946661,0.32633475937097894
21,816.3740953415914,,,mixed cyclic C-C stretching / ring-site C-H in-plane bending / ring-site C-H out-of-plane bending,nu(C4-H14),bond,0.01421779313053438,+,0.004440344944336397,0.32999887833147423
21,816.3740953415914,,,mixed cyclic C-C stretching / ring-site C-H in-plane bending / ring-site C-H out-of-plane bending,delta(O2-C1-H12),angle,0.009459242156014007,+,0.0039555450043845565,0.2766670087017801
21,816.3740953415914,,,mixed cyclic C-C stretching / ring-site C-H in-plane bending / ring-site C-H out-of-plane bending,delta(H10-C1-H12),angle,0.008029920558446913,-,-0.003554344909557268,0.2908746019881476
21,816.3740953415914,,,mixed cyclic C-C stretching / ring-site C-H in-plane bending / ring-site C-H out-of-plane bending,nu(C8-O9),bond,0.003638518535323609,+,0.0013989096395521598,0.8508616649752963
21,816.3740953415914,,,mixed cyclic C-C stretching / ring-site C-H in-plane bending / ring-site C-H out-of-plane bending,nu(C1-H10),bond,0.002684884610005692,+,0.0019266584998558235,0.33100140032692144
21,816.3740953415914,,,mixed cyclic C-C stretching / ring-site C-H in-plane bending / ring-site C-H out-of-plane bending,nu(C1-H12),bond,0.0026264734632755944,+,0.0019233834981223774,0.32490390949747744
21,816.3740953415914,,,mixed cyclic C-C stretching / ring-site C-H in-plane bending / ring-site C-H out-of-plane bending,nu(C7-H16),bond,0.0013729949831796863,+,0.0013617106098738623,0.3388542982866813
21,816.3740953415914,,,mixed cyclic C-C stretching / ring-site C-H in-plane bending / ring-site C-H out-of-plane bending,delta(O2-C1-H11),angle,0.001354811760080071,-,-0.001566038823879582,0.25280612971790234
21,816.3740953415914,,,mixed cyclic C-C stretching / ring-site C-H in-plane bending / ring-site C-H out-of-plane bending,nu(C4-H15),bond,0.0003908258132086331,-,-0.0007222446611161667,0.3428690238780344
21,816.3740953415914,,,mixed cyclic C-C stretching / ring-site C-H in-plane bending / ring-site C-H out-of-plane bending,delta(O2-C3-C4),angle,0.00018524722178736098,+,0.000346851868400389,0.7046562659244109
21,816.3740953415914,,,mixed cyclic C-C stretching / ring-site C-H in-plane bending / ring-site C-H out-of-plane bending,nu(C1-H11),bond,0.00011313890356272077,-,-0.0003875730773024734,0.3446818810517787
21,816.3740953415914,,,mixed cyclic C-C stretching / ring-site C-H in-plane bending / ring-site C-H out-of-plane bending,nu(C7-H17),bond,4.1416686118969395e-06,-,-7.544230166638282e-05,0.3330114592444899
22,901.4286087660992,,,mixed ring-site C-H in-plane bending / exocyclic C-O stretching,delta(C5-C7-H17),angle,20.534232249166767,-,-0.1855946519466481,0.24925729583022535
22,901.4286087660992,,,mixed ring-site C-H in-plane bending / exocyclic C-O stretching,nu(O2-C3),bond,16.68844874240322,+,0.14859835803520507,0.31600086564110863
22,901.4286087660992,,,mixed ring-site C-H in-plane bending / exocyclic C-O stretching,delta(C5-C4-H14),angle,15.176259564821109,-,-0.13518304870755907,0.34723268377330074
22,901.4286087660992,,,mixed ring-site C-H in-plane bending / exocyclic C-O stretching,delta(O2-C3-C4),angle,8.896016021598042,-,-0.07265395847466394,0.7046562659244109
22,901.4286087660992,,,mixed ring-site C-H in-plane bending / exocyclic C-O stretching,"gamma(H14;C4,C3,H15)",oop,7.381199739933339,-,-0.10740701500903907,0.2675235310053796
22,901.4286087660992,,,mixed ring-site C-H in-plane bending / exocyclic C-O stretching,delta(O2-C3-C8),angle,5.75857913418592,-,-0.08489334937455253,0.33409373107359736
22,901.4286087660992,,,mixed ring-site C-H in-plane bending / exocyclic C-O stretching,nu(C1-O2),bond,5.69080970120684,+,0.08561919964582648,0.3245877010854186
22,901.4286087660992,,,mixed ring-site C-H in-plane bending / exocyclic C-O stretching,delta(C3-C4-H15),angle,4.1850760283650805,-,-0.05586410790024957,0.5607095340721711
22,901.4286087660992,,,mixed ring-site C-H in-plane bending / exocyclic C-O stretching,delta(C1-O2-C3),angle,2.4129450257709597,-,-0.061149292984527405,0.2698142431668865
22,901.4286087660992,,,mixed ring-site C-H in-plane bending / exocyclic C-O stretching,nu(C3-C4),bond,1.8584726697311564,+,0.04640493966774113,0.3608511373961394
22,901.4286087660992,,,mixed ring-site C-H in-plane bending / exocyclic C-O stretching,tau(C3-C4-C5-O6),dihedral,1.4722096287223863,-,-0.08541755821456386,0.08436759585486936
22,901.4286087660992,,,mixed ring-site C-H in-plane bending / exocyclic C-O stretching,"gamma(H16;C7,C8,H17)",oop,1.2025654714399339,+,0.0521468557016905,0.18490676504661133
22,901.4286087660992,,,mixed ring-site C-H in-plane bending / exocyclic C-O stretching,delta(C8-C7-H17),angle,1.144279227084327,-,-0.04935220978752255,0.19643511781922787
22,901.4286087660992,,,mixed ring-site C-H in-plane bending / exocyclic C-O stretching,tau(O2-C3-C8-C7),dihedral,1.0433912584983447,-,-0.031319199616729895,0.4447604988167489
22,901.4286087660992,,,mixed ring-site C-H in-plane bending / exocyclic C-O stretching,tau(H12-C1-O2-C3),dihedral,1.0098139871745542,+,0.04760825568789972,0.18628469149813526
22,901.4286087660992,,,mixed ring-site C-H in-plane bending / exocyclic C-O stretching,tau(H14-C4-C5-C7),dihedral,0.7899463517948263,-,-0.04318832253927564,0.1770782616507438
22,901.4286087660992,,,mixed ring-site C-H in-plane bending / exocyclic C-O stretching,tau(C4-C5-C7-H16),dihedral,0.768232545977977,+,0.04523575401473623,0.15697459052850737
22,901.4286087660992,,,mixed ring-site C-H in-plane bending / exocyclic C-O stretching,nu(C7-C8),bond,0.7286972150589571,+,0.03216532554544568,0.2944906642672141
22,901.4286087660992,,,mixed ring-site C-H in-plane bending / exocyclic C-O stretching,tau(H11-C1-O2-C3),dihedral,0.6874002064180612,+,0.03981898722430153,0.18127151443851006
22,901.4286087660992,,,mixed ring-site C-H in-plane bending / exocyclic C-O stretching,delta(O2-C1-H11),angle,0.671574578528477,+,0.03332755749608609,0.25280612971790234
22,901.4286087660992,,,mixed ring-site C-H in-plane bending / exocyclic C-O stretching,delta(C8-C3-H13),angle,0.3817404026130158,+,0.026951794868440924,0.21973187748757736
22,901.4286087660992,,,mixed ring-site C-H in-plane bending / exocyclic C-O stretching,delta(O2-C1-H12),angle,0.3142024632788733,-,-0.021790955192131478,0.2766670087017801
22,901.4286087660992,,,mixed ring-site C-H in-plane bending / exocyclic C-O stretching,delta(C7-C8-O9),angle,0.30046124525731466,-,-0.017186455346226464,0.42532034670863855
22,901.4286087660992,,,mixed ring-site C-H in-plane bending / exocyclic C-O stretching,tau(C5-C7-C8-O9),dihedral,0.18366041411228964,-,-0.03238813769433618,0.07320553682576925
22,901.4286087660992,,,mixed ring-site C-H in-plane bending / exocyclic C-O stretching,delta(O2-C1-H10),angle,0.1558111029404007,-,-0.013722405036887177,0.3459698539295735
22,901.4286087660992,,,mixed ring-site C-H in-plane bending / exocyclic C-O stretching,delta(C4-C3-C8),angle,0.12374523975726257,+,0.005573877779443345,1.6653822931266715
22,901.4286087660992,,,mixed ring-site C-H in-plane bending / exocyclic C-O stretching,delta(C5-C7-C8),angle,0.10925349480929873,-,-0.005800461262089934,1.3577212054820749
22,901.4286087660992,,,mixed ring-site C-H in-plane bending / exocyclic C-O stretching,nu(C5-C7),bond,0.08086816622607867,-,-0.010325329336838416,0.3171539275239167
22,901.4286087660992,,,mixed ring-site C-H in-plane bending / exocyclic C-O stretching,nu(C4-C5),bond,0.07524151423191143,+,0.01079968914109956,0.2697337819721011
22,901.4286087660992,,,mixed ring-site C-H in-plane bending / exocyclic C-O stretching,tau(H13-C3-C8-C7),dihedral,0.05741003413480558,-,-0.010391246589401944,0.2223068411147103
22,901.4286087660992,,,mixed ring-site C-H in-plane bending / exocyclic C-O stretching,nu(C7-H17),bond,0.030457574033810834,+,0.006183982150333704,0.3330114592444899
22,901.4286087660992,,,mixed ring-site C-H in-plane bending / exocyclic C-O stretching,nu(C7-H16),bond,0.019885177308249097,-,-0.004953456992136001,0.3388542982866813
22,901.4286087660992,,,mixed ring-site C-H in-plane bending / exocyclic C-O stretching,tau(C1-O2-C3-C4),dihedral,0.013618092980753315,+,0.013250808102648592,0.032428875569921495
22,901.4286087660992,,,mixed ring-site C-H in-plane bending / exocyclic C-O stretching,nu(C5-O6),bond,0.011907842058042788,-,-0.0024064202990892974,0.8597861112169202
22,901.4286087660992,,,mixed ring-site C-H in-plane bending / exocyclic C-O stretching,nu(C3-H13),bond,0.009876003382884815,-,-0.003557206766639527,0.32633475937097894
22,901.4286087660992,,,mixed ring-site C-H in-plane bending / exocyclic C-O stretching,nu(C1-H12),bond,0.008781620666900154,-,-0.0033617083298900633,0.32490390949747744
22,901.4286087660992,,,mixed ring-site C-H in-plane bending / exocyclic C-O stretching,nu(C4-H14),bond,0.00677456191820938,+,0.002929776820016038,0.32999887833147423
22,901.4286087660992,,,mixed ring-site C-H in-plane bending / exocyclic C-O stretching,delta(H10-C1-H12),angle,0.0064774307215259876,-,-0.0030513965408304256,0.2908746019881476
22,901.4286087660992,,,mixed ring-site C-H in-plane bending / exocyclic C-O stretching,delta(O6-C5-C7),angle,0.0031613145548649788,-,-0.001745404235357206,0.4338863468073931
22,901.4286087660992,,,mixed ring-site C-H in-plane bending / exocyclic C-O stretching,nu(C8-O9),bond,0.002945405134875496,-,-0.001203076388375551,0.8508616649752963
22,901.4286087660992,,,mixed ring-site C-H in-plane bending / exocyclic C-O stretching,nu(C1-H10),bond,0.0017078872692856983,-,-0.0014688073845137504,0.33100140032692144
22,901.4286087660992,,,mixed ring-site C-H in-plane bending / exocyclic C-O stretching,tau(H15-C4-C5-C7),dihedral,0.0010133246985077474,+,0.00089745109436234,0.5260504175017567
22,901.4286087660992,,,mixed ring-site C-H in-plane bending / exocyclic C-O stretching,nu(C3-C8),bond,0.0006029308261136878,+,0.0009568352749605142,0.2753553110419089
22,901.4286087660992,,,mixed ring-site C-H in-plane bending / exocyclic C-O stretching,nu(C4-H15),bond,0.00021846266791690093,-,-0.0005161484805847026,0.3428690238780344
22,901.4286087660992,,,mixed ring-site C-H in-plane bending / exocyclic C-O stretching,nu(C1-H11),bond,2.8946536504848692e-05,+,0.0001873869051917087,0.3446818810517787
23,977.5606322881977,,,mixed mixed-phase cyclic C-C stretching / ring-site C-H in-plane bending,nu(C3-C4),bond,19.583780010273877,-,-0.15676694949906553,0.3608511373961394
23,977.5606322881977,,,mixed mixed-phase cyclic C-C stretching / ring-site C-H in-plane bending,nu(O2-C3),bond,13.596277544738285,+,0.13958416739468057,0.31600086564110863
23,977.5606322881977,,,mixed mixed-phase cyclic C-C stretching / ring-site C-H in-plane bending,nu(C1-O2),bond,12.383726414022446,+,0.13144072026676765,0.3245877010854186
23,977.5606322881977,,,mixed mixed-phase cyclic C-C stretching / ring-site C-H in-plane bending,delta(C8-C7-H17),angle,11.973817278419087,+,0.1661410815244928,0.19643511781922787
23,977.5606322881977,,,mixed mixed-phase cyclic C-C stretching / ring-site C-H in-plane bending,"gamma(H14;C4,C3,H15)",oop,10.021135702478945,+,0.13024101240522684,0.2675235310053796
23,977.5606322881977,,,mixed mixed-phase cyclic C-C stretching / ring-site C-H in-plane bending,delta(C4-C3-C8),angle,7.058236074552643,+,0.043808804760293904,1.6653822931266715
23,977.5606322881977,,,mixed mixed-phase cyclic C-C stretching / ring-site C-H in-plane bending,delta(O2-C3-C4),angle,5.878566221773191,-,-0.06146350664957462,0.7046562659244109
23,977.5606322881977,,,mixed mixed-phase cyclic C-C stretching / ring-site C-H in-plane bending,delta(C5-C4-H14),angle,4.484836731285645,-,-0.07647743366843089,0.34723268377330074
23,977.5606322881977,,,mixed mixed-phase cyclic C-C stretching / ring-site C-H in-plane bending,delta(C8-C3-H13),angle,3.354991307798603,+,0.08315137827206408,0.21973187748757736
23,977.5606322881977,,,mixed mixed-phase cyclic C-C stretching / ring-site C-H in-plane bending,"gamma(H16;C7,C8,H17)",oop,1.8936424591741519,-,-0.06809933592800352,0.18490676504661133
23,977.5606322881977,,,mixed mixed-phase cyclic C-C stretching / ring-site C-H in-plane bending,tau(C4-C5-C7-H16),dihedral,1.792804570055865,-,-0.0719154300271877,0.15697459052850737
23,977.5606322881977,,,mixed mixed-phase cyclic C-C stretching / ring-site C-H in-plane bending,nu(C5-C7),bond,1.6445344534434037,+,0.048457022752959496,0.3171539275239167
23,977.5606322881977,,,mixed mixed-phase cyclic C-C stretching / ring-site C-H in-plane bending,tau(O2-C3-C8-C7),dihedral,1.6301436591959912,+,0.040739915234351026,0.4447604988167489
23,977.5606322881977,,,mixed mixed-phase cyclic C-C stretching / ring-site C-H in-plane bending,delta(C5-C7-C8),angle,0.8347769509523316,-,-0.01668592203244138,1.3577212054820749
23,977.5606322881977,,,mixed mixed-phase cyclic C-C stretching / ring-site C-H in-plane bending,delta(O2-C1-H10),angle,0.6722882316553592,-,-0.029663945274986673,0.3459698539295735
23,977.5606322881977,,,mixed mixed-phase cyclic C-C stretching / ring-site C-H in-plane bending,delta(O6-C5-C7),angle,0.5234798715331466,-,-0.023373959503917803,0.4338863468073931
23,977.5606322881977,,,mixed mixed-phase cyclic C-C stretching / ring-site C-H in-plane bending,nu(C3-C8),bond,0.4657267703787545,-,-0.027675097412604405,0.2753553110419089
23,977.5606322881977,,,mixed mixed-phase cyclic C-C stretching / ring-site C-H in-plane bending,nu(C4-C5),bond,0.41313314119048955,-,-0.026335867743164484,0.2697337819721011
23,977.5606322881977,,,mixed mixed-phase cyclic C-C stretching / ring-site C-H in-plane bending,delta(O2-C1-H11),angle,0.34794616599305106,+,0.02496505421751093,0.25280612971790234
23,977.5606322881977,,,mixed mixed-phase cyclic C-C stretching / ring-site C-H in-plane bending,tau(H15-C4-C5-C7),dihedral,0.31492686692415134,-,-0.016464989471359825,0.5260504175017567
23,977.5606322881977,,,mixed mixed-phase cyclic C-C stretching / ring-site C-H in-plane bending,delta(C1-O2-C3),angle,0.2605470204023963,-,-0.02091129387692495,0.2698142431668865
23,977.5606322881977,,,mixed mixed-phase cyclic C-C stretching / ring-site C-H in-plane bending,nu(C7-C8),bond,0.15796507829502257,-,-0.015585296310127098,0.2944906642672141
23,977.5606322881977,,,mixed mixed-phase cyclic C-C stretching / ring-site C-H in-plane bending,tau(H14-C4-C5-C7),dihedral,0.11062858884534083,+,0.016819820131739615,0.1770782616507438
23,977.5606322881977,,,mixed mixed-phase cyclic C-C stretching / ring-site C-H in-plane bending,delta(O2-C1-H12),angle,0.10766575685699453,-,-0.013274873688325806,0.2766670087017801
23,977.5606322881977,,,mixed mixed-phase cyclic C-C stretching / ring-site C-H in-plane bending,tau(H13-C3-C8-C7),dihedral,0.08753239570991074,-,-0.01335298249195304,0.2223068411147103
23,977.5606322881977,,,mixed mixed-phase cyclic C-C stretching / ring-site C-H in-plane bending,tau(H11-C1-O2-C3),dihedral,0.0444065142161067,-,-0.010532436419436571,0.18127151443851006
23,977.5606322881977,,,mixed mixed-phase cyclic C-C stretching / ring-site C-H in-plane bending,nu(C5-O6),bond,0.04393163423044241,-,-0.0048102068529523555,0.8597861112169202
23,977.5606322881977,,,mixed mixed-phase cyclic C-C stretching / ring-site C-H in-plane bending,tau(C5-C7-C8-O9),dihedral,0.03625502452087023,+,0.014975537624421737,0.07320553682576925
23,977.5606322881977,,,mixed mixed-phase cyclic C-C stretching / ring-site C-H in-plane bending,nu(C3-H13),bond,0.03418606581234585,-,-0.006887524878534007,0.32633475937097894
23,977.5606322881977,,,mixed mixed-phase cyclic C-C stretching / ring-site C-H in-plane bending,delta(O2-C3-C8),angle,0.032320964872617916,-,-0.006618785108979225,0.33409373107359736
23,977.5606322881977,,,mixed mixed-phase cyclic C-C stretching / ring-site C-H in-plane bending,delta(C3-C4-H15),angle,0.0271185721010303,-,-0.004679880081457485,0.5607095340721711
23,977.5606322881977,,,mixed mixed-phase cyclic C-C stretching / ring-site C-H in-plane bending,delta(C5-C7-H17),angle,0.026753332711812537,-,-0.006971645435242077,0.24925729583022535
23,977.5606322881977,,,mixed mixed-phase cyclic C-C stretching / ring-site C-H in-plane bending,nu(C7-H17),bond,0.024960508306180827,-,-0.005825958803898058,0.3330114592444899
23,977.5606322881977,,,mixed mixed-phase cyclic C-C stretching / ring-site C-H in-plane bending,nu(C4-H14),bond,0.024540284479684055,+,0.005803017101772853,0.32999887833147423
23,977.5606322881977,,,mixed mixed-phase cyclic C-C stretching / ring-site C-H in-plane bending,delta(C7-C8-O9),angle,0.02189432410733956,+,0.004828119132136042,0.42532034670863855
23,977.5606322881977,,,mixed mixed-phase cyclic C-C stretching / ring-site C-H in-plane bending,nu(C1-H12),bond,0.01810220264567591,-,-0.005022946222071394,0.32490390949747744
23,977.5606322881977,,,mixed mixed-phase cyclic C-C stretching / ring-site C-H in-plane bending,tau(H12-C1-O2-C3),dihedral,0.016743695831655265,+,0.006379804423265144,0.18628469149813526
23,977.5606322881977,,,mixed mixed-phase cyclic C-C stretching / ring-site C-H in-plane bending,tau(C3-C4-C5-O6),dihedral,0.014241168922337413,+,0.008742895107475748,0.08436759585486936
23,977.5606322881977,,,mixed mixed-phase cyclic C-C stretching / ring-site C-H in-plane bending,nu(C4-H15),bond,0.012504222913271247,-,-0.004063820473481767,0.3428690238780344
23,977.5606322881977,,,mixed mixed-phase cyclic C-C stretching / ring-site C-H in-plane bending,delta(H10-C1-H12),angle,0.010943062297052409,+,0.004127497516577488,0.2908746019881476
23,977.5606322881977,,,mixed mixed-phase cyclic C-C stretching / ring-site C-H in-plane bending,nu(C1-H10),bond,0.009337139451599197,-,-0.003574063735004698,0.33100140032692144
23,977.5606322881977,,,mixed mixed-phase cyclic C-C stretching / ring-site C-H in-plane bending,nu(C7-H16),bond,0.00632054168959675,+,0.0029063033098456342,0.3388542982866813
23,977.5606322881977,,,mixed mixed-phase cyclic C-C stretching / ring-site C-H in-plane bending,nu(C8-O9),bond,0.002317700044862294,+,0.0011106300549613786,0.8508616649752963
23,977.5606322881977,,,mixed mixed-phase cyclic C-C stretching / ring-site C-H in-plane bending,tau(C1-O2-C3-C4),dihedral,1.214397900959162e-05,+,0.00041179857992542675,0.032428875569921495
23,977.5606322881977,,,mixed mixed-phase cyclic C-C stretching / ring-site C-H in-plane bending,nu(C1-H11),bond,1.6309174427398832e-06,+,4.628891993302868e-05,0.3446818810517787
24,1023.9146419121789,,,mixed ring-site C-H in-plane bending / cyclic C-C stretching / ring-site C-H out-of-plane bending,delta(C3-C4-H15),angle,23.987568776994934,-,-0.1810316783483284,0.5607095340721711
24,1023.9146419121789,,,mixed ring-site C-H in-plane bending / cyclic C-C stretching / ring-site C-H out-of-plane bending,nu(C3-C4),bond,16.31367273581411,-,-0.18609823976082077,0.3608511373961394
24,1023.9146419121789,,,mixed ring-site C-H in-plane bending / cyclic C-C stretching / ring-site C-H out-of-plane bending,delta(C5-C4-H14),angle,10.747707080118005,+,0.15398486760283353,0.34723268377330074
24,1023.9146419121789,,,mixed ring-site C-H in-plane bending / cyclic C-C stretching / ring-site C-H out-of-plane bending,tau(O2-C3-C8-C7),dihedral,7.947236563470435,-,-0.11699718100190865,0.4447604988167489
24,1023.9146419121789,,,mixed ring-site C-H in-plane bending / cyclic C-C stretching / ring-site C-H out-of-plane bending,delta(O2-C3-C4),angle,7.349563628178983,+,0.08938662703604305,0.7046562659244109
24,1023.9146419121789,,,mixed ring-site C-H in-plane bending / cyclic C-C stretching / ring-site C-H out-of-plane bending,tau(H15-C4-C5-C7),dihedral,6.442449825589097,-,-0.09685951036673474,0.5260504175017567
24,1023.9146419121789,,,mixed ring-site C-H in-plane bending / cyclic C-C stretching / ring-site C-H out-of-plane bending,tau(H13-C3-C8-C7),dihedral,5.894115830083483,-,-0.1425159102575796,0.2223068411147103
24,1023.9146419121789,,,mixed ring-site C-H in-plane bending / cyclic C-C stretching / ring-site C-H out-of-plane bending,delta(C8-C7-H17),angle,3.99942073603406,-,-0.12488762677232536,0.19643511781922787
24,1023.9146419121789,,,mixed ring-site C-H in-plane bending / cyclic C-C stretching / ring-site C-H out-of-plane bending,delta(C4-C3-C8),angle,3.615032050788388,+,0.04077833941150488,1.6653822931266715
24,1023.9146419121789,,,mixed ring-site C-H in-plane bending / cyclic C-C stretching / ring-site C-H out-of-plane bending,delta(C8-C3-H13),angle,1.9246532549798827,+,0.08191437984532231,0.21973187748757736
24,1023.9146419121789,,,mixed ring-site C-H in-plane bending / cyclic C-C stretching / ring-site C-H out-of-plane bending,delta(O2-C1-H11),angle,1.5703647373933307,-,-0.06898217746124456,0.25280612971790234
24,1023.9146419121789,,,mixed ring-site C-H in-plane bending / cyclic C-C stretching / ring-site C-H out-of-plane bending,"gamma(H14;C4,C3,H15)",oop,1.5206215473204823,+,0.0659872466769427,0.2675235310053796
24,1023.9146419121789,,,mixed ring-site C-H in-plane bending / cyclic C-C stretching / ring-site C-H out-of-plane bending,"gamma(H16;C7,C8,H17)",oop,1.2953421693942735,+,0.07325651990039714,0.18490676504661133
24,1023.9146419121789,,,mixed ring-site C-H in-plane bending / cyclic C-C stretching / ring-site C-H out-of-plane bending,nu(C1-O2),bond,1.1671136702348772,+,0.052483281293975705,0.3245877010854186
24,1023.9146419121789,,,mixed ring-site C-H in-plane bending / cyclic C-C stretching / ring-site C-H out-of-plane bending,nu(C7-C8),bond,0.9042097212718474,+,0.04849860555037763,0.2944906642672141
24,1023.9146419121789,,,mixed ring-site C-H in-plane bending / cyclic C-C stretching / ring-site C-H out-of-plane bending,nu(O2-C3),bond,0.8250693456857883,-,-0.04472306109438319,0.31600086564110863
24,1023.9146419121789,,,mixed ring-site C-H in-plane bending / cyclic C-C stretching / ring-site C-H out-of-plane bending,delta(C1-O2-C3),angle,0.8103087480509858,+,0.0479648686534374,0.2698142431668865
24,1023.9146419121789,,,mixed ring-site C-H in-plane bending / cyclic C-C stretching / ring-site C-H out-of-plane bending,delta(O2-C3-C8),angle,0.7428049419168431,-,-0.041269923190481825,0.33409373107359736
24,1023.9146419121789,,,mixed ring-site C-H in-plane bending / cyclic C-C stretching / ring-site C-H out-of-plane bending,delta(C7-C8-O9),angle,0.6282463592231456,-,-0.03363855582178003,0.42532034670863855
24,1023.9146419121789,,,mixed ring-site C-H in-plane bending / cyclic C-C stretching / ring-site C-H out-of-plane bending,tau(C4-C5-C7-H16),dihedral,0.607910624131663,+,0.05446727134878574,0.15697459052850737
24,1023.9146419121789,,,mixed ring-site C-H in-plane bending / cyclic C-C stretching / ring-site C-H out-of-plane bending,delta(C5-C7-H17),angle,0.4428301501370874,-,-0.03689139545961946,0.24925729583022535
24,1023.9146419121789,,,mixed ring-site C-H in-plane bending / cyclic C-C stretching / ring-site C-H out-of-plane bending,nu(C4-C5),bond,0.33188850512871065,+,0.030701448517849898,0.2697337819721011
24,1023.9146419121789,,,mixed ring-site C-H in-plane bending / cyclic C-C stretching / ring-site C-H out-of-plane bending,delta(O2-C1-H12),angle,0.198596345856352,+,0.02344970432077617,0.2766670087017801
24,1023.9146419121789,,,mixed ring-site C-H in-plane bending / cyclic C-C stretching / ring-site C-H out-of-plane bending,delta(O2-C1-H10),angle,0.17878189260681596,+,0.01989633422767154,0.3459698539295735
24,1023.9146419121789,,,mixed ring-site C-H in-plane bending / cyclic C-C stretching / ring-site C-H out-of-plane bending,delta(H10-C1-H12),angle,0.15136363997710117,+,0.019965873362179903,0.2908746019881476
24,1023.9146419121789,,,mixed ring-site C-H in-plane bending / cyclic C-C stretching / ring-site C-H out-of-plane bending,nu(C3-C8),bond,0.10299787263627459,+,0.016927695189068646,0.2753553110419089
24,1023.9146419121789,,,mixed ring-site C-H in-plane bending / cyclic C-C stretching / ring-site C-H out-of-plane bending,tau(H12-C1-O2-C3),dihedral,0.08094620131670618,-,-0.018244841070411525,0.18628469149813526
24,1023.9146419121789,,,mixed ring-site C-H in-plane bending / cyclic C-C stretching / ring-site C-H out-of-plane bending,tau(C5-C7-C8-O9),dihedral,0.056134321076571125,-,-0.024236656291172214,0.07320553682576925
24,1023.9146419121789,,,mixed ring-site C-H in-plane bending / cyclic C-C stretching / ring-site C-H out-of-plane bending,delta(C5-C7-C8),angle,0.03711498367680617,-,-0.004576144905217398,1.3577212054820749
24,1023.9146419121789,,,mixed ring-site C-H in-plane bending / cyclic C-C stretching / ring-site C-H out-of-plane bending,nu(C4-H14),bond,0.03223146665813823,-,-0.008649962682619574,0.32999887833147423
24,1023.9146419121789,,,mixed ring-site C-H in-plane bending / cyclic C-C stretching / ring-site C-H out-of-plane bending,delta(O6-C5-C7),angle,0.017979093918051924,-,-0.0056341232088816555,0.4338863468073931
24,1023.9146419121789,,,mixed ring-site C-H in-plane bending / cyclic C-C stretching / ring-site C-H out-of-plane bending,tau(H14-C4-C5-C7),dihedral,0.017809601266942685,+,0.008777582192681072,0.1770782616507438
24,1023.9146419121789,,,mixed ring-site C-H in-plane bending / cyclic C-C stretching / ring-site C-H out-of-plane bending,tau(H11-C1-O2-C3),dihedral,0.012619097722596007,+,0.007302638490932969,0.18127151443851006
24,1023.9146419121789,,,mixed ring-site C-H in-plane bending / cyclic C-C stretching / ring-site C-H out-of-plane bending,nu(C7-H17),bond,0.0094333642419899,+,0.004658371761199904,0.3330114592444899
24,1023.9146419121789,,,mixed ring-site C-H in-plane bending / cyclic C-C stretching / ring-site C-H out-of-plane bending,nu(C8-O9),bond,0.009311726711425914,-,-0.002895449960292577,0.8508616649752963
24,1023.9146419121789,,,mixed ring-site C-H in-plane bending / cyclic C-C stretching / ring-site C-H out-of-plane bending,tau(C3-C4-C5-O6),dihedral,0.007662031368502828,-,-0.0083409315603891,0.08436759585486936
24,1023.9146419121789,,,mixed ring-site C-H in-plane bending / cyclic C-C stretching / ring-site C-H out-of-plane bending,nu(C7-H16),bond,0.004056819694934845,-,-0.003028424738509968,0.3388542982866813
24,1023.9146419121789,,,mixed ring-site C-H in-plane bending / cyclic C-C stretching / ring-site C-H out-of-plane bending,nu(C3-H13),bond,0.00392477083238259,-,-0.003035330011012717,0.32633475937097894
24,1023.9146419121789,,,mixed ring-site C-H in-plane bending / cyclic C-C stretching / ring-site C-H out-of-plane bending,nu(C1-H12),bond,0.0035744619905451326,-,-0.002903075327005575,0.32490390949747744
24,1023.9146419121789,,,mixed ring-site C-H in-plane bending / cyclic C-C stretching / ring-site C-H out-of-plane bending,tau(C1-O2-C3-C4),dihedral,0.0029017666458559734,-,-0.008279340209656717,0.032428875569921495
24,1023.9146419121789,,,mixed ring-site C-H in-plane bending / cyclic C-C stretching / ring-site C-H out-of-plane bending,nu(C5-O6),bond,0.0014079279642987823,-,-0.0011200191196348993,0.8597861112169202
24,1023.9146419121789,,,mixed ring-site C-H in-plane bending / cyclic C-C stretching / ring-site C-H out-of-plane bending,nu(C1-H10),bond,0.001075479061686333,-,-0.0015776711936793903,0.33100140032692144
24,1023.9146419121789,,,mixed ring-site C-H in-plane bending / cyclic C-C stretching / ring-site C-H out-of-plane bending,nu(C4-H15),bond,0.0010271092511218898,+,0.0015148674242480586,0.3428690238780344
24,1023.9146419121789,,,mixed ring-site C-H in-plane bending / cyclic C-C stretching / ring-site C-H out-of-plane bending,nu(C5-C7),bond,0.0006034128496272339,-,-0.0012072651437083463,0.3171539275239167
24,1023.9146419121789,,,mixed ring-site C-H in-plane bending / cyclic C-C stretching / ring-site C-H out-of-plane bending,nu(C1-H11),bond,0.00031561073486974564,-,-0.0008375236658418301,0.3446818810517787
25,1099.7643992075948,,,mixed C-O stretching / exocyclic C-O stretching,nu(C1-O2),bond,50.307531043049366,-,-0.31548070669085787,0.3245877010854186
25,1099.7643992075948,,,mixed C-O stretching / exocyclic C-O stretching,nu(O2-C3),bond,15.469042014151112,+,0.1773004779840868,0.31600086564110863
25,1099.7643992075948,,,mixed C-O stretching / exocyclic C-O stretching,delta(C3-C4-H15),angle,9.67810258456095,-,-0.10528062956130564,0.5607095340721711
25,1099.7643992075948,,,mixed C-O stretching / exocyclic C-O stretching,tau(H15-C4-C5-C7),dihedral,4.847695886693886,-,-0.07692656349642693,0.5260504175017567
25,1099.7643992075948,,,mixed C-O stretching / exocyclic C-O stretching,delta(O2-C3-C4),angle,2.7229839390269985,+,0.049814550277513456,0.7046562659244109
25,1099.7643992075948,,,mixed C-O stretching / exocyclic C-O stretching,delta(C8-C3-H13),angle,2.376064647333824,+,0.08333068006170857,0.21973187748757736
25,1099.7643992075948,,,mixed C-O stretching / exocyclic C-O stretching,tau(O2-C3-C8-C7),dihedral,2.137459676003081,-,-0.0555530866026488,0.4447604988167489
25,1099.7643992075948,,,mixed C-O stretching / exocyclic C-O stretching,delta(O2-C1-H12),angle,2.0872515371209572,+,0.06960349390664357,0.2766670087017801
25,1099.7643992075948,,,mixed C-O stretching / exocyclic C-O stretching,delta(C8-C7-H17),angle,1.0992279713607065,+,0.05994550908312219,0.19643511781922787
25,1099.7643992075948,,,mixed C-O stretching / exocyclic C-O stretching,delta(C5-C7-H17),angle,0.9609435884924891,-,-0.04975621551426737,0.24925729583022535
25,1099.7643992075948,,,mixed C-O stretching / exocyclic C-O stretching,nu(C5-C7),bond,0.8496880195783639,+,0.04147792610269194,0.3171539275239167
25,1099.7643992075948,,,mixed C-O stretching / exocyclic C-O stretching,delta(O2-C1-H11),angle,0.8404767662620117,+,0.04620525691000991,0.25280612971790234
25,1099.7643992075948,,,mixed C-O stretching / exocyclic C-O stretching,tau(H14-C4-C5-C7),dihedral,0.8285956066496358,-,-0.05481646447990766,0.1770782616507438
25,1099.7643992075948,,,mixed C-O stretching / exocyclic C-O stretching,nu(C3-C4),bond,0.7630223509147043,-,-0.0368491032700108,0.3608511373961394
25,1099.7643992075948,,,mixed C-O stretching / exocyclic C-O stretching,nu(C4-C5),bond,0.6985094362991284,-,-0.04077939712231799,0.2697337819721011
25,1099.7643992075948,,,mixed C-O stretching / exocyclic C-O stretching,tau(C4-C5-C7-H16),dihedral,0.6656733738268873,-,-0.0521841058747537,0.15697459052850737
25,1099.7643992075948,,,mixed C-O stretching / exocyclic C-O stretching,delta(H10-C1-H12),angle,0.6578463710345996,-,-0.038109361605491714,0.2908746019881476
25,1099.7643992075948,,,mixed C-O stretching / exocyclic C-O stretching,delta(C1-O2-C3),angle,0.6364138153173785,+,0.03891882289882825,0.2698142431668865
25,1099.7643992075948,,,mixed C-O stretching / exocyclic C-O stretching,delta(C5-C7-C8),angle,0.3856322542369109,-,-0.013505283588580297,1.3577212054820749
25,1099.7643992075948,,,mixed C-O stretching / exocyclic C-O stretching,delta(O6-C5-C7),angle,0.359807038443987,-,-0.02307645897708938,0.4338863468073931
25,1099.7643992075948,,,mixed C-O stretching / exocyclic C-O stretching,delta(O2-C3-C8),angle,0.31104337616815964,-,-0.02445111388082608,0.33409373107359736
25,1099.7643992075948,,,mixed C-O stretching / exocyclic C-O stretching,delta(C4-C3-C8),angle,0.306294099193032,+,0.010867625814959456,1.6653822931266715
25,1099.7643992075948,,,mixed C-O stretching / exocyclic C-O stretching,tau(H13-C3-C8-C7),dihedral,0.24197709265240958,-,-0.0264382707902459,0.2223068411147103
25,1099.7643992075948,,,mixed C-O stretching / exocyclic C-O stretching,tau(H11-C1-O2-C3),dihedral,0.08282016293167663,-,-0.017128746886675515,0.18127151443851006
25,1099.7643992075948,,,mixed C-O stretching / exocyclic C-O stretching,delta(C5-C4-H14),angle,0.08262878292931582,-,-0.012361686132702393,0.34723268377330074
25,1099.7643992075948,,,mixed C-O stretching / exocyclic C-O stretching,nu(C1-H12),bond,0.08101294282142424,+,0.012653832130061316,0.32490390949747744
25,1099.7643992075948,,,mixed C-O stretching / exocyclic C-O stretching,"gamma(H16;C7,C8,H17)",oop,0.06875817967600983,-,-0.01545283324305248,0.18490676504661133
25,1099.7643992075948,,,mixed C-O stretching / exocyclic C-O stretching,nu(C5-O6),bond,0.06352117513009993,-,-0.0068878928473565006,0.8597861112169202
25,1099.7643992075948,,,mixed C-O stretching / exocyclic C-O stretching,nu(C1-H10),bond,0.054969759841413245,+,0.010326884918006853,0.33100140032692144
25,1099.7643992075948,,,mixed C-O stretching / exocyclic C-O stretching,nu(C3-C8),bond,0.05171170121136519,-,-0.010981711166446525,0.2753553110419089
25,1099.7643992075948,,,mixed C-O stretching / exocyclic C-O stretching,delta(O2-C1-H10),angle,0.048893131334448586,+,0.009526363086225027,0.3459698539295735
25,1099.7643992075948,,,mixed C-O stretching / exocyclic C-O stretching,tau(C5-C7-C8-O9),dihedral,0.03591594171603778,+,0.017749821798782487,0.07320553682576925
25,1099.7643992075948,,,mixed C-O stretching / exocyclic C-O stretching,"gamma(H14;C4,C3,H15)",oop,0.035590139733647976,+,0.009242855971958295,0.2675235310053796
25,1099.7643992075948,,,mixed C-O stretching / exocyclic C-O stretching,nu(C3-H13),bond,0.034793275355722665,-,-0.008274434504195521,0.32633475937097894
25,1099.7643992075948,,,mixed C-O stretching / exocyclic C-O stretching,tau(C3-C4-C5-O6),dihedral,0.03456373797072418,-,-0.01621977585525649,0.08436759585486936
25,1099.7643992075948,,,mixed C-O stretching / exocyclic C-O stretching,nu(C1-H11),bond,0.03423785283342096,+,0.007986681512955094,0.3446818810517787
25,1099.7643992075948,,,mixed C-O stretching / exocyclic C-O stretching,nu(C7-C8),bond,0.02279068348577685,-,-0.007049612444356269,0.2944906642672141
25,1099.7643992075948,,,mixed C-O stretching / exocyclic C-O stretching,nu(C8-O9),bond,0.021315832253840206,-,-0.0040109200144009295,0.8508616649752963
25,1099.7643992075948,,,mixed C-O stretching / exocyclic C-O stretching,tau(H12-C1-O2-C3),dihedral,0.013587565567519276,+,0.006843914510839707,0.18628469149813526
25,1099.7643992075948,,,mixed C-O stretching / exocyclic C-O stretching,tau(C1-O2-C3-C4),dihedral,0.001205524421311018,-,-0.0048858979776660325,0.032428875569921495
25,1099.7643992075948,,,mixed C-O stretching / exocyclic C-O stretching,nu(C4-H14),bond,0.00017943119057744626,+,0.0005909014703135167,0.32999887833147423
25,1099.7643992075948,,,mixed C-O stretching / exocyclic C-O stretching,nu(C7-H17),bond,0.00014702056592858892,-,-0.00053245362611862,0.3330114592444899
25,1099.7643992075948,,,mixed C-O stretching / exocyclic C-O stretching,nu(C7-H16),bond,6.122335098128874e-05,+,0.00034062332329654575,0.3388542982866813
25,1099.7643992075948,,,mixed C-O stretching / exocyclic C-O stretching,delta(C7-C8-O9),angle,7.093901072386255e-06,-,-0.00010349200893290486,0.42532034670863855
25,1099.7643992075948,,,mixed C-O stretching / exocyclic C-O stretching,nu(C4-H15),bond,6.353407090259804e-06,-,-0.00010908412421239098,0.3428690238780344
26,1123.1107211874184,,,mixed mixed-phase cyclic C-C stretching / ring-site C-H in-plane bending / cyclic-ring deformation (C-C-C bend),delta(C4-C3-C8),angle,15.313228955738985,+,0.08114499594043056,1.6653822931266715
26,1123.1107211874184,,,mixed mixed-phase cyclic C-C stretching / ring-site C-H in-plane bending / cyclic-ring deformation (C-C-C bend),nu(C3-C8),bond,12.84081921181403,-,-0.18274056497356922,0.2753553110419089
26,1123.1107211874184,,,mixed mixed-phase cyclic C-C stretching / ring-site C-H in-plane bending / cyclic-ring deformation (C-C-C bend),nu(C7-C8),bond,11.444180018667906,+,0.16681761233086756,0.2944906642672141
26,1123.1107211874184,,,mixed mixed-phase cyclic C-C stretching / ring-site C-H in-plane bending / cyclic-ring deformation (C-C-C bend),nu(C5-C7),bond,10.966307289051372,-,-0.15735497739878618,0.3171539275239167
26,1123.1107211874184,,,mixed mixed-phase cyclic C-C stretching / ring-site C-H in-plane bending / cyclic-ring deformation (C-C-C bend),nu(C4-C5),bond,9.327116371490018,+,0.1573589152448125,0.2697337819721011
26,1123.1107211874184,,,mixed mixed-phase cyclic C-C stretching / ring-site C-H in-plane bending / cyclic-ring deformation (C-C-C bend),delta(C3-C4-H15),angle,4.986488350981689,-,-0.07980199716163276,0.5607095340721711
26,1123.1107211874184,,,mixed mixed-phase cyclic C-C stretching / ring-site C-H in-plane bending / cyclic-ring deformation (C-C-C bend),tau(H15-C4-C5-C7),dihedral,4.853731556340921,-,-0.08128483305998176,0.5260504175017567
26,1123.1107211874184,,,mixed mixed-phase cyclic C-C stretching / ring-site C-H in-plane bending / cyclic-ring deformation (C-C-C bend),delta(C7-C8-O9),angle,4.576262663780092,-,-0.08777740117254608,0.42532034670863855
26,1123.1107211874184,,,mixed mixed-phase cyclic C-C stretching / ring-site C-H in-plane bending / cyclic-ring deformation (C-C-C bend),delta(C8-C7-H17),angle,4.497476145753138,+,0.12804428363319084,0.19643511781922787
26,1123.1107211874184,,,mixed mixed-phase cyclic C-C stretching / ring-site C-H in-plane bending / cyclic-ring deformation (C-C-C bend),delta(O6-C5-C7),angle,4.001208770370476,+,0.08126301664769968,0.4338863468073931
26,1123.1107211874184,,,mixed mixed-phase cyclic C-C stretching / ring-site C-H in-plane bending / cyclic-ring deformation (C-C-C bend),delta(C5-C7-H17),angle,3.3889544909271305,-,-0.0986720736387827,0.24925729583022535
26,1123.1107211874184,,,mixed mixed-phase cyclic C-C stretching / ring-site C-H in-plane bending / cyclic-ring deformation (C-C-C bend),delta(C8-C3-H13),angle,3.362656693366296,-,-0.10468393965134311,0.21973187748757736
26,1123.1107211874184,,,mixed mixed-phase cyclic C-C stretching / ring-site C-H in-plane bending / cyclic-ring deformation (C-C-C bend),tau(H13-C3-C8-C7),dihedral,2.232404046695536,+,0.0847998947157078,0.2223068411147103
26,1123.1107211874184,,,mixed mixed-phase cyclic C-C stretching / ring-site C-H in-plane bending / cyclic-ring deformation (C-C-C bend),delta(O2-C3-C8),angle,1.9552355670957922,+,0.06473672238971288,0.33409373107359736
26,1123.1107211874184,,,mixed mixed-phase cyclic C-C stretching / ring-site C-H in-plane bending / cyclic-ring deformation (C-C-C bend),delta(O2-C1-H11),angle,0.9877583929854912,-,-0.05289527637086906,0.25280612971790234
26,1123.1107211874184,,,mixed mixed-phase cyclic C-C stretching / ring-site C-H in-plane bending / cyclic-ring deformation (C-C-C bend),tau(H12-C1-O2-C3),dihedral,0.9595728901789962,-,-0.060734537373981025,0.18628469149813526
26,1123.1107211874184,,,mixed mixed-phase cyclic C-C stretching / ring-site C-H in-plane bending / cyclic-ring deformation (C-C-C bend),tau(H11-C1-O2-C3),dihedral,0.8245239287933285,-,-0.05707187972329165,0.18127151443851006
26,1123.1107211874184,,,mixed mixed-phase cyclic C-C stretching / ring-site C-H in-plane bending / cyclic-ring deformation (C-C-C bend),delta(O2-C1-H12),angle,0.5034550100280794,+,0.036098318505227774,0.2766670087017801
26,1123.1107211874184,,,mixed mixed-phase cyclic C-C stretching / ring-site C-H in-plane bending / cyclic-ring deformation (C-C-C bend),nu(C3-C4),bond,0.4041644960469222,+,0.02832046416804012,0.3608511373961394
26,1123.1107211874184,,,mixed mixed-phase cyclic C-C stretching / ring-site C-H in-plane bending / cyclic-ring deformation (C-C-C bend),delta(C5-C4-H14),angle,0.35508178103420485,-,-0.0270607122084759,0.34723268377330074
26,1123.1107211874184,,,mixed mixed-phase cyclic C-C stretching / ring-site C-H in-plane bending / cyclic-ring deformation (C-C-C bend),tau(C4-C5-C7-H16),dihedral,0.26388325556556835,-,-0.03469577266592306,0.15697459052850737
26,1123.1107211874184,,,mixed mixed-phase cyclic C-C stretching / ring-site C-H in-plane bending / cyclic-ring deformation (C-C-C bend),"gamma(H14;C4,C3,H15)",oop,0.25539195172578716,-,-0.026146161283983397,0.2675235310053796
26,1123.1107211874184,,,mixed mixed-phase cyclic C-C stretching / ring-site C-H in-plane bending / cyclic-ring deformation (C-C-C bend),tau(H14-C4-C5-C7),dihedral,0.25200120330093867,+,0.03192302283724962,0.1770782616507438
26,1123.1107211874184,,,mixed mixed-phase cyclic C-C stretching / ring-site C-H in-plane bending / cyclic-ring deformation (C-C-C bend),delta(O2-C3-C4),angle,0.20674710235509816,+,0.014494938697811141,0.7046562659244109
26,1123.1107211874184,,,mixed mixed-phase cyclic C-C stretching / ring-site C-H in-plane bending / cyclic-ring deformation (C-C-C bend),nu(O2-C3),bond,0.15247027256647436,-,-0.018588047708471115,0.31600086564110863
26,1123.1107211874184,,,mixed mixed-phase cyclic C-C stretching / ring-site C-H in-plane bending / cyclic-ring deformation (C-C-C bend),nu(C5-O6),bond,0.14409097039307597,-,-0.010954901997140687,0.8597861112169202
26,1123.1107211874184,,,mixed mixed-phase cyclic C-C stretching / ring-site C-H in-plane bending / cyclic-ring deformation (C-C-C bend),nu(C8-O9),bond,0.14140604579398042,+,0.010909122956422636,0.8508616649752963
26,1123.1107211874184,,,mixed mixed-phase cyclic C-C stretching / ring-site C-H in-plane bending / cyclic-ring deformation (C-C-C bend),tau(C5-C7-C8-O9),dihedral,0.138972436660849,+,0.03687038712524443,0.07320553682576925
26,1123.1107211874184,,,mixed mixed-phase cyclic C-C stretching / ring-site C-H in-plane bending / cyclic-ring deformation (C-C-C bend),delta(C5-C7-C8),angle,0.13506452702986146,-,-0.008440159945654122,1.3577212054820749
26,1123.1107211874184,,,mixed mixed-phase cyclic C-C stretching / ring-site C-H in-plane bending / cyclic-ring deformation (C-C-C bend),tau(C1-O2-C3-C4),dihedral,0.1304214410894257,-,-0.05366533916504791,0.032428875569921495
26,1123.1107211874184,,,mixed mixed-phase cyclic C-C stretching / ring-site C-H in-plane bending / cyclic-ring deformation (C-C-C bend),"gamma(H16;C7,C8,H17)",oop,0.12308988280822272,+,0.021833336339408704,0.18490676504661133
26,1123.1107211874184,,,mixed mixed-phase cyclic C-C stretching / ring-site C-H in-plane bending / cyclic-ring deformation (C-C-C bend),delta(H10-C1-H12),angle,0.10873403455271952,+,0.01636120087157747,0.2908746019881476
26,1123.1107211874184,,,mixed mixed-phase cyclic C-C stretching / ring-site C-H in-plane bending / cyclic-ring deformation (C-C-C bend),tau(O2-C3-C8-C7),dihedral,0.08870179902381656,-,-0.011950564935794699,0.4447604988167489
26,1123.1107211874184,,,mixed mixed-phase cyclic C-C stretching / ring-site C-H in-plane bending / cyclic-ring deformation (C-C-C bend),delta(C1-O2-C3),angle,0.04928459491192512,+,0.011436904271712579,0.2698142431668865
26,1123.1107211874184,,,mixed mixed-phase cyclic C-C stretching / ring-site C-H in-plane bending / cyclic-ring deformation (C-C-C bend),delta(O2-C1-H10),angle,0.016101373075061216,+,0.005772948106919227,0.3459698539295735
26,1123.1107211874184,,,mixed mixed-phase cyclic C-C stretching / ring-site C-H in-plane bending / cyclic-ring deformation (C-C-C bend),nu(C1-O2),bond,0.0092216317016976,-,-0.004510484376810119,0.3245877010854186
26,1123.1107211874184,,,mixed mixed-phase cyclic C-C stretching / ring-site C-H in-plane bending / cyclic-ring deformation (C-C-C bend),tau(C3-C4-C5-O6),dihedral,0.0017037146564561365,-,-0.003802733750723563,0.08436759585486936
26,1123.1107211874184,,,mixed mixed-phase cyclic C-C stretching / ring-site C-H in-plane bending / cyclic-ring deformation (C-C-C bend),nu(C4-H15),bond,0.0013240901953536456,-,-0.0016629530409408694,0.3428690238780344
26,1123.1107211874184,,,mixed mixed-phase cyclic C-C stretching / ring-site C-H in-plane bending / cyclic-ring deformation (C-C-C bend),nu(C3-H13),bond,0.00024140272377578824,-,-0.000727821267475295,0.32633475937097894
26,1123.1107211874184,,,mixed mixed-phase cyclic C-C stretching / ring-site C-H in-plane bending / cyclic-ring deformation (C-C-C bend),nu(C4-H14),bond,0.00022435459674467967,-,-0.0006977447549150228,0.32999887833147423
26,1123.1107211874184,,,mixed mixed-phase cyclic C-C stretching / ring-site C-H in-plane bending / cyclic-ring deformation (C-C-C bend),nu(C7-H16),bond,0.00019803557073258207,+,0.0006469197782259025,0.3388542982866813
26,1123.1107211874184,,,mixed mixed-phase cyclic C-C stretching / ring-site C-H in-plane bending / cyclic-ring deformation (C-C-C bend),nu(C1-H11),bond,2.8561774628396742e-05,-,-0.00024359518134126925,0.3446818810517787
26,1123.1107211874184,,,mixed mixed-phase cyclic C-C stretching / ring-site C-H in-plane bending / cyclic-ring deformation (C-C-C bend),nu(C7-H17),bond,2.7464209391094145e-05,-,-0.00024301847315976642,0.3330114592444899
26,1123.1107211874184,,,mixed mixed-phase cyclic C-C stretching / ring-site C-H in-plane bending / cyclic-ring deformation (C-C-C bend),nu(C1-H10),bond,2.33570544428879e-05,-,-0.00022479127326788966,0.33100140032692144
26,1123.1107211874184,,,mixed mixed-phase cyclic C-C stretching / ring-site C-H in-plane bending / cyclic-ring deformation (C-C-C bend),nu(C1-H12),bond,1.9865523540704194e-05,+,0.00020924633754579498,0.32490390949747744
27,1136.965959768542,,,mixed ring-site C-H in-plane bending / ring-site C-H out-of-plane bending / mixed-phase cyclic C-C stretching,delta(C3-C4-H15),angle,14.169162806046765,-,-0.14403040444444346,0.5607095340721711
27,1136.965959768542,,,mixed ring-site C-H in-plane bending / ring-site C-H out-of-plane bending / mixed-phase cyclic C-C stretching,nu(O2-C3),bond,8.340122091585362,-,-0.14719502219019118,0.31600086564110863
27,1136.965959768542,,,mixed ring-site C-H in-plane bending / ring-site C-H out-of-plane bending / mixed-phase cyclic C-C stretching,delta(C4-C3-C8),angle,8.145307977162304,-,-0.06336476650384684,1.6653822931266715
27,1136.965959768542,,,mixed ring-site C-H in-plane bending / ring-site C-H out-of-plane bending / mixed-phase cyclic C-C stretching,delta(C8-C7-H17),angle,7.547836952527253,+,0.1776040007288245,0.19643511781922787
27,1136.965959768542,,,mixed ring-site C-H in-plane bending / ring-site C-H out-of-plane bending / mixed-phase cyclic C-C stretching,nu(C5-C7),bond,7.263351134206088,+,0.13711486119077093,0.3171539275239167
27,1136.965959768542,,,mixed ring-site C-H in-plane bending / ring-site C-H out-of-plane bending / mixed-phase cyclic C-C stretching,delta(C5-C7-H17),angle,5.932532310871804,-,-0.13978068741572797,0.24925729583022535
27,1136.965959768542,,,mixed ring-site C-H in-plane bending / ring-site C-H out-of-plane bending / mixed-phase cyclic C-C stretching,nu(C4-C5),bond,5.716996061676532,-,-0.13190684444455283,0.2697337819721011
27,1136.965959768542,,,mixed ring-site C-H in-plane bending / ring-site C-H out-of-plane bending / mixed-phase cyclic C-C stretching,delta(C5-C7-C8),angle,4.84873509213214,-,-0.05414520264980556,1.3577212054820749
27,1136.965959768542,,,mixed ring-site C-H in-plane bending / ring-site C-H out-of-plane bending / mixed-phase cyclic C-C stretching,tau(H15-C4-C5-C7),dihedral,4.505255332121938,-,-0.0838488431746471,0.5260504175017567
27,1136.965959768542,,,mixed ring-site C-H in-plane bending / ring-site C-H out-of-plane bending / mixed-phase cyclic C-C stretching,tau(C4-C5-C7-H16),dihedral,4.372122573638983,-,-0.15121070576055068,0.15697459052850737
27,1136.965959768542,,,mixed ring-site C-H in-plane bending / ring-site C-H out-of-plane bending / mixed-phase cyclic C-C stretching,"gamma(H14;C4,C3,H15)",oop,3.900528313500542,-,-0.1094036417522164,0.2675235310053796
27,1136.965959768542,,,mixed ring-site C-H in-plane bending / ring-site C-H out-of-plane bending / mixed-phase cyclic C-C stretching,delta(O6-C5-C7),angle,3.74211829170046,-,-0.08414374146932754,0.4338863468073931
27,1136.965959768542,,,mixed ring-site C-H in-plane bending / ring-site C-H out-of-plane bending / mixed-phase cyclic C-C stretching,tau(H14-C4-C5-C7),dihedral,2.9308127739386594,-,-0.11656347019075569,0.1770782616507438
27,1136.965959768542,,,mixed ring-site C-H in-plane bending / ring-site C-H out-of-plane bending / mixed-phase cyclic C-C stretching,delta(O2-C1-H11),angle,2.823917267709468,-,-0.09575980210531405,0.25280612971790234
27,1136.965959768542,,,mixed ring-site C-H in-plane bending / ring-site C-H out-of-plane bending / mixed-phase cyclic C-C stretching,tau(O2-C3-C8-C7),dihedral,2.7102612373397337,+,0.07072835020267758,0.4447604988167489
27,1136.965959768542,,,mixed ring-site C-H in-plane bending / ring-site C-H out-of-plane bending / mixed-phase cyclic C-C stretching,nu(C3-C4),bond,2.2497123708418094,+,0.07154026002221288,0.3608511373961394
27,1136.965959768542,,,mixed ring-site C-H in-plane bending / ring-site C-H out-of-plane bending / mixed-phase cyclic C-C stretching,delta(O2-C3-C8),angle,2.1225401043857817,+,0.07221789814749849,0.33409373107359736
27,1136.965959768542,,,mixed ring-site C-H in-plane bending / ring-site C-H out-of-plane bending / mixed-phase cyclic C-C stretching,nu(C1-O2),bond,1.752696787859165,+,0.06657917673595348,0.3245877010854186
27,1136.965959768542,,,mixed ring-site C-H in-plane bending / ring-site C-H out-of-plane bending / mixed-phase cyclic C-C stretching,delta(C8-C3-H13),angle,1.3903250583890159,+,0.07207135666077664,0.21973187748757736
27,1136.965959768542,,,mixed ring-site C-H in-plane bending / ring-site C-H out-of-plane bending / mixed-phase cyclic C-C stretching,tau(H13-C3-C8-C7),dihedral,1.3091206201271262,+,0.06952875827706836,0.2223068411147103
27,1136.965959768542,,,mixed ring-site C-H in-plane bending / ring-site C-H out-of-plane bending / mixed-phase cyclic C-C stretching,delta(O2-C3-C4),angle,0.9403836787841725,+,0.03309900494422544,0.7046562659244109
27,1136.965959768542,,,mixed ring-site C-H in-plane bending / ring-site C-H out-of-plane bending / mixed-phase cyclic C-C stretching,"gamma(H16;C7,C8,H17)",oop,0.6499472735527545,-,-0.05371724342752245,0.18490676504661133
27,1136.965959768542,,,mixed ring-site C-H in-plane bending / ring-site C-H out-of-plane bending / mixed-phase cyclic C-C stretching,delta(O2-C1-H12),angle,0.4929259424168376,+,0.03824399086518318,0.2766670087017801
27,1136.965959768542,,,mixed ring-site C-H in-plane bending / ring-site C-H out-of-plane bending / mixed-phase cyclic C-C stretching,tau(C5-C7-C8-O9),dihedral,0.48877001690884836,+,0.07403402629210741,0.07320553682576925
27,1136.965959768542,,,mixed ring-site C-H in-plane bending / ring-site C-H out-of-plane bending / mixed-phase cyclic C-C stretching,delta(C5-C4-H14),angle,0.4812937371717059,-,-0.03373229285279154,0.34723268377330074
27,1136.965959768542,,,mixed ring-site C-H in-plane bending / ring-site C-H out-of-plane bending / mixed-phase cyclic C-C stretching,delta(H10-C1-H12),angle,0.4275202703351493,+,0.03473573635934356,0.2908746019881476
27,1136.965959768542,,,mixed ring-site C-H in-plane bending / ring-site C-H out-of-plane bending / mixed-phase cyclic C-C stretching,tau(H12-C1-O2-C3),dihedral,0.3457338852222342,-,-0.03903313603997793,0.18628469149813526
27,1136.965959768542,,,mixed ring-site C-H in-plane bending / ring-site C-H out-of-plane bending / mixed-phase cyclic C-C stretching,tau(H11-C1-O2-C3),dihedral,0.12353836646420702,-,-0.023653052786773016,0.18127151443851006
27,1136.965959768542,,,mixed ring-site C-H in-plane bending / ring-site C-H out-of-plane bending / mixed-phase cyclic C-C stretching,delta(C7-C8-O9),angle,0.0942291053267466,-,-0.013486073105212394,0.42532034670863855
27,1136.965959768542,,,mixed ring-site C-H in-plane bending / ring-site C-H out-of-plane bending / mixed-phase cyclic C-C stretching,nu(C3-C8),bond,0.061874628471882645,+,0.013581903131682824,0.2753553110419089
27,1136.965959768542,,,mixed ring-site C-H in-plane bending / ring-site C-H out-of-plane bending / mixed-phase cyclic C-C stretching,delta(C1-O2-C3),angle,0.05914049580743378,-,-0.013414086421927447,0.2698142431668865
27,1136.965959768542,,,mixed ring-site C-H in-plane bending / ring-site C-H out-of-plane bending / mixed-phase cyclic C-C stretching,tau(C3-C4-C5-O6),dihedral,0.017825985417956682,+,0.01317012788300373,0.08436759585486936
27,1136.965959768542,,,mixed ring-site C-H in-plane bending / ring-site C-H out-of-plane bending / mixed-phase cyclic C-C stretching,nu(C8-O9),bond,0.00761978257819269,-,-0.002711395471959523,0.8508616649752963
27,1136.965959768542,,,mixed ring-site C-H in-plane bending / ring-site C-H out-of-plane bending / mixed-phase cyclic C-C stretching,nu(C1-H10),bond,0.006851200318477632,-,-0.004122109011005131,0.33100140032692144
27,1136.965959768542,,,mixed ring-site C-H in-plane bending / ring-site C-H out-of-plane bending / mixed-phase cyclic C-C stretching,nu(C1-H11),bond,0.005753030809980055,-,-0.0037016058947212114,0.3446818810517787
27,1136.965959768542,,,mixed ring-site C-H in-plane bending / ring-site C-H out-of-plane bending / mixed-phase cyclic C-C stretching,tau(C1-O2-C3-C4),dihedral,0.005659275878438395,+,0.01196921154781589,0.032428875569921495
27,1136.965959768542,,,mixed ring-site C-H in-plane bending / ring-site C-H out-of-plane bending / mixed-phase cyclic C-C stretching,delta(O2-C1-H10),angle,0.004235693467928973,-,-0.0031702549392324756,0.3459698539295735
27,1136.965959768542,,,mixed ring-site C-H in-plane bending / ring-site C-H out-of-plane bending / mixed-phase cyclic C-C stretching,nu(C5-O6),bond,0.003943373870881923,-,-0.0019403935391334173,0.8597861112169202
27,1136.965959768542,,,mixed ring-site C-H in-plane bending / ring-site C-H out-of-plane bending / mixed-phase cyclic C-C stretching,nu(C4-H15),bond,0.0027220690514010563,+,0.0025529158445661234,0.3428690238780344
27,1136.965959768542,,,mixed ring-site C-H in-plane bending / ring-site C-H out-of-plane bending / mixed-phase cyclic C-C stretching,nu(C7-C8),bond,0.0023964490211506816,-,-0.002584635987246462,0.2944906642672141
27,1136.965959768542,,,mixed ring-site C-H in-plane bending / ring-site C-H out-of-plane bending / mixed-phase cyclic C-C stretching,nu(C1-H12),bond,0.0021539104851837,-,-0.002332853206859474,0.32490390949747744
27,1136.965959768542,,,mixed ring-site C-H in-plane bending / ring-site C-H out-of-plane bending / mixed-phase cyclic C-C stretching,nu(C4-H14),bond,0.0010421530157631003,-,-0.0016101286150193364,0.32999887833147423
27,1136.965959768542,,,mixed ring-site C-H in-plane bending / ring-site C-H out-of-plane bending / mixed-phase cyclic C-C stretching,nu(C7-H17),bond,0.0005209213595120984,-,-0.0011332025650296039,0.3330114592444899
27,1136.965959768542,,,mixed ring-site C-H in-plane bending / ring-site C-H out-of-plane bending / mixed-phase cyclic C-C stretching,nu(C7-H16),bond,0.0004635962142921167,+,0.001059777015607776,0.3388542982866813
27,1136.965959768542,,,mixed ring-site C-H in-plane bending / ring-site C-H out-of-plane bending / mixed-phase cyclic C-C stretching,nu(C3-H13),bond,2.8794477691314697e-10,+,8.510870658437738e-07,0.32633475937097894
28,1174.198378868258,,,mixed mixed-phase cyclic C-C stretching / ring-site C-H in-plane bending / cyclic-ring deformation (C-C-C bend),delta(C5-C7-C8),angle,15.995064076112296,+,0.10175823715582945,1.3577212054820749
28,1174.198378868258,,,mixed mixed-phase cyclic C-C stretching / ring-site C-H in-plane bending / cyclic-ring deformation (C-C-C bend),delta(C5-C7-H17),angle,9.042655742324168,-,-0.1785689489089155,0.24925729583022535
28,1174.198378868258,,,mixed mixed-phase cyclic C-C stretching / ring-site C-H in-plane bending / cyclic-ring deformation (C-C-C bend),nu(C7-C8),bond,8.932763278676454,-,-0.16328227017632044,0.2944906642672141
28,1174.198378868258,,,mixed mixed-phase cyclic C-C stretching / ring-site C-H in-plane bending / cyclic-ring deformation (C-C-C bend),nu(C3-C8),bond,8.364698055978607,+,0.16340309895253347,0.2753553110419089
28,1174.198378868258,,,mixed mixed-phase cyclic C-C stretching / ring-site C-H in-plane bending / cyclic-ring deformation (C-C-C bend),nu(C3-C4),bond,6.626653928161479,-,-0.12704716813551195,0.3608511373961394
28,1174.198378868258,,,mixed mixed-phase cyclic C-C stretching / ring-site C-H in-plane bending / cyclic-ring deformation (C-C-C bend),nu(C4-C5),bond,6.447493043969345,+,0.14494714094917194,0.2697337819721011
28,1174.198378868258,,,mixed mixed-phase cyclic C-C stretching / ring-site C-H in-plane bending / cyclic-ring deformation (C-C-C bend),delta(C7-C8-O9),angle,6.315508699159268,+,0.11424257208975623,0.42532034670863855
28,1174.198378868258,,,mixed mixed-phase cyclic C-C stretching / ring-site C-H in-plane bending / cyclic-ring deformation (C-C-C bend),nu(C5-C7),bond,6.088771560928488,-,-0.12990075534671225,0.3171539275239167
28,1174.198378868258,,,mixed mixed-phase cyclic C-C stretching / ring-site C-H in-plane bending / cyclic-ring deformation (C-C-C bend),delta(C3-C4-H15),angle,5.518449221865166,+,0.09300824254307116,0.5607095340721711
28,1174.198378868258,,,mixed mixed-phase cyclic C-C stretching / ring-site C-H in-plane bending / cyclic-ring deformation (C-C-C bend),delta(O6-C5-C7),angle,5.086421361873537,+,0.10150795027170978,0.4338863468073931
28,1174.198378868258,,,mixed mixed-phase cyclic C-C stretching / ring-site C-H in-plane bending / cyclic-ring deformation (C-C-C bend),delta(C8-C7-H17),angle,4.230921434097875,+,0.1375909273293134,0.19643511781922787
28,1174.198378868258,,,mixed mixed-phase cyclic C-C stretching / ring-site C-H in-plane bending / cyclic-ring deformation (C-C-C bend),"gamma(H16;C7,C8,H17)",oop,3.693533260241502,-,-0.1325032375709494,0.18490676504661133
28,1174.198378868258,,,mixed mixed-phase cyclic C-C stretching / ring-site C-H in-plane bending / cyclic-ring deformation (C-C-C bend),tau(H15-C4-C5-C7),dihedral,2.573769671202882,+,0.06557722543948773,0.5260504175017567
28,1174.198378868258,,,mixed mixed-phase cyclic C-C stretching / ring-site C-H in-plane bending / cyclic-ring deformation (C-C-C bend),"gamma(H14;C4,C3,H15)",oop,2.2648545936270716,-,-0.08626230360704776,0.2675235310053796
28,1174.198378868258,,,mixed mixed-phase cyclic C-C stretching / ring-site C-H in-plane bending / cyclic-ring deformation (C-C-C bend),delta(C8-C3-H13),angle,2.0569514176357635,-,-0.09070837087339245,0.21973187748757736
28,1174.198378868258,,,mixed mixed-phase cyclic C-C stretching / ring-site C-H in-plane bending / cyclic-ring deformation (C-C-C bend),delta(O2-C3-C4),angle,1.4543604116105617,+,0.042592118908680546,0.7046562659244109
28,1174.198378868258,,,mixed mixed-phase cyclic C-C stretching / ring-site C-H in-plane bending / cyclic-ring deformation (C-C-C bend),tau(C4-C5-C7-H16),dihedral,1.1323669710654918,-,-0.07962708189913667,0.15697459052850737
28,1174.198378868258,,,mixed mixed-phase cyclic C-C stretching / ring-site C-H in-plane bending / cyclic-ring deformation (C-C-C bend),delta(C5-C4-H14),angle,1.129070550569886,+,0.05346039023617361,0.34723268377330074
28,1174.198378868258,,,mixed mixed-phase cyclic C-C stretching / ring-site C-H in-plane bending / cyclic-ring deformation (C-C-C bend),tau(H13-C3-C8-C7),dihedral,0.764428414687172,+,0.05497609399022717,0.2223068411147103
28,1174.198378868258,,,mixed mixed-phase cyclic C-C stretching / ring-site C-H in-plane bending / cyclic-ring deformation (C-C-C bend),delta(O2-C1-H11),angle,0.3310913743683698,-,-0.03392829350761522,0.25280612971790234
28,1174.198378868258,,,mixed mixed-phase cyclic C-C stretching / ring-site C-H in-plane bending / cyclic-ring deformation (C-C-C bend),delta(O2-C1-H10),angle,0.2727097363007126,+,0.02632164792464869,0.3459698539295735
28,1174.198378868258,,,mixed mixed-phase cyclic C-C stretching / ring-site C-H in-plane bending / cyclic-ring deformation (C-C-C bend),delta(C4-C3-C8),angle,0.27146587364907754,-,-0.011969679793487648,1.6653822931266715
28,1174.198378868258,,,mixed mixed-phase cyclic C-C stretching / ring-site C-H in-plane bending / cyclic-ring deformation (C-C-C bend),delta(O2-C3-C8),angle,0.20739291311626232,-,-0.02335848522521059,0.33409373107359736
28,1174.198378868258,,,mixed mixed-phase cyclic C-C stretching / ring-site C-H in-plane bending / cyclic-ring deformation (C-C-C bend),tau(O2-C3-C8-C7),dihedral,0.14227306579705737,-,-0.016767955929504356,0.4447604988167489
28,1174.198378868258,,,mixed mixed-phase cyclic C-C stretching / ring-site C-H in-plane bending / cyclic-ring deformation (C-C-C bend),tau(C5-C7-C8-O9),dihedral,0.13958094060227427,+,0.040937656593305546,0.07320553682576925
28,1174.198378868258,,,mixed mixed-phase cyclic C-C stretching / ring-site C-H in-plane bending / cyclic-ring deformation (C-C-C bend),tau(C3-C4-C5-O6),dihedral,0.13545732094384766,-,-0.03756602881681722,0.08436759585486936
28,1174.198378868258,,,mixed mixed-phase cyclic C-C stretching / ring-site C-H in-plane bending / cyclic-ring deformation (C-C-C bend),tau(H11-C1-O2-C3),dihedral,0.13385566854279862,+,0.025476249023312716,0.18127151443851006
28,1174.198378868258,,,mixed mixed-phase cyclic C-C stretching / ring-site C-H in-plane bending / cyclic-ring deformation (C-C-C bend),nu(C8-O9),bond,0.12535234912609888,+,0.011379381119071096,0.8508616649752963
28,1174.198378868258,,,mixed mixed-phase cyclic C-C stretching / ring-site C-H in-plane bending / cyclic-ring deformation (C-C-C bend),tau(H14-C4-C5-C7),dihedral,0.11066938184783752,+,0.023437592563708774,0.1770782616507438
28,1174.198378868258,,,mixed mixed-phase cyclic C-C stretching / ring-site C-H in-plane bending / cyclic-ring deformation (C-C-C bend),nu(C5-O6),bond,0.10892586489148808,+,0.010552422687456965,0.8597861112169202
28,1174.198378868258,,,mixed mixed-phase cyclic C-C stretching / ring-site C-H in-plane bending / cyclic-ring deformation (C-C-C bend),delta(C1-O2-C3),angle,0.09008730297849972,+,0.017130941809208516,0.2698142431668865
28,1174.198378868258,,,mixed mixed-phase cyclic C-C stretching / ring-site C-H in-plane bending / cyclic-ring deformation (C-C-C bend),nu(O2-C3),bond,0.08272813599662679,+,0.015169258999068874,0.31600086564110863
28,1174.198378868258,,,mixed mixed-phase cyclic C-C stretching / ring-site C-H in-plane bending / cyclic-ring deformation (C-C-C bend),delta(O2-C1-H12),angle,0.05542492431489539,+,0.013269536403715433,0.2766670087017801
28,1174.198378868258,,,mixed mixed-phase cyclic C-C stretching / ring-site C-H in-plane bending / cyclic-ring deformation (C-C-C bend),delta(H10-C1-H12),angle,0.030437142015692427,+,0.009590271837029946,0.2908746019881476
28,1174.198378868258,,,mixed mixed-phase cyclic C-C stretching / ring-site C-H in-plane bending / cyclic-ring deformation (C-C-C bend),nu(C1-O2),bond,0.030340117117173385,-,-0.009064095645067004,0.3245877010854186
28,1174.198378868258,,,mixed mixed-phase cyclic C-C stretching / ring-site C-H in-plane bending / cyclic-ring deformation (C-C-C bend),nu(C4-H14),bond,0.008770833133114863,-,-0.004833325855059807,0.32999887833147423
28,1174.198378868258,,,mixed mixed-phase cyclic C-C stretching / ring-site C-H in-plane bending / cyclic-ring deformation (C-C-C bend),nu(C3-H13),bond,0.0014196739527618353,-,-0.0019554401263677814,0.32633475937097894
28,1174.198378868258,,,mixed mixed-phase cyclic C-C stretching / ring-site C-H in-plane bending / cyclic-ring deformation (C-C-C bend),nu(C7-H16),bond,0.0010314720255597536,-,-0.0016357017212349954,0.3388542982866813
28,1174.198378868258,,,mixed mixed-phase cyclic C-C stretching / ring-site C-H in-plane bending / cyclic-ring deformation (C-C-C bend),tau(H12-C1-O2-C3),dihedral,0.0009651334970396368,-,-0.0021339635361283435,0.18628469149813526
28,1174.198378868258,,,mixed mixed-phase cyclic C-C stretching / ring-site C-H in-plane bending / cyclic-ring deformation (C-C-C bend),nu(C1-H11),bond,0.00047146993472913044,+,0.0010964773317291743,0.3446818810517787
28,1174.198378868258,,,mixed mixed-phase cyclic C-C stretching / ring-site C-H in-plane bending / cyclic-ring deformation (C-C-C bend),tau(C1-O2-C3-C4),dihedral,0.0003904042168233659,-,-0.003252918541319791,0.032428875569921495
28,1174.198378868258,,,mixed mixed-phase cyclic C-C stretching / ring-site C-H in-plane bending / cyclic-ring deformation (C-C-C bend),nu(C1-H10),bond,0.00030648754817297455,+,0.0009021388483976206,0.33100140032692144
28,1174.198378868258,,,mixed mixed-phase cyclic C-C stretching / ring-site C-H in-plane bending / cyclic-ring deformation (C-C-C bend),nu(C7-H17),bond,5.396122456136225e-05,+,0.0003773924368104786,0.3330114592444899
28,1174.198378868258,,,mixed mixed-phase cyclic C-C stretching / ring-site C-H in-plane bending / cyclic-ring deformation (C-C-C bend),nu(C1-H12),bond,4.6807227489523165e-05,+,0.00035584500444714885,0.32490390949747744
28,1174.198378868258,,,mixed mixed-phase cyclic C-C stretching / ring-site C-H in-plane bending / cyclic-ring deformation (C-C-C bend),nu(C4-H15),bond,1.5951843987475814e-05,-,-0.00020221958015280387,0.3428690238780344
29,1182.1558254480346,,,C-H bending,delta(O2-C1-H10),angle,45.35284117600367,+,0.3343567549154826,0.3459698539295735
29,1182.1558254480346,,,C-H bending,delta(O2-C1-H12),angle,41.26990473104133,-,-0.35666872312918085,0.2766670087017801
29,1182.1558254480346,,,C-H bending,tau(H11-C1-O2-C3),dihedral,5.39844525192143,+,0.15936632219642122,0.18127151443851006
29,1182.1558254480346,,,C-H bending,tau(H12-C1-O2-C3),dihedral,5.257995811384394,-,-0.15514883382557523,0.18628469149813526
29,1182.1558254480346,,,C-H bending,delta(C3-C4-H15),angle,0.5425266490945249,-,-0.02872556295552126,0.5607095340721711
29,1182.1558254480346,,,C-H bending,delta(O2-C3-C8),angle,0.2930221962843836,+,0.027349102405142062,0.33409373107359736
29,1182.1558254480346,,,C-H bending,delta(C8-C7-H17),angle,0.21929157709674185,+,0.03085520177118339,0.19643511781922787
29,1182.1558254480346,,,C-H bending,tau(C1-O2-C3-C4),dihedral,0.2107986196213765,+,0.07445517989369746,0.032428875569921495
29,1182.1558254480346,,,C-H bending,delta(C5-C7-C8),angle,0.17846684015200007,-,-0.01058767124664616,1.3577212054820749
29,1182.1558254480346,,,C-H bending,tau(H15-C4-C5-C7),dihedral,0.17445494422748256,-,-0.01681724834043219,0.5260504175017567
29,1182.1558254480346,,,C-H bending,delta(C5-C7-H17),angle,0.14676732065133408,-,-0.022408754801060915,0.24925729583022535
29,1182.1558254480346,,,C-H bending,nu(C1-O2),bond,0.13637490127402824,-,-0.01892902198839144,0.3245877010854186
29,1182.1558254480346,,,C-H bending,nu(C7-C8),bond,0.0750415962625167,+,0.014741519359468757,0.2944906642672141
29,1182.1558254480346,,,C-H bending,nu(C4-C5),bond,0.07400035968660987,-,-0.015295941909732021,0.2697337819721011
29,1182.1558254480346,,,C-H bending,nu(C5-C7),bond,0.0694482943194856,+,0.013665411880812104,0.3171539275239167
29,1182.1558254480346,,,C-H bending,delta(C7-C8-O9),angle,0.0676103890252868,-,-0.011643287435288727,0.42532034670863855
29,1182.1558254480346,,,C-H bending,tau(C4-C5-C7-H16),dihedral,0.06402415662026453,-,-0.018650231838305772,0.15697459052850737
29,1182.1558254480346,,,C-H bending,delta(C5-C4-H14),angle,0.06256216631335411,+,0.012395743238723929,0.34723268377330074
29,1182.1558254480346,,,C-H bending,"gamma(H14;C4,C3,H15)",oop,0.056462138567014444,+,0.01341604940432179,0.2675235310053796
29,1182.1558254480346,,,C-H bending,delta(C8-C3-H13),angle,0.05515012580857369,-,-0.014630315833178545,0.21973187748757736
29,1182.1558254480346,,,C-H bending,delta(O2-C3-C4),angle,0.04979927471667526,+,0.0077633618826015854,0.7046562659244109
29,1182.1558254480346,,,C-H bending,delta(C1-O2-C3),angle,0.04725237726105153,+,0.012220989657366397,0.2698142431668865
29,1182.1558254480346,,,C-H bending,nu(C3-C8),bond,0.04216723415226028,-,-0.011427936278583207,0.2753553110419089
29,1182.1558254480346,,,C-H bending,tau(H13-C3-C8-C7),dihedral,0.03946153552622991,-,-0.012303751684686752,0.2223068411147103
29,1182.1558254480346,,,C-H bending,delta(O6-C5-C7),angle,0.03939332409032143,-,-0.00879934414612302,0.4338863468073931
29,1182.1558254480346,,,C-H bending,delta(O2-C1-H11),angle,0.021993494479082627,+,0.00861351274037488,0.25280612971790234
29,1182.1558254480346,,,C-H bending,tau(C5-C7-C8-O9),dihedral,0.01574929564704212,+,0.013545205057683682,0.07320553682576925
29,1182.1558254480346,,,C-H bending,tau(O2-C3-C8-C7),dihedral,0.010132224975564166,-,-0.004407743249107898,0.4447604988167489
29,1182.1558254480346,,,C-H bending,nu(C3-H13),bond,0.009558467276540014,+,0.004997921637266123,0.32633475937097894
29,1182.1558254480346,,,C-H bending,nu(C1-H10),bond,0.00493124284187952,+,0.003564431398474954,0.33100140032692144
29,1182.1558254480346,,,C-H bending,tau(H14-C4-C5-C7),dihedral,0.0035948574391359766,-,-0.004160880013441146,0.1770782616507438
29,1182.1558254480346,,,C-H bending,nu(C5-O6),bond,0.002884178069541714,-,-0.001691386280680926,0.8597861112169202
29,1182.1558254480346,,,C-H bending,nu(C3-C4),bond,0.00228860456491814,+,0.002325671237348804,0.3608511373961394
29,1182.1558254480346,,,C-H bending,"gamma(H16;C7,C8,H17)",oop,0.0018177694997194922,+,0.0028954761156759564,0.18490676504661133
29,1182.1558254480346,,,C-H bending,nu(O2-C3),bond,0.0017837623127917857,-,-0.0021940743329591835,0.31600086564110863
29,1182.1558254480346,,,C-H bending,delta(C4-C3-C8),angle,0.0012445277206713898,-,-0.0007983113373100299,1.6653822931266715
29,1182.1558254480346,,,C-H bending,nu(C8-O9),bond,0.0005533905475728081,+,0.0007447549027184046,0.8508616649752963
29,1182.1558254480346,,,C-H bending,nu(C4-H14),bond,4.573764306056601e-05,-,-0.00034380139909967754,0.32999887833147423
29,1182.1558254480346,,,C-H bending,nu(C7-H16),bond,3.3648053667798606e-05,+,0.0002910050031096726,0.3388542982866813
29,1182.1558254480346,,,C-H bending,delta(H10-C1-H12),angle,3.3440315374627026e-05,+,0.0003131188854217763,0.2908746019881476
29,1182.1558254480346,,,C-H bending,nu(C7-H17),bond,3.302802223842801e-05,-,-0.00029082964699986454,0.3330114592444899
29,1182.1558254480346,,,C-H bending,nu(C4-H15),bond,2.7567860623413096e-05,+,0.00026185712046556623,0.3428690238780344
29,1182.1558254480346,,,C-H bending,nu(C1-H11),bond,1.5550055059264363e-05,+,0.00019614792558002086,0.3446818810517787
29,1182.1558254480346,,,C-H bending,tau(C3-C4-C5-O6),dihedral,1.0934975401166179e-05,-,-0.0003324666210102857,0.08436759585486936
29,1182.1558254480346,,,C-H bending,nu(C1-H12),bond,5.286597763945e-06,+,0.00011779792664162275,0.32490390949747744
30,1200.7930293850802,,,mixed C-H bending / ring-site C-H in-plane bending,delta(O2-C1-H11),angle,22.86816227042177,+,0.2767362897909495,0.25280612971790234
30,1200.7930293850802,,,mixed C-H bending / ring-site C-H in-plane bending,delta(C5-C4-H14),angle,19.492786882697438,+,0.2180072567986951,0.34723268377330074
30,1200.7930293850802,,,mixed C-H bending / ring-site C-H in-plane bending,delta(O2-C1-H10),angle,9.56353399773654,-,-0.1529798938836511,0.3459698539295735
30,1200.7930293850802,,,mixed C-H bending / ring-site C-H in-plane bending,delta(C5-C7-H17),angle,4.569806514963052,-,-0.12458600161742689,0.24925729583022535
30,1200.7930293850802,,,mixed C-H bending / ring-site C-H in-plane bending,tau(H12-C1-O2-C3),dihedral,4.399023871694148,+,0.14139493652968926,0.18628469149813526
30,1200.7930293850802,,,mixed C-H bending / ring-site C-H in-plane bending,tau(H14-C4-C5-C7),dihedral,4.158248915210237,+,0.14099928094064124,0.1770782616507438
30,1200.7930293850802,,,mixed C-H bending / ring-site C-H in-plane bending,"gamma(H14;C4,C3,H15)",oop,4.068960929440913,+,0.11347626877140965,0.2675235310053796
30,1200.7930293850802,,,mixed C-H bending / ring-site C-H in-plane bending,delta(O2-C1-H12),angle,3.574070465403849,-,-0.10457964167358041,0.2766670087017801
30,1200.7930293850802,,,mixed C-H bending / ring-site C-H in-plane bending,delta(C3-C4-H15),angle,3.4187876136450153,+,0.07184745217041509,0.5607095340721711
30,1200.7930293850802,,,mixed C-H bending / ring-site C-H in-plane bending,tau(H13-C3-C8-C7),dihedral,2.975778979887936,-,-0.10645552435792646,0.2223068411147103
30,1200.7930293850802,,,mixed C-H bending / ring-site C-H in-plane bending,delta(H10-C1-H12),angle,2.630770396527513,-,-0.08750499684216581,0.2908746019881476
30,1200.7930293850802,,,mixed C-H bending / ring-site C-H in-plane bending,tau(H15-C4-C5-C7),dihedral,2.6051221697717963,+,0.06475072626560045,0.5260504175017567
30,1200.7930293850802,,,mixed C-H bending / ring-site C-H in-plane bending,nu(C3-C8),bond,2.596460733744401,-,-0.08934873994717701,0.2753553110419089
30,1200.7930293850802,,,mixed C-H bending / ring-site C-H in-plane bending,delta(C5-C7-C8),angle,2.200446388148175,-,-0.037041995682485826,1.3577212054820749
30,1200.7930293850802,,,mixed C-H bending / ring-site C-H in-plane bending,nu(C3-C4),bond,1.7981796403493073,+,0.064952635889861,0.3608511373961394
30,1200.7930293850802,,,mixed C-H bending / ring-site C-H in-plane bending,nu(C7-C8),bond,1.6741401649406689,+,0.06937522800950179,0.2944906642672141
30,1200.7930293850802,,,mixed C-H bending / ring-site C-H in-plane bending,delta(C7-C8-O9),angle,1.2596442794691918,-,-0.05007375511918497,0.42532034670863855
30,1200.7930293850802,,,mixed C-H bending / ring-site C-H in-plane bending,tau(C4-C5-C7-H16),dihedral,1.1076137853517178,-,-0.07729008379124001,0.15697459052850737
30,1200.7930293850802,,,mixed C-H bending / ring-site C-H in-plane bending,delta(C8-C7-H17),angle,1.0729112701431107,+,0.06800120665788743,0.19643511781922787
30,1200.7930293850802,,,mixed C-H bending / ring-site C-H in-plane bending,nu(O2-C3),bond,0.7559411087945985,-,-0.04500327575504279,0.31600086564110863
30,1200.7930293850802,,,mixed C-H bending / ring-site C-H in-plane bending,delta(C1-O2-C3),angle,0.681993797442445,+,0.04625961967877751,0.2698142431668865
30,1200.7930293850802,,,mixed C-H bending / ring-site C-H in-plane bending,delta(O6-C5-C7),angle,0.4916166728704033,-,-0.030972024267852713,0.4338863468073931
30,1200.7930293850802,,,mixed C-H bending / ring-site C-H in-plane bending,nu(C5-C7),bond,0.44099890692029,+,0.034310574574458796,0.3171539275239167
30,1200.7930293850802,,,mixed C-H bending / ring-site C-H in-plane bending,nu(C4-C5),bond,0.4243730973152473,-,-0.036496442432949625,0.2697337819721011
30,1200.7930293850802,,,mixed C-H bending / ring-site C-H in-plane bending,tau(C3-C4-C5-O6),dihedral,0.38270811509396874,-,-0.06197125342333085,0.08436759585486936
30,1200.7930293850802,,,mixed C-H bending / ring-site C-H in-plane bending,delta(O2-C3-C8),angle,0.254145253103769,+,0.02537763339524001,0.33409373107359736
30,1200.7930293850802,,,mixed C-H bending / ring-site C-H in-plane bending,tau(C5-C7-C8-O9),dihedral,0.20598128137508004,+,0.048807458566846464,0.07320553682576925
30,1200.7930293850802,,,mixed C-H bending / ring-site C-H in-plane bending,tau(H11-C1-O2-C3),dihedral,0.15494436181242874,-,-0.02690093583710968,0.18127151443851006
30,1200.7930293850802,,,mixed C-H bending / ring-site C-H in-plane bending,delta(C4-C3-C8),angle,0.09874184176901586,+,0.007084968468732074,1.6653822931266715
30,1200.7930293850802,,,mixed C-H bending / ring-site C-H in-plane bending,delta(C8-C3-H13),angle,0.03355379268494821,+,0.011370211850339311,0.21973187748757736
30,1200.7930293850802,,,mixed C-H bending / ring-site C-H in-plane bending,tau(C1-O2-C3-C4),dihedral,0.00949230817631871,-,-0.015742157420408947,0.032428875569921495
30,1200.7930293850802,,,mixed C-H bending / ring-site C-H in-plane bending,nu(C3-H13),bond,0.008273322322663574,+,0.00463289637305439,0.32633475937097894
30,1200.7930293850802,,,mixed C-H bending / ring-site C-H in-plane bending,"gamma(H16;C7,C8,H17)",oop,0.006894537371947184,-,-0.005618500787604422,0.18490676504661133
30,1200.7930293850802,,,mixed C-H bending / ring-site C-H in-plane bending,nu(C4-H14),bond,0.005396291504207721,-,-0.003720795065165767,0.32999887833147423
30,1200.7930293850802,,,mixed C-H bending / ring-site C-H in-plane bending,tau(O2-C3-C8-C7),dihedral,0.004295722415415203,+,0.002859560451782315,0.4447604988167489
30,1200.7930293850802,,,mixed C-H bending / ring-site C-H in-plane bending,delta(O2-C3-C4),angle,0.0018022052287644198,-,-0.0014714914568558898,0.7046562659244109
30,1200.7930293850802,,,mixed C-H bending / ring-site C-H in-plane bending,nu(C7-H17),bond,0.0012803340855826208,+,0.0018041653847755226,0.3330114592444899
30,1200.7930293850802,,,mixed C-H bending / ring-site C-H in-plane bending,nu(C8-O9),bond,0.0009393052077945071,+,0.0009667588754811374,0.8508616649752963
30,1200.7930293850802,,,mixed C-H bending / ring-site C-H in-plane bending,nu(C1-H10),bond,0.000836584054544308,-,-0.0014627973238434777,0.33100140032692144
30,1200.7930293850802,,,mixed C-H bending / ring-site C-H in-plane bending,nu(C4-H15),bond,0.0006364076244999143,+,0.001253567842995061,0.3428690238780344
30,1200.7930293850802,,,mixed C-H bending / ring-site C-H in-plane bending,nu(C1-H11),bond,0.00032505677406647525,-,-0.000893541370066847,0.3446818810517787
30,1200.7930293850802,,,mixed C-H bending / ring-site C-H in-plane bending,nu(C5-O6),bond,0.0001530806784448103,+,0.00038824802742139523,0.8597861112169202
30,1200.7930293850802,,,mixed C-H bending / ring-site C-H in-plane bending,nu(C1-O2),bond,0.0001417339687696414,-,-0.0006080163045989841,0.3245877010854186
30,1200.7930293850802,,,mixed C-H bending / ring-site C-H in-plane bending,nu(C7-H16),bond,8.06090446611874e-05,-,-0.00044877604719112467,0.3388542982866813
30,1200.7930293850802,,,mixed C-H bending / ring-site C-H in-plane bending,nu(C1-H12),bond,5.002813350721306e-06,-,-0.00011417577360868872,0.32490390949747744
31,1235.807990499657,,,mixed ring-site C-H in-plane bending / C-H bending / ring-site C-H out-of-plane bending,delta(C3-C4-H15),angle,22.178780880127764,-,-0.20431891914025682,0.5607095340721711
31,1235.807990499657,,,mixed ring-site C-H in-plane bending / C-H bending / ring-site C-H out-of-plane bending,delta(O2-C1-H11),angle,11.968878644446272,+,0.2235330014338599,0.25280612971790234
31,1235.807990499657,,,mixed ring-site C-H in-plane bending / C-H bending / ring-site C-H out-of-plane bending,tau(H15-C4-C5-C7),dihedral,10.549021338608016,-,-0.1454792717367968,0.5260504175017567
31,1235.807990499657,,,mixed ring-site C-H in-plane bending / C-H bending / ring-site C-H out-of-plane bending,nu(O2-C3),bond,6.193744719401354,-,-0.14382726841297758,0.31600086564110863
31,1235.807990499657,,,mixed ring-site C-H in-plane bending / C-H bending / ring-site C-H out-of-plane bending,delta(C5-C4-H14),angle,5.881460500306096,-,-0.13370295676528673,0.34723268377330074
31,1235.807990499657,,,mixed ring-site C-H in-plane bending / C-H bending / ring-site C-H out-of-plane bending,delta(O2-C1-H10),angle,4.5536466993764595,-,-0.1178607647596588,0.3459698539295735
31,1235.807990499657,,,mixed ring-site C-H in-plane bending / C-H bending / ring-site C-H out-of-plane bending,nu(C7-C8),bond,4.498480946948274,-,-0.12697139602496776,0.2944906642672141
31,1235.807990499657,,,mixed ring-site C-H in-plane bending / C-H bending / ring-site C-H out-of-plane bending,tau(H12-C1-O2-C3),dihedral,3.8148211856346332,+,0.14701350341119757,0.18628469149813526
31,1235.807990499657,,,mixed ring-site C-H in-plane bending / C-H bending / ring-site C-H out-of-plane bending,delta(C5-C7-C8),angle,3.653040907731556,+,0.05328815513505447,1.3577212054820749
31,1235.807990499657,,,mixed ring-site C-H in-plane bending / C-H bending / ring-site C-H out-of-plane bending,nu(C3-C8),bond,3.459078272757138,+,0.11514423100192749,0.2753553110419089
31,1235.807990499657,,,mixed ring-site C-H in-plane bending / C-H bending / ring-site C-H out-of-plane bending,delta(O2-C1-H12),angle,3.0704283372506427,-,-0.10822547814446833,0.2766670087017801
31,1235.807990499657,,,mixed ring-site C-H in-plane bending / C-H bending / ring-site C-H out-of-plane bending,"gamma(H16;C7,C8,H17)",oop,2.1900855764204517,+,0.11180542064490376,0.18490676504661133
31,1235.807990499657,,,mixed ring-site C-H in-plane bending / C-H bending / ring-site C-H out-of-plane bending,tau(H14-C4-C5-C7),dihedral,2.182635237562072,-,-0.11405561587738956,0.1770782616507438
31,1235.807990499657,,,mixed ring-site C-H in-plane bending / C-H bending / ring-site C-H out-of-plane bending,delta(O6-C5-C7),angle,2.132724326266387,+,0.07202579935936411,0.4338863468073931
31,1235.807990499657,,,mixed ring-site C-H in-plane bending / C-H bending / ring-site C-H out-of-plane bending,delta(O2-C3-C4),angle,1.9921484695201594,+,0.05462367427673081,0.7046562659244109
31,1235.807990499657,,,mixed ring-site C-H in-plane bending / C-H bending / ring-site C-H out-of-plane bending,delta(C4-C3-C8),angle,1.9527721601965389,-,-0.035178517532513665,1.6653822931266715
31,1235.807990499657,,,mixed ring-site C-H in-plane bending / C-H bending / ring-site C-H out-of-plane bending,delta(H10-C1-H12),angle,1.869025148337069,-,-0.08234995936405898,0.2908746019881476
31,1235.807990499657,,,mixed ring-site C-H in-plane bending / C-H bending / ring-site C-H out-of-plane bending,delta(C1-O2-C3),angle,1.426296553895932,+,0.0746932227743877,0.2698142431668865
31,1235.807990499657,,,mixed ring-site C-H in-plane bending / C-H bending / ring-site C-H out-of-plane bending,delta(C7-C8-O9),angle,1.1938706722474919,+,0.05442886523626807,0.42532034670863855
31,1235.807990499657,,,mixed ring-site C-H in-plane bending / C-H bending / ring-site C-H out-of-plane bending,tau(C4-C5-C7-H16),dihedral,1.1878305892662333,+,0.08936578834237194,0.15697459052850737
31,1235.807990499657,,,mixed ring-site C-H in-plane bending / C-H bending / ring-site C-H out-of-plane bending,"gamma(H14;C4,C3,H15)",oop,1.1832232218207104,-,-0.06832207786317747,0.2675235310053796
31,1235.807990499657,,,mixed ring-site C-H in-plane bending / C-H bending / ring-site C-H out-of-plane bending,nu(C4-C5),bond,0.8867645276442827,+,0.05890405634999544,0.2697337819721011
31,1235.807990499657,,,mixed ring-site C-H in-plane bending / C-H bending / ring-site C-H out-of-plane bending,delta(C8-C7-H17),angle,0.7711518130578398,+,0.06436786344525874,0.19643511781922787
31,1235.807990499657,,,mixed ring-site C-H in-plane bending / C-H bending / ring-site C-H out-of-plane bending,nu(C5-C7),bond,0.4190759035832624,-,-0.03734392961410709,0.3171539275239167
31,1235.807990499657,,,mixed ring-site C-H in-plane bending / C-H bending / ring-site C-H out-of-plane bending,tau(C3-C4-C5-O6),dihedral,0.3838776488764313,+,0.06929745642350232,0.08436759585486936
31,1235.807990499657,,,mixed ring-site C-H in-plane bending / C-H bending / ring-site C-H out-of-plane bending,delta(C5-C7-H17),angle,0.17885150389539145,-,-0.027518900397808115,0.24925729583022535
31,1235.807990499657,,,mixed ring-site C-H in-plane bending / C-H bending / ring-site C-H out-of-plane bending,nu(C8-O9),bond,0.05556063087932784,-,-0.00830161948958372,0.8508616649752963
31,1235.807990499657,,,mixed ring-site C-H in-plane bending / C-H bending / ring-site C-H out-of-plane bending,tau(H13-C3-C8-C7),dihedral,0.049551349831034985,-,-0.015337693285552467,0.2223068411147103
31,1235.807990499657,,,mixed ring-site C-H in-plane bending / C-H bending / ring-site C-H out-of-plane bending,tau(C5-C7-C8-O9),dihedral,0.03586450028241746,-,-0.02273888393119083,0.07320553682576925
31,1235.807990499657,,,mixed ring-site C-H in-plane bending / C-H bending / ring-site C-H out-of-plane bending,tau(H11-C1-O2-C3),dihedral,0.028372370507621206,+,0.012852622369247606,0.18127151443851006
31,1235.807990499657,,,mixed ring-site C-H in-plane bending / C-H bending / ring-site C-H out-of-plane bending,delta(C8-C3-H13),angle,0.024637650665968628,+,0.010878320025356708,0.21973187748757736
31,1235.807990499657,,,mixed ring-site C-H in-plane bending / C-H bending / ring-site C-H out-of-plane bending,nu(C1-O2),bond,0.018355935847757902,+,0.007725577495912273,0.3245877010854186
31,1235.807990499657,,,mixed ring-site C-H in-plane bending / C-H bending / ring-site C-H out-of-plane bending,nu(C3-H13),bond,0.004706952729878781,+,0.0039016379667665383,0.32633475937097894
31,1235.807990499657,,,mixed ring-site C-H in-plane bending / C-H bending / ring-site C-H out-of-plane bending,delta(O2-C3-C8),angle,0.004241589410587056,+,0.0036604869887409703,0.33409373107359736
31,1235.807990499657,,,mixed ring-site C-H in-plane bending / C-H bending / ring-site C-H out-of-plane bending,tau(O2-C3-C8-C7),dihedral,0.002857650058694561,-,-0.002604054899387489,0.4447604988167489
31,1235.807990499657,,,mixed ring-site C-H in-plane bending / C-H bending / ring-site C-H out-of-plane bending,nu(C1-H11),bond,0.0016573515154693738,-,-0.0022527178764583933,0.3446818810517787
31,1235.807990499657,,,mixed ring-site C-H in-plane bending / C-H bending / ring-site C-H out-of-plane bending,nu(C1-H10),bond,0.000798689931725836,-,-0.0015958163379261162,0.33100140032692144
31,1235.807990499657,,,mixed ring-site C-H in-plane bending / C-H bending / ring-site C-H out-of-plane bending,nu(C7-H17),bond,0.0006008080813214405,-,-0.0013798980833149793,0.3330114592444899
31,1235.807990499657,,,mixed ring-site C-H in-plane bending / C-H bending / ring-site C-H out-of-plane bending,nu(C4-H14),bond,0.0004650353517542457,+,0.0012195383739710994,0.32999887833147423
31,1235.807990499657,,,mixed ring-site C-H in-plane bending / C-H bending / ring-site C-H out-of-plane bending,nu(C5-O6),bond,0.000378612875354158,+,0.0006817280984064952,0.8597861112169202
31,1235.807990499657,,,mixed ring-site C-H in-plane bending / C-H bending / ring-site C-H out-of-plane bending,nu(C3-C4),bond,0.00017372160193042778,+,0.0007128064012896345,0.3608511373961394
31,1235.807990499657,,,mixed ring-site C-H in-plane bending / C-H bending / ring-site C-H out-of-plane bending,nu(C1-H12),bond,2.936563557820067e-05,+,0.00030885237950517813,0.32490390949747744
31,1235.807990499657,,,mixed ring-site C-H in-plane bending / C-H bending / ring-site C-H out-of-plane bending,nu(C7-H16),bond,1.627806239273837e-05,-,-0.0002251663939565725,0.3388542982866813
31,1235.807990499657,,,mixed ring-site C-H in-plane bending / C-H bending / ring-site C-H out-of-plane bending,tau(C1-O2-C3-C4),dihedral,1.0666180100387082e-05,+,0.0005891789591253476,0.032428875569921495
31,1235.807990499657,,,mixed ring-site C-H in-plane bending / C-H bending / ring-site C-H out-of-plane bending,nu(C4-H15),bond,5.055372627711476e-06,-,-0.00012474443448166276,0.3428690238780344
32,1242.0035712516112,,,mixed ring-site C-H out-of-plane bending / ring-site C-H in-plane bending,"gamma(H16;C7,C8,H17)",oop,41.186439058186195,-,-0.4999867763264211,0.18490676504661133
32,1242.0035712516112,,,mixed ring-site C-H out-of-plane bending / ring-site C-H in-plane bending,delta(C5-C7-H17),angle,19.193492021005245,+,0.293975308532612,0.24925729583022535
32,1242.0035712516112,,,mixed ring-site C-H out-of-plane bending / ring-site C-H in-plane bending,delta(C8-C7-H17),angle,13.670408491756879,-,-0.27947243337337896,0.19643511781922787
32,1242.0035712516112,,,mixed ring-site C-H out-of-plane bending / ring-site C-H in-plane bending,nu(C5-C7),bond,7.600157712919483,-,-0.16399630061089235,0.3171539275239167
32,1242.0035712516112,,,mixed ring-site C-H out-of-plane bending / ring-site C-H in-plane bending,tau(C4-C5-C7-H16),dihedral,4.865780461574544,-,-0.1865174081206911,0.15697459052850737
32,1242.0035712516112,,,mixed ring-site C-H out-of-plane bending / ring-site C-H in-plane bending,nu(C7-C8),bond,2.3510749409506317,+,0.09465755153989984,0.2944906642672141
32,1242.0035712516112,,,mixed ring-site C-H out-of-plane bending / ring-site C-H in-plane bending,delta(C7-C8-O9),angle,1.7488343916140383,+,0.06793194654140962,0.42532034670863855
32,1242.0035712516112,,,mixed ring-site C-H out-of-plane bending / ring-site C-H in-plane bending,delta(C8-C3-H13),angle,1.4773890376829728,+,0.08686777523617552,0.21973187748757736
32,1242.0035712516112,,,mixed ring-site C-H out-of-plane bending / ring-site C-H in-plane bending,delta(C5-C4-H14),angle,1.3554390921690322,-,-0.06618925625560791,0.34723268377330074
32,1242.0035712516112,,,mixed ring-site C-H out-of-plane bending / ring-site C-H in-plane bending,"gamma(H14;C4,C3,H15)",oop,1.1910862364219255,-,-0.07068844126554609,0.2675235310053796
32,1242.0035712516112,,,mixed ring-site C-H out-of-plane bending / ring-site C-H in-plane bending,delta(C5-C7-C8),angle,0.632195958663808,+,0.022860111969181796,1.3577212054820749
32,1242.0035712516112,,,mixed ring-site C-H out-of-plane bending / ring-site C-H in-plane bending,delta(O2-C1-H11),angle,0.6207610048898439,+,0.05249599962144403,0.25280612971790234
32,1242.0035712516112,,,mixed ring-site C-H out-of-plane bending / ring-site C-H in-plane bending,tau(H15-C4-C5-C7),dihedral,0.49106974724847957,-,-0.0323679877658335,0.5260504175017567
32,1242.0035712516112,,,mixed ring-site C-H out-of-plane bending / ring-site C-H in-plane bending,tau(H13-C3-C8-C7),dihedral,0.46606580805212694,-,-0.048507065684481196,0.2223068411147103
32,1242.0035712516112,,,mixed ring-site C-H out-of-plane bending / ring-site C-H in-plane bending,nu(C5-O6),bond,0.4620227198854792,-,-0.024558070946910284,0.8597861112169202
32,1242.0035712516112,,,mixed ring-site C-H out-of-plane bending / ring-site C-H in-plane bending,nu(O2-C3),bond,0.37015153616571406,-,-0.03625796605376205,0.31600086564110863
32,1242.0035712516112,,,mixed ring-site C-H out-of-plane bending / ring-site C-H in-plane bending,delta(C3-C4-H15),angle,0.3592452505102092,-,-0.026815403934290962,0.5607095340721711
32,1242.0035712516112,,,mixed ring-site C-H out-of-plane bending / ring-site C-H in-plane bending,nu(C4-C5),bond,0.34800281655281956,+,0.03805235193300631,0.2697337819721011
32,1242.0035712516112,,,mixed ring-site C-H out-of-plane bending / ring-site C-H in-plane bending,nu(C8-O9),bond,0.2867737508161876,+,0.019449033118155174,0.8508616649752963
32,1242.0035712516112,,,mixed ring-site C-H out-of-plane bending / ring-site C-H in-plane bending,delta(O2-C1-H12),angle,0.23683975599663187,-,-0.030996054179640586,0.2766670087017801
32,1242.0035712516112,,,mixed ring-site C-H out-of-plane bending / ring-site C-H in-plane bending,tau(H14-C4-C5-C7),dihedral,0.14626189292966268,-,-0.030446737720484368,0.1770782616507438
32,1242.0035712516112,,,mixed ring-site C-H out-of-plane bending / ring-site C-H in-plane bending,nu(C3-C4),bond,0.13712223127918285,+,0.02065131412048548,0.3608511373961394
32,1242.0035712516112,,,mixed ring-site C-H out-of-plane bending / ring-site C-H in-plane bending,delta(H10-C1-H12),angle,0.13293055346752053,-,-0.02264734529253485,0.2908746019881476
32,1242.0035712516112,,,mixed ring-site C-H out-of-plane bending / ring-site C-H in-plane bending,delta(O2-C1-H10),angle,0.12416935048936961,-,-0.020069930646008118,0.3459698539295735
32,1242.0035712516112,,,mixed ring-site C-H out-of-plane bending / ring-site C-H in-plane bending,delta(O6-C5-C7),angle,0.10478077608933987,-,-0.016463061835680456,0.4338863468073931
32,1242.0035712516112,,,mixed ring-site C-H out-of-plane bending / ring-site C-H in-plane bending,tau(O2-C3-C8-C7),dihedral,0.07965131848601921,-,-0.014177223188545167,0.4447604988167489
32,1242.0035712516112,,,mixed ring-site C-H out-of-plane bending / ring-site C-H in-plane bending,nu(C3-C8),bond,0.07773182017079718,+,0.017799609968776664,0.2753553110419089
32,1242.0035712516112,,,mixed ring-site C-H out-of-plane bending / ring-site C-H in-plane bending,tau(H12-C1-O2-C3),dihedral,0.07115257948182403,+,0.020704489997782728,0.18628469149813526
32,1242.0035712516112,,,mixed ring-site C-H out-of-plane bending / ring-site C-H in-plane bending,delta(C1-O2-C3),angle,0.05015696002489415,+,0.01444411586175573,0.2698142431668865
32,1242.0035712516112,,,mixed ring-site C-H out-of-plane bending / ring-site C-H in-plane bending,delta(C4-C3-C8),angle,0.048343231203978404,+,0.005707798882836176,1.6653822931266715
32,1242.0035712516112,,,mixed ring-site C-H out-of-plane bending / ring-site C-H in-plane bending,tau(C5-C7-C8-O9),dihedral,0.037150853590777355,-,-0.023865483077123002,0.07320553682576925
32,1242.0035712516112,,,mixed ring-site C-H out-of-plane bending / ring-site C-H in-plane bending,delta(O2-C3-C8),angle,0.035173770122802914,+,0.01087008883392287,0.33409373107359736
32,1242.0035712516112,,,mixed ring-site C-H out-of-plane bending / ring-site C-H in-plane bending,delta(O2-C3-C4),angle,0.013547978411716163,+,0.004645221046399452,0.7046562659244109
32,1242.0035712516112,,,mixed ring-site C-H out-of-plane bending / ring-site C-H in-plane bending,tau(C3-C4-C5-O6),dihedral,0.013175947958513328,+,0.013239174143080588,0.08436759585486936
32,1242.0035712516112,,,mixed ring-site C-H out-of-plane bending / ring-site C-H in-plane bending,tau(H11-C1-O2-C3),dihedral,0.005616903780080567,-,-0.005897140930807166,0.18127151443851006
32,1242.0035712516112,,,mixed ring-site C-H out-of-plane bending / ring-site C-H in-plane bending,tau(C1-O2-C3-C4),dihedral,0.00474224774831355,-,-0.012811027707402752,0.032428875569921495
32,1242.0035712516112,,,mixed ring-site C-H out-of-plane bending / ring-site C-H in-plane bending,nu(C1-O2),bond,0.004264076215661053,+,0.0038397614617977243,0.3245877010854186
32,1242.0035712516112,,,mixed ring-site C-H out-of-plane bending / ring-site C-H in-plane bending,nu(C7-H17),bond,0.0003303110223691223,+,0.0010550905666365038,0.3330114592444899
32,1242.0035712516112,,,mixed ring-site C-H out-of-plane bending / ring-site C-H in-plane bending,nu(C4-H14),bond,0.000185858906398774,+,0.0007950478234743484,0.32999887833147423
32,1242.0035712516112,,,mixed ring-site C-H out-of-plane bending / ring-site C-H in-plane bending,nu(C1-H11),bond,8.96008237632372e-05,-,-0.0005401377987235539,0.3446818810517787
32,1242.0035712516112,,,mixed ring-site C-H out-of-plane bending / ring-site C-H in-plane bending,nu(C7-H16),bond,8.809034695673624e-05,+,0.0005401513388968066,0.3388542982866813
32,1242.0035712516112,,,mixed ring-site C-H out-of-plane bending / ring-site C-H in-plane bending,nu(C4-H15),bond,5.772366420368127e-05,-,-0.00043468095888467756,0.3428690238780344
32,1242.0035712516112,,,mixed ring-site C-H out-of-plane bending / ring-site C-H in-plane bending,nu(C1-H12),bond,2.2859810311315225e-05,+,0.0002810066766342586,0.32490390949747744
32,1242.0035712516112,,,mixed ring-site C-H out-of-plane bending / ring-site C-H in-plane bending,nu(C1-H10),bond,1.5528606241537336e-05,-,-0.00022946112549255383,0.33100140032692144
32,1242.0035712516112,,,mixed ring-site C-H out-of-plane bending / ring-site C-H in-plane bending,nu(C3-H13),bond,7.742307061379253e-06,+,0.00016317789426288572,0.32633475937097894
33,1283.050335737435,,,mixed ring-site C-H in-plane bending / ring-site C-H out-of-plane bending / mixed-phase cyclic C-C stretching,"gamma(H14;C4,C3,H15)",oop,21.751537414916424,+,0.30627576214630503,0.2675235310053796
33,1283.050335737435,,,mixed ring-site C-H in-plane bending / ring-site C-H out-of-plane bending / mixed-phase cyclic C-C stretching,delta(C8-C3-H13),angle,21.67670881029474,+,0.3373640350903903,0.21973187748757736
33,1283.050335737435,,,mixed ring-site C-H in-plane bending / ring-site C-H out-of-plane bending / mixed-phase cyclic C-C stretching,nu(C3-C4),bond,13.679046061797543,+,0.209128157247958,0.3608511373961394
33,1283.050335737435,,,mixed ring-site C-H in-plane bending / ring-site C-H out-of-plane bending / mixed-phase cyclic C-C stretching,delta(C5-C4-H14),angle,13.662631933239053,+,0.2130617696124161,0.34723268377330074
33,1283.050335737435,,,mixed ring-site C-H in-plane bending / ring-site C-H out-of-plane bending / mixed-phase cyclic C-C stretching,tau(H14-C4-C5-C7),dihedral,3.9658142127967673,+,0.16074304883835822,0.1770782616507438
33,1283.050335737435,,,mixed ring-site C-H in-plane bending / ring-site C-H out-of-plane bending / mixed-phase cyclic C-C stretching,delta(C3-C4-H15),angle,3.6914211150435743,-,-0.08715182173466243,0.5607095340721711
33,1283.050335737435,,,mixed ring-site C-H in-plane bending / ring-site C-H out-of-plane bending / mixed-phase cyclic C-C stretching,delta(O2-C3-C4),angle,3.5812305277178,-,-0.07657308136795758,0.7046562659244109
33,1283.050335737435,,,mixed ring-site C-H in-plane bending / ring-site C-H out-of-plane bending / mixed-phase cyclic C-C stretching,delta(C5-C7-C8),angle,2.609207984861657,+,0.04708663909060295,1.3577212054820749
33,1283.050335737435,,,mixed ring-site C-H in-plane bending / ring-site C-H out-of-plane bending / mixed-phase cyclic C-C stretching,nu(C7-C8),bond,2.381486273308687,-,-0.09659105718138729,0.2944906642672141
33,1283.050335737435,,,mixed ring-site C-H in-plane bending / ring-site C-H out-of-plane bending / mixed-phase cyclic C-C stretching,delta(O6-C5-C7),angle,1.5590037567806145,+,0.06438493070765983,0.4338863468073931
33,1283.050335737435,,,mixed ring-site C-H in-plane bending / ring-site C-H out-of-plane bending / mixed-phase cyclic C-C stretching,delta(C4-C3-C8),angle,1.5314467180181555,-,-0.03257186441137537,1.6653822931266715
33,1283.050335737435,,,mixed ring-site C-H in-plane bending / ring-site C-H out-of-plane bending / mixed-phase cyclic C-C stretching,delta(C7-C8-O9),angle,1.297786380519321,+,0.0593324347652125,0.42532034670863855
33,1283.050335737435,,,mixed ring-site C-H in-plane bending / ring-site C-H out-of-plane bending / mixed-phase cyclic C-C stretching,tau(H15-C4-C5-C7),dihedral,1.1431909410752237,-,-0.050071931715856624,0.5260504175017567
33,1283.050335737435,,,mixed ring-site C-H in-plane bending / ring-site C-H out-of-plane bending / mixed-phase cyclic C-C stretching,nu(C5-C7),bond,1.0683615967550144,-,-0.06234085168807202,0.3171539275239167
33,1283.050335737435,,,mixed ring-site C-H in-plane bending / ring-site C-H out-of-plane bending / mixed-phase cyclic C-C stretching,tau(O2-C3-C8-C7),dihedral,0.984270544592831,+,0.050529242062786875,0.4447604988167489
33,1283.050335737435,,,mixed ring-site C-H in-plane bending / ring-site C-H out-of-plane bending / mixed-phase cyclic C-C stretching,delta(C1-O2-C3),angle,0.9029338752738051,-,-0.06213612722455979,0.2698142431668865
33,1283.050335737435,,,mixed ring-site C-H in-plane bending / ring-site C-H out-of-plane bending / mixed-phase cyclic C-C stretching,delta(O2-C1-H11),angle,0.7605519650256091,-,-0.058914105799157,0.25280612971790234
33,1283.050335737435,,,mixed ring-site C-H in-plane bending / ring-site C-H out-of-plane bending / mixed-phase cyclic C-C stretching,delta(O2-C1-H10),angle,0.7262846924251537,+,0.04921335355307088,0.3459698539295735
33,1283.050335737435,,,mixed ring-site C-H in-plane bending / ring-site C-H out-of-plane bending / mixed-phase cyclic C-C stretching,delta(C5-C7-H17),angle,0.6890119462378852,-,-0.05647263864422147,0.24925729583022535
33,1283.050335737435,,,mixed ring-site C-H in-plane bending / ring-site C-H out-of-plane bending / mixed-phase cyclic C-C stretching,tau(H12-C1-O2-C3),dihedral,0.6734293873491366,-,-0.06458119734658029,0.18628469149813526
33,1283.050335737435,,,mixed ring-site C-H in-plane bending / ring-site C-H out-of-plane bending / mixed-phase cyclic C-C stretching,nu(C8-O9),bond,0.404195581536314,-,-0.023410729459015643,0.8508616649752963
33,1283.050335737435,,,mixed ring-site C-H in-plane bending / ring-site C-H out-of-plane bending / mixed-phase cyclic C-C stretching,nu(O2-C3),bond,0.2899686658561193,+,0.03253718996931066,0.31600086564110863
33,1283.050335737435,,,mixed ring-site C-H in-plane bending / ring-site C-H out-of-plane bending / mixed-phase cyclic C-C stretching,delta(O2-C1-H12),angle,0.19021955124836204,+,0.028164207351676424,0.2766670087017801
33,1283.050335737435,,,mixed ring-site C-H in-plane bending / ring-site C-H out-of-plane bending / mixed-phase cyclic C-C stretching,tau(C3-C4-C5-O6),dihedral,0.16386519091909105,-,-0.047337373905950234,0.08436759585486936
33,1283.050335737435,,,mixed ring-site C-H in-plane bending / ring-site C-H out-of-plane bending / mixed-phase cyclic C-C stretching,delta(O2-C3-C8),angle,0.13059929807019544,+,0.021236595842502193,0.33409373107359736
33,1283.050335737435,,,mixed ring-site C-H in-plane bending / ring-site C-H out-of-plane bending / mixed-phase cyclic C-C stretching,tau(C4-C5-C7-H16),dihedral,0.08775017291169171,+,0.02539556941521957,0.15697459052850737
33,1283.050335737435,,,mixed ring-site C-H in-plane bending / ring-site C-H out-of-plane bending / mixed-phase cyclic C-C stretching,delta(C8-C7-H17),angle,0.08613423274721646,+,0.0224919429286278,0.19643511781922787
33,1283.050335737435,,,mixed ring-site C-H in-plane bending / ring-site C-H out-of-plane bending / mixed-phase cyclic C-C stretching,"gamma(H16;C7,C8,H17)",oop,0.08142324204772236,+,0.022539612167266382,0.18490676504661133
33,1283.050335737435,,,mixed ring-site C-H in-plane bending / ring-site C-H out-of-plane bending / mixed-phase cyclic C-C stretching,nu(C1-O2),bond,0.05786099436769849,+,0.014340872029050218,0.3245877010854186
33,1283.050335737435,,,mixed ring-site C-H in-plane bending / ring-site C-H out-of-plane bending / mixed-phase cyclic C-C stretching,delta(H10-C1-H12),angle,0.057128218639989146,+,0.015052931454007684,0.2908746019881476
33,1283.050335737435,,,mixed ring-site C-H in-plane bending / ring-site C-H out-of-plane bending / mixed-phase cyclic C-C stretching,nu(C5-O6),bond,0.04432217215495286,-,-0.007711945457925737,0.8597861112169202
33,1283.050335737435,,,mixed ring-site C-H in-plane bending / ring-site C-H out-of-plane bending / mixed-phase cyclic C-C stretching,tau(H11-C1-O2-C3),dihedral,0.027649096310350483,-,-0.013265521658733362,0.18127151443851006
33,1283.050335737435,,,mixed ring-site C-H in-plane bending / ring-site C-H out-of-plane bending / mixed-phase cyclic C-C stretching,tau(H13-C3-C8-C7),dihedral,0.01610821940445805,-,-0.009143153233111352,0.2223068411147103
33,1283.050335737435,,,mixed ring-site C-H in-plane bending / ring-site C-H out-of-plane bending / mixed-phase cyclic C-C stretching,nu(C4-C5),bond,0.007348435014953315,+,0.0056063267001535706,0.2697337819721011
33,1283.050335737435,,,mixed ring-site C-H in-plane bending / ring-site C-H out-of-plane bending / mixed-phase cyclic C-C stretching,nu(C3-C8),bond,0.007104973209853085,-,-0.00545611025135706,0.2753553110419089
33,1283.050335737435,,,mixed ring-site C-H in-plane bending / ring-site C-H out-of-plane bending / mixed-phase cyclic C-C stretching,tau(C1-O2-C3-C4),dihedral,0.004569796281758395,+,0.01275061459367908,0.032428875569921495
33,1283.050335737435,,,mixed ring-site C-H in-plane bending / ring-site C-H out-of-plane bending / mixed-phase cyclic C-C stretching,nu(C4-H14),bond,0.002556482418478552,+,0.0029896050416702616,0.32999887833147423
33,1283.050335737435,,,mixed ring-site C-H in-plane bending / ring-site C-H out-of-plane bending / mixed-phase cyclic C-C stretching,nu(C4-H15),bond,0.0025416174197743515,+,0.00292441907239904,0.3428690238780344
33,1283.050335737435,,,mixed ring-site C-H in-plane bending / ring-site C-H out-of-plane bending / mixed-phase cyclic C-C stretching,nu(C1-H12),bond,0.0014683972572751205,+,0.0022834576303966485,0.32490390949747744
33,1283.050335737435,,,mixed ring-site C-H in-plane bending / ring-site C-H out-of-plane bending / mixed-phase cyclic C-C stretching,nu(C3-H13),bond,0.000802284803198882,-,-0.0016841518994324307,0.32633475937097894
33,1283.050335737435,,,mixed ring-site C-H in-plane bending / ring-site C-H out-of-plane bending / mixed-phase cyclic C-C stretching,tau(C5-C7-C8-O9),dihedral,0.0003922520098659448,-,-0.0024863328490661767,0.07320553682576925
33,1283.050335737435,,,mixed ring-site C-H in-plane bending / ring-site C-H out-of-plane bending / mixed-phase cyclic C-C stretching,nu(C7-H16),bond,0.00030661406660521427,-,-0.0010217347917228319,0.3388542982866813
33,1283.050335737435,,,mixed ring-site C-H in-plane bending / ring-site C-H out-of-plane bending / mixed-phase cyclic C-C stretching,nu(C1-H10),bond,0.00027723412275198225,+,0.0009830080403466857,0.33100140032692144
33,1283.050335737435,,,mixed ring-site C-H in-plane bending / ring-site C-H out-of-plane bending / mixed-phase cyclic C-C stretching,nu(C1-H11),bond,4.275849153494903e-05,+,0.00037831242439437956,0.3446818810517787
33,1283.050335737435,,,mixed ring-site C-H in-plane bending / ring-site C-H out-of-plane bending / mixed-phase cyclic C-C stretching,nu(C7-H17),bond,8.380660785427753e-06,+,0.0001703955254424935,0.3330114592444899
34,1313.6050375082618,,,mixed ring-site C-H in-plane bending / ring-site C-H out-of-plane bending,"gamma(H14;C4,C3,H15)",oop,30.49201445309096,-,-0.4240658682500327,0.2675235310053796
34,1313.6050375082618,,,mixed ring-site C-H in-plane bending / ring-site C-H out-of-plane bending,delta(C3-C4-H15),angle,24.749436657342343,+,0.26389729766522574,0.5607095340721711
34,1313.6050375082618,,,mixed ring-site C-H in-plane bending / ring-site C-H out-of-plane bending,delta(C5-C4-H14),angle,11.873375901909089,-,-0.23227264451767254,0.34723268377330074
34,1313.6050375082618,,,mixed ring-site C-H in-plane bending / ring-site C-H out-of-plane bending,delta(C8-C3-H13),angle,10.144828226554582,+,0.2698963864958271,0.21973187748757736
34,1313.6050375082618,,,mixed ring-site C-H in-plane bending / ring-site C-H out-of-plane bending,tau(H15-C4-C5-C7),dihedral,4.546608958693707,+,0.11677540205460628,0.5260504175017567
34,1313.6050375082618,,,mixed ring-site C-H in-plane bending / ring-site C-H out-of-plane bending,delta(C4-C3-C8),angle,4.329432264691208,+,0.06404419300469665,1.6653822931266715
34,1313.6050375082618,,,mixed ring-site C-H in-plane bending / ring-site C-H out-of-plane bending,nu(C4-C5),bond,3.76878706817497,+,0.14847535899542613,0.2697337819721011
34,1313.6050375082618,,,mixed ring-site C-H in-plane bending / ring-site C-H out-of-plane bending,tau(H13-C3-C8-C7),dihedral,2.6265645288996637,-,-0.13653339142818838,0.2223068411147103
34,1313.6050375082618,,,mixed ring-site C-H in-plane bending / ring-site C-H out-of-plane bending,nu(C3-C8),bond,2.264308956371617,-,-0.11390488968645802,0.2753553110419089
34,1313.6050375082618,,,mixed ring-site C-H in-plane bending / ring-site C-H out-of-plane bending,tau(H14-C4-C5-C7),dihedral,1.209307241002741,-,-0.103802295114312,0.1770782616507438
34,1313.6050375082618,,,mixed ring-site C-H in-plane bending / ring-site C-H out-of-plane bending,"gamma(H16;C7,C8,H17)",oop,0.9130544259436237,+,0.08826594739678514,0.18490676504661133
34,1313.6050375082618,,,mixed ring-site C-H in-plane bending / ring-site C-H out-of-plane bending,delta(O2-C3-C8),angle,0.47067735918957687,+,0.04714642264344653,0.33409373107359736
34,1313.6050375082618,,,mixed ring-site C-H in-plane bending / ring-site C-H out-of-plane bending,delta(O2-C3-C4),angle,0.41952568396140916,-,-0.030648686889565877,0.7046562659244109
34,1313.6050375082618,,,mixed ring-site C-H in-plane bending / ring-site C-H out-of-plane bending,tau(H12-C1-O2-C3),dihedral,0.2931946032268184,-,-0.04983226839224063,0.18628469149813526
34,1313.6050375082618,,,mixed ring-site C-H in-plane bending / ring-site C-H out-of-plane bending,tau(C4-C5-C7-H16),dihedral,0.25513721228047775,+,0.05063997445275885,0.15697459052850737
34,1313.6050375082618,,,mixed ring-site C-H in-plane bending / ring-site C-H out-of-plane bending,delta(C5-C7-H17),angle,0.2338093044456286,-,-0.03847053356598064,0.24925729583022535
34,1313.6050375082618,,,mixed ring-site C-H in-plane bending / ring-site C-H out-of-plane bending,nu(C8-O9),bond,0.23324038023152255,-,-0.02079666260621125,0.8508616649752963
34,1313.6050375082618,,,mixed ring-site C-H in-plane bending / ring-site C-H out-of-plane bending,tau(H11-C1-O2-C3),dihedral,0.20525506472111807,-,-0.04226719368340657,0.18127151443851006
34,1313.6050375082618,,,mixed ring-site C-H in-plane bending / ring-site C-H out-of-plane bending,nu(C5-O6),bond,0.19818509375806714,+,0.019070476076068654,0.8597861112169202
34,1313.6050375082618,,,mixed ring-site C-H in-plane bending / ring-site C-H out-of-plane bending,delta(O6-C5-C7),angle,0.1542351228357322,+,0.02368235593365945,0.4338863468073931
34,1313.6050375082618,,,mixed ring-site C-H in-plane bending / ring-site C-H out-of-plane bending,delta(C8-C7-H17),angle,0.14166256931360882,+,0.03373177895012391,0.19643511781922787
34,1313.6050375082618,,,mixed ring-site C-H in-plane bending / ring-site C-H out-of-plane bending,nu(C3-C4),bond,0.13549364834827454,-,-0.0243397819669412,0.3608511373961394
34,1313.6050375082618,,,mixed ring-site C-H in-plane bending / ring-site C-H out-of-plane bending,tau(C1-O2-C3-C4),dihedral,0.07809770725121977,-,-0.06164167783607987,0.032428875569921495
34,1313.6050375082618,,,mixed ring-site C-H in-plane bending / ring-site C-H out-of-plane bending,delta(C1-O2-C3),angle,0.044787188911195944,-,-0.01618324916397647,0.2698142431668865
34,1313.6050375082618,,,mixed ring-site C-H in-plane bending / ring-site C-H out-of-plane bending,delta(O2-C1-H10),angle,0.04108138779995808,+,0.01368751721663444,0.3459698539295735
34,1313.6050375082618,,,mixed ring-site C-H in-plane bending / ring-site C-H out-of-plane bending,delta(C7-C8-O9),angle,0.03832187861988587,-,-0.011923028175216666,0.42532034670863855
34,1313.6050375082618,,,mixed ring-site C-H in-plane bending / ring-site C-H out-of-plane bending,nu(O2-C3),bond,0.03663719819944587,+,0.013525030251883403,0.31600086564110863
34,1313.6050375082618,,,mixed ring-site C-H in-plane bending / ring-site C-H out-of-plane bending,delta(C5-C7-C8),angle,0.03115227792704382,+,0.0060167346439869785,1.3577212054820749
34,1313.6050375082618,,,mixed ring-site C-H in-plane bending / ring-site C-H out-of-plane bending,delta(O2-C1-H12),angle,0.02084149618043713,-,-0.010902020984633918,0.2766670087017801
34,1313.6050375082618,,,mixed ring-site C-H in-plane bending / ring-site C-H out-of-plane bending,nu(C7-C8),bond,0.017555716668013473,-,-0.009698281152149926,0.2944906642672141
34,1313.6050375082618,,,mixed ring-site C-H in-plane bending / ring-site C-H out-of-plane bending,tau(O2-C3-C8-C7),dihedral,0.012697837780589291,+,0.006711553204183296,0.4447604988167489
34,1313.6050375082618,,,mixed ring-site C-H in-plane bending / ring-site C-H out-of-plane bending,nu(C3-H13),bond,0.010589485763988863,-,-0.007155286411104811,0.32633475937097894
34,1313.6050375082618,,,mixed ring-site C-H in-plane bending / ring-site C-H out-of-plane bending,nu(C5-C7),bond,0.0032712250973194047,-,-0.004034051350596572,0.3171539275239167
34,1313.6050375082618,,,mixed ring-site C-H in-plane bending / ring-site C-H out-of-plane bending,tau(C5-C7-C8-O9),dihedral,0.0030068849486306094,-,-0.008050218998374123,0.07320553682576925
34,1313.6050375082618,,,mixed ring-site C-H in-plane bending / ring-site C-H out-of-plane bending,nu(C1-O2),bond,0.0011094137898261538,+,0.0023222127449354073,0.3245877010854186
34,1313.6050375082618,,,mixed ring-site C-H in-plane bending / ring-site C-H out-of-plane bending,nu(C4-H14),bond,0.0008845144633036094,+,0.0020564468617200716,0.32999887833147423
34,1313.6050375082618,,,mixed ring-site C-H in-plane bending / ring-site C-H out-of-plane bending,delta(H10-C1-H12),angle,0.0006854572034633101,-,-0.0019282286248405623,0.2908746019881476
34,1313.6050375082618,,,mixed ring-site C-H in-plane bending / ring-site C-H out-of-plane bending,tau(C3-C4-C5-O6),dihedral,0.0005979029403100492,-,-0.0033438652044538455,0.08436759585486936
34,1313.6050375082618,,,mixed ring-site C-H in-plane bending / ring-site C-H out-of-plane bending,delta(O2-C1-H11),angle,0.0004032965593686489,+,0.001586498671834936,0.25280612971790234
34,1313.6050375082618,,,mixed ring-site C-H in-plane bending / ring-site C-H out-of-plane bending,nu(C4-H15),bond,8.216726089455126e-05,-,-0.0006149028892804643,0.3428690238780344
34,1313.6050375082618,,,mixed ring-site C-H in-plane bending / ring-site C-H out-of-plane bending,nu(C1-H10),bond,2.7141767724979438e-05,+,0.0003596875482704329,0.33100140032692144
34,1313.6050375082618,,,mixed ring-site C-H in-plane bending / ring-site C-H out-of-plane bending,nu(C1-H12),bond,2.0792739579792906e-05,-,-0.0003177603044479914,0.32490390949747744
34,1313.6050375082618,,,mixed ring-site C-H in-plane bending / ring-site C-H out-of-plane bending,nu(C7-H16),bond,1.2414837248781808e-05,-,-0.00024042812534774908,0.3388542982866813
34,1313.6050375082618,,,mixed ring-site C-H in-plane bending / ring-site C-H out-of-plane bending,nu(C1-H11),bond,9.893516425671205e-07,+,6.729570802571446e-05,0.3446818810517787
34,1313.6050375082618,,,mixed ring-site C-H in-plane bending / ring-site C-H out-of-plane bending,nu(C7-H17),bond,8.989522200044524e-07,+,6.52619385321102e-05,0.3330114592444899
35,1369.4784584210288,,,mixed ring-site C-H out-of-plane bending / cyclic-ring deformation (C-C-C bend),tau(H13-C3-C8-C7),dihedral,59.16790263804656,+,0.45981283457539285,0.2223068411147103
35,1369.4784584210288,,,mixed ring-site C-H out-of-plane bending / cyclic-ring deformation (C-C-C bend),delta(C4-C3-C8),angle,8.771418547176928,+,0.06468332877773761,1.6653822931266715
35,1369.4784584210288,,,mixed ring-site C-H out-of-plane bending / cyclic-ring deformation (C-C-C bend),nu(C3-C4),bond,6.862751672529943,-,-0.12291348107596012,0.3608511373961394
35,1369.4784584210288,,,mixed ring-site C-H out-of-plane bending / cyclic-ring deformation (C-C-C bend),delta(C8-C3-H13),angle,4.477386532191225,+,0.12722726075868906,0.21973187748757736
35,1369.4784584210288,,,mixed ring-site C-H out-of-plane bending / cyclic-ring deformation (C-C-C bend),delta(O2-C1-H11),angle,3.4854417606849757,+,0.10465248156460258,0.25280612971790234
35,1369.4784584210288,,,mixed ring-site C-H out-of-plane bending / cyclic-ring deformation (C-C-C bend),tau(O2-C3-C8-C7),dihedral,3.299791163990589,-,-0.0767705300404913,0.4447604988167489
35,1369.4784584210288,,,mixed ring-site C-H out-of-plane bending / cyclic-ring deformation (C-C-C bend),delta(H10-C1-H12),angle,3.0373880200074614,-,-0.09107761565555059,0.2908746019881476
35,1369.4784584210288,,,mixed ring-site C-H out-of-plane bending / cyclic-ring deformation (C-C-C bend),delta(C3-C4-H15),angle,2.5257727666215977,+,0.05981947312383976,0.5607095340721711
35,1369.4784584210288,,,mixed ring-site C-H out-of-plane bending / cyclic-ring deformation (C-C-C bend),delta(C1-O2-C3),angle,1.4058269537403545,+,0.06433508998206201,0.2698142431668865
35,1369.4784584210288,,,mixed ring-site C-H out-of-plane bending / cyclic-ring deformation (C-C-C bend),nu(O2-C3),bond,1.4049623103009083,+,0.05942957391859354,0.31600086564110863
35,1369.4784584210288,,,mixed ring-site C-H out-of-plane bending / cyclic-ring deformation (C-C-C bend),"gamma(H14;C4,C3,H15)",oop,1.2475794312171438,-,-0.06086498575996717,0.2675235310053796
35,1369.4784584210288,,,mixed ring-site C-H out-of-plane bending / cyclic-ring deformation (C-C-C bend),nu(C3-C8),bond,0.6307401758484108,-,-0.042657257878535706,0.2753553110419089
35,1369.4784584210288,,,mixed ring-site C-H out-of-plane bending / cyclic-ring deformation (C-C-C bend),tau(H14-C4-C5-C7),dihedral,0.5809185771791158,+,0.05104925674081731,0.1770782616507438
35,1369.4784584210288,,,mixed ring-site C-H out-of-plane bending / cyclic-ring deformation (C-C-C bend),delta(C8-C7-H17),angle,0.3384785664954132,-,-0.036997334526250106,0.19643511781922787
35,1369.4784584210288,,,mixed ring-site C-H out-of-plane bending / cyclic-ring deformation (C-C-C bend),delta(C5-C4-H14),angle,0.32436603699186906,-,-0.02724092212271228,0.34723268377330074
35,1369.4784584210288,,,mixed ring-site C-H out-of-plane bending / cyclic-ring deformation (C-C-C bend),delta(O2-C3-C8),angle,0.32422495635896953,-,-0.02776537047637022,0.33409373107359736
35,1369.4784584210288,,,mixed ring-site C-H out-of-plane bending / cyclic-ring deformation (C-C-C bend),nu(C5-C7),bond,0.23894644328793455,+,0.02446412313622685,0.3171539275239167
35,1369.4784584210288,,,mixed ring-site C-H out-of-plane bending / cyclic-ring deformation (C-C-C bend),nu(C1-O2),bond,0.22337495997001938,-,-0.02338113716068677,0.3245877010854186
35,1369.4784584210288,,,mixed ring-site C-H out-of-plane bending / cyclic-ring deformation (C-C-C bend),"gamma(H16;C7,C8,H17)",oop,0.2132140057185062,+,0.0302653625120513,0.18490676504661133
35,1369.4784584210288,,,mixed ring-site C-H out-of-plane bending / cyclic-ring deformation (C-C-C bend),delta(O6-C5-C7),angle,0.18977355307337665,-,-0.018639929611424678,0.4338863468073931
35,1369.4784584210288,,,mixed ring-site C-H out-of-plane bending / cyclic-ring deformation (C-C-C bend),delta(C5-C7-C8),angle,0.16652463948194002,-,-0.009870709402230279,1.3577212054820749
35,1369.4784584210288,,,mixed ring-site C-H out-of-plane bending / cyclic-ring deformation (C-C-C bend),delta(O2-C1-H10),angle,0.16198614037443185,+,0.019285647098239857,0.3459698539295735
35,1369.4784584210288,,,mixed ring-site C-H out-of-plane bending / cyclic-ring deformation (C-C-C bend),nu(C7-C8),bond,0.1619534387966015,+,0.020901321084374657,0.2944906642672141
35,1369.4784584210288,,,mixed ring-site C-H out-of-plane bending / cyclic-ring deformation (C-C-C bend),delta(O2-C3-C4),angle,0.15168836824893173,+,0.013076812493064048,0.7046562659244109
35,1369.4784584210288,,,mixed ring-site C-H out-of-plane bending / cyclic-ring deformation (C-C-C bend),tau(H12-C1-O2-C3),dihedral,0.13293388489787805,+,0.023809138466566068,0.18628469149813526
35,1369.4784584210288,,,mixed ring-site C-H out-of-plane bending / cyclic-ring deformation (C-C-C bend),delta(C7-C8-O9),angle,0.12082800755087532,-,-0.015022428414466694,0.42532034670863855
35,1369.4784584210288,,,mixed ring-site C-H out-of-plane bending / cyclic-ring deformation (C-C-C bend),nu(C4-C5),bond,0.06226730147404938,-,-0.01354181159662332,0.2697337819721011
35,1369.4784584210288,,,mixed ring-site C-H out-of-plane bending / cyclic-ring deformation (C-C-C bend),nu(C1-H12),bond,0.05660824748364114,+,0.011764590153906128,0.32490390949747744
35,1369.4784584210288,,,mixed ring-site C-H out-of-plane bending / cyclic-ring deformation (C-C-C bend),tau(C3-C4-C5-O6),dihedral,0.0539750820550225,-,-0.022543598162912962,0.08436759585486936
35,1369.4784584210288,,,mixed ring-site C-H out-of-plane bending / cyclic-ring deformation (C-C-C bend),tau(H11-C1-O2-C3),dihedral,0.04919256254787566,-,-0.014682477955724854,0.18127151443851006
35,1369.4784584210288,,,mixed ring-site C-H out-of-plane bending / cyclic-ring deformation (C-C-C bend),nu(C3-H13),bond,0.04499954719481181,-,-0.010466146757769296,0.32633475937097894
35,1369.4784584210288,,,mixed ring-site C-H out-of-plane bending / cyclic-ring deformation (C-C-C bend),tau(C5-C7-C8-O9),dihedral,0.02230278834427167,-,-0.015556863186298573,0.07320553682576925
35,1369.4784584210288,,,mixed ring-site C-H out-of-plane bending / cyclic-ring deformation (C-C-C bend),tau(H15-C4-C5-C7),dihedral,0.017865222239184728,+,0.005194035845621828,0.5260504175017567
35,1369.4784584210288,,,mixed ring-site C-H out-of-plane bending / cyclic-ring deformation (C-C-C bend),delta(C5-C7-H17),angle,0.010838829530712558,+,0.005877351558631487,0.24925729583022535
35,1369.4784584210288,,,mixed ring-site C-H out-of-plane bending / cyclic-ring deformation (C-C-C bend),nu(C8-O9),bond,0.008632108818636419,-,-0.002838856174976902,0.8508616649752963
35,1369.4784584210288,,,mixed ring-site C-H out-of-plane bending / cyclic-ring deformation (C-C-C bend),nu(C4-H15),bond,0.008498021997155719,-,-0.00443720215981426,0.3428690238780344
35,1369.4784584210288,,,mixed ring-site C-H out-of-plane bending / cyclic-ring deformation (C-C-C bend),nu(C1-H10),bond,0.007932922533475006,+,0.004363310376653658,0.33100140032692144
35,1369.4784584210288,,,mixed ring-site C-H out-of-plane bending / cyclic-ring deformation (C-C-C bend),delta(O2-C1-H12),angle,0.0038172908952038126,-,-0.003310650662388183,0.2766670087017801
35,1369.4784584210288,,,mixed ring-site C-H out-of-plane bending / cyclic-ring deformation (C-C-C bend),nu(C4-H14),bond,0.002475161187537693,-,-0.00244095586543918,0.32999887833147423
35,1369.4784584210288,,,mixed ring-site C-H out-of-plane bending / cyclic-ring deformation (C-C-C bend),nu(C5-O6),bond,0.002368003227994407,+,0.0014791436319511334,0.8597861112169202
35,1369.4784584210288,,,mixed ring-site C-H out-of-plane bending / cyclic-ring deformation (C-C-C bend),nu(C1-H11),bond,0.0011051429554285038,+,0.0015959321307126057,0.3446818810517787
35,1369.4784584210288,,,mixed ring-site C-H out-of-plane bending / cyclic-ring deformation (C-C-C bend),nu(C7-H17),bond,0.00037031953396424416,-,-0.0009398815777536923,0.3330114592444899
35,1369.4784584210288,,,mixed ring-site C-H out-of-plane bending / cyclic-ring deformation (C-C-C bend),nu(C7-H16),bond,0.0003236210109612102,-,-0.0008710162780354352,0.3388542982866813
35,1369.4784584210288,,,mixed ring-site C-H out-of-plane bending / cyclic-ring deformation (C-C-C bend),tau(C1-O2-C3-C4),dihedral,0.0002541948616724109,-,-0.0024953522152891517,0.032428875569921495
35,1369.4784584210288,,,mixed ring-site C-H out-of-plane bending / cyclic-ring deformation (C-C-C bend),tau(C4-C5-C7-H16),dihedral,8.13264471155402e-08,-,-2.0286897561397e-05,0.15697459052850737
36,1403.2455979366587,,,mixed ring-site C-H out-of-plane bending / ring-site C-H in-plane bending,"gamma(H16;C7,C8,H17)",oop,44.8158419863784,-,-0.39906772987548067,0.18490676504661133
36,1403.2455979366587,,,mixed ring-site C-H out-of-plane bending / ring-site C-H in-plane bending,tau(C4-C5-C7-H16),dihedral,28.44235853942265,+,0.345044695064438,0.15697459052850737
36,1403.2455979366587,,,mixed ring-site C-H out-of-plane bending / ring-site C-H in-plane bending,delta(C5-C7-H17),angle,11.015991895560978,+,0.170410007299757,0.24925729583022535
36,1403.2455979366587,,,mixed ring-site C-H out-of-plane bending / ring-site C-H in-plane bending,delta(C8-C7-H17),angle,10.338450416288618,+,0.18596250576626885,0.19643511781922787
36,1403.2455979366587,,,mixed ring-site C-H out-of-plane bending / ring-site C-H in-plane bending,delta(C5-C7-C8),angle,2.3394118109129765,+,0.03364769117267353,1.3577212054820749
36,1403.2455979366587,,,mixed ring-site C-H out-of-plane bending / ring-site C-H in-plane bending,nu(C7-C8),bond,0.6957318558836134,-,-0.03939965413646414,0.2944906642672141
36,1403.2455979366587,,,mixed ring-site C-H out-of-plane bending / ring-site C-H in-plane bending,tau(H15-C4-C5-C7),dihedral,0.44079661734408027,-,-0.023464573917654972,0.5260504175017567
36,1403.2455979366587,,,mixed ring-site C-H out-of-plane bending / ring-site C-H in-plane bending,nu(C5-C7),bond,0.4369962378186238,-,-0.030089227142308394,0.3171539275239167
36,1403.2455979366587,,,mixed ring-site C-H out-of-plane bending / ring-site C-H in-plane bending,"gamma(H14;C4,C3,H15)",oop,0.35677644998616986,-,-0.029602223048968535,0.2675235310053796
36,1403.2455979366587,,,mixed ring-site C-H out-of-plane bending / ring-site C-H in-plane bending,tau(H14-C4-C5-C7),dihedral,0.20169538707256437,+,0.02735725941257289,0.1770782616507438
36,1403.2455979366587,,,mixed ring-site C-H out-of-plane bending / ring-site C-H in-plane bending,nu(C7-H16),bond,0.14948111936761496,+,0.017025265841071766,0.3388542982866813
36,1403.2455979366587,,,mixed ring-site C-H out-of-plane bending / ring-site C-H in-plane bending,nu(C7-H17),bond,0.12740933807093768,+,0.01585543900681435,0.3330114592444899
36,1403.2455979366587,,,mixed ring-site C-H out-of-plane bending / ring-site C-H in-plane bending,delta(C3-C4-H15),angle,0.12179967461263838,-,-0.011947067691906541,0.5607095340721711
36,1403.2455979366587,,,mixed ring-site C-H out-of-plane bending / ring-site C-H in-plane bending,delta(C5-C4-H14),angle,0.1000231776504157,-,-0.013757745015231694,0.34723268377330074
36,1403.2455979366587,,,mixed ring-site C-H out-of-plane bending / ring-site C-H in-plane bending,delta(O6-C5-C7),angle,0.08449827332622238,+,0.011312097919896062,0.4338863468073931
36,1403.2455979366587,,,mixed ring-site C-H out-of-plane bending / ring-site C-H in-plane bending,delta(C7-C8-O9),angle,0.06880867502598251,+,0.010310286860260616,0.42532034670863855
36,1403.2455979366587,,,mixed ring-site C-H out-of-plane bending / ring-site C-H in-plane bending,tau(H13-C3-C8-C7),dihedral,0.04868063083018725,+,0.01199523927967925,0.2223068411147103
36,1403.2455979366587,,,mixed ring-site C-H out-of-plane bending / ring-site C-H in-plane bending,nu(C3-C8),bond,0.04739748544714482,-,-0.01063501612929777,0.2753553110419089
36,1403.2455979366587,,,mixed ring-site C-H out-of-plane bending / ring-site C-H in-plane bending,nu(C4-C5),bond,0.04547294325046436,-,-0.010524854297979698,0.2697337819721011
36,1403.2455979366587,,,mixed ring-site C-H out-of-plane bending / ring-site C-H in-plane bending,tau(O2-C3-C8-C7),dihedral,0.03950240850784041,-,-0.007639341318848404,0.4447604988167489
36,1403.2455979366587,,,mixed ring-site C-H out-of-plane bending / ring-site C-H in-plane bending,delta(C4-C3-C8),angle,0.03620075909792548,+,0.0037792802509045817,1.6653822931266715
36,1403.2455979366587,,,mixed ring-site C-H out-of-plane bending / ring-site C-H in-plane bending,nu(C8-O9),bond,0.012296441076307927,-,-0.003081537581455506,0.8508616649752963
36,1403.2455979366587,,,mixed ring-site C-H out-of-plane bending / ring-site C-H in-plane bending,nu(O2-C3),bond,0.012025687179681981,+,0.00500055312860485,0.31600086564110863
36,1403.2455979366587,,,mixed ring-site C-H out-of-plane bending / ring-site C-H in-plane bending,delta(O2-C1-H11),angle,0.005997298838493087,+,0.003948128467248804,0.25280612971790234
36,1403.2455979366587,,,mixed ring-site C-H out-of-plane bending / ring-site C-H in-plane bending,delta(C8-C3-H13),angle,0.0031779311589538255,+,0.003082711908151808,0.21973187748757736
36,1403.2455979366587,,,mixed ring-site C-H out-of-plane bending / ring-site C-H in-plane bending,delta(O2-C1-H10),angle,0.002915202368979201,+,0.002353002863697157,0.3459698539295735
36,1403.2455979366587,,,mixed ring-site C-H out-of-plane bending / ring-site C-H in-plane bending,nu(C5-O6),bond,0.002717684455034142,-,-0.0014411577885795912,0.8597861112169202
36,1403.2455979366587,,,mixed ring-site C-H out-of-plane bending / ring-site C-H in-plane bending,nu(C4-H15),bond,0.0013956540812560627,-,-0.0016354301508694595,0.3428690238780344
36,1403.2455979366587,,,mixed ring-site C-H out-of-plane bending / ring-site C-H in-plane bending,delta(H10-C1-H12),angle,0.0011832994732445222,-,-0.0016349394202885782,0.2908746019881476
36,1403.2455979366587,,,mixed ring-site C-H out-of-plane bending / ring-site C-H in-plane bending,nu(C4-H14),bond,0.000905764895330471,-,-0.0013429465914055346,0.32999887833147423
36,1403.2455979366587,,,mixed ring-site C-H out-of-plane bending / ring-site C-H in-plane bending,nu(C1-O2),bond,0.0008835421192878816,-,-0.001337380016328205,0.3245877010854186
36,1403.2455979366587,,,mixed ring-site C-H out-of-plane bending / ring-site C-H in-plane bending,delta(O2-C3-C4),angle,0.0008542482029152312,-,-0.0008925048988872306,0.7046562659244109
36,1403.2455979366587,,,mixed ring-site C-H out-of-plane bending / ring-site C-H in-plane bending,tau(C5-C7-C8-O9),dihedral,0.00040320285423293945,-,-0.0019023790943912067,0.07320553682576925
36,1403.2455979366587,,,mixed ring-site C-H out-of-plane bending / ring-site C-H in-plane bending,delta(C1-O2-C3),angle,0.0003477875012233729,+,0.0009203049966361083,0.2698142431668865
36,1403.2455979366587,,,mixed ring-site C-H out-of-plane bending / ring-site C-H in-plane bending,delta(O2-C1-H12),angle,0.0003396264874122442,+,0.0008981095618038901,0.2766670087017801
36,1403.2455979366587,,,mixed ring-site C-H out-of-plane bending / ring-site C-H in-plane bending,nu(C3-H13),bond,0.0002947855430944562,-,-0.0007704219607326295,0.32633475937097894
36,1403.2455979366587,,,mixed ring-site C-H out-of-plane bending / ring-site C-H in-plane bending,nu(C3-C4),bond,0.0002862137360164047,+,0.0007219189264349386,0.3608511373961394
36,1403.2455979366587,,,mixed ring-site C-H out-of-plane bending / ring-site C-H in-plane bending,nu(C1-H12),bond,0.0001957405332519047,+,0.0006291730991651836,0.32490390949747744
36,1403.2455979366587,,,mixed ring-site C-H out-of-plane bending / ring-site C-H in-plane bending,tau(H12-C1-O2-C3),dihedral,0.0001749033290181182,-,-0.0007854484465883661,0.18628469149813526
36,1403.2455979366587,,,mixed ring-site C-H out-of-plane bending / ring-site C-H in-plane bending,tau(H11-C1-O2-C3),dihedral,0.00011481679700002555,-,-0.00064512691739994,0.18127151443851006
36,1403.2455979366587,,,mixed ring-site C-H out-of-plane bending / ring-site C-H in-plane bending,tau(C3-C4-C5-O6),dihedral,8.713299874346161e-05,-,-0.0008237790146849387,0.08436759585486936
36,1403.2455979366587,,,mixed ring-site C-H out-of-plane bending / ring-site C-H in-plane bending,tau(C1-O2-C3-C4),dihedral,3.483601985462324e-05,-,-0.0008401475210016378,0.032428875569921495
36,1403.2455979366587,,,mixed ring-site C-H out-of-plane bending / ring-site C-H in-plane bending,delta(O2-C3-C8),angle,2.547040414118281e-05,-,-0.00022381592557231978,0.33409373107359736
36,1403.2455979366587,,,mixed ring-site C-H out-of-plane bending / ring-site C-H in-plane bending,nu(C1-H11),bond,1.294287803042383e-05,+,0.00015707730189065024,0.3446818810517787
36,1403.2455979366587,,,mixed ring-site C-H out-of-plane bending / ring-site C-H in-plane bending,nu(C1-H10),bond,4.105212441583315e-06,+,9.027346935132264e-05,0.33100140032692144
37,1437.3144168083609,,,ring-site C-H out-of-plane bending,tau(H15-C4-C5-C7),dihedral,40.9213229314641,+,0.3579726607476984,0.5260504175017567
37,1437.3144168083609,,,ring-site C-H out-of-plane bending,"gamma(H14;C4,C3,H15)",oop,24.929372135480982,+,0.39179905862638964,0.2675235310053796
37,1437.3144168083609,,,ring-site C-H out-of-plane bending,delta(C3-C4-H15),angle,15.011741765542924,+,0.2100077316411178,0.5607095340721711
37,1437.3144168083609,,,ring-site C-H out-of-plane bending,tau(H14-C4-C5-C7),dihedral,12.124511988300037,-,-0.33584448463090233,0.1770782616507438
37,1437.3144168083609,,,ring-site C-H out-of-plane bending,delta(C5-C4-H14),angle,4.430749966311446,+,0.14498298424950842,0.34723268377330074
37,1437.3144168083609,,,ring-site C-H out-of-plane bending,nu(C3-C4),bond,1.3251561159968253,-,-0.07777825499771629,0.3608511373961394
37,1437.3144168083609,,,ring-site C-H out-of-plane bending,tau(H13-C3-C8-C7),dihedral,0.29148828228910906,+,0.04647536920873241,0.2223068411147103
37,1437.3144168083609,,,ring-site C-H out-of-plane bending,delta(H10-C1-H12),angle,0.17877258669743926,-,-0.03181898141039184,0.2908746019881476
37,1437.3144168083609,,,ring-site C-H out-of-plane bending,"gamma(H16;C7,C8,H17)",oop,0.11487331997745738,-,-0.03199056408328978,0.18490676504661133
37,1437.3144168083609,,,ring-site C-H out-of-plane bending,tau(C4-C5-C7-H16),dihedral,0.10697873020505001,+,0.03350601293204569,0.15697459052850737
37,1437.3144168083609,,,ring-site C-H out-of-plane bending,nu(C4-C5),bond,0.10070305311494417,-,-0.02479946773975472,0.2697337819721011
37,1437.3144168083609,,,ring-site C-H out-of-plane bending,delta(O2-C1-H11),angle,0.08075908101725926,+,0.022939851176002325,0.25280612971790234
37,1437.3144168083609,,,ring-site C-H out-of-plane bending,tau(O2-C3-C8-C7),dihedral,0.050054784325018475,-,-0.013615964322329279,0.4447604988167489
37,1437.3144168083609,,,ring-site C-H out-of-plane bending,nu(C3-C8),bond,0.04922563046483864,-,-0.017160803824680562,0.2753553110419089
37,1437.3144168083609,,,ring-site C-H out-of-plane bending,delta(C8-C3-H13),angle,0.04798785885567529,+,0.01896740270579828,0.21973187748757736
37,1437.3144168083609,,,ring-site C-H out-of-plane bending,nu(C5-C7),bond,0.03186756217731566,-,-0.012865541968160924,0.3171539275239167
37,1437.3144168083609,,,ring-site C-H out-of-plane bending,nu(C4-H15),bond,0.03186703037022497,+,0.012373580368383938,0.3428690238780344
37,1437.3144168083609,,,ring-site C-H out-of-plane bending,nu(C4-H14),bond,0.03001148192452972,+,0.012239852955688312,0.32999887833147423
37,1437.3144168083609,,,ring-site C-H out-of-plane bending,delta(O2-C1-H10),angle,0.021969922495322418,+,0.010227838108759418,0.3459698539295735
37,1437.3144168083609,,,ring-site C-H out-of-plane bending,delta(C1-O2-C3),angle,0.01999244262873296,+,0.01104814092249816,0.2698142431668865
37,1437.3144168083609,,,ring-site C-H out-of-plane bending,delta(C8-C7-H17),angle,0.014502641623379164,+,0.011028150992226484,0.19643511781922787
37,1437.3144168083609,,,ring-site C-H out-of-plane bending,delta(C5-C7-C8),angle,0.01416407203876929,+,0.004145505300748244,1.3577212054820749
37,1437.3144168083609,,,ring-site C-H out-of-plane bending,tau(H11-C1-O2-C3),dihedral,0.012300894074470407,-,-0.010572854841922935,0.18127151443851006
37,1437.3144168083609,,,ring-site C-H out-of-plane bending,delta(O2-C1-H12),angle,0.010044181844445017,+,0.007733343622119533,0.2766670087017801
37,1437.3144168083609,,,ring-site C-H out-of-plane bending,delta(O6-C5-C7),angle,0.009276728071782765,+,0.0059346912910535855,0.4338863468073931
37,1437.3144168083609,,,ring-site C-H out-of-plane bending,delta(C5-C7-H17),angle,0.008966888010415463,+,0.007698137167720855,0.24925729583022535
37,1437.3144168083609,,,ring-site C-H out-of-plane bending,tau(H12-C1-O2-C3),dihedral,0.006605843699412546,+,0.00764300731494777,0.18628469149813526
37,1437.3144168083609,,,ring-site C-H out-of-plane bending,nu(C8-O9),bond,0.005097103516313681,-,-0.0031413835130728726,0.8508616649752963
37,1437.3144168083609,,,ring-site C-H out-of-plane bending,nu(C7-C8),bond,0.004268937986698687,+,0.004886668393458546,0.2944906642672141
37,1437.3144168083609,,,ring-site C-H out-of-plane bending,nu(C3-H13),bond,0.003840774675892753,-,-0.004403180198365005,0.32633475937097894
37,1437.3144168083609,,,ring-site C-H out-of-plane bending,tau(C1-O2-C3-C4),dihedral,0.0035065252657719924,+,0.01334631137651703,0.032428875569921495
37,1437.3144168083609,,,ring-site C-H out-of-plane bending,delta(O2-C3-C8),angle,0.0016889511501855736,+,0.0028857791604581405,0.33409373107359736
37,1437.3144168083609,,,ring-site C-H out-of-plane bending,delta(C7-C8-O9),angle,0.0013661560493000275,-,-0.0023002804426621353,0.42532034670863855
37,1437.3144168083609,,,ring-site C-H out-of-plane bending,delta(O2-C3-C4),angle,0.0012788996507200607,+,0.0017290927395411956,0.7046562659244109
37,1437.3144168083609,,,ring-site C-H out-of-plane bending,nu(C1-H12),bond,0.0010838493176193534,+,0.0023442055917499136,0.32490390949747744
37,1437.3144168083609,,,ring-site C-H out-of-plane bending,delta(C4-C3-C8),angle,0.0007763955737764706,-,-0.000876341272518444,1.6653822931266715
37,1437.3144168083609,,,ring-site C-H out-of-plane bending,nu(C1-O2),bond,0.0007134627976572385,-,-0.0019028666212875574,0.3245877010854186
37,1437.3144168083609,,,ring-site C-H out-of-plane bending,nu(C1-H10),bond,0.00046996674654804934,+,0.0015293516681696543,0.33100140032692144
37,1437.3144168083609,,,ring-site C-H out-of-plane bending,nu(C7-H17),bond,0.0002163030994706803,+,0.0010344047211501104,0.3330114592444899
37,1437.3144168083609,,,ring-site C-H out-of-plane bending,nu(O2-C3),bond,0.0001799760576089572,+,0.000968616678577218,0.31600086564110863
37,1437.3144168083609,,,ring-site C-H out-of-plane bending,nu(C7-H16),bond,0.00012884423583398854,+,0.0007914340106129467,0.3388542982866813
37,1437.3144168083609,,,ring-site C-H out-of-plane bending,nu(C5-O6),bond,0.00010586816596370966,-,-0.00045037698987970696,0.8597861112169202
37,1437.3144168083609,,,ring-site C-H out-of-plane bending,tau(C5-C7-C8-O9),dihedral,8.664894630316973e-06,-,-0.0004415688103074871,0.07320553682576925
37,1437.3144168083609,,,ring-site C-H out-of-plane bending,tau(C3-C4-C5-O6),dihedral,1.3069688685083315e-06,+,0.0001597472889574524,0.08436759585486936
37,1437.3144168083609,,,ring-site C-H out-of-plane bending,nu(C1-H11),bond,9.48452412384243e-08,+,2.1290568466575043e-05,0.3446818810517787
38,1479.3405896271909,,,mixed C-H bending / C-O torsion,delta(O2-C1-H11),angle,31.801628779693367,+,0.29067977568155223,0.25280612971790234
38,1479.3405896271909,,,mixed C-H bending / C-O torsion,delta(O2-C1-H12),angle,26.148056283820083,+,0.2519561437524104,0.2766670087017801
38,1479.3405896271909,,,mixed C-H bending / C-O torsion,tau(H12-C1-O2-C3),dihedral,18.47547932225488,-,-0.2581030925518132,0.18628469149813526
38,1479.3405896271909,,,mixed C-H bending / C-O torsion,tau(H11-C1-O2-C3),dihedral,10.188043586848814,+,0.19429630881736693,0.18127151443851006
38,1479.3405896271909,,,mixed C-H bending / C-O torsion,delta(O2-C1-H10),angle,9.414562649154467,+,0.1351963230678442,0.3459698539295735
38,1479.3405896271909,,,mixed C-H bending / C-O torsion,nu(C1-O2),bond,1.235090011481072,-,-0.05055536022139794,0.3245877010854186
38,1479.3405896271909,,,mixed C-H bending / C-O torsion,nu(O2-C3),bond,0.7343716724035062,-,-0.03950915636689104,0.31600086564110863
38,1479.3405896271909,,,mixed C-H bending / C-O torsion,tau(H13-C3-C8-C7),dihedral,0.3916392171154768,-,-0.03439937940244609,0.2223068411147103
38,1479.3405896271909,,,mixed C-H bending / C-O torsion,delta(H10-C1-H12),angle,0.39117795879930206,+,0.030055103061572698,0.2908746019881476
38,1479.3405896271909,,,mixed C-H bending / C-O torsion,delta(C8-C3-H13),angle,0.17984974880481652,-,-0.023447271864915704,0.21973187748757736
38,1479.3405896271909,,,mixed C-H bending / C-O torsion,delta(C3-C4-H15),angle,0.1773957459561327,-,-0.014577617968711178,0.5607095340721711
38,1479.3405896271909,,,mixed C-H bending / C-O torsion,nu(C1-H12),bond,0.11060419885792351,+,0.015121409447173464,0.32490390949747744
38,1479.3405896271909,,,mixed C-H bending / C-O torsion,nu(C1-H11),bond,0.10783958845247299,+,0.014496521973843123,0.3446818810517787
38,1479.3405896271909,,,mixed C-H bending / C-O torsion,"gamma(H14;C4,C3,H15)",oop,0.09523286767332667,-,-0.01546309312991914,0.2675235310053796
38,1479.3405896271909,,,mixed C-H bending / C-O torsion,delta(C4-C3-C8),angle,0.08864340310657808,-,-0.005979297653388551,1.6653822931266715
38,1479.3405896271909,,,mixed C-H bending / C-O torsion,tau(H15-C4-C5-C7),dihedral,0.08739635835002355,-,-0.01056372089207471,0.5260504175017567
38,1479.3405896271909,,,mixed C-H bending / C-O torsion,tau(O2-C3-C8-C7),dihedral,0.08587699995996784,+,0.011388309522594285,0.4447604988167489
38,1479.3405896271909,,,mixed C-H bending / C-O torsion,delta(C1-O2-C3),angle,0.06849026486176206,-,-0.013057676996777786,0.2698142431668865
38,1479.3405896271909,,,mixed C-H bending / C-O torsion,nu(C3-C4),bond,0.05822032720490073,+,0.010410155485532153,0.3608511373961394
38,1479.3405896271909,,,mixed C-H bending / C-O torsion,nu(C8-O9),bond,0.02997470189310439,-,-0.004864429260292596,0.8508616649752963
38,1479.3405896271909,,,mixed C-H bending / C-O torsion,delta(C5-C4-H14),angle,0.024003455602168267,-,-0.006814131653578551,0.34723268377330074
38,1479.3405896271909,,,mixed C-H bending / C-O torsion,delta(O2-C3-C8),angle,0.01968348239812378,+,0.006290725563573983,0.33409373107359736
38,1479.3405896271909,,,mixed C-H bending / C-O torsion,nu(C3-C8),bond,0.018327026615282398,+,0.006686259238489344,0.2753553110419089
38,1479.3405896271909,,,mixed C-H bending / C-O torsion,nu(C1-H10),bond,0.016940077092912703,-,-0.005863092016561234,0.33100140032692144
38,1479.3405896271909,,,mixed C-H bending / C-O torsion,nu(C3-H13),bond,0.012945787037453839,-,-0.005161982124088983,0.32633475937097894
38,1479.3405896271909,,,mixed C-H bending / C-O torsion,nu(C7-C8),bond,0.009093483600371398,+,0.00455421272680596,0.2944906642672141
38,1479.3405896271909,,,mixed C-H bending / C-O torsion,tau(C3-C4-C5-O6),dihedral,0.007086659469138515,+,0.007511330645669993,0.08436759585486936
38,1479.3405896271909,,,mixed C-H bending / C-O torsion,tau(C4-C5-C7-H16),dihedral,0.005804393933168508,-,-0.0049836518408782685,0.15697459052850737
38,1479.3405896271909,,,mixed C-H bending / C-O torsion,tau(C1-O2-C3-C4),dihedral,0.004275169610001263,+,0.009410109215442688,0.032428875569921495
38,1479.3405896271909,,,mixed C-H bending / C-O torsion,tau(H14-C4-C5-C7),dihedral,0.003443137168650168,-,-0.0036139194781655004,0.1770782616507438
38,1479.3405896271909,,,mixed C-H bending / C-O torsion,delta(C8-C7-H17),angle,0.0023798605794162547,+,0.0028526607475261416,0.19643511781922787
38,1479.3405896271909,,,mixed C-H bending / C-O torsion,delta(O2-C3-C4),angle,0.002326106034664217,+,0.0014890525663007346,0.7046562659244109
38,1479.3405896271909,,,mixed C-H bending / C-O torsion,nu(C5-O6),bond,0.0006998275026975433,-,-0.0007394081356393288,0.8597861112169202
38,1479.3405896271909,,,mixed C-H bending / C-O torsion,tau(C5-C7-C8-O9),dihedral,0.0006580290350397384,+,0.0024571660043569555,0.07320553682576925
38,1479.3405896271909,,,mixed C-H bending / C-O torsion,delta(C5-C7-C8),angle,0.0005192369086351461,-,-0.0005068289476526574,1.3577212054820749
38,1479.3405896271909,,,mixed C-H bending / C-O torsion,nu(C4-C5),bond,0.0004748500933837286,+,0.0010874130170406041,0.2697337819721011
38,1479.3405896271909,,,mixed C-H bending / C-O torsion,delta(C5-C7-H17),angle,0.000436753615914377,-,-0.0010848713732980056,0.24925729583022535
38,1479.3405896271909,,,mixed C-H bending / C-O torsion,delta(C7-C8-O9),angle,0.00039606564470771096,-,-0.0007908779023199111,0.42532034670863855
38,1479.3405896271909,,,mixed C-H bending / C-O torsion,nu(C4-H14),bond,0.0003511654912054594,-,-0.0008454416094787654,0.32999887833147423
38,1479.3405896271909,,,mixed C-H bending / C-O torsion,nu(C5-C7),bond,0.0003066733774321101,+,0.00080591070685843,0.3171539275239167
38,1479.3405896271909,,,mixed C-H bending / C-O torsion,delta(O6-C5-C7),angle,0.00022362162615368846,-,-0.0005883731461868018,0.4338863468073931
38,1479.3405896271909,,,mixed C-H bending / C-O torsion,"gamma(H16;C7,C8,H17)",oop,2.456607943238247e-05,-,-0.00029872767586472463,0.18490676504661133
38,1479.3405896271909,,,mixed C-H bending / C-O torsion,nu(C4-H15),bond,1.6833583279931925e-05,+,0.00018159675967054401,0.3428690238780344
38,1479.3405896271909,,,mixed C-H bending / C-O torsion,nu(C7-H17),bond,9.343171246971761e-06,+,0.00013727817590043317,0.3330114592444899
38,1479.3405896271909,,,mixed C-H bending / C-O torsion,nu(C7-H16),bond,7.080375432676447e-07,-,-3.746326102504784e-05,0.3388542982866813
39,1492.2431838192153,,,mixed C-H bending / C-O torsion,delta(O2-C1-H10),angle,41.270681290488646,+,0.2669605075628467,0.3459698539295735
39,1492.2431838192153,,,mixed C-H bending / C-O torsion,tau(H11-C1-O2-C3),dihedral,31.869933100740997,-,-0.3240940990866194,0.18127151443851006
39,1492.2431838192153,,,mixed C-H bending / C-O torsion,delta(O2-C1-H11),angle,10.859464057192607,+,0.16019749674453748,0.25280612971790234
39,1492.2431838192153,,,mixed C-H bending / C-O torsion,tau(H12-C1-O2-C3),dihedral,6.558866186314336,+,0.14503443624432458,0.18628469149813526
39,1492.2431838192153,,,mixed C-H bending / C-O torsion,delta(H10-C1-H12),angle,6.269708061257074,-,-0.11347915359757714,0.2908746019881476
39,1492.2431838192153,,,mixed C-H bending / C-O torsion,delta(O2-C1-H12),angle,0.637022226366242,+,0.03708889845067046,0.2766670087017801
39,1492.2431838192153,,,mixed C-H bending / C-O torsion,nu(C1-O2),bond,0.6257782048312779,-,-0.03393825557944609,0.3245877010854186
39,1492.2431838192153,,,mixed C-H bending / C-O torsion,nu(C1-H10),bond,0.44148997931426637,+,0.0282286974548722,0.33100140032692144
39,1492.2431838192153,,,mixed C-H bending / C-O torsion,tau(H13-C3-C8-C7),dihedral,0.23268256942632318,-,-0.025006380836945175,0.2223068411147103
39,1492.2431838192153,,,mixed C-H bending / C-O torsion,nu(O2-C3),bond,0.23095119627710278,-,-0.020895910587291403,0.31600086564110863
39,1492.2431838192153,,,mixed C-H bending / C-O torsion,delta(C3-C4-H15),angle,0.175016351273303,-,-0.013655753594281946,0.5607095340721711
39,1492.2431838192153,,,mixed C-H bending / C-O torsion,tau(H15-C4-C5-C7),dihedral,0.12026537491251976,-,-0.011686970539888111,0.5260504175017567
39,1492.2431838192153,,,mixed C-H bending / C-O torsion,nu(C8-O9),bond,0.11567377494157813,-,-0.009012251547063862,0.8508616649752963
39,1492.2431838192153,,,mixed C-H bending / C-O torsion,nu(C1-H12),bond,0.10726688538947822,-,-0.01404431934577003,0.32490390949747744
39,1492.2431838192153,,,mixed C-H bending / C-O torsion,delta(C8-C3-H13),angle,0.08166817248519712,-,-0.01490133625151282,0.21973187748757736
39,1492.2431838192153,,,mixed C-H bending / C-O torsion,delta(C4-C3-C8),angle,0.07378594640878056,-,-0.005144879222200702,1.6653822931266715
39,1492.2431838192153,,,mixed C-H bending / C-O torsion,tau(O2-C3-C8-C7),dihedral,0.05259071113914492,+,0.008404981207750859,0.4447604988167489
39,1492.2431838192153,,,mixed C-H bending / C-O torsion,nu(C3-C4),bond,0.04955981807441479,+,0.00905828836030827,0.3608511373961394
39,1492.2431838192153,,,mixed C-H bending / C-O torsion,nu(C3-C8),bond,0.04928655843012641,+,0.01034100736129804,0.2753553110419089
39,1492.2431838192153,,,mixed C-H bending / C-O torsion,"gamma(H14;C4,C3,H15)",oop,0.04375236178232448,-,-0.009884736259003045,0.2675235310053796
39,1492.2431838192153,,,mixed C-H bending / C-O torsion,delta(C1-O2-C3),angle,0.034735604074939426,-,-0.008770014702045614,0.2698142431668865
39,1492.2431838192153,,,mixed C-H bending / C-O torsion,delta(O2-C3-C8),angle,0.030709564781093733,+,0.007410508279889399,0.33409373107359736
39,1492.2431838192153,,,mixed C-H bending / C-O torsion,nu(C1-H11),bond,0.022109225789087902,+,0.006190459257375076,0.3446818810517787
39,1492.2431838192153,,,mixed C-H bending / C-O torsion,tau(C1-O2-C3-C4),dihedral,0.009250903477185969,-,-0.013054837159759646,0.032428875569921495
39,1492.2431838192153,,,mixed C-H bending / C-O torsion,delta(C5-C4-H14),angle,0.009069990979618046,-,-0.0039503762212401835,0.34723268377330074
39,1492.2431838192153,,,mixed C-H bending / C-O torsion,tau(C4-C5-C7-H16),dihedral,0.005100461272055714,-,-0.004405907520067874,0.15697459052850737
39,1492.2431838192153,,,mixed C-H bending / C-O torsion,tau(H14-C4-C5-C7),dihedral,0.0040841943154137535,+,0.003712067823508439,0.1770782616507438
39,1492.2431838192153,,,mixed C-H bending / C-O torsion,delta(O2-C3-C4),angle,0.003289758701353582,-,-0.0016700854501579144,0.7046562659244109
39,1492.2431838192153,,,mixed C-H bending / C-O torsion,delta(C7-C8-O9),angle,0.0032840430297716556,+,0.0021477892740131743,0.42532034670863855
39,1492.2431838192153,,,mixed C-H bending / C-O torsion,nu(C7-C8),bond,0.0032365248772502787,+,0.002562412464927071,0.2944906642672141
39,1492.2431838192153,,,mixed C-H bending / C-O torsion,tau(C3-C4-C5-O6),dihedral,0.0023829279861437326,+,0.004107834627076079,0.08436759585486936
39,1492.2431838192153,,,mixed C-H bending / C-O torsion,delta(C5-C7-C8),angle,0.0012170270331063153,+,0.000731796185453596,1.3577212054820749
39,1492.2431838192153,,,mixed C-H bending / C-O torsion,"gamma(H16;C7,C8,H17)",oop,0.001026299455743198,-,-0.0018209833644405255,0.18490676504661133
39,1492.2431838192153,,,mixed C-H bending / C-O torsion,nu(C4-C5),bond,0.0008906369520469894,-,-0.001404520276760675,0.2697337819721011
39,1492.2431838192153,,,mixed C-H bending / C-O torsion,nu(C5-C7),bond,0.000839679721850538,+,0.0012576711972759275,0.3171539275239167
39,1492.2431838192153,,,mixed C-H bending / C-O torsion,delta(O6-C5-C7),angle,0.000792836323688429,-,-0.0010448383549723534,0.4338863468073931
39,1492.2431838192153,,,mixed C-H bending / C-O torsion,tau(C5-C7-C8-O9),dihedral,0.0006653602265131039,+,0.002330246061725044,0.07320553682576925
39,1492.2431838192153,,,mixed C-H bending / C-O torsion,delta(C8-C7-H17),angle,0.0005837457427966271,+,0.0013324398922858114,0.19643511781922787
39,1492.2431838192153,,,mixed C-H bending / C-O torsion,nu(C3-H13),bond,0.0005329827417779769,+,0.0009878027598412135,0.32633475937097894
39,1492.2431838192153,,,mixed C-H bending / C-O torsion,delta(C5-C7-H17),angle,0.0004045768570706713,-,-0.0009847407453007656,0.24925729583022535
39,1492.2431838192153,,,mixed C-H bending / C-O torsion,nu(C4-H14),bond,0.00023840502408501772,-,-0.0006569719073717458,0.32999887833147423
39,1492.2431838192153,,,mixed C-H bending / C-O torsion,nu(C5-O6),bond,8.886920365497708e-05,+,0.0002484996383058355,0.8597861112169202
39,1492.2431838192153,,,mixed C-H bending / C-O torsion,nu(C4-H15),bond,1.6638876927276036e-05,+,0.0001702719887478205,0.3428690238780344
39,1492.2431838192153,,,mixed C-H bending / C-O torsion,nu(C7-H17),bond,5.1916146428428985e-06,-,-9.650881088336731e-05,0.3330114592444899
39,1492.2431838192153,,,mixed C-H bending / C-O torsion,nu(C7-H16),bond,1.7238964381315846e-06,-,-5.513081542484728e-05,0.3388542982866813
40,1512.4351240597762,,,C-H bending,delta(H10-C1-H12),angle,76.7644332513072,+,0.6868646982607839,0.2908746019881476
40,1512.4351240597762,,,C-H bending,delta(O2-C1-H12),angle,8.048737562043987,-,-0.22804957617805274,0.2766670087017801
40,1512.4351240597762,,,C-H bending,tau(H12-C1-O2-C3),dihedral,6.866911852349514,-,-0.2567061220649779,0.18628469149813526
40,1512.4351240597762,,,C-H bending,delta(O2-C1-H10),angle,6.768417997353857,-,-0.18701159313241836,0.3459698539295735
40,1512.4351240597762,,,C-H bending,tau(H11-C1-O2-C3),dihedral,0.4221918284343158,-,-0.06452591969784163,0.18127151443851006
40,1512.4351240597762,,,C-H bending,delta(O2-C1-H11),angle,0.2596929167442657,+,0.042852910651396056,0.25280612971790234
40,1512.4351240597762,,,C-H bending,tau(H13-C3-C8-C7),dihedral,0.2004804466274561,+,0.040151675246901795,0.2223068411147103
40,1512.4351240597762,,,C-H bending,nu(C1-O2),bond,0.16544572236405194,+,0.030186017166028464,0.3245877010854186
40,1512.4351240597762,,,C-H bending,nu(C1-H12),bond,0.1426130767309952,-,-0.02801213943151231,0.32490390949747744
40,1512.4351240597762,,,C-H bending,nu(C1-H10),bond,0.05649024102264249,-,-0.017466901515878236,0.33100140032692144
40,1512.4351240597762,,,C-H bending,nu(C1-H11),bond,0.04676911217157822,+,0.015574510609004251,0.3446818810517787
40,1512.4351240597762,,,C-H bending,tau(O2-C3-C8-C7),dihedral,0.04514145466913185,-,-0.01347003561225618,0.4447604988167489
40,1512.4351240597762,,,C-H bending,delta(C8-C3-H13),angle,0.039508117386983045,+,0.017928365924358543,0.21973187748757736
40,1512.4351240597762,,,C-H bending,nu(C3-C4),bond,0.03492721397136301,-,-0.013154126267799562,0.3608511373961394
40,1512.4351240597762,,,C-H bending,tau(H15-C4-C5-C7),dihedral,0.032930957880961474,+,0.010578706551637692,0.5260504175017567
40,1512.4351240597762,,,C-H bending,delta(C4-C3-C8),angle,0.030153823492081074,+,0.005689292939764573,1.6653822931266715
40,1512.4351240597762,,,C-H bending,delta(C3-C4-H15),angle,0.025491256149212885,+,0.009015103589001143,0.5607095340721711
40,1512.4351240597762,,,C-H bending,delta(O2-C3-C4),angle,0.01609097454651122,+,0.006389201546742258,0.7046562659244109
40,1512.4351240597762,,,C-H bending,"gamma(H14;C4,C3,H15)",oop,0.0153298170705018,+,0.01012118971505576,0.2675235310053796
40,1512.4351240597762,,,C-H bending,tau(H14-C4-C5-C7),dihedral,0.005657301937134348,-,-0.007557290686060606,0.1770782616507438
40,1512.4351240597762,,,C-H bending,delta(C8-C7-H17),angle,0.0029634953434617118,-,-0.005193218936078674,0.19643511781922787
40,1512.4351240597762,,,C-H bending,delta(O2-C3-C8),angle,0.002819634668779504,-,-0.0038842424552327057,0.33409373107359736
40,1512.4351240597762,,,C-H bending,delta(C5-C4-H14),angle,0.0019475804176008293,+,0.0031665144508452084,0.34723268377330074
40,1512.4351240597762,,,C-H bending,delta(C5-C7-H17),angle,0.0007968954321060774,+,0.002390676444380573,0.24925729583022535
40,1512.4351240597762,,,C-H bending,nu(C3-C8),bond,0.0007195321260696437,-,-0.002161336755692183,0.2753553110419089
40,1512.4351240597762,,,C-H bending,delta(C5-C7-C8),angle,0.0006423791516383811,+,0.0009196752339637821,1.3577212054820749
40,1512.4351240597762,,,C-H bending,delta(C1-O2-C3),angle,0.0005550996654991097,-,-0.0019177726475232274,0.2698142431668865
40,1512.4351240597762,,,C-H bending,tau(C4-C5-C7-H16),dihedral,0.000424081868726012,+,0.0021976283364862777,0.15697459052850737
40,1512.4351240597762,,,C-H bending,tau(C5-C7-C8-O9),dihedral,0.0003719461166114625,-,-0.003013783998926072,0.07320553682576925
40,1512.4351240597762,,,C-H bending,delta(C7-C8-O9),angle,0.0002412892600524042,+,0.0010070591724538381,0.42532034670863855
40,1512.4351240597762,,,C-H bending,nu(C5-C7),bond,0.00020969930523071428,-,-0.0010871951894246676,0.3171539275239167
40,1512.4351240597762,,,C-H bending,tau(C1-O2-C3-C4),dihedral,0.00017043722508443905,-,-0.0030652108592029758,0.032428875569921495
40,1512.4351240597762,,,C-H bending,nu(C5-O6),bond,0.0001666132183563663,+,0.0005885774069275022,0.8597861112169202
40,1512.4351240597762,,,C-H bending,nu(C7-C8),bond,0.00014266736314861228,-,-0.0009306162348764345,0.2944906642672141
40,1512.4351240597762,,,C-H bending,tau(C3-C4-C5-O6),dihedral,0.0001298859403018161,-,-0.0016589653217772896,0.08436759585486936
40,1512.4351240597762,,,C-H bending,nu(C4-H14),bond,6.380620867081899e-05,+,0.0005879214579104615,0.32999887833147423
40,1512.4351240597762,,,C-H bending,nu(O2-C3),bond,5.986952672163513e-05,-,-0.0005819730175432551,0.31600086564110863
40,1512.4351240597762,,,C-H bending,nu(C4-C5),bond,4.772973584912137e-05,-,-0.0005624331598247013,0.2697337819721011
40,1512.4351240597762,,,C-H bending,"gamma(H16;C7,C8,H17)",oop,4.342148651916954e-05,-,-0.0006479179570213133,0.18490676504661133
40,1512.4351240597762,,,C-H bending,nu(C8-O9),bond,3.552628798321678e-05,-,-0.0002732055456538044,0.8508616649752963
40,1512.4351240597762,,,C-H bending,delta(O6-C5-C7),angle,1.847137778430716e-05,+,0.00027587079503791766,0.4338863468073931
40,1512.4351240597762,,,C-H bending,nu(C3-H13),bond,1.1714502689990972e-05,+,0.00025332283169854364,0.32633475937097894
40,1512.4351240597762,,,C-H bending,nu(C7-H17),bond,2.09887781913735e-06,-,-0.0001061470827977921,0.3330114592444899
40,1512.4351240597762,,,C-H bending,nu(C4-H15),bond,6.797333926823555e-07,-,-5.9531832420474235e-05,0.3428690238780344
40,1512.4351240597762,,,C-H bending,nu(C7-H16),bond,5.209061830581094e-07,-,-5.24224519157356e-05,0.3388542982866813
41,1804.9068760565472,,,opposite-phase exocyclic C-O stretching,nu(C8-O9),bond,50.88408954877666,+,0.2944118475919017,0.8508616649752963
41,1804.9068760565472,,,opposite-phase exocyclic C-O stretching,nu(C5-O6),bond,33.413542585139666,-,-0.23733391649973834,0.8597861112169202
41,1804.9068760565472,,,opposite-phase exocyclic C-O stretching,nu(C7-C8),bond,3.0183446689359394,-,-0.12188279556369676,0.2944906642672141
41,1804.9068760565472,,,opposite-phase exocyclic C-O stretching,delta(C4-C3-C8),angle,2.728249256587007,-,-0.048728024917635226,1.6653822931266715
41,1804.9068760565472,,,opposite-phase exocyclic C-O stretching,nu(C3-C8),bond,2.082903425216484,-,-0.10470841738555123,0.2753553110419089
41,1804.9068760565472,,,opposite-phase exocyclic C-O stretching,nu(C5-C7),bond,2.008612999172748,+,0.09580911857064635,0.3171539275239167
41,1804.9068760565472,,,opposite-phase exocyclic C-O stretching,nu(C4-C5),bond,1.4105681591568848,+,0.08706089440037772,0.2697337819721011
41,1804.9068760565472,,,opposite-phase exocyclic C-O stretching,"gamma(H16;C7,C8,H17)",oop,1.0165528204311598,+,0.08926523069388166,0.18490676504661133
41,1804.9068760565472,,,opposite-phase exocyclic C-O stretching,delta(C8-C3-H13),angle,0.8241156488444338,+,0.07372950265707622,0.21973187748757736
41,1804.9068760565472,,,opposite-phase exocyclic C-O stretching,delta(C7-C8-O9),angle,0.8214606635975523,-,-0.05290894032227379,0.42532034670863855
41,1804.9068760565472,,,opposite-phase exocyclic C-O stretching,delta(O6-C5-C7),angle,0.6183572080939002,+,0.0454491200190298,0.4338863468073931
41,1804.9068760565472,,,opposite-phase exocyclic C-O stretching,delta(C5-C7-H17),angle,0.2639771300381012,-,-0.039178965916236624,0.24925729583022535
41,1804.9068760565472,,,opposite-phase exocyclic C-O stretching,tau(O2-C3-C8-C7),dihedral,0.17823874323200445,+,0.024100813860907906,0.4447604988167489
41,1804.9068760565472,,,opposite-phase exocyclic C-O stretching,tau(C4-C5-C7-H16),dihedral,0.16617220420252765,+,0.03917042359366874,0.15697459052850737
41,1804.9068760565472,,,opposite-phase exocyclic C-O stretching,tau(H15-C4-C5-C7),dihedral,0.11982954157844963,+,0.018170296802014603,0.5260504175017567
41,1804.9068760565472,,,opposite-phase exocyclic C-O stretching,delta(C8-C7-H17),angle,0.10783132942435236,+,0.02820698523058523,0.19643511781922787
41,1804.9068760565472,,,opposite-phase exocyclic C-O stretching,delta(C3-C4-H15),angle,0.08773227162050347,+,0.015059289217480492,0.5607095340721711
41,1804.9068760565472,,,opposite-phase exocyclic C-O stretching,tau(H14-C4-C5-C7),dihedral,0.054646788788975637,-,-0.02114917620332239,0.1770782616507438
41,1804.9068760565472,,,opposite-phase exocyclic C-O stretching,delta(C5-C7-C8),angle,0.04155796594984933,-,-0.006660634432159615,1.3577212054820749
41,1804.9068760565472,,,opposite-phase exocyclic C-O stretching,delta(C5-C4-H14),angle,0.038265403625446615,-,-0.012638240281281122,0.34723268377330074
41,1804.9068760565472,,,opposite-phase exocyclic C-O stretching,"gamma(H14;C4,C3,H15)",oop,0.03256173670554727,-,-0.013282093811635807,0.2675235310053796
41,1804.9068760565472,,,opposite-phase exocyclic C-O stretching,tau(H13-C3-C8-C7),dihedral,0.026846062183283427,-,-0.013229932832714121,0.2223068411147103
41,1804.9068760565472,,,opposite-phase exocyclic C-O stretching,delta(O2-C3-C4),angle,0.01709625605286889,-,-0.005930012447731036,0.7046562659244109
41,1804.9068760565472,,,opposite-phase exocyclic C-O stretching,delta(O2-C1-H10),angle,0.011715325782245826,+,0.007005704471931667,0.3459698539295735
41,1804.9068760565472,,,opposite-phase exocyclic C-O stretching,delta(O2-C1-H11),angle,0.00667612853170628,+,0.006186746223325484,0.25280612971790234
41,1804.9068760565472,,,opposite-phase exocyclic C-O stretching,nu(C3-H13),bond,0.00567907012814807,-,-0.005022277501089682,0.32633475937097894
41,1804.9068760565472,,,opposite-phase exocyclic C-O stretching,delta(C1-O2-C3),angle,0.004834603202800088,-,-0.005096144560781363,0.2698142431668865
41,1804.9068760565472,,,opposite-phase exocyclic C-O stretching,tau(H11-C1-O2-C3),dihedral,0.0021985451937763284,-,-0.0041927278610704955,0.18127151443851006
41,1804.9068760565472,,,opposite-phase exocyclic C-O stretching,delta(O2-C1-H12),angle,0.0019946471087547847,+,0.003232571248250426,0.2766670087017801
41,1804.9068760565472,,,opposite-phase exocyclic C-O stretching,nu(C4-H14),bond,0.0011169999577399468,-,-0.002214950901332921,0.32999887833147423
41,1804.9068760565472,,,opposite-phase exocyclic C-O stretching,nu(C3-C4),bond,0.0007387083118065417,+,0.001722527685049708,0.3608511373961394
41,1804.9068760565472,,,opposite-phase exocyclic C-O stretching,nu(C7-H17),bond,0.0007305297174725611,+,0.00178313043114405,0.3330114592444899
41,1804.9068760565472,,,opposite-phase exocyclic C-O stretching,tau(C5-C7-C8-O9),dihedral,0.000518388389993014,+,0.0032036821798762044,0.07320553682576925
41,1804.9068760565472,,,opposite-phase exocyclic C-O stretching,tau(C3-C4-C5-O6),dihedral,0.0004931108335018097,+,0.002910570963300653,0.08436759585486936
41,1804.9068760565472,,,opposite-phase exocyclic C-O stretching,delta(H10-C1-H12),angle,0.0004914902424423568,-,-0.001564942216059252,0.2908746019881476
41,1804.9068760565472,,,opposite-phase exocyclic C-O stretching,nu(C7-H16),bond,0.0004783573397168885,-,-0.001430419686996309,0.3388542982866813
41,1804.9068760565472,,,opposite-phase exocyclic C-O stretching,nu(C1-O2),bond,0.000477042840635239,-,-0.0014595077936140513,0.3245877010854186
41,1804.9068760565472,,,opposite-phase exocyclic C-O stretching,nu(C1-H12),bond,0.00014591217070254208,-,-0.0008067928631924657,0.32490390949747744
41,1804.9068760565472,,,opposite-phase exocyclic C-O stretching,nu(C1-H10),bond,9.11501134159684e-05,-,-0.0006317677438042606,0.33100140032692144
41,1804.9068760565472,,,opposite-phase exocyclic C-O stretching,nu(C1-H11),bond,5.09912525536686e-05,+,0.0004630547783049987,0.3446818810517787
41,1804.9068760565472,,,opposite-phase exocyclic C-O stretching,nu(C4-H15),bond,6.203707015415848e-06,+,0.00016194042369417101,0.3428690238780344
41,1804.9068760565472,,,opposite-phase exocyclic C-O stretching,tau(C1-O2-C3-C4),dihedral,4.751945925287095e-06,+,0.00046085420766626457,0.032428875569921495
41,1804.9068760565472,,,opposite-phase exocyclic C-O stretching,nu(O2-C3),bond,3.9917968337948975e-06,+,0.00013531122808723244,0.31600086564110863
41,1804.9068760565472,,,opposite-phase exocyclic C-O stretching,delta(O2-C3-C8),angle,1.191050521158644e-06,-,-7.188275036098309e-05,0.33409373107359736
41,1804.9068760565472,,,opposite-phase exocyclic C-O stretching,tau(H12-C1-O2-C3),dihedral,4.4302791192038363e-07,-,-5.871116770462436e-05,0.18628469149813526
42,1842.288543351264,,,in-phase exocyclic C-O stretching,nu(C5-O6),bond,49.535715353990604,-,-0.29575687538163353,0.8597861112169202
42,1842.288543351264,,,in-phase exocyclic C-O stretching,nu(C8-O9),bond,31.741015963694284,-,-0.237986200578859,0.8508616649752963
42,1842.288543351264,,,in-phase exocyclic C-O stretching,delta(C5-C7-C8),angle,7.448380854971315,+,0.09126336537281511,1.3577212054820749
42,1842.288543351264,,,in-phase exocyclic C-O stretching,nu(C5-C7),bond,2.293680937585984,+,0.10478576735957497,0.3171539275239167
42,1842.288543351264,,,in-phase exocyclic C-O stretching,nu(C4-C5),bond,2.110882112072908,+,0.10900217439819224,0.2697337819721011
42,1842.288543351264,,,in-phase exocyclic C-O stretching,delta(C4-C3-C8),angle,1.5740749999192654,+,0.03788144890706884,1.6653822931266715
42,1842.288543351264,,,in-phase exocyclic C-O stretching,nu(C7-C8),bond,1.433470205885896,+,0.08596653297369736,0.2944906642672141
42,1842.288543351264,,,in-phase exocyclic C-O stretching,nu(C3-C8),bond,1.3643416905673902,+,0.08673326369108143,0.2753553110419089
42,1842.288543351264,,,in-phase exocyclic C-O stretching,delta(O6-C5-C7),angle,0.7359125780594886,+,0.050745316229587126,0.4338863468073931
42,1842.288543351264,,,in-phase exocyclic C-O stretching,delta(C8-C3-H13),angle,0.4768631253221785,-,-0.057401227486942215,0.21973187748757736
42,1842.288543351264,,,in-phase exocyclic C-O stretching,delta(C7-C8-O9),angle,0.44466897567829683,+,0.039841086900899464,0.42532034670863855
42,1842.288543351264,,,in-phase exocyclic C-O stretching,delta(C5-C7-H17),angle,0.13994062183389416,-,-0.02919569396362848,0.24925729583022535
42,1842.288543351264,,,in-phase exocyclic C-O stretching,"gamma(H16;C7,C8,H17)",oop,0.13408417938913164,-,-0.03318052178832599,0.18490676504661133
42,1842.288543351264,,,in-phase exocyclic C-O stretching,tau(H15-C4-C5-C7),dihedral,0.12006797515458166,+,0.018615330493039574,0.5260504175017567
42,1842.288543351264,,,in-phase exocyclic C-O stretching,delta(C3-C4-H15),angle,0.07699376202258619,+,0.01443875151061372,0.5607095340721711
42,1842.288543351264,,,in-phase exocyclic C-O stretching,tau(O2-C3-C8-C7),dihedral,0.07223804556669365,-,-0.01570329292102445,0.4447604988167489
42,1842.288543351264,,,in-phase exocyclic C-O stretching,"gamma(H14;C4,C3,H15)",oop,0.06532879230009493,-,-0.019254939718720377,0.2675235310053796
42,1842.288543351264,,,in-phase exocyclic C-O stretching,delta(C5-C4-H14),angle,0.060868660225185764,-,-0.016313885703676086,0.34723268377330074
42,1842.288543351264,,,in-phase exocyclic C-O stretching,tau(H14-C4-C5-C7),dihedral,0.05163124240317533,-,-0.02103994040270324,0.1770782616507438
42,1842.288543351264,,,in-phase exocyclic C-O stretching,nu(C3-C4),bond,0.029432167024327955,-,-0.011128020650408712,0.3608511373961394
42,1842.288543351264,,,in-phase exocyclic C-O stretching,tau(C4-C5-C7-H16),dihedral,0.01995823969831269,+,0.013893679621736002,0.15697459052850737
42,1842.288543351264,,,in-phase exocyclic C-O stretching,nu(C3-H13),bond,0.01638621524840318,+,0.008731291802866687,0.32633475937097894
42,1842.288543351264,,,in-phase exocyclic C-O stretching,tau(H13-C3-C8-C7),dihedral,0.012779415414488089,+,0.009342216392433286,0.2223068411147103
42,1842.288543351264,,,in-phase exocyclic C-O stretching,delta(O2-C1-H10),angle,0.009264734524798509,-,-0.006376292086054795,0.3459698539295735
42,1842.288543351264,,,in-phase exocyclic C-O stretching,delta(O2-C1-H11),angle,0.005876952176828672,-,-0.005940912019468161,0.25280612971790234
42,1842.288543351264,,,in-phase exocyclic C-O stretching,delta(O2-C3-C4),angle,0.004898926265688759,+,0.0032488722516643646,0.7046562659244109
42,1842.288543351264,,,in-phase exocyclic C-O stretching,nu(C1-O2),bond,0.0026962715505647354,+,0.003551293996104699,0.3245877010854186
42,1842.288543351264,,,in-phase exocyclic C-O stretching,delta(O2-C1-H12),angle,0.002478834043342218,-,-0.0036882120393494583,0.2766670087017801
42,1842.288543351264,,,in-phase exocyclic C-O stretching,nu(C4-H15),bond,0.002167631511931834,+,0.0030981286287331674,0.3428690238780344
42,1842.288543351264,,,in-phase exocyclic C-O stretching,tau(H11-C1-O2-C3),dihedral,0.0019699917533873863,+,0.004061984529400419,0.18127151443851006
42,1842.288543351264,,,in-phase exocyclic C-O stretching,nu(C7-H17),bond,0.0018372079384387293,-,-0.0028941458264280175,0.3330114592444899
42,1842.288543351264,,,in-phase exocyclic C-O stretching,delta(H10-C1-H12),angle,0.0018368351347037937,+,0.003096371278931218,0.2908746019881476
42,1842.288543351264,,,in-phase exocyclic C-O stretching,delta(C8-C7-H17),angle,0.0016007908609531423,-,-0.0035174551998320524,0.19643511781922787
42,1842.288543351264,,,in-phase exocyclic C-O stretching,tau(C3-C4-C5-O6),dihedral,0.0015550515421522662,+,0.005289996684164948,0.08436759585486936
42,1842.288543351264,,,in-phase exocyclic C-O stretching,tau(C5-C7-C8-O9),dihedral,0.0012683862815354727,-,-0.005128904891030501,0.07320553682576925
42,1842.288543351264,,,in-phase exocyclic C-O stretching,nu(O2-C3),bond,0.0011689371331165812,-,-0.0023698577792867735,0.31600086564110863
42,1842.288543351264,,,in-phase exocyclic C-O stretching,nu(C4-H14),bond,0.0008191327519448964,-,-0.001941295983970468,0.32999887833147423
42,1842.288543351264,,,in-phase exocyclic C-O stretching,tau(H12-C1-O2-C3),dihedral,0.00039179843544471675,+,0.0017869549658358886,0.18628469149813526
42,1842.288543351264,,,in-phase exocyclic C-O stretching,nu(C7-H16),bond,0.0003766752624062802,+,0.001299115883767204,0.3388542982866813
42,1842.288543351264,,,in-phase exocyclic C-O stretching,delta(O2-C3-C8),angle,0.0003059884184363359,-,-0.0011792046242440693,0.33409373107359736
42,1842.288543351264,,,in-phase exocyclic C-O stretching,delta(C1-O2-C3),angle,0.0002908126845321512,+,0.0012792195243220609,0.2698142431668865
42,1842.288543351264,,,in-phase exocyclic C-O stretching,nu(C1-H12),bond,0.00026470759403618915,+,0.0011121838239772145,0.32490390949747744
42,1842.288543351264,,,in-phase exocyclic C-O stretching,nu(C1-H10),bond,0.00019950539119947147,+,0.0009566063181316154,0.33100140032692144
42,1842.288543351264,,,in-phase exocyclic C-O stretching,nu(C1-H11),bond,7.40924574923507e-06,+,0.00018065442972046018,0.3446818810517787
42,1842.288543351264,,,in-phase exocyclic C-O stretching,tau(C1-O2-C3-C4),dihedral,7.305470343823295e-06,-,-0.0005848291191092656,0.032428875569921495
43,3003.213775474969,,,C-H stretching,nu(C1-H12),bond,66.98035527377765,+,0.8359300871822947,0.32490390949747744
43,3003.213775474969,,,C-H stretching,nu(C1-H10),bond,24.3345587252465,+,0.4991953418218893,0.33100140032692144
43,3003.213775474969,,,C-H stretching,nu(C1-H11),bond,8.093800343921334,+,0.282124445426107,0.3446818810517787
43,3003.213775474969,,,C-H stretching,nu(C3-H13),bond,0.32463824958313897,-,-0.058068669931719885,0.32633475937097894
43,3003.213775474969,,,C-H stretching,nu(C1-O2),bond,0.12793110755569517,-,-0.036550704474148724,0.3245877010854186
43,3003.213775474969,,,C-H stretching,delta(O2-C1-H11),angle,0.06148674588067527,+,0.028712476754185694,0.25280612971790234
43,3003.213775474969,,,C-H stretching,delta(H10-C1-H12),angle,0.02793601879499511,-,-0.018042763565575947,0.2908746019881476
43,3003.213775474969,,,C-H stretching,delta(O2-C1-H10),angle,0.02129254048539697,+,0.014443362581207594,0.3459698539295735
43,3003.213775474969,,,C-H stretching,nu(C7-H17),bond,0.007228990691235149,+,0.008577938844414096,0.3330114592444899
43,3003.213775474969,,,C-H stretching,delta(C1-O2-C3),angle,0.004041509926282174,+,0.007125463028397649,0.2698142431668865
43,3003.213775474969,,,C-H stretching,tau(H11-C1-O2-C3),dihedral,0.003603725879699509,+,0.008208896779497116,0.18127151443851006
43,3003.213775474969,,,C-H stretching,delta(O2-C1-H12),angle,0.003498537427531466,-,-0.006546938735583078,0.2766670087017801
43,3003.213775474969,,,C-H stretching,delta(C4-C3-C8),angle,0.0024852694330469906,-,-0.002249072574809849,1.6653822931266715
43,3003.213775474969,,,C-H stretching,tau(H13-C3-C8-C7),dihedral,0.0012895423779373237,-,-0.004434198162479439,0.2223068411147103
43,3003.213775474969,,,C-H stretching,delta(O2-C3-C4),angle,0.0011184104732847313,-,-0.0023194534218438463,0.7046562659244109
43,3003.213775474969,,,C-H stretching,tau(O2-C3-C8-C7),dihedral,0.00107637507473404,+,0.0028641279399434414,0.4447604988167489
43,3003.213775474969,,,C-H stretching,nu(C3-C4),bond,0.0008319780000424341,+,0.0027955391839684443,0.3608511373961394
43,3003.213775474969,,,C-H stretching,tau(C1-O2-C3-C4),dihedral,0.0008200475785430162,+,0.009258215428970807,0.032428875569921495
43,3003.213775474969,,,C-H stretching,nu(C4-H14),bond,0.0007875897810944811,-,-0.002844248295258453,0.32999887833147423
43,3003.213775474969,,,C-H stretching,nu(C3-C8),bond,0.00029027955605423565,+,0.001890319430098564,0.2753553110419089
43,3003.213775474969,,,C-H stretching,nu(O2-C3),bond,0.00017156044486944135,-,-0.001356557315511002,0.31600086564110863
43,3003.213775474969,,,C-H stretching,tau(H12-C1-O2-C3),dihedral,0.0001677031435991523,+,0.0017468504268628113,0.18628469149813526
43,3003.213775474969,,,C-H stretching,delta(C3-C4-H15),angle,0.00013208757372446103,-,-0.000893584677204151,0.5607095340721711
43,3003.213775474969,,,C-H stretching,nu(C7-H16),bond,0.00012694204164112453,+,0.0011268599453605824,0.3388542982866813
43,3003.213775474969,,,C-H stretching,delta(O2-C3-C8),angle,0.00011207969706188043,-,-0.001066357954536713,0.33409373107359736
43,3003.213775474969,,,C-H stretching,nu(C8-O9),bond,9.884416613263955e-05,+,0.0006275086898701365,0.8508616649752963
43,3003.213775474969,,,C-H stretching,"gamma(H14;C4,C3,H15)",oop,2.3431893846257207e-05,+,0.0005448743997921393,0.2675235310053796
43,3003.213775474969,,,C-H stretching,nu(C4-H15),bond,2.2121736910479595e-05,+,0.00046764811489629276,0.3428690238780344
43,3003.213775474969,,,C-H stretching,tau(H15-C4-C5-C7),dihedral,2.0648284958512325e-05,-,-0.0003647556348870466,0.5260504175017567
43,3003.213775474969,,,C-H stretching,delta(C8-C3-H13),angle,1.3364025028942773e-05,-,-0.0004540417709451043,0.21973187748757736
43,3003.213775474969,,,C-H stretching,nu(C5-O6),bond,1.2992717759903652e-05,+,0.00022632289594215593,0.8597861112169202
43,3003.213775474969,,,C-H stretching,nu(C7-C8),bond,6.8967122942914855e-06,-,-0.0002817467991190781,0.2944906642672141
43,3003.213775474969,,,C-H stretching,delta(C5-C7-H17),angle,5.170995214311154e-06,-,-0.00026517759676891,0.24925729583022535
43,3003.213775474969,,,C-H stretching,nu(C5-C7),bond,4.842509101768493e-06,-,-0.00022749605915356163,0.3171539275239167
43,3003.213775474969,,,C-H stretching,delta(C5-C4-H14),angle,2.659208985643365e-06,-,-0.000161116358793004,0.34723268377330074
43,3003.213775474969,,,C-H stretching,tau(C3-C4-C5-O6),dihedral,2.6219998506126616e-06,-,-0.00032456538217268165,0.08436759585486936
43,3003.213775474969,,,C-H stretching,delta(C7-C8-O9),angle,2.5977179481554526e-06,-,-0.0001438837075034129,0.42532034670863855
43,3003.213775474969,,,C-H stretching,tau(C5-C7-C8-O9),dihedral,8.747351758698318e-07,+,0.0002012519202004611,0.07320553682576925
43,3003.213775474969,,,C-H stretching,tau(C4-C5-C7-H16),dihedral,3.6855601677522495e-07,-,-8.920943224031265e-05,0.15697459052850737
43,3003.213775474969,,,C-H stretching,"gamma(H16;C7,C8,H17)",oop,3.64062633349896e-07,+,8.169309590938836e-05,0.18490676504661133
43,3003.213775474969,,,C-H stretching,nu(C4-C5),bond,2.76828550714442e-07,-,-5.8980910246852435e-05,0.2697337819721011
43,3003.213775474969,,,C-H stretching,tau(H14-C4-C5-C7),dihedral,2.485918033833909e-07,+,6.898179315799878e-05,0.1770782616507438
43,3003.213775474969,,,C-H stretching,delta(C8-C7-H17),angle,2.102345212262463e-08,-,-1.9046542550944554e-05,0.19643511781922787
43,3003.213775474969,,,C-H stretching,delta(C5-C7-C8),angle,1.2569157599451744e-08,-,-5.6017211657473665e-06,1.3577212054820749
43,3003.213775474969,,,C-H stretching,delta(O6-C5-C7),angle,7.3193902504342164e-09,-,-7.561764738507869e-06,0.4338863468073931
44,3033.743060505263,,,mixed-phase ring-site C-H stretching,nu(C3-H13),bond,70.20389825919509,+,0.873666473867235,0.32633475937097894
44,3033.743060505263,,,mixed-phase ring-site C-H stretching,nu(C4-H14),bond,25.788050489050043,-,-0.5265622828760365,0.32999887833147423
44,3033.743060505263,,,mixed-phase ring-site C-H stretching,nu(C4-H15),bond,2.470556107626508,-,-0.15989318698108165,0.3428690238780344
44,3033.743060505263,,,mixed-phase ring-site C-H stretching,delta(C4-C3-C8),angle,0.3642029718075046,+,0.02785553441797859,1.6653822931266715
44,3033.743060505263,,,mixed-phase ring-site C-H stretching,nu(C1-H12),bond,0.33151015163039854,+,0.06016829032204486,0.32490390949747744
44,3033.743060505263,,,mixed-phase ring-site C-H stretching,delta(O2-C3-C4),angle,0.2231929573299419,+,0.03352341921787458,0.7046562659244109
44,3033.743060505263,,,mixed-phase ring-site C-H stretching,"gamma(H14;C4,C3,H15)",oop,0.15146989719738685,-,-0.04482072684529246,0.2675235310053796
44,3033.743060505263,,,mixed-phase ring-site C-H stretching,tau(O2-C3-C8-C7),dihedral,0.07132906757561507,-,-0.023854311869139177,0.4447604988167489
44,3033.743060505263,,,mixed-phase ring-site C-H stretching,nu(C3-C8),bond,0.05711596563920649,-,-0.02712868587135593,0.2753553110419089
44,3033.743060505263,,,mixed-phase ring-site C-H stretching,delta(O2-C3-C8),angle,0.05081123452690269,+,0.023229637563336236,0.33409373107359736
44,3033.743060505263,,,mixed-phase ring-site C-H stretching,nu(O2-C3),bond,0.0350240664582184,-,-0.019830600785955325,0.31600086564110863
44,3033.743060505263,,,mixed-phase ring-site C-H stretching,nu(C7-H17),bond,0.0349184945748302,+,0.01928834167568226,0.3330114592444899
44,3033.743060505263,,,mixed-phase ring-site C-H stretching,tau(H15-C4-C5-C7),dihedral,0.029006176070469226,-,-0.013987119276145986,0.5260504175017567
44,3033.743060505263,,,mixed-phase ring-site C-H stretching,tau(H12-C1-O2-C3),dihedral,0.02384381823850121,-,-0.02131061786712844,0.18628469149813526
44,3033.743060505263,,,mixed-phase ring-site C-H stretching,delta(C1-O2-C3),angle,0.02077034045109863,+,0.01652669816537125,0.2698142431668865
44,3033.743060505263,,,mixed-phase ring-site C-H stretching,nu(C4-C5),bond,0.020380899702911077,+,0.016373470013646457,0.2697337819721011
44,3033.743060505263,,,mixed-phase ring-site C-H stretching,nu(C1-H11),bond,0.01892608023246729,+,0.013957827765440899,0.3446818810517787
44,3033.743060505263,,,mixed-phase ring-site C-H stretching,delta(C8-C3-H13),angle,0.015616673922715011,-,-0.015879779278081645,0.21973187748757736
44,3033.743060505263,,,mixed-phase ring-site C-H stretching,nu(C1-H10),bond,0.01502720662289988,-,-0.012691733293817948,0.33100140032692144
44,3033.743060505263,,,mixed-phase ring-site C-H stretching,tau(H11-C1-O2-C3),dihedral,0.01413030871198184,-,-0.016630594229169394,0.18127151443851006
44,3033.743060505263,,,mixed-phase ring-site C-H stretching,delta(C3-C4-H15),angle,0.012473108894015712,-,-0.008884134202796925,0.5607095340721711
44,3033.743060505263,,,mixed-phase ring-site C-H stretching,nu(C3-C4),bond,0.01163183041887469,-,-0.010694407180405666,0.3608511373961394
44,3033.743060505263,,,mixed-phase ring-site C-H stretching,nu(C7-H16),bond,0.007970967854421541,+,0.009135782533012124,0.3388542982866813
44,3033.743060505263,,,mixed-phase ring-site C-H stretching,tau(C1-O2-C3-C4),dihedral,0.005363129472681003,-,-0.024223668766979435,0.032428875569921495
44,3033.743060505263,,,mixed-phase ring-site C-H stretching,tau(C3-C4-C5-O6),dihedral,0.00518056380297863,+,0.01476037530894222,0.08436759585486936
44,3033.743060505263,,,mixed-phase ring-site C-H stretching,tau(C4-C5-C7-H16),dihedral,0.0048587168011034985,-,-0.010479554905739112,0.15697459052850737
44,3033.743060505263,,,mixed-phase ring-site C-H stretching,delta(C5-C4-H14),angle,0.004221844032758667,+,0.00656806614567225,0.34723268377330074
44,3033.743060505263,,,mixed-phase ring-site C-H stretching,tau(H14-C4-C5-C7),dihedral,0.00226378094038756,+,0.006734902274317059,0.1770782616507438
44,3033.743060505263,,,mixed-phase ring-site C-H stretching,tau(H13-C3-C8-C7),dihedral,0.002157674659712977,+,0.005868313278960125,0.2223068411147103
44,3033.743060505263,,,mixed-phase ring-site C-H stretching,nu(C8-O9),bond,0.0013890509898698868,+,0.002406724279752563,0.8508616649752963
44,3033.743060505263,,,mixed-phase ring-site C-H stretching,delta(O2-C1-H10),angle,0.0007858521348544379,+,0.002838886393640063,0.3459698539295735
44,3033.743060505263,,,mixed-phase ring-site C-H stretching,nu(C5-O6),bond,0.0005282362650340404,+,0.0014764393716661622,0.8597861112169202
44,3033.743060505263,,,mixed-phase ring-site C-H stretching,nu(C7-C8),bond,0.000467956760428029,-,-0.0023744543299640646,0.2944906642672141
44,3033.743060505263,,,mixed-phase ring-site C-H stretching,nu(C1-O2),bond,0.00044719605797045707,-,-0.0022109538477325576,0.3245877010854186
44,3033.743060505263,,,mixed-phase ring-site C-H stretching,delta(O2-C1-H12),angle,0.00017318763277326696,+,0.001490309515896835,0.2766670087017801
44,3033.743060505263,,,mixed-phase ring-site C-H stretching,delta(O2-C1-H11),angle,0.00011888264888170208,+,0.0012917014895784053,0.25280612971790234
44,3033.743060505263,,,mixed-phase ring-site C-H stretching,nu(C5-C7),bond,0.00010946935102872886,-,-0.0011066440377459053,0.3171539275239167
44,3033.743060505263,,,mixed-phase ring-site C-H stretching,delta(H10-C1-H12),angle,4.326053446802537e-05,-,-0.0007264232955870454,0.2908746019881476
44,3033.743060505263,,,mixed-phase ring-site C-H stretching,delta(C8-C7-H17),angle,2.2964313232696815e-05,+,0.0006440415535200594,0.19643511781922787
44,3033.743060505263,,,mixed-phase ring-site C-H stretching,delta(C5-C7-H17),angle,9.007813972758889e-06,-,-0.0003580819983590156,0.24925729583022535
44,3033.743060505263,,,mixed-phase ring-site C-H stretching,"gamma(H16;C7,C8,H17)",oop,7.237420834324178e-07,-,-0.00011784529192391249,0.18490676504661133
44,3033.743060505263,,,mixed-phase ring-site C-H stretching,delta(O6-C5-C7),angle,6.41387994185248e-07,+,7.24217716551749e-05,0.4338863468073931
44,3033.743060505263,,,mixed-phase ring-site C-H stretching,delta(C5-C7-C8),angle,4.105886904605836e-07,+,3.27563056271542e-05,1.3577212054820749
44,3033.743060505263,,,mixed-phase ring-site C-H stretching,tau(C5-C7-C8-O9),dihedral,3.6187203751301215e-07,+,0.00013243484627032537,0.07320553682576925
44,3033.743060505263,,,mixed-phase ring-site C-H stretching,delta(C7-C8-O9),angle,1.4465068013612385e-08,-,-1.098497022624437e-05,0.42532034670863855
45,3046.463096345491,,,ring-site C-H stretching,nu(C4-H14),bond,63.610257956115944,-,-0.8253150906834199,0.32999887833147423
45,3046.463096345491,,,ring-site C-H stretching,nu(C3-H13),bond,28.01885501569429,-,-0.550815260693608,0.32633475937097894
45,3046.463096345491,,,ring-site C-H stretching,nu(C4-H15),bond,6.723426839084565,-,-0.26323501382825093,0.3428690238780344
45,3046.463096345491,,,ring-site C-H stretching,nu(C7-H17),bond,0.35952947325513623,+,0.06176608855184499,0.3330114592444899
45,3046.463096345491,,,ring-site C-H stretching,nu(C1-H12),bond,0.2995383731499382,-,-0.05707700869255667,0.32490390949747744
45,3046.463096345491,,,ring-site C-H stretching,nu(C3-C4),bond,0.2738726941761402,+,0.05178724017939687,0.3608511373961394
45,3046.463096345491,,,ring-site C-H stretching,nu(C7-H16),bond,0.2020354086745123,+,0.045900739810833556,0.3388542982866813
45,3046.463096345491,,,ring-site C-H stretching,nu(C1-H10),bond,0.0817609854507285,+,0.0295440876253601,0.33100140032692144
45,3046.463096345491,,,ring-site C-H stretching,tau(H15-C4-C5-C7),dihedral,0.07628242464757366,-,-0.022636589703404347,0.5260504175017567
45,3046.463096345491,,,ring-site C-H stretching,nu(C4-C5),bond,0.05251197482028937,+,0.026228529604625316,0.2697337819721011
45,3046.463096345491,,,ring-site C-H stretching,delta(C3-C4-H15),angle,0.044479175469939874,-,-0.016742558814569455,0.5607095340721711
45,3046.463096345491,,,ring-site C-H stretching,delta(C4-C3-C8),angle,0.04357357532342955,-,-0.009615393598043977,1.6653822931266715
45,3046.463096345491,,,ring-site C-H stretching,"gamma(H14;C4,C3,H15)",oop,0.040998507050364494,-,-0.023271022537945097,0.2675235310053796
45,3046.463096345491,,,ring-site C-H stretching,tau(O2-C3-C8-C7),dihedral,0.02744199405240407,+,0.014765806342772796,0.4447604988167489
45,3046.463096345491,,,ring-site C-H stretching,nu(C3-C8),bond,0.02312309440797226,+,0.017226168341858313,0.2753553110419089
45,3046.463096345491,,,ring-site C-H stretching,delta(O2-C3-C8),angle,0.019862282981839254,-,-0.014494153582127798,0.33409373107359736
45,3046.463096345491,,,ring-site C-H stretching,nu(O2-C3),bond,0.015309223589809353,+,0.013084131082822668,0.31600086564110863
45,3046.463096345491,,,ring-site C-H stretching,delta(C5-C4-H14),angle,0.013910861264407492,+,0.011898142082727006,0.34723268377330074
45,3046.463096345491,,,ring-site C-H stretching,tau(H14-C4-C5-C7),dihedral,0.013273337472570977,+,0.016274958239318064,0.1770782616507438
45,3046.463096345491,,,ring-site C-H stretching,tau(H12-C1-O2-C3),dihedral,0.010865344827188803,+,0.014356402078652835,0.18628469149813526
45,3046.463096345491,,,ring-site C-H stretching,tau(C4-C5-C7-H16),dihedral,0.009578262995798005,-,-0.01468389055813722,0.15697459052850737
45,3046.463096345491,,,ring-site C-H stretching,delta(C1-O2-C3),angle,0.009493350482162996,-,-0.011150382385060546,0.2698142431668865
45,3046.463096345491,,,ring-site C-H stretching,delta(C8-C3-H13),angle,0.009274707313786573,+,0.012212821595735645,0.21973187748757736
45,3046.463096345491,,,ring-site C-H stretching,tau(H11-C1-O2-C3),dihedral,0.004795808863086252,+,0.009668933895612762,0.18127151443851006
45,3046.463096345491,,,ring-site C-H stretching,delta(C5-C7-C8),angle,0.0037428055564766244,+,0.0031210862606577488,1.3577212054820749
45,3046.463096345491,,,ring-site C-H stretching,delta(O2-C3-C4),angle,0.002940158037384077,-,-0.0038398045425010337,0.7046562659244109
45,3046.463096345491,,,ring-site C-H stretching,nu(C1-H11),bond,0.0025178456657636624,-,-0.005080632306280497,0.3446818810517787
45,3046.463096345491,,,ring-site C-H stretching,tau(H13-C3-C8-C7),dihedral,0.0021468332655302353,-,-0.0058416453064009674,0.2223068411147103
45,3046.463096345491,,,ring-site C-H stretching,nu(C8-O9),bond,0.001152002538537423,-,-0.002187306678832462,0.8508616649752963
45,3046.463096345491,,,ring-site C-H stretching,delta(O2-C1-H10),angle,0.0010036211461092127,-,-0.003201682130925258,0.3459698539295735
45,3046.463096345491,,,ring-site C-H stretching,nu(C5-C7),bond,0.0005936999062289791,-,-0.00257194029602061,0.3171539275239167
45,3046.463096345491,,,ring-site C-H stretching,nu(C7-C8),bond,0.00042331695561777656,-,-0.0022537695442849154,0.2944906642672141
45,3046.463096345491,,,ring-site C-H stretching,delta(C7-C8-O9),angle,0.00038169350654348945,+,0.0017807860539089929,0.42532034670863855
45,3046.463096345491,,,ring-site C-H stretching,"gamma(H16;C7,C8,H17)",oop,0.000328889844694548,-,-0.002507040045942984,0.18490676504661133
45,3046.463096345491,,,ring-site C-H stretching,delta(O6-C5-C7),angle,0.0002142307353836103,+,0.0013208859988622446,0.4338863468073931
45,3046.463096345491,,,ring-site C-H stretching,nu(C1-O2),bond,0.00013686275776101376,+,0.0012206440906743564,0.3245877010854186
45,3046.463096345491,,,ring-site C-H stretching,tau(C1-O2-C3-C4),dihedral,0.00012661202495343113,-,-0.0037143598122151727,0.032428875569921495
45,3046.463096345491,,,ring-site C-H stretching,delta(O2-C1-H11),angle,9.666234961236998e-05,-,-0.0011623778174816842,0.25280612971790234
45,3046.463096345491,,,ring-site C-H stretching,delta(H10-C1-H12),angle,4.412685894607992e-05,+,0.0007321685092414614,0.2908746019881476
45,3046.463096345491,,,ring-site C-H stretching,tau(C3-C4-C5-O6),dihedral,4.081545235336448e-05,-,-0.0013074855862063707,0.08436759585486936
45,3046.463096345491,,,ring-site C-H stretching,delta(C8-C7-H17),angle,2.4042818183469256e-05,-,-0.0006576511136874257,0.19643511781922787
45,3046.463096345491,,,ring-site C-H stretching,delta(C5-C7-H17),angle,1.3445928152998451e-05,-,-0.0004366001627251368,0.24925729583022535
45,3046.463096345491,,,ring-site C-H stretching,nu(C5-O6),bond,1.113149831699089e-05,-,-0.0002138917527994715,0.8597861112169202
45,3046.463096345491,,,ring-site C-H stretching,delta(O2-C1-H12),angle,9.075046678906326e-06,+,0.00034045380014246433,0.2766670087017801
45,3046.463096345491,,,ring-site C-H stretching,tau(C5-C7-C8-O9),dihedral,1.4569429301271198e-06,-,-0.00026519280987845334,0.07320553682576925
46,3054.416232689179,,,ring-site C-H stretching,nu(C7-H17),bond,78.73668172490753,-,-0.9173012449776423,0.3330114592444899
46,3054.416232689179,,,ring-site C-H stretching,nu(C7-H16),bond,19.68919280977156,-,-0.4547371908297699,0.3388542982866813
46,3054.416232689179,,,ring-site C-H stretching,nu(C4-H14),bond,0.5003132655280627,-,-0.07345439656071762,0.32999887833147423
46,3054.416232689179,,,ring-site C-H stretching,delta(C5-C7-C8),angle,0.4574903458499049,-,-0.03462889906233124,1.3577212054820749
46,3054.416232689179,,,ring-site C-H stretching,nu(C5-C7),bond,0.12554417174460672,+,0.0375332566983415,0.3171539275239167
46,3054.416232689179,,,ring-site C-H stretching,nu(C7-C8),bond,0.1232727446087007,+,0.03859675427509756,0.2944906642672141
46,3054.416232689179,,,ring-site C-H stretching,nu(C3-H13),bond,0.05543221893069437,-,-0.02458682683126064,0.32633475937097894
46,3054.416232689179,,,ring-site C-H stretching,nu(C4-H15),bond,0.041697560987527776,-,-0.020803874195241788,0.3428690238780344
46,3054.416232689179,,,ring-site C-H stretching,"gamma(H16;C7,C8,H17)",oop,0.03870021464875499,+,0.02729187067503703,0.18490676504661133
46,3054.416232689179,,,ring-site C-H stretching,delta(O6-C5-C7),angle,0.03642047581384559,-,-0.01728374433857482,0.4338863468073931
46,3054.416232689179,,,ring-site C-H stretching,tau(C4-C5-C7-H16),dihedral,0.03419032458985201,-,-0.02784132824285654,0.15697459052850737
46,3054.416232689179,,,ring-site C-H stretching,tau(O2-C3-C8-C7),dihedral,0.03207048677901968,+,0.016019268833013398,0.4447604988167489
46,3054.416232689179,,,ring-site C-H stretching,nu(C1-H12),bond,0.026377574878347392,+,0.01699781044480473,0.32490390949747744
46,3054.416232689179,,,ring-site C-H stretching,delta(C7-C8-O9),angle,0.02414006998788378,-,-0.014212294590912401,0.42532034670863855
46,3054.416232689179,,,ring-site C-H stretching,tau(H15-C4-C5-C7),dihedral,0.023640167429407662,-,-0.012646332824116337,0.5260504175017567
46,3054.416232689179,,,ring-site C-H stretching,nu(C1-H10),bond,0.01927927417362793,-,-0.014397379167244295,0.33100140032692144
46,3054.416232689179,,,ring-site C-H stretching,tau(H13-C3-C8-C7),dihedral,0.01342117035912239,+,0.014657901495870575,0.2223068411147103
46,3054.416232689179,,,ring-site C-H stretching,delta(C5-C7-H17),angle,0.008795082688130267,+,0.011205959331273276,0.24925729583022535
46,3054.416232689179,,,ring-site C-H stretching,delta(C8-C7-H17),angle,0.0054558399529530946,+,0.00994201154580574,0.19643511781922787
46,3054.416232689179,,,ring-site C-H stretching,tau(H14-C4-C5-C7),dihedral,0.004077352399408928,-,-0.009052312068642402,0.1770782616507438
46,3054.416232689179,,,ring-site C-H stretching,nu(C3-C4),bond,0.0016171048756660833,+,0.003993540306560068,0.3608511373961394
46,3054.416232689179,,,ring-site C-H stretching,"gamma(H14;C4,C3,H15)",oop,0.0006316460979552165,-,-0.0028987377938032985,0.2675235310053796
46,3054.416232689179,,,ring-site C-H stretching,delta(C3-C4-H15),angle,0.0003911073918069625,-,-0.0015755495273501203,0.5607095340721711
46,3054.416232689179,,,ring-site C-H stretching,nu(C4-C5),bond,0.00038954077730825993,+,0.002267053715951893,0.2697337819721011
46,3054.416232689179,,,ring-site C-H stretching,delta(C5-C4-H14),angle,0.0001455332026733853,+,0.001221303953475439,0.34723268377330074
46,3054.416232689179,,,ring-site C-H stretching,tau(C5-C7-C8-O9),dihedral,0.00012140860453471877,-,-0.002429437813762811,0.07320553682576925
46,3054.416232689179,,,ring-site C-H stretching,delta(O2-C1-H10),angle,0.00010399994166370807,+,0.0010343093170733684,0.3459698539295735
46,3054.416232689179,,,ring-site C-H stretching,delta(O2-C1-H12),angle,8.63175021143006e-05,-,-0.0010537164568003602,0.2766670087017801
46,3054.416232689179,,,ring-site C-H stretching,nu(C8-O9),bond,8.07226812336416e-05,+,0.0005810604670323262,0.8508616649752963
46,3054.416232689179,,,ring-site C-H stretching,tau(H11-C1-O2-C3),dihedral,5.6167572509127656e-05,+,0.0010501009801856427,0.18127151443851006
46,3054.416232689179,,,ring-site C-H stretching,delta(O2-C3-C4),angle,4.312367712643588e-05,+,0.0004666832911195188,0.7046562659244109
46,3054.416232689179,,,ring-site C-H stretching,delta(C4-C3-C8),angle,2.830533926813107e-05,-,-0.0002459406004750607,1.6653822931266715
46,3054.416232689179,,,ring-site C-H stretching,nu(C5-O6),bond,2.7039262307481166e-05,+,0.00033454552491227684,0.8597861112169202
46,3054.416232689179,,,ring-site C-H stretching,delta(O2-C3-C8),angle,2.305652026168042e-05,-,-0.0004955822423788471,0.33409373107359736
46,3054.416232689179,,,ring-site C-H stretching,delta(C1-O2-C3),angle,1.641646818070643e-05,-,-0.0004653293509465625,0.2698142431668865
46,3054.416232689179,,,ring-site C-H stretching,delta(C8-C3-H13),angle,9.901570460425787e-06,+,0.0004004594310181413,0.21973187748757736
46,3054.416232689179,,,ring-site C-H stretching,nu(O2-C3),bond,9.13508788841715e-06,+,0.0003207489526656066,0.31600086564110863
46,3054.416232689179,,,ring-site C-H stretching,nu(C1-H11),bond,8.64681938069135e-06,-,-0.0002987940772397242,0.3446818810517787
46,3054.416232689179,,,ring-site C-H stretching,nu(C3-C8),bond,8.234395762837622e-06,+,0.00032622869397502807,0.2753553110419089
46,3054.416232689179,,,ring-site C-H stretching,tau(H12-C1-O2-C3),dihedral,6.110267591823047e-06,-,-0.0003416603249979867,0.18628469149813526
46,3054.416232689179,,,ring-site C-H stretching,nu(C1-O2),bond,2.7087977149468344e-06,-,-0.00017233570903251285,0.3245877010854186
46,3054.416232689179,,,ring-site C-H stretching,delta(O2-C1-H11),angle,3.846683411049249e-07,+,7.358722746666784e-05,0.25280612971790234
46,3054.416232689179,,,ring-site C-H stretching,delta(H10-C1-H12),angle,2.635824661734336e-07,-,-5.678823562231125e-05,0.2908746019881476
46,3054.416232689179,,,ring-site C-H stretching,tau(C1-O2-C3-C4),dihedral,2.3713877332056604e-07,+,0.00016132005352437496,0.032428875569921495
46,3054.416232689179,,,ring-site C-H stretching,tau(C3-C4-C5-O6),dihedral,1.1728038297454562e-08,+,2.2242206527688382e-05,0.08436759585486936
47,3065.968008194306,,,mixed-phase C-H stretching,nu(C1-H10),bond,67.77559653214345,+,0.8620624186349575,0.33100140032692144
47,3065.968008194306,,,mixed-phase C-H stretching,nu(C1-H12),bond,29.63850554126494,-,-0.5753970565269938,0.32490390949747744
47,3065.968008194306,,,mixed-phase C-H stretching,nu(C1-H11),bond,1.6094951905550037,+,0.13018248824692674,0.3446818810517787
47,3065.968008194306,,,mixed-phase C-H stretching,nu(C3-H13),bond,0.3537423881517041,+,0.06272329113643957,0.32633475937097894
47,3065.968008194306,,,mixed-phase C-H stretching,delta(O2-C1-H12),angle,0.19428017967550448,+,0.05048385546456784,0.2766670087017801
47,3065.968008194306,,,mixed-phase C-H stretching,delta(O2-C1-H10),angle,0.18892115339592036,-,-0.04451825356797717,0.3459698539295735
47,3065.968008194306,,,mixed-phase C-H stretching,tau(H12-C1-O2-C3),dihedral,0.06436258662634446,+,0.03541156453561877,0.18628469149813526
47,3065.968008194306,,,mixed-phase C-H stretching,tau(H11-C1-O2-C3),dihedral,0.04420350222434253,-,-0.02974955761556509,0.18127151443851006
47,3065.968008194306,,,mixed-phase C-H stretching,nu(C4-H14),bond,0.03817478633087463,+,0.02049033360979022,0.32999887833147423
47,3065.968008194306,,,mixed-phase C-H stretching,nu(C7-H17),bond,0.03432240909154115,-,-0.01934088070979372,0.3330114592444899
47,3065.968008194306,,,mixed-phase C-H stretching,nu(C7-H16),bond,0.02000280665902401,-,-0.014637129758407396,0.3388542982866813
47,3065.968008194306,,,mixed-phase C-H stretching,tau(C1-O2-C3-C4),dihedral,0.011868747671997516,-,-0.036446300954057036,0.032428875569921495
47,3065.968008194306,,,mixed-phase C-H stretching,nu(C1-O2),bond,0.011549724074272351,-,-0.011364143999799613,0.3245877010854186
47,3065.968008194306,,,mixed-phase C-H stretching,nu(C4-H15),bond,0.006597347543227253,+,0.008356751917993772,0.3428690238780344
47,3065.968008194306,,,mixed-phase C-H stretching,delta(O2-C1-H11),angle,0.0018177950124945398,+,0.005108525993388079,0.25280612971790234
47,3065.968008194306,,,mixed-phase C-H stretching,delta(H10-C1-H12),angle,0.0013502358846355764,-,-0.0041045814269504806,0.2908746019881476
47,3065.968008194306,,,mixed-phase C-H stretching,delta(C4-C3-C8),angle,0.001104618962927595,+,0.001551551621670548,1.6653822931266715
47,3065.968008194306,,,mixed-phase C-H stretching,nu(C3-C4),bond,0.0009156850877618953,-,-0.003034771418910944,0.3608511373961394
47,3065.968008194306,,,mixed-phase C-H stretching,delta(O2-C3-C4),angle,0.0005145416376757436,+,0.0016279406094607059,0.7046562659244109
47,3065.968008194306,,,mixed-phase C-H stretching,nu(O2-C3),bond,0.0004418492033261657,-,-0.0022527336987122623,0.31600086564110863
47,3065.968008194306,,,mixed-phase C-H stretching,delta(C5-C7-C8),angle,0.0003946293048667492,-,-0.0010270848411067606,1.3577212054820749
47,3065.968008194306,,,mixed-phase C-H stretching,nu(C3-C8),bond,0.0003917289009256372,-,-0.0022722862055045596,0.2753553110419089
47,3065.968008194306,,,mixed-phase C-H stretching,delta(O2-C3-C8),angle,0.00035416867924834347,+,0.0019614979852467236,0.33409373107359736
47,3065.968008194306,,,mixed-phase C-H stretching,tau(H13-C3-C8-C7),dihedral,0.0003323975195826045,+,0.002329536004351497,0.2223068411147103
47,3065.968008194306,,,mixed-phase C-H stretching,tau(O2-C3-C8-C7),dihedral,0.00022747883407605628,-,-0.0013624618365344033,0.4447604988167489
47,3065.968008194306,,,mixed-phase C-H stretching,nu(C5-C7),bond,9.748119405779046e-05,+,0.0010561906703374074,0.3171539275239167
47,3065.968008194306,,,mixed-phase C-H stretching,nu(C4-C5),bond,6.79675025615482e-05,-,-0.0009563127345102232,0.2697337819721011
47,3065.968008194306,,,mixed-phase C-H stretching,nu(C8-O9),bond,5.654302086068975e-05,+,0.0004911079661570811,0.8508616649752963
47,3065.968008194306,,,mixed-phase C-H stretching,nu(C7-C8),bond,5.302244044513762e-05,+,0.0008083715945621283,0.2944906642672141
47,3065.968008194306,,,mixed-phase C-H stretching,delta(O6-C5-C7),angle,3.923790247157947e-05,-,-0.0005729039983924167,0.4338863468073931
47,3065.968008194306,,,mixed-phase C-H stretching,delta(C8-C3-H13),angle,3.878327094677705e-05,-,-0.0008003733833566017,0.21973187748757736
47,3065.968008194306,,,mixed-phase C-H stretching,"gamma(H16;C7,C8,H17)",oop,3.180432318113429e-05,+,0.0007901028572935641,0.18490676504661133
47,3065.968008194306,,,mixed-phase C-H stretching,tau(H15-C4-C5-C7),dihedral,2.736198312833982e-05,+,0.00043448726769308087,0.5260504175017567
47,3065.968008194306,,,mixed-phase C-H stretching,delta(C7-C8-O9),angle,2.7280147546534418e-05,-,-0.00048248323966727883,0.42532034670863855
47,3065.968008194306,,,mixed-phase C-H stretching,"gamma(H14;C4,C3,H15)",oop,2.579135885896869e-05,-,-0.0005915249559309344,0.2675235310053796
47,3065.968008194306,,,mixed-phase C-H stretching,tau(H14-C4-C5-C7),dihedral,2.420617617568868e-05,-,-0.0007043644420893996,0.1770782616507438
47,3065.968008194306,,,mixed-phase C-H stretching,tau(C3-C4-C5-O6),dihedral,1.5206246900252655e-05,+,0.0008087981250601188,0.08436759585486936
47,3065.968008194306,,,mixed-phase C-H stretching,delta(C3-C4-H15),angle,1.2805261752112857e-05,+,0.0002879003637059786,0.5607095340721711
47,3065.968008194306,,,mixed-phase C-H stretching,delta(C5-C4-H14),angle,3.45149592644918e-06,-,-0.00018993733397556077,0.34723268377330074
47,3065.968008194306,,,mixed-phase C-H stretching,delta(C8-C7-H17),angle,2.965433800174594e-06,+,0.00023407309877644815,0.19643511781922787
47,3065.968008194306,,,mixed-phase C-H stretching,nu(C5-O6),bond,2.7692097222153564e-06,+,0.00010811841363587566,0.8597861112169202
47,3065.968008194306,,,mixed-phase C-H stretching,delta(C1-O2-C3),angle,1.6809787560752952e-06,-,-0.0001503715340463123,0.2698142431668865
47,3065.968008194306,,,mixed-phase C-H stretching,tau(C5-C7-C8-O9),dihedral,1.3470051902192146e-06,+,0.00025842208339878626,0.07320553682576925
47,3065.968008194306,,,mixed-phase C-H stretching,delta(C5-C7-H17),angle,1.2315319554180552e-06,+,0.0001339108777772274,0.24925729583022535
47,3065.968008194306,,,mixed-phase C-H stretching,tau(C4-C5-C7-H16),dihedral,1.0390801106064046e-06,-,-0.00015499824837476736,0.15697459052850737
48,3102.737598838776,,,mixed-phase ring-site C-H stretching,nu(C7-H16),bond,78.87348234238831,-,-0.9303920284534213,0.3388542982866813
48,3102.737598838776,,,mixed-phase ring-site C-H stretching,nu(C7-H17),bond,20.481018800521767,+,0.4782479986532913,0.3330114592444899
48,3102.737598838776,,,mixed-phase ring-site C-H stretching,tau(H15-C4-C5-C7),dihedral,0.12467334785706194,+,0.02968794237543359,0.5260504175017567
48,3102.737598838776,,,mixed-phase ring-site C-H stretching,tau(O2-C3-C8-C7),dihedral,0.08571747103161247,-,-0.02677185983980108,0.4447604988167489
48,3102.737598838776,,,mixed-phase ring-site C-H stretching,delta(C5-C7-H17),angle,0.08111521074753045,-,-0.03478837822853803,0.24925729583022535
48,3102.737598838776,,,mixed-phase ring-site C-H stretching,delta(C8-C7-H17),angle,0.06461487925760134,-,-0.03497547932381433,0.19643511781922787
48,3102.737598838776,,,mixed-phase ring-site C-H stretching,delta(C5-C7-C8),angle,0.06386083078927422,-,-0.013225708725269882,1.3577212054820749
48,3102.737598838776,,,mixed-phase ring-site C-H stretching,tau(H14-C4-C5-C7),dihedral,0.04336097862025906,+,0.03017684867003601,0.1770782616507438
48,3102.737598838776,,,mixed-phase ring-site C-H stretching,"gamma(H16;C7,C8,H17)",oop,0.042775211816088635,+,0.02933098557783884,0.18490676504661133
48,3102.737598838776,,,mixed-phase ring-site C-H stretching,tau(H13-C3-C8-C7),dihedral,0.04277201539783417,-,-0.02674917646216602,0.2223068411147103
48,3102.737598838776,,,mixed-phase ring-site C-H stretching,delta(C7-C8-O9),angle,0.022562460802382965,-,-0.014045659150114707,0.42532034670863855
48,3102.737598838776,,,mixed-phase ring-site C-H stretching,nu(C5-C7),bond,0.019487584464932022,+,0.015116488939221906,0.3171539275239167
48,3102.737598838776,,,mixed-phase ring-site C-H stretching,nu(C7-C8),bond,0.018711274640697766,+,0.015371735151090467,0.2944906642672141
48,3102.737598838776,,,mixed-phase ring-site C-H stretching,nu(C4-H14),bond,0.01333548574688247,-,-0.012259003251161034,0.32999887833147423
48,3102.737598838776,,,mixed-phase ring-site C-H stretching,tau(C5-C7-C8-O9),dihedral,0.0065378345779981304,+,0.018224346804299584,0.07320553682576925
48,3102.737598838776,,,mixed-phase ring-site C-H stretching,delta(O6-C5-C7),angle,0.006436771415404368,-,-0.0074276772343698375,0.4338863468073931
48,3102.737598838776,,,mixed-phase ring-site C-H stretching,nu(C3-H13),bond,0.005164048952509631,-,-0.00767132672822375,0.32633475937097894
48,3102.737598838776,,,mixed-phase ring-site C-H stretching,nu(C1-H10),bond,0.0018692975347042193,-,-0.004582803893153135,0.33100140032692144
48,3102.737598838776,,,mixed-phase ring-site C-H stretching,tau(C4-C5-C7-H16),dihedral,0.0015708675252246972,+,0.006100452833265963,0.15697459052850737
48,3102.737598838776,,,mixed-phase ring-site C-H stretching,nu(C8-O9),bond,0.0002821831905445158,-,-0.0011105626502661773,0.8508616649752963
48,3102.737598838776,,,mixed-phase ring-site C-H stretching,nu(C1-H11),bond,0.00028050602700375814,-,-0.001739677888708705,0.3446818810517787
48,3102.737598838776,,,mixed-phase ring-site C-H stretching,nu(C4-H15),bond,0.0001332798451061093,+,0.0012023338838612777,0.3428690238780344
48,3102.737598838776,,,mixed-phase ring-site C-H stretching,nu(C3-C4),bond,4.2810586062547144e-05,+,0.0006642300504727274,0.3608511373961394
48,3102.737598838776,,,mixed-phase ring-site C-H stretching,delta(C3-C4-H15),angle,3.971309537385053e-05,-,-0.0005132215350651026,0.5607095340721711
48,3102.737598838776,,,mixed-phase ring-site C-H stretching,delta(C5-C4-H14),angle,2.8260048094643066e-05,+,0.0005501525396314177,0.34723268377330074
48,3102.737598838776,,,mixed-phase ring-site C-H stretching,nu(C3-C8),bond,2.570042920824021e-05,+,0.0005891561719515502,0.2753553110419089
48,3102.737598838776,,,mixed-phase ring-site C-H stretching,nu(O2-C3),bond,2.0533418403930092e-05,+,0.0004915791615716231,0.31600086564110863
48,3102.737598838776,,,mixed-phase ring-site C-H stretching,nu(C1-H12),bond,1.8111588252251414e-05,-,-0.00045531061129444784,0.32490390949747744
48,3102.737598838776,,,mixed-phase ring-site C-H stretching,nu(C5-O6),bond,1.0939891611509469e-05,-,-0.00021752955390294502,0.8597861112169202
48,3102.737598838776,,,mixed-phase ring-site C-H stretching,delta(O2-C3-C8),angle,9.095691830105167e-06,-,-0.0003181930414291823,0.33409373107359736
48,3102.737598838776,,,mixed-phase ring-site C-H stretching,tau(H11-C1-O2-C3),dihedral,8.305290543095592e-06,+,0.0004127809115045196,0.18127151443851006
48,3102.737598838776,,,mixed-phase ring-site C-H stretching,delta(O2-C1-H12),angle,6.495869209271065e-06,-,-0.0002954928120759288,0.2766670087017801
48,3102.737598838776,,,mixed-phase ring-site C-H stretching,nu(C1-O2),bond,6.067651041893258e-06,+,0.0002636642452205837,0.3245877010854186
48,3102.737598838776,,,mixed-phase ring-site C-H stretching,"gamma(H14;C4,C3,H15)",oop,5.936660998449655e-06,-,-0.00028727451714394823,0.2675235310053796
48,3102.737598838776,,,mixed-phase ring-site C-H stretching,delta(C4-C3-C8),angle,2.95300777221099e-06,-,-8.120491122598565e-05,1.6653822931266715
48,3102.737598838776,,,mixed-phase ring-site C-H stretching,delta(C1-O2-C3),angle,2.65004206224606e-06,-,-0.00019111770428735923,0.2698142431668865
48,3102.737598838776,,,mixed-phase ring-site C-H stretching,tau(H12-C1-O2-C3),dihedral,2.528116027596568e-06,+,0.00022465541433747797,0.18628469149813526
48,3102.737598838776,,,mixed-phase ring-site C-H stretching,tau(C3-C4-C5-O6),dihedral,2.0731262140383817e-06,+,0.0003022957260963001,0.08436759585486936
48,3102.737598838776,,,mixed-phase ring-site C-H stretching,delta(O2-C1-H11),angle,1.498060601895202e-06,-,-0.00014844920070475044,0.25280612971790234
48,3102.737598838776,,,mixed-phase ring-site C-H stretching,delta(H10-C1-H12),angle,1.0658131121101748e-06,+,0.0001167332563703127,0.2908746019881476
48,3102.737598838776,,,mixed-phase ring-site C-H stretching,delta(O2-C3-C4),angle,7.358676855501805e-07,+,6.231867045405208e-05,0.7046562659244109
48,3102.737598838776,,,mixed-phase ring-site C-H stretching,delta(C8-C3-H13),angle,6.285232916016353e-07,+,0.00010313857509980162,0.21973187748757736
48,3102.737598838776,,,mixed-phase ring-site C-H stretching,nu(C4-C5),bond,6.053525881443181e-07,+,9.13573520396677e-05,0.2697337819721011
48,3102.737598838776,,,mixed-phase ring-site C-H stretching,delta(O2-C1-H10),angle,3.748206121486858e-07,+,6.347454201378361e-05,0.3459698539295735
48,3102.737598838776,,,mixed-phase ring-site C-H stretching,tau(C1-O2-C3-C4),dihedral,2.338986595079119e-07,+,0.00016377774741117257,0.032428875569921495
49,3119.16543683609,,,mixed-phase ring-site C-H stretching,nu(C4-H15),bond,89.54986702537036,-,-0.9897899247266984,0.3428690238780344
49,3119.16543683609,,,mixed-phase ring-site C-H stretching,nu(C4-H14),bond,9.71527538989127,+,0.3323119872619602,0.32999887833147423
49,3119.16543683609,,,mixed-phase ring-site C-H stretching,delta(C4-C3-C8),angle,0.18573300545800844,+,0.020453246544239734,1.6653822931266715
49,3119.16543683609,,,mixed-phase ring-site C-H stretching,delta(C3-C4-H15),angle,0.17031472416279003,+,0.033754510084368826,0.5607095340721711
49,3119.16543683609,,,mixed-phase ring-site C-H stretching,delta(O2-C3-C4),angle,0.13121481642118343,-,-0.02642880101590464,0.7046562659244109
49,3119.16543683609,,,mixed-phase ring-site C-H stretching,delta(C5-C4-H14),angle,0.09424791711829686,-,-0.0319080499778649,0.34723268377330074
49,3119.16543683609,,,mixed-phase ring-site C-H stretching,nu(C3-C4),bond,0.04547680048223076,+,0.02174230548992878,0.3608511373961394
49,3119.16543683609,,,mixed-phase ring-site C-H stretching,nu(C4-C5),bond,0.032408154896226976,+,0.021229226158914247,0.2697337819721011
49,3119.16543683609,,,mixed-phase ring-site C-H stretching,tau(H14-C4-C5-C7),dihedral,0.03046086438679608,+,0.025401722553497694,0.1770782616507438
49,3119.16543683609,,,mixed-phase ring-site C-H stretching,tau(C4-C5-C7-H16),dihedral,0.02391611635828811,+,0.023905912799741844,0.15697459052850737
49,3119.16543683609,,,mixed-phase ring-site C-H stretching,tau(C3-C4-C5-O6),dihedral,0.008441246205952374,-,-0.019372698902751107,0.08436759585486936
49,3119.16543683609,,,mixed-phase ring-site C-H stretching,nu(C3-H13),bond,0.003572987589427435,+,0.006408535110078652,0.32633475937097894
49,3119.16543683609,,,mixed-phase ring-site C-H stretching,tau(H15-C4-C5-C7),dihedral,0.0035089976928971197,+,0.005002101939604546,0.5260504175017567
49,3119.16543683609,,,mixed-phase ring-site C-H stretching,nu(C7-H16),bond,0.002597066838935571,-,-0.005361789323377232,0.3388542982866813
49,3119.16543683609,,,mixed-phase ring-site C-H stretching,tau(C1-O2-C3-C4),dihedral,0.001069866616230071,-,-0.011124322082635559,0.032428875569921495
49,3119.16543683609,,,mixed-phase ring-site C-H stretching,nu(C1-H10),bond,0.0005756475587252937,+,0.002554101191313584,0.33100140032692144
49,3119.16543683609,,,mixed-phase ring-site C-H stretching,"gamma(H14;C4,C3,H15)",oop,0.0003523419483380453,+,0.0022226744812992704,0.2675235310053796
49,3119.16543683609,,,mixed-phase ring-site C-H stretching,nu(C5-O6),bond,0.0002845388981083519,-,-0.0011141670011617433,0.8597861112169202
49,3119.16543683609,,,mixed-phase ring-site C-H stretching,nu(C1-H11),bond,0.00022982073470592622,-,-0.0015814667258038425,0.3446818810517787
49,3119.16543683609,,,mixed-phase ring-site C-H stretching,nu(O2-C3),bond,9.665421385896127e-05,-,-0.001071126938597488,0.31600086564110863
49,3119.16543683609,,,mixed-phase ring-site C-H stretching,nu(C1-H12),bond,8.571185505722208e-05,+,0.000994758503535026,0.32490390949747744
49,3119.16543683609,,,mixed-phase ring-site C-H stretching,nu(C8-O9),bond,7.934530968747237e-05,-,-0.0005914333808918032,0.8508616649752963
49,3119.16543683609,,,mixed-phase ring-site C-H stretching,nu(C5-C7),bond,7.512871150087633e-05,+,0.0009426329246453723,0.3171539275239167
49,3119.16543683609,,,mixed-phase ring-site C-H stretching,tau(H13-C3-C8-C7),dihedral,4.4268474056011856e-05,-,-0.0008642622497841685,0.2223068411147103
49,3119.16543683609,,,mixed-phase ring-site C-H stretching,nu(C3-C8),bond,2.505374435815963e-05,+,0.0005842036602523167,0.2753553110419089
49,3119.16543683609,,,mixed-phase ring-site C-H stretching,nu(C7-C8),bond,1.0333780421668107e-05,+,0.0003628010458647632,0.2944906642672141
49,3119.16543683609,,,mixed-phase ring-site C-H stretching,"gamma(H16;C7,C8,H17)",oop,6.4533947178398324e-06,+,0.000361819855542479,0.18490676504661133
49,3119.16543683609,,,mixed-phase ring-site C-H stretching,delta(C5-C7-C8),angle,5.437688127158495e-06,+,0.00012256783891680166,1.3577212054820749
49,3119.16543683609,,,mixed-phase ring-site C-H stretching,delta(O2-C3-C8),angle,5.007764584185523e-06,+,0.0002371168792567076,0.33409373107359736
49,3119.16543683609,,,mixed-phase ring-site C-H stretching,delta(O2-C1-H12),angle,3.1590615961719197e-06,+,0.00020695457967635322,0.2766670087017801
49,3119.16543683609,,,mixed-phase ring-site C-H stretching,delta(C8-C3-H13),angle,3.1179740969753835e-06,-,-0.00023070892723330792,0.21973187748757736
49,3119.16543683609,,,mixed-phase ring-site C-H stretching,delta(O2-C1-H10),angle,3.0723190156419267e-06,+,0.00018251085806924962,0.3459698539295735
49,3119.16543683609,,,mixed-phase ring-site C-H stretching,delta(H10-C1-H12),angle,2.5626894470458092e-06,-,-0.00018178990840834894,0.2908746019881476
49,3119.16543683609,,,mixed-phase ring-site C-H stretching,delta(C5-C7-H17),angle,2.4767951140772206e-06,-,-0.00019306154758978603,0.24925729583022535
49,3119.16543683609,,,mixed-phase ring-site C-H stretching,delta(O6-C5-C7),angle,1.6899881677761967e-06,+,0.00012087278297715875,0.4338863468073931
49,3119.16543683609,,,mixed-phase ring-site C-H stretching,nu(C7-H17),bond,1.4539924231974136e-06,+,0.00012797530232050373,0.3330114592444899
49,3119.16543683609,,,mixed-phase ring-site C-H stretching,delta(C8-C7-H17),angle,5.266688585782991e-07,-,-0.00010028452818918676,0.19643511781922787
49,3119.16543683609,,,mixed-phase ring-site C-H stretching,delta(C7-C8-O9),angle,3.7757476200305776e-07,+,5.770561589584321e-05,0.42532034670863855
49,3119.16543683609,,,mixed-phase ring-site C-H stretching,delta(O2-C1-H11),angle,3.2215296621900674e-07,-,-6.913722576711658e-05,0.25280612971790234
49,3119.16543683609,,,mixed-phase ring-site C-H stretching,tau(H11-C1-O2-C3),dihedral,1.6889560692523212e-07,-,-5.911791064925475e-05,0.18127151443851006
49,3119.16543683609,,,mixed-phase ring-site C-H stretching,nu(C1-O2),bond,1.3029509387406443e-07,+,3.880365933324426e-05,0.3245877010854186
49,3119.16543683609,,,mixed-phase ring-site C-H stretching,tau(O2-C3-C8-C7),dihedral,7.592125251735306e-08,-,-2.530423775070804e-05,0.4447604988167489
49,3119.16543683609,,,mixed-phase ring-site C-H stretching,tau(C5-C7-C8-O9),dihedral,6.435180182232053e-08,-,-5.742262905298708e-05,0.07320553682576925
49,3119.16543683609,,,mixed-phase ring-site C-H stretching,delta(C1-O2-C3),angle,6.390617035087313e-08,+,2.980668253760255e-05,0.2698142431668865
49,3119.16543683609,,,mixed-phase ring-site C-H stretching,tau(H12-C1-O2-C3),dihedral,1.3848480414844158e-08,+,1.66988728820505e-05,0.18628469149813526
50,3131.188683418486,,,mixed-phase C-H stretching,nu(C1-H11),bond,89.24513807215084,+,0.9889231821942603,0.3446818810517787
50,3131.188683418486,,,mixed-phase C-H stretching,nu(C1-H10),bond,7.043332303717281,-,-0.28350039991092923,0.33100140032692144
50,3131.188683418486,,,mixed-phase C-H stretching,nu(C1-H12),bond,3.1575569758931046,-,-0.19159211485092442,0.32490390949747744
50,3131.188683418486,,,mixed-phase C-H stretching,delta(O2-C1-H11),angle,0.13495299035030736,-,-0.04490316549805639,0.25280612971790234
50,3131.188683418486,,,mixed-phase C-H stretching,tau(H12-C1-O2-C3),dihedral,0.09977793943781633,-,-0.04497883307403194,0.18628469149813526
50,3131.188683418486,,,mixed-phase C-H stretching,delta(O2-C1-H10),angle,0.0994589653769109,+,0.03295204268026848,0.3459698539295735
50,3131.188683418486,,,mixed-phase C-H stretching,delta(H10-C1-H12),angle,0.08495294239157562,+,0.03321358949706749,0.2908746019881476
50,3131.188683418486,,,mixed-phase C-H stretching,delta(C1-O2-C3),angle,0.075027531539237,-,-0.03240838542073784,0.2698142431668865
50,3131.188683418486,,,mixed-phase C-H stretching,delta(O2-C1-H12),angle,0.048826548463297176,+,0.025818370413948237,0.2766670087017801
50,3131.188683418486,,,mixed-phase C-H stretching,nu(C1-O2),bond,0.005933888742800177,-,-0.008309658414975685,0.3245877010854186
50,3131.188683418486,,,mixed-phase C-H stretching,nu(C3-H13),bond,0.003871427293910365,-,-0.006693964245136609,0.32633475937097894
50,3131.188683418486,,,mixed-phase C-H stretching,nu(C4-H15),bond,0.00032853787445612026,-,-0.001902427424869575,0.3428690238780344
50,3131.188683418486,,,mixed-phase C-H stretching,nu(C4-H14),bond,0.00028067915519127307,+,0.0017923728238309687,0.32999887833147423
50,3131.188683418486,,,mixed-phase C-H stretching,tau(C1-O2-C3-C4),dihedral,0.00015618325357432403,+,0.004265115433670311,0.032428875569921495
50,3131.188683418486,,,mixed-phase C-H stretching,tau(H11-C1-O2-C3),dihedral,7.670896377534383e-05,+,0.0012642640201938637,0.18127151443851006
50,3131.188683418486,,,mixed-phase C-H stretching,delta(C4-C3-C8),angle,7.02534324823041e-05,-,-0.0003991685391548321,1.6653822931266715
50,3131.188683418486,,,mixed-phase C-H stretching,nu(O2-C3),bond,6.599662650022644e-05,-,-0.0008881702747431418,0.31600086564110863
50,3131.188683418486,,,mixed-phase C-H stretching,nu(C3-C4),bond,5.357675612122827e-05,+,0.0007488652362369315,0.3608511373961394
50,3131.188683418486,,,mixed-phase C-H stretching,nu(C7-H17),bond,4.4297902209533786e-05,+,0.000708829025383178,0.3330114592444899
50,3131.188683418486,,,mixed-phase C-H stretching,tau(O2-C3-C8-C7),dihedral,2.8692954072380336e-05,+,0.0004936328228068575,0.4447604988167489
50,3131.188683418486,,,mixed-phase C-H stretching,delta(O2-C3-C4),angle,1.9880457186834793e-05,-,-0.00032644049423053285,0.7046562659244109
50,3131.188683418486,,,mixed-phase C-H stretching,nu(C8-O9),bond,1.2472585567837576e-05,-,-0.00023530343623217272,0.8508616649752963
50,3131.188683418486,,,mixed-phase C-H stretching,nu(C3-C8),bond,9.761064756090957e-06,+,0.0003659159750293282,0.2753553110419089
50,3131.188683418486,,,mixed-phase C-H stretching,tau(H13-C3-C8-C7),dihedral,4.30541996123151e-06,+,0.0002704648603479008,0.2223068411147103
50,3131.188683418486,,,mixed-phase C-H stretching,tau(H15-C4-C5-C7),dihedral,3.458619304521901e-06,+,0.0001575858424428999,0.5260504175017567
50,3131.188683418486,,,mixed-phase C-H stretching,nu(C7-C8),bond,3.419611221780551e-06,+,0.0002094267257888963,0.2944906642672141
50,3131.188683418486,,,mixed-phase C-H stretching,"gamma(H14;C4,C3,H15)",oop,3.364229721206989e-06,+,0.0002179421995391308,0.2675235310053796
50,3131.188683418486,,,mixed-phase C-H stretching,nu(C5-O6),bond,2.0758033855622397e-06,+,9.549428850085366e-05,0.8597861112169202
50,3131.188683418486,,,mixed-phase C-H stretching,delta(O2-C3-C8),angle,1.947730870339805e-06,+,0.0001483917691107235,0.33409373107359736
50,3131.188683418486,,,mixed-phase C-H stretching,delta(C8-C3-H13),angle,1.4851164651390516e-06,+,0.00015977661838332614,0.21973187748757736
50,3131.188683418486,,,mixed-phase C-H stretching,tau(C4-C5-C7-H16),dihedral,5.25182375582461e-07,+,0.0001124138686948848,0.15697459052850737
50,3131.188683418486,,,mixed-phase C-H stretching,nu(C4-C5),bond,4.6327012895283925e-07,-,-8.054321855787994e-05,0.2697337819721011
50,3131.188683418486,,,mixed-phase C-H stretching,delta(C7-C8-O9),angle,4.549818261787537e-07,-,-6.3565057930302e-05,0.42532034670863855
50,3131.188683418486,,,mixed-phase C-H stretching,tau(H14-C4-C5-C7),dihedral,4.254454453598396e-07,+,9.526180722966143e-05,0.1770782616507438
50,3131.188683418486,,,mixed-phase C-H stretching,nu(C7-H16),bond,4.162982475146597e-07,-,-6.812010266667314e-05,0.3388542982866813
50,3131.188683418486,,,mixed-phase C-H stretching,delta(C5-C4-H14),angle,4.0076020548526957e-07,-,-6.60254696010119e-05,0.34723268377330074
50,3131.188683418486,,,mixed-phase C-H stretching,tau(C3-C4-C5-O6),dihedral,2.326293732320001e-07,+,0.00010205256868361823,0.08436759585486936
50,3131.188683418486,,,mixed-phase C-H stretching,delta(O6-C5-C7),angle,1.567746091782295e-07,-,-3.694276295101024e-05,0.4338863468073931
50,3131.188683418486,,,mixed-phase C-H stretching,tau(C5-C7-C8-O9),dihedral,1.3711624337407643e-07,-,-8.411084387444639e-05,0.07320553682576925
50,3131.188683418486,,,mixed-phase C-H stretching,nu(C5-C7),bond,3.435129637989718e-08,-,-2.0226280266379124e-05,0.3171539275239167
50,3131.188683418486,,,mixed-phase C-H stretching,delta(C8-C7-H17),angle,2.9645351359515592e-08,-,-2.3875267005167458e-05,0.19643511781922787
50,3131.188683418486,,,mixed-phase C-H stretching,delta(C5-C7-C8),angle,1.6860626587027483e-08,+,6.848745948535735e-06,1.3577212054820749
50,3131.188683418486,,,mixed-phase C-H stretching,delta(C3-C4-H15),angle,1.4356418661078379e-08,-,-9.834076649420095e-06,0.5607095340721711
50,3131.188683418486,,,mixed-phase C-H stretching,"gamma(H16;C7,C8,H17)",oop,4.8546158218968525e-09,-,-9.958192909382416e-06,0.18490676504661133
50,3131.188683418486,,,mixed-phase C-H stretching,delta(C5-C7-H17),angle,4.559305358097734e-09,+,8.31198790109898e-06,0.24925729583022535
