mode,harmonic_frequency_cm-1,vpt2_fundamental_cm-1,harmonic_intensity_km_mol,assignment,internal_coordinate,type,percent,phase,D_value,F_diagonal
6,77.94320707863555,,,mixed cyclic-ring torsional/out-of-plane deformation / ring-site C-H out-of-plane bending,tau(C2-C3-C4-C5),dihedral,29.195955794863433,+,0.05802494728610698,0.6796048915723832
6,77.94320707863555,,,mixed cyclic-ring torsional/out-of-plane deformation / ring-site C-H out-of-plane bending,tau(C1-C2-C9-C6),dihedral,25.79695604955459,+,0.08513987120501972,0.2789110970433987
6,77.94320707863555,,,mixed cyclic-ring torsional/out-of-plane deformation / ring-site C-H out-of-plane bending,tau(C3-C2-C9-H21),dihedral,17.80328449625062,+,0.054405665382307115,0.4713843801432477
6,77.94320707863555,,,mixed cyclic-ring torsional/out-of-plane deformation / ring-site C-H out-of-plane bending,tau(H15-C3-C4-C5),dihedral,10.577909352604225,+,0.06015986908103838,0.22906006726638234
6,77.94320707863555,,,mixed cyclic-ring torsional/out-of-plane deformation / ring-site C-H out-of-plane bending,tau(C2-C3-C4-H16),dihedral,10.272324449380141,+,0.0541478354210416,0.27458059099928556
6,77.94320707863555,,,mixed cyclic-ring torsional/out-of-plane deformation / ring-site C-H out-of-plane bending,"gamma(C6;C9,C2,H21)",oop,3.283519758187839,+,0.021776467658917047,0.5426603274850661
6,77.94320707863555,,,mixed cyclic-ring torsional/out-of-plane deformation / ring-site C-H out-of-plane bending,delta(C1-C2-C9),angle,0.6148275343639092,-,-0.01222218722587826,0.3225661213649848
6,77.94320707863555,,,mixed cyclic-ring torsional/out-of-plane deformation / ring-site C-H out-of-plane bending,tau(C3-C4-O8-C7),dihedral,0.4660209055697289,+,0.006246075055862847,0.9361691167181562
6,77.94320707863555,,,mixed cyclic-ring torsional/out-of-plane deformation / ring-site C-H out-of-plane bending,tau(H16-C4-O8-C7),dihedral,0.41929407452544465,+,0.007130631948735003,0.646287850095482
6,77.94320707863555,,,mixed cyclic-ring torsional/out-of-plane deformation / ring-site C-H out-of-plane bending,tau(H19-C6-C7-O8),dihedral,0.3668513347166979,+,0.015047485928197147,0.12697713378346867
6,77.94320707863555,,,mixed cyclic-ring torsional/out-of-plane deformation / ring-site C-H out-of-plane bending,tau(H11-C1-C2-H13),dihedral,0.2859970605243331,+,0.0075258396484368184,0.395744562160233
6,77.94320707863555,,,mixed cyclic-ring torsional/out-of-plane deformation / ring-site C-H out-of-plane bending,tau(H10-C1-C2-H13),dihedral,0.14667670813285805,+,0.008102441462357836,0.17510262560992168
6,77.94320707863555,,,mixed cyclic-ring torsional/out-of-plane deformation / ring-site C-H out-of-plane bending,delta(C4-C3-H15),angle,0.10347207629131078,+,0.004652915466156945,0.37457272194762403
6,77.94320707863555,,,mixed cyclic-ring torsional/out-of-plane deformation / ring-site C-H out-of-plane bending,"gamma(C2;C9,C6,C7)",oop,0.08818031460634264,+,0.002843645317217897,0.8546417378486717
6,77.94320707863555,,,mixed cyclic-ring torsional/out-of-plane deformation / ring-site C-H out-of-plane bending,"gamma(H20;C7,C6,C9)",oop,0.07694934209368455,+,0.0051257017399446705,0.2295416801376045
6,77.94320707863555,,,mixed cyclic-ring torsional/out-of-plane deformation / ring-site C-H out-of-plane bending,tau(H11-C1-C2-C9),dihedral,0.0611259325286704,+,0.004429695128370323,0.24414123171457477
6,77.94320707863555,,,mixed cyclic-ring torsional/out-of-plane deformation / ring-site C-H out-of-plane bending,nu(C2-C3),bond,0.05756308513157219,+,0.003928829012068464,0.2922678964184281
6,77.94320707863555,,,mixed cyclic-ring torsional/out-of-plane deformation / ring-site C-H out-of-plane bending,nu(C7-C9),bond,0.054122615629104275,-,-0.003630758833941971,0.3217712809389961
6,77.94320707863555,,,mixed cyclic-ring torsional/out-of-plane deformation / ring-site C-H out-of-plane bending,delta(C1-C2-H13),angle,0.04419757326318482,+,0.0037416444049055433,0.24742108678985417
6,77.94320707863555,,,mixed cyclic-ring torsional/out-of-plane deformation / ring-site C-H out-of-plane bending,tau(C3-C4-C5-H18),dihedral,0.035734445838129576,+,0.002409329709046202,0.4824561953511669
6,77.94320707863555,,,mixed cyclic-ring torsional/out-of-plane deformation / ring-site C-H out-of-plane bending,delta(C2-C9-H21),angle,0.02607573319119425,-,-0.00297408583103721,0.2310430135999735
6,77.94320707863555,,,mixed cyclic-ring torsional/out-of-plane deformation / ring-site C-H out-of-plane bending,delta(C2-C1-H10),angle,0.023906396794439375,-,-0.0029172388086085694,0.22015749068391807
6,77.94320707863555,,,mixed cyclic-ring torsional/out-of-plane deformation / ring-site C-H out-of-plane bending,delta(C7-C6-H19),angle,0.022488596016873138,-,-0.0032170420367211407,0.17029903189686718
6,77.94320707863555,,,mixed cyclic-ring torsional/out-of-plane deformation / ring-site C-H out-of-plane bending,nu(C5-C6),bond,0.02177849332121644,-,-0.0021904331316385086,0.35573872105608056
6,77.94320707863555,,,mixed cyclic-ring torsional/out-of-plane deformation / ring-site C-H out-of-plane bending,nu(C4-C5),bond,0.02135834088239868,-,-0.0022477407089991617,0.33131294059860933
6,77.94320707863555,,,mixed cyclic-ring torsional/out-of-plane deformation / ring-site C-H out-of-plane bending,delta(C5-C4-O8),angle,0.02076509199943831,+,0.0009281432592725224,1.8891530232339337
6,77.94320707863555,,,mixed cyclic-ring torsional/out-of-plane deformation / ring-site C-H out-of-plane bending,nu(C7-O8),bond,0.018229337625049687,+,0.0020238108375412655,0.34881436505138363
6,77.94320707863555,,,mixed cyclic-ring torsional/out-of-plane deformation / ring-site C-H out-of-plane bending,delta(C6-C5-H18),angle,0.015416011449544187,-,-0.0011621479298202467,0.8945662439133465
6,77.94320707863555,,,mixed cyclic-ring torsional/out-of-plane deformation / ring-site C-H out-of-plane bending,nu(C1-C2),bond,0.012869333310619737,+,0.0019236961212138913,0.2725501455699407
6,77.94320707863555,,,mixed cyclic-ring torsional/out-of-plane deformation / ring-site C-H out-of-plane bending,delta(C5-C6-C7),angle,0.011385144583645953,+,0.0008351864903796026,1.2791896492453412
6,77.94320707863555,,,mixed cyclic-ring torsional/out-of-plane deformation / ring-site C-H out-of-plane bending,"gamma(H20;C7,C6,O8)",oop,0.009171316574203218,-,-0.0021973239197936394,0.14886987566679247
6,77.94320707863555,,,mixed cyclic-ring torsional/out-of-plane deformation / ring-site C-H out-of-plane bending,delta(C6-C5-H17),angle,0.008270385148270347,+,0.001494667690298875,0.2901347508842103
6,77.94320707863555,,,mixed cyclic-ring torsional/out-of-plane deformation / ring-site C-H out-of-plane bending,nu(C6-C7),bond,0.008269256338764481,+,0.0013573407484888246,0.351764483756105
6,77.94320707863555,,,mixed cyclic-ring torsional/out-of-plane deformation / ring-site C-H out-of-plane bending,delta(H14-C3-H15),angle,0.005963997847120407,-,-0.0014876396370479832,0.21120553881908632
6,77.94320707863555,,,mixed cyclic-ring torsional/out-of-plane deformation / ring-site C-H out-of-plane bending,nu(C4-O8),bond,0.004522793822165805,+,0.0010350881667914012,0.3308380182485744
6,77.94320707863555,,,mixed cyclic-ring torsional/out-of-plane deformation / ring-site C-H out-of-plane bending,nu(C3-C4),bond,0.0044752422538319216,-,-0.0010267111871037394,0.3327233416142365
6,77.94320707863555,,,mixed cyclic-ring torsional/out-of-plane deformation / ring-site C-H out-of-plane bending,nu(C2-H13),bond,0.0032017504458153575,-,-0.0008854151497807785,0.3200787845755846
6,77.94320707863555,,,mixed cyclic-ring torsional/out-of-plane deformation / ring-site C-H out-of-plane bending,delta(C2-C1-H12),angle,0.0026617564717737437,+,0.0008398847124483082,0.29572788270104006
6,77.94320707863555,,,mixed cyclic-ring torsional/out-of-plane deformation / ring-site C-H out-of-plane bending,nu(C2-C9),bond,0.0021173515214971596,-,-0.0007088950373192772,0.3302116574664156
6,77.94320707863555,,,mixed cyclic-ring torsional/out-of-plane deformation / ring-site C-H out-of-plane bending,delta(C2-C1-H11),angle,0.0018319564890375277,+,0.0008025945099110972,0.2228876950441817
6,77.94320707863555,,,mixed cyclic-ring torsional/out-of-plane deformation / ring-site C-H out-of-plane bending,nu(C3-H15),bond,0.0007377753206943799,-,-0.0004176671395368183,0.33145671015102407
6,77.94320707863555,,,mixed cyclic-ring torsional/out-of-plane deformation / ring-site C-H out-of-plane bending,delta(H17-C5-H18),angle,0.0007075990430788242,+,0.0004219865214109336,0.3114249374201952
6,77.94320707863555,,,mixed cyclic-ring torsional/out-of-plane deformation / ring-site C-H out-of-plane bending,delta(H11-C1-H12),angle,0.0006855557424421679,+,0.00044170431270227934,0.27538659836850643
6,77.94320707863555,,,mixed cyclic-ring torsional/out-of-plane deformation / ring-site C-H out-of-plane bending,"gamma(C2;C3,H14,H15)",oop,0.0005637415256871737,-,-0.00037672356946212804,0.31131335337326066
6,77.94320707863555,,,mixed cyclic-ring torsional/out-of-plane deformation / ring-site C-H out-of-plane bending,"gamma(H16;C4,C5,O8)",oop,0.00039756260212099956,-,-0.00024306777410901972,0.5273683528647449
6,77.94320707863555,,,mixed cyclic-ring torsional/out-of-plane deformation / ring-site C-H out-of-plane bending,nu(C5-H17),bond,0.0003407304565610553,-,-0.00028307409804673926,0.33325294701181174
6,77.94320707863555,,,mixed cyclic-ring torsional/out-of-plane deformation / ring-site C-H out-of-plane bending,nu(C5-H18),bond,0.00033645875307765984,+,0.0002816374025792489,0.33244092209661535
6,77.94320707863555,,,mixed cyclic-ring torsional/out-of-plane deformation / ring-site C-H out-of-plane bending,nu(C1-H10),bond,0.00031767411279372634,-,-0.00027299221746779107,0.3340754800027871
6,77.94320707863555,,,mixed cyclic-ring torsional/out-of-plane deformation / ring-site C-H out-of-plane bending,nu(C4-H16),bond,7.527045838660155e-05,+,0.00013200024475481815,0.33856214359648934
6,77.94320707863555,,,mixed cyclic-ring torsional/out-of-plane deformation / ring-site C-H out-of-plane bending,nu(C1-H11),bond,5.03374534744314e-05,-,-0.00010885082549645344,0.3329592580761004
6,77.94320707863555,,,mixed cyclic-ring torsional/out-of-plane deformation / ring-site C-H out-of-plane bending,delta(C4-C5-H18),angle,4.603462587864108e-05,+,0.00010247601858595516,0.3435606678510062
6,77.94320707863555,,,mixed cyclic-ring torsional/out-of-plane deformation / ring-site C-H out-of-plane bending,nu(C1-H12),bond,1.4872397146381485e-05,+,5.917779626427361e-05,0.33283324968659134
6,77.94320707863555,,,mixed cyclic-ring torsional/out-of-plane deformation / ring-site C-H out-of-plane bending,nu(C6-C9),bond,3.278718746546144e-06,+,2.9821158492068097e-05,0.2889471730639286
6,77.94320707863555,,,mixed cyclic-ring torsional/out-of-plane deformation / ring-site C-H out-of-plane bending,nu(C3-H14),bond,1.4824489580323091e-06,+,1.8778536369890596e-05,0.32947280838759274
6,77.94320707863555,,,mixed cyclic-ring torsional/out-of-plane deformation / ring-site C-H out-of-plane bending,nu(C9-H21),bond,3.6383897222257806e-07,+,9.066574934828857e-06,0.346885393723776
6,77.94320707863555,,,mixed cyclic-ring torsional/out-of-plane deformation / ring-site C-H out-of-plane bending,nu(C6-H19),bond,4.798225860480312e-08,+,3.2561269885300687e-06,0.3546837789651513
6,77.94320707863555,,,mixed cyclic-ring torsional/out-of-plane deformation / ring-site C-H out-of-plane bending,nu(C7-H20),bond,2.4377005435584485e-08,+,2.3049783812026236e-06,0.3595919403531978
7,250.04819448735094,,,C-C torsion,tau(H11-C1-C2-H13),dihedral,46.11513491322603,-,-0.2591829948262405,0.395744562160233
7,250.04819448735094,,,C-C torsion,tau(H11-C1-C2-C9),dihedral,29.523592224097083,-,-0.2640318225240423,0.24414123171457477
7,250.04819448735094,,,C-C torsion,tau(H10-C1-C2-H13),dihedral,20.72113254474877,-,-0.2611876604449064,0.17510262560992168
7,250.04819448735094,,,C-C torsion,tau(C2-C3-C4-C5),dihedral,1.1102640708076528,-,-0.03068860412164644,0.6796048915723832
7,250.04819448735094,,,C-C torsion,"gamma(C6;C9,C2,H21)",oop,0.5649987703223148,+,0.024499202930597083,0.5426603274850661
7,250.04819448735094,,,C-C torsion,delta(C1-C2-C9),angle,0.5496772263340663,-,-0.03134272382914723,0.3225661213649848
7,250.04819448735094,,,C-C torsion,tau(H15-C3-C4-C5),dihedral,0.45725453954361767,-,-0.03392318032519478,0.22906006726638234
7,250.04819448735094,,,C-C torsion,tau(C3-C2-C9-H21),dihedral,0.4430683002146175,-,-0.02327769565936462,0.4713843801432477
7,250.04819448735094,,,C-C torsion,tau(C2-C3-C4-H16),dihedral,0.24148747777920782,-,-0.0225166942192082,0.27458059099928556
7,250.04819448735094,,,C-C torsion,delta(C2-C1-H11),angle,0.032633042336583526,+,0.00918709010132536,0.2228876950441817
7,250.04819448735094,,,C-C torsion,delta(C4-C3-H15),angle,0.03209689530555006,-,-0.007028387203780305,0.37457272194762403
7,250.04819448735094,,,C-C torsion,tau(H19-C6-C7-O8),dihedral,0.03176670321733577,-,-0.012009240798780723,0.12697713378346867
7,250.04819448735094,,,C-C torsion,nu(C6-C9),bond,0.02336685009663183,-,-0.0068278363178226175,0.2889471730639286
7,250.04819448735094,,,C-C torsion,tau(C3-C4-O8-C7),dihedral,0.022314575061870078,+,0.0037068874111413517,0.9361691167181562
7,250.04819448735094,,,C-C torsion,tau(C1-C2-C9-C6),dihedral,0.019691268559294355,+,0.006379640269707359,0.2789110970433987
7,250.04819448735094,,,C-C torsion,delta(C1-C2-H13),angle,0.01859811755328058,+,0.006582765420999393,0.24742108678985417
7,250.04819448735094,,,C-C torsion,tau(C3-C4-C5-H18),dihedral,0.014360246870638903,+,0.004142325756196212,0.4824561953511669
7,250.04819448735094,,,C-C torsion,delta(C2-C1-H10),angle,0.011734223195267181,-,-0.005543099559882746,0.22015749068391807
7,250.04819448735094,,,C-C torsion,delta(C2-C1-H12),angle,0.010543294951303663,-,-0.004533506901009909,0.29572788270104006
7,250.04819448735094,,,C-C torsion,nu(C7-C9),bond,0.00926694028413229,+,0.0040746169037767736,0.3217712809389961
7,250.04819448735094,,,C-C torsion,delta(C6-C5-H18),angle,0.008449315204493386,+,0.0023334405618139903,0.8945662439133465
7,250.04819448735094,,,C-C torsion,nu(C4-C5),bond,0.007126103698243007,+,0.003521268238132144,0.33131294059860933
7,250.04819448735094,,,C-C torsion,delta(C4-C5-H18),angle,0.00562114909854116,-,-0.0030711644594134096,0.3435606678510062
7,250.04819448735094,,,C-C torsion,tau(H16-C4-O8-C7),dihedral,0.0035976592525222718,-,-0.0017913863388636104,0.646287850095482
7,250.04819448735094,,,C-C torsion,delta(C6-C5-H17),angle,0.0035420656094514663,-,-0.0026528986939342958,0.2901347508842103
7,250.04819448735094,,,C-C torsion,nu(C2-C9),bond,0.003325155782943307,-,-0.002409361896745027,0.3302116574664156
7,250.04819448735094,,,C-C torsion,"gamma(H20;C7,C6,C9)",oop,0.0027209802342724495,-,-0.0026141117876636614,0.2295416801376045
7,250.04819448735094,,,C-C torsion,"gamma(H16;C4,C5,O8)",oop,0.0023644397664211616,-,-0.0016076789865477471,0.5273683528647449
7,250.04819448735094,,,C-C torsion,delta(C5-C4-O8),angle,0.0021145796295645065,-,-0.0008032869161981373,1.8891530232339337
7,250.04819448735094,,,C-C torsion,"gamma(H20;C7,C6,O8)",oop,0.0014153704276790872,+,0.002341121136038648,0.14886987566679247
7,250.04819448735094,,,C-C torsion,nu(C5-C6),bond,0.0011937531041692423,-,-0.0013908616331366373,0.35573872105608056
7,250.04819448735094,,,C-C torsion,"gamma(C2;C9,C6,C7)",oop,0.0010355084967104476,+,0.0008357512294959507,0.8546417378486717
7,250.04819448735094,,,C-C torsion,nu(C4-O8),bond,0.0006746171629105168,-,-0.001084209548166116,0.3308380182485744
7,250.04819448735094,,,C-C torsion,delta(H14-C3-H15),angle,0.0004832183078928793,+,0.0011484478485097303,0.21120553881908632
7,250.04819448735094,,,C-C torsion,delta(C7-C6-H19),angle,0.0004760774610048508,+,0.001269477362887258,0.17029903189686718
7,250.04819448735094,,,C-C torsion,delta(C2-C9-H21),angle,0.0004270154757773792,-,-0.0010322089660543552,0.2310430135999735
7,250.04819448735094,,,C-C torsion,nu(C7-O8),bond,0.0004119530983399554,+,0.0008251234801938793,0.34881436505138363
7,250.04819448735094,,,C-C torsion,"gamma(C2;C3,H14,H15)",oop,0.0003911578818310399,-,-0.0008510780857448346,0.31131335337326066
7,250.04819448735094,,,C-C torsion,nu(C3-C4),bond,0.0003830088973139256,-,-0.0008146199408616631,0.3327233416142365
7,250.04819448735094,,,C-C torsion,delta(H11-C1-H12),angle,0.00037203612528446457,+,0.0008824973207055807,0.27538659836850643
7,250.04819448735094,,,C-C torsion,nu(C6-C7),bond,0.00022701316335140277,+,0.0006099465315951632,0.351764483756105
7,250.04819448735094,,,C-C torsion,nu(C1-H11),bond,0.00018646626204232392,-,-0.0005681942375225463,0.3329592580761004
7,250.04819448735094,,,C-C torsion,nu(C1-H10),bond,0.00014655831234774186,+,0.0005028925097703391,0.3340754800027871
7,250.04819448735094,,,C-C torsion,nu(C2-C3),bond,0.00013107761009041832,-,-0.0005084707094087744,0.2922678964184281
7,250.04819448735094,,,C-C torsion,nu(C2-H13),bond,8.1401222214375e-05,-,-0.00038289461479007963,0.3200787845755846
7,250.04819448735094,,,C-C torsion,nu(C7-H20),bond,3.3824120597239375e-05,-,-0.00023286301835804638,0.3595919403531978
7,250.04819448735094,,,C-C torsion,nu(C3-H15),bond,2.7981260543843284e-05,+,0.0002206035363088566,0.33145671015102407
7,250.04819448735094,,,C-C torsion,nu(C5-H17),bond,2.4701966415366514e-05,+,0.00020671452991677708,0.33325294701181174
7,250.04819448735094,,,C-C torsion,nu(C9-H21),bond,9.572779628842188e-06,+,0.00012612996173135633,0.346885393723776
7,250.04819448735094,,,C-C torsion,nu(C5-H18),bond,8.733447677984014e-06,-,-0.0001230631032174434,0.33244092209661535
7,250.04819448735094,,,C-C torsion,nu(C4-H16),bond,5.872033405991371e-06,+,9.999247104989312e-05,0.33856214359648934
7,250.04819448735094,,,C-C torsion,delta(C5-C6-C7),angle,4.038219527178325e-06,-,-4.265989026682578e-05,1.2791896492453412
7,250.04819448735094,,,C-C torsion,delta(H17-C5-H18),angle,2.259315871167837e-06,-,-6.467017313933952e-05,0.3114249374201952
7,250.04819448735094,,,C-C torsion,nu(C6-H19),bond,1.5352099168513508e-06,+,4.9952296599373546e-05,0.3546837789651513
7,250.04819448735094,,,C-C torsion,nu(C1-H12),bond,9.735524759645608e-07,-,-4.106374649468343e-05,0.33283324968659134
7,250.04819448735094,,,C-C torsion,nu(C1-C2),bond,5.967061300870416e-07,+,3.552624288033567e-05,0.2725501455699407
7,250.04819448735094,,,C-C torsion,nu(C3-H14),bond,5.597178378338876e-09,+,3.1294428511978484e-06,0.32947280838759274
8,289.5214603452238,,,mixed C-C torsion / C-C-C bending,tau(H11-C1-C2-H13),dihedral,33.11271069657998,-,-0.13035065273740143,0.395744562160233
8,289.5214603452238,,,mixed C-C torsion / C-C-C bending,tau(H11-C1-C2-C9),dihedral,26.231317044361095,-,-0.147710988173616,0.24414123171457477
8,289.5214603452238,,,mixed C-C torsion / C-C-C bending,tau(H10-C1-C2-H13),dihedral,10.389142060654587,-,-0.1097657462187727,0.17510262560992168
8,289.5214603452238,,,mixed C-C torsion / C-C-C bending,delta(C1-C2-C9),angle,8.157125607657747,+,0.07166094315287867,0.3225661213649848
8,289.5214603452238,,,mixed C-C torsion / C-C-C bending,tau(C2-C3-C4-C5),dihedral,7.1932999084227776,+,0.04636167910590604,0.6796048915723832
8,289.5214603452238,,,mixed C-C torsion / C-C-C bending,tau(C3-C2-C9-H21),dihedral,2.9058864730051037,+,0.03538140287878845,0.4713843801432477
8,289.5214603452238,,,mixed C-C torsion / C-C-C bending,tau(H15-C3-C4-C5),dihedral,2.85256409535387,+,0.0502882282319341,0.22906006726638234
8,289.5214603452238,,,mixed C-C torsion / C-C-C bending,"gamma(C6;C9,C2,H21)",oop,2.840514050977313,-,-0.032603014383491016,0.5426603274850661
8,289.5214603452238,,,mixed C-C torsion / C-C-C bending,tau(C2-C3-C4-H16),dihedral,1.8297180271539677,+,0.036785823830902564,0.27458059099928556
8,289.5214603452238,,,mixed C-C torsion / C-C-C bending,delta(C2-C1-H11),angle,0.7811964382516602,-,-0.02667843819816119,0.2228876950441817
8,289.5214603452238,,,mixed C-C torsion / C-C-C bending,delta(C2-C1-H12),angle,0.7058585024122398,+,0.02201587795949836,0.29572788270104006
8,289.5214603452238,,,mixed C-C torsion / C-C-C bending,"gamma(C2;C9,C6,C7)",oop,0.534044970889135,-,-0.011264714430662584,0.8546417378486717
8,289.5214603452238,,,mixed C-C torsion / C-C-C bending,tau(C1-C2-C9-C6),dihedral,0.4715472592765706,+,0.01852904501724551,0.2789110970433987
8,289.5214603452238,,,mixed C-C torsion / C-C-C bending,nu(C6-C9),bond,0.3911547203497651,+,0.016580147269414532,0.2889471730639286
8,289.5214603452238,,,mixed C-C torsion / C-C-C bending,nu(C2-C9),bond,0.15839145989080444,+,0.009869451136803284,0.3302116574664156
8,289.5214603452238,,,mixed C-C torsion / C-C-C bending,nu(C3-C4),bond,0.13742581673542809,-,-0.009158320750981384,0.3327233416142365
8,289.5214603452238,,,mixed C-C torsion / C-C-C bending,delta(C5-C4-O8),angle,0.1308347884729155,+,0.003750173584397741,1.8891530232339337
8,289.5214603452238,,,mixed C-C torsion / C-C-C bending,"gamma(C2;C3,H14,H15)",oop,0.12941868250109614,-,-0.00918804118623045,0.31131335337326066
8,289.5214603452238,,,mixed C-C torsion / C-C-C bending,tau(H19-C6-C7-O8),dihedral,0.12792179017738392,+,0.01430318728496278,0.12697713378346867
8,289.5214603452238,,,mixed C-C torsion / C-C-C bending,delta(C2-C9-H21),angle,0.11673954160490951,+,0.010129450638207006,0.2310430135999735
8,289.5214603452238,,,mixed C-C torsion / C-C-C bending,nu(C4-C5),bond,0.10688814164318794,-,-0.008094105944164457,0.33131294059860933
8,289.5214603452238,,,mixed C-C torsion / C-C-C bending,delta(C4-C3-H15),angle,0.1005257280435085,+,0.00738233690403333,0.37457272194762403
8,289.5214603452238,,,mixed C-C torsion / C-C-C bending,"gamma(H16;C4,C5,O8)",oop,0.09399533752797185,+,0.006016160924585179,0.5273683528647449
8,289.5214603452238,,,mixed C-C torsion / C-C-C bending,delta(C6-C5-H18),angle,0.08849684591510507,-,-0.0044820940366268516,0.8945662439133465
8,289.5214603452238,,,mixed C-C torsion / C-C-C bending,tau(C3-C4-O8-C7),dihedral,0.0703299458711937,-,-0.0039058567162984677,0.9361691167181562
8,289.5214603452238,,,mixed C-C torsion / C-C-C bending,tau(H16-C4-O8-C7),dihedral,0.06631523560151036,+,0.00456474985634308,0.646287850095482
8,289.5214603452238,,,mixed C-C torsion / C-C-C bending,delta(C1-C2-H13),angle,0.05549024385180957,-,-0.006748593704725864,0.24742108678985417
8,289.5214603452238,,,mixed C-C torsion / C-C-C bending,delta(C4-C5-H18),angle,0.05389008688983815,+,0.005643857549645821,0.3435606678510062
8,289.5214603452238,,,mixed C-C torsion / C-C-C bending,nu(C2-C3),bond,0.03802484170711501,-,-0.00514003967717766,0.2922678964184281
8,289.5214603452238,,,mixed C-C torsion / C-C-C bending,nu(C5-C6),bond,0.028094579303883923,+,0.004004691056051034,0.35573872105608056
8,289.5214603452238,,,mixed C-C torsion / C-C-C bending,delta(C6-C5-H17),angle,0.02432794907848478,+,0.004126446275818125,0.2901347508842103
8,289.5214603452238,,,mixed C-C torsion / C-C-C bending,delta(C2-C1-H10),angle,0.019744639872231188,+,0.004267575331902468,0.22015749068391807
8,289.5214603452238,,,mixed C-C torsion / C-C-C bending,tau(C3-C4-C5-H18),dihedral,0.010399338188686987,-,-0.0020921712409088366,0.4824561953511669
8,289.5214603452238,,,mixed C-C torsion / C-C-C bending,delta(C7-C6-H19),angle,0.00911424172363829,-,-0.0032966853838340125,0.17029903189686718
8,289.5214603452238,,,mixed C-C torsion / C-C-C bending,nu(C6-C7),bond,0.008877632512911925,-,-0.0022638409344446823,0.351764483756105
8,289.5214603452238,,,mixed C-C torsion / C-C-C bending,"gamma(H20;C7,C6,C9)",oop,0.006605752133419219,+,0.0024174287327583814,0.2295416801376045
8,289.5214603452238,,,mixed C-C torsion / C-C-C bending,nu(C4-O8),bond,0.006560057331727188,+,0.002006639851562543,0.3308380182485744
8,289.5214603452238,,,mixed C-C torsion / C-C-C bending,delta(H14-C3-H15),angle,0.0048987862838362544,-,-0.0021702757404744913,0.21120553881908632
8,289.5214603452238,,,mixed C-C torsion / C-C-C bending,nu(C1-C2),bond,0.004545418428522485,+,0.0018402933040678505,0.2725501455699407
8,289.5214603452238,,,mixed C-C torsion / C-C-C bending,nu(C7-O8),bond,0.002960318491751139,-,-0.0013127902994125292,0.34881436505138363
8,289.5214603452238,,,mixed C-C torsion / C-C-C bending,nu(C1-H11),bond,0.0006895191279326327,+,0.0006484864896260916,0.3329592580761004
8,289.5214603452238,,,mixed C-C torsion / C-C-C bending,nu(C7-H20),bond,0.0006020196704873213,+,0.0005830740148261707,0.3595919403531978
8,289.5214603452238,,,mixed C-C torsion / C-C-C bending,delta(H11-C1-H12),angle,0.000359248828338813,-,-0.0005146945863797693,0.27538659836850643
8,289.5214603452238,,,mixed C-C torsion / C-C-C bending,nu(C9-H21),bond,0.0002682787876736479,+,0.00039629946109789556,0.346885393723776
8,289.5214603452238,,,mixed C-C torsion / C-C-C bending,delta(C5-C6-C7),angle,0.0002507349848607446,-,-0.00019950938050097272,1.2791896492453412
8,289.5214603452238,,,mixed C-C torsion / C-C-C bending,nu(C1-H12),bond,0.00021464990078781735,-,-0.00036188894317988916,0.33283324968659134
8,289.5214603452238,,,mixed C-C torsion / C-C-C bending,nu(C3-H15),bond,0.0002072533178687648,-,-0.0003563367864335715,0.33145671015102407
8,289.5214603452238,,,mixed C-C torsion / C-C-C bending,nu(C5-H17),bond,0.0001725135127256585,-,-0.00032422603163083304,0.33325294701181174
8,289.5214603452238,,,mixed C-C torsion / C-C-C bending,nu(C3-H14),bond,0.00017101650350876684,+,0.0003246628101845006,0.32947280838759274
8,289.5214603452238,,,mixed C-C torsion / C-C-C bending,"gamma(H20;C7,C6,O8)",oop,5.171878708084137e-05,-,-0.0002656097870616488,0.14886987566679247
8,289.5214603452238,,,mixed C-C torsion / C-C-C bending,nu(C5-H18),bond,4.7556516271354873e-05,+,0.0001704398323440764,0.33244092209661535
8,289.5214603452238,,,mixed C-C torsion / C-C-C bending,nu(C2-H13),bond,4.306751494830984e-05,-,-0.00016529883123492112,0.3200787845755846
8,289.5214603452238,,,mixed C-C torsion / C-C-C bending,delta(H17-C5-H18),angle,1.0286281392689954e-05,+,8.189847751872788e-05,0.3114249374201952
8,289.5214603452238,,,mixed C-C torsion / C-C-C bending,nu(C1-H10),bond,6.044873949437981e-06,+,6.061702876541256e-05,0.3340754800027871
8,289.5214603452238,,,mixed C-C torsion / C-C-C bending,nu(C4-H16),bond,4.145511418885202e-06,-,-4.9864696597175744e-05,0.33856214359648934
8,289.5214603452238,,,mixed C-C torsion / C-C-C bending,nu(C6-H19),bond,3.611383402659717e-06,+,4.5471518373045876e-05,0.3546837789651513
8,289.5214603452238,,,mixed C-C torsion / C-C-C bending,nu(C7-C9),bond,1.2793686712695089e-06,+,2.8414991930144762e-05,0.3217712809389961
9,329.9463625198843,,,mixed ring-site C-H out-of-plane bending / cyclic-ring deformation (C-C-O bend),tau(C3-C4-C5-H18),dihedral,46.610285177845704,+,0.1290564836840152,0.4824561953511669
9,329.9463625198843,,,mixed ring-site C-H out-of-plane bending / cyclic-ring deformation (C-C-O bend),delta(C5-C4-O8),angle,11.794570277657861,-,-0.03280766972086711,1.8891530232339337
9,329.9463625198843,,,mixed ring-site C-H out-of-plane bending / cyclic-ring deformation (C-C-O bend),tau(H16-C4-O8-C7),dihedral,10.823658038215076,-,-0.05373310378181386,0.646287850095482
9,329.9463625198843,,,mixed ring-site C-H out-of-plane bending / cyclic-ring deformation (C-C-O bend),tau(C3-C4-O8-C7),dihedral,7.310211831872099,-,-0.03669067636302655,0.9361691167181562
9,329.9463625198843,,,mixed ring-site C-H out-of-plane bending / cyclic-ring deformation (C-C-O bend),delta(C5-C6-C7),angle,3.206914205817518,-,-0.02078950238390969,1.2791896492453412
9,329.9463625198843,,,mixed ring-site C-H out-of-plane bending / cyclic-ring deformation (C-C-O bend),"gamma(C2;C9,C6,C7)",oop,3.001586176143338,+,0.024606579676776253,0.8546417378486717
9,329.9463625198843,,,mixed ring-site C-H out-of-plane bending / cyclic-ring deformation (C-C-O bend),delta(C6-C5-H18),angle,2.3924944932497487,-,-0.02147272252487153,0.8945662439133465
9,329.9463625198843,,,mixed ring-site C-H out-of-plane bending / cyclic-ring deformation (C-C-O bend),tau(C3-C2-C9-H21),dihedral,2.107858617583304,+,0.027765214746891427,0.4713843801432477
9,329.9463625198843,,,mixed ring-site C-H out-of-plane bending / cyclic-ring deformation (C-C-O bend),tau(C1-C2-C9-C6),dihedral,1.9724744372781362,-,-0.03491730260169517,0.2789110970433987
9,329.9463625198843,,,mixed ring-site C-H out-of-plane bending / cyclic-ring deformation (C-C-O bend),delta(C4-C5-H18),angle,1.1987169390426426,-,-0.024525874059086895,0.3435606678510062
9,329.9463625198843,,,mixed ring-site C-H out-of-plane bending / cyclic-ring deformation (C-C-O bend),nu(C3-C4),bond,1.0700294243500947,+,0.023546378312289062,0.3327233416142365
9,329.9463625198843,,,mixed ring-site C-H out-of-plane bending / cyclic-ring deformation (C-C-O bend),tau(C2-C3-C4-H16),dihedral,0.9807413605954088,+,0.024814768022178038,0.27458059099928556
9,329.9463625198843,,,mixed ring-site C-H out-of-plane bending / cyclic-ring deformation (C-C-O bend),delta(C6-C5-H17),angle,0.9636843503676644,+,0.023929598956556625,0.2901347508842103
9,329.9463625198843,,,mixed ring-site C-H out-of-plane bending / cyclic-ring deformation (C-C-O bend),"gamma(H16;C4,C5,O8)",oop,0.9138299176388993,-,-0.017283971665244095,0.5273683528647449
9,329.9463625198843,,,mixed ring-site C-H out-of-plane bending / cyclic-ring deformation (C-C-O bend),delta(C1-C2-C9),angle,0.760959477213735,+,0.020166906316528472,0.3225661213649848
9,329.9463625198843,,,mixed ring-site C-H out-of-plane bending / cyclic-ring deformation (C-C-O bend),tau(H10-C1-C2-H13),dihedral,0.550946326224517,-,-0.02329036037045964,0.17510262560992168
9,329.9463625198843,,,mixed ring-site C-H out-of-plane bending / cyclic-ring deformation (C-C-O bend),delta(C4-C3-H15),angle,0.5278994265925903,-,-0.015587462204882661,0.37457272194762403
9,329.9463625198843,,,mixed ring-site C-H out-of-plane bending / cyclic-ring deformation (C-C-O bend),delta(C1-C2-H13),angle,0.48330480355359606,-,-0.01835101509629166,0.24742108678985417
9,329.9463625198843,,,mixed ring-site C-H out-of-plane bending / cyclic-ring deformation (C-C-O bend),tau(H15-C3-C4-C5),dihedral,0.4522475146993806,+,0.01844935953248483,0.22906006726638234
9,329.9463625198843,,,mixed ring-site C-H out-of-plane bending / cyclic-ring deformation (C-C-O bend),tau(C2-C3-C4-C5),dihedral,0.44672133462509195,+,0.01064530210264896,0.6796048915723832
9,329.9463625198843,,,mixed ring-site C-H out-of-plane bending / cyclic-ring deformation (C-C-O bend),nu(C1-C2),bond,0.41460498753184843,+,0.016194291176502024,0.2725501455699407
9,329.9463625198843,,,mixed ring-site C-H out-of-plane bending / cyclic-ring deformation (C-C-O bend),tau(H11-C1-C2-H13),dihedral,0.3704640391926305,-,-0.012703793993059017,0.395744562160233
9,329.9463625198843,,,mixed ring-site C-H out-of-plane bending / cyclic-ring deformation (C-C-O bend),nu(C4-C5),bond,0.25944460783375983,-,-0.011619060597345812,0.33131294059860933
9,329.9463625198843,,,mixed ring-site C-H out-of-plane bending / cyclic-ring deformation (C-C-O bend),delta(C2-C1-H12),angle,0.24254163317787608,-,-0.011890904841602393,0.29572788270104006
9,329.9463625198843,,,mixed ring-site C-H out-of-plane bending / cyclic-ring deformation (C-C-O bend),delta(C2-C1-H10),angle,0.2330660557968091,+,0.013509543429899499,0.22015749068391807
9,329.9463625198843,,,mixed ring-site C-H out-of-plane bending / cyclic-ring deformation (C-C-O bend),"gamma(C6;C9,C2,H21)",oop,0.23181969549607181,-,-0.008581812488256433,0.5426603274850661
9,329.9463625198843,,,mixed ring-site C-H out-of-plane bending / cyclic-ring deformation (C-C-O bend),nu(C6-C9),bond,0.1506428131464802,+,0.009480535645630122,0.2889471730639286
9,329.9463625198843,,,mixed ring-site C-H out-of-plane bending / cyclic-ring deformation (C-C-O bend),nu(C2-C9),bond,0.11418599468122277,-,-0.007721081042310294,0.3302116574664156
9,329.9463625198843,,,mixed ring-site C-H out-of-plane bending / cyclic-ring deformation (C-C-O bend),nu(C7-O8),bond,0.06967214148581549,+,0.005868137621924823,0.34881436505138363
9,329.9463625198843,,,mixed ring-site C-H out-of-plane bending / cyclic-ring deformation (C-C-O bend),tau(H11-C1-C2-C9),dihedral,0.04784155488516631,-,-0.005812326057445737,0.24414123171457477
9,329.9463625198843,,,mixed ring-site C-H out-of-plane bending / cyclic-ring deformation (C-C-O bend),nu(C5-C6),bond,0.04779394302244702,+,0.004812699580036814,0.35573872105608056
9,329.9463625198843,,,mixed ring-site C-H out-of-plane bending / cyclic-ring deformation (C-C-O bend),"gamma(C2;C3,H14,H15)",oop,0.04761802533960307,-,-0.005135168609307805,0.31131335337326066
9,329.9463625198843,,,mixed ring-site C-H out-of-plane bending / cyclic-ring deformation (C-C-O bend),"gamma(H20;C7,C6,O8)",oop,0.042070817675482874,+,0.006979992490943644,0.14886987566679247
9,329.9463625198843,,,mixed ring-site C-H out-of-plane bending / cyclic-ring deformation (C-C-O bend),delta(H17-C5-H18),angle,0.02719026654286575,+,0.003879698092756771,0.3114249374201952
9,329.9463625198843,,,mixed ring-site C-H out-of-plane bending / cyclic-ring deformation (C-C-O bend),nu(C6-C7),bond,0.02469146515917106,+,0.0034786867914176275,0.351764483756105
9,329.9463625198843,,,mixed ring-site C-H out-of-plane bending / cyclic-ring deformation (C-C-O bend),delta(H14-C3-H15),angle,0.02133095213046158,-,-0.004172730734556119,0.21120553881908632
9,329.9463625198843,,,mixed ring-site C-H out-of-plane bending / cyclic-ring deformation (C-C-O bend),delta(C7-C6-H19),angle,0.01663409584590234,-,-0.004103565803274163,0.17029903189686718
9,329.9463625198843,,,mixed ring-site C-H out-of-plane bending / cyclic-ring deformation (C-C-O bend),tau(H19-C6-C7-O8),dihedral,0.012304863555621444,+,0.004087366048044654,0.12697713378346867
9,329.9463625198843,,,mixed ring-site C-H out-of-plane bending / cyclic-ring deformation (C-C-O bend),delta(H11-C1-H12),angle,0.010426758867358506,-,-0.002554883820313781,0.27538659836850643
9,329.9463625198843,,,mixed ring-site C-H out-of-plane bending / cyclic-ring deformation (C-C-O bend),nu(C7-C9),bond,0.010082978603410881,+,0.0023242812292069105,0.3217712809389961
9,329.9463625198843,,,mixed ring-site C-H out-of-plane bending / cyclic-ring deformation (C-C-O bend),"gamma(H20;C7,C6,C9)",oop,0.009683206977980953,+,0.002696787467046136,0.2295416801376045
9,329.9463625198843,,,mixed ring-site C-H out-of-plane bending / cyclic-ring deformation (C-C-O bend),nu(C4-O8),bond,0.009653245920756674,-,-0.0022428326593730767,0.3308380182485744
9,329.9463625198843,,,mixed ring-site C-H out-of-plane bending / cyclic-ring deformation (C-C-O bend),nu(C5-H18),bond,0.009348005382784751,+,0.0022017607708414567,0.33244092209661535
9,329.9463625198843,,,mixed ring-site C-H out-of-plane bending / cyclic-ring deformation (C-C-O bend),nu(C5-H17),bond,0.0028438797816907908,-,-0.0012129321546734276,0.33325294701181174
9,329.9463625198843,,,mixed ring-site C-H out-of-plane bending / cyclic-ring deformation (C-C-O bend),delta(C2-C9-H21),angle,0.0018757280925813156,+,0.0011830590249093276,0.2310430135999735
9,329.9463625198843,,,mixed ring-site C-H out-of-plane bending / cyclic-ring deformation (C-C-O bend),nu(C3-H15),bond,0.0010067465327833938,+,0.0007236266541366307,0.33145671015102407
9,329.9463625198843,,,mixed ring-site C-H out-of-plane bending / cyclic-ring deformation (C-C-O bend),nu(C9-H21),bond,0.0007404505815556432,+,0.0006066286596774612,0.346885393723776
9,329.9463625198843,,,mixed ring-site C-H out-of-plane bending / cyclic-ring deformation (C-C-O bend),delta(C2-C1-H11),angle,0.0004401903615849564,-,-0.0005835057093089884,0.2228876950441817
9,329.9463625198843,,,mixed ring-site C-H out-of-plane bending / cyclic-ring deformation (C-C-O bend),nu(C2-H13),bond,0.00030006180729611853,+,0.000402017360220435,0.3200787845755846
9,329.9463625198843,,,mixed ring-site C-H out-of-plane bending / cyclic-ring deformation (C-C-O bend),nu(C1-H12),bond,0.0002547091417747656,+,0.00036322589735604636,0.33283324968659134
9,329.9463625198843,,,mixed ring-site C-H out-of-plane bending / cyclic-ring deformation (C-C-O bend),nu(C7-H20),bond,0.00015539908295982195,-,-0.00027295254184890214,0.3595919403531978
9,329.9463625198843,,,mixed ring-site C-H out-of-plane bending / cyclic-ring deformation (C-C-O bend),nu(C3-H14),bond,7.014935806678321e-05,+,0.00019158872774239775,0.32947280838759274
9,329.9463625198843,,,mixed ring-site C-H out-of-plane bending / cyclic-ring deformation (C-C-O bend),nu(C1-H11),bond,3.152270578818993e-05,+,0.00012775681861200268,0.3329592580761004
9,329.9463625198843,,,mixed ring-site C-H out-of-plane bending / cyclic-ring deformation (C-C-O bend),nu(C4-H16),bond,1.7714496356578476e-05,+,9.497583022141667e-05,0.33856214359648934
9,329.9463625198843,,,mixed ring-site C-H out-of-plane bending / cyclic-ring deformation (C-C-O bend),nu(C6-H19),bond,1.0947836291218088e-05,+,7.29476617330119e-05,0.3546837789651513
9,329.9463625198843,,,mixed ring-site C-H out-of-plane bending / cyclic-ring deformation (C-C-O bend),nu(C2-C3),bond,3.977462354847344e-06,-,-4.8437349878888886e-05,0.2922678964184281
9,329.9463625198843,,,mixed ring-site C-H out-of-plane bending / cyclic-ring deformation (C-C-O bend),nu(C1-H10),bond,2.24394099076741e-06,+,3.402916614801926e-05,0.3340754800027871
10,380.05147831832977,,,mixed ring-site C-H out-of-plane bending / cyclic-ring torsional/out-of-plane deformation,tau(C2-C3-C4-C5),dihedral,29.441572888951725,-,-0.10070137543367978,0.6796048915723832
10,380.05147831832977,,,mixed ring-site C-H out-of-plane bending / cyclic-ring torsional/out-of-plane deformation,tau(H15-C3-C4-C5),dihedral,22.364277167639287,-,-0.15117705731305622,0.22906006726638234
10,380.05147831832977,,,mixed ring-site C-H out-of-plane bending / cyclic-ring torsional/out-of-plane deformation,tau(C3-C4-C5-H18),dihedral,8.70223173009747,+,0.0649784764968938,0.4824561953511669
10,380.05147831832977,,,mixed ring-site C-H out-of-plane bending / cyclic-ring torsional/out-of-plane deformation,tau(H11-C1-C2-H13),dihedral,5.265150865463588,+,0.05580602358849543,0.395744562160233
10,380.05147831832977,,,mixed ring-site C-H out-of-plane bending / cyclic-ring torsional/out-of-plane deformation,tau(H10-C1-C2-H13),dihedral,4.931658867876367,+,0.08119575628310388,0.17510262560992168
10,380.05147831832977,,,mixed ring-site C-H out-of-plane bending / cyclic-ring torsional/out-of-plane deformation,tau(C1-C2-C9-C6),dihedral,4.869230635251141,+,0.06392642567786108,0.2789110970433987
10,380.05147831832977,,,mixed ring-site C-H out-of-plane bending / cyclic-ring torsional/out-of-plane deformation,delta(C4-C3-H15),angle,3.8987248857638845,-,-0.04936013832520821,0.37457272194762403
10,380.05147831832977,,,mixed ring-site C-H out-of-plane bending / cyclic-ring torsional/out-of-plane deformation,tau(C3-C4-O8-C7),dihedral,3.8255017342928728,+,0.030927882946054377,0.9361691167181562
10,380.05147831832977,,,mixed ring-site C-H out-of-plane bending / cyclic-ring torsional/out-of-plane deformation,tau(C2-C3-C4-H16),dihedral,3.6936950389681518,-,-0.05611497151198663,0.27458059099928556
10,380.05147831832977,,,mixed ring-site C-H out-of-plane bending / cyclic-ring torsional/out-of-plane deformation,tau(C3-C2-C9-H21),dihedral,3.67309202135521,-,-0.04270821860734694,0.4713843801432477
10,380.05147831832977,,,mixed ring-site C-H out-of-plane bending / cyclic-ring torsional/out-of-plane deformation,"gamma(C6;C9,C2,H21)",oop,2.8984889207269,+,0.035359403700853186,0.5426603274850661
10,380.05147831832977,,,mixed ring-site C-H out-of-plane bending / cyclic-ring torsional/out-of-plane deformation,delta(C5-C4-O8),angle,1.2788819190790026,-,-0.01258823382533155,1.8891530232339337
10,380.05147831832977,,,mixed ring-site C-H out-of-plane bending / cyclic-ring torsional/out-of-plane deformation,delta(C1-C2-C9),angle,1.2696014290451307,+,0.030353408844490865,0.3225661213649848
10,380.05147831832977,,,mixed ring-site C-H out-of-plane bending / cyclic-ring torsional/out-of-plane deformation,delta(C2-C1-H12),angle,1.0512314333296833,+,0.028846038492905637,0.29572788270104006
10,380.05147831832977,,,mixed ring-site C-H out-of-plane bending / cyclic-ring torsional/out-of-plane deformation,delta(C4-C5-H18),angle,0.6590063540438258,-,-0.021189769293989427,0.3435606678510062
10,380.05147831832977,,,mixed ring-site C-H out-of-plane bending / cyclic-ring torsional/out-of-plane deformation,"gamma(H16;C4,C5,O8)",oop,0.3627053479012084,-,-0.01268828992903198,0.5273683528647449
10,380.05147831832977,,,mixed ring-site C-H out-of-plane bending / cyclic-ring torsional/out-of-plane deformation,nu(C2-C3),bond,0.31860359941508165,-,-0.01597415626423422,0.2922678964184281
10,380.05147831832977,,,mixed ring-site C-H out-of-plane bending / cyclic-ring torsional/out-of-plane deformation,delta(C1-C2-H13),angle,0.3112370366402391,+,0.01715972909195666,0.24742108678985417
10,380.05147831832977,,,mixed ring-site C-H out-of-plane bending / cyclic-ring torsional/out-of-plane deformation,delta(C2-C1-H11),angle,0.29594702978764753,-,-0.017629788115029042,0.2228876950441817
10,380.05147831832977,,,mixed ring-site C-H out-of-plane bending / cyclic-ring torsional/out-of-plane deformation,nu(C6-C9),bond,0.1587488339400629,+,0.011340421416450412,0.2889471730639286
10,380.05147831832977,,,mixed ring-site C-H out-of-plane bending / cyclic-ring torsional/out-of-plane deformation,nu(C3-C4),bond,0.14537189146708634,-,-0.010113040174297728,0.3327233416142365
10,380.05147831832977,,,mixed ring-site C-H out-of-plane bending / cyclic-ring torsional/out-of-plane deformation,delta(C2-C1-H10),angle,0.13899638966204494,-,-0.012156769243261992,0.22015749068391807
10,380.05147831832977,,,mixed ring-site C-H out-of-plane bending / cyclic-ring torsional/out-of-plane deformation,tau(H11-C1-C2-C9),dihedral,0.10466240393514338,+,0.010017467303603596,0.24414123171457477
10,380.05147831832977,,,mixed ring-site C-H out-of-plane bending / cyclic-ring torsional/out-of-plane deformation,nu(C2-C9),bond,0.05828791552266302,+,0.006428005032938416,0.3302116574664156
10,380.05147831832977,,,mixed ring-site C-H out-of-plane bending / cyclic-ring torsional/out-of-plane deformation,nu(C6-C7),bond,0.04802872468906805,-,-0.005653373511668376,0.351764483756105
10,380.05147831832977,,,mixed ring-site C-H out-of-plane bending / cyclic-ring torsional/out-of-plane deformation,nu(C7-C9),bond,0.04285209309290406,+,0.00558335865929396,0.3217712809389961
10,380.05147831832977,,,mixed ring-site C-H out-of-plane bending / cyclic-ring torsional/out-of-plane deformation,delta(C2-C9-H21),angle,0.03157553365596434,+,0.005656034837486134,0.2310430135999735
10,380.05147831832977,,,mixed ring-site C-H out-of-plane bending / cyclic-ring torsional/out-of-plane deformation,"gamma(H20;C7,C6,O8)",oop,0.03147856453551637,+,0.007035374065373591,0.14886987566679247
10,380.05147831832977,,,mixed ring-site C-H out-of-plane bending / cyclic-ring torsional/out-of-plane deformation,tau(H16-C4-O8-C7),dihedral,0.030640675639246075,-,-0.0033313427609340763,0.646287850095482
10,380.05147831832977,,,mixed ring-site C-H out-of-plane bending / cyclic-ring torsional/out-of-plane deformation,"gamma(C2;C3,H14,H15)",oop,0.024121653690868595,-,-0.004258805543664519,0.31131335337326066
10,380.05147831832977,,,mixed ring-site C-H out-of-plane bending / cyclic-ring torsional/out-of-plane deformation,"gamma(H20;C7,C6,C9)",oop,0.02116929566498141,+,0.004646282080030733,0.2295416801376045
10,380.05147831832977,,,mixed ring-site C-H out-of-plane bending / cyclic-ring torsional/out-of-plane deformation,"gamma(C2;C9,C6,C7)",oop,0.017522960493166945,-,-0.0021907601782930834,0.8546417378486717
10,380.05147831832977,,,mixed ring-site C-H out-of-plane bending / cyclic-ring torsional/out-of-plane deformation,nu(C7-O8),bond,0.007398217434121854,+,0.002228176097212752,0.34881436505138363
10,380.05147831832977,,,mixed ring-site C-H out-of-plane bending / cyclic-ring torsional/out-of-plane deformation,tau(H19-C6-C7-O8),dihedral,0.006214765013097577,-,-0.003384797898584282,0.12697713378346867
10,380.05147831832977,,,mixed ring-site C-H out-of-plane bending / cyclic-ring torsional/out-of-plane deformation,delta(H11-C1-H12),angle,0.00568574855960994,+,0.002198394205430663,0.27538659836850643
10,380.05147831832977,,,mixed ring-site C-H out-of-plane bending / cyclic-ring torsional/out-of-plane deformation,delta(C6-C5-H17),angle,0.004179910132988174,+,0.0018363977162646858,0.2901347508842103
10,380.05147831832977,,,mixed ring-site C-H out-of-plane bending / cyclic-ring torsional/out-of-plane deformation,nu(C4-O8),bond,0.0031324361340540345,+,0.0014887321032088343,0.3308380182485744
10,380.05147831832977,,,mixed ring-site C-H out-of-plane bending / cyclic-ring torsional/out-of-plane deformation,nu(C4-C5),bond,0.0020155435162558153,+,0.0011933285647264032,0.33131294059860933
10,380.05147831832977,,,mixed ring-site C-H out-of-plane bending / cyclic-ring torsional/out-of-plane deformation,delta(H17-C5-H18),angle,0.0017418870149775916,+,0.0011442382050669032,0.3114249374201952
10,380.05147831832977,,,mixed ring-site C-H out-of-plane bending / cyclic-ring torsional/out-of-plane deformation,nu(C5-H18),bond,0.0008899789356988198,+,0.0007916182013379369,0.33244092209661535
10,380.05147831832977,,,mixed ring-site C-H out-of-plane bending / cyclic-ring torsional/out-of-plane deformation,delta(C7-C6-H19),angle,0.0008797374764077651,-,-0.0010996477841560975,0.17029903189686718
10,380.05147831832977,,,mixed ring-site C-H out-of-plane bending / cyclic-ring torsional/out-of-plane deformation,nu(C5-C6),bond,0.0008147392339844322,-,-0.0007321952244000136,0.35573872105608056
10,380.05147831832977,,,mixed ring-site C-H out-of-plane bending / cyclic-ring torsional/out-of-plane deformation,nu(C1-H11),bond,0.0005589773365545525,+,0.0006268804107474845,0.3329592580761004
10,380.05147831832977,,,mixed ring-site C-H out-of-plane bending / cyclic-ring torsional/out-of-plane deformation,delta(C6-C5-H18),angle,0.0004559510552221301,+,0.0003454108742275084,0.8945662439133465
10,380.05147831832977,,,mixed ring-site C-H out-of-plane bending / cyclic-ring torsional/out-of-plane deformation,nu(C1-H12),bond,0.00044880767056604807,-,-0.0005618235365341317,0.33283324968659134
10,380.05147831832977,,,mixed ring-site C-H out-of-plane bending / cyclic-ring torsional/out-of-plane deformation,nu(C3-H14),bond,0.0003492211573708299,-,-0.0004981081311141579,0.32947280838759274
10,380.05147831832977,,,mixed ring-site C-H out-of-plane bending / cyclic-ring torsional/out-of-plane deformation,nu(C4-H16),bond,0.00024047286566376757,+,0.00040775283379382033,0.33856214359648934
10,380.05147831832977,,,mixed ring-site C-H out-of-plane bending / cyclic-ring torsional/out-of-plane deformation,delta(C5-C6-C7),angle,0.00018551955526252328,+,0.00018425128500960115,1.2791896492453412
10,380.05147831832977,,,mixed ring-site C-H out-of-plane bending / cyclic-ring torsional/out-of-plane deformation,nu(C3-H15),bond,0.00018412311506799762,+,0.00036059848322449883,0.33145671015102407
10,380.05147831832977,,,mixed ring-site C-H out-of-plane bending / cyclic-ring torsional/out-of-plane deformation,nu(C6-H19),bond,0.0001322231039188685,+,0.00029540385391037553,0.3546837789651513
10,380.05147831832977,,,mixed ring-site C-H out-of-plane bending / cyclic-ring torsional/out-of-plane deformation,nu(C7-H20),bond,8.669413727631829e-05,-,-0.00023755984673895392,0.3595919403531978
10,380.05147831832977,,,mixed ring-site C-H out-of-plane bending / cyclic-ring torsional/out-of-plane deformation,nu(C5-H17),bond,4.3545784614979884e-05,+,0.00017489170320261928,0.33325294701181174
10,380.05147831832977,,,mixed ring-site C-H out-of-plane bending / cyclic-ring torsional/out-of-plane deformation,nu(C9-H21),bond,3.0370425097969065e-05,+,0.0001431579844189789,0.346885393723776
10,380.05147831832977,,,mixed ring-site C-H out-of-plane bending / cyclic-ring torsional/out-of-plane deformation,nu(C1-H10),bond,2.1629403625797657e-05,-,-0.00012310710497964546,0.3340754800027871
10,380.05147831832977,,,mixed ring-site C-H out-of-plane bending / cyclic-ring torsional/out-of-plane deformation,nu(C2-H13),bond,1.0418795640116902e-05,+,8.728979260526019e-05,0.3200787845755846
10,380.05147831832977,,,mixed ring-site C-H out-of-plane bending / cyclic-ring torsional/out-of-plane deformation,nu(C1-C2),bond,2.7721877960489794e-06,-,-4.879454368508387e-05,0.2725501455699407
10,380.05147831832977,,,mixed ring-site C-H out-of-plane bending / cyclic-ring torsional/out-of-plane deformation,delta(H14-C3-H15),angle,4.683379864943434e-07,-,-2.278296206511393e-05,0.21120553881908632
11,432.41176523115075,,,mixed cyclic-ring torsional/out-of-plane deformation / ring-site C-H out-of-plane bending,tau(C3-C4-O8-C7),dihedral,44.69898218773712,+,0.12432096406037689,0.9361691167181562
11,432.41176523115075,,,mixed cyclic-ring torsional/out-of-plane deformation / ring-site C-H out-of-plane bending,tau(H16-C4-O8-C7),dihedral,22.21187670088377,+,0.1054756810977537,0.646287850095482
11,432.41176523115075,,,mixed cyclic-ring torsional/out-of-plane deformation / ring-site C-H out-of-plane bending,tau(C3-C2-C9-H21),dihedral,7.128210309006952,+,0.06996411833631802,0.4713843801432477
11,432.41176523115075,,,mixed cyclic-ring torsional/out-of-plane deformation / ring-site C-H out-of-plane bending,tau(C1-C2-C9-C6),dihedral,4.011090469525982,-,-0.06822931938173966,0.2789110970433987
11,432.41176523115075,,,mixed cyclic-ring torsional/out-of-plane deformation / ring-site C-H out-of-plane bending,tau(H19-C6-C7-O8),dihedral,3.627208524703287,+,0.0961603884644635,0.12697713378346867
11,432.41176523115075,,,mixed cyclic-ring torsional/out-of-plane deformation / ring-site C-H out-of-plane bending,tau(H11-C1-C2-C9),dihedral,3.305832749503139,+,0.06620527295118754,0.24414123171457477
11,432.41176523115075,,,mixed cyclic-ring torsional/out-of-plane deformation / ring-site C-H out-of-plane bending,delta(C5-C4-O8),angle,2.433075693297432,+,0.02041817625485885,1.8891530232339337
11,432.41176523115075,,,mixed cyclic-ring torsional/out-of-plane deformation / ring-site C-H out-of-plane bending,tau(C2-C3-C4-H16),dihedral,2.1327325135862947,+,0.050142500140187105,0.27458059099928556
11,432.41176523115075,,,mixed cyclic-ring torsional/out-of-plane deformation / ring-site C-H out-of-plane bending,tau(C2-C3-C4-C5),dihedral,1.3223962494040886,+,0.0250971995354172,0.6796048915723832
11,432.41176523115075,,,mixed cyclic-ring torsional/out-of-plane deformation / ring-site C-H out-of-plane bending,delta(C1-C2-H13),angle,1.2825143538779324,-,-0.04096240708811429,0.24742108678985417
11,432.41176523115075,,,mixed cyclic-ring torsional/out-of-plane deformation / ring-site C-H out-of-plane bending,"gamma(C2;C9,C6,C7)",oop,1.0295629640578192,-,-0.019747272250409037,0.8546417378486717
11,432.41176523115075,,,mixed cyclic-ring torsional/out-of-plane deformation / ring-site C-H out-of-plane bending,"gamma(C6;C9,C2,H21)",oop,0.8442822556661892,-,-0.02244153202738966,0.5426603274850661
11,432.41176523115075,,,mixed cyclic-ring torsional/out-of-plane deformation / ring-site C-H out-of-plane bending,delta(C5-C6-C7),angle,0.7433959326428233,+,0.013715616368073136,1.2791896492453412
11,432.41176523115075,,,mixed cyclic-ring torsional/out-of-plane deformation / ring-site C-H out-of-plane bending,delta(C2-C1-H10),angle,0.7329020708507291,+,0.03282683016874198,0.22015749068391807
11,432.41176523115075,,,mixed cyclic-ring torsional/out-of-plane deformation / ring-site C-H out-of-plane bending,nu(C7-C9),bond,0.7310715449361772,-,-0.027119333241651326,0.3217712809389961
11,432.41176523115075,,,mixed cyclic-ring torsional/out-of-plane deformation / ring-site C-H out-of-plane bending,delta(C1-C2-C9),angle,0.4942073412473511,+,0.02226988258664263,0.3225661213649848
11,432.41176523115075,,,mixed cyclic-ring torsional/out-of-plane deformation / ring-site C-H out-of-plane bending,"gamma(H20;C7,C6,C9)",oop,0.49358149343566055,+,0.026382829022760457,0.2295416801376045
11,432.41176523115075,,,mixed cyclic-ring torsional/out-of-plane deformation / ring-site C-H out-of-plane bending,delta(C2-C1-H12),angle,0.47487799109379153,-,-0.022799094110183406,0.29572788270104006
11,432.41176523115075,,,mixed cyclic-ring torsional/out-of-plane deformation / ring-site C-H out-of-plane bending,nu(C2-C9),bond,0.4176377762710916,+,0.020233750664433437,0.3302116574664156
11,432.41176523115075,,,mixed cyclic-ring torsional/out-of-plane deformation / ring-site C-H out-of-plane bending,nu(C6-C9),bond,0.285468746085822,+,0.017883098389721405,0.2889471730639286
11,432.41176523115075,,,mixed cyclic-ring torsional/out-of-plane deformation / ring-site C-H out-of-plane bending,nu(C3-C4),bond,0.19589083345010921,-,-0.013805054632244455,0.3327233416142365
11,432.41176523115075,,,mixed cyclic-ring torsional/out-of-plane deformation / ring-site C-H out-of-plane bending,"gamma(H20;C7,C6,O8)",oop,0.1807267671303592,-,-0.019823509092441117,0.14886987566679247
11,432.41176523115075,,,mixed cyclic-ring torsional/out-of-plane deformation / ring-site C-H out-of-plane bending,tau(H15-C3-C4-C5),dihedral,0.16991524958242776,+,0.015495806839424676,0.22906006726638234
11,432.41176523115075,,,mixed cyclic-ring torsional/out-of-plane deformation / ring-site C-H out-of-plane bending,nu(C2-C3),bond,0.1426618219601536,+,0.012570021873014856,0.2922678964184281
11,432.41176523115075,,,mixed cyclic-ring torsional/out-of-plane deformation / ring-site C-H out-of-plane bending,tau(H10-C1-C2-H13),dihedral,0.12231626355530087,-,-0.015037252111984093,0.17510262560992168
11,432.41176523115075,,,mixed cyclic-ring torsional/out-of-plane deformation / ring-site C-H out-of-plane bending,delta(C4-C3-H15),angle,0.11397326206928869,-,-0.009924442571619344,0.37457272194762403
11,432.41176523115075,,,mixed cyclic-ring torsional/out-of-plane deformation / ring-site C-H out-of-plane bending,"gamma(C2;C3,H14,H15)",oop,0.11160001681533811,+,0.010772238554593994,0.31131335337326066
11,432.41176523115075,,,mixed cyclic-ring torsional/out-of-plane deformation / ring-site C-H out-of-plane bending,delta(C7-C6-H19),angle,0.06597265842342294,-,-0.011198210062468494,0.17029903189686718
11,432.41176523115075,,,mixed cyclic-ring torsional/out-of-plane deformation / ring-site C-H out-of-plane bending,nu(C1-C2),bond,0.06278396744174417,+,0.008635229335647868,0.2725501455699407
11,432.41176523115075,,,mixed cyclic-ring torsional/out-of-plane deformation / ring-site C-H out-of-plane bending,nu(C5-C6),bond,0.05901491526275325,-,-0.007328043377983757,0.35573872105608056
11,432.41176523115075,,,mixed cyclic-ring torsional/out-of-plane deformation / ring-site C-H out-of-plane bending,nu(C7-O8),bond,0.057724355348440684,-,-0.007319056032091751,0.34881436505138363
11,432.41176523115075,,,mixed cyclic-ring torsional/out-of-plane deformation / ring-site C-H out-of-plane bending,nu(C4-C5),bond,0.0556308300906109,+,0.007372440526376753,0.33131294059860933
11,432.41176523115075,,,mixed cyclic-ring torsional/out-of-plane deformation / ring-site C-H out-of-plane bending,nu(C4-O8),bond,0.050958427098606936,+,0.007061110519618889,0.3308380182485744
11,432.41176523115075,,,mixed cyclic-ring torsional/out-of-plane deformation / ring-site C-H out-of-plane bending,delta(C2-C1-H11),angle,0.041769498785018316,-,-0.007788598069366048,0.2228876950441817
11,432.41176523115075,,,mixed cyclic-ring torsional/out-of-plane deformation / ring-site C-H out-of-plane bending,delta(H11-C1-H12),angle,0.02873144289578514,-,-0.00581139004133075,0.27538659836850643
11,432.41176523115075,,,mixed cyclic-ring torsional/out-of-plane deformation / ring-site C-H out-of-plane bending,tau(C3-C4-C5-H18),dihedral,0.02810152567525055,-,-0.0043421889007768276,0.4824561953511669
11,432.41176523115075,,,mixed cyclic-ring torsional/out-of-plane deformation / ring-site C-H out-of-plane bending,tau(H11-C1-C2-H13),dihedral,0.027564758043223475,+,0.004748345608072564,0.395744562160233
11,432.41176523115075,,,mixed cyclic-ring torsional/out-of-plane deformation / ring-site C-H out-of-plane bending,delta(H14-C3-H15),angle,0.024163000901346817,+,0.006085489124178453,0.21120553881908632
11,432.41176523115075,,,mixed cyclic-ring torsional/out-of-plane deformation / ring-site C-H out-of-plane bending,delta(C2-C9-H21),angle,0.0143779087398943,-,-0.0044882201195412695,0.2310430135999735
11,432.41176523115075,,,mixed cyclic-ring torsional/out-of-plane deformation / ring-site C-H out-of-plane bending,delta(C6-C5-H17),angle,0.012814684216418074,+,0.0037811750778350786,0.2901347508842103
11,432.41176523115075,,,mixed cyclic-ring torsional/out-of-plane deformation / ring-site C-H out-of-plane bending,nu(C6-C7),bond,0.007338694405007016,-,-0.0025986998101182944,0.351764483756105
11,432.41176523115075,,,mixed cyclic-ring torsional/out-of-plane deformation / ring-site C-H out-of-plane bending,delta(H17-C5-H18),angle,0.007126917672320881,-,-0.0027217415625653478,0.3114249374201952
11,432.41176523115075,,,mixed cyclic-ring torsional/out-of-plane deformation / ring-site C-H out-of-plane bending,"gamma(H16;C4,C5,O8)",oop,0.006448800899306688,-,-0.001989551380426487,0.5273683528647449
11,432.41176523115075,,,mixed cyclic-ring torsional/out-of-plane deformation / ring-site C-H out-of-plane bending,delta(C6-C5-H18),angle,0.003917373185787833,+,0.0011905946514493748,0.8945662439133465
11,432.41176523115075,,,mixed cyclic-ring torsional/out-of-plane deformation / ring-site C-H out-of-plane bending,delta(C4-C5-H18),angle,0.0019782655304913764,-,-0.0013652534415408413,0.3435606678510062
11,432.41176523115075,,,mixed cyclic-ring torsional/out-of-plane deformation / ring-site C-H out-of-plane bending,nu(C4-H16),bond,0.001388488513656286,+,0.0011521914681788437,0.33856214359648934
11,432.41176523115075,,,mixed cyclic-ring torsional/out-of-plane deformation / ring-site C-H out-of-plane bending,nu(C7-H20),bond,0.0013128862216470131,+,0.0010871294927441526,0.3595919403531978
11,432.41176523115075,,,mixed cyclic-ring torsional/out-of-plane deformation / ring-site C-H out-of-plane bending,nu(C9-H21),bond,0.0009021995164289672,-,-0.0009175526534416154,0.346885393723776
11,432.41176523115075,,,mixed cyclic-ring torsional/out-of-plane deformation / ring-site C-H out-of-plane bending,nu(C5-H18),bond,0.0007755158204880281,+,0.0008689820367653109,0.33244092209661535
11,432.41176523115075,,,mixed cyclic-ring torsional/out-of-plane deformation / ring-site C-H out-of-plane bending,nu(C5-H17),bond,0.00039294575168704747,+,0.0006178058364157948,0.33325294701181174
11,432.41176523115075,,,mixed cyclic-ring torsional/out-of-plane deformation / ring-site C-H out-of-plane bending,nu(C3-H14),bond,0.0003845237495210917,+,0.0006146452115375893,0.32947280838759274
11,432.41176523115075,,,mixed cyclic-ring torsional/out-of-plane deformation / ring-site C-H out-of-plane bending,nu(C1-H12),bond,0.00020828609540854577,+,0.00045007977099519275,0.33283324968659134
11,432.41176523115075,,,mixed cyclic-ring torsional/out-of-plane deformation / ring-site C-H out-of-plane bending,nu(C6-H19),bond,0.00012540093751070976,+,0.00033830034086173845,0.3546837789651513
11,432.41176523115075,,,mixed cyclic-ring torsional/out-of-plane deformation / ring-site C-H out-of-plane bending,nu(C1-H11),bond,8.026778113036126e-05,+,0.00027934942934643023,0.3329592580761004
11,432.41176523115075,,,mixed cyclic-ring torsional/out-of-plane deformation / ring-site C-H out-of-plane bending,nu(C3-H15),bond,7.899777871484173e-06,+,8.783482480053702e-05,0.33145671015102407
11,432.41176523115075,,,mixed cyclic-ring torsional/out-of-plane deformation / ring-site C-H out-of-plane bending,nu(C2-H13),bond,6.387026811525282e-06,+,8.03699377966557e-05,0.3200787845755846
11,432.41176523115075,,,mixed cyclic-ring torsional/out-of-plane deformation / ring-site C-H out-of-plane bending,nu(C1-H10),bond,5.091815966020593e-06,-,-7.024036438989024e-05,0.3340754800027871
12,498.97552197116306,,,mixed ring-site C-H out-of-plane bending / cyclic-ring out-of-plane deformation,tau(C3-C4-C5-H18),dihedral,30.788610782406476,-,-0.1357299055906661,0.4824561953511669
12,498.97552197116306,,,mixed ring-site C-H out-of-plane bending / cyclic-ring out-of-plane deformation,"gamma(C6;C9,C2,H21)",oop,11.202213903568246,+,0.07719645165622534,0.5426603274850661
12,498.97552197116306,,,mixed ring-site C-H out-of-plane bending / cyclic-ring out-of-plane deformation,delta(C6-C5-H18),angle,8.830943356923264,+,0.053383462680037935,0.8945662439133465
12,498.97552197116306,,,mixed ring-site C-H out-of-plane bending / cyclic-ring out-of-plane deformation,delta(C5-C6-C7),angle,8.334672502126043,+,0.04336968278106531,1.2791896492453412
12,498.97552197116306,,,mixed ring-site C-H out-of-plane bending / cyclic-ring out-of-plane deformation,"gamma(C2;C9,C6,C7)",oop,5.190322862817905,+,0.04187112037781806,0.8546417378486717
12,498.97552197116306,,,mixed ring-site C-H out-of-plane bending / cyclic-ring out-of-plane deformation,tau(C3-C2-C9-H21),dihedral,3.3238101574940395,+,0.04511697315647277,0.4713843801432477
12,498.97552197116306,,,mixed ring-site C-H out-of-plane bending / cyclic-ring out-of-plane deformation,tau(C1-C2-C9-C6),dihedral,3.3082354362508903,+,0.05851601624490127,0.2789110970433987
12,498.97552197116306,,,mixed ring-site C-H out-of-plane bending / cyclic-ring out-of-plane deformation,tau(C2-C3-C4-C5),dihedral,2.9434039182205254,+,0.03535950102805078,0.6796048915723832
12,498.97552197116306,,,mixed ring-site C-H out-of-plane bending / cyclic-ring out-of-plane deformation,tau(H15-C3-C4-C5),dihedral,2.91454437056456,+,0.06060662328085178,0.22906006726638234
12,498.97552197116306,,,mixed ring-site C-H out-of-plane bending / cyclic-ring out-of-plane deformation,delta(C1-C2-C9),angle,2.580280130351723,+,0.04805443739791993,0.3225661213649848
12,498.97552197116306,,,mixed ring-site C-H out-of-plane bending / cyclic-ring out-of-plane deformation,nu(C1-C2),bond,2.263055441781342,+,0.048959145779649105,0.2725501455699407
12,498.97552197116306,,,mixed ring-site C-H out-of-plane bending / cyclic-ring out-of-plane deformation,delta(C5-C4-O8),angle,2.033627312900084,+,0.01762834568814779,1.8891530232339337
12,498.97552197116306,,,mixed ring-site C-H out-of-plane bending / cyclic-ring out-of-plane deformation,delta(C6-C5-H17),angle,1.967549395998702,-,-0.04424583459574869,0.2901347508842103
12,498.97552197116306,,,mixed ring-site C-H out-of-plane bending / cyclic-ring out-of-plane deformation,tau(H11-C1-C2-H13),dihedral,1.8528650001902778,+,0.03676409290936516,0.395744562160233
12,498.97552197116306,,,mixed ring-site C-H out-of-plane bending / cyclic-ring out-of-plane deformation,tau(H16-C4-O8-C7),dihedral,1.8122708227287612,-,-0.028451685378954556,0.646287850095482
12,498.97552197116306,,,mixed ring-site C-H out-of-plane bending / cyclic-ring out-of-plane deformation,nu(C6-C9),bond,1.5675985416170561,+,0.039574701204855296,0.2889471730639286
12,498.97552197116306,,,mixed ring-site C-H out-of-plane bending / cyclic-ring out-of-plane deformation,nu(C2-C9),bond,1.368604260969515,+,0.03459012946011222,0.3302116574664156
12,498.97552197116306,,,mixed ring-site C-H out-of-plane bending / cyclic-ring out-of-plane deformation,delta(C1-C2-H13),angle,1.2963722473434376,-,-0.03889161264286351,0.24742108678985417
12,498.97552197116306,,,mixed ring-site C-H out-of-plane bending / cyclic-ring out-of-plane deformation,tau(C3-C4-O8-C7),dihedral,1.182286700720271,-,-0.01909385812364304,0.9361691167181562
12,498.97552197116306,,,mixed ring-site C-H out-of-plane bending / cyclic-ring out-of-plane deformation,delta(C4-C5-H18),angle,0.909301550006383,+,0.02764150533277444,0.3435606678510062
12,498.97552197116306,,,mixed ring-site C-H out-of-plane bending / cyclic-ring out-of-plane deformation,tau(H10-C1-C2-H13),dihedral,0.5983552203309112,+,0.031408171753272145,0.17510262560992168
12,498.97552197116306,,,mixed ring-site C-H out-of-plane bending / cyclic-ring out-of-plane deformation,tau(H11-C1-C2-C9),dihedral,0.5671340310710935,+,0.02589594312066872,0.24414123171457477
12,498.97552197116306,,,mixed ring-site C-H out-of-plane bending / cyclic-ring out-of-plane deformation,delta(C2-C1-H10),angle,0.5587196097593897,+,0.02706697164599606,0.22015749068391807
12,498.97552197116306,,,mixed ring-site C-H out-of-plane bending / cyclic-ring out-of-plane deformation,nu(C3-C4),bond,0.37277455072944277,+,0.017984192282922674,0.3327233416142365
12,498.97552197116306,,,mixed ring-site C-H out-of-plane bending / cyclic-ring out-of-plane deformation,nu(C4-C5),bond,0.332729640049385,+,0.017026915848630825,0.33131294059860933
12,498.97552197116306,,,mixed ring-site C-H out-of-plane bending / cyclic-ring out-of-plane deformation,delta(C2-C1-H11),angle,0.32752833485606536,-,-0.02059637716968045,0.2228876950441817
12,498.97552197116306,,,mixed ring-site C-H out-of-plane bending / cyclic-ring out-of-plane deformation,nu(C6-C7),bond,0.3270698433155451,-,-0.016383387426741353,0.351764483756105
12,498.97552197116306,,,mixed ring-site C-H out-of-plane bending / cyclic-ring out-of-plane deformation,nu(C7-C9),bond,0.32546610516579544,+,0.017087899762800982,0.3217712809389961
12,498.97552197116306,,,mixed ring-site C-H out-of-plane bending / cyclic-ring out-of-plane deformation,tau(C2-C3-C4-H16),dihedral,0.20971155587780224,+,0.014848606818191093,0.27458059099928556
12,498.97552197116306,,,mixed ring-site C-H out-of-plane bending / cyclic-ring out-of-plane deformation,nu(C2-C3),bond,0.18815438678603627,+,0.013632517421429936,0.2922678964184281
12,498.97552197116306,,,mixed ring-site C-H out-of-plane bending / cyclic-ring out-of-plane deformation,nu(C5-C6),bond,0.13032018609558674,-,-0.010283707610600877,0.35573872105608056
12,498.97552197116306,,,mixed ring-site C-H out-of-plane bending / cyclic-ring out-of-plane deformation,tau(H19-C6-C7-O8),dihedral,0.07438583358200186,-,-0.013004444375106002,0.12697713378346867
12,498.97552197116306,,,mixed ring-site C-H out-of-plane bending / cyclic-ring out-of-plane deformation,"gamma(H20;C7,C6,O8)",oop,0.0699913508736051,+,0.011650061531127912,0.14886987566679247
12,498.97552197116306,,,mixed ring-site C-H out-of-plane bending / cyclic-ring out-of-plane deformation,delta(C2-C9-H21),angle,0.06933520458395681,-,-0.009307647439434595,0.2310430135999735
12,498.97552197116306,,,mixed ring-site C-H out-of-plane bending / cyclic-ring out-of-plane deformation,delta(C4-C3-H15),angle,0.04539311981613641,+,0.005914749916460116,0.37457272194762403
12,498.97552197116306,,,mixed ring-site C-H out-of-plane bending / cyclic-ring out-of-plane deformation,delta(C2-C1-H12),angle,0.027730707824703087,-,-0.005202879704140808,0.29572788270104006
12,498.97552197116306,,,mixed ring-site C-H out-of-plane bending / cyclic-ring out-of-plane deformation,"gamma(H20;C7,C6,C9)",oop,0.0257640219454312,+,0.005692270059720683,0.2295416801376045
12,498.97552197116306,,,mixed ring-site C-H out-of-plane bending / cyclic-ring out-of-plane deformation,delta(H11-C1-H12),angle,0.02501235551455468,-,-0.005120535009314783,0.27538659836850643
12,498.97552197116306,,,mixed ring-site C-H out-of-plane bending / cyclic-ring out-of-plane deformation,delta(C7-C6-H19),angle,0.024907746238125396,+,0.00649786330320401,0.17029903189686718
12,498.97552197116306,,,mixed ring-site C-H out-of-plane bending / cyclic-ring out-of-plane deformation,"gamma(C2;C3,H14,H15)",oop,0.0168892028933935,+,0.003957447351043941,0.31131335337326066
12,498.97552197116306,,,mixed ring-site C-H out-of-plane bending / cyclic-ring out-of-plane deformation,delta(H14-C3-H15),angle,0.003685029083696443,-,-0.0022442811013907767,0.21120553881908632
12,498.97552197116306,,,mixed ring-site C-H out-of-plane bending / cyclic-ring out-of-plane deformation,nu(C5-H18),bond,0.0023044339391636868,-,-0.0014146022234897751,0.33244092209661535
12,498.97552197116306,,,mixed ring-site C-H out-of-plane bending / cyclic-ring out-of-plane deformation,nu(C7-O8),bond,0.002044312158561499,-,-0.0013007261424377965,0.34881436505138363
12,498.97552197116306,,,mixed ring-site C-H out-of-plane bending / cyclic-ring out-of-plane deformation,nu(C4-H16),bond,0.000722177719906378,-,-0.0007847156049242773,0.33856214359648934
12,498.97552197116306,,,mixed ring-site C-H out-of-plane bending / cyclic-ring out-of-plane deformation,delta(H17-C5-H18),angle,0.0006095535769920414,+,0.0007516898624750858,0.3114249374201952
12,498.97552197116306,,,mixed ring-site C-H out-of-plane bending / cyclic-ring out-of-plane deformation,nu(C1-H11),bond,0.0005996690354081429,+,0.0007210571847522787,0.3329592580761004
12,498.97552197116306,,,mixed ring-site C-H out-of-plane bending / cyclic-ring out-of-plane deformation,nu(C7-H20),bond,0.0005221042027089558,+,0.0006474154571807691,0.3595919403531978
12,498.97552197116306,,,mixed ring-site C-H out-of-plane bending / cyclic-ring out-of-plane deformation,nu(C1-H10),bond,0.00041594487240837727,-,-0.0005995218708548469,0.3340754800027871
12,498.97552197116306,,,mixed ring-site C-H out-of-plane bending / cyclic-ring out-of-plane deformation,nu(C3-H14),bond,0.00036887128388954067,+,0.0005685086524898226,0.32947280838759274
12,498.97552197116306,,,mixed ring-site C-H out-of-plane bending / cyclic-ring out-of-plane deformation,nu(C4-O8),bond,0.000284680993023915,-,-0.0004984033752876622,0.3308380182485744
12,498.97552197116306,,,mixed ring-site C-H out-of-plane bending / cyclic-ring out-of-plane deformation,nu(C5-H17),bond,0.00025162500484851217,+,0.00046687362801795456,0.33325294701181174
12,498.97552197116306,,,mixed ring-site C-H out-of-plane bending / cyclic-ring out-of-plane deformation,nu(C6-H19),bond,0.00017404089945734493,+,0.00037636951565671637,0.3546837789651513
12,498.97552197116306,,,mixed ring-site C-H out-of-plane bending / cyclic-ring out-of-plane deformation,nu(C1-H12),bond,5.137058668743119e-05,+,0.0002110830468341052,0.33283324968659134
12,498.97552197116306,,,mixed ring-site C-H out-of-plane bending / cyclic-ring out-of-plane deformation,nu(C9-H21),bond,1.3981725785224815e-05,+,0.00010786904345089275,0.346885393723776
12,498.97552197116306,,,mixed ring-site C-H out-of-plane bending / cyclic-ring out-of-plane deformation,nu(C2-H13),bond,8.791871092674063e-06,-,-8.904748445528787e-05,0.3200787845755846
12,498.97552197116306,,,mixed ring-site C-H out-of-plane bending / cyclic-ring out-of-plane deformation,nu(C3-H15),bond,8.870361124042804e-07,+,2.7795000539810944e-05,0.33145671015102407
12,498.97552197116306,,,mixed ring-site C-H out-of-plane bending / cyclic-ring out-of-plane deformation,"gamma(H16;C4,C5,O8)",oop,8.237217966445935e-07,-,-2.123453186139439e-05,0.5273683528647449
13,543.281813044234,,,mixed cyclic-ring deformation (C-C-O bend) / ring-site C-H out-of-plane bending,delta(C5-C4-O8),angle,39.00394053707824,-,-0.06654520560236213,1.8891530232339337
13,543.281813044234,,,mixed cyclic-ring deformation (C-C-O bend) / ring-site C-H out-of-plane bending,"gamma(H16;C4,C5,O8)",oop,15.671034802609224,-,-0.07983400236187857,0.5273683528647449
13,543.281813044234,,,mixed cyclic-ring deformation (C-C-O bend) / ring-site C-H out-of-plane bending,"gamma(C2;C9,C6,C7)",oop,7.267249122793273,+,0.04270601733706952,0.8546417378486717
13,543.281813044234,,,mixed cyclic-ring deformation (C-C-O bend) / ring-site C-H out-of-plane bending,delta(C4-C5-H18),angle,5.335293083582579,-,-0.05771298255084753,0.3435606678510062
13,543.281813044234,,,mixed cyclic-ring deformation (C-C-O bend) / ring-site C-H out-of-plane bending,nu(C2-C9),bond,3.739219293168736,+,0.04928223151434358,0.3302116574664156
13,543.281813044234,,,mixed cyclic-ring deformation (C-C-O bend) / ring-site C-H out-of-plane bending,tau(H16-C4-O8-C7),dihedral,3.5048836384539572,+,0.034105145250192793,0.646287850095482
13,543.281813044234,,,mixed cyclic-ring deformation (C-C-O bend) / ring-site C-H out-of-plane bending,"gamma(C2;C3,H14,H15)",oop,3.346631809619254,+,0.048017681847128985,0.31131335337326066
13,543.281813044234,,,mixed cyclic-ring deformation (C-C-O bend) / ring-site C-H out-of-plane bending,delta(C5-C6-C7),angle,2.4664124307996547,-,-0.02033581017014313,1.2791896492453412
13,543.281813044234,,,mixed cyclic-ring deformation (C-C-O bend) / ring-site C-H out-of-plane bending,tau(C3-C4-C5-H18),dihedral,2.457490438637158,-,-0.03305316653440409,0.4824561953511669
13,543.281813044234,,,mixed cyclic-ring deformation (C-C-O bend) / ring-site C-H out-of-plane bending,tau(H11-C1-C2-H13),dihedral,2.181628382335201,-,-0.03438579001222899,0.395744562160233
13,543.281813044234,,,mixed cyclic-ring deformation (C-C-O bend) / ring-site C-H out-of-plane bending,delta(C4-C3-H15),angle,2.162033982198936,+,0.0351851398558005,0.37457272194762403
13,543.281813044234,,,mixed cyclic-ring deformation (C-C-O bend) / ring-site C-H out-of-plane bending,tau(C3-C4-O8-C7),dihedral,1.7432462589988198,+,0.01998473128469634,0.9361691167181562
13,543.281813044234,,,mixed cyclic-ring deformation (C-C-O bend) / ring-site C-H out-of-plane bending,delta(C2-C9-H21),angle,1.5914520705311102,-,-0.03843673227106755,0.2310430135999735
13,543.281813044234,,,mixed cyclic-ring deformation (C-C-O bend) / ring-site C-H out-of-plane bending,nu(C6-C7),bond,1.1807133041993845,-,-0.026831338077140054,0.351764483756105
13,543.281813044234,,,mixed cyclic-ring deformation (C-C-O bend) / ring-site C-H out-of-plane bending,nu(C2-C3),bond,1.1538866868065458,-,-0.029099606858967803,0.2922678964184281
13,543.281813044234,,,mixed cyclic-ring deformation (C-C-O bend) / ring-site C-H out-of-plane bending,tau(H10-C1-C2-H13),dihedral,0.7721548488777047,-,-0.03075402546166518,0.17510262560992168
13,543.281813044234,,,mixed cyclic-ring deformation (C-C-O bend) / ring-site C-H out-of-plane bending,"gamma(H20;C7,C6,C9)",oop,0.7358992288530528,+,0.026222524088902553,0.2295416801376045
13,543.281813044234,,,mixed cyclic-ring deformation (C-C-O bend) / ring-site C-H out-of-plane bending,"gamma(H20;C7,C6,O8)",oop,0.7298610265028741,-,-0.03242744796918614,0.14886987566679247
13,543.281813044234,,,mixed cyclic-ring deformation (C-C-O bend) / ring-site C-H out-of-plane bending,tau(H19-C6-C7-O8),dihedral,0.7036494759021868,+,0.03447557526686895,0.12697713378346867
13,543.281813044234,,,mixed cyclic-ring deformation (C-C-O bend) / ring-site C-H out-of-plane bending,tau(C1-C2-C9-C6),dihedral,0.6770873588765848,-,-0.022818419133555527,0.2789110970433987
13,543.281813044234,,,mixed cyclic-ring deformation (C-C-O bend) / ring-site C-H out-of-plane bending,delta(C7-C6-H19),angle,0.6550350694026054,+,0.028722503009765064,0.17029903189686718
13,543.281813044234,,,mixed cyclic-ring deformation (C-C-O bend) / ring-site C-H out-of-plane bending,tau(C3-C2-C9-H21),dihedral,0.6302488056938556,-,-0.016934193543941756,0.4713843801432477
13,543.281813044234,,,mixed cyclic-ring deformation (C-C-O bend) / ring-site C-H out-of-plane bending,delta(C1-C2-C9),angle,0.5177581249822989,-,-0.018554539600848075,0.3225661213649848
13,543.281813044234,,,mixed cyclic-ring deformation (C-C-O bend) / ring-site C-H out-of-plane bending,tau(C2-C3-C4-H16),dihedral,0.24040323870229574,-,-0.01370349471251402,0.27458059099928556
13,543.281813044234,,,mixed cyclic-ring deformation (C-C-O bend) / ring-site C-H out-of-plane bending,tau(H15-C3-C4-C5),dihedral,0.20197443054213735,+,0.013752118356221914,0.22906006726638234
13,543.281813044234,,,mixed cyclic-ring deformation (C-C-O bend) / ring-site C-H out-of-plane bending,nu(C4-C5),bond,0.19249331207363599,+,0.011163097557962073,0.33131294059860933
13,543.281813044234,,,mixed cyclic-ring deformation (C-C-O bend) / ring-site C-H out-of-plane bending,nu(C1-C2),bond,0.17708406350538045,-,-0.01180490856442738,0.2725501455699407
13,543.281813044234,,,mixed cyclic-ring deformation (C-C-O bend) / ring-site C-H out-of-plane bending,nu(C4-O8),bond,0.17026453005698794,+,0.010506316601743608,0.3308380182485744
13,543.281813044234,,,mixed cyclic-ring deformation (C-C-O bend) / ring-site C-H out-of-plane bending,tau(H11-C1-C2-C9),dihedral,0.14673771278708034,-,-0.011353935016895056,0.24414123171457477
13,543.281813044234,,,mixed cyclic-ring deformation (C-C-O bend) / ring-site C-H out-of-plane bending,nu(C6-C9),bond,0.14652395762257078,+,0.010428964580999957,0.2889471730639286
13,543.281813044234,,,mixed cyclic-ring deformation (C-C-O bend) / ring-site C-H out-of-plane bending,delta(C6-C5-H17),angle,0.13383927899524004,-,-0.009946906064598355,0.2901347508842103
13,543.281813044234,,,mixed cyclic-ring deformation (C-C-O bend) / ring-site C-H out-of-plane bending,delta(C1-C2-H13),angle,0.06546589939667281,+,0.007533300845111552,0.24742108678985417
13,543.281813044234,,,mixed cyclic-ring deformation (C-C-O bend) / ring-site C-H out-of-plane bending,delta(C2-C1-H10),angle,0.055483505272573966,-,-0.007352098370200239,0.22015749068391807
13,543.281813044234,,,mixed cyclic-ring deformation (C-C-O bend) / ring-site C-H out-of-plane bending,nu(C7-C9),bond,0.053938875846641615,+,0.005996162624039714,0.3217712809389961
13,543.281813044234,,,mixed cyclic-ring deformation (C-C-O bend) / ring-site C-H out-of-plane bending,"gamma(C6;C9,C2,H21)",oop,0.04929724785576556,+,0.004414112505153653,0.5426603274850661
13,543.281813044234,,,mixed cyclic-ring deformation (C-C-O bend) / ring-site C-H out-of-plane bending,nu(C5-C6),bond,0.03873959804987305,-,-0.004832903045169898,0.35573872105608056
13,543.281813044234,,,mixed cyclic-ring deformation (C-C-O bend) / ring-site C-H out-of-plane bending,nu(C3-C4),bond,0.027459156251927706,+,0.004207247459346489,0.3327233416142365
13,543.281813044234,,,mixed cyclic-ring deformation (C-C-O bend) / ring-site C-H out-of-plane bending,delta(C2-C1-H12),angle,0.02033295108430919,+,0.0038401675034027715,0.29572788270104006
13,543.281813044234,,,mixed cyclic-ring deformation (C-C-O bend) / ring-site C-H out-of-plane bending,delta(C2-C1-H11),angle,0.014710135548703146,+,0.0037623690051338072,0.2228876950441817
13,543.281813044234,,,mixed cyclic-ring deformation (C-C-O bend) / ring-site C-H out-of-plane bending,delta(H14-C3-H15),angle,0.008269984063094125,+,0.0028979826554587436,0.21120553881908632
13,543.281813044234,,,mixed cyclic-ring deformation (C-C-O bend) / ring-site C-H out-of-plane bending,tau(C2-C3-C4-C5),dihedral,0.007180691109031816,-,-0.001505396741706762,0.6796048915723832
13,543.281813044234,,,mixed cyclic-ring deformation (C-C-O bend) / ring-site C-H out-of-plane bending,delta(H11-C1-H12),angle,0.0038638012619254015,+,0.001734730787965333,0.27538659836850643
13,543.281813044234,,,mixed cyclic-ring deformation (C-C-O bend) / ring-site C-H out-of-plane bending,delta(C6-C5-H18),angle,0.0029677205310581806,+,0.0008435315769274448,0.8945662439133465
13,543.281813044234,,,mixed cyclic-ring deformation (C-C-O bend) / ring-site C-H out-of-plane bending,nu(C7-O8),bond,0.0027905800249859876,-,-0.0013099241737734662,0.34881436505138363
13,543.281813044234,,,mixed cyclic-ring deformation (C-C-O bend) / ring-site C-H out-of-plane bending,nu(C5-H17),bond,0.0023964191446348383,-,-0.0012419110409450105,0.33325294701181174
13,543.281813044234,,,mixed cyclic-ring deformation (C-C-O bend) / ring-site C-H out-of-plane bending,nu(C3-H15),bond,0.002359273623748616,+,0.00123558277611699,0.33145671015102407
13,543.281813044234,,,mixed cyclic-ring deformation (C-C-O bend) / ring-site C-H out-of-plane bending,nu(C9-H21),bond,0.0017666121001637712,-,-0.00104513812609387,0.346885393723776
13,543.281813044234,,,mixed cyclic-ring deformation (C-C-O bend) / ring-site C-H out-of-plane bending,nu(C6-H19),bond,0.0013460152316785538,+,0.000902195010463804,0.3546837789651513
13,543.281813044234,,,mixed cyclic-ring deformation (C-C-O bend) / ring-site C-H out-of-plane bending,delta(H17-C5-H18),angle,0.001216819267764585,+,0.0009154453926406075,0.3114249374201952
13,543.281813044234,,,mixed cyclic-ring deformation (C-C-O bend) / ring-site C-H out-of-plane bending,nu(C3-H14),bond,0.0010089737090008897,+,0.0008104500124262492,0.32947280838759274
13,543.281813044234,,,mixed cyclic-ring deformation (C-C-O bend) / ring-site C-H out-of-plane bending,nu(C7-H20),bond,0.0009438565226304836,+,0.0007503158371056455,0.3595919403531978
13,543.281813044234,,,mixed cyclic-ring deformation (C-C-O bend) / ring-site C-H out-of-plane bending,nu(C4-H16),bond,0.000617586752375007,-,-0.0006254979419548286,0.33856214359648934
13,543.281813044234,,,mixed cyclic-ring deformation (C-C-O bend) / ring-site C-H out-of-plane bending,nu(C5-H18),bond,0.0006154344632060279,+,0.0006301294307878258,0.33244092209661535
13,543.281813044234,,,mixed cyclic-ring deformation (C-C-O bend) / ring-site C-H out-of-plane bending,nu(C2-H13),bond,0.0004766878956844005,-,-0.000565177305646022,0.3200787845755846
13,543.281813044234,,,mixed cyclic-ring deformation (C-C-O bend) / ring-site C-H out-of-plane bending,nu(C1-H12),bond,0.0004273956836203918,-,-0.0005248048143485184,0.33283324968659134
13,543.281813044234,,,mixed cyclic-ring deformation (C-C-O bend) / ring-site C-H out-of-plane bending,nu(C1-H10),bond,0.00010209858525721813,+,0.0002560257569345744,0.3340754800027871
13,543.281813044234,,,mixed cyclic-ring deformation (C-C-O bend) / ring-site C-H out-of-plane bending,nu(C1-H11),bond,9.23755350943413e-05,+,0.0002439377609351617,0.3329592580761004
14,656.2837911844323,,,mixed cyclic-ring out-of-plane deformation / cyclic-ring torsional/out-of-plane deformation / cyclic-ring deformation (C-C-O bend),tau(C3-C4-O8-C7),dihedral,18.720399026298892,-,-0.0899100490011501,0.9361691167181562
14,656.2837911844323,,,mixed cyclic-ring out-of-plane deformation / cyclic-ring torsional/out-of-plane deformation / cyclic-ring deformation (C-C-O bend),delta(C5-C4-O8),angle,16.00192635243578,-,-0.05851677774458964,1.8891530232339337
14,656.2837911844323,,,mixed cyclic-ring out-of-plane deformation / cyclic-ring torsional/out-of-plane deformation / cyclic-ring deformation (C-C-O bend),"gamma(C2;C9,C6,C7)",oop,13.308939894835962,-,-0.07934279975204966,0.8546417378486717
14,656.2837911844323,,,mixed cyclic-ring out-of-plane deformation / cyclic-ring torsional/out-of-plane deformation / cyclic-ring deformation (C-C-O bend),"gamma(C6;C9,C2,H21)",oop,7.192692633559791,+,0.07319974250120943,0.5426603274850661
14,656.2837911844323,,,mixed cyclic-ring out-of-plane deformation / cyclic-ring torsional/out-of-plane deformation / cyclic-ring deformation (C-C-O bend),tau(H11-C1-C2-C9),dihedral,5.833120285308556,+,0.09827832343142232,0.24414123171457477
14,656.2837911844323,,,mixed cyclic-ring out-of-plane deformation / cyclic-ring torsional/out-of-plane deformation / cyclic-ring deformation (C-C-O bend),tau(H19-C6-C7-O8),dihedral,5.452186216224512,-,-0.1317499378646635,0.12697713378346867
14,656.2837911844323,,,mixed cyclic-ring out-of-plane deformation / cyclic-ring torsional/out-of-plane deformation / cyclic-ring deformation (C-C-O bend),tau(H11-C1-C2-H13),dihedral,4.561229989770807,+,0.06825922391557883,0.395744562160233
14,656.2837911844323,,,mixed cyclic-ring out-of-plane deformation / cyclic-ring torsional/out-of-plane deformation / cyclic-ring deformation (C-C-O bend),tau(H16-C4-O8-C7),dihedral,3.290964652800484,-,-0.04537080153947939,0.646287850095482
14,656.2837911844323,,,mixed cyclic-ring out-of-plane deformation / cyclic-ring torsional/out-of-plane deformation / cyclic-ring deformation (C-C-O bend),tau(C3-C4-C5-H18),dihedral,2.702897356081752,+,0.04758977719587425,0.4824561953511669
14,656.2837911844323,,,mixed cyclic-ring out-of-plane deformation / cyclic-ring torsional/out-of-plane deformation / cyclic-ring deformation (C-C-O bend),delta(C6-C5-H18),angle,2.3805008173307245,-,-0.0327986337308535,0.8945662439133465
14,656.2837911844323,,,mixed cyclic-ring out-of-plane deformation / cyclic-ring torsional/out-of-plane deformation / cyclic-ring deformation (C-C-O bend),delta(C4-C3-H15),angle,2.0230349438375765,+,0.04672630692813036,0.37457272194762403
14,656.2837911844323,,,mixed cyclic-ring out-of-plane deformation / cyclic-ring torsional/out-of-plane deformation / cyclic-ring deformation (C-C-O bend),tau(H10-C1-C2-H13),dihedral,1.5925093830714072,+,0.06063487819201377,0.17510262560992168
14,656.2837911844323,,,mixed cyclic-ring out-of-plane deformation / cyclic-ring torsional/out-of-plane deformation / cyclic-ring deformation (C-C-O bend),delta(C2-C1-H10),angle,1.49340686275685,+,0.05236609348796632,0.22015749068391807
14,656.2837911844323,,,mixed cyclic-ring out-of-plane deformation / cyclic-ring torsional/out-of-plane deformation / cyclic-ring deformation (C-C-O bend),"gamma(H20;C7,C6,O8)",oop,1.489842896448804,+,0.06360549885365852,0.14886987566679247
14,656.2837911844323,,,mixed cyclic-ring out-of-plane deformation / cyclic-ring torsional/out-of-plane deformation / cyclic-ring deformation (C-C-O bend),delta(C1-C2-H13),angle,1.4213689217902137,-,-0.04819066188274215,0.24742108678985417
14,656.2837911844323,,,mixed cyclic-ring out-of-plane deformation / cyclic-ring torsional/out-of-plane deformation / cyclic-ring deformation (C-C-O bend),delta(C4-C5-H18),angle,1.3459247653209783,-,-0.03979573329742765,0.3435606678510062
14,656.2837911844323,,,mixed cyclic-ring out-of-plane deformation / cyclic-ring torsional/out-of-plane deformation / cyclic-ring deformation (C-C-O bend),tau(H15-C3-C4-C5),dihedral,1.3364177644933477,+,0.04856509768730892,0.22906006726638234
14,656.2837911844323,,,mixed cyclic-ring out-of-plane deformation / cyclic-ring torsional/out-of-plane deformation / cyclic-ring deformation (C-C-O bend),delta(C2-C1-H11),angle,0.9815579788080697,-,-0.042193229799569104,0.2228876950441817
14,656.2837911844323,,,mixed cyclic-ring out-of-plane deformation / cyclic-ring torsional/out-of-plane deformation / cyclic-ring deformation (C-C-O bend),nu(C4-O8),bond,0.9126602108324207,-,-0.033394480504013224,0.3308380182485744
14,656.2837911844323,,,mixed cyclic-ring out-of-plane deformation / cyclic-ring torsional/out-of-plane deformation / cyclic-ring deformation (C-C-O bend),nu(C5-C6),bond,0.8062522788441603,+,0.030268977221722396,0.35573872105608056
14,656.2837911844323,,,mixed cyclic-ring out-of-plane deformation / cyclic-ring torsional/out-of-plane deformation / cyclic-ring deformation (C-C-O bend),delta(C1-C2-C9),angle,0.7626998912110384,+,0.030916854691318316,0.3225661213649848
14,656.2837911844323,,,mixed cyclic-ring out-of-plane deformation / cyclic-ring torsional/out-of-plane deformation / cyclic-ring deformation (C-C-O bend),nu(C3-C4),bond,0.7481187569136682,-,-0.03014890031906356,0.3327233416142365
14,656.2837911844323,,,mixed cyclic-ring out-of-plane deformation / cyclic-ring torsional/out-of-plane deformation / cyclic-ring deformation (C-C-O bend),tau(C1-C2-C9-C6),dihedral,0.731536628599084,+,0.032562143053412096,0.2789110970433987
14,656.2837911844323,,,mixed cyclic-ring out-of-plane deformation / cyclic-ring torsional/out-of-plane deformation / cyclic-ring deformation (C-C-O bend),nu(C2-C9),bond,0.7133530603481806,-,-0.029551797521031674,0.3302116574664156
14,656.2837911844323,,,mixed cyclic-ring out-of-plane deformation / cyclic-ring torsional/out-of-plane deformation / cyclic-ring deformation (C-C-O bend),nu(C4-C5),bond,0.618734120866612,-,-0.027476453276632697,0.33131294059860933
14,656.2837911844323,,,mixed cyclic-ring out-of-plane deformation / cyclic-ring torsional/out-of-plane deformation / cyclic-ring deformation (C-C-O bend),nu(C7-O8),bond,0.5334792673295439,+,0.024865055371230228,0.34881436505138363
14,656.2837911844323,,,mixed cyclic-ring out-of-plane deformation / cyclic-ring torsional/out-of-plane deformation / cyclic-ring deformation (C-C-O bend),delta(C2-C9-H21),angle,0.47388185020449264,+,0.028794958439976696,0.2310430135999735
14,656.2837911844323,,,mixed cyclic-ring out-of-plane deformation / cyclic-ring torsional/out-of-plane deformation / cyclic-ring deformation (C-C-O bend),nu(C2-C3),bond,0.4351739145845571,+,0.02453401967080746,0.2922678964184281
14,656.2837911844323,,,mixed cyclic-ring out-of-plane deformation / cyclic-ring torsional/out-of-plane deformation / cyclic-ring deformation (C-C-O bend),nu(C1-C2),bond,0.3163834894693814,-,-0.021662647624709416,0.2725501455699407
14,656.2837911844323,,,mixed cyclic-ring out-of-plane deformation / cyclic-ring torsional/out-of-plane deformation / cyclic-ring deformation (C-C-O bend),delta(C5-C6-C7),angle,0.28810638700834046,-,-0.009541942902111024,1.2791896492453412
14,656.2837911844323,,,mixed cyclic-ring out-of-plane deformation / cyclic-ring torsional/out-of-plane deformation / cyclic-ring deformation (C-C-O bend),tau(C3-C2-C9-H21),dihedral,0.2877594790359042,+,0.015709235999021864,0.4713843801432477
14,656.2837911844323,,,mixed cyclic-ring out-of-plane deformation / cyclic-ring torsional/out-of-plane deformation / cyclic-ring deformation (C-C-O bend),tau(C2-C3-C4-H16),dihedral,0.2293146389601938,+,0.018374215724303932,0.27458059099928556
14,656.2837911844323,,,mixed cyclic-ring out-of-plane deformation / cyclic-ring torsional/out-of-plane deformation / cyclic-ring deformation (C-C-O bend),nu(C6-C7),bond,0.1816827505931226,-,-0.01444969541170023,0.351764483756105
14,656.2837911844323,,,mixed cyclic-ring out-of-plane deformation / cyclic-ring torsional/out-of-plane deformation / cyclic-ring deformation (C-C-O bend),"gamma(C2;C3,H14,H15)",oop,0.1734133543800171,-,-0.015006182827233138,0.31131335337326066
14,656.2837911844323,,,mixed cyclic-ring out-of-plane deformation / cyclic-ring torsional/out-of-plane deformation / cyclic-ring deformation (C-C-O bend),"gamma(H16;C4,C5,O8)",oop,0.11291166663629483,-,-0.009303368327870494,0.5273683528647449
14,656.2837911844323,,,mixed cyclic-ring out-of-plane deformation / cyclic-ring torsional/out-of-plane deformation / cyclic-ring deformation (C-C-O bend),nu(C7-C9),bond,0.10929539701775418,-,-0.011718044284439854,0.3217712809389961
14,656.2837911844323,,,mixed cyclic-ring out-of-plane deformation / cyclic-ring torsional/out-of-plane deformation / cyclic-ring deformation (C-C-O bend),tau(C2-C3-C4-C5),dihedral,0.10406094817347958,-,-0.007867621889391904,0.6796048915723832
14,656.2837911844323,,,mixed cyclic-ring out-of-plane deformation / cyclic-ring torsional/out-of-plane deformation / cyclic-ring deformation (C-C-O bend),"gamma(H20;C7,C6,C9)",oop,0.09409604401901962,+,0.012873088151118343,0.2295416801376045
14,656.2837911844323,,,mixed cyclic-ring out-of-plane deformation / cyclic-ring torsional/out-of-plane deformation / cyclic-ring deformation (C-C-O bend),nu(C6-C9),bond,0.0938866723195492,-,-0.01146094918285094,0.2889471730639286
14,656.2837911844323,,,mixed cyclic-ring out-of-plane deformation / cyclic-ring torsional/out-of-plane deformation / cyclic-ring deformation (C-C-O bend),delta(C2-C1-H12),angle,0.06030229418547333,-,-0.00907922166297399,0.29572788270104006
14,656.2837911844323,,,mixed cyclic-ring out-of-plane deformation / cyclic-ring torsional/out-of-plane deformation / cyclic-ring deformation (C-C-O bend),delta(H11-C1-H12),angle,0.05140738419424478,-,-0.008686987383723165,0.27538659836850643
14,656.2837911844323,,,mixed cyclic-ring out-of-plane deformation / cyclic-ring torsional/out-of-plane deformation / cyclic-ring deformation (C-C-O bend),delta(H14-C3-H15),angle,0.00829829652884797,+,0.0039853793101628406,0.21120553881908632
14,656.2837911844323,,,mixed cyclic-ring out-of-plane deformation / cyclic-ring torsional/out-of-plane deformation / cyclic-ring deformation (C-C-O bend),delta(C7-C6-H19),angle,0.007197354008178403,-,-0.004133407101312397,0.17029903189686718
14,656.2837911844323,,,mixed cyclic-ring out-of-plane deformation / cyclic-ring torsional/out-of-plane deformation / cyclic-ring deformation (C-C-O bend),nu(C4-H16),bond,0.00487583041862307,+,0.002412864517852987,0.33856214359648934
14,656.2837911844323,,,mixed cyclic-ring out-of-plane deformation / cyclic-ring torsional/out-of-plane deformation / cyclic-ring deformation (C-C-O bend),nu(C7-H20),bond,0.002996568429378693,-,-0.0018354179042737635,0.3595919403531978
14,656.2837911844323,,,mixed cyclic-ring out-of-plane deformation / cyclic-ring torsional/out-of-plane deformation / cyclic-ring deformation (C-C-O bend),delta(C6-C5-H17),angle,0.0027849618188273894,+,0.001969870092656576,0.2901347508842103
14,656.2837911844323,,,mixed cyclic-ring out-of-plane deformation / cyclic-ring torsional/out-of-plane deformation / cyclic-ring deformation (C-C-O bend),nu(C5-H17),bond,0.0022090808435166623,-,-0.0016369923283468106,0.33325294701181174
14,656.2837911844323,,,mixed cyclic-ring out-of-plane deformation / cyclic-ring torsional/out-of-plane deformation / cyclic-ring deformation (C-C-O bend),delta(H17-C5-H18),angle,0.0017441399553682706,-,-0.00150467190270645,0.3114249374201952
14,656.2837911844323,,,mixed cyclic-ring out-of-plane deformation / cyclic-ring torsional/out-of-plane deformation / cyclic-ring deformation (C-C-O bend),nu(C9-H21),bond,0.0015990579198633115,+,0.0013651077407209747,0.346885393723776
14,656.2837911844323,,,mixed cyclic-ring out-of-plane deformation / cyclic-ring torsional/out-of-plane deformation / cyclic-ring deformation (C-C-O bend),nu(C6-H19),bond,0.0006566206927347202,-,-0.0008650963061278711,0.3546837789651513
14,656.2837911844323,,,mixed cyclic-ring out-of-plane deformation / cyclic-ring torsional/out-of-plane deformation / cyclic-ring deformation (C-C-O bend),nu(C1-H12),bond,6.619536173269741e-05,+,0.00028354909523821046,0.33283324968659134
14,656.2837911844323,,,mixed cyclic-ring out-of-plane deformation / cyclic-ring torsional/out-of-plane deformation / cyclic-ring deformation (C-C-O bend),nu(C5-H18),bond,6.190420881147258e-05,-,-0.00027436625047417033,0.33244092209661535
14,656.2837911844323,,,mixed cyclic-ring out-of-plane deformation / cyclic-ring torsional/out-of-plane deformation / cyclic-ring deformation (C-C-O bend),nu(C3-H14),bond,3.5748767780682094e-05,+,0.00020943467546964966,0.32947280838759274
14,656.2837911844323,,,mixed cyclic-ring out-of-plane deformation / cyclic-ring torsional/out-of-plane deformation / cyclic-ring deformation (C-C-O bend),nu(C3-H15),bond,2.15297408304347e-05,-,-0.00016204432715719518,0.33145671015102407
14,656.2837911844323,,,mixed cyclic-ring out-of-plane deformation / cyclic-ring torsional/out-of-plane deformation / cyclic-ring deformation (C-C-O bend),nu(C1-H11),bond,1.1894917822113416e-05,+,0.00012017469098643645,0.3329592580761004
14,656.2837911844323,,,mixed cyclic-ring out-of-plane deformation / cyclic-ring torsional/out-of-plane deformation / cyclic-ring deformation (C-C-O bend),nu(C2-H13),bond,6.002486256596514e-06,+,8.706928561995065e-05,0.3200787845755846
14,656.2837911844323,,,mixed cyclic-ring out-of-plane deformation / cyclic-ring torsional/out-of-plane deformation / cyclic-ring deformation (C-C-O bend),nu(C1-H10),bond,3.5870003646868215e-06,+,6.58826786760262e-05,0.3340754800027871
15,692.8687594474069,,,mixed ring-site C-H out-of-plane bending / cyclic-ring deformation (C-C-C bend) / cyclic-ring out-of-plane deformation,delta(C5-C6-C7),angle,19.975366881900857,-,-0.08867194372325139,1.2791896492453412
15,692.8687594474069,,,mixed ring-site C-H out-of-plane bending / cyclic-ring deformation (C-C-C bend) / cyclic-ring out-of-plane deformation,"gamma(C6;C9,C2,H21)",oop,14.498207186799975,+,0.11598435963735534,0.5426603274850661
15,692.8687594474069,,,mixed ring-site C-H out-of-plane bending / cyclic-ring deformation (C-C-C bend) / cyclic-ring out-of-plane deformation,tau(C3-C2-C9-H21),dihedral,11.94502914012368,-,-0.11295678618101039,0.4713843801432477
15,692.8687594474069,,,mixed ring-site C-H out-of-plane bending / cyclic-ring deformation (C-C-C bend) / cyclic-ring out-of-plane deformation,tau(H16-C4-O8-C7),dihedral,10.563228981089857,+,0.09071762374706316,0.646287850095482
15,692.8687594474069,,,mixed ring-site C-H out-of-plane bending / cyclic-ring deformation (C-C-C bend) / cyclic-ring out-of-plane deformation,tau(C3-C4-O8-C7),dihedral,5.227398356381133,+,0.05302393543306089,0.9361691167181562
15,692.8687594474069,,,mixed ring-site C-H out-of-plane bending / cyclic-ring deformation (C-C-C bend) / cyclic-ring out-of-plane deformation,tau(C2-C3-C4-H16),dihedral,4.491593211808955,-,-0.0907552181695828,0.27458059099928556
15,692.8687594474069,,,mixed ring-site C-H out-of-plane bending / cyclic-ring deformation (C-C-C bend) / cyclic-ring out-of-plane deformation,delta(C6-C5-H18),angle,4.006587782556475,-,-0.0474883841609164,0.8945662439133465
15,692.8687594474069,,,mixed ring-site C-H out-of-plane bending / cyclic-ring deformation (C-C-C bend) / cyclic-ring out-of-plane deformation,nu(C7-C9),bond,3.8457725834121352,+,0.07757548049947498,0.3217712809389961
15,692.8687594474069,,,mixed ring-site C-H out-of-plane bending / cyclic-ring deformation (C-C-C bend) / cyclic-ring out-of-plane deformation,tau(H11-C1-C2-H13),dihedral,2.569734794634969,+,0.057179846997200884,0.395744562160233
15,692.8687594474069,,,mixed ring-site C-H out-of-plane bending / cyclic-ring deformation (C-C-C bend) / cyclic-ring out-of-plane deformation,tau(H19-C6-C7-O8),dihedral,2.233065496225935,-,-0.09410101009337955,0.12697713378346867
15,692.8687594474069,,,mixed ring-site C-H out-of-plane bending / cyclic-ring deformation (C-C-C bend) / cyclic-ring out-of-plane deformation,nu(C5-C6),bond,1.7170028711845782,-,-0.04929765435323701,0.35573872105608056
15,692.8687594474069,,,mixed ring-site C-H out-of-plane bending / cyclic-ring deformation (C-C-C bend) / cyclic-ring out-of-plane deformation,tau(C2-C3-C4-C5),dihedral,1.7104836036762459,-,-0.03559897750953134,0.6796048915723832
15,692.8687594474069,,,mixed ring-site C-H out-of-plane bending / cyclic-ring deformation (C-C-C bend) / cyclic-ring out-of-plane deformation,"gamma(H20;C7,C6,C9)",oop,1.7080071481727084,-,-0.06120971795523416,0.2295416801376045
15,692.8687594474069,,,mixed ring-site C-H out-of-plane bending / cyclic-ring deformation (C-C-C bend) / cyclic-ring out-of-plane deformation,tau(C3-C4-C5-H18),dihedral,1.6154856160836382,+,0.04106094293215401,0.4824561953511669
15,692.8687594474069,,,mixed ring-site C-H out-of-plane bending / cyclic-ring deformation (C-C-C bend) / cyclic-ring out-of-plane deformation,nu(C2-C9),bond,1.5522428188687958,+,0.048650795239292194,0.3302116574664156
15,692.8687594474069,,,mixed ring-site C-H out-of-plane bending / cyclic-ring deformation (C-C-C bend) / cyclic-ring out-of-plane deformation,nu(C6-C9),bond,1.5454182863290613,-,-0.051894354340058416,0.2889471730639286
15,692.8687594474069,,,mixed ring-site C-H out-of-plane bending / cyclic-ring deformation (C-C-C bend) / cyclic-ring out-of-plane deformation,tau(H10-C1-C2-H13),dihedral,1.3923851494289705,+,0.06327609605565085,0.17510262560992168
15,692.8687594474069,,,mixed ring-site C-H out-of-plane bending / cyclic-ring deformation (C-C-C bend) / cyclic-ring out-of-plane deformation,nu(C7-O8),bond,1.274623186584461,+,0.04289434501882054,0.34881436505138363
15,692.8687594474069,,,mixed ring-site C-H out-of-plane bending / cyclic-ring deformation (C-C-C bend) / cyclic-ring out-of-plane deformation,nu(C4-C5),bond,1.1615973736983891,+,0.04201602140100534,0.33131294059860933
15,692.8687594474069,,,mixed ring-site C-H out-of-plane bending / cyclic-ring deformation (C-C-C bend) / cyclic-ring out-of-plane deformation,nu(C2-C3),bond,1.1049139095047382,+,0.04362947408632393,0.2922678964184281
15,692.8687594474069,,,mixed ring-site C-H out-of-plane bending / cyclic-ring deformation (C-C-C bend) / cyclic-ring out-of-plane deformation,"gamma(C2;C9,C6,C7)",oop,0.845092584897862,-,-0.022313433904303494,0.8546417378486717
15,692.8687594474069,,,mixed ring-site C-H out-of-plane bending / cyclic-ring deformation (C-C-C bend) / cyclic-ring out-of-plane deformation,delta(C4-C3-H15),angle,0.7820470677474427,+,0.03242311129020481,0.37457272194762403
15,692.8687594474069,,,mixed ring-site C-H out-of-plane bending / cyclic-ring deformation (C-C-C bend) / cyclic-ring out-of-plane deformation,delta(C4-C5-H18),angle,0.7458551304232695,-,-0.03306220664724805,0.3435606678510062
15,692.8687594474069,,,mixed ring-site C-H out-of-plane bending / cyclic-ring deformation (C-C-C bend) / cyclic-ring out-of-plane deformation,delta(C6-C5-H17),angle,0.6782908492396006,+,0.03430950234616751,0.2901347508842103
15,692.8687594474069,,,mixed ring-site C-H out-of-plane bending / cyclic-ring deformation (C-C-C bend) / cyclic-ring out-of-plane deformation,nu(C1-C2),bond,0.5097296961062653,+,0.03068690389000001,0.2725501455699407
15,692.8687594474069,,,mixed ring-site C-H out-of-plane bending / cyclic-ring deformation (C-C-C bend) / cyclic-ring out-of-plane deformation,tau(H11-C1-C2-C9),dihedral,0.433248520663234,+,0.029891953159543388,0.24414123171457477
15,692.8687594474069,,,mixed ring-site C-H out-of-plane bending / cyclic-ring deformation (C-C-C bend) / cyclic-ring out-of-plane deformation,nu(C4-O8),bond,0.398881977870553,-,-0.02463887171916555,0.3308380182485744
15,692.8687594474069,,,mixed ring-site C-H out-of-plane bending / cyclic-ring deformation (C-C-C bend) / cyclic-ring out-of-plane deformation,delta(C5-C4-O8),angle,0.3604364308851171,+,0.009801376813070337,1.8891530232339337
15,692.8687594474069,,,mixed ring-site C-H out-of-plane bending / cyclic-ring deformation (C-C-C bend) / cyclic-ring out-of-plane deformation,delta(C1-C2-C9),angle,0.2419051597092992,+,0.01943208959752926,0.3225661213649848
15,692.8687594474069,,,mixed ring-site C-H out-of-plane bending / cyclic-ring deformation (C-C-C bend) / cyclic-ring out-of-plane deformation,delta(C1-C2-H13),angle,0.1603094027313246,-,-0.01806206735180262,0.24742108678985417
15,692.8687594474069,,,mixed ring-site C-H out-of-plane bending / cyclic-ring deformation (C-C-C bend) / cyclic-ring out-of-plane deformation,delta(C2-C1-H11),angle,0.14664885103213182,-,-0.01820130806231313,0.2228876950441817
15,692.8687594474069,,,mixed ring-site C-H out-of-plane bending / cyclic-ring deformation (C-C-C bend) / cyclic-ring out-of-plane deformation,"gamma(H20;C7,C6,O8)",oop,0.12088635322698843,-,-0.020220483680736766,0.14886987566679247
15,692.8687594474069,,,mixed ring-site C-H out-of-plane bending / cyclic-ring deformation (C-C-C bend) / cyclic-ring out-of-plane deformation,tau(C1-C2-C9-C6),dihedral,0.1121228738779052,+,0.014227235748740736,0.2789110970433987
15,692.8687594474069,,,mixed ring-site C-H out-of-plane bending / cyclic-ring deformation (C-C-C bend) / cyclic-ring out-of-plane deformation,delta(C7-C6-H19),angle,0.07214995031158639,-,-0.014605561005750937,0.17029903189686718
15,692.8687594474069,,,mixed ring-site C-H out-of-plane bending / cyclic-ring deformation (C-C-C bend) / cyclic-ring out-of-plane deformation,delta(C2-C1-H10),angle,0.06368880694755359,+,0.01206899584941452,0.22015749068391807
15,692.8687594474069,,,mixed ring-site C-H out-of-plane bending / cyclic-ring deformation (C-C-C bend) / cyclic-ring out-of-plane deformation,delta(C2-C9-H21),angle,0.060919762103648335,+,0.011522295090892356,0.2310430135999735
15,692.8687594474069,,,mixed ring-site C-H out-of-plane bending / cyclic-ring deformation (C-C-C bend) / cyclic-ring out-of-plane deformation,delta(C2-C1-H12),angle,0.04176035093269529,+,0.008432226181424918,0.29572788270104006
15,692.8687594474069,,,mixed ring-site C-H out-of-plane bending / cyclic-ring deformation (C-C-C bend) / cyclic-ring out-of-plane deformation,delta(H17-C5-H18),angle,0.020046704220333156,-,-0.005693130157299428,0.3114249374201952
15,692.8687594474069,,,mixed ring-site C-H out-of-plane bending / cyclic-ring deformation (C-C-C bend) / cyclic-ring out-of-plane deformation,nu(C3-C4),bond,0.011866841704522416,-,-0.004237719965355026,0.3327233416142365
15,692.8687594474069,,,mixed ring-site C-H out-of-plane bending / cyclic-ring deformation (C-C-C bend) / cyclic-ring out-of-plane deformation,tau(H15-C3-C4-C5),dihedral,0.011199826390964802,+,0.004961777299577094,0.22906006726638234
15,692.8687594474069,,,mixed ring-site C-H out-of-plane bending / cyclic-ring deformation (C-C-C bend) / cyclic-ring out-of-plane deformation,nu(C7-H20),bond,0.010091614303649778,-,-0.0037590808076021793,0.3595919403531978
15,692.8687594474069,,,mixed ring-site C-H out-of-plane bending / cyclic-ring deformation (C-C-C bend) / cyclic-ring out-of-plane deformation,"gamma(H16;C4,C5,O8)",oop,0.009257048295526113,+,0.002972935910949537,0.5273683528647449
15,692.8687594474069,,,mixed ring-site C-H out-of-plane bending / cyclic-ring deformation (C-C-C bend) / cyclic-ring out-of-plane deformation,nu(C6-H19),bond,0.00815100881400244,+,0.0034016633613583847,0.3546837789651513
15,692.8687594474069,,,mixed ring-site C-H out-of-plane bending / cyclic-ring deformation (C-C-C bend) / cyclic-ring out-of-plane deformation,delta(H11-C1-H12),angle,0.006158631446331113,-,-0.003355652815566582,0.27538659836850643
15,692.8687594474069,,,mixed ring-site C-H out-of-plane bending / cyclic-ring deformation (C-C-C bend) / cyclic-ring out-of-plane deformation,nu(C6-C7),bond,0.00431965607742894,-,-0.0024865941382219607,0.351764483756105
15,692.8687594474069,,,mixed ring-site C-H out-of-plane bending / cyclic-ring deformation (C-C-C bend) / cyclic-ring out-of-plane deformation,nu(C4-H16),bond,0.0030583034710517263,+,0.0021326883932883058,0.33856214359648934
15,692.8687594474069,,,mixed ring-site C-H out-of-plane bending / cyclic-ring deformation (C-C-C bend) / cyclic-ring out-of-plane deformation,"gamma(C2;C3,H14,H15)",oop,0.0027719379111076753,-,-0.0021173818634998313,0.31131335337326066
15,692.8687594474069,,,mixed ring-site C-H out-of-plane bending / cyclic-ring deformation (C-C-C bend) / cyclic-ring out-of-plane deformation,nu(C5-H17),bond,0.0002225128357462093,-,-0.000579824883477224,0.33325294701181174
15,692.8687594474069,,,mixed ring-site C-H out-of-plane bending / cyclic-ring deformation (C-C-C bend) / cyclic-ring out-of-plane deformation,nu(C9-H21),bond,0.00019402999652913048,+,0.0005306983601896626,0.346885393723776
15,692.8687594474069,,,mixed ring-site C-H out-of-plane bending / cyclic-ring deformation (C-C-C bend) / cyclic-ring out-of-plane deformation,nu(C3-H14),bond,0.0001910423188671738,+,0.0005403327808010434,0.32947280838759274
15,692.8687594474069,,,mixed ring-site C-H out-of-plane bending / cyclic-ring deformation (C-C-C bend) / cyclic-ring out-of-plane deformation,nu(C1-H11),bond,0.00012017099952118465,+,0.00042629535803022893,0.3329592580761004
15,692.8687594474069,,,mixed ring-site C-H out-of-plane bending / cyclic-ring deformation (C-C-C bend) / cyclic-ring out-of-plane deformation,nu(C1-H10),bond,9.737676324040313e-05,-,-0.00038309958477156524,0.3340754800027871
15,692.8687594474069,,,mixed ring-site C-H out-of-plane bending / cyclic-ring deformation (C-C-C bend) / cyclic-ring out-of-plane deformation,nu(C2-H13),bond,7.659500152545973e-05,-,-0.00034711875896360875,0.3200787845755846
15,692.8687594474069,,,mixed ring-site C-H out-of-plane bending / cyclic-ring deformation (C-C-C bend) / cyclic-ring out-of-plane deformation,nu(C1-H12),bond,4.195808510962427e-05,+,0.00025194212702236307,0.33283324968659134
15,692.8687594474069,,,mixed ring-site C-H out-of-plane bending / cyclic-ring deformation (C-C-C bend) / cyclic-ring out-of-plane deformation,delta(H14-C3-H15),angle,1.317513940743273e-05,+,0.00017722756575302447,0.21120553881908632
15,692.8687594474069,,,mixed ring-site C-H out-of-plane bending / cyclic-ring deformation (C-C-C bend) / cyclic-ring out-of-plane deformation,nu(C5-H18),bond,3.189886300863407e-06,+,6.950830163327788e-05,0.33244092209661535
15,692.8687594474069,,,mixed ring-site C-H out-of-plane bending / cyclic-ring deformation (C-C-C bend) / cyclic-ring out-of-plane deformation,nu(C3-H15),bond,2.2916676133059938e-07,+,1.8658156018613807e-05,0.33145671015102407
16,734.2932324918477,,,mixed mixed-phase cyclic C-C stretching / ring-site C-H out-of-plane bending,nu(C6-C7),bond,12.891141807231037,-,-0.10698452762639558,0.351764483756105
16,734.2932324918477,,,mixed mixed-phase cyclic C-C stretching / ring-site C-H out-of-plane bending,nu(C2-C9),bond,10.448759065033325,+,0.0994116842354256,0.3302116574664156
16,734.2932324918477,,,mixed mixed-phase cyclic C-C stretching / ring-site C-H out-of-plane bending,nu(C2-C3),bond,9.93552159578802,+,0.10304004832082776,0.2922678964184281
16,734.2932324918477,,,mixed mixed-phase cyclic C-C stretching / ring-site C-H out-of-plane bending,"gamma(C2;C9,C6,C7)",oop,9.845006598919806,-,-0.05998148743176135,0.8546417378486717
16,734.2932324918477,,,mixed mixed-phase cyclic C-C stretching / ring-site C-H out-of-plane bending,tau(H15-C3-C4-C5),dihedral,4.953059351450834,-,-0.08217947241555744,0.22906006726638234
16,734.2932324918477,,,mixed mixed-phase cyclic C-C stretching / ring-site C-H out-of-plane bending,delta(C5-C4-O8),angle,4.469665660572759,-,-0.0271834907156546,1.8891530232339337
16,734.2932324918477,,,mixed mixed-phase cyclic C-C stretching / ring-site C-H out-of-plane bending,nu(C7-C9),bond,4.375792802087737,+,0.06517124382711505,0.3217712809389961
16,734.2932324918477,,,mixed mixed-phase cyclic C-C stretching / ring-site C-H out-of-plane bending,delta(C1-C2-C9),angle,4.04062847311495,-,-0.06254842214301565,0.3225661213649848
16,734.2932324918477,,,mixed mixed-phase cyclic C-C stretching / ring-site C-H out-of-plane bending,nu(C6-C9),bond,4.0302721118862035,+,0.06600232503145353,0.2889471730639286
16,734.2932324918477,,,mixed mixed-phase cyclic C-C stretching / ring-site C-H out-of-plane bending,delta(C2-C1-H11),angle,3.2253424099351755,+,0.06722737312792854,0.2228876950441817
16,734.2932324918477,,,mixed mixed-phase cyclic C-C stretching / ring-site C-H out-of-plane bending,tau(C1-C2-C9-C6),dihedral,3.1961302671539866,+,0.05982471160759301,0.2789110970433987
16,734.2932324918477,,,mixed mixed-phase cyclic C-C stretching / ring-site C-H out-of-plane bending,delta(C2-C1-H10),angle,2.9905033461309047,-,-0.06513384071951255,0.22015749068391807
16,734.2932324918477,,,mixed mixed-phase cyclic C-C stretching / ring-site C-H out-of-plane bending,nu(C1-C2),bond,2.752528942831186,+,0.05616218719172084,0.2725501455699407
16,734.2932324918477,,,mixed mixed-phase cyclic C-C stretching / ring-site C-H out-of-plane bending,tau(H16-C4-O8-C7),dihedral,2.2789449122032797,+,0.03318602168643662,0.646287850095482
16,734.2932324918477,,,mixed mixed-phase cyclic C-C stretching / ring-site C-H out-of-plane bending,"gamma(H20;C7,C6,O8)",oop,2.261488657333045,+,0.0688803061631248,0.14886987566679247
16,734.2932324918477,,,mixed mixed-phase cyclic C-C stretching / ring-site C-H out-of-plane bending,tau(H19-C6-C7-O8),dihedral,2.0241180261860086,-,-0.07055965216374133,0.12697713378346867
16,734.2932324918477,,,mixed mixed-phase cyclic C-C stretching / ring-site C-H out-of-plane bending,nu(C5-C6),bond,1.8107717126434948,+,0.039871957320863134,0.35573872105608056
16,734.2932324918477,,,mixed mixed-phase cyclic C-C stretching / ring-site C-H out-of-plane bending,delta(C1-C2-H13),angle,1.7984219187683756,+,0.04764624868137245,0.24742108678985417
16,734.2932324918477,,,mixed mixed-phase cyclic C-C stretching / ring-site C-H out-of-plane bending,nu(C4-C5),bond,1.7841003983608572,-,-0.04101018422919263,0.33131294059860933
16,734.2932324918477,,,mixed mixed-phase cyclic C-C stretching / ring-site C-H out-of-plane bending,tau(C2-C3-C4-C5),dihedral,1.5067410546173752,-,-0.026314331261374564,0.6796048915723832
16,734.2932324918477,,,mixed mixed-phase cyclic C-C stretching / ring-site C-H out-of-plane bending,delta(C6-C5-H18),angle,1.4653089195572504,-,-0.02261828219656819,0.8945662439133465
16,734.2932324918477,,,mixed mixed-phase cyclic C-C stretching / ring-site C-H out-of-plane bending,delta(C5-C6-C7),angle,0.9801906487302943,+,0.015469956193038606,1.2791896492453412
16,734.2932324918477,,,mixed mixed-phase cyclic C-C stretching / ring-site C-H out-of-plane bending,delta(C7-C6-H19),angle,0.9404240723995323,-,-0.04152953360956422,0.17029903189686718
16,734.2932324918477,,,mixed mixed-phase cyclic C-C stretching / ring-site C-H out-of-plane bending,tau(H11-C1-C2-C9),dihedral,0.9071750380040853,-,-0.034066401048991786,0.24414123171457477
16,734.2932324918477,,,mixed mixed-phase cyclic C-C stretching / ring-site C-H out-of-plane bending,delta(C4-C3-H15),angle,0.7852850388832473,-,-0.02558861988540708,0.37457272194762403
16,734.2932324918477,,,mixed mixed-phase cyclic C-C stretching / ring-site C-H out-of-plane bending,tau(H11-C1-C2-H13),dihedral,0.6533333371718422,-,-0.022707075622325348,0.395744562160233
16,734.2932324918477,,,mixed mixed-phase cyclic C-C stretching / ring-site C-H out-of-plane bending,delta(C2-C9-H21),angle,0.549058699688403,+,0.027243584181036184,0.2310430135999735
16,734.2932324918477,,,mixed mixed-phase cyclic C-C stretching / ring-site C-H out-of-plane bending,tau(C3-C4-O8-C7),dihedral,0.5271989847534967,+,0.01326207263932658,0.9361691167181562
16,734.2932324918477,,,mixed mixed-phase cyclic C-C stretching / ring-site C-H out-of-plane bending,nu(C3-C4),bond,0.4804407532338434,+,0.021236334614705022,0.3327233416142365
16,734.2932324918477,,,mixed mixed-phase cyclic C-C stretching / ring-site C-H out-of-plane bending,"gamma(C6;C9,C2,H21)",oop,0.40098438060105374,-,-0.015191510790898309,0.5426603274850661
16,734.2932324918477,,,mixed mixed-phase cyclic C-C stretching / ring-site C-H out-of-plane bending,tau(H10-C1-C2-H13),dihedral,0.31918555240425656,-,-0.0238603361724835,0.17510262560992168
16,734.2932324918477,,,mixed mixed-phase cyclic C-C stretching / ring-site C-H out-of-plane bending,tau(C2-C3-C4-H16),dihedral,0.29863351915586944,+,0.018430437010882404,0.27458059099928556
16,734.2932324918477,,,mixed mixed-phase cyclic C-C stretching / ring-site C-H out-of-plane bending,"gamma(C2;C3,H14,H15)",oop,0.28987730904869347,-,-0.017053342341037885,0.31131335337326066
16,734.2932324918477,,,mixed mixed-phase cyclic C-C stretching / ring-site C-H out-of-plane bending,"gamma(H16;C4,C5,O8)",oop,0.2851351964014031,+,0.012994801711415128,0.5273683528647449
16,734.2932324918477,,,mixed mixed-phase cyclic C-C stretching / ring-site C-H out-of-plane bending,delta(C4-C5-H18),angle,0.13421036655821453,+,0.011045683294698868,0.3435606678510062
16,734.2932324918477,,,mixed mixed-phase cyclic C-C stretching / ring-site C-H out-of-plane bending,nu(C7-O8),bond,0.085322825455326,-,-0.008740508672454341,0.34881436505138363
16,734.2932324918477,,,mixed mixed-phase cyclic C-C stretching / ring-site C-H out-of-plane bending,delta(C6-C5-H17),angle,0.0763050930490391,-,-0.009063129032107885,0.2901347508842103
16,734.2932324918477,,,mixed mixed-phase cyclic C-C stretching / ring-site C-H out-of-plane bending,delta(H11-C1-H12),angle,0.06529395208212314,+,0.008605306669942159,0.27538659836850643
16,734.2932324918477,,,mixed mixed-phase cyclic C-C stretching / ring-site C-H out-of-plane bending,nu(C4-O8),bond,0.045448746503925413,-,-0.006550199450072663,0.3308380182485744
16,734.2932324918477,,,mixed mixed-phase cyclic C-C stretching / ring-site C-H out-of-plane bending,tau(C3-C2-C9-H21),dihedral,0.02622795294555997,-,-0.0041686542769984606,0.4713843801432477
16,734.2932324918477,,,mixed mixed-phase cyclic C-C stretching / ring-site C-H out-of-plane bending,delta(C2-C1-H12),angle,0.01385803669062465,+,0.0038256566621512316,0.29572788270104006
16,734.2932324918477,,,mixed mixed-phase cyclic C-C stretching / ring-site C-H out-of-plane bending,tau(C3-C4-C5-H18),dihedral,0.01245482507474838,-,-0.00283949525359577,0.4824561953511669
16,734.2932324918477,,,mixed mixed-phase cyclic C-C stretching / ring-site C-H out-of-plane bending,"gamma(H20;C7,C6,C9)",oop,0.011430905639622896,+,0.003943763075784846,0.2295416801376045
16,734.2932324918477,,,mixed mixed-phase cyclic C-C stretching / ring-site C-H out-of-plane bending,nu(C4-H16),bond,0.008703363750850419,+,0.0028335158369217025,0.33856214359648934
16,734.2932324918477,,,mixed mixed-phase cyclic C-C stretching / ring-site C-H out-of-plane bending,nu(C7-H20),bond,0.00546425880638233,+,0.0021785219022303535,0.3595919403531978
16,734.2932324918477,,,mixed mixed-phase cyclic C-C stretching / ring-site C-H out-of-plane bending,nu(C9-H21),bond,0.004643775748850819,+,0.002044767282739122,0.346885393723776
16,734.2932324918477,,,mixed mixed-phase cyclic C-C stretching / ring-site C-H out-of-plane bending,nu(C5-H17),bond,0.0034385384007702582,-,-0.0017951519484961768,0.33325294701181174
16,734.2932324918477,,,mixed mixed-phase cyclic C-C stretching / ring-site C-H out-of-plane bending,nu(C2-H13),bond,0.002801686534692693,-,-0.001653417772520274,0.3200787845755846
16,734.2932324918477,,,mixed mixed-phase cyclic C-C stretching / ring-site C-H out-of-plane bending,delta(H17-C5-H18),angle,0.0013565308508700531,-,-0.0011663782683089881,0.3114249374201952
16,734.2932324918477,,,mixed mixed-phase cyclic C-C stretching / ring-site C-H out-of-plane bending,nu(C3-H14),bond,0.000626638162202586,+,0.0007707258151598477,0.32947280838759274
16,734.2932324918477,,,mixed mixed-phase cyclic C-C stretching / ring-site C-H out-of-plane bending,nu(C1-H12),bond,0.0004955970444805069,+,0.0006819495952328061,0.33283324968659134
16,734.2932324918477,,,mixed mixed-phase cyclic C-C stretching / ring-site C-H out-of-plane bending,delta(H14-C3-H15),angle,0.0003551946008007115,+,0.0007247392811362785,0.21120553881908632
16,734.2932324918477,,,mixed mixed-phase cyclic C-C stretching / ring-site C-H out-of-plane bending,nu(C1-H11),bond,0.00016569189989867447,-,-0.000394236078361478,0.3329592580761004
16,734.2932324918477,,,mixed mixed-phase cyclic C-C stretching / ring-site C-H out-of-plane bending,nu(C1-H10),bond,0.00010477511476419087,+,0.00031297384601480197,0.3340754800027871
16,734.2932324918477,,,mixed mixed-phase cyclic C-C stretching / ring-site C-H out-of-plane bending,nu(C3-H15),bond,5.070939902544434e-05,+,0.00021859091036793908,0.33145671015102407
16,734.2932324918477,,,mixed mixed-phase cyclic C-C stretching / ring-site C-H out-of-plane bending,nu(C6-H19),bond,3.7250383746519266e-05,+,0.0001811114830268689,0.3546837789651513
16,734.2932324918477,,,mixed mixed-phase cyclic C-C stretching / ring-site C-H out-of-plane bending,nu(C5-H18),bond,3.2723021846515636e-05,+,0.00017533585551778776,0.33244092209661535
17,776.7106859818163,,,mixed ring-site C-H out-of-plane bending / mixed-phase cyclic C-C stretching,tau(C3-C2-C9-H21),dihedral,41.00364337379453,+,0.2312839086770592,0.4713843801432477
17,776.7106859818163,,,mixed ring-site C-H out-of-plane bending / mixed-phase cyclic C-C stretching,"gamma(C6;C9,C2,H21)",oop,10.233562582950967,-,-0.10768895852705672,0.5426603274850661
17,776.7106859818163,,,mixed ring-site C-H out-of-plane bending / mixed-phase cyclic C-C stretching,nu(C7-C9),bond,9.193163658872304,+,0.13255027843460462,0.3217712809389961
17,776.7106859818163,,,mixed ring-site C-H out-of-plane bending / mixed-phase cyclic C-C stretching,delta(C5-C6-C7),angle,8.96265193503069,+,0.06564060653754332,1.2791896492453412
17,776.7106859818163,,,mixed ring-site C-H out-of-plane bending / mixed-phase cyclic C-C stretching,nu(C6-C9),bond,7.212628190731195,-,-0.12389658495939908,0.2889471730639286
17,776.7106859818163,,,mixed ring-site C-H out-of-plane bending / mixed-phase cyclic C-C stretching,nu(C5-C6),bond,3.6778183737964016,-,-0.0797354331179562,0.35573872105608056
17,776.7106859818163,,,mixed ring-site C-H out-of-plane bending / mixed-phase cyclic C-C stretching,nu(C7-O8),bond,2.5389335216539726,+,0.0669037209053972,0.34881436505138363
17,776.7106859818163,,,mixed ring-site C-H out-of-plane bending / mixed-phase cyclic C-C stretching,nu(C4-O8),bond,2.4907223700746313,+,0.06804194876051728,0.3308380182485744
17,776.7106859818163,,,mixed ring-site C-H out-of-plane bending / mixed-phase cyclic C-C stretching,tau(H19-C6-C7-O8),dihedral,2.3520673361247293,+,0.10672935965845876,0.12697713378346867
17,776.7106859818163,,,mixed ring-site C-H out-of-plane bending / mixed-phase cyclic C-C stretching,nu(C4-C5),bond,2.074378592286998,-,-0.06205068777321839,0.33131294059860933
17,776.7106859818163,,,mixed ring-site C-H out-of-plane bending / mixed-phase cyclic C-C stretching,tau(C1-C2-C9-C6),dihedral,1.7110088387191031,+,0.06142073621965655,0.2789110970433987
17,776.7106859818163,,,mixed ring-site C-H out-of-plane bending / mixed-phase cyclic C-C stretching,tau(C3-C4-O8-C7),dihedral,1.3955941654051418,+,0.030277792319789693,0.9361691167181562
17,776.7106859818163,,,mixed ring-site C-H out-of-plane bending / mixed-phase cyclic C-C stretching,tau(C3-C4-C5-H18),dihedral,1.1684395686099518,+,0.038591883249120634,0.4824561953511669
17,776.7106859818163,,,mixed ring-site C-H out-of-plane bending / mixed-phase cyclic C-C stretching,tau(C2-C3-C4-C5),dihedral,0.7666826889078011,-,-0.02633912654588015,0.6796048915723832
17,776.7106859818163,,,mixed ring-site C-H out-of-plane bending / mixed-phase cyclic C-C stretching,tau(H16-C4-O8-C7),dihedral,0.7131382432412514,+,0.02604927592115551,0.646287850095482
17,776.7106859818163,,,mixed ring-site C-H out-of-plane bending / mixed-phase cyclic C-C stretching,"gamma(H20;C7,C6,C9)",oop,0.6677758214424816,+,0.04229668737507352,0.2295416801376045
17,776.7106859818163,,,mixed ring-site C-H out-of-plane bending / mixed-phase cyclic C-C stretching,tau(H11-C1-C2-C9),dihedral,0.5811117850422144,+,0.03825877533619468,0.24414123171457477
17,776.7106859818163,,,mixed ring-site C-H out-of-plane bending / mixed-phase cyclic C-C stretching,tau(H15-C3-C4-C5),dihedral,0.5583934960713852,-,-0.03871838837968329,0.22906006726638234
17,776.7106859818163,,,mixed ring-site C-H out-of-plane bending / mixed-phase cyclic C-C stretching,nu(C6-C7),bond,0.49391540341900897,-,-0.02938475535253471,0.351764483756105
17,776.7106859818163,,,mixed ring-site C-H out-of-plane bending / mixed-phase cyclic C-C stretching,delta(C6-C5-H17),angle,0.33319899617244003,-,-0.026575029521976518,0.2901347508842103
17,776.7106859818163,,,mixed ring-site C-H out-of-plane bending / mixed-phase cyclic C-C stretching,delta(C4-C3-H15),angle,0.26279094422266547,-,-0.020771072062210898,0.37457272194762403
17,776.7106859818163,,,mixed ring-site C-H out-of-plane bending / mixed-phase cyclic C-C stretching,tau(H11-C1-C2-H13),dihedral,0.24406622146502782,+,0.01947458219029057,0.395744562160233
17,776.7106859818163,,,mixed ring-site C-H out-of-plane bending / mixed-phase cyclic C-C stretching,delta(C1-C2-C9),angle,0.24080313765375536,+,0.021426117532704025,0.3225661213649848
17,776.7106859818163,,,mixed ring-site C-H out-of-plane bending / mixed-phase cyclic C-C stretching,tau(C2-C3-C4-H16),dihedral,0.17624208612743458,-,-0.019867429606535408,0.27458059099928556
17,776.7106859818163,,,mixed ring-site C-H out-of-plane bending / mixed-phase cyclic C-C stretching,nu(C2-C3),bond,0.16167776810195927,-,-0.018444053954899585,0.2922678964184281
17,776.7106859818163,,,mixed ring-site C-H out-of-plane bending / mixed-phase cyclic C-C stretching,"gamma(H20;C7,C6,O8)",oop,0.133001584431387,+,0.023439415776578768,0.14886987566679247
17,776.7106859818163,,,mixed ring-site C-H out-of-plane bending / mixed-phase cyclic C-C stretching,nu(C3-C4),bond,0.12208458834723229,-,-0.015021405683415288,0.3327233416142365
17,776.7106859818163,,,mixed ring-site C-H out-of-plane bending / mixed-phase cyclic C-C stretching,delta(C1-C2-H13),angle,0.0988386240873033,-,-0.01567352852661135,0.24742108678985417
17,776.7106859818163,,,mixed ring-site C-H out-of-plane bending / mixed-phase cyclic C-C stretching,nu(C1-C2),bond,0.07502982031902115,-,-0.013011145463998805,0.2725501455699407
17,776.7106859818163,,,mixed ring-site C-H out-of-plane bending / mixed-phase cyclic C-C stretching,"gamma(C2;C9,C6,C7)",oop,0.056957433133369595,-,-0.006401841883690133,0.8546417378486717
17,776.7106859818163,,,mixed ring-site C-H out-of-plane bending / mixed-phase cyclic C-C stretching,delta(C2-C1-H12),angle,0.054279978802078445,-,-0.01062418161137188,0.29572788270104006
17,776.7106859818163,,,mixed ring-site C-H out-of-plane bending / mixed-phase cyclic C-C stretching,delta(C6-C5-H18),angle,0.04790512206344952,-,-0.005738607355860164,0.8945662439133465
17,776.7106859818163,,,mixed ring-site C-H out-of-plane bending / mixed-phase cyclic C-C stretching,delta(C2-C1-H10),angle,0.04720538746111822,+,0.011482880316471837,0.22015749068391807
17,776.7106859818163,,,mixed ring-site C-H out-of-plane bending / mixed-phase cyclic C-C stretching,delta(H17-C5-H18),angle,0.02445398930396495,+,0.0069489622800953926,0.3114249374201952
17,776.7106859818163,,,mixed ring-site C-H out-of-plane bending / mixed-phase cyclic C-C stretching,tau(H10-C1-C2-H13),dihedral,0.020124479239730427,+,0.008406936839297266,0.17510262560992168
17,776.7106859818163,,,mixed ring-site C-H out-of-plane bending / mixed-phase cyclic C-C stretching,delta(C7-C6-H19),angle,0.019311539009433134,+,0.008350724221171965,0.17029903189686718
17,776.7106859818163,,,mixed ring-site C-H out-of-plane bending / mixed-phase cyclic C-C stretching,delta(C4-C5-H18),angle,0.018113558366796328,+,0.005694058916946344,0.3435606678510062
17,776.7106859818163,,,mixed ring-site C-H out-of-plane bending / mixed-phase cyclic C-C stretching,delta(C5-C4-O8),angle,0.016651518273042162,-,-0.002328172411390676,1.8891530232339337
17,776.7106859818163,,,mixed ring-site C-H out-of-plane bending / mixed-phase cyclic C-C stretching,"gamma(H16;C4,C5,O8)",oop,0.016585937566139856,-,-0.00439779285303991,0.5273683528647449
17,776.7106859818163,,,mixed ring-site C-H out-of-plane bending / mixed-phase cyclic C-C stretching,delta(C2-C9-H21),angle,0.01409162448401978,-,-0.006124292133245763,0.2310430135999735
17,776.7106859818163,,,mixed ring-site C-H out-of-plane bending / mixed-phase cyclic C-C stretching,delta(C2-C1-H11),angle,0.005587471209639431,-,-0.0039263263163046855,0.2228876950441817
17,776.7106859818163,,,mixed ring-site C-H out-of-plane bending / mixed-phase cyclic C-C stretching,nu(C2-H13),bond,0.004961407314483415,+,0.003087420510209437,0.3200787845755846
17,776.7106859818163,,,mixed ring-site C-H out-of-plane bending / mixed-phase cyclic C-C stretching,nu(C6-H19),bond,0.0025513196242185855,-,-0.0021032144627364598,0.3546837789651513
17,776.7106859818163,,,mixed ring-site C-H out-of-plane bending / mixed-phase cyclic C-C stretching,delta(H11-C1-H12),angle,0.0018591292767595046,-,-0.0020375354918399234,0.27538659836850643
17,776.7106859818163,,,mixed ring-site C-H out-of-plane bending / mixed-phase cyclic C-C stretching,nu(C7-H20),bond,0.0018061055087121773,+,0.00175747182880412,0.3595919403531978
17,776.7106859818163,,,mixed ring-site C-H out-of-plane bending / mixed-phase cyclic C-C stretching,nu(C2-C9),bond,0.0011564696655946448,-,-0.0014675493368692925,0.3302116574664156
17,776.7106859818163,,,mixed ring-site C-H out-of-plane bending / mixed-phase cyclic C-C stretching,nu(C4-H16),bond,0.001060123239567646,-,-0.0013876526452123326,0.33856214359648934
17,776.7106859818163,,,mixed ring-site C-H out-of-plane bending / mixed-phase cyclic C-C stretching,nu(C5-H18),bond,0.0005442432461236819,-,-0.001003369910956485,0.33244092209661535
17,776.7106859818163,,,mixed ring-site C-H out-of-plane bending / mixed-phase cyclic C-C stretching,delta(H14-C3-H15),angle,0.000484565133625617,-,-0.0011878051870187485,0.21120553881908632
17,776.7106859818163,,,mixed ring-site C-H out-of-plane bending / mixed-phase cyclic C-C stretching,nu(C1-H10),bond,0.0003219668799322967,-,-0.0007698481796824349,0.3340754800027871
17,776.7106859818163,,,mixed ring-site C-H out-of-plane bending / mixed-phase cyclic C-C stretching,nu(C3-H15),bond,0.00028463427448393273,-,-0.0007266946751676433,0.33145671015102407
17,776.7106859818163,,,mixed ring-site C-H out-of-plane bending / mixed-phase cyclic C-C stretching,nu(C3-H14),bond,0.0002724787839433502,+,0.0007131458274689136,0.32947280838759274
17,776.7106859818163,,,mixed ring-site C-H out-of-plane bending / mixed-phase cyclic C-C stretching,nu(C1-H11),bond,5.387625832326146e-05,+,0.0003154459486061119,0.3329592580761004
17,776.7106859818163,,,mixed ring-site C-H out-of-plane bending / mixed-phase cyclic C-C stretching,"gamma(C2;C3,H14,H15)",oop,5.892047373347844e-06,+,0.00010788374863466118,0.31131335337326066
17,776.7106859818163,,,mixed ring-site C-H out-of-plane bending / mixed-phase cyclic C-C stretching,nu(C1-H12),bond,3.533850938945159e-06,+,8.080394212028556e-05,0.33283324968659134
17,776.7106859818163,,,mixed ring-site C-H out-of-plane bending / mixed-phase cyclic C-C stretching,nu(C5-H17),bond,1.8337096896075357e-06,-,-5.81701359590165e-05,0.33325294701181174
17,776.7106859818163,,,mixed ring-site C-H out-of-plane bending / mixed-phase cyclic C-C stretching,nu(C9-H21),bond,6.651704540687597e-07,-,-3.4339601946108136e-05,0.346885393723776
18,819.9755902713906,,,mixed mixed-phase cyclic C-C stretching / ring-site C-H out-of-plane bending,nu(C2-C3),bond,13.135499406779095,-,-0.1348816335511905,0.2922678964184281
18,819.9755902713906,,,mixed mixed-phase cyclic C-C stretching / ring-site C-H out-of-plane bending,delta(C7-C6-H19),angle,8.626554996240122,-,-0.14319659376998287,0.17029903189686718
18,819.9755902713906,,,mixed mixed-phase cyclic C-C stretching / ring-site C-H out-of-plane bending,nu(C6-C7),bond,8.540143770564859,-,-0.09913492358323947,0.351764483756105
18,819.9755902713906,,,mixed mixed-phase cyclic C-C stretching / ring-site C-H out-of-plane bending,tau(H15-C3-C4-C5),dihedral,7.735795818780129,+,0.11692244449289878,0.22906006726638234
18,819.9755902713906,,,mixed mixed-phase cyclic C-C stretching / ring-site C-H out-of-plane bending,nu(C3-C4),bond,7.588460091855105,-,-0.09608492866725375,0.3327233416142365
18,819.9755902713906,,,mixed mixed-phase cyclic C-C stretching / ring-site C-H out-of-plane bending,"gamma(C2;C9,C6,C7)",oop,5.587101962612972,-,-0.05144241263578364,0.8546417378486717
18,819.9755902713906,,,mixed mixed-phase cyclic C-C stretching / ring-site C-H out-of-plane bending,delta(C5-C4-O8),angle,5.042065338824455,+,0.03286932194490772,1.8891530232339337
18,819.9755902713906,,,mixed mixed-phase cyclic C-C stretching / ring-site C-H out-of-plane bending,"gamma(H20;C7,C6,O8)",oop,4.905306912347467,+,0.11549143010637004,0.14886987566679247
18,819.9755902713906,,,mixed mixed-phase cyclic C-C stretching / ring-site C-H out-of-plane bending,tau(H19-C6-C7-O8),dihedral,3.710407935386835,-,-0.10875973721947285,0.12697713378346867
18,819.9755902713906,,,mixed mixed-phase cyclic C-C stretching / ring-site C-H out-of-plane bending,nu(C6-C9),bond,3.6031293998668925,+,0.07104782446781166,0.2889471730639286
18,819.9755902713906,,,mixed mixed-phase cyclic C-C stretching / ring-site C-H out-of-plane bending,tau(H11-C1-C2-H13),dihedral,3.4176915090610462,+,0.05912607243165602,0.395744562160233
18,819.9755902713906,,,mixed mixed-phase cyclic C-C stretching / ring-site C-H out-of-plane bending,delta(C5-C6-C7),angle,3.133175380156506,+,0.03148799180402762,1.2791896492453412
18,819.9755902713906,,,mixed mixed-phase cyclic C-C stretching / ring-site C-H out-of-plane bending,delta(C2-C1-H12),angle,3.1278421203421747,-,-0.06543292794776144,0.29572788270104006
18,819.9755902713906,,,mixed mixed-phase cyclic C-C stretching / ring-site C-H out-of-plane bending,tau(H11-C1-C2-C9),dihedral,2.709639440499141,+,0.06702784647749947,0.24414123171457477
18,819.9755902713906,,,mixed mixed-phase cyclic C-C stretching / ring-site C-H out-of-plane bending,nu(C1-C2),bond,2.5970531097110894,-,-0.062106532943900845,0.2725501455699407
18,819.9755902713906,,,mixed mixed-phase cyclic C-C stretching / ring-site C-H out-of-plane bending,"gamma(H20;C7,C6,C9)",oop,2.3613471641397283,-,-0.06453112286554413,0.2295416801376045
18,819.9755902713906,,,mixed mixed-phase cyclic C-C stretching / ring-site C-H out-of-plane bending,"gamma(C6;C9,C2,H21)",oop,2.25916147785042,+,0.04105156139042037,0.5426603274850661
18,819.9755902713906,,,mixed mixed-phase cyclic C-C stretching / ring-site C-H out-of-plane bending,tau(H16-C4-O8-C7),dihedral,2.0685013295655277,-,-0.035994403914054465,0.646287850095482
18,819.9755902713906,,,mixed mixed-phase cyclic C-C stretching / ring-site C-H out-of-plane bending,nu(C7-C9),bond,1.487504879510578,+,0.04325891666480762,0.3217712809389961
18,819.9755902713906,,,mixed mixed-phase cyclic C-C stretching / ring-site C-H out-of-plane bending,delta(C6-C5-H17),angle,1.0392411626543552,+,0.038078372204703496,0.2901347508842103
18,819.9755902713906,,,mixed mixed-phase cyclic C-C stretching / ring-site C-H out-of-plane bending,tau(C2-C3-C4-C5),dihedral,1.0270827022166462,+,0.024734010386396135,0.6796048915723832
18,819.9755902713906,,,mixed mixed-phase cyclic C-C stretching / ring-site C-H out-of-plane bending,delta(C4-C5-H18),angle,1.0225886816106327,-,-0.034711137901208576,0.3435606678510062
18,819.9755902713906,,,mixed mixed-phase cyclic C-C stretching / ring-site C-H out-of-plane bending,delta(C2-C1-H11),angle,0.8577831793587386,+,0.03946987906189738,0.2228876950441817
18,819.9755902713906,,,mixed mixed-phase cyclic C-C stretching / ring-site C-H out-of-plane bending,delta(C1-C2-C9),angle,0.7743994375128596,-,-0.031174049287709032,0.3225661213649848
18,819.9755902713906,,,mixed mixed-phase cyclic C-C stretching / ring-site C-H out-of-plane bending,tau(C3-C4-C5-H18),dihedral,0.6594218575853794,+,0.023521921959208842,0.4824561953511669
18,819.9755902713906,,,mixed mixed-phase cyclic C-C stretching / ring-site C-H out-of-plane bending,tau(C3-C4-O8-C7),dihedral,0.5957488650985271,+,0.016049981500389866,0.9361691167181562
18,819.9755902713906,,,mixed mixed-phase cyclic C-C stretching / ring-site C-H out-of-plane bending,nu(C7-O8),bond,0.48440934274971936,-,-0.023709868961598705,0.34881436505138363
18,819.9755902713906,,,mixed mixed-phase cyclic C-C stretching / ring-site C-H out-of-plane bending,tau(C1-C2-C9-C6),dihedral,0.3537831017098733,+,0.022659781875887592,0.2789110970433987
18,819.9755902713906,,,mixed mixed-phase cyclic C-C stretching / ring-site C-H out-of-plane bending,"gamma(C2;C3,H14,H15)",oop,0.24972145967274045,+,0.018019765582468858,0.31131335337326066
18,819.9755902713906,,,mixed mixed-phase cyclic C-C stretching / ring-site C-H out-of-plane bending,delta(C4-C3-H15),angle,0.24528109754636426,+,0.016281111341287482,0.37457272194762403
18,819.9755902713906,,,mixed mixed-phase cyclic C-C stretching / ring-site C-H out-of-plane bending,nu(C4-O8),bond,0.23186744284203997,-,-0.016843496871359057,0.3308380182485744
18,819.9755902713906,,,mixed mixed-phase cyclic C-C stretching / ring-site C-H out-of-plane bending,tau(C2-C3-C4-H16),dihedral,0.19820437372313784,-,-0.01709392438380294,0.27458059099928556
18,819.9755902713906,,,mixed mixed-phase cyclic C-C stretching / ring-site C-H out-of-plane bending,delta(C2-C1-H10),angle,0.16394643993907215,+,0.017362183475237967,0.22015749068391807
18,819.9755902713906,,,mixed mixed-phase cyclic C-C stretching / ring-site C-H out-of-plane bending,delta(C1-C2-H13),angle,0.08191246532605016,-,-0.011576485251903867,0.24742108678985417
18,819.9755902713906,,,mixed mixed-phase cyclic C-C stretching / ring-site C-H out-of-plane bending,nu(C5-C6),bond,0.07544250220663086,-,-0.009265365409664437,0.35573872105608056
18,819.9755902713906,,,mixed mixed-phase cyclic C-C stretching / ring-site C-H out-of-plane bending,delta(H17-C5-H18),angle,0.07308473382006982,+,0.009746680303999429,0.3114249374201952
18,819.9755902713906,,,mixed mixed-phase cyclic C-C stretching / ring-site C-H out-of-plane bending,nu(C2-C9),bond,0.07268967820424212,+,0.00943974476672762,0.3302116574664156
18,819.9755902713906,,,mixed mixed-phase cyclic C-C stretching / ring-site C-H out-of-plane bending,tau(C3-C2-C9-H21),dihedral,0.0665781491494136,-,-0.0075613326464399,0.4713843801432477
18,819.9755902713906,,,mixed mixed-phase cyclic C-C stretching / ring-site C-H out-of-plane bending,"gamma(H16;C4,C5,O8)",oop,0.029115007378215384,+,0.00472739073163415,0.5273683528647449
18,819.9755902713906,,,mixed mixed-phase cyclic C-C stretching / ring-site C-H out-of-plane bending,delta(H14-C3-H15),angle,0.019815134570322378,-,-0.006162627828812666,0.21120553881908632
18,819.9755902713906,,,mixed mixed-phase cyclic C-C stretching / ring-site C-H out-of-plane bending,delta(C6-C5-H18),angle,0.01932313793532553,+,0.00295700904706883,0.8945662439133465
18,819.9755902713906,,,mixed mixed-phase cyclic C-C stretching / ring-site C-H out-of-plane bending,nu(C4-H16),bond,0.006095604091197117,-,-0.0026996611539808245,0.33856214359648934
18,819.9755902713906,,,mixed mixed-phase cyclic C-C stretching / ring-site C-H out-of-plane bending,nu(C9-H21),bond,0.003790690678332025,-,-0.002103227474328051,0.346885393723776
18,819.9755902713906,,,mixed mixed-phase cyclic C-C stretching / ring-site C-H out-of-plane bending,nu(C5-H17),bond,0.003254005178878047,-,-0.0019881181950206195,0.33325294701181174
18,819.9755902713906,,,mixed mixed-phase cyclic C-C stretching / ring-site C-H out-of-plane bending,tau(H10-C1-C2-H13),dihedral,0.0031306552383181434,+,0.0026902421458264362,0.17510262560992168
18,819.9755902713906,,,mixed mixed-phase cyclic C-C stretching / ring-site C-H out-of-plane bending,nu(C6-H19),bond,0.0013236117487639277,-,-0.001229078785438453,0.3546837789651513
18,819.9755902713906,,,mixed mixed-phase cyclic C-C stretching / ring-site C-H out-of-plane bending,nu(C4-C5),bond,0.0012191344350170785,+,0.0012204687925057535,0.33131294059860933
18,819.9755902713906,,,mixed mixed-phase cyclic C-C stretching / ring-site C-H out-of-plane bending,nu(C7-H20),bond,0.0010955654058115375,-,-0.001110540138325046,0.3595919403531978
18,819.9755902713906,,,mixed mixed-phase cyclic C-C stretching / ring-site C-H out-of-plane bending,delta(H11-C1-H12),angle,0.0008666399096082299,-,-0.0011286727010512386,0.27538659836850643
18,819.9755902713906,,,mixed mixed-phase cyclic C-C stretching / ring-site C-H out-of-plane bending,nu(C1-H11),bond,0.0005584137102990042,-,-0.0008239532443101163,0.3329592580761004
18,819.9755902713906,,,mixed mixed-phase cyclic C-C stretching / ring-site C-H out-of-plane bending,nu(C3-H15),bond,0.0003996395290553874,-,-0.0006986198012920046,0.33145671015102407
18,819.9755902713906,,,mixed mixed-phase cyclic C-C stretching / ring-site C-H out-of-plane bending,nu(C3-H14),bond,0.00016577859652422568,-,-0.00045130954604566056,0.32947280838759274
18,819.9755902713906,,,mixed mixed-phase cyclic C-C stretching / ring-site C-H out-of-plane bending,nu(C1-H10),bond,0.00015688427243787286,-,-0.00043600099744996347,0.3340754800027871
18,819.9755902713906,,,mixed mixed-phase cyclic C-C stretching / ring-site C-H out-of-plane bending,nu(C1-H12),bond,4.330288330819127e-05,-,-0.0002294907229184593,0.33283324968659134
18,819.9755902713906,,,mixed mixed-phase cyclic C-C stretching / ring-site C-H out-of-plane bending,nu(C5-H18),bond,4.238652754609055e-05,+,0.0002271834862738153,0.33244092209661535
18,819.9755902713906,,,mixed mixed-phase cyclic C-C stretching / ring-site C-H out-of-plane bending,nu(C2-H13),bond,2.0210454748328974e-05,-,-0.00015987467605719572,0.3200787845755846
18,819.9755902713906,,,mixed mixed-phase cyclic C-C stretching / ring-site C-H out-of-plane bending,delta(C2-C9-H21),angle,1.548043565586872e-05,-,-0.00016468924870282868,0.2310430135999735
19,828.7030300769969,,,mixed cyclic C-C stretching / ring-site C-H out-of-plane bending,nu(C4-C5),bond,27.02720759278838,+,0.16871889834347853,0.33131294059860933
19,828.7030300769969,,,mixed cyclic C-C stretching / ring-site C-H out-of-plane bending,nu(C3-C4),bond,13.65238243931265,+,0.11965887903710715,0.3327233416142365
19,828.7030300769969,,,mixed cyclic C-C stretching / ring-site C-H out-of-plane bending,delta(C5-C6-C7),angle,13.161588392172048,+,0.05991961661658196,1.2791896492453412
19,828.7030300769969,,,mixed cyclic C-C stretching / ring-site C-H out-of-plane bending,nu(C4-O8),bond,10.869192563193193,+,0.10707134987941949,0.3308380182485744
19,828.7030300769969,,,mixed cyclic C-C stretching / ring-site C-H out-of-plane bending,delta(C7-C6-H19),angle,8.221733039974497,-,-0.1297949925503895,0.17029903189686718
19,828.7030300769969,,,mixed cyclic C-C stretching / ring-site C-H out-of-plane bending,"gamma(H20;C7,C6,O8)",oop,4.789914278972951,+,0.10596020739460801,0.14886987566679247
19,828.7030300769969,,,mixed cyclic C-C stretching / ring-site C-H out-of-plane bending,"gamma(H20;C7,C6,C9)",oop,3.437536750287795,-,-0.07228950296300594,0.2295416801376045
19,828.7030300769969,,,mixed cyclic C-C stretching / ring-site C-H out-of-plane bending,delta(C4-C3-H15),angle,2.1589882858667644,+,0.04484762111230822,0.37457272194762403
19,828.7030300769969,,,mixed cyclic C-C stretching / ring-site C-H out-of-plane bending,nu(C2-C3),bond,2.0442956585411167,+,0.04940417348926527,0.2922678964184281
19,828.7030300769969,,,mixed cyclic C-C stretching / ring-site C-H out-of-plane bending,"gamma(C2;C9,C6,C7)",oop,1.884209391656525,-,-0.02773670545861623,0.8546417378486717
19,828.7030300769969,,,mixed cyclic C-C stretching / ring-site C-H out-of-plane bending,tau(C3-C4-C5-H18),dihedral,1.7728360840772797,+,0.035808628654934484,0.4824561953511669
19,828.7030300769969,,,mixed cyclic C-C stretching / ring-site C-H out-of-plane bending,tau(H19-C6-C7-O8),dihedral,1.5536579407548672,-,-0.06534273170658318,0.12697713378346867
19,828.7030300769969,,,mixed cyclic C-C stretching / ring-site C-H out-of-plane bending,delta(C2-C1-H12),angle,1.2333461650832602,+,0.03814860827440569,0.29572788270104006
19,828.7030300769969,,,mixed cyclic C-C stretching / ring-site C-H out-of-plane bending,tau(C2-C3-C4-H16),dihedral,1.0390846776564815,+,0.03633899352074738,0.27458059099928556
19,828.7030300769969,,,mixed cyclic C-C stretching / ring-site C-H out-of-plane bending,nu(C1-C2),bond,0.8175426965224308,-,-0.032352984841589646,0.2725501455699407
19,828.7030300769969,,,mixed cyclic C-C stretching / ring-site C-H out-of-plane bending,tau(C3-C2-C9-H21),dihedral,0.7882776683909164,+,0.024156519440734384,0.4713843801432477
19,828.7030300769969,,,mixed cyclic C-C stretching / ring-site C-H out-of-plane bending,tau(C3-C4-O8-C7),dihedral,0.7400282282625114,-,-0.016608458661782528,0.9361691167181562
19,828.7030300769969,,,mixed cyclic C-C stretching / ring-site C-H out-of-plane bending,"gamma(C6;C9,C2,H21)",oop,0.7257042112038457,-,-0.021602207192499757,0.5426603274850661
19,828.7030300769969,,,mixed cyclic C-C stretching / ring-site C-H out-of-plane bending,delta(C2-C1-H11),angle,0.6543371726614396,-,-0.032006640501321286,0.2228876950441817
19,828.7030300769969,,,mixed cyclic C-C stretching / ring-site C-H out-of-plane bending,"gamma(H16;C4,C5,O8)",oop,0.605070376697648,-,-0.02000913227217471,0.5273683528647449
19,828.7030300769969,,,mixed cyclic C-C stretching / ring-site C-H out-of-plane bending,delta(C4-C5-H18),angle,0.5493942961144395,+,0.023622328018225433,0.3435606678510062
19,828.7030300769969,,,mixed cyclic C-C stretching / ring-site C-H out-of-plane bending,tau(H11-C1-C2-H13),dihedral,0.41332188872160763,-,-0.019090577510856473,0.395744562160233
19,828.7030300769969,,,mixed cyclic C-C stretching / ring-site C-H out-of-plane bending,nu(C2-C9),bond,0.2520467845823901,-,-0.016320246800021136,0.3302116574664156
19,828.7030300769969,,,mixed cyclic C-C stretching / ring-site C-H out-of-plane bending,tau(H16-C4-O8-C7),dihedral,0.23765804458380796,-,-0.011327800866257592,0.646287850095482
19,828.7030300769969,,,mixed cyclic C-C stretching / ring-site C-H out-of-plane bending,delta(C6-C5-H17),angle,0.18374916292664584,+,0.014866035027121955,0.2901347508842103
19,828.7030300769969,,,mixed cyclic C-C stretching / ring-site C-H out-of-plane bending,tau(C1-C2-C9-C6),dihedral,0.16468454813767452,+,0.014354096816381955,0.2789110970433987
19,828.7030300769969,,,mixed cyclic C-C stretching / ring-site C-H out-of-plane bending,tau(H15-C3-C4-C5),dihedral,0.1540444833783687,+,0.015319010890263976,0.22906006726638234
19,828.7030300769969,,,mixed cyclic C-C stretching / ring-site C-H out-of-plane bending,nu(C5-C6),bond,0.12913720426856098,+,0.011254921290176606,0.35573872105608056
19,828.7030300769969,,,mixed cyclic C-C stretching / ring-site C-H out-of-plane bending,delta(C6-C5-H18),angle,0.12884942012460965,-,-0.0070895280137273945,0.8945662439133465
19,828.7030300769969,,,mixed cyclic C-C stretching / ring-site C-H out-of-plane bending,"gamma(C2;C3,H14,H15)",oop,0.1266795239597894,-,-0.011916169671851882,0.31131335337326066
19,828.7030300769969,,,mixed cyclic C-C stretching / ring-site C-H out-of-plane bending,nu(C7-O8),bond,0.11863380420770367,+,0.010894050631955011,0.34881436505138363
19,828.7030300769969,,,mixed cyclic C-C stretching / ring-site C-H out-of-plane bending,tau(H10-C1-C2-H13),dihedral,0.10751309422016361,+,0.01463749275873199,0.17510262560992168
19,828.7030300769969,,,mixed cyclic C-C stretching / ring-site C-H out-of-plane bending,delta(C5-C4-O8),angle,0.060302010603431586,-,-0.003337449242001416,1.8891530232339337
19,828.7030300769969,,,mixed cyclic C-C stretching / ring-site C-H out-of-plane bending,tau(H11-C1-C2-C9),dihedral,0.03367289578090179,-,-0.0069374842360926765,0.24414123171457477
19,828.7030300769969,,,mixed cyclic C-C stretching / ring-site C-H out-of-plane bending,nu(C6-C9),bond,0.03209305518975877,+,0.00622556322999603,0.2889471730639286
19,828.7030300769969,,,mixed cyclic C-C stretching / ring-site C-H out-of-plane bending,delta(C2-C1-H10),angle,0.02760177484591705,-,-0.006614303411781574,0.22015749068391807
19,828.7030300769969,,,mixed cyclic C-C stretching / ring-site C-H out-of-plane bending,delta(C1-C2-H13),angle,0.025790077154681616,+,0.006031013595000445,0.24742108678985417
19,828.7030300769969,,,mixed cyclic C-C stretching / ring-site C-H out-of-plane bending,nu(C6-C7),bond,0.02076246595313104,-,-0.004538327307459269,0.351764483756105
19,828.7030300769969,,,mixed cyclic C-C stretching / ring-site C-H out-of-plane bending,delta(C2-C9-H21),angle,0.018136271695581716,-,-0.005233713295402632,0.2310430135999735
19,828.7030300769969,,,mixed cyclic C-C stretching / ring-site C-H out-of-plane bending,delta(C1-C2-C9),angle,0.012784816427624177,+,0.0037189489260377375,0.3225661213649848
19,828.7030300769969,,,mixed cyclic C-C stretching / ring-site C-H out-of-plane bending,nu(C7-C9),bond,0.008660434364970451,-,-0.003064633463742475,0.3217712809389961
19,828.7030300769969,,,mixed cyclic C-C stretching / ring-site C-H out-of-plane bending,delta(H14-C3-H15),angle,0.00338016298136418,+,0.0023631892956792414,0.21120553881908632
19,828.7030300769969,,,mixed cyclic C-C stretching / ring-site C-H out-of-plane bending,nu(C5-H17),bond,0.0031888472722353916,+,0.0018273098794924008,0.33325294701181174
19,828.7030300769969,,,mixed cyclic C-C stretching / ring-site C-H out-of-plane bending,nu(C5-H18),bond,0.002896524047155513,+,0.0017436674962150748,0.33244092209661535
19,828.7030300769969,,,mixed cyclic C-C stretching / ring-site C-H out-of-plane bending,tau(C2-C3-C4-C5),dihedral,0.002026609215750625,+,0.0010200914333334137,0.6796048915723832
19,828.7030300769969,,,mixed cyclic C-C stretching / ring-site C-H out-of-plane bending,nu(C9-H21),bond,0.0011561684177605956,+,0.001078449680407505,0.346885393723776
19,828.7030300769969,,,mixed cyclic C-C stretching / ring-site C-H out-of-plane bending,nu(C3-H14),bond,0.0011174252809481278,+,0.0010878820208058925,0.32947280838759274
19,828.7030300769969,,,mixed cyclic C-C stretching / ring-site C-H out-of-plane bending,nu(C4-H16),bond,0.0010480007036682286,-,-0.0010393071883814222,0.33856214359648934
19,828.7030300769969,,,mixed cyclic C-C stretching / ring-site C-H out-of-plane bending,delta(H11-C1-H12),angle,0.0009464983734515074,+,0.0010951431147021775,0.27538659836850643
19,828.7030300769969,,,mixed cyclic C-C stretching / ring-site C-H out-of-plane bending,nu(C7-H20),bond,0.0009100537868764533,+,0.000939746891528869,0.3595919403531978
19,828.7030300769969,,,mixed cyclic C-C stretching / ring-site C-H out-of-plane bending,nu(C1-H12),bond,0.00036038490885345305,-,-0.0006146845360325736,0.33283324968659134
19,828.7030300769969,,,mixed cyclic C-C stretching / ring-site C-H out-of-plane bending,nu(C3-H15),bond,0.0002596554964705692,+,0.0005228386616212215,0.33145671015102407
19,828.7030300769969,,,mixed cyclic C-C stretching / ring-site C-H out-of-plane bending,nu(C6-H19),bond,0.00011809348858064756,+,0.0003408589128160811,0.3546837789651513
19,828.7030300769969,,,mixed cyclic C-C stretching / ring-site C-H out-of-plane bending,delta(H17-C5-H18),angle,6.002928911463623e-05,-,-0.0002593505952437362,0.3114249374201952
19,828.7030300769969,,,mixed cyclic C-C stretching / ring-site C-H out-of-plane bending,nu(C1-H11),bond,5.3281320356513785e-05,+,0.00023630574680239021,0.3329592580761004
19,828.7030300769969,,,mixed cyclic C-C stretching / ring-site C-H out-of-plane bending,nu(C2-H13),bond,1.5685436055247164e-05,+,0.00013076821497381657,0.3200787845755846
19,828.7030300769969,,,mixed cyclic C-C stretching / ring-site C-H out-of-plane bending,nu(C1-H10),bond,1.2908663000145667e-05,+,0.00011611830101718923,0.3340754800027871
20,884.2805172118689,,,mixed cyclic C-O stretching / ring-site C-H out-of-plane bending / mixed-phase cyclic C-C stretching,nu(C4-O8),bond,26.273778152536305,+,0.1936792220405321,0.3308380182485744
20,884.2805172118689,,,mixed cyclic C-O stretching / ring-site C-H out-of-plane bending / mixed-phase cyclic C-C stretching,nu(C4-C5),bond,12.938105677184021,-,-0.13581433783105243,0.33131294059860933
20,884.2805172118689,,,mixed cyclic C-O stretching / ring-site C-H out-of-plane bending / mixed-phase cyclic C-C stretching,tau(H19-C6-C7-O8),dihedral,6.617521260576046,-,-0.15689690833603165,0.12697713378346867
20,884.2805172118689,,,mixed cyclic C-O stretching / ring-site C-H out-of-plane bending / mixed-phase cyclic C-C stretching,delta(C4-C3-H15),angle,4.80301109149691,-,-0.07782483245214165,0.37457272194762403
20,884.2805172118689,,,mixed cyclic C-O stretching / ring-site C-H out-of-plane bending / mixed-phase cyclic C-C stretching,tau(C3-C2-C9-H21),dihedral,4.232685270452065,-,-0.06512531961582607,0.4713843801432477
20,884.2805172118689,,,mixed cyclic C-O stretching / ring-site C-H out-of-plane bending / mixed-phase cyclic C-C stretching,"gamma(C6;C9,C2,H21)",oop,4.201746757160405,+,0.06047562613869407,0.5426603274850661
20,884.2805172118689,,,mixed cyclic C-O stretching / ring-site C-H out-of-plane bending / mixed-phase cyclic C-C stretching,delta(C4-C5-H18),angle,4.20167620930787,-,-0.07600445421999191,0.3435606678510062
20,884.2805172118689,,,mixed cyclic C-O stretching / ring-site C-H out-of-plane bending / mixed-phase cyclic C-C stretching,tau(H15-C3-C4-C5),dihedral,4.044682138234282,-,-0.09132653482838744,0.22906006726638234
20,884.2805172118689,,,mixed cyclic C-O stretching / ring-site C-H out-of-plane bending / mixed-phase cyclic C-C stretching,delta(C5-C4-O8),angle,3.3281731397703824,+,0.028846880794855312,1.8891530232339337
20,884.2805172118689,,,mixed cyclic C-O stretching / ring-site C-H out-of-plane bending / mixed-phase cyclic C-C stretching,delta(C6-C5-H18),angle,3.0254962167065482,-,-0.03996883843226506,0.8945662439133465
20,884.2805172118689,,,mixed cyclic C-O stretching / ring-site C-H out-of-plane bending / mixed-phase cyclic C-C stretching,"gamma(H20;C7,C6,C9)",oop,2.984969992970762,-,-0.07837339856465268,0.2295416801376045
20,884.2805172118689,,,mixed cyclic C-O stretching / ring-site C-H out-of-plane bending / mixed-phase cyclic C-C stretching,nu(C6-C7),bond,2.8804846667228157,+,0.06219224909619645,0.351764483756105
20,884.2805172118689,,,mixed cyclic C-O stretching / ring-site C-H out-of-plane bending / mixed-phase cyclic C-C stretching,delta(C6-C5-H17),angle,2.6002267444254445,+,0.06506316844661843,0.2901347508842103
20,884.2805172118689,,,mixed cyclic C-O stretching / ring-site C-H out-of-plane bending / mixed-phase cyclic C-C stretching,"gamma(H16;C4,C5,O8)",oop,2.5158489401032837,-,-0.047469507006877985,0.5273683528647449
20,884.2805172118689,,,mixed cyclic C-O stretching / ring-site C-H out-of-plane bending / mixed-phase cyclic C-C stretching,delta(C2-C1-H12),angle,1.4322639186763955,-,-0.04782939217464739,0.29572788270104006
20,884.2805172118689,,,mixed cyclic C-O stretching / ring-site C-H out-of-plane bending / mixed-phase cyclic C-C stretching,nu(C7-C9),bond,1.3266479376696811,-,-0.04412997449850907,0.3217712809389961
20,884.2805172118689,,,mixed cyclic C-O stretching / ring-site C-H out-of-plane bending / mixed-phase cyclic C-C stretching,nu(C3-C4),bond,1.3087186626341507,-,-0.043103346168792994,0.3327233416142365
20,884.2805172118689,,,mixed cyclic C-O stretching / ring-site C-H out-of-plane bending / mixed-phase cyclic C-C stretching,nu(C7-O8),bond,1.2853041950916755,+,0.04171913109635577,0.34881436505138363
20,884.2805172118689,,,mixed cyclic C-O stretching / ring-site C-H out-of-plane bending / mixed-phase cyclic C-C stretching,"gamma(C2;C9,C6,C7)",oop,1.2162372708923144,-,-0.025926660321822437,0.8546417378486717
20,884.2805172118689,,,mixed cyclic C-O stretching / ring-site C-H out-of-plane bending / mixed-phase cyclic C-C stretching,tau(C3-C4-C5-H18),dihedral,1.1537736077811966,+,0.03360940541496745,0.4824561953511669
20,884.2805172118689,,,mixed cyclic C-O stretching / ring-site C-H out-of-plane bending / mixed-phase cyclic C-C stretching,nu(C2-C9),bond,1.1031980309032299,+,0.03972464378295548,0.3302116574664156
20,884.2805172118689,,,mixed cyclic C-O stretching / ring-site C-H out-of-plane bending / mixed-phase cyclic C-C stretching,delta(C2-C1-H10),angle,1.029033424737409,+,0.046986974387436216,0.22015749068391807
20,884.2805172118689,,,mixed cyclic C-O stretching / ring-site C-H out-of-plane bending / mixed-phase cyclic C-C stretching,tau(C2-C3-C4-C5),dihedral,0.7297607748674492,+,0.02252119770053642,0.6796048915723832
20,884.2805172118689,,,mixed cyclic C-O stretching / ring-site C-H out-of-plane bending / mixed-phase cyclic C-C stretching,tau(H11-C1-C2-C9),dihedral,0.7066525626626469,+,0.03697531449071874,0.24414123171457477
20,884.2805172118689,,,mixed cyclic C-O stretching / ring-site C-H out-of-plane bending / mixed-phase cyclic C-C stretching,tau(H10-C1-C2-H13),dihedral,0.6934423071716123,-,-0.043250219035549306,0.17510262560992168
20,884.2805172118689,,,mixed cyclic C-O stretching / ring-site C-H out-of-plane bending / mixed-phase cyclic C-C stretching,nu(C6-C9),bond,0.6162120342044456,+,0.031738422408838764,0.2889471730639286
20,884.2805172118689,,,mixed cyclic C-O stretching / ring-site C-H out-of-plane bending / mixed-phase cyclic C-C stretching,nu(C1-C2),bond,0.5064657516380375,+,0.029626565298077074,0.2725501455699407
20,884.2805172118689,,,mixed cyclic C-O stretching / ring-site C-H out-of-plane bending / mixed-phase cyclic C-C stretching,tau(C3-C4-O8-C7),dihedral,0.47239218751115386,+,0.015438449136607132,0.9361691167181562
20,884.2805172118689,,,mixed cyclic C-O stretching / ring-site C-H out-of-plane bending / mixed-phase cyclic C-C stretching,delta(C1-C2-H13),angle,0.4489455358845397,-,-0.029275744395614096,0.24742108678985417
20,884.2805172118689,,,mixed cyclic C-O stretching / ring-site C-H out-of-plane bending / mixed-phase cyclic C-C stretching,"gamma(C2;C3,H14,H15)",oop,0.42050632058635495,+,0.02525904125836648,0.31131335337326066
20,884.2805172118689,,,mixed cyclic C-O stretching / ring-site C-H out-of-plane bending / mixed-phase cyclic C-C stretching,delta(C5-C6-C7),angle,0.17915271364115457,-,-0.008133429380191641,1.2791896492453412
20,884.2805172118689,,,mixed cyclic C-O stretching / ring-site C-H out-of-plane bending / mixed-phase cyclic C-C stretching,tau(C2-C3-C4-H16),dihedral,0.14440997402714906,-,-0.015761340458691663,0.27458059099928556
20,884.2805172118689,,,mixed cyclic C-O stretching / ring-site C-H out-of-plane bending / mixed-phase cyclic C-C stretching,tau(H16-C4-O8-C7),dihedral,0.12743376860592065,+,0.00965069833907528,0.646287850095482
20,884.2805172118689,,,mixed cyclic C-O stretching / ring-site C-H out-of-plane bending / mixed-phase cyclic C-C stretching,"gamma(H20;C7,C6,O8)",oop,0.09470996299903767,+,0.017335001904548914,0.14886987566679247
20,884.2805172118689,,,mixed cyclic C-O stretching / ring-site C-H out-of-plane bending / mixed-phase cyclic C-C stretching,delta(C1-C2-C9),angle,0.07820179677274623,-,-0.010701100992652044,0.3225661213649848
20,884.2805172118689,,,mixed cyclic C-O stretching / ring-site C-H out-of-plane bending / mixed-phase cyclic C-C stretching,delta(H11-C1-H12),angle,0.0756279525454978,-,-0.011389357986937413,0.27538659836850643
20,884.2805172118689,,,mixed cyclic C-O stretching / ring-site C-H out-of-plane bending / mixed-phase cyclic C-C stretching,nu(C2-C3),bond,0.06547585783200441,+,0.010286781489393252,0.2922678964184281
20,884.2805172118689,,,mixed cyclic C-O stretching / ring-site C-H out-of-plane bending / mixed-phase cyclic C-C stretching,tau(C1-C2-C9-C6),dihedral,0.04777542345532988,-,-0.008994951969165128,0.2789110970433987
20,884.2805172118689,,,mixed cyclic C-O stretching / ring-site C-H out-of-plane bending / mixed-phase cyclic C-C stretching,nu(C5-C6),bond,0.04194666820578313,+,0.007462986204117586,0.35573872105608056
20,884.2805172118689,,,mixed cyclic C-O stretching / ring-site C-H out-of-plane bending / mixed-phase cyclic C-C stretching,nu(C4-H16),bond,0.012692235368175849,-,-0.004208034907023199,0.33856214359648934
20,884.2805172118689,,,mixed cyclic C-O stretching / ring-site C-H out-of-plane bending / mixed-phase cyclic C-C stretching,delta(C2-C1-H11),angle,0.012286559787915034,+,0.005102718092118611,0.2228876950441817
20,884.2805172118689,,,mixed cyclic C-O stretching / ring-site C-H out-of-plane bending / mixed-phase cyclic C-C stretching,delta(H17-C5-H18),angle,0.012129303567295125,-,-0.004289144847327628,0.3114249374201952
20,884.2805172118689,,,mixed cyclic C-O stretching / ring-site C-H out-of-plane bending / mixed-phase cyclic C-C stretching,nu(C6-H19),bond,0.002277254771294767,+,0.0017414644766509339,0.3546837789651513
20,884.2805172118689,,,mixed cyclic C-O stretching / ring-site C-H out-of-plane bending / mixed-phase cyclic C-C stretching,nu(C9-H21),bond,0.0019307901956142751,+,0.001621451671579287,0.346885393723776
20,884.2805172118689,,,mixed cyclic C-O stretching / ring-site C-H out-of-plane bending / mixed-phase cyclic C-C stretching,nu(C7-H20),bond,0.0019249639340228185,+,0.0015901415911515726,0.3595919403531978
20,884.2805172118689,,,mixed cyclic C-O stretching / ring-site C-H out-of-plane bending / mixed-phase cyclic C-C stretching,nu(C5-H17),bond,0.00167343935756473,+,0.001540094830854042,0.33325294701181174
20,884.2805172118689,,,mixed cyclic C-O stretching / ring-site C-H out-of-plane bending / mixed-phase cyclic C-C stretching,delta(H14-C3-H15),angle,0.0007856486372220515,+,0.001325534397681947,0.21120553881908632
20,884.2805172118689,,,mixed cyclic C-O stretching / ring-site C-H out-of-plane bending / mixed-phase cyclic C-C stretching,nu(C1-H12),bond,0.0006745747118461565,+,0.0009784331278643844,0.33283324968659134
20,884.2805172118689,,,mixed cyclic C-O stretching / ring-site C-H out-of-plane bending / mixed-phase cyclic C-C stretching,tau(H11-C1-C2-H13),dihedral,0.00028320379863582993,+,0.0005813953208554178,0.395744562160233
20,884.2805172118689,,,mixed cyclic C-O stretching / ring-site C-H out-of-plane bending / mixed-phase cyclic C-C stretching,nu(C2-H13),bond,0.00019388403445261957,-,-0.0005348993283140616,0.3200787845755846
20,884.2805172118689,,,mixed cyclic C-O stretching / ring-site C-H out-of-plane bending / mixed-phase cyclic C-C stretching,nu(C3-H14),bond,0.00016462288510413369,+,0.00048580814124045494,0.32947280838759274
20,884.2805172118689,,,mixed cyclic C-O stretching / ring-site C-H out-of-plane bending / mixed-phase cyclic C-C stretching,nu(C1-H10),bond,0.0001395519634418226,-,-0.0004441965162489968,0.3340754800027871
20,884.2805172118689,,,mixed cyclic C-O stretching / ring-site C-H out-of-plane bending / mixed-phase cyclic C-C stretching,delta(C7-C6-H19),angle,7.525309309170968e-05,+,0.0004568625517336748,0.17029903189686718
20,884.2805172118689,,,mixed cyclic C-O stretching / ring-site C-H out-of-plane bending / mixed-phase cyclic C-C stretching,nu(C1-H11),bond,3.7179899232211674e-05,+,0.00022966141150473058,0.3329592580761004
20,884.2805172118689,,,mixed cyclic C-O stretching / ring-site C-H out-of-plane bending / mixed-phase cyclic C-C stretching,nu(C5-H18),bond,2.1661898570173226e-05,+,0.00017543671750723286,0.33244092209661535
20,884.2805172118689,,,mixed cyclic C-O stretching / ring-site C-H out-of-plane bending / mixed-phase cyclic C-C stretching,nu(C3-H15),bond,8.56651287450644e-06,-,-0.00011048876043337704,0.33145671015102407
20,884.2805172118689,,,mixed cyclic C-O stretching / ring-site C-H out-of-plane bending / mixed-phase cyclic C-C stretching,delta(C2-C9-H21),angle,6.406939583812355e-06,-,-0.00011444804200555256,0.2310430135999735
21,890.3309975455759,,,mixed mixed-phase cyclic C-C stretching / ring-site C-H out-of-plane bending / ring-site C-H in-plane bending,tau(H15-C3-C4-C5),dihedral,9.321863395225975,-,-0.15114854916558892,0.22906006726638234
21,890.3309975455759,,,mixed mixed-phase cyclic C-C stretching / ring-site C-H out-of-plane bending / ring-site C-H in-plane bending,nu(C6-C7),bond,8.39505278655641,-,-0.11574787565373372,0.351764483756105
21,890.3309975455759,,,mixed mixed-phase cyclic C-C stretching / ring-site C-H out-of-plane bending / ring-site C-H in-plane bending,delta(C5-C4-O8),angle,7.93195502835918,-,-0.048549399261846746,1.8891530232339337
21,890.3309975455759,,,mixed mixed-phase cyclic C-C stretching / ring-site C-H out-of-plane bending / ring-site C-H in-plane bending,delta(C4-C5-H18),angle,6.292170823272284,+,0.10139717158135889,0.3435606678510062
21,890.3309975455759,,,mixed mixed-phase cyclic C-C stretching / ring-site C-H out-of-plane bending / ring-site C-H in-plane bending,"gamma(C6;C9,C2,H21)",oop,5.483395807512211,+,0.07531614262144458,0.5426603274850661
21,890.3309975455759,,,mixed mixed-phase cyclic C-C stretching / ring-site C-H out-of-plane bending / ring-site C-H in-plane bending,delta(C2-C1-H10),angle,5.372600066138045,+,0.11704499054320251,0.22015749068391807
21,890.3309975455759,,,mixed mixed-phase cyclic C-C stretching / ring-site C-H out-of-plane bending / ring-site C-H in-plane bending,delta(C6-C5-H17),angle,5.2109039658731175,-,-0.1004116185451468,0.2901347508842103
21,890.3309975455759,,,mixed mixed-phase cyclic C-C stretching / ring-site C-H out-of-plane bending / ring-site C-H in-plane bending,delta(C4-C3-H15),angle,4.883289230779861,-,-0.08554910256444108,0.37457272194762403
21,890.3309975455759,,,mixed mixed-phase cyclic C-C stretching / ring-site C-H out-of-plane bending / ring-site C-H in-plane bending,nu(C2-C3),bond,4.660733566650651,-,-0.09461584867708872,0.2922678964184281
21,890.3309975455759,,,mixed mixed-phase cyclic C-C stretching / ring-site C-H out-of-plane bending / ring-site C-H in-plane bending,"gamma(H16;C4,C5,O8)",oop,4.316147934888333,+,0.06778263320549012,0.5273683528647449
21,890.3309975455759,,,mixed mixed-phase cyclic C-C stretching / ring-site C-H out-of-plane bending / ring-site C-H in-plane bending,nu(C3-C4),bond,3.8208001824261535,+,0.0802902547730172,0.3327233416142365
21,890.3309975455759,,,mixed mixed-phase cyclic C-C stretching / ring-site C-H out-of-plane bending / ring-site C-H in-plane bending,delta(C2-C1-H12),angle,3.7182357302742335,-,-0.08401360694467251,0.29572788270104006
21,890.3309975455759,,,mixed mixed-phase cyclic C-C stretching / ring-site C-H out-of-plane bending / ring-site C-H in-plane bending,nu(C2-C9),bond,3.278015212887433,-,-0.0746511649601034,0.3302116574664156
21,890.3309975455759,,,mixed mixed-phase cyclic C-C stretching / ring-site C-H out-of-plane bending / ring-site C-H in-plane bending,delta(C1-C2-H13),angle,3.2304933401297085,-,-0.08561372188653843,0.24742108678985417
21,890.3309975455759,,,mixed mixed-phase cyclic C-C stretching / ring-site C-H out-of-plane bending / ring-site C-H in-plane bending,tau(H11-C1-C2-C9),dihedral,2.900557300623952,+,0.08166716254607986,0.24414123171457477
21,890.3309975455759,,,mixed mixed-phase cyclic C-C stretching / ring-site C-H out-of-plane bending / ring-site C-H in-plane bending,tau(C3-C4-C5-H18),dihedral,2.6425751435166545,-,-0.05545133886632217,0.4824561953511669
21,890.3309975455759,,,mixed mixed-phase cyclic C-C stretching / ring-site C-H out-of-plane bending / ring-site C-H in-plane bending,tau(C3-C4-O8-C7),dihedral,2.532932158013209,-,-0.03897282895798287,0.9361691167181562
21,890.3309975455759,,,mixed mixed-phase cyclic C-C stretching / ring-site C-H out-of-plane bending / ring-site C-H in-plane bending,delta(C6-C5-H18),angle,2.0661047988463284,+,0.03600785306380771,0.8945662439133465
21,890.3309975455759,,,mixed mixed-phase cyclic C-C stretching / ring-site C-H out-of-plane bending / ring-site C-H in-plane bending,delta(C5-C6-C7),angle,1.9698984171806393,-,-0.02940233049561728,1.2791896492453412
21,890.3309975455759,,,mixed mixed-phase cyclic C-C stretching / ring-site C-H out-of-plane bending / ring-site C-H in-plane bending,tau(C2-C3-C4-H16),dihedral,1.958097231626408,+,0.06327170193046437,0.27458059099928556
21,890.3309975455759,,,mixed mixed-phase cyclic C-C stretching / ring-site C-H out-of-plane bending / ring-site C-H in-plane bending,"gamma(C2;C3,H14,H15)",oop,1.9364070088118954,-,-0.0590917369381216,0.31131335337326066
21,890.3309975455759,,,mixed mixed-phase cyclic C-C stretching / ring-site C-H out-of-plane bending / ring-site C-H in-plane bending,nu(C4-O8),bond,1.0944040544512859,+,0.043093170624794584,0.3308380182485744
21,890.3309975455759,,,mixed mixed-phase cyclic C-C stretching / ring-site C-H out-of-plane bending / ring-site C-H in-plane bending,delta(C2-C1-H11),angle,0.7878817608836856,-,-0.04454662279458296,0.2228876950441817
21,890.3309975455759,,,mixed mixed-phase cyclic C-C stretching / ring-site C-H out-of-plane bending / ring-site C-H in-plane bending,nu(C7-O8),bond,0.7086648652157427,+,0.03377151762276738,0.34881436505138363
21,890.3309975455759,,,mixed mixed-phase cyclic C-C stretching / ring-site C-H out-of-plane bending / ring-site C-H in-plane bending,tau(H11-C1-C2-H13),dihedral,0.7049000144933812,+,0.03162158169742213,0.395744562160233
21,890.3309975455759,,,mixed mixed-phase cyclic C-C stretching / ring-site C-H out-of-plane bending / ring-site C-H in-plane bending,nu(C1-C2),bond,0.653494337834237,-,-0.036688082414510534,0.2725501455699407
21,890.3309975455759,,,mixed mixed-phase cyclic C-C stretching / ring-site C-H out-of-plane bending / ring-site C-H in-plane bending,tau(H10-C1-C2-H13),dihedral,0.590940081434626,-,-0.04352639534064115,0.17510262560992168
21,890.3309975455759,,,mixed mixed-phase cyclic C-C stretching / ring-site C-H out-of-plane bending / ring-site C-H in-plane bending,"gamma(C2;C9,C6,C7)",oop,0.551955668947626,+,0.01904089497044247,0.8546417378486717
21,890.3309975455759,,,mixed mixed-phase cyclic C-C stretching / ring-site C-H out-of-plane bending / ring-site C-H in-plane bending,nu(C6-C9),bond,0.5010899579400175,+,0.03120153299928102,0.2889471730639286
21,890.3309975455759,,,mixed mixed-phase cyclic C-C stretching / ring-site C-H out-of-plane bending / ring-site C-H in-plane bending,delta(C2-C9-H21),angle,0.4312362343802519,-,-0.03236968773361992,0.2310430135999735
21,890.3309975455759,,,mixed mixed-phase cyclic C-C stretching / ring-site C-H out-of-plane bending / ring-site C-H in-plane bending,tau(H16-C4-O8-C7),dihedral,0.4254694955161504,-,-0.019224211067670284,0.646287850095482
21,890.3309975455759,,,mixed mixed-phase cyclic C-C stretching / ring-site C-H out-of-plane bending / ring-site C-H in-plane bending,tau(C3-C2-C9-H21),dihedral,0.3910977084354692,-,-0.021581535922619934,0.4713843801432477
21,890.3309975455759,,,mixed mixed-phase cyclic C-C stretching / ring-site C-H out-of-plane bending / ring-site C-H in-plane bending,"gamma(H20;C7,C6,C9)",oop,0.2762774688568192,-,-0.025993769517951338,0.2295416801376045
21,890.3309975455759,,,mixed mixed-phase cyclic C-C stretching / ring-site C-H out-of-plane bending / ring-site C-H in-plane bending,delta(H11-C1-H12),angle,0.2756465622278977,-,-0.02370457630011471,0.27538659836850643
21,890.3309975455759,,,mixed mixed-phase cyclic C-C stretching / ring-site C-H out-of-plane bending / ring-site C-H in-plane bending,"gamma(H20;C7,C6,O8)",oop,0.1338485633503446,-,-0.022466258510854358,0.14886987566679247
21,890.3309975455759,,,mixed mixed-phase cyclic C-C stretching / ring-site C-H out-of-plane bending / ring-site C-H in-plane bending,nu(C7-C9),bond,0.1167936598748131,+,0.014274578781908657,0.3217712809389961
21,890.3309975455759,,,mixed mixed-phase cyclic C-C stretching / ring-site C-H out-of-plane bending / ring-site C-H in-plane bending,nu(C5-C6),bond,0.09388107619738913,+,0.01217168677294882,0.35573872105608056
21,890.3309975455759,,,mixed mixed-phase cyclic C-C stretching / ring-site C-H out-of-plane bending / ring-site C-H in-plane bending,delta(C7-C6-H19),angle,0.08426828950301002,+,0.016666841577482758,0.17029903189686718
21,890.3309975455759,,,mixed mixed-phase cyclic C-C stretching / ring-site C-H out-of-plane bending / ring-site C-H in-plane bending,tau(C2-C3-C4-C5),dihedral,0.07342957240468923,-,-0.007788154514163442,0.6796048915723832
21,890.3309975455759,,,mixed mixed-phase cyclic C-C stretching / ring-site C-H out-of-plane bending / ring-site C-H in-plane bending,nu(C4-C5),bond,0.07077075118246982,-,-0.010950526758185551,0.33131294059860933
21,890.3309975455759,,,mixed mixed-phase cyclic C-C stretching / ring-site C-H out-of-plane bending / ring-site C-H in-plane bending,delta(H14-C3-H15),angle,0.03674416407398686,-,-0.009882545938473502,0.21120553881908632
21,890.3309975455759,,,mixed mixed-phase cyclic C-C stretching / ring-site C-H out-of-plane bending / ring-site C-H in-plane bending,tau(C1-C2-C9-C6),dihedral,0.034006386490704484,+,0.008273221537262912,0.2789110970433987
21,890.3309975455759,,,mixed mixed-phase cyclic C-C stretching / ring-site C-H out-of-plane bending / ring-site C-H in-plane bending,delta(H17-C5-H18),angle,0.015572612382193436,-,-0.005298236638360338,0.3114249374201952
21,890.3309975455759,,,mixed mixed-phase cyclic C-C stretching / ring-site C-H out-of-plane bending / ring-site C-H in-plane bending,nu(C2-H13),bond,0.006413863848075293,+,0.0033539665835204645,0.3200787845755846
21,890.3309975455759,,,mixed mixed-phase cyclic C-C stretching / ring-site C-H out-of-plane bending / ring-site C-H in-plane bending,tau(H19-C6-C7-O8),dihedral,0.0036519934148165597,+,0.00401818141555193,0.12697713378346867
21,890.3309975455759,,,mixed mixed-phase cyclic C-C stretching / ring-site C-H out-of-plane bending / ring-site C-H in-plane bending,nu(C7-H20),bond,0.0030572280102971736,-,-0.0021846720273795903,0.3595919403531978
21,890.3309975455759,,,mixed mixed-phase cyclic C-C stretching / ring-site C-H out-of-plane bending / ring-site C-H in-plane bending,nu(C5-H18),bond,0.002926799741795721,-,-0.0022231387699316167,0.33244092209661535
21,890.3309975455759,,,mixed mixed-phase cyclic C-C stretching / ring-site C-H out-of-plane bending / ring-site C-H in-plane bending,nu(C1-H10),bond,0.002415210665531196,-,-0.0020145707127434075,0.3340754800027871
21,890.3309975455759,,,mixed mixed-phase cyclic C-C stretching / ring-site C-H out-of-plane bending / ring-site C-H in-plane bending,nu(C3-H14),bond,0.0019730364771035104,-,-0.0018335175697658077,0.32947280838759274
21,890.3309975455759,,,mixed mixed-phase cyclic C-C stretching / ring-site C-H out-of-plane bending / ring-site C-H in-plane bending,delta(C1-C2-C9),angle,0.0019658348648732954,+,0.0018496580551532432,0.3225661213649848
21,890.3309975455759,,,mixed mixed-phase cyclic C-C stretching / ring-site C-H out-of-plane bending / ring-site C-H in-plane bending,nu(C9-H21),bond,0.0017448064349591336,-,-0.0016803816411560366,0.346885393723776
21,890.3309975455759,,,mixed mixed-phase cyclic C-C stretching / ring-site C-H out-of-plane bending / ring-site C-H in-plane bending,nu(C1-H12),bond,0.0004538705807334825,+,0.0008749434244347398,0.33283324968659134
21,890.3309975455759,,,mixed mixed-phase cyclic C-C stretching / ring-site C-H out-of-plane bending / ring-site C-H in-plane bending,nu(C3-H15),bond,0.0003147594627258433,+,0.0007301352187480094,0.33145671015102407
21,890.3309975455759,,,mixed mixed-phase cyclic C-C stretching / ring-site C-H out-of-plane bending / ring-site C-H in-plane bending,nu(C5-H17),bond,0.00015703043185519972,+,0.0005143185884488876,0.33325294701181174
21,890.3309975455759,,,mixed mixed-phase cyclic C-C stretching / ring-site C-H out-of-plane bending / ring-site C-H in-plane bending,nu(C1-H11),bond,0.00013705593973975,+,0.0004807072707553506,0.3329592580761004
21,890.3309975455759,,,mixed mixed-phase cyclic C-C stretching / ring-site C-H out-of-plane bending / ring-site C-H in-plane bending,nu(C4-H16),bond,0.00010944155407215666,+,0.00042598983440285366,0.33856214359648934
21,890.3309975455759,,,mixed mixed-phase cyclic C-C stretching / ring-site C-H out-of-plane bending / ring-site C-H in-plane bending,nu(C6-H19),bond,7.665290393983626e-05,+,0.00034831401577388156,0.3546837789651513
22,920.7241993437362,,,mixed mixed-phase cyclic C-C stretching / ring-site C-H out-of-plane bending,nu(C5-C6),bond,19.506246031891894,+,0.16200918460562153,0.35573872105608056
22,920.7241993437362,,,mixed mixed-phase cyclic C-C stretching / ring-site C-H out-of-plane bending,nu(C7-O8),bond,12.831018649492579,+,0.13269414002595484,0.34881436505138363
22,920.7241993437362,,,mixed mixed-phase cyclic C-C stretching / ring-site C-H out-of-plane bending,nu(C2-C9),bond,5.937793736109914,+,0.09277580046970459,0.3302116574664156
22,920.7241993437362,,,mixed mixed-phase cyclic C-C stretching / ring-site C-H out-of-plane bending,delta(C2-C1-H11),angle,5.58636042492091,+,0.10953168953199337,0.2228876950441817
22,920.7241993437362,,,mixed mixed-phase cyclic C-C stretching / ring-site C-H out-of-plane bending,tau(H16-C4-O8-C7),dihedral,5.56989179031629,-,-0.06422864208515451,0.646287850095482
22,920.7241993437362,,,mixed mixed-phase cyclic C-C stretching / ring-site C-H out-of-plane bending,nu(C2-C3),bond,4.492017436310136,-,-0.08577258853295387,0.2922678964184281
22,920.7241993437362,,,mixed mixed-phase cyclic C-C stretching / ring-site C-H out-of-plane bending,nu(C6-C7),bond,4.022781650276886,+,0.0739870298219512,0.351764483756105
22,920.7241993437362,,,mixed mixed-phase cyclic C-C stretching / ring-site C-H out-of-plane bending,delta(C2-C1-H12),angle,3.8876958321965285,-,-0.07932651216524075,0.29572788270104006
22,920.7241993437362,,,mixed mixed-phase cyclic C-C stretching / ring-site C-H out-of-plane bending,nu(C7-C9),bond,3.527606094910507,+,0.07244105382402886,0.3217712809389961
22,920.7241993437362,,,mixed mixed-phase cyclic C-C stretching / ring-site C-H out-of-plane bending,delta(C6-C5-H18),angle,3.3185579252779127,+,0.04213925034542046,0.8945662439133465
22,920.7241993437362,,,mixed mixed-phase cyclic C-C stretching / ring-site C-H out-of-plane bending,tau(H19-C6-C7-O8),dihedral,3.180157091062038,+,0.10949136851408024,0.12697713378346867
22,920.7241993437362,,,mixed mixed-phase cyclic C-C stretching / ring-site C-H out-of-plane bending,"gamma(H20;C7,C6,C9)",oop,2.931454572188505,+,0.07818603025330845,0.2295416801376045
22,920.7241993437362,,,mixed mixed-phase cyclic C-C stretching / ring-site C-H out-of-plane bending,delta(C7-C6-H19),angle,2.844242080044198,+,0.08941194580807049,0.17029903189686718
22,920.7241993437362,,,mixed mixed-phase cyclic C-C stretching / ring-site C-H out-of-plane bending,"gamma(C2;C9,C6,C7)",oop,2.693157967879643,-,-0.03883803258069248,0.8546417378486717
22,920.7241993437362,,,mixed mixed-phase cyclic C-C stretching / ring-site C-H out-of-plane bending,nu(C4-C5),bond,2.4675409114647113,+,0.05970783699076881,0.33131294059860933
22,920.7241993437362,,,mixed mixed-phase cyclic C-C stretching / ring-site C-H out-of-plane bending,nu(C6-C9),bond,1.9267099238413372,+,0.05649594784250334,0.2889471730639286
22,920.7241993437362,,,mixed mixed-phase cyclic C-C stretching / ring-site C-H out-of-plane bending,"gamma(H16;C4,C5,O8)",oop,1.8246067721563763,+,0.040695460392963415,0.5273683528647449
22,920.7241993437362,,,mixed mixed-phase cyclic C-C stretching / ring-site C-H out-of-plane bending,"gamma(H20;C7,C6,O8)",oop,1.619160661907221,-,-0.0721539176171066,0.14886987566679247
22,920.7241993437362,,,mixed mixed-phase cyclic C-C stretching / ring-site C-H out-of-plane bending,tau(H11-C1-C2-C9),dihedral,1.5265353479786652,+,0.054708048591044146,0.24414123171457477
22,920.7241993437362,,,mixed mixed-phase cyclic C-C stretching / ring-site C-H out-of-plane bending,tau(H15-C3-C4-C5),dihedral,1.5040798823991728,+,0.05606335921357251,0.22906006726638234
22,920.7241993437362,,,mixed mixed-phase cyclic C-C stretching / ring-site C-H out-of-plane bending,delta(C5-C4-O8),angle,1.4700689340877093,+,0.019299836873818445,1.8891530232339337
22,920.7241993437362,,,mixed mixed-phase cyclic C-C stretching / ring-site C-H out-of-plane bending,tau(H11-C1-C2-H13),dihedral,1.4125925466469478,+,0.04133513251545857,0.395744562160233
22,920.7241993437362,,,mixed mixed-phase cyclic C-C stretching / ring-site C-H out-of-plane bending,delta(C4-C5-H18),angle,0.8321555009755239,+,0.03405013845091052,0.3435606678510062
22,920.7241993437362,,,mixed mixed-phase cyclic C-C stretching / ring-site C-H out-of-plane bending,delta(C5-C6-C7),angle,0.7981666457240646,-,-0.01728214626477821,1.2791896492453412
22,920.7241993437362,,,mixed mixed-phase cyclic C-C stretching / ring-site C-H out-of-plane bending,tau(C3-C4-C5-H18),dihedral,0.6507006360989285,-,-0.02540855861041186,0.4824561953511669
22,920.7241993437362,,,mixed mixed-phase cyclic C-C stretching / ring-site C-H out-of-plane bending,delta(C1-C2-C9),angle,0.5388967162892262,-,-0.02827885034839728,0.3225661213649848
22,920.7241993437362,,,mixed mixed-phase cyclic C-C stretching / ring-site C-H out-of-plane bending,delta(C6-C5-H17),angle,0.42588417169430487,-,-0.02650722301898577,0.2901347508842103
22,920.7241993437362,,,mixed mixed-phase cyclic C-C stretching / ring-site C-H out-of-plane bending,nu(C4-O8),bond,0.4031358288763212,+,0.02415106855491621,0.3308380182485744
22,920.7241993437362,,,mixed mixed-phase cyclic C-C stretching / ring-site C-H out-of-plane bending,delta(C2-C1-H10),angle,0.40221803870508727,-,-0.029572115636670997,0.22015749068391807
22,920.7241993437362,,,mixed mixed-phase cyclic C-C stretching / ring-site C-H out-of-plane bending,tau(H10-C1-C2-H13),dihedral,0.3593967883788929,-,-0.031344339588593916,0.17510262560992168
22,920.7241993437362,,,mixed mixed-phase cyclic C-C stretching / ring-site C-H out-of-plane bending,nu(C3-C4),bond,0.2982416706465955,-,-0.0207138527317997,0.3327233416142365
22,920.7241993437362,,,mixed mixed-phase cyclic C-C stretching / ring-site C-H out-of-plane bending,tau(C3-C4-O8-C7),dihedral,0.21931931920940675,-,-0.010589602212250464,0.9361691167181562
22,920.7241993437362,,,mixed mixed-phase cyclic C-C stretching / ring-site C-H out-of-plane bending,"gamma(C2;C3,H14,H15)",oop,0.2113224932980911,-,-0.018025708569075087,0.31131335337326066
22,920.7241993437362,,,mixed mixed-phase cyclic C-C stretching / ring-site C-H out-of-plane bending,"gamma(C6;C9,C2,H21)",oop,0.17091679824590492,-,-0.012278539031123213,0.5426603274850661
22,920.7241993437362,,,mixed mixed-phase cyclic C-C stretching / ring-site C-H out-of-plane bending,nu(C1-C2),bond,0.1649771315780529,-,-0.017021860307004155,0.2725501455699407
22,920.7241993437362,,,mixed mixed-phase cyclic C-C stretching / ring-site C-H out-of-plane bending,tau(C3-C2-C9-H21),dihedral,0.11233143875373029,+,0.010680250131181387,0.4713843801432477
22,920.7241993437362,,,mixed mixed-phase cyclic C-C stretching / ring-site C-H out-of-plane bending,delta(C1-C2-H13),angle,0.07662268868620628,+,0.012175272653731216,0.24742108678985417
22,920.7241993437362,,,mixed mixed-phase cyclic C-C stretching / ring-site C-H out-of-plane bending,tau(C1-C2-C9-C6),dihedral,0.0540272367365486,-,-0.009629236159296966,0.2789110970433987
22,920.7241993437362,,,mixed mixed-phase cyclic C-C stretching / ring-site C-H out-of-plane bending,delta(H14-C3-H15),angle,0.04564346102866147,-,-0.010170797079046973,0.21120553881908632
22,920.7241993437362,,,mixed mixed-phase cyclic C-C stretching / ring-site C-H out-of-plane bending,nu(C6-H19),bond,0.0355151302149577,+,0.006923160487819304,0.3546837789651513
22,920.7241993437362,,,mixed mixed-phase cyclic C-C stretching / ring-site C-H out-of-plane bending,tau(C2-C3-C4-C5),dihedral,0.026159388841709784,+,0.0042924367623910185,0.6796048915723832
22,920.7241993437362,,,mixed mixed-phase cyclic C-C stretching / ring-site C-H out-of-plane bending,nu(C9-H21),bond,0.022102319976094523,+,0.005522608809153916,0.346885393723776
22,920.7241993437362,,,mixed mixed-phase cyclic C-C stretching / ring-site C-H out-of-plane bending,nu(C7-H20),bond,0.016262864422991075,+,0.004652773413136436,0.3595919403531978
22,920.7241993437362,,,mixed mixed-phase cyclic C-C stretching / ring-site C-H out-of-plane bending,delta(H11-C1-H12),angle,0.016182361108738018,+,0.005303565054744529,0.27538659836850643
22,920.7241993437362,,,mixed mixed-phase cyclic C-C stretching / ring-site C-H out-of-plane bending,delta(H17-C5-H18),angle,0.014387031819436418,-,-0.004702483346475001,0.3114249374201952
22,920.7241993437362,,,mixed mixed-phase cyclic C-C stretching / ring-site C-H out-of-plane bending,nu(C5-H17),bond,0.005475336095982225,+,0.0028043792767848135,0.33325294701181174
22,920.7241993437362,,,mixed mixed-phase cyclic C-C stretching / ring-site C-H out-of-plane bending,nu(C4-H16),bond,0.005219448249592361,+,0.0027165109324187465,0.33856214359648934
22,920.7241993437362,,,mixed mixed-phase cyclic C-C stretching / ring-site C-H out-of-plane bending,delta(C4-C3-H15),angle,0.004745937293881281,+,0.002462698701969875,0.37457272194762403
22,920.7241993437362,,,mixed mixed-phase cyclic C-C stretching / ring-site C-H out-of-plane bending,delta(C2-C9-H21),angle,0.0039890097940252405,+,0.0028747791611305512,0.2310430135999735
22,920.7241993437362,,,mixed mixed-phase cyclic C-C stretching / ring-site C-H out-of-plane bending,tau(C2-C3-C4-H16),dihedral,0.001852733188373769,+,0.0017971729777630447,0.27458059099928556
22,920.7241993437362,,,mixed mixed-phase cyclic C-C stretching / ring-site C-H out-of-plane bending,nu(C3-H14),bond,0.001402293507533745,+,0.001427341949331121,0.32947280838759274
22,920.7241993437362,,,mixed mixed-phase cyclic C-C stretching / ring-site C-H out-of-plane bending,nu(C1-H11),bond,0.0011917088911639416,-,-0.0013089043145447087,0.3329592580761004
22,920.7241993437362,,,mixed mixed-phase cyclic C-C stretching / ring-site C-H out-of-plane bending,nu(C2-H13),bond,0.0005467415120410787,-,-0.0009042342172247086,0.3200787845755846
22,920.7241993437362,,,mixed mixed-phase cyclic C-C stretching / ring-site C-H out-of-plane bending,nu(C1-H12),bond,0.00044434316812826786,+,0.0007994002099515761,0.33283324968659134
22,920.7241993437362,,,mixed mixed-phase cyclic C-C stretching / ring-site C-H out-of-plane bending,nu(C1-H10),bond,0.00023605981279648636,+,0.0005815768163334812,0.3340754800027871
22,920.7241993437362,,,mixed mixed-phase cyclic C-C stretching / ring-site C-H out-of-plane bending,nu(C3-H15),bond,3.9223714904817745e-05,+,0.00023800129006875607,0.33145671015102407
22,920.7241993437362,,,mixed mixed-phase cyclic C-C stretching / ring-site C-H out-of-plane bending,nu(C5-H18),bond,1.5240102041806912e-05,-,-0.0001481341041400034,0.33244092209661535
23,950.6115403040538,,,mixed mixed-phase cyclic C-C stretching / ring-site C-H out-of-plane bending,tau(C2-C3-C4-C5),dihedral,14.033752571450178,-,-0.11303782007511433,0.6796048915723832
23,950.6115403040538,,,mixed mixed-phase cyclic C-C stretching / ring-site C-H out-of-plane bending,nu(C4-O8),bond,13.793132279715662,+,0.16061601971665096,0.3308380182485744
23,950.6115403040538,,,mixed mixed-phase cyclic C-C stretching / ring-site C-H out-of-plane bending,nu(C6-C7),bond,8.213926590479955,-,-0.12020278455583112,0.351764483756105
23,950.6115403040538,,,mixed mixed-phase cyclic C-C stretching / ring-site C-H out-of-plane bending,delta(C7-C6-H19),angle,4.839769073372607,+,0.1326084944806365,0.17029903189686718
23,950.6115403040538,,,mixed mixed-phase cyclic C-C stretching / ring-site C-H out-of-plane bending,delta(C2-C1-H12),angle,4.676985102084943,+,0.09892406869009267,0.29572788270104006
23,950.6115403040538,,,mixed mixed-phase cyclic C-C stretching / ring-site C-H out-of-plane bending,delta(C2-C1-H10),angle,4.579651967558752,-,-0.11345264312913259,0.22015749068391807
23,950.6115403040538,,,mixed mixed-phase cyclic C-C stretching / ring-site C-H out-of-plane bending,tau(H16-C4-O8-C7),dihedral,4.162255905974833,+,0.06312719719951998,0.646287850095482
23,950.6115403040538,,,mixed mixed-phase cyclic C-C stretching / ring-site C-H out-of-plane bending,delta(C5-C4-O8),angle,4.144891575285901,-,-0.03684581205177099,1.8891530232339337
23,950.6115403040538,,,mixed mixed-phase cyclic C-C stretching / ring-site C-H out-of-plane bending,nu(C2-C9),bond,3.2562543961766273,-,-0.07811385603391717,0.3302116574664156
23,950.6115403040538,,,mixed mixed-phase cyclic C-C stretching / ring-site C-H out-of-plane bending,delta(C4-C3-H15),angle,3.0531236698058803,+,0.07101813099434294,0.37457272194762403
23,950.6115403040538,,,mixed mixed-phase cyclic C-C stretching / ring-site C-H out-of-plane bending,nu(C6-C9),bond,3.0260700228995465,+,0.08049990646672787,0.2889471730639286
23,950.6115403040538,,,mixed mixed-phase cyclic C-C stretching / ring-site C-H out-of-plane bending,delta(C6-C5-H17),angle,2.8498100392057752,-,-0.07796024500336818,0.2901347508842103
23,950.6115403040538,,,mixed mixed-phase cyclic C-C stretching / ring-site C-H out-of-plane bending,"gamma(H20;C7,C6,O8)",oop,2.7472677378131385,-,-0.10685926784528452,0.14886987566679247
23,950.6115403040538,,,mixed mixed-phase cyclic C-C stretching / ring-site C-H out-of-plane bending,tau(C3-C2-C9-H21),dihedral,2.4050812205457572,-,-0.05618784734960522,0.4713843801432477
23,950.6115403040538,,,mixed mixed-phase cyclic C-C stretching / ring-site C-H out-of-plane bending,tau(H10-C1-C2-H13),dihedral,2.394442992440058,+,0.09198585210325835,0.17510262560992168
23,950.6115403040538,,,mixed mixed-phase cyclic C-C stretching / ring-site C-H out-of-plane bending,tau(H11-C1-C2-C9),dihedral,2.1149197758471305,-,-0.07321355537763033,0.24414123171457477
23,950.6115403040538,,,mixed mixed-phase cyclic C-C stretching / ring-site C-H out-of-plane bending,tau(H15-C3-C4-C5),dihedral,2.062238323263204,+,0.07463797510623205,0.22906006726638234
23,950.6115403040538,,,mixed mixed-phase cyclic C-C stretching / ring-site C-H out-of-plane bending,tau(C3-C4-C5-H18),dihedral,1.869481876908462,+,0.04896624485056082,0.4824561953511669
23,950.6115403040538,,,mixed mixed-phase cyclic C-C stretching / ring-site C-H out-of-plane bending,"gamma(C6;C9,C2,H21)",oop,1.558297479318152,+,0.04215278387736104,0.5426603274850661
23,950.6115403040538,,,mixed mixed-phase cyclic C-C stretching / ring-site C-H out-of-plane bending,tau(C2-C3-C4-H16),dihedral,1.5441012589061547,-,-0.058988599432841515,0.27458059099928556
23,950.6115403040538,,,mixed mixed-phase cyclic C-C stretching / ring-site C-H out-of-plane bending,delta(C1-C2-H13),angle,1.3378011760109803,+,0.057841899378554086,0.24742108678985417
23,950.6115403040538,,,mixed mixed-phase cyclic C-C stretching / ring-site C-H out-of-plane bending,tau(H19-C6-C7-O8),dihedral,1.2414575971437956,+,0.07778006459070151,0.12697713378346867
23,950.6115403040538,,,mixed mixed-phase cyclic C-C stretching / ring-site C-H out-of-plane bending,delta(C4-C5-H18),angle,1.1834131744619898,-,-0.046166993665253425,0.3435606678510062
23,950.6115403040538,,,mixed mixed-phase cyclic C-C stretching / ring-site C-H out-of-plane bending,"gamma(C2;C3,H14,H15)",oop,1.183194241527613,-,-0.04849469842436172,0.31131335337326066
23,950.6115403040538,,,mixed mixed-phase cyclic C-C stretching / ring-site C-H out-of-plane bending,nu(C4-C5),bond,1.0039045965819575,-,-0.04330042268735907,0.33131294059860933
23,950.6115403040538,,,mixed mixed-phase cyclic C-C stretching / ring-site C-H out-of-plane bending,tau(C3-C4-O8-C7),dihedral,0.9806603735819261,+,0.025459347703216624,0.9361691167181562
23,950.6115403040538,,,mixed mixed-phase cyclic C-C stretching / ring-site C-H out-of-plane bending,nu(C3-C4),bond,0.9320180382236883,-,-0.04163280174073023,0.3327233416142365
23,950.6115403040538,,,mixed mixed-phase cyclic C-C stretching / ring-site C-H out-of-plane bending,"gamma(C2;C9,C6,C7)",oop,0.828572175746566,+,0.02449278878647203,0.8546417378486717
23,950.6115403040538,,,mixed mixed-phase cyclic C-C stretching / ring-site C-H out-of-plane bending,nu(C7-O8),bond,0.816411116758413,+,0.03805593423497487,0.34881436505138363
23,950.6115403040538,,,mixed mixed-phase cyclic C-C stretching / ring-site C-H out-of-plane bending,delta(C5-C6-C7),angle,0.8090555444428279,+,0.01978275693407144,1.2791896492453412
23,950.6115403040538,,,mixed mixed-phase cyclic C-C stretching / ring-site C-H out-of-plane bending,nu(C2-C3),bond,0.5515711740291971,+,0.0341723887048178,0.2922678964184281
23,950.6115403040538,,,mixed mixed-phase cyclic C-C stretching / ring-site C-H out-of-plane bending,nu(C5-C6),bond,0.5190009591971233,-,-0.03004578979970183,0.35573872105608056
23,950.6115403040538,,,mixed mixed-phase cyclic C-C stretching / ring-site C-H out-of-plane bending,"gamma(H20;C7,C6,C9)",oop,0.3405661772041893,-,-0.03029947427936337,0.2295416801376045
23,950.6115403040538,,,mixed mixed-phase cyclic C-C stretching / ring-site C-H out-of-plane bending,delta(H11-C1-H12),angle,0.30664313285552464,+,0.026248853251276023,0.27538659836850643
23,950.6115403040538,,,mixed mixed-phase cyclic C-C stretching / ring-site C-H out-of-plane bending,nu(C1-C2),bond,0.27074248668361467,-,-0.024792487994136934,0.2725501455699407
23,950.6115403040538,,,mixed mixed-phase cyclic C-C stretching / ring-site C-H out-of-plane bending,delta(C2-C9-H21),angle,0.16887560723522965,+,0.02126680042600379,0.2310430135999735
23,950.6115403040538,,,mixed mixed-phase cyclic C-C stretching / ring-site C-H out-of-plane bending,nu(C7-C9),bond,0.052760083857253115,-,-0.010072660886092467,0.3217712809389961
23,950.6115403040538,,,mixed mixed-phase cyclic C-C stretching / ring-site C-H out-of-plane bending,"gamma(H16;C4,C5,O8)",oop,0.040257342435800654,+,0.006872751364514809,0.5273683528647449
23,950.6115403040538,,,mixed mixed-phase cyclic C-C stretching / ring-site C-H out-of-plane bending,tau(C1-C2-C9-C6),dihedral,0.029445099246750577,+,0.008082370006419362,0.2789110970433987
23,950.6115403040538,,,mixed mixed-phase cyclic C-C stretching / ring-site C-H out-of-plane bending,delta(C2-C1-H11),angle,0.028576127340504655,+,0.008906842110711188,0.2228876950441817
23,950.6115403040538,,,mixed mixed-phase cyclic C-C stretching / ring-site C-H out-of-plane bending,delta(C1-C2-C9),angle,0.01532522747282027,+,0.00542199612295051,0.3225661213649848
23,950.6115403040538,,,mixed mixed-phase cyclic C-C stretching / ring-site C-H out-of-plane bending,delta(C6-C5-H18),angle,0.01235126400493763,+,0.002922904078669634,0.8945662439133465
23,950.6115403040538,,,mixed mixed-phase cyclic C-C stretching / ring-site C-H out-of-plane bending,delta(H17-C5-H18),angle,0.011168128021568073,-,-0.004710625871294595,0.3114249374201952
23,950.6115403040538,,,mixed mixed-phase cyclic C-C stretching / ring-site C-H out-of-plane bending,delta(H14-C3-H15),angle,0.002431313068593201,-,-0.0026689037053327794,0.21120553881908632
23,950.6115403040538,,,mixed mixed-phase cyclic C-C stretching / ring-site C-H out-of-plane bending,nu(C3-H15),bond,0.0024128461965572923,-,-0.0021223476557649555,0.33145671015102407
23,950.6115403040538,,,mixed mixed-phase cyclic C-C stretching / ring-site C-H out-of-plane bending,nu(C1-H12),bond,0.0016452399867122548,-,-0.0017489056850879998,0.33283324968659134
23,950.6115403040538,,,mixed mixed-phase cyclic C-C stretching / ring-site C-H out-of-plane bending,nu(C3-H14),bond,0.0013572198547960755,+,0.0015965422916967547,0.32947280838759274
23,950.6115403040538,,,mixed mixed-phase cyclic C-C stretching / ring-site C-H out-of-plane bending,tau(H11-C1-C2-H13),dihedral,0.0009834957925727698,-,-0.0012400633986644433,0.395744562160233
23,950.6115403040538,,,mixed mixed-phase cyclic C-C stretching / ring-site C-H out-of-plane bending,nu(C1-H10),bond,0.0008197324369437567,+,0.0012321933872476841,0.3340754800027871
23,950.6115403040538,,,mixed mixed-phase cyclic C-C stretching / ring-site C-H out-of-plane bending,nu(C5-H18),bond,0.0004455884900851949,+,0.0009106989942873073,0.33244092209661535
23,950.6115403040538,,,mixed mixed-phase cyclic C-C stretching / ring-site C-H out-of-plane bending,nu(C1-H11),bond,0.0003201245807967631,-,-0.0007713102057268739,0.3329592580761004
23,950.6115403040538,,,mixed mixed-phase cyclic C-C stretching / ring-site C-H out-of-plane bending,nu(C7-H20),bond,0.00016860812704227787,-,-0.0005386409798562399,0.3595919403531978
23,950.6115403040538,,,mixed mixed-phase cyclic C-C stretching / ring-site C-H out-of-plane bending,nu(C9-H21),bond,0.00010436972012586208,-,-0.00043147870514750924,0.346885393723776
23,950.6115403040538,,,mixed mixed-phase cyclic C-C stretching / ring-site C-H out-of-plane bending,nu(C2-H13),bond,3.6231929566939325e-05,-,-0.0002646564002632366,0.3200787845755846
23,950.6115403040538,,,mixed mixed-phase cyclic C-C stretching / ring-site C-H out-of-plane bending,nu(C6-H19),bond,2.8259019495238186e-05,-,-0.00022203579558920266,0.3546837789651513
23,950.6115403040538,,,mixed mixed-phase cyclic C-C stretching / ring-site C-H out-of-plane bending,nu(C5-H17),bond,2.077616067866576e-05,-,-0.00019640871866898963,0.33325294701181174
23,950.6115403040538,,,mixed mixed-phase cyclic C-C stretching / ring-site C-H out-of-plane bending,nu(C4-H16),bond,1.4915190524261087e-06,-,-5.2210796524210396e-05,0.33856214359648934
24,983.3983011463249,,,mixed ring-site C-H out-of-plane bending / ring-site C-H in-plane bending,tau(C3-C4-C5-H18),dihedral,18.255660837849856,-,-0.18454126283201602,0.4824561953511669
24,983.3983011463249,,,mixed ring-site C-H out-of-plane bending / ring-site C-H in-plane bending,delta(C6-C5-H18),angle,16.48421183775748,+,0.12878091103662972,0.8945662439133465
24,983.3983011463249,,,mixed ring-site C-H out-of-plane bending / ring-site C-H in-plane bending,nu(C4-C5),bond,6.965182453675099,-,-0.13755320115915384,0.33131294059860933
24,983.3983011463249,,,mixed ring-site C-H out-of-plane bending / ring-site C-H in-plane bending,"gamma(C6;C9,C2,H21)",oop,5.792350993142697,-,-0.09801376040015651,0.5426603274850661
24,983.3983011463249,,,mixed ring-site C-H out-of-plane bending / ring-site C-H in-plane bending,tau(C3-C2-C9-H21),dihedral,5.236586797273366,+,0.09999083892737477,0.4713843801432477
24,983.3983011463249,,,mixed ring-site C-H out-of-plane bending / ring-site C-H in-plane bending,delta(C5-C4-O8),angle,4.516314046699815,+,0.046385490206648894,1.8891530232339337
24,983.3983011463249,,,mixed ring-site C-H out-of-plane bending / ring-site C-H in-plane bending,"gamma(H20;C7,C6,O8)",oop,3.7954086124993496,+,0.15147798147193747,0.14886987566679247
24,983.3983011463249,,,mixed ring-site C-H out-of-plane bending / ring-site C-H in-plane bending,tau(C2-C3-C4-H16),dihedral,3.484581192028514,-,-0.10687202270149818,0.27458059099928556
24,983.3983011463249,,,mixed ring-site C-H out-of-plane bending / ring-site C-H in-plane bending,nu(C3-C4),bond,3.445439844933028,+,0.0965393463773345,0.3327233416142365
24,983.3983011463249,,,mixed ring-site C-H out-of-plane bending / ring-site C-H in-plane bending,delta(C2-C1-H12),angle,2.9091275682744335,+,0.09409334301589439,0.29572788270104006
24,983.3983011463249,,,mixed ring-site C-H out-of-plane bending / ring-site C-H in-plane bending,nu(C7-O8),bond,2.7563387492358626,+,0.08433207125089204,0.34881436505138363
24,983.3983011463249,,,mixed ring-site C-H out-of-plane bending / ring-site C-H in-plane bending,tau(C3-C4-O8-C7),dihedral,2.563243426716905,+,0.049641103126319974,0.9361691167181562
24,983.3983011463249,,,mixed ring-site C-H out-of-plane bending / ring-site C-H in-plane bending,tau(H11-C1-C2-H13),dihedral,2.5280337289682873,-,-0.07582415981223843,0.395744562160233
24,983.3983011463249,,,mixed ring-site C-H out-of-plane bending / ring-site C-H in-plane bending,delta(C2-C1-H10),angle,2.112124345131146,-,-0.09292159602485572,0.22015749068391807
24,983.3983011463249,,,mixed ring-site C-H out-of-plane bending / ring-site C-H in-plane bending,delta(C4-C5-H18),angle,1.9978948423652452,+,0.072344954267857,0.3435606678510062
24,983.3983011463249,,,mixed ring-site C-H out-of-plane bending / ring-site C-H in-plane bending,nu(C6-C9),bond,1.8748820195940308,+,0.07641900871676496,0.2889471730639286
24,983.3983011463249,,,mixed ring-site C-H out-of-plane bending / ring-site C-H in-plane bending,nu(C1-C2),bond,1.8612329151488731,-,-0.07839724581436726,0.2725501455699407
24,983.3983011463249,,,mixed ring-site C-H out-of-plane bending / ring-site C-H in-plane bending,"gamma(H16;C4,C5,O8)",oop,1.8298102692669715,-,-0.05588170531727912,0.5273683528647449
24,983.3983011463249,,,mixed ring-site C-H out-of-plane bending / ring-site C-H in-plane bending,delta(C5-C6-C7),angle,1.727762917517691,-,-0.03486568954457262,1.2791896492453412
24,983.3983011463249,,,mixed ring-site C-H out-of-plane bending / ring-site C-H in-plane bending,tau(H15-C3-C4-C5),dihedral,1.3531660989735086,+,0.0729162818815881,0.22906006726638234
24,983.3983011463249,,,mixed ring-site C-H out-of-plane bending / ring-site C-H in-plane bending,nu(C4-O8),bond,1.3194016349053543,-,-0.05991070860505489,0.3308380182485744
24,983.3983011463249,,,mixed ring-site C-H out-of-plane bending / ring-site C-H in-plane bending,tau(H16-C4-O8-C7),dihedral,1.249904979642472,+,0.04172046652542754,0.646287850095482
24,983.3983011463249,,,mixed ring-site C-H out-of-plane bending / ring-site C-H in-plane bending,nu(C7-C9),bond,0.8203028290311885,-,-0.04790017694209916,0.3217712809389961
24,983.3983011463249,,,mixed ring-site C-H out-of-plane bending / ring-site C-H in-plane bending,tau(H11-C1-C2-C9),dihedral,0.817189329873217,-,-0.05488636011748784,0.24414123171457477
24,983.3983011463249,,,mixed ring-site C-H out-of-plane bending / ring-site C-H in-plane bending,nu(C6-C7),bond,0.7981586507029648,+,0.045189992687263876,0.351764483756105
24,983.3983011463249,,,mixed ring-site C-H out-of-plane bending / ring-site C-H in-plane bending,delta(C1-C2-H13),angle,0.7035731369269311,+,0.050589445857336685,0.24742108678985417
24,983.3983011463249,,,mixed ring-site C-H out-of-plane bending / ring-site C-H in-plane bending,"gamma(C2;C3,H14,H15)",oop,0.4905828825163052,+,0.03766005702357147,0.31131335337326066
24,983.3983011463249,,,mixed ring-site C-H out-of-plane bending / ring-site C-H in-plane bending,tau(C1-C2-C9-C6),dihedral,0.4132055938588722,-,-0.036515214142623154,0.2789110970433987
24,983.3983011463249,,,mixed ring-site C-H out-of-plane bending / ring-site C-H in-plane bending,delta(C7-C6-H19),angle,0.3739690039301014,-,-0.04445651010010041,0.17029903189686718
24,983.3983011463249,,,mixed ring-site C-H out-of-plane bending / ring-site C-H in-plane bending,nu(C5-C6),bond,0.3362175254673822,-,-0.029165421467375604,0.35573872105608056
24,983.3983011463249,,,mixed ring-site C-H out-of-plane bending / ring-site C-H in-plane bending,tau(C2-C3-C4-C5),dihedral,0.2924757668535881,+,0.019680691278702263,0.6796048915723832
24,983.3983011463249,,,mixed ring-site C-H out-of-plane bending / ring-site C-H in-plane bending,delta(H11-C1-H12),angle,0.1950454832637004,+,0.025247605798376854,0.27538659836850643
24,983.3983011463249,,,mixed ring-site C-H out-of-plane bending / ring-site C-H in-plane bending,delta(C6-C5-H17),angle,0.14692543472748154,-,-0.021348741083516816,0.2901347508842103
24,983.3983011463249,,,mixed ring-site C-H out-of-plane bending / ring-site C-H in-plane bending,nu(C2-C3),bond,0.13016397139049632,+,0.020020664651578625,0.2922678964184281
24,983.3983011463249,,,mixed ring-site C-H out-of-plane bending / ring-site C-H in-plane bending,delta(C4-C3-H15),angle,0.11400427466582304,-,-0.016550691634283334,0.37457272194762403
24,983.3983011463249,,,mixed ring-site C-H out-of-plane bending / ring-site C-H in-plane bending,delta(C2-C9-H21),angle,0.11172289377350592,-,-0.020861633932879136,0.2310430135999735
24,983.3983011463249,,,mixed ring-site C-H out-of-plane bending / ring-site C-H in-plane bending,tau(H10-C1-C2-H13),dihedral,0.05978618232074746,+,0.0175298312216027,0.17510262560992168
24,983.3983011463249,,,mixed ring-site C-H out-of-plane bending / ring-site C-H in-plane bending,tau(H19-C6-C7-O8),dihedral,0.05049021295456385,-,-0.018917532733744902,0.12697713378346867
24,983.3983011463249,,,mixed ring-site C-H out-of-plane bending / ring-site C-H in-plane bending,delta(H17-C5-H18),angle,0.022284518471881967,-,-0.008025065520851814,0.3114249374201952
24,983.3983011463249,,,mixed ring-site C-H out-of-plane bending / ring-site C-H in-plane bending,delta(H14-C3-H15),angle,0.021955168213708787,+,0.009672514412640252,0.21120553881908632
24,983.3983011463249,,,mixed ring-site C-H out-of-plane bending / ring-site C-H in-plane bending,"gamma(H20;C7,C6,C9)",oop,0.016693187931933973,-,-0.008090260690373292,0.2295416801376045
24,983.3983011463249,,,mixed ring-site C-H out-of-plane bending / ring-site C-H in-plane bending,delta(C2-C1-H11),angle,0.008278374457802443,-,-0.005781667868356644,0.2228876950441817
24,983.3983011463249,,,mixed ring-site C-H out-of-plane bending / ring-site C-H in-plane bending,"gamma(C2;C9,C6,C7)",oop,0.006813235872612564,-,-0.002678602782641796,0.8546417378486717
24,983.3983011463249,,,mixed ring-site C-H out-of-plane bending / ring-site C-H in-plane bending,nu(C2-C9),bond,0.003798697316683437,+,0.0032176944184772616,0.3302116574664156
24,983.3983011463249,,,mixed ring-site C-H out-of-plane bending / ring-site C-H in-plane bending,nu(C5-H17),bond,0.002522869629157041,+,0.0026102617399772457,0.33325294701181174
24,983.3983011463249,,,mixed ring-site C-H out-of-plane bending / ring-site C-H in-plane bending,nu(C1-H12),bond,0.0015003801106670484,-,-0.002014238761956728,0.33283324968659134
24,983.3983011463249,,,mixed ring-site C-H out-of-plane bending / ring-site C-H in-plane bending,nu(C5-H18),bond,0.0009394096949806983,-,-0.0015947548534724575,0.33244092209661535
24,983.3983011463249,,,mixed ring-site C-H out-of-plane bending / ring-site C-H in-plane bending,nu(C1-H10),bond,0.000701851361699177,+,0.0013750672088735007,0.3340754800027871
24,983.3983011463249,,,mixed ring-site C-H out-of-plane bending / ring-site C-H in-plane bending,nu(C2-H13),bond,0.0005929741588136843,-,-0.0012912581984071958,0.3200787845755846
24,983.3983011463249,,,mixed ring-site C-H out-of-plane bending / ring-site C-H in-plane bending,nu(C7-H20),bond,0.0005318763883362894,-,-0.0011537827288549975,0.3595919403531978
24,983.3983011463249,,,mixed ring-site C-H out-of-plane bending / ring-site C-H in-plane bending,nu(C9-H21),bond,0.000322302273648461,+,0.0009144549826315173,0.346885393723776
24,983.3983011463249,,,mixed ring-site C-H out-of-plane bending / ring-site C-H in-plane bending,nu(C1-H11),bond,0.00029292346529111423,-,-0.0008898261955110103,0.3329592580761004
24,983.3983011463249,,,mixed ring-site C-H out-of-plane bending / ring-site C-H in-plane bending,delta(C1-C2-C9),angle,0.00017519215494513256,+,0.0006991519994399006,0.3225661213649848
24,983.3983011463249,,,mixed ring-site C-H out-of-plane bending / ring-site C-H in-plane bending,nu(C6-H19),bond,5.210024996099906e-05,-,-0.00036359917796340767,0.3546837789651513
24,983.3983011463249,,,mixed ring-site C-H out-of-plane bending / ring-site C-H in-plane bending,nu(C3-H14),bond,4.3451274975764145e-05,-,-0.00034452054534027317,0.32947280838759274
24,983.3983011463249,,,mixed ring-site C-H out-of-plane bending / ring-site C-H in-plane bending,nu(C3-H15),bond,2.410895265729539e-05,+,0.0002558582452529124,0.33145671015102407
24,983.3983011463249,,,mixed ring-site C-H out-of-plane bending / ring-site C-H in-plane bending,nu(C4-H16),bond,4.094163385323445e-06,-,-0.00010432467485931813,0.33856214359648934
25,995.5201875579266,,,mixed ring-site C-H out-of-plane bending / mixed-phase cyclic C-C stretching,"gamma(C6;C9,C2,H21)",oop,12.993893353967133,+,0.13961902051369768,0.5426603274850661
25,995.5201875579266,,,mixed ring-site C-H out-of-plane bending / mixed-phase cyclic C-C stretching,nu(C1-C2),bond,10.83158683799687,-,-0.17987127286406296,0.2725501455699407
25,995.5201875579266,,,mixed ring-site C-H out-of-plane bending / mixed-phase cyclic C-C stretching,tau(C3-C2-C9-H21),dihedral,7.450925828388254,-,-0.1134374618047912,0.4713843801432477
25,995.5201875579266,,,mixed ring-site C-H out-of-plane bending / mixed-phase cyclic C-C stretching,tau(C3-C4-O8-C7),dihedral,7.415998900772402,+,0.08030575093881824,0.9361691167181562
25,995.5201875579266,,,mixed ring-site C-H out-of-plane bending / mixed-phase cyclic C-C stretching,delta(C2-C1-H11),angle,6.315200614582572,-,-0.15187612339302226,0.2228876950441817
25,995.5201875579266,,,mixed ring-site C-H out-of-plane bending / mixed-phase cyclic C-C stretching,nu(C2-C3),bond,6.130076948783411,+,0.13067165161495806,0.2922678964184281
25,995.5201875579266,,,mixed ring-site C-H out-of-plane bending / mixed-phase cyclic C-C stretching,nu(C7-C9),bond,6.118838902196934,+,0.1244227638005559,0.3217712809389961
25,995.5201875579266,,,mixed ring-site C-H out-of-plane bending / mixed-phase cyclic C-C stretching,tau(H11-C1-C2-H13),dihedral,5.445242094897422,+,0.10583762672679316,0.395744562160233
25,995.5201875579266,,,mixed ring-site C-H out-of-plane bending / mixed-phase cyclic C-C stretching,delta(C5-C4-O8),angle,5.077996578498049,+,0.04677907257013876,1.8891530232339337
25,995.5201875579266,,,mixed ring-site C-H out-of-plane bending / mixed-phase cyclic C-C stretching,delta(C2-C1-H10),angle,4.99398181178112,+,0.1358925721820046,0.22015749068391807
25,995.5201875579266,,,mixed ring-site C-H out-of-plane bending / mixed-phase cyclic C-C stretching,"gamma(H20;C7,C6,O8)",oop,3.7881842904903977,-,-0.14392992886241907,0.14886987566679247
25,995.5201875579266,,,mixed ring-site C-H out-of-plane bending / mixed-phase cyclic C-C stretching,tau(H10-C1-C2-H13),dihedral,2.5000804753946553,+,0.10781262972270451,0.17510262560992168
25,995.5201875579266,,,mixed ring-site C-H out-of-plane bending / mixed-phase cyclic C-C stretching,delta(C1-C2-H13),angle,2.0197822035843296,-,-0.0815216365846692,0.24742108678985417
25,995.5201875579266,,,mixed ring-site C-H out-of-plane bending / mixed-phase cyclic C-C stretching,nu(C5-C6),bond,1.983633702844531,+,0.06737583240584251,0.35573872105608056
25,995.5201875579266,,,mixed ring-site C-H out-of-plane bending / mixed-phase cyclic C-C stretching,tau(H16-C4-O8-C7),dihedral,1.9433933111243722,+,0.04947733854456664,0.646287850095482
25,995.5201875579266,,,mixed ring-site C-H out-of-plane bending / mixed-phase cyclic C-C stretching,tau(C2-C3-C4-C5),dihedral,1.5409552081173068,+,0.042964101473955706,0.6796048915723832
25,995.5201875579266,,,mixed ring-site C-H out-of-plane bending / mixed-phase cyclic C-C stretching,tau(C1-C2-C9-C6),dihedral,1.5036761611115832,+,0.0662495960495061,0.2789110970433987
25,995.5201875579266,,,mixed ring-site C-H out-of-plane bending / mixed-phase cyclic C-C stretching,"gamma(H16;C4,C5,O8)",oop,1.4144565104321758,-,-0.04672795139304616,0.5273683528647449
25,995.5201875579266,,,mixed ring-site C-H out-of-plane bending / mixed-phase cyclic C-C stretching,delta(C7-C6-H19),angle,1.3354596114320139,+,0.0799002730909216,0.17029903189686718
25,995.5201875579266,,,mixed ring-site C-H out-of-plane bending / mixed-phase cyclic C-C stretching,tau(H19-C6-C7-O8),dihedral,1.0812353522556981,+,0.0832599858780766,0.12697713378346867
25,995.5201875579266,,,mixed ring-site C-H out-of-plane bending / mixed-phase cyclic C-C stretching,tau(H15-C3-C4-C5),dihedral,1.0671092148436414,+,0.06158411678733498,0.22906006726638234
25,995.5201875579266,,,mixed ring-site C-H out-of-plane bending / mixed-phase cyclic C-C stretching,nu(C4-C5),bond,1.0593214186888396,-,-0.05101920081695008,0.33131294059860933
25,995.5201875579266,,,mixed ring-site C-H out-of-plane bending / mixed-phase cyclic C-C stretching,"gamma(C2;C3,H14,H15)",oop,0.9931747057195648,+,0.050962758177167514,0.31131335337326066
25,995.5201875579266,,,mixed ring-site C-H out-of-plane bending / mixed-phase cyclic C-C stretching,nu(C6-C7),bond,0.9213608330898173,-,-0.04617722740781379,0.351764483756105
25,995.5201875579266,,,mixed ring-site C-H out-of-plane bending / mixed-phase cyclic C-C stretching,delta(C2-C9-H21),angle,0.7741389432797752,+,0.052227833573679674,0.2310430135999735
25,995.5201875579266,,,mixed ring-site C-H out-of-plane bending / mixed-phase cyclic C-C stretching,nu(C7-O8),bond,0.6438068368536651,-,-0.03876319673491023,0.34881436505138363
25,995.5201875579266,,,mixed ring-site C-H out-of-plane bending / mixed-phase cyclic C-C stretching,tau(C3-C4-C5-H18),dihedral,0.6263909603261102,-,-0.032511182889219024,0.4824561953511669
25,995.5201875579266,,,mixed ring-site C-H out-of-plane bending / mixed-phase cyclic C-C stretching,delta(H11-C1-H12),angle,0.3436500812553897,-,-0.031873209613554485,0.27538659836850643
25,995.5201875579266,,,mixed ring-site C-H out-of-plane bending / mixed-phase cyclic C-C stretching,tau(H11-C1-C2-C9),dihedral,0.3400478746079318,+,0.03367351410540341,0.24414123171457477
25,995.5201875579266,,,mixed ring-site C-H out-of-plane bending / mixed-phase cyclic C-C stretching,nu(C2-C9),bond,0.2945932433321639,+,0.026949714242261575,0.3302116574664156
25,995.5201875579266,,,mixed ring-site C-H out-of-plane bending / mixed-phase cyclic C-C stretching,"gamma(H20;C7,C6,C9)",oop,0.2589879723358613,+,0.03030735205695891,0.2295416801376045
25,995.5201875579266,,,mixed ring-site C-H out-of-plane bending / mixed-phase cyclic C-C stretching,delta(C6-C5-H18),angle,0.18754627223732484,+,0.013064323901521915,0.8945662439133465
25,995.5201875579266,,,mixed ring-site C-H out-of-plane bending / mixed-phase cyclic C-C stretching,nu(C3-C4),bond,0.14011535131457836,+,0.01851570273518566,0.3327233416142365
25,995.5201875579266,,,mixed ring-site C-H out-of-plane bending / mixed-phase cyclic C-C stretching,nu(C4-O8),bond,0.1321829298015467,-,-0.01803511665148673,0.3308380182485744
25,995.5201875579266,,,mixed ring-site C-H out-of-plane bending / mixed-phase cyclic C-C stretching,delta(C6-C5-H17),angle,0.094176022437558,+,0.016255834585707996,0.2901347508842103
25,995.5201875579266,,,mixed ring-site C-H out-of-plane bending / mixed-phase cyclic C-C stretching,nu(C6-C9),bond,0.07347089657171715,+,0.014387568987939189,0.2889471730639286
25,995.5201875579266,,,mixed ring-site C-H out-of-plane bending / mixed-phase cyclic C-C stretching,delta(H17-C5-H18),angle,0.04960127734280793,+,0.01138698403142999,0.3114249374201952
25,995.5201875579266,,,mixed ring-site C-H out-of-plane bending / mixed-phase cyclic C-C stretching,delta(C5-C6-C7),angle,0.04550765361970538,+,0.005381628663478865,1.2791896492453412
25,995.5201875579266,,,mixed ring-site C-H out-of-plane bending / mixed-phase cyclic C-C stretching,delta(H14-C3-H15),angle,0.017086135794904145,+,0.008115368583704907,0.21120553881908632
25,995.5201875579266,,,mixed ring-site C-H out-of-plane bending / mixed-phase cyclic C-C stretching,"gamma(C2;C9,C6,C7)",oop,0.014081292797564824,+,0.0036624203584743526,0.8546417378486717
25,995.5201875579266,,,mixed ring-site C-H out-of-plane bending / mixed-phase cyclic C-C stretching,nu(C1-H10),bond,0.007367209941343232,-,-0.0042370949534283175,0.3340754800027871
25,995.5201875579266,,,mixed ring-site C-H out-of-plane bending / mixed-phase cyclic C-C stretching,nu(C9-H21),bond,0.006654082224915238,+,0.003951755342266132,0.346885393723776
25,995.5201875579266,,,mixed ring-site C-H out-of-plane bending / mixed-phase cyclic C-C stretching,delta(C4-C3-H15),angle,0.006562552918155811,-,-0.003776654968741068,0.37457272194762403
25,995.5201875579266,,,mixed ring-site C-H out-of-plane bending / mixed-phase cyclic C-C stretching,tau(C2-C3-C4-H16),dihedral,0.005657721247916786,+,0.004095668798451558,0.27458059099928556
25,995.5201875579266,,,mixed ring-site C-H out-of-plane bending / mixed-phase cyclic C-C stretching,nu(C2-H13),bond,0.0035426737831571534,+,0.0030017610034979957,0.3200787845755846
25,995.5201875579266,,,mixed ring-site C-H out-of-plane bending / mixed-phase cyclic C-C stretching,nu(C1-H11),bond,0.0017938761283599087,+,0.0020943036611702406,0.3329592580761004
25,995.5201875579266,,,mixed ring-site C-H out-of-plane bending / mixed-phase cyclic C-C stretching,nu(C5-H17),bond,0.0014638619065051987,-,-0.0018910457228659156,0.33325294701181174
25,995.5201875579266,,,mixed ring-site C-H out-of-plane bending / mixed-phase cyclic C-C stretching,delta(C4-C5-H18),angle,0.0014330535873840386,-,-0.0018427587004782075,0.3435606678510062
25,995.5201875579266,,,mixed ring-site C-H out-of-plane bending / mixed-phase cyclic C-C stretching,delta(C2-C1-H12),angle,0.0011853522076737649,+,0.0018064108939518687,0.29572788270104006
25,995.5201875579266,,,mixed ring-site C-H out-of-plane bending / mixed-phase cyclic C-C stretching,nu(C7-H20),bond,0.0010776366643245451,+,0.0015619609752628922,0.3595919403531978
25,995.5201875579266,,,mixed ring-site C-H out-of-plane bending / mixed-phase cyclic C-C stretching,delta(C1-C2-C9),angle,0.0008185339570435095,+,0.0014373017308904282,0.3225661213649848
25,995.5201875579266,,,mixed ring-site C-H out-of-plane bending / mixed-phase cyclic C-C stretching,nu(C6-H19),bond,0.00046805470454429636,+,0.001036493584000713,0.3546837789651513
25,995.5201875579266,,,mixed ring-site C-H out-of-plane bending / mixed-phase cyclic C-C stretching,nu(C3-H14),bond,0.00045925729776676906,+,0.0010652639211159423,0.32947280838759274
25,995.5201875579266,,,mixed ring-site C-H out-of-plane bending / mixed-phase cyclic C-C stretching,nu(C3-H15),bond,0.0003390366934533384,+,0.0009125337134135825,0.33145671015102407
25,995.5201875579266,,,mixed ring-site C-H out-of-plane bending / mixed-phase cyclic C-C stretching,nu(C4-H16),bond,0.0001284003754418825,-,-0.0005556520527836916,0.33856214359648934
25,995.5201875579266,,,mixed ring-site C-H out-of-plane bending / mixed-phase cyclic C-C stretching,nu(C5-H18),bond,7.604234179398525e-05,+,0.00043152849289578043,0.33244092209661535
25,995.5201875579266,,,mixed ring-site C-H out-of-plane bending / mixed-phase cyclic C-C stretching,nu(C1-H12),bond,2.4039118542005135e-05,+,0.00024248500699714797,0.33283324968659134
26,1000.4763878045541,,,mixed mixed-phase cyclic C-C stretching / C-H bending / ring-site C-H in-plane bending,nu(C5-C6),bond,15.798825122677822,+,0.1571132468612385,0.35573872105608056
26,1000.4763878045541,,,mixed mixed-phase cyclic C-C stretching / C-H bending / ring-site C-H in-plane bending,delta(C2-C1-H12),angle,12.30318954938737,+,0.15206480102660486,0.29572788270104006
26,1000.4763878045541,,,mixed mixed-phase cyclic C-C stretching / C-H bending / ring-site C-H in-plane bending,delta(C2-C1-H11),angle,10.673213785406247,-,-0.16314378547849057,0.2228876950441817
26,1000.4763878045541,,,mixed mixed-phase cyclic C-C stretching / C-H bending / ring-site C-H in-plane bending,nu(C2-C9),bond,8.500976134726166,-,-0.11962010392483104,0.3302116574664156
26,1000.4763878045541,,,mixed mixed-phase cyclic C-C stretching / C-H bending / ring-site C-H in-plane bending,delta(C2-C9-H21),angle,5.44560181569423,-,-0.1144570368418145,0.2310430135999735
26,1000.4763878045541,,,mixed mixed-phase cyclic C-C stretching / C-H bending / ring-site C-H in-plane bending,nu(C3-C4),bond,5.361633614968858,-,-0.09463960294661646,0.3327233416142365
26,1000.4763878045541,,,mixed mixed-phase cyclic C-C stretching / C-H bending / ring-site C-H in-plane bending,nu(C1-C2),bond,5.090759902946923,+,0.10189058967977664,0.2725501455699407
26,1000.4763878045541,,,mixed mixed-phase cyclic C-C stretching / C-H bending / ring-site C-H in-plane bending,delta(C6-C5-H18),angle,5.011486934206981,+,0.05580113409274983,0.8945662439133465
26,1000.4763878045541,,,mixed mixed-phase cyclic C-C stretching / C-H bending / ring-site C-H in-plane bending,"gamma(C2;C9,C6,C7)",oop,3.2150617964668506,+,0.04572656631014773,0.8546417378486717
26,1000.4763878045541,,,mixed mixed-phase cyclic C-C stretching / C-H bending / ring-site C-H in-plane bending,delta(C4-C5-H18),angle,3.1807752291344498,-,-0.07173494152067533,0.3435606678510062
26,1000.4763878045541,,,mixed mixed-phase cyclic C-C stretching / C-H bending / ring-site C-H in-plane bending,delta(C7-C6-H19),angle,2.646743832457698,-,-0.09294281944214089,0.17029903189686718
26,1000.4763878045541,,,mixed mixed-phase cyclic C-C stretching / C-H bending / ring-site C-H in-plane bending,tau(H19-C6-C7-O8),dihedral,2.5334644397305985,+,0.10530782038890821,0.12697713378346867
26,1000.4763878045541,,,mixed mixed-phase cyclic C-C stretching / C-H bending / ring-site C-H in-plane bending,tau(H11-C1-C2-H13),dihedral,2.425465028926995,-,-0.05836547281336542,0.395744562160233
26,1000.4763878045541,,,mixed mixed-phase cyclic C-C stretching / C-H bending / ring-site C-H in-plane bending,nu(C7-O8),bond,2.2854399147576867,+,0.06034672422632874,0.34881436505138363
26,1000.4763878045541,,,mixed mixed-phase cyclic C-C stretching / C-H bending / ring-site C-H in-plane bending,tau(H10-C1-C2-H13),dihedral,2.0989328687921387,+,0.08162419714946469,0.17510262560992168
26,1000.4763878045541,,,mixed mixed-phase cyclic C-C stretching / C-H bending / ring-site C-H in-plane bending,tau(C3-C4-C5-H18),dihedral,2.0086317635284727,-,-0.0481046652342541,0.4824561953511669
26,1000.4763878045541,,,mixed mixed-phase cyclic C-C stretching / C-H bending / ring-site C-H in-plane bending,"gamma(C6;C9,C2,H21)",oop,1.374440465475932,-,-0.03752017951843728,0.5426603274850661
26,1000.4763878045541,,,mixed mixed-phase cyclic C-C stretching / C-H bending / ring-site C-H in-plane bending,tau(C3-C2-C9-H21),dihedral,1.279090077760443,+,0.03883550426381384,0.4713843801432477
26,1000.4763878045541,,,mixed mixed-phase cyclic C-C stretching / C-H bending / ring-site C-H in-plane bending,delta(C5-C4-O8),angle,1.156364021221908,+,0.01844504393357985,1.8891530232339337
26,1000.4763878045541,,,mixed mixed-phase cyclic C-C stretching / C-H bending / ring-site C-H in-plane bending,tau(C2-C3-C4-C5),dihedral,1.0723281704814775,+,0.02961430787123506,0.6796048915723832
26,1000.4763878045541,,,mixed mixed-phase cyclic C-C stretching / C-H bending / ring-site C-H in-plane bending,tau(H11-C1-C2-C9),dihedral,0.9171252644707433,-,-0.04569405924749084,0.24414123171457477
26,1000.4763878045541,,,mixed mixed-phase cyclic C-C stretching / C-H bending / ring-site C-H in-plane bending,nu(C2-C3),bond,0.879894427326746,+,0.040906347574366834,0.2922678964184281
26,1000.4763878045541,,,mixed mixed-phase cyclic C-C stretching / C-H bending / ring-site C-H in-plane bending,"gamma(C2;C3,H14,H15)",oop,0.8529589354982546,+,0.03902394440546222,0.31131335337326066
26,1000.4763878045541,,,mixed mixed-phase cyclic C-C stretching / C-H bending / ring-site C-H in-plane bending,delta(C5-C6-C7),angle,0.8124981137938903,-,-0.01878926059644331,1.2791896492453412
26,1000.4763878045541,,,mixed mixed-phase cyclic C-C stretching / C-H bending / ring-site C-H in-plane bending,nu(C6-C7),bond,0.7512980892502712,-,-0.03445451377003487,0.351764483756105
26,1000.4763878045541,,,mixed mixed-phase cyclic C-C stretching / C-H bending / ring-site C-H in-plane bending,nu(C7-C9),bond,0.5343237402240237,+,0.030380475924455686,0.3217712809389961
26,1000.4763878045541,,,mixed mixed-phase cyclic C-C stretching / C-H bending / ring-site C-H in-plane bending,delta(C6-C5-H17),angle,0.33928157958496147,+,0.025494484996378602,0.2901347508842103
26,1000.4763878045541,,,mixed mixed-phase cyclic C-C stretching / C-H bending / ring-site C-H in-plane bending,"gamma(H20;C7,C6,O8)",oop,0.2985884476320197,+,0.033388665795145926,0.14886987566679247
26,1000.4763878045541,,,mixed mixed-phase cyclic C-C stretching / C-H bending / ring-site C-H in-plane bending,delta(C1-C2-C9),angle,0.22699433576547,-,-0.01977716840067581,0.3225661213649848
26,1000.4763878045541,,,mixed mixed-phase cyclic C-C stretching / C-H bending / ring-site C-H in-plane bending,tau(C3-C4-O8-C7),dihedral,0.21956162881225466,+,0.011417395474924819,0.9361691167181562
26,1000.4763878045541,,,mixed mixed-phase cyclic C-C stretching / C-H bending / ring-site C-H in-plane bending,tau(C1-C2-C9-C6),dihedral,0.1950141086813449,-,-0.01971360710283538,0.2789110970433987
26,1000.4763878045541,,,mixed mixed-phase cyclic C-C stretching / C-H bending / ring-site C-H in-plane bending,delta(C2-C1-H10),angle,0.09671183846269468,+,0.01562568495287737,0.22015749068391807
26,1000.4763878045541,,,mixed mixed-phase cyclic C-C stretching / C-H bending / ring-site C-H in-plane bending,delta(C4-C3-H15),angle,0.07507080727476827,-,-0.01055439751148357,0.37457272194762403
26,1000.4763878045541,,,mixed mixed-phase cyclic C-C stretching / C-H bending / ring-site C-H in-plane bending,tau(H16-C4-O8-C7),dihedral,0.0689742941661301,-,-0.0077018776309547956,0.646287850095482
26,1000.4763878045541,,,mixed mixed-phase cyclic C-C stretching / C-H bending / ring-site C-H in-plane bending,"gamma(H16;C4,C5,O8)",oop,0.05611361563052693,-,-0.007690296276053438,0.5273683528647449
26,1000.4763878045541,,,mixed mixed-phase cyclic C-C stretching / C-H bending / ring-site C-H in-plane bending,nu(C4-C5),bond,0.05469266587231014,+,0.009578804823098796,0.33131294059860933
26,1000.4763878045541,,,mixed mixed-phase cyclic C-C stretching / C-H bending / ring-site C-H in-plane bending,tau(C2-C3-C4-H16),dihedral,0.04581488172762133,-,-0.00963017866754253,0.27458059099928556
26,1000.4763878045541,,,mixed mixed-phase cyclic C-C stretching / C-H bending / ring-site C-H in-plane bending,"gamma(H20;C7,C6,C9)",oop,0.02321632858084958,-,-0.007497767518676803,0.2295416801376045
26,1000.4763878045541,,,mixed mixed-phase cyclic C-C stretching / C-H bending / ring-site C-H in-plane bending,tau(H15-C3-C4-C5),dihedral,0.022130108391042392,-,-0.007327959425969234,0.22906006726638234
26,1000.4763878045541,,,mixed mixed-phase cyclic C-C stretching / C-H bending / ring-site C-H in-plane bending,nu(C6-C9),bond,0.01673218432167557,-,-0.00567326503281767,0.2889471730639286
26,1000.4763878045541,,,mixed mixed-phase cyclic C-C stretching / C-H bending / ring-site C-H in-plane bending,delta(H11-C1-H12),angle,0.016334992614294223,-,-0.005741879153707401,0.27538659836850643
26,1000.4763878045541,,,mixed mixed-phase cyclic C-C stretching / C-H bending / ring-site C-H in-plane bending,nu(C4-O8),bond,0.007291366198402692,+,0.0034999571507884895,0.3308380182485744
26,1000.4763878045541,,,mixed mixed-phase cyclic C-C stretching / C-H bending / ring-site C-H in-plane bending,delta(H17-C5-H18),angle,0.006674701733063716,+,0.003451478848629251,0.3114249374201952
26,1000.4763878045541,,,mixed mixed-phase cyclic C-C stretching / C-H bending / ring-site C-H in-plane bending,nu(C1-H11),bond,0.0035621903156042548,+,0.0024385349766613135,0.3329592580761004
26,1000.4763878045541,,,mixed mixed-phase cyclic C-C stretching / C-H bending / ring-site C-H in-plane bending,nu(C6-H19),bond,0.003490669536688885,+,0.0023388355256366918,0.3546837789651513
26,1000.4763878045541,,,mixed mixed-phase cyclic C-C stretching / C-H bending / ring-site C-H in-plane bending,nu(C4-H16),bond,0.002293838424210872,+,0.0019405649869197606,0.33856214359648934
26,1000.4763878045541,,,mixed mixed-phase cyclic C-C stretching / C-H bending / ring-site C-H in-plane bending,delta(H14-C3-H15),angle,0.002275226576081151,+,0.0024469531356513304,0.21120553881908632
26,1000.4763878045541,,,mixed mixed-phase cyclic C-C stretching / C-H bending / ring-site C-H in-plane bending,nu(C9-H21),bond,0.0022321682666126535,-,-0.0018911955426530248,0.346885393723776
26,1000.4763878045541,,,mixed mixed-phase cyclic C-C stretching / C-H bending / ring-site C-H in-plane bending,delta(C1-C2-H13),angle,0.0017882623568658566,-,-0.002004302368621003,0.24742108678985417
26,1000.4763878045541,,,mixed mixed-phase cyclic C-C stretching / C-H bending / ring-site C-H in-plane bending,nu(C5-H18),bond,0.0017379022173062393,-,-0.0017045957723395143,0.33244092209661535
26,1000.4763878045541,,,mixed mixed-phase cyclic C-C stretching / C-H bending / ring-site C-H in-plane bending,nu(C2-H13),bond,0.0014226772763247738,+,0.00157177627921149,0.3200787845755846
26,1000.4763878045541,,,mixed mixed-phase cyclic C-C stretching / C-H bending / ring-site C-H in-plane bending,nu(C1-H12),bond,0.0012828336178128087,-,-0.0014636518669213581,0.33283324968659134
26,1000.4763878045541,,,mixed mixed-phase cyclic C-C stretching / C-H bending / ring-site C-H in-plane bending,nu(C7-H20),bond,0.00014067833328202926,+,0.0004663098722452007,0.3595919403531978
26,1000.4763878045541,,,mixed mixed-phase cyclic C-C stretching / C-H bending / ring-site C-H in-plane bending,nu(C5-H17),bond,3.0715626344138576e-05,-,-0.00022633862123675437,0.33325294701181174
26,1000.4763878045541,,,mixed mixed-phase cyclic C-C stretching / C-H bending / ring-site C-H in-plane bending,nu(C1-H10),bond,2.10355527924467e-05,-,-0.00018707710540927081,0.3340754800027871
26,1000.4763878045541,,,mixed mixed-phase cyclic C-C stretching / C-H bending / ring-site C-H in-plane bending,nu(C3-H15),bond,8.365537496548553e-07,+,3.7454111134703095e-05,0.33145671015102407
26,1000.4763878045541,,,mixed mixed-phase cyclic C-C stretching / C-H bending / ring-site C-H in-plane bending,nu(C3-H14),bond,4.05837374777434e-08,+,8.274318015428887e-06,0.32947280838759274
27,1034.9257429407432,,,mixed ring-site C-H out-of-plane bending / mixed-phase cyclic C-C stretching / cyclic-ring out-of-plane deformation,"gamma(C6;C9,C2,H21)",oop,19.891052734097457,-,-0.183405268718872,0.5426603274850661
27,1034.9257429407432,,,mixed ring-site C-H out-of-plane bending / mixed-phase cyclic C-C stretching / cyclic-ring out-of-plane deformation,tau(C3-C2-C9-H21),dihedral,15.799584997912348,+,0.17538086409844394,0.4713843801432477
27,1034.9257429407432,,,mixed ring-site C-H out-of-plane bending / mixed-phase cyclic C-C stretching / cyclic-ring out-of-plane deformation,nu(C6-C9),bond,5.832015930689775,+,0.13609654035638305,0.2889471730639286
27,1034.9257429407432,,,mixed ring-site C-H out-of-plane bending / mixed-phase cyclic C-C stretching / cyclic-ring out-of-plane deformation,tau(C3-C4-C5-H18),dihedral,5.795646189591732,-,-0.10499507983836148,0.4824561953511669
27,1034.9257429407432,,,mixed ring-site C-H out-of-plane bending / mixed-phase cyclic C-C stretching / cyclic-ring out-of-plane deformation,delta(C6-C5-H18),angle,5.351758886061486,+,0.07409501252544805,0.8945662439133465
27,1034.9257429407432,,,mixed ring-site C-H out-of-plane bending / mixed-phase cyclic C-C stretching / cyclic-ring out-of-plane deformation,nu(C5-C6),bond,5.217995267498564,-,-0.11602009860423491,0.35573872105608056
27,1034.9257429407432,,,mixed ring-site C-H out-of-plane bending / mixed-phase cyclic C-C stretching / cyclic-ring out-of-plane deformation,nu(C3-C4),bond,4.621497075660439,-,-0.11290070821320257,0.3327233416142365
27,1034.9257429407432,,,mixed ring-site C-H out-of-plane bending / mixed-phase cyclic C-C stretching / cyclic-ring out-of-plane deformation,nu(C4-C5),bond,4.20399875954691,+,0.10790934328694465,0.33131294059860933
27,1034.9257429407432,,,mixed ring-site C-H out-of-plane bending / mixed-phase cyclic C-C stretching / cyclic-ring out-of-plane deformation,nu(C7-C9),bond,3.752705249893921,-,-0.10345358552779635,0.3217712809389961
27,1034.9257429407432,,,mixed ring-site C-H out-of-plane bending / mixed-phase cyclic C-C stretching / cyclic-ring out-of-plane deformation,delta(C6-C5-H17),angle,3.550584245505627,-,-0.10597343106550358,0.2901347508842103
27,1034.9257429407432,,,mixed ring-site C-H out-of-plane bending / mixed-phase cyclic C-C stretching / cyclic-ring out-of-plane deformation,nu(C7-O8),bond,3.1964106660961384,+,0.09170247645507877,0.34881436505138363
27,1034.9257429407432,,,mixed ring-site C-H out-of-plane bending / mixed-phase cyclic C-C stretching / cyclic-ring out-of-plane deformation,nu(C2-C3),bond,3.150146645671223,+,0.09945389314870778,0.2922678964184281
27,1034.9257429407432,,,mixed ring-site C-H out-of-plane bending / mixed-phase cyclic C-C stretching / cyclic-ring out-of-plane deformation,"gamma(H20;C7,C6,O8)",oop,2.170043452855695,+,0.11565855491911733,0.14886987566679247
27,1034.9257429407432,,,mixed ring-site C-H out-of-plane bending / mixed-phase cyclic C-C stretching / cyclic-ring out-of-plane deformation,tau(H19-C6-C7-O8),dihedral,1.7725518331187224,+,0.11318364383710683,0.12697713378346867
27,1034.9257429407432,,,mixed ring-site C-H out-of-plane bending / mixed-phase cyclic C-C stretching / cyclic-ring out-of-plane deformation,delta(C7-C6-H19),angle,1.4366384287170475,+,0.08798620972180578,0.17029903189686718
27,1034.9257429407432,,,mixed ring-site C-H out-of-plane bending / mixed-phase cyclic C-C stretching / cyclic-ring out-of-plane deformation,delta(C2-C1-H12),angle,1.4023200894499057,-,-0.06596664553810463,0.29572788270104006
27,1034.9257429407432,,,mixed ring-site C-H out-of-plane bending / mixed-phase cyclic C-C stretching / cyclic-ring out-of-plane deformation,tau(H10-C1-C2-H13),dihedral,1.4004939567820054,-,-0.08567246246925203,0.17510262560992168
27,1034.9257429407432,,,mixed ring-site C-H out-of-plane bending / mixed-phase cyclic C-C stretching / cyclic-ring out-of-plane deformation,tau(H15-C3-C4-C5),dihedral,1.3219021230589103,-,-0.07277327462150274,0.22906006726638234
27,1034.9257429407432,,,mixed ring-site C-H out-of-plane bending / mixed-phase cyclic C-C stretching / cyclic-ring out-of-plane deformation,delta(C2-C1-H10),angle,1.295988757353176,+,0.07349890064887629,0.22015749068391807
27,1034.9257429407432,,,mixed ring-site C-H out-of-plane bending / mixed-phase cyclic C-C stretching / cyclic-ring out-of-plane deformation,delta(C5-C6-C7),angle,1.1759576918013206,+,0.02904526476892299,1.2791896492453412
27,1034.9257429407432,,,mixed ring-site C-H out-of-plane bending / mixed-phase cyclic C-C stretching / cyclic-ring out-of-plane deformation,"gamma(C2;C3,H14,H15)",oop,1.0759854744414716,+,0.056318527200355496,0.31131335337326066
27,1034.9257429407432,,,mixed ring-site C-H out-of-plane bending / mixed-phase cyclic C-C stretching / cyclic-ring out-of-plane deformation,delta(C2-C9-H21),angle,0.9837881447407024,+,0.06251026377925216,0.2310430135999735
27,1034.9257429407432,,,mixed ring-site C-H out-of-plane bending / mixed-phase cyclic C-C stretching / cyclic-ring out-of-plane deformation,delta(C5-C4-O8),angle,0.8472029704200738,-,-0.02028650001215415,1.8891530232339337
27,1034.9257429407432,,,mixed ring-site C-H out-of-plane bending / mixed-phase cyclic C-C stretching / cyclic-ring out-of-plane deformation,nu(C4-O8),bond,0.8002043421327039,-,-0.04711288570401285,0.3308380182485744
27,1034.9257429407432,,,mixed ring-site C-H out-of-plane bending / mixed-phase cyclic C-C stretching / cyclic-ring out-of-plane deformation,tau(C3-C4-O8-C7),dihedral,0.616899075638843,-,-0.02459103818517935,0.9361691167181562
27,1034.9257429407432,,,mixed ring-site C-H out-of-plane bending / mixed-phase cyclic C-C stretching / cyclic-ring out-of-plane deformation,"gamma(C2;C9,C6,C7)",oop,0.5491993404152063,-,-0.024283982639293312,0.8546417378486717
27,1034.9257429407432,,,mixed ring-site C-H out-of-plane bending / mixed-phase cyclic C-C stretching / cyclic-ring out-of-plane deformation,tau(H16-C4-O8-C7),dihedral,0.5408706318153909,-,-0.027712816374001335,0.646287850095482
27,1034.9257429407432,,,mixed ring-site C-H out-of-plane bending / mixed-phase cyclic C-C stretching / cyclic-ring out-of-plane deformation,tau(C2-C3-C4-C5),dihedral,0.40063458603582625,+,0.023259101324316068,0.6796048915723832
27,1034.9257429407432,,,mixed ring-site C-H out-of-plane bending / mixed-phase cyclic C-C stretching / cyclic-ring out-of-plane deformation,delta(C4-C5-H18),angle,0.38605554510785584,-,-0.03211220574753336,0.3435606678510062
27,1034.9257429407432,,,mixed ring-site C-H out-of-plane bending / mixed-phase cyclic C-C stretching / cyclic-ring out-of-plane deformation,tau(C2-C3-C4-H16),dihedral,0.2928521110571491,-,-0.03128500446314872,0.27458059099928556
27,1034.9257429407432,,,mixed ring-site C-H out-of-plane bending / mixed-phase cyclic C-C stretching / cyclic-ring out-of-plane deformation,nu(C6-C7),bond,0.260332771591159,-,-0.026060658563565535,0.351764483756105
27,1034.9257429407432,,,mixed ring-site C-H out-of-plane bending / mixed-phase cyclic C-C stretching / cyclic-ring out-of-plane deformation,"gamma(H16;C4,C5,O8)",oop,0.1690911859360618,-,-0.017153407791918134,0.5273683528647449
27,1034.9257429407432,,,mixed ring-site C-H out-of-plane bending / mixed-phase cyclic C-C stretching / cyclic-ring out-of-plane deformation,delta(C1-C2-C9),angle,0.15674764610175101,-,-0.021117285779353748,0.3225661213649848
27,1034.9257429407432,,,mixed ring-site C-H out-of-plane bending / mixed-phase cyclic C-C stretching / cyclic-ring out-of-plane deformation,tau(H11-C1-C2-H13),dihedral,0.13904521240498405,-,-0.017956326823018978,0.395744562160233
27,1034.9257429407432,,,mixed ring-site C-H out-of-plane bending / mixed-phase cyclic C-C stretching / cyclic-ring out-of-plane deformation,nu(C1-C2),bond,0.11708746465988971,-,-0.019855414207619614,0.2725501455699407
27,1034.9257429407432,,,mixed ring-site C-H out-of-plane bending / mixed-phase cyclic C-C stretching / cyclic-ring out-of-plane deformation,delta(H11-C1-H12),angle,0.10126632713017657,-,-0.01836995481301568,0.27538659836850643
27,1034.9257429407432,,,mixed ring-site C-H out-of-plane bending / mixed-phase cyclic C-C stretching / cyclic-ring out-of-plane deformation,delta(C1-C2-H13),angle,0.0926581778947181,-,-0.018538324598062945,0.24742108678985417
27,1034.9257429407432,,,mixed ring-site C-H out-of-plane bending / mixed-phase cyclic C-C stretching / cyclic-ring out-of-plane deformation,tau(H11-C1-C2-C9),dihedral,0.07377768022580658,+,0.01665286232766693,0.24414123171457477
27,1034.9257429407432,,,mixed ring-site C-H out-of-plane bending / mixed-phase cyclic C-C stretching / cyclic-ring out-of-plane deformation,nu(C2-C9),bond,0.017369361529530412,-,-0.00694772605795443,0.3302116574664156
27,1034.9257429407432,,,mixed ring-site C-H out-of-plane bending / mixed-phase cyclic C-C stretching / cyclic-ring out-of-plane deformation,tau(C1-C2-C9-C6),dihedral,0.007515389400627838,+,0.004972671915377044,0.2789110970433987
27,1034.9257429407432,,,mixed ring-site C-H out-of-plane bending / mixed-phase cyclic C-C stretching / cyclic-ring out-of-plane deformation,delta(C2-C1-H11),angle,0.006983874092722247,-,-0.005362312422652196,0.2228876950441817
27,1034.9257429407432,,,mixed ring-site C-H out-of-plane bending / mixed-phase cyclic C-C stretching / cyclic-ring out-of-plane deformation,delta(H14-C3-H15),angle,0.0064385794691278015,+,0.005289192068825398,0.21120553881908632
27,1034.9257429407432,,,mixed ring-site C-H out-of-plane bending / mixed-phase cyclic C-C stretching / cyclic-ring out-of-plane deformation,nu(C7-H20),bond,0.004553534944330553,-,-0.0034089161723752596,0.3595919403531978
27,1034.9257429407432,,,mixed ring-site C-H out-of-plane bending / mixed-phase cyclic C-C stretching / cyclic-ring out-of-plane deformation,"gamma(H20;C7,C6,C9)",oop,0.003746875350720986,-,-0.0038703550226737164,0.2295416801376045
27,1034.9257429407432,,,mixed ring-site C-H out-of-plane bending / mixed-phase cyclic C-C stretching / cyclic-ring out-of-plane deformation,nu(C3-H15),bond,0.0015122174136670994,+,0.002046165082074685,0.33145671015102407
27,1034.9257429407432,,,mixed ring-site C-H out-of-plane bending / mixed-phase cyclic C-C stretching / cyclic-ring out-of-plane deformation,nu(C6-H19),bond,0.00140676363866084,-,-0.0019078176537590573,0.3546837789651513
27,1034.9257429407432,,,mixed ring-site C-H out-of-plane bending / mixed-phase cyclic C-C stretching / cyclic-ring out-of-plane deformation,nu(C9-H21),bond,0.0013462126164995902,+,0.0018871689437517216,0.346885393723776
27,1034.9257429407432,,,mixed ring-site C-H out-of-plane bending / mixed-phase cyclic C-C stretching / cyclic-ring out-of-plane deformation,delta(H17-C5-H18),angle,0.0012768378483050456,+,0.0019397159653021497,0.3114249374201952
27,1034.9257429407432,,,mixed ring-site C-H out-of-plane bending / mixed-phase cyclic C-C stretching / cyclic-ring out-of-plane deformation,nu(C5-H18),bond,0.0012239090343470285,+,0.001838079496694054,0.33244092209661535
27,1034.9257429407432,,,mixed ring-site C-H out-of-plane bending / mixed-phase cyclic C-C stretching / cyclic-ring out-of-plane deformation,delta(C4-C3-H15),angle,0.0009766993225831886,-,-0.0015468896342988204,0.37457272194762403
27,1034.9257429407432,,,mixed ring-site C-H out-of-plane bending / mixed-phase cyclic C-C stretching / cyclic-ring out-of-plane deformation,nu(C1-H12),bond,0.000947219054991238,+,0.0016160649822396867,0.33283324968659134
27,1034.9257429407432,,,mixed ring-site C-H out-of-plane bending / mixed-phase cyclic C-C stretching / cyclic-ring out-of-plane deformation,nu(C1-H10),bond,0.0007512915283279874,-,-0.0014365769861461187,0.3340754800027871
27,1034.9257429407432,,,mixed ring-site C-H out-of-plane bending / mixed-phase cyclic C-C stretching / cyclic-ring out-of-plane deformation,nu(C4-H16),bond,0.0005439663759375313,+,0.0012142658732098406,0.33856214359648934
27,1034.9257429407432,,,mixed ring-site C-H out-of-plane bending / mixed-phase cyclic C-C stretching / cyclic-ring out-of-plane deformation,nu(C5-H17),bond,0.0002220802808816715,+,0.0007820147762689015,0.33325294701181174
27,1034.9257429407432,,,mixed ring-site C-H out-of-plane bending / mixed-phase cyclic C-C stretching / cyclic-ring out-of-plane deformation,nu(C2-H13),bond,0.0001240862462736698,-,-0.000596458646030808,0.3200787845755846
27,1034.9257429407432,,,mixed ring-site C-H out-of-plane bending / mixed-phase cyclic C-C stretching / cyclic-ring out-of-plane deformation,nu(C3-H14),bond,5.841590204960657e-05,+,0.00040336918188047725,0.32947280838759274
27,1034.9257429407432,,,mixed ring-site C-H out-of-plane bending / mixed-phase cyclic C-C stretching / cyclic-ring out-of-plane deformation,nu(C1-H11),bond,1.1016838267867168e-05,+,0.00017425285356174178,0.3329592580761004
28,1065.9559809152863,,,mixed ring-site C-H out-of-plane bending / ring-site C-H in-plane bending,tau(H16-C4-O8-C7),dihedral,12.128152319859337,+,0.1536090358513724,0.646287850095482
28,1065.9559809152863,,,mixed ring-site C-H out-of-plane bending / ring-site C-H in-plane bending,"gamma(C6;C9,C2,H21)",oop,11.937926944926078,-,-0.16631555131766387,0.5426603274850661
28,1065.9559809152863,,,mixed ring-site C-H out-of-plane bending / ring-site C-H in-plane bending,tau(C3-C2-C9-H21),dihedral,11.330866861686866,+,0.17385068737076737,0.4713843801432477
28,1065.9559809152863,,,mixed ring-site C-H out-of-plane bending / ring-site C-H in-plane bending,delta(C6-C5-H18),angle,8.947519635358212,-,-0.11214438008740495,0.8945662439133465
28,1065.9559809152863,,,mixed ring-site C-H out-of-plane bending / ring-site C-H in-plane bending,delta(C5-C4-O8),angle,7.717561115200844,+,0.07167024803820252,1.8891530232339337
28,1065.9559809152863,,,mixed ring-site C-H out-of-plane bending / ring-site C-H in-plane bending,delta(C6-C5-H17),angle,5.688259542535092,+,0.15700817475915438,0.2901347508842103
28,1065.9559809152863,,,mixed ring-site C-H out-of-plane bending / ring-site C-H in-plane bending,tau(C3-C4-C5-H18),dihedral,4.6117224335871905,+,0.10963142875701432,0.4824561953511669
28,1065.9559809152863,,,mixed ring-site C-H out-of-plane bending / ring-site C-H in-plane bending,nu(C7-O8),bond,4.222479030897415,+,0.12337268240836195,0.34881436505138363
28,1065.9559809152863,,,mixed ring-site C-H out-of-plane bending / ring-site C-H in-plane bending,delta(C4-C5-H18),angle,4.219847154894786,-,-0.12427365711814777,0.3435606678510062
28,1065.9559809152863,,,mixed ring-site C-H out-of-plane bending / ring-site C-H in-plane bending,nu(C3-C4),bond,3.7934635058707786,+,0.11973159232605256,0.3327233416142365
28,1065.9559809152863,,,mixed ring-site C-H out-of-plane bending / ring-site C-H in-plane bending,nu(C4-O8),bond,3.771744477359785,-,-0.11972803748260802,0.3308380182485744
28,1065.9559809152863,,,mixed ring-site C-H out-of-plane bending / ring-site C-H in-plane bending,"gamma(H20;C7,C6,O8)",oop,3.708282311534984,-,-0.17697642568083466,0.14886987566679247
28,1065.9559809152863,,,mixed ring-site C-H out-of-plane bending / ring-site C-H in-plane bending,nu(C6-C9),bond,2.419205422138117,+,0.10260288826190878,0.2889471730639286
28,1065.9559809152863,,,mixed ring-site C-H out-of-plane bending / ring-site C-H in-plane bending,tau(C2-C3-C4-H16),dihedral,1.9963977630587384,-,-0.09561390532343868,0.27458059099928556
28,1065.9559809152863,,,mixed ring-site C-H out-of-plane bending / ring-site C-H in-plane bending,delta(C5-C6-C7),angle,1.8604902712105331,+,0.0427640344781712,1.2791896492453412
28,1065.9559809152863,,,mixed ring-site C-H out-of-plane bending / ring-site C-H in-plane bending,"gamma(H20;C7,C6,C9)",oop,1.6371359587964371,+,0.09469870353762755,0.2295416801376045
28,1065.9559809152863,,,mixed ring-site C-H out-of-plane bending / ring-site C-H in-plane bending,"gamma(C2;C3,H14,H15)",oop,1.3457963132737738,-,-0.07372643425713869,0.31131335337326066
28,1065.9559809152863,,,mixed ring-site C-H out-of-plane bending / ring-site C-H in-plane bending,"gamma(H16;C4,C5,O8)",oop,1.089159034175354,-,-0.050959018481743806,0.5273683528647449
28,1065.9559809152863,,,mixed ring-site C-H out-of-plane bending / ring-site C-H in-plane bending,delta(C4-C3-H15),angle,1.0627797311012508,+,0.059729103424231385,0.37457272194762403
28,1065.9559809152863,,,mixed ring-site C-H out-of-plane bending / ring-site C-H in-plane bending,tau(H10-C1-C2-H13),dihedral,1.0158989117444244,-,-0.08541051805187705,0.17510262560992168
28,1065.9559809152863,,,mixed ring-site C-H out-of-plane bending / ring-site C-H in-plane bending,delta(C2-C9-H21),angle,0.9178967773995715,-,-0.07067778652333749,0.2310430135999735
28,1065.9559809152863,,,mixed ring-site C-H out-of-plane bending / ring-site C-H in-plane bending,tau(H11-C1-C2-H13),dihedral,0.7798793911026234,-,-0.049778141922190204,0.395744562160233
28,1065.9559809152863,,,mixed ring-site C-H out-of-plane bending / ring-site C-H in-plane bending,tau(C3-C4-O8-C7),dihedral,0.7506755051252177,+,0.03175275445773205,0.9361691167181562
28,1065.9559809152863,,,mixed ring-site C-H out-of-plane bending / ring-site C-H in-plane bending,nu(C6-C7),bond,0.6170085891339319,-,-0.04696259085906593,0.351764483756105
28,1065.9559809152863,,,mixed ring-site C-H out-of-plane bending / ring-site C-H in-plane bending,nu(C2-C9),bond,0.48113137953145496,-,-0.04280239577298198,0.3302116574664156
28,1065.9559809152863,,,mixed ring-site C-H out-of-plane bending / ring-site C-H in-plane bending,tau(C2-C3-C4-C5),dihedral,0.47414625823079876,+,0.029618315390232353,0.6796048915723832
28,1065.9559809152863,,,mixed ring-site C-H out-of-plane bending / ring-site C-H in-plane bending,"gamma(C2;C9,C6,C7)",oop,0.33209206877406033,+,0.02210393731087098,0.8546417378486717
28,1065.9559809152863,,,mixed ring-site C-H out-of-plane bending / ring-site C-H in-plane bending,delta(C2-C1-H12),angle,0.3134187968147777,-,-0.03650470306823662,0.29572788270104006
28,1065.9559809152863,,,mixed ring-site C-H out-of-plane bending / ring-site C-H in-plane bending,delta(C7-C6-H19),angle,0.17284054577279104,-,-0.03572310191306412,0.17029903189686718
28,1065.9559809152863,,,mixed ring-site C-H out-of-plane bending / ring-site C-H in-plane bending,nu(C5-C6),bond,0.16098539989472302,-,-0.023853939493729565,0.35573872105608056
28,1065.9559809152863,,,mixed ring-site C-H out-of-plane bending / ring-site C-H in-plane bending,delta(C2-C1-H10),angle,0.1148750312573266,+,0.025614066081941146,0.22015749068391807
28,1065.9559809152863,,,mixed ring-site C-H out-of-plane bending / ring-site C-H in-plane bending,nu(C2-C3),bond,0.10724545302678515,-,-0.021479853984806976,0.2922678964184281
28,1065.9559809152863,,,mixed ring-site C-H out-of-plane bending / ring-site C-H in-plane bending,tau(H15-C3-C4-C5),dihedral,0.07862687105992684,-,-0.02077510571313329,0.22906006726638234
28,1065.9559809152863,,,mixed ring-site C-H out-of-plane bending / ring-site C-H in-plane bending,delta(C1-C2-C9),angle,0.06474737097428254,-,-0.01588671596601931,0.3225661213649848
28,1065.9559809152863,,,mixed ring-site C-H out-of-plane bending / ring-site C-H in-plane bending,tau(H19-C6-C7-O8),dihedral,0.053177142203700914,-,-0.02294733072512857,0.12697713378346867
28,1065.9559809152863,,,mixed ring-site C-H out-of-plane bending / ring-site C-H in-plane bending,delta(C1-C2-H13),angle,0.03050583065257782,-,-0.012451036608907444,0.24742108678985417
28,1065.9559809152863,,,mixed ring-site C-H out-of-plane bending / ring-site C-H in-plane bending,nu(C1-C2),bond,0.01133293284397944,-,-0.00723070071536396,0.2725501455699407
28,1065.9559809152863,,,mixed ring-site C-H out-of-plane bending / ring-site C-H in-plane bending,delta(H11-C1-H12),angle,0.008768265263877823,-,-0.0063272919927610275,0.27538659836850643
28,1065.9559809152863,,,mixed ring-site C-H out-of-plane bending / ring-site C-H in-plane bending,nu(C5-H18),bond,0.006078086681825121,+,0.0047946691346746366,0.33244092209661535
28,1065.9559809152863,,,mixed ring-site C-H out-of-plane bending / ring-site C-H in-plane bending,delta(C2-C1-H11),angle,0.006064449745307597,+,0.005849046740175802,0.2228876950441817
28,1065.9559809152863,,,mixed ring-site C-H out-of-plane bending / ring-site C-H in-plane bending,delta(H17-C5-H18),angle,0.0022426096476561765,-,-0.0030090720573160722,0.3114249374201952
28,1065.9559809152863,,,mixed ring-site C-H out-of-plane bending / ring-site C-H in-plane bending,tau(H11-C1-C2-C9),dihedral,0.002180226339004628,+,0.00335090922403281,0.24414123171457477
28,1065.9559809152863,,,mixed ring-site C-H out-of-plane bending / ring-site C-H in-plane bending,nu(C5-H17),bond,0.002078745473115273,-,-0.0028005678349094865,0.33325294701181174
28,1065.9559809152863,,,mixed ring-site C-H out-of-plane bending / ring-site C-H in-plane bending,nu(C4-H16),bond,0.0017059186874721901,+,0.0025170532480407355,0.33856214359648934
28,1065.9559809152863,,,mixed ring-site C-H out-of-plane bending / ring-site C-H in-plane bending,delta(H14-C3-H15),angle,0.0015412283410738143,+,0.0030290976861625054,0.21120553881908632
28,1065.9559809152863,,,mixed ring-site C-H out-of-plane bending / ring-site C-H in-plane bending,nu(C4-C5),bond,0.0009589182587930795,-,-0.0019076734353769213,0.33131294059860933
28,1065.9559809152863,,,mixed ring-site C-H out-of-plane bending / ring-site C-H in-plane bending,nu(C2-H13),bond,0.0006301735630811621,+,0.001573381657679696,0.3200787845755846
28,1065.9559809152863,,,mixed ring-site C-H out-of-plane bending / ring-site C-H in-plane bending,nu(C7-H20),bond,0.0005756967201828088,+,0.001418810326250318,0.3595919403531978
28,1065.9559809152863,,,mixed ring-site C-H out-of-plane bending / ring-site C-H in-plane bending,nu(C3-H15),bond,0.00044830203205863106,-,-0.0013040804479983314,0.33145671015102407
28,1065.9559809152863,,,mixed ring-site C-H out-of-plane bending / ring-site C-H in-plane bending,tau(C1-C2-C9-C6),dihedral,0.0004019513620101535,-,-0.0013461277989670832,0.2789110970433987
28,1065.9559809152863,,,mixed ring-site C-H out-of-plane bending / ring-site C-H in-plane bending,nu(C3-H14),bond,0.00032883786977874334,-,-0.0011202464125695288,0.32947280838759274
28,1065.9559809152863,,,mixed ring-site C-H out-of-plane bending / ring-site C-H in-plane bending,nu(C6-H19),bond,0.00022608271752594682,+,0.0008952523228622535,0.3546837789651513
28,1065.9559809152863,,,mixed ring-site C-H out-of-plane bending / ring-site C-H in-plane bending,nu(C1-H12),bond,0.00019760254374689458,+,0.000864003198962061,0.33283324968659134
28,1065.9559809152863,,,mixed ring-site C-H out-of-plane bending / ring-site C-H in-plane bending,nu(C7-C9),bond,0.0001706026821182141,-,-0.0008164916077715243,0.3217712809389961
28,1065.9559809152863,,,mixed ring-site C-H out-of-plane bending / ring-site C-H in-plane bending,nu(C1-H10),bond,0.00011857838537226351,-,-0.0006680560529969546,0.3340754800027871
28,1065.9559809152863,,,mixed ring-site C-H out-of-plane bending / ring-site C-H in-plane bending,nu(C9-H21),bond,9.621356875887215e-06,+,0.00018674870238900103,0.346885393723776
28,1065.9559809152863,,,mixed ring-site C-H out-of-plane bending / ring-site C-H in-plane bending,nu(C1-H11),bond,1.932059305398659e-08,-,-8.541755119399635e-06,0.3329592580761004
29,1070.2389305068414,,,mixed ring-site C-H out-of-plane bending / ring-site C-H in-plane bending,delta(C4-C5-H18),angle,9.948384931980858,-,-0.15271178134493596,0.3435606678510062
29,1070.2389305068414,,,mixed ring-site C-H out-of-plane bending / ring-site C-H in-plane bending,"gamma(C6;C9,C2,H21)",oop,8.776752315899822,-,-0.11413027316441848,0.5426603274850661
29,1070.2389305068414,,,mixed ring-site C-H out-of-plane bending / ring-site C-H in-plane bending,delta(C2-C1-H12),angle,8.13425825828454,-,-0.14883696763698584,0.29572788270104006
29,1070.2389305068414,,,mixed ring-site C-H out-of-plane bending / ring-site C-H in-plane bending,tau(H16-C4-O8-C7),dihedral,7.556389181153139,+,0.09703806655248048,0.646287850095482
29,1070.2389305068414,,,mixed ring-site C-H out-of-plane bending / ring-site C-H in-plane bending,"gamma(H20;C7,C6,O8)",oop,7.389090023416176,+,0.19993555739848765,0.14886987566679247
29,1070.2389305068414,,,mixed ring-site C-H out-of-plane bending / ring-site C-H in-plane bending,tau(C3-C2-C9-H21),dihedral,6.851865777734138,+,0.10819689592365994,0.4713843801432477
29,1070.2389305068414,,,mixed ring-site C-H out-of-plane bending / ring-site C-H in-plane bending,tau(H19-C6-C7-O8),dihedral,4.916161981662373,+,0.17658276134280762,0.12697713378346867
29,1070.2389305068414,,,mixed ring-site C-H out-of-plane bending / ring-site C-H in-plane bending,nu(C7-O8),bond,4.751491380778284,-,-0.104740770331388,0.34881436505138363
29,1070.2389305068414,,,mixed ring-site C-H out-of-plane bending / ring-site C-H in-plane bending,delta(C5-C6-C7),angle,4.380023712939059,-,-0.052513230300879704,1.2791896492453412
29,1070.2389305068414,,,mixed ring-site C-H out-of-plane bending / ring-site C-H in-plane bending,delta(C4-C3-H15),angle,3.220992229571658,+,0.0832194300021431,0.37457272194762403
29,1070.2389305068414,,,mixed ring-site C-H out-of-plane bending / ring-site C-H in-plane bending,delta(C6-C5-H18),angle,3.027809464762938,+,0.05221027608594933,0.8945662439133465
29,1070.2389305068414,,,mixed ring-site C-H out-of-plane bending / ring-site C-H in-plane bending,tau(C2-C3-C4-C5),dihedral,3.0223837023616626,-,-0.05984729462392828,0.6796048915723832
29,1070.2389305068414,,,mixed ring-site C-H out-of-plane bending / ring-site C-H in-plane bending,nu(C4-O8),bond,2.9985188882847043,+,0.0854365417346966,0.3308380182485744
29,1070.2389305068414,,,mixed ring-site C-H out-of-plane bending / ring-site C-H in-plane bending,"gamma(C2;C3,H14,H15)",oop,2.9882215288903304,-,-0.08792360613866168,0.31131335337326066
29,1070.2389305068414,,,mixed ring-site C-H out-of-plane bending / ring-site C-H in-plane bending,delta(C6-C5-H17),angle,2.066605960138298,+,0.0757402851378858,0.2901347508842103
29,1070.2389305068414,,,mixed ring-site C-H out-of-plane bending / ring-site C-H in-plane bending,"gamma(H16;C4,C5,O8)",oop,2.003971537792063,-,-0.05532057863454394,0.5273683528647449
29,1070.2389305068414,,,mixed ring-site C-H out-of-plane bending / ring-site C-H in-plane bending,tau(H11-C1-C2-H13),dihedral,1.9333360678253786,+,0.0627255055490473,0.395744562160233
29,1070.2389305068414,,,mixed ring-site C-H out-of-plane bending / ring-site C-H in-plane bending,delta(C2-C1-H11),angle,1.720569634458738,+,0.07884806724623278,0.2228876950441817
29,1070.2389305068414,,,mixed ring-site C-H out-of-plane bending / ring-site C-H in-plane bending,tau(H10-C1-C2-H13),dihedral,1.6037223080479568,-,-0.08588478401242298,0.17510262560992168
29,1070.2389305068414,,,mixed ring-site C-H out-of-plane bending / ring-site C-H in-plane bending,"gamma(C2;C9,C6,C7)",oop,1.5908836210070456,+,0.03871908875966793,0.8546417378486717
29,1070.2389305068414,,,mixed ring-site C-H out-of-plane bending / ring-site C-H in-plane bending,nu(C5-C6),bond,1.5607379091039164,+,0.0594425445103169,0.35573872105608056
29,1070.2389305068414,,,mixed ring-site C-H out-of-plane bending / ring-site C-H in-plane bending,delta(C2-C1-H10),angle,1.0322474218410762,+,0.06145017752733398,0.22015749068391807
29,1070.2389305068414,,,mixed ring-site C-H out-of-plane bending / ring-site C-H in-plane bending,delta(C5-C4-O8),angle,1.0282141059985168,-,-0.020936601251089624,1.8891530232339337
29,1070.2389305068414,,,mixed ring-site C-H out-of-plane bending / ring-site C-H in-plane bending,tau(C2-C3-C4-H16),dihedral,0.9525152965052136,-,-0.052856576838961764,0.27458059099928556
29,1070.2389305068414,,,mixed ring-site C-H out-of-plane bending / ring-site C-H in-plane bending,"gamma(H20;C7,C6,C9)",oop,0.8694903103945472,-,-0.05523311881591188,0.2295416801376045
29,1070.2389305068414,,,mixed ring-site C-H out-of-plane bending / ring-site C-H in-plane bending,nu(C7-C9),bond,0.8234218367070678,-,-0.04539787472455817,0.3217712809389961
29,1070.2389305068414,,,mixed ring-site C-H out-of-plane bending / ring-site C-H in-plane bending,nu(C2-C3),bond,0.8114433878746078,+,0.047286430059630145,0.2922678964184281
29,1070.2389305068414,,,mixed ring-site C-H out-of-plane bending / ring-site C-H in-plane bending,nu(C1-C2),bond,0.7642704200958885,-,-0.0475223915426053,0.2725501455699407
29,1070.2389305068414,,,mixed ring-site C-H out-of-plane bending / ring-site C-H in-plane bending,tau(C3-C4-O8-C7),dihedral,0.7464149036649733,-,-0.025340254241652812,0.9361691167181562
29,1070.2389305068414,,,mixed ring-site C-H out-of-plane bending / ring-site C-H in-plane bending,nu(C4-C5),bond,0.6130694203806574,-,-0.038604114877463735,0.33131294059860933
29,1070.2389305068414,,,mixed ring-site C-H out-of-plane bending / ring-site C-H in-plane bending,nu(C6-C7),bond,0.3692630400523652,+,0.029076350671489594,0.351764483756105
29,1070.2389305068414,,,mixed ring-site C-H out-of-plane bending / ring-site C-H in-plane bending,delta(C2-C9-H21),angle,0.31775387989294074,+,0.03328104715763693,0.2310430135999735
29,1070.2389305068414,,,mixed ring-site C-H out-of-plane bending / ring-site C-H in-plane bending,delta(C1-C2-C9),angle,0.29288271885987077,+,0.027041792090666327,0.3225661213649848
29,1070.2389305068414,,,mixed ring-site C-H out-of-plane bending / ring-site C-H in-plane bending,tau(H11-C1-C2-C9),dihedral,0.24055512892889608,+,0.028169861816158933,0.24414123171457477
29,1070.2389305068414,,,mixed ring-site C-H out-of-plane bending / ring-site C-H in-plane bending,delta(C1-C2-H13),angle,0.18582733580593522,-,-0.024594297205956153,0.24742108678985417
29,1070.2389305068414,,,mixed ring-site C-H out-of-plane bending / ring-site C-H in-plane bending,nu(C3-C4),bond,0.18201241946367136,+,0.020989729828776723,0.3327233416142365
29,1070.2389305068414,,,mixed ring-site C-H out-of-plane bending / ring-site C-H in-plane bending,delta(H11-C1-H12),angle,0.08796140661318588,-,-0.016038828876538676,0.27538659836850643
29,1070.2389305068414,,,mixed ring-site C-H out-of-plane bending / ring-site C-H in-plane bending,delta(H17-C5-H18),angle,0.07679333956238762,-,-0.014092338162426192,0.3114249374201952
29,1070.2389305068414,,,mixed ring-site C-H out-of-plane bending / ring-site C-H in-plane bending,tau(H15-C3-C4-C5),dihedral,0.041935174155219544,-,-0.012142622828656163,0.22906006726638234
29,1070.2389305068414,,,mixed ring-site C-H out-of-plane bending / ring-site C-H in-plane bending,nu(C2-C9),bond,0.0300682425115317,+,0.008563588560796228,0.3302116574664156
29,1070.2389305068414,,,mixed ring-site C-H out-of-plane bending / ring-site C-H in-plane bending,tau(C1-C2-C9-C6),dihedral,0.028844941380737486,+,0.009126408524601419,0.2789110970433987
29,1070.2389305068414,,,mixed ring-site C-H out-of-plane bending / ring-site C-H in-plane bending,tau(C3-C4-C5-H18),dihedral,0.019294367451483385,-,-0.005675240893721317,0.4824561953511669
29,1070.2389305068414,,,mixed ring-site C-H out-of-plane bending / ring-site C-H in-plane bending,delta(C7-C6-H19),angle,0.019066578508743638,-,-0.009495727982713581,0.17029903189686718
29,1070.2389305068414,,,mixed ring-site C-H out-of-plane bending / ring-site C-H in-plane bending,nu(C6-C9),bond,0.009019869244171119,+,0.005014052393672903,0.2889471730639286
29,1070.2389305068414,,,mixed ring-site C-H out-of-plane bending / ring-site C-H in-plane bending,delta(H14-C3-H15),angle,0.006391443604603437,-,-0.004936791671318382,0.21120553881908632
29,1070.2389305068414,,,mixed ring-site C-H out-of-plane bending / ring-site C-H in-plane bending,nu(C1-H12),bond,0.002614620962063346,+,0.0025152953528432987,0.33283324968659134
29,1070.2389305068414,,,mixed ring-site C-H out-of-plane bending / ring-site C-H in-plane bending,nu(C1-H10),bond,0.0024644392554038896,-,-0.0024374444689705312,0.3340754800027871
29,1070.2389305068414,,,mixed ring-site C-H out-of-plane bending / ring-site C-H in-plane bending,nu(C3-H15),bond,0.0020973076641197788,-,-0.0022574369842732348,0.33145671015102407
29,1070.2389305068414,,,mixed ring-site C-H out-of-plane bending / ring-site C-H in-plane bending,nu(C1-H11),bond,0.0004834988842714411,-,-0.0010814343554277875,0.3329592580761004
29,1070.2389305068414,,,mixed ring-site C-H out-of-plane bending / ring-site C-H in-plane bending,nu(C9-H21),bond,0.0003068354158907834,-,-0.0008440296590551664,0.346885393723776
29,1070.2389305068414,,,mixed ring-site C-H out-of-plane bending / ring-site C-H in-plane bending,nu(C3-H14),bond,0.0002960689257641798,+,0.0008507159918922262,0.32947280838759274
29,1070.2389305068414,,,mixed ring-site C-H out-of-plane bending / ring-site C-H in-plane bending,nu(C4-H16),bond,0.00022935396322481324,+,0.0007386384282749608,0.33856214359648934
29,1070.2389305068414,,,mixed ring-site C-H out-of-plane bending / ring-site C-H in-plane bending,nu(C5-H18),bond,0.00021931638494578626,+,0.0007289139669453852,0.33244092209661535
29,1070.2389305068414,,,mixed ring-site C-H out-of-plane bending / ring-site C-H in-plane bending,nu(C6-H19),bond,0.00020075484911273218,+,0.0006751656368066705,0.3546837789651513
29,1070.2389305068414,,,mixed ring-site C-H out-of-plane bending / ring-site C-H in-plane bending,nu(C7-H20),bond,0.000116415813522157,-,-0.0005106213692353664,0.3595919403531978
29,1070.2389305068414,,,mixed ring-site C-H out-of-plane bending / ring-site C-H in-plane bending,nu(C2-H13),bond,2.9654226706138326e-05,+,0.0002731573110141969,0.3200787845755846
29,1070.2389305068414,,,mixed ring-site C-H out-of-plane bending / ring-site C-H in-plane bending,nu(C5-H17),bond,1.4328063617493913e-05,+,0.0001860821533116849,0.33325294701181174
30,1091.7114266898036,,,mixed ring-site C-H out-of-plane bending / ring-site C-H in-plane bending,"gamma(H20;C7,C6,O8)",oop,18.898241302552442,+,0.29415722292209096,0.14886987566679247
30,1091.7114266898036,,,mixed ring-site C-H out-of-plane bending / ring-site C-H in-plane bending,tau(C3-C2-C9-H21),dihedral,16.593325791537413,-,-0.1548999797264272,0.4713843801432477
30,1091.7114266898036,,,mixed ring-site C-H out-of-plane bending / ring-site C-H in-plane bending,nu(C6-C7),bond,7.52812396391637,+,0.1207784971583958,0.351764483756105
30,1091.7114266898036,,,mixed ring-site C-H out-of-plane bending / ring-site C-H in-plane bending,"gamma(C6;C9,C2,H21)",oop,6.62054191700991,+,0.09119162781208001,0.5426603274850661
30,1091.7114266898036,,,mixed ring-site C-H out-of-plane bending / ring-site C-H in-plane bending,delta(C6-C5-H18),angle,5.129324439458637,-,-0.06251670304155767,0.8945662439133465
30,1091.7114266898036,,,mixed ring-site C-H out-of-plane bending / ring-site C-H in-plane bending,delta(C2-C1-H11),angle,4.803649756994182,-,-0.12120341467916469,0.2228876950441817
30,1091.7114266898036,,,mixed ring-site C-H out-of-plane bending / ring-site C-H in-plane bending,nu(C7-O8),bond,4.195412172287538,+,0.09054456166245616,0.34881436505138363
30,1091.7114266898036,,,mixed ring-site C-H out-of-plane bending / ring-site C-H in-plane bending,tau(C3-C4-C5-H18),dihedral,4.152054222276949,+,0.07659048135679067,0.4824561953511669
30,1091.7114266898036,,,mixed ring-site C-H out-of-plane bending / ring-site C-H in-plane bending,delta(C2-C9-H21),angle,3.5003946008001696,-,-0.10162119952350594,0.2310430135999735
30,1091.7114266898036,,,mixed ring-site C-H out-of-plane bending / ring-site C-H in-plane bending,tau(C2-C3-C4-C5),dihedral,3.280342252609899,-,-0.05735926339956949,0.6796048915723832
30,1091.7114266898036,,,mixed ring-site C-H out-of-plane bending / ring-site C-H in-plane bending,"gamma(C2;C9,C6,C7)",oop,3.2577723324298784,+,0.050973041793202445,0.8546417378486717
30,1091.7114266898036,,,mixed ring-site C-H out-of-plane bending / ring-site C-H in-plane bending,tau(C3-C4-O8-C7),dihedral,2.4317956453606855,-,-0.04207834187313438,0.9361691167181562
30,1091.7114266898036,,,mixed ring-site C-H out-of-plane bending / ring-site C-H in-plane bending,delta(C7-C6-H19),angle,2.2839627827691387,+,0.0956116155348985,0.17029903189686718
30,1091.7114266898036,,,mixed ring-site C-H out-of-plane bending / ring-site C-H in-plane bending,delta(C2-C1-H10),angle,2.239827251169168,+,0.08327463991829374,0.22015749068391807
30,1091.7114266898036,,,mixed ring-site C-H out-of-plane bending / ring-site C-H in-plane bending,"gamma(H16;C4,C5,O8)",oop,1.9524481666676763,+,0.050234832553197335,0.5273683528647449
30,1091.7114266898036,,,mixed ring-site C-H out-of-plane bending / ring-site C-H in-plane bending,delta(C4-C3-H15),angle,1.7731555629713587,+,0.0568038249778412,0.37457272194762403
30,1091.7114266898036,,,mixed ring-site C-H out-of-plane bending / ring-site C-H in-plane bending,nu(C2-C9),bond,1.412912182650231,+,0.05400495629827582,0.3302116574664156
30,1091.7114266898036,,,mixed ring-site C-H out-of-plane bending / ring-site C-H in-plane bending,delta(C5-C6-C7),angle,1.3685975893794564,+,0.027004904866944592,1.2791896492453412
30,1091.7114266898036,,,mixed ring-site C-H out-of-plane bending / ring-site C-H in-plane bending,tau(H19-C6-C7-O8),dihedral,1.2238446206004945,-,-0.08105365740906365,0.12697713378346867
30,1091.7114266898036,,,mixed ring-site C-H out-of-plane bending / ring-site C-H in-plane bending,tau(H16-C4-O8-C7),dihedral,1.080676154120497,-,-0.033760356435316795,0.646287850095482
30,1091.7114266898036,,,mixed ring-site C-H out-of-plane bending / ring-site C-H in-plane bending,nu(C7-C9),bond,0.9586692653608533,-,-0.04506433814937283,0.3217712809389961
30,1091.7114266898036,,,mixed ring-site C-H out-of-plane bending / ring-site C-H in-plane bending,nu(C3-C4),bond,0.49012532307690504,+,0.03168722231774717,0.3327233416142365
30,1091.7114266898036,,,mixed ring-site C-H out-of-plane bending / ring-site C-H in-plane bending,tau(H10-C1-C2-H13),dihedral,0.46418240052414056,+,0.042507957783065445,0.17510262560992168
30,1091.7114266898036,,,mixed ring-site C-H out-of-plane bending / ring-site C-H in-plane bending,tau(C2-C3-C4-H16),dihedral,0.4587642749117166,-,-0.03374676229219973,0.27458059099928556
30,1091.7114266898036,,,mixed ring-site C-H out-of-plane bending / ring-site C-H in-plane bending,delta(C2-C1-H12),angle,0.42287962673201424,+,0.031220113593501804,0.29572788270104006
30,1091.7114266898036,,,mixed ring-site C-H out-of-plane bending / ring-site C-H in-plane bending,nu(C2-C3),bond,0.4052056540125068,-,-0.030741101584399654,0.2922678964184281
30,1091.7114266898036,,,mixed ring-site C-H out-of-plane bending / ring-site C-H in-plane bending,"gamma(C2;C3,H14,H15)",oop,0.38159075821916844,-,-0.02890495408328554,0.31131335337326066
30,1091.7114266898036,,,mixed ring-site C-H out-of-plane bending / ring-site C-H in-plane bending,nu(C6-C9),bond,0.3768306208349668,+,0.029815088487325822,0.2889471730639286
30,1091.7114266898036,,,mixed ring-site C-H out-of-plane bending / ring-site C-H in-plane bending,delta(C1-C2-C9),angle,0.35787589185517976,-,-0.027499771183060944,0.3225661213649848
30,1091.7114266898036,,,mixed ring-site C-H out-of-plane bending / ring-site C-H in-plane bending,nu(C5-C6),bond,0.3341029379188716,-,-0.0253015316433948,0.35573872105608056
30,1091.7114266898036,,,mixed ring-site C-H out-of-plane bending / ring-site C-H in-plane bending,nu(C4-O8),bond,0.3270773916995415,-,-0.02595910960794947,0.3308380182485744
30,1091.7114266898036,,,mixed ring-site C-H out-of-plane bending / ring-site C-H in-plane bending,nu(C1-C2),bond,0.3216596502070641,-,-0.028362683463869675,0.2725501455699407
30,1091.7114266898036,,,mixed ring-site C-H out-of-plane bending / ring-site C-H in-plane bending,delta(H11-C1-H12),angle,0.27149129104006225,-,-0.025922613532030382,0.27538659836850643
30,1091.7114266898036,,,mixed ring-site C-H out-of-plane bending / ring-site C-H in-plane bending,delta(C1-C2-H13),angle,0.2260900185236241,-,-0.024957126150663082,0.24742108678985417
30,1091.7114266898036,,,mixed ring-site C-H out-of-plane bending / ring-site C-H in-plane bending,delta(H17-C5-H18),angle,0.1251996860162704,-,-0.01655377933090284,0.3114249374201952
30,1091.7114266898036,,,mixed ring-site C-H out-of-plane bending / ring-site C-H in-plane bending,delta(C4-C5-H18),angle,0.08386288404476211,-,-0.012898981275903275,0.3435606678510062
30,1091.7114266898036,,,mixed ring-site C-H out-of-plane bending / ring-site C-H in-plane bending,nu(C4-C5),bond,0.05204331162928465,+,0.010347501475617514,0.33131294059860933
30,1091.7114266898036,,,mixed ring-site C-H out-of-plane bending / ring-site C-H in-plane bending,tau(H11-C1-C2-H13),dihedral,0.034155422473797326,+,0.007669986285430139,0.395744562160233
30,1091.7114266898036,,,mixed ring-site C-H out-of-plane bending / ring-site C-H in-plane bending,"gamma(H20;C7,C6,C9)",oop,0.033512291597560105,+,0.009975703206344895,0.2295416801376045
30,1091.7114266898036,,,mixed ring-site C-H out-of-plane bending / ring-site C-H in-plane bending,nu(C7-H20),bond,0.026352934720569526,+,0.007067759339340228,0.3595919403531978
30,1091.7114266898036,,,mixed ring-site C-H out-of-plane bending / ring-site C-H in-plane bending,tau(H11-C1-C2-C9),dihedral,0.02472358371258406,-,-0.008308208372044055,0.24414123171457477
30,1091.7114266898036,,,mixed ring-site C-H out-of-plane bending / ring-site C-H in-plane bending,tau(H15-C3-C4-C5),dihedral,0.022923544514548894,+,0.008259208464267177,0.22906006726638234
30,1091.7114266898036,,,mixed ring-site C-H out-of-plane bending / ring-site C-H in-plane bending,delta(H14-C3-H15),angle,0.014579604245745365,-,-0.006859499846688732,0.21120553881908632
30,1091.7114266898036,,,mixed ring-site C-H out-of-plane bending / ring-site C-H in-plane bending,tau(C1-C2-C9-C6),dihedral,0.01437499314842429,-,-0.0059271123688067195,0.2789110970433987
30,1091.7114266898036,,,mixed ring-site C-H out-of-plane bending / ring-site C-H in-plane bending,delta(C5-C4-O8),angle,0.009884245540294904,-,-0.0018884714717528116,1.8891530232339337
30,1091.7114266898036,,,mixed ring-site C-H out-of-plane bending / ring-site C-H in-plane bending,nu(C6-H19),bond,0.009382994257352777,+,0.004246413641985095,0.3546837789651513
30,1091.7114266898036,,,mixed ring-site C-H out-of-plane bending / ring-site C-H in-plane bending,nu(C4-H16),bond,0.007801236224816897,+,0.00396309744663719,0.33856214359648934
30,1091.7114266898036,,,mixed ring-site C-H out-of-plane bending / ring-site C-H in-plane bending,nu(C1-H10),bond,0.004269708521217506,-,-0.0029515425480647977,0.3340754800027871
30,1091.7114266898036,,,mixed ring-site C-H out-of-plane bending / ring-site C-H in-plane bending,nu(C5-H18),bond,0.0038013031452740365,+,0.0027917803619414215,0.33244092209661535
30,1091.7114266898036,,,mixed ring-site C-H out-of-plane bending / ring-site C-H in-plane bending,nu(C1-H11),bond,0.003580224736563986,+,0.0027072716253862083,0.3329592580761004
30,1091.7114266898036,,,mixed ring-site C-H out-of-plane bending / ring-site C-H in-plane bending,delta(C6-C5-H17),angle,0.002048557432429964,-,-0.0021937969680888986,0.2901347508842103
30,1091.7114266898036,,,mixed ring-site C-H out-of-plane bending / ring-site C-H in-plane bending,nu(C5-H17),bond,0.0018825382348484647,+,0.001962262652725401,0.33325294701181174
30,1091.7114266898036,,,mixed ring-site C-H out-of-plane bending / ring-site C-H in-plane bending,nu(C3-H14),bond,0.0014498774925563588,+,0.0017319210860468127,0.32947280838759274
30,1091.7114266898036,,,mixed ring-site C-H out-of-plane bending / ring-site C-H in-plane bending,nu(C2-H13),bond,0.0004591483825246607,-,-0.0009888270068850163,0.3200787845755846
30,1091.7114266898036,,,mixed ring-site C-H out-of-plane bending / ring-site C-H in-plane bending,nu(C3-H15),bond,0.0003685067670784972,-,-0.0008705256269434969,0.33145671015102407
30,1091.7114266898036,,,mixed ring-site C-H out-of-plane bending / ring-site C-H in-plane bending,nu(C1-H12),bond,0.00025660961044165397,-,-0.0007249287780998574,0.33283324968659134
30,1091.7114266898036,,,mixed ring-site C-H out-of-plane bending / ring-site C-H in-plane bending,nu(C9-H21),bond,0.00013898107235832047,+,0.0005225851410981402,0.346885393723776
31,1106.6368945429185,,,mixed ring-site C-H out-of-plane bending / cyclic-ring out-of-plane deformation,"gamma(C6;C9,C2,H21)",oop,22.260035573506155,-,-0.2069825337335174,0.5426603274850661
31,1106.6368945429185,,,mixed ring-site C-H out-of-plane bending / cyclic-ring out-of-plane deformation,tau(C3-C2-C9-H21),dihedral,19.62848084604649,+,0.20854057117275684,0.4713843801432477
31,1106.6368945429185,,,mixed ring-site C-H out-of-plane bending / cyclic-ring out-of-plane deformation,delta(C7-C6-H19),angle,7.439430344943684,-,-0.21359867758566148,0.17029903189686718
31,1106.6368945429185,,,mixed ring-site C-H out-of-plane bending / cyclic-ring out-of-plane deformation,nu(C1-C2),bond,6.415601851955097,-,-0.1567943110277642,0.2725501455699407
31,1106.6368945429185,,,mixed ring-site C-H out-of-plane bending / cyclic-ring out-of-plane deformation,delta(C5-C4-O8),angle,5.5477383630024235,-,-0.05538079999388181,1.8891530232339337
31,1106.6368945429185,,,mixed ring-site C-H out-of-plane bending / cyclic-ring out-of-plane deformation,tau(H19-C6-C7-O8),dihedral,4.862817194500228,-,-0.1999935641822977,0.12697713378346867
31,1106.6368945429185,,,mixed ring-site C-H out-of-plane bending / cyclic-ring out-of-plane deformation,"gamma(H16;C4,C5,O8)",oop,4.74943756535442,+,0.09698372651727283,0.5273683528647449
31,1106.6368945429185,,,mixed ring-site C-H out-of-plane bending / cyclic-ring out-of-plane deformation,"gamma(C2;C9,C6,C7)",oop,4.520262915543927,+,0.07432323539827745,0.8546417378486717
31,1106.6368945429185,,,mixed ring-site C-H out-of-plane bending / cyclic-ring out-of-plane deformation,tau(H16-C4-O8-C7),dihedral,3.6850956582949195,-,-0.07716959045370785,0.646287850095482
31,1106.6368945429185,,,mixed ring-site C-H out-of-plane bending / cyclic-ring out-of-plane deformation,"gamma(H20;C7,C6,O8)",oop,2.3944803312378915,-,-0.12960955884777214,0.14886987566679247
31,1106.6368945429185,,,mixed ring-site C-H out-of-plane bending / cyclic-ring out-of-plane deformation,nu(C6-C7),bond,2.1136874990866517,+,0.07921897219880554,0.351764483756105
31,1106.6368945429185,,,mixed ring-site C-H out-of-plane bending / cyclic-ring out-of-plane deformation,nu(C3-C4),bond,1.8288697835417376,-,-0.07576778059300968,0.3327233416142365
31,1106.6368945429185,,,mixed ring-site C-H out-of-plane bending / cyclic-ring out-of-plane deformation,nu(C4-O8),bond,1.5614074450289623,+,0.07020777759474243,0.3308380182485744
31,1106.6368945429185,,,mixed ring-site C-H out-of-plane bending / cyclic-ring out-of-plane deformation,nu(C2-C9),bond,1.3595180153165616,+,0.0655739116399673,0.3302116574664156
31,1106.6368945429185,,,mixed ring-site C-H out-of-plane bending / cyclic-ring out-of-plane deformation,delta(C4-C3-H15),angle,1.1973185628583818,-,-0.057779209078920354,0.37457272194762403
31,1106.6368945429185,,,mixed ring-site C-H out-of-plane bending / cyclic-ring out-of-plane deformation,nu(C2-C3),bond,1.149983917778587,+,0.06410473877708218,0.2922678964184281
31,1106.6368945429185,,,mixed ring-site C-H out-of-plane bending / cyclic-ring out-of-plane deformation,delta(C5-C6-C7),angle,1.0891962253468246,-,-0.029820876471446794,1.2791896492453412
31,1106.6368945429185,,,mixed ring-site C-H out-of-plane bending / cyclic-ring out-of-plane deformation,tau(C1-C2-C9-C6),dihedral,0.9758569426211341,-,-0.06044981685170706,0.2789110970433987
31,1106.6368945429185,,,mixed ring-site C-H out-of-plane bending / cyclic-ring out-of-plane deformation,tau(C2-C3-C4-C5),dihedral,0.8860269599658848,-,-0.03690031117884616,0.6796048915723832
31,1106.6368945429185,,,mixed ring-site C-H out-of-plane bending / cyclic-ring out-of-plane deformation,tau(H11-C1-C2-C9),dihedral,0.807249621417309,-,-0.05876492248098631,0.24414123171457477
31,1106.6368945429185,,,mixed ring-site C-H out-of-plane bending / cyclic-ring out-of-plane deformation,tau(H11-C1-C2-H13),dihedral,0.678972716214601,-,-0.042330509103597154,0.395744562160233
31,1106.6368945429185,,,mixed ring-site C-H out-of-plane bending / cyclic-ring out-of-plane deformation,nu(C7-C9),bond,0.6756397882367049,-,-0.04682941980477236,0.3217712809389961
31,1106.6368945429185,,,mixed ring-site C-H out-of-plane bending / cyclic-ring out-of-plane deformation,tau(C2-C3-C4-H16),dihedral,0.5559010932472579,+,0.04598314322324998,0.27458059099928556
31,1106.6368945429185,,,mixed ring-site C-H out-of-plane bending / cyclic-ring out-of-plane deformation,tau(C3-C4-O8-C7),dihedral,0.42108179781233684,-,-0.021674090749974936,0.9361691167181562
31,1106.6368945429185,,,mixed ring-site C-H out-of-plane bending / cyclic-ring out-of-plane deformation,tau(C3-C4-C5-H18),dihedral,0.3898968819423956,+,0.029052315072958988,0.4824561953511669
31,1106.6368945429185,,,mixed ring-site C-H out-of-plane bending / cyclic-ring out-of-plane deformation,delta(C4-C5-H18),angle,0.37930325915543356,+,0.03395677025358211,0.3435606678510062
31,1106.6368945429185,,,mixed ring-site C-H out-of-plane bending / cyclic-ring out-of-plane deformation,"gamma(C2;C3,H14,H15)",oop,0.36800713258577256,+,0.03513694926059302,0.31131335337326066
31,1106.6368945429185,,,mixed ring-site C-H out-of-plane bending / cyclic-ring out-of-plane deformation,delta(C6-C5-H17),angle,0.33738954435068297,-,-0.034849836373263485,0.2901347508842103
31,1106.6368945429185,,,mixed ring-site C-H out-of-plane bending / cyclic-ring out-of-plane deformation,nu(C6-C9),bond,0.2554449546963054,-,-0.030386049988528424,0.2889471730639286
31,1106.6368945429185,,,mixed ring-site C-H out-of-plane bending / cyclic-ring out-of-plane deformation,nu(C4-C5),bond,0.23790237316792007,+,0.02738514191284413,0.33131294059860933
31,1106.6368945429185,,,mixed ring-site C-H out-of-plane bending / cyclic-ring out-of-plane deformation,"gamma(H20;C7,C6,C9)",oop,0.23237747236165332,+,0.032516294019457916,0.2295416801376045
31,1106.6368945429185,,,mixed ring-site C-H out-of-plane bending / cyclic-ring out-of-plane deformation,delta(C2-C9-H21),angle,0.1825076142014594,-,-0.028722939395085797,0.2310430135999735
31,1106.6368945429185,,,mixed ring-site C-H out-of-plane bending / cyclic-ring out-of-plane deformation,delta(C1-C2-C9),angle,0.1621640468383767,+,0.022914095512599215,0.3225661213649848
31,1106.6368945429185,,,mixed ring-site C-H out-of-plane bending / cyclic-ring out-of-plane deformation,delta(C2-C1-H12),angle,0.15830411165200922,+,0.023644752301481615,0.29572788270104006
31,1106.6368945429185,,,mixed ring-site C-H out-of-plane bending / cyclic-ring out-of-plane deformation,delta(C2-C1-H11),angle,0.13694645785416829,-,-0.02533186491987403,0.2228876950441817
31,1106.6368945429185,,,mixed ring-site C-H out-of-plane bending / cyclic-ring out-of-plane deformation,nu(C7-O8),bond,0.09745385097204294,+,0.017081937554528904,0.34881436505138363
31,1106.6368945429185,,,mixed ring-site C-H out-of-plane bending / cyclic-ring out-of-plane deformation,delta(C2-C1-H10),angle,0.08504926783848066,-,-0.020086458165433824,0.22015749068391807
31,1106.6368945429185,,,mixed ring-site C-H out-of-plane bending / cyclic-ring out-of-plane deformation,delta(H11-C1-H12),angle,0.04408201382689885,+,0.01292986887660422,0.27538659836850643
31,1106.6368945429185,,,mixed ring-site C-H out-of-plane bending / cyclic-ring out-of-plane deformation,delta(H17-C5-H18),angle,0.03566926330017003,-,-0.010937175605890989,0.3114249374201952
31,1106.6368945429185,,,mixed ring-site C-H out-of-plane bending / cyclic-ring out-of-plane deformation,delta(H14-C3-H15),angle,0.03312581360815616,-,-0.012798687449911852,0.21120553881908632
31,1106.6368945429185,,,mixed ring-site C-H out-of-plane bending / cyclic-ring out-of-plane deformation,delta(C1-C2-H13),angle,0.013934795415566966,-,-0.00766949469939203,0.24742108678985417
31,1106.6368945429185,,,mixed ring-site C-H out-of-plane bending / cyclic-ring out-of-plane deformation,tau(H10-C1-C2-H13),dihedral,0.013640210411081172,-,-0.009019843741870618,0.17510262560992168
31,1106.6368945429185,,,mixed ring-site C-H out-of-plane bending / cyclic-ring out-of-plane deformation,tau(H15-C3-C4-C5),dihedral,0.006165783602667453,+,0.0053021774153371596,0.22906006726638234
31,1106.6368945429185,,,mixed ring-site C-H out-of-plane bending / cyclic-ring out-of-plane deformation,nu(C4-H16),bond,0.004921140957884598,+,0.0038962652290862954,0.33856214359648934
31,1106.6368945429185,,,mixed ring-site C-H out-of-plane bending / cyclic-ring out-of-plane deformation,nu(C7-H20),bond,0.004896689917457237,+,0.003771213633746172,0.3595919403531978
31,1106.6368945429185,,,mixed ring-site C-H out-of-plane bending / cyclic-ring out-of-plane deformation,delta(C6-C5-H18),angle,0.004318164796822337,-,-0.002245319568761733,0.8945662439133465
31,1106.6368945429185,,,mixed ring-site C-H out-of-plane bending / cyclic-ring out-of-plane deformation,nu(C6-H19),bond,0.0021216878096169747,+,0.0024995100384542115,0.3546837789651513
31,1106.6368945429185,,,mixed ring-site C-H out-of-plane bending / cyclic-ring out-of-plane deformation,nu(C3-H14),bond,0.0018108176507792043,+,0.0023958651969669094,0.32947280838759274
31,1106.6368945429185,,,mixed ring-site C-H out-of-plane bending / cyclic-ring out-of-plane deformation,nu(C3-H15),bond,0.0017805989176959468,+,0.002368669418735477,0.33145671015102407
31,1106.6368945429185,,,mixed ring-site C-H out-of-plane bending / cyclic-ring out-of-plane deformation,nu(C5-H17),bond,0.0016361172266489887,+,0.0022644097573192475,0.33325294701181174
31,1106.6368945429185,,,mixed ring-site C-H out-of-plane bending / cyclic-ring out-of-plane deformation,nu(C5-C6),bond,0.0013295358075140831,-,-0.0019756920748281656,0.35573872105608056
31,1106.6368945429185,,,mixed ring-site C-H out-of-plane bending / cyclic-ring out-of-plane deformation,nu(C5-H18),bond,0.0012652090052316259,-,-0.001993694938502802,0.33244092209661535
31,1106.6368945429185,,,mixed ring-site C-H out-of-plane bending / cyclic-ring out-of-plane deformation,nu(C1-H12),bond,0.0011798461850827014,-,-0.0019241288522662018,0.33283324968659134
31,1106.6368945429185,,,mixed ring-site C-H out-of-plane bending / cyclic-ring out-of-plane deformation,nu(C1-H10),bond,0.0010356795618349666,-,-0.001799389619153534,0.3340754800027871
31,1106.6368945429185,,,mixed ring-site C-H out-of-plane bending / cyclic-ring out-of-plane deformation,nu(C2-H13),bond,0.00012772963744018352,-,-0.0006455831748911505,0.3200787845755846
31,1106.6368945429185,,,mixed ring-site C-H out-of-plane bending / cyclic-ring out-of-plane deformation,nu(C1-H11),bond,9.237085963248633e-05,-,-0.0005382781527353989,0.3329592580761004
31,1106.6368945429185,,,mixed ring-site C-H out-of-plane bending / cyclic-ring out-of-plane deformation,nu(C9-H21),bond,2.8551026940628464e-05,-,-0.0002931923729340539,0.346885393723776
32,1128.8234710675024,,,mixed ring-site C-H in-plane bending / ring-site C-H out-of-plane bending,delta(C4-C3-H15),angle,10.70233058130469,-,-0.16525914363286776,0.37457272194762403
32,1128.8234710675024,,,mixed ring-site C-H in-plane bending / ring-site C-H out-of-plane bending,delta(C6-C5-H18),angle,10.68213690721993,-,-0.10683589863118972,0.8945662439133465
32,1128.8234710675024,,,mixed ring-site C-H in-plane bending / ring-site C-H out-of-plane bending,tau(C2-C3-C4-C5),dihedral,9.5539510785458,+,0.1159198069169429,0.6796048915723832
32,1128.8234710675024,,,mixed ring-site C-H in-plane bending / ring-site C-H out-of-plane bending,delta(C2-C1-H10),angle,8.458295827734156,-,-0.19163246785995572,0.22015749068391807
32,1128.8234710675024,,,mixed ring-site C-H in-plane bending / ring-site C-H out-of-plane bending,nu(C1-C2),bond,7.855041556755742,-,-0.16597605005419072,0.2725501455699407
32,1128.8234710675024,,,mixed ring-site C-H in-plane bending / ring-site C-H out-of-plane bending,"gamma(C6;C9,C2,H21)",oop,7.801696875204948,+,0.11722625488080719,0.5426603274850661
32,1128.8234710675024,,,mixed ring-site C-H in-plane bending / ring-site C-H out-of-plane bending,tau(C2-C3-C4-H16),dihedral,7.102643800258638,+,0.1572423372159639,0.27458059099928556
32,1128.8234710675024,,,mixed ring-site C-H in-plane bending / ring-site C-H out-of-plane bending,tau(H11-C1-C2-H13),dihedral,5.972290053214399,-,-0.12010396870258777,0.395744562160233
32,1128.8234710675024,,,mixed ring-site C-H in-plane bending / ring-site C-H out-of-plane bending,delta(C2-C1-H12),angle,3.8446590352907166,+,0.11147491985186259,0.29572788270104006
32,1128.8234710675024,,,mixed ring-site C-H in-plane bending / ring-site C-H out-of-plane bending,tau(H16-C4-O8-C7),dihedral,3.3804282749996757,-,-0.07070778906233208,0.646287850095482
32,1128.8234710675024,,,mixed ring-site C-H in-plane bending / ring-site C-H out-of-plane bending,"gamma(H20;C7,C6,O8)",oop,2.9654483056363414,+,0.1379863594408994,0.14886987566679247
32,1128.8234710675024,,,mixed ring-site C-H in-plane bending / ring-site C-H out-of-plane bending,delta(C6-C5-H17),angle,2.5050349900351794,+,0.0908450804838751,0.2901347508842103
32,1128.8234710675024,,,mixed ring-site C-H in-plane bending / ring-site C-H out-of-plane bending,tau(C3-C4-C5-H18),dihedral,2.32587728928088,+,0.06788265904085321,0.4824561953511669
32,1128.8234710675024,,,mixed ring-site C-H in-plane bending / ring-site C-H out-of-plane bending,tau(C3-C4-O8-C7),dihedral,1.9294634077326458,-,-0.044384926886728814,0.9361691167181562
32,1128.8234710675024,,,mixed ring-site C-H in-plane bending / ring-site C-H out-of-plane bending,delta(C4-C5-H18),angle,1.8052748373276262,-,-0.07087031055139116,0.3435606678510062
32,1128.8234710675024,,,mixed ring-site C-H in-plane bending / ring-site C-H out-of-plane bending,tau(H19-C6-C7-O8),dihedral,1.5182570904837476,+,0.10690654388920767,0.12697713378346867
32,1128.8234710675024,,,mixed ring-site C-H in-plane bending / ring-site C-H out-of-plane bending,delta(C1-C2-C9),angle,1.442494177910969,+,0.06537956835441751,0.3225661213649848
32,1128.8234710675024,,,mixed ring-site C-H in-plane bending / ring-site C-H out-of-plane bending,delta(H11-C1-H12),angle,1.4272898549588002,+,0.0703848321423169,0.27538659836850643
32,1128.8234710675024,,,mixed ring-site C-H in-plane bending / ring-site C-H out-of-plane bending,delta(C7-C6-H19),angle,1.390945652242203,+,0.08835749232945782,0.17029903189686718
32,1128.8234710675024,,,mixed ring-site C-H in-plane bending / ring-site C-H out-of-plane bending,nu(C4-O8),bond,1.2245846499065693,-,-0.059481387537040846,0.3308380182485744
32,1128.8234710675024,,,mixed ring-site C-H in-plane bending / ring-site C-H out-of-plane bending,"gamma(H16;C4,C5,O8)",oop,1.0903890028895653,+,0.044455765175047846,0.5273683528647449
32,1128.8234710675024,,,mixed ring-site C-H in-plane bending / ring-site C-H out-of-plane bending,tau(H11-C1-C2-C9),dihedral,1.0863465406647526,-,-0.06521657961142174,0.24414123171457477
32,1128.8234710675024,,,mixed ring-site C-H in-plane bending / ring-site C-H out-of-plane bending,delta(C5-C4-O8),angle,0.8331981914329633,+,0.020532176128252325,1.8891530232339337
32,1128.8234710675024,,,mixed ring-site C-H in-plane bending / ring-site C-H out-of-plane bending,delta(C2-C1-H11),angle,0.771388047651723,+,0.05751588368006014,0.2228876950441817
32,1128.8234710675024,,,mixed ring-site C-H in-plane bending / ring-site C-H out-of-plane bending,nu(C4-C5),bond,0.6662722406950885,+,0.0438430794676578,0.33131294059860933
32,1128.8234710675024,,,mixed ring-site C-H in-plane bending / ring-site C-H out-of-plane bending,"gamma(C2;C9,C6,C7)",oop,0.47229634252018815,+,0.02298315428783521,0.8546417378486717
32,1128.8234710675024,,,mixed ring-site C-H in-plane bending / ring-site C-H out-of-plane bending,tau(C3-C2-C9-H21),dihedral,0.27111371806921625,+,0.023446744085904574,0.4713843801432477
32,1128.8234710675024,,,mixed ring-site C-H in-plane bending / ring-site C-H out-of-plane bending,nu(C6-C7),bond,0.16684083526039623,-,-0.021292152796306585,0.351764483756105
32,1128.8234710675024,,,mixed ring-site C-H in-plane bending / ring-site C-H out-of-plane bending,nu(C6-C9),bond,0.15606278484629701,+,0.022721387156124276,0.2889471730639286
32,1128.8234710675024,,,mixed ring-site C-H in-plane bending / ring-site C-H out-of-plane bending,tau(H15-C3-C4-C5),dihedral,0.1465005467140724,-,-0.02472517199291392,0.22906006726638234
32,1128.8234710675024,,,mixed ring-site C-H in-plane bending / ring-site C-H out-of-plane bending,delta(C5-C6-C7),angle,0.11164850347432839,+,0.009133839488851533,1.2791896492453412
32,1128.8234710675024,,,mixed ring-site C-H in-plane bending / ring-site C-H out-of-plane bending,nu(C7-O8),bond,0.06763458084505213,+,0.013613870371875166,0.34881436505138363
32,1128.8234710675024,,,mixed ring-site C-H in-plane bending / ring-site C-H out-of-plane bending,nu(C5-C6),bond,0.06730324488898541,+,0.01344766316929821,0.35573872105608056
32,1128.8234710675024,,,mixed ring-site C-H in-plane bending / ring-site C-H out-of-plane bending,tau(C1-C2-C9-C6),dihedral,0.04870492865535899,-,-0.01291956672869342,0.2789110970433987
32,1128.8234710675024,,,mixed ring-site C-H in-plane bending / ring-site C-H out-of-plane bending,nu(C2-C9),bond,0.031807894409673534,+,0.009595456711744157,0.3302116574664156
32,1128.8234710675024,,,mixed ring-site C-H in-plane bending / ring-site C-H out-of-plane bending,nu(C7-C9),bond,0.026840051801141622,-,-0.008929197432643782,0.3217712809389961
32,1128.8234710675024,,,mixed ring-site C-H in-plane bending / ring-site C-H out-of-plane bending,nu(C2-C3),bond,0.018852601770786466,+,0.007852166150660726,0.2922678964184281
32,1128.8234710675024,,,mixed ring-site C-H in-plane bending / ring-site C-H out-of-plane bending,tau(H10-C1-C2-H13),dihedral,0.017341897345686225,+,0.00972963093752206,0.17510262560992168
32,1128.8234710675024,,,mixed ring-site C-H in-plane bending / ring-site C-H out-of-plane bending,"gamma(C2;C3,H14,H15)",oop,0.015565960473813303,-,-0.006913269342942662,0.31131335337326066
32,1128.8234710675024,,,mixed ring-site C-H in-plane bending / ring-site C-H out-of-plane bending,nu(C3-H15),bond,0.009381086808130922,+,0.00520124798074151,0.33145671015102407
32,1128.8234710675024,,,mixed ring-site C-H in-plane bending / ring-site C-H out-of-plane bending,nu(C1-H12),bond,0.005431602643571065,-,-0.003949526511530598,0.33283324968659134
32,1128.8234710675024,,,mixed ring-site C-H in-plane bending / ring-site C-H out-of-plane bending,nu(C3-C4),bond,0.005129241408189103,+,0.0038386571592905695,0.3327233416142365
32,1128.8234710675024,,,mixed ring-site C-H in-plane bending / ring-site C-H out-of-plane bending,nu(C3-H14),bond,0.00506226592137921,-,-0.0038322786453949117,0.32947280838759274
32,1128.8234710675024,,,mixed ring-site C-H in-plane bending / ring-site C-H out-of-plane bending,nu(C1-H10),bond,0.004938104506238308,+,0.0037588260535172473,0.3340754800027871
32,1128.8234710675024,,,mixed ring-site C-H in-plane bending / ring-site C-H out-of-plane bending,nu(C1-H11),bond,0.004085826701952233,-,-0.003424828384120253,0.3329592580761004
32,1128.8234710675024,,,mixed ring-site C-H in-plane bending / ring-site C-H out-of-plane bending,nu(C5-H17),bond,0.00286164513096371,-,-0.002864938340503065,0.33325294701181174
32,1128.8234710675024,,,mixed ring-site C-H in-plane bending / ring-site C-H out-of-plane bending,delta(H14-C3-H15),angle,0.00265528276096447,-,-0.0034665472718641596,0.21120553881908632
32,1128.8234710675024,,,mixed ring-site C-H in-plane bending / ring-site C-H out-of-plane bending,nu(C5-H18),bond,0.002204368562183801,+,0.002517556672950038,0.33244092209661535
32,1128.8234710675024,,,mixed ring-site C-H in-plane bending / ring-site C-H out-of-plane bending,nu(C7-H20),bond,0.0010594148308047692,-,-0.0016781177850000986,0.3595919403531978
32,1128.8234710675024,,,mixed ring-site C-H in-plane bending / ring-site C-H out-of-plane bending,delta(H17-C5-H18),angle,0.0010064834964215597,+,0.0017576039772319802,0.3114249374201952
32,1128.8234710675024,,,mixed ring-site C-H in-plane bending / ring-site C-H out-of-plane bending,nu(C6-H19),bond,0.000777290032491895,+,0.001447322375689823,0.3546837789651513
32,1128.8234710675024,,,mixed ring-site C-H in-plane bending / ring-site C-H out-of-plane bending,delta(C2-C9-H21),angle,0.0005285622956758886,-,-0.001478754435451049,0.2310430135999735
32,1128.8234710675024,,,mixed ring-site C-H in-plane bending / ring-site C-H out-of-plane bending,delta(C1-C2-H13),angle,0.00041824112007146196,-,-0.0012711283355132006,0.24742108678985417
32,1128.8234710675024,,,mixed ring-site C-H in-plane bending / ring-site C-H out-of-plane bending,nu(C2-H13),bond,0.00012495398947272781,+,0.0006108590455647982,0.3200787845755846
32,1128.8234710675024,,,mixed ring-site C-H in-plane bending / ring-site C-H out-of-plane bending,"gamma(H20;C7,C6,C9)",oop,6.439366125092787e-05,+,0.0005178275730162047,0.2295416801376045
32,1128.8234710675024,,,mixed ring-site C-H in-plane bending / ring-site C-H out-of-plane bending,nu(C9-H21),bond,1.1954520904556967e-05,-,-0.00018149617289715255,0.346885393723776
32,1128.8234710675024,,,mixed ring-site C-H in-plane bending / ring-site C-H out-of-plane bending,nu(C4-H16),bond,7.121156563336859e-06,+,0.0001417915858201253,0.33856214359648934
33,1136.166688833356,,,mixed cyclic-ring out-of-plane deformation / ring-site C-H out-of-plane bending,"gamma(C6;C9,C2,H21)",oop,22.410595599842818,+,0.20705892347901808,0.5426603274850661
33,1136.166688833356,,,mixed cyclic-ring out-of-plane deformation / ring-site C-H out-of-plane bending,tau(C3-C2-C9-H21),dihedral,19.44049897195418,-,-0.20691758388236536,0.4713843801432477
33,1136.166688833356,,,mixed cyclic-ring out-of-plane deformation / ring-site C-H out-of-plane bending,nu(C7-O8),bond,10.091067362099368,+,0.1733016350927427,0.34881436505138363
33,1136.166688833356,,,mixed cyclic-ring out-of-plane deformation / ring-site C-H out-of-plane bending,nu(C6-C9),bond,5.627839218872622,-,-0.14219780890692701,0.2889471730639286
33,1136.166688833356,,,mixed cyclic-ring out-of-plane deformation / ring-site C-H out-of-plane bending,delta(C7-C6-H19),angle,4.251267112295836,-,-0.16098462326603877,0.17029903189686718
33,1136.166688833356,,,mixed cyclic-ring out-of-plane deformation / ring-site C-H out-of-plane bending,delta(C5-C6-C7),angle,4.068341752890722,+,0.05746091458696781,1.2791896492453412
33,1136.166688833356,,,mixed cyclic-ring out-of-plane deformation / ring-site C-H out-of-plane bending,"gamma(C2;C9,C6,C7)",oop,3.5755026160011627,+,0.06590339525480736,0.8546417378486717
33,1136.166688833356,,,mixed cyclic-ring out-of-plane deformation / ring-site C-H out-of-plane bending,delta(C2-C1-H11),angle,3.1413681876998436,+,0.12096163900045627,0.2228876950441817
33,1136.166688833356,,,mixed cyclic-ring out-of-plane deformation / ring-site C-H out-of-plane bending,delta(C2-C1-H12),angle,2.805905930316336,-,-0.09924798659119662,0.29572788270104006
33,1136.166688833356,,,mixed cyclic-ring out-of-plane deformation / ring-site C-H out-of-plane bending,nu(C6-C7),bond,2.4051257338301943,-,-0.0842508297986596,0.351764483756105
33,1136.166688833356,,,mixed cyclic-ring out-of-plane deformation / ring-site C-H out-of-plane bending,tau(H10-C1-C2-H13),dihedral,2.4038182077180856,-,-0.11938115318025527,0.17510262560992168
33,1136.166688833356,,,mixed cyclic-ring out-of-plane deformation / ring-site C-H out-of-plane bending,nu(C4-O8),bond,2.304196405144446,-,-0.08503218337972171,0.3308380182485744
33,1136.166688833356,,,mixed cyclic-ring out-of-plane deformation / ring-site C-H out-of-plane bending,delta(C5-C4-O8),angle,1.7527904010775628,+,0.031035783447634354,1.8891530232339337
33,1136.166688833356,,,mixed cyclic-ring out-of-plane deformation / ring-site C-H out-of-plane bending,delta(C1-C2-C9),angle,1.599781578212192,+,0.07175501479096465,0.3225661213649848
33,1136.166688833356,,,mixed cyclic-ring out-of-plane deformation / ring-site C-H out-of-plane bending,nu(C2-C3),bond,1.5720705924840668,+,0.07472686342465566,0.2922678964184281
33,1136.166688833356,,,mixed cyclic-ring out-of-plane deformation / ring-site C-H out-of-plane bending,tau(H16-C4-O8-C7),dihedral,1.451663947629516,+,0.0482893476501121,0.646287850095482
33,1136.166688833356,,,mixed cyclic-ring out-of-plane deformation / ring-site C-H out-of-plane bending,"gamma(H20;C7,C6,C9)",oop,1.4505607170945378,-,-0.08099691290094753,0.2295416801376045
33,1136.166688833356,,,mixed cyclic-ring out-of-plane deformation / ring-site C-H out-of-plane bending,nu(C7-C9),bond,1.3235441036214994,-,-0.06534718105329762,0.3217712809389961
33,1136.166688833356,,,mixed cyclic-ring out-of-plane deformation / ring-site C-H out-of-plane bending,tau(C2-C3-C4-H16),dihedral,1.1348465414000881,-,-0.06550356548343916,0.27458059099928556
33,1136.166688833356,,,mixed cyclic-ring out-of-plane deformation / ring-site C-H out-of-plane bending,delta(C6-C5-H18),angle,0.9136392309583196,+,0.03256209996921613,0.8945662439133465
33,1136.166688833356,,,mixed cyclic-ring out-of-plane deformation / ring-site C-H out-of-plane bending,tau(H19-C6-C7-O8),dihedral,0.8402585810167821,+,0.08288482158539459,0.12697713378346867
33,1136.166688833356,,,mixed cyclic-ring out-of-plane deformation / ring-site C-H out-of-plane bending,delta(C2-C9-H21),angle,0.6862217806775273,+,0.055528650306896285,0.2310430135999735
33,1136.166688833356,,,mixed cyclic-ring out-of-plane deformation / ring-site C-H out-of-plane bending,"gamma(H20;C7,C6,O8)",oop,0.6500784433158201,-,-0.06733033236645145,0.14886987566679247
33,1136.166688833356,,,mixed cyclic-ring out-of-plane deformation / ring-site C-H out-of-plane bending,"gamma(H16;C4,C5,O8)",oop,0.5622981483831251,-,-0.0332703663554494,0.5273683528647449
33,1136.166688833356,,,mixed cyclic-ring out-of-plane deformation / ring-site C-H out-of-plane bending,nu(C5-C6),bond,0.5114734101716709,+,0.03863467377507011,0.35573872105608056
33,1136.166688833356,,,mixed cyclic-ring out-of-plane deformation / ring-site C-H out-of-plane bending,tau(C3-C4-O8-C7),dihedral,0.503504441835263,+,0.023629568262031296,0.9361691167181562
33,1136.166688833356,,,mixed cyclic-ring out-of-plane deformation / ring-site C-H out-of-plane bending,tau(C2-C3-C4-C5),dihedral,0.4868388142307715,+,0.027270659356689958,0.6796048915723832
33,1136.166688833356,,,mixed cyclic-ring out-of-plane deformation / ring-site C-H out-of-plane bending,delta(C6-C5-H17),angle,0.4529784090648497,-,-0.04025966575198888,0.2901347508842103
33,1136.166688833356,,,mixed cyclic-ring out-of-plane deformation / ring-site C-H out-of-plane bending,nu(C1-C2),bond,0.2935362616741604,-,-0.033437897252928214,0.2725501455699407
33,1136.166688833356,,,mixed cyclic-ring out-of-plane deformation / ring-site C-H out-of-plane bending,tau(C3-C4-C5-H18),dihedral,0.2730151039915778,-,-0.02423793864938112,0.4824561953511669
33,1136.166688833356,,,mixed cyclic-ring out-of-plane deformation / ring-site C-H out-of-plane bending,tau(C1-C2-C9-C6),dihedral,0.26483229985098117,+,0.0313966901993229,0.2789110970433987
33,1136.166688833356,,,mixed cyclic-ring out-of-plane deformation / ring-site C-H out-of-plane bending,delta(C4-C3-H15),angle,0.17195949050300796,+,0.021831133730466697,0.37457272194762403
33,1136.166688833356,,,mixed cyclic-ring out-of-plane deformation / ring-site C-H out-of-plane bending,tau(H11-C1-C2-H13),dihedral,0.13465241290867005,-,-0.018794504511819264,0.395744562160233
33,1136.166688833356,,,mixed cyclic-ring out-of-plane deformation / ring-site C-H out-of-plane bending,delta(C2-C1-H10),angle,0.11821266246922273,-,-0.023610030863808872,0.22015749068391807
33,1136.166688833356,,,mixed cyclic-ring out-of-plane deformation / ring-site C-H out-of-plane bending,nu(C2-C9),bond,0.08310904628933857,-,-0.016164386918975142,0.3302116574664156
33,1136.166688833356,,,mixed cyclic-ring out-of-plane deformation / ring-site C-H out-of-plane bending,delta(H17-C5-H18),angle,0.08276911901810172,+,0.016610731644725242,0.3114249374201952
33,1136.166688833356,,,mixed cyclic-ring out-of-plane deformation / ring-site C-H out-of-plane bending,tau(H15-C3-C4-C5),dihedral,0.054818792006678205,+,0.015762363085249205,0.22906006726638234
33,1136.166688833356,,,mixed cyclic-ring out-of-plane deformation / ring-site C-H out-of-plane bending,delta(H14-C3-H15),angle,0.028703732746611543,+,0.01187812321081924,0.21120553881908632
33,1136.166688833356,,,mixed cyclic-ring out-of-plane deformation / ring-site C-H out-of-plane bending,delta(H11-C1-H12),angle,0.017390272541696537,+,0.00809679385056539,0.27538659836850643
33,1136.166688833356,,,mixed cyclic-ring out-of-plane deformation / ring-site C-H out-of-plane bending,"gamma(C2;C3,H14,H15)",oop,0.011190988885132043,+,0.006108951061572094,0.31131335337326066
33,1136.166688833356,,,mixed cyclic-ring out-of-plane deformation / ring-site C-H out-of-plane bending,tau(H11-C1-C2-C9),dihedral,0.010189181766475519,+,0.00658234100860657,0.24414123171457477
33,1136.166688833356,,,mixed cyclic-ring out-of-plane deformation / ring-site C-H out-of-plane bending,nu(C3-C4),bond,0.008569232822088374,-,-0.00517083435221296,0.3327233416142365
33,1136.166688833356,,,mixed cyclic-ring out-of-plane deformation / ring-site C-H out-of-plane bending,nu(C6-H19),bond,0.008293645560096896,-,-0.00492700905875781,0.3546837789651513
33,1136.166688833356,,,mixed cyclic-ring out-of-plane deformation / ring-site C-H out-of-plane bending,delta(C4-C5-H18),angle,0.004993830980269979,-,-0.00388460163932027,0.3435606678510062
33,1136.166688833356,,,mixed cyclic-ring out-of-plane deformation / ring-site C-H out-of-plane bending,nu(C4-H16),bond,0.004027794129603866,+,0.0035143557584911235,0.33856214359648934
33,1136.166688833356,,,mixed cyclic-ring out-of-plane deformation / ring-site C-H out-of-plane bending,nu(C1-H11),bond,0.00385309486690243,-,-0.0034660960387710767,0.3329592580761004
33,1136.166688833356,,,mixed cyclic-ring out-of-plane deformation / ring-site C-H out-of-plane bending,nu(C1-H12),bond,0.002135984837005724,+,0.0025811724357562792,0.33283324968659134
33,1136.166688833356,,,mixed cyclic-ring out-of-plane deformation / ring-site C-H out-of-plane bending,nu(C5-H18),bond,0.0018070011652267241,-,-0.0023754903242307547,0.33244092209661535
33,1136.166688833356,,,mixed cyclic-ring out-of-plane deformation / ring-site C-H out-of-plane bending,nu(C7-H20),bond,0.0016530247177993745,-,-0.0021845701133031865,0.3595919403531978
33,1136.166688833356,,,mixed cyclic-ring out-of-plane deformation / ring-site C-H out-of-plane bending,nu(C5-H17),bond,0.0008776347617763962,-,-0.0016534885718916183,0.33325294701181174
33,1136.166688833356,,,mixed cyclic-ring out-of-plane deformation / ring-site C-H out-of-plane bending,nu(C9-H21),bond,0.0006273616325323142,-,-0.0013702419504090443,0.346885393723776
33,1136.166688833356,,,mixed cyclic-ring out-of-plane deformation / ring-site C-H out-of-plane bending,nu(C4-C5),bond,0.00022235584392821446,+,0.000834711434953016,0.33131294059860933
33,1136.166688833356,,,mixed cyclic-ring out-of-plane deformation / ring-site C-H out-of-plane bending,nu(C2-H13),bond,0.0001809210192451106,+,0.00076603278450935,0.3200787845755846
33,1136.166688833356,,,mixed cyclic-ring out-of-plane deformation / ring-site C-H out-of-plane bending,delta(C1-C2-H13),angle,0.00016699731141446735,-,-0.0008370813636968385,0.24742108678985417
33,1136.166688833356,,,mixed cyclic-ring out-of-plane deformation / ring-site C-H out-of-plane bending,nu(C3-H15),bond,9.33017883403007e-05,-,-0.000540583598501205,0.33145671015102407
33,1136.166688833356,,,mixed cyclic-ring out-of-plane deformation / ring-site C-H out-of-plane bending,nu(C1-H10),bond,3.271864532559305e-05,+,0.0003188648481947453,0.3340754800027871
33,1136.166688833356,,,mixed cyclic-ring out-of-plane deformation / ring-site C-H out-of-plane bending,nu(C3-H14),bond,9.495427597906267e-06,+,0.00017297317734789457,0.32947280838759274
34,1179.0689548848993,,,mixed ring-site C-H in-plane bending / ring-site C-H out-of-plane bending,delta(C6-C5-H18),angle,19.317104882486746,-,-0.15661289365637124,0.8945662439133465
34,1179.0689548848993,,,mixed ring-site C-H in-plane bending / ring-site C-H out-of-plane bending,delta(C6-C5-H17),angle,12.213522334702311,+,0.21866704636364312,0.2901347508842103
34,1179.0689548848993,,,mixed ring-site C-H in-plane bending / ring-site C-H out-of-plane bending,tau(C3-C4-C5-H18),dihedral,6.766326131873841,+,0.12621479538076247,0.4824561953511669
34,1179.0689548848993,,,mixed ring-site C-H in-plane bending / ring-site C-H out-of-plane bending,"gamma(H16;C4,C5,O8)",oop,6.387752735999156,+,0.11729507146145345,0.5273683528647449
34,1179.0689548848993,,,mixed ring-site C-H in-plane bending / ring-site C-H out-of-plane bending,delta(C2-C9-H21),angle,5.233993244527588,+,0.1604105421513638,0.2310430135999735
34,1179.0689548848993,,,mixed ring-site C-H in-plane bending / ring-site C-H out-of-plane bending,tau(H16-C4-O8-C7),dihedral,4.847575803179073,-,-0.09230220093377282,0.646287850095482
34,1179.0689548848993,,,mixed ring-site C-H in-plane bending / ring-site C-H out-of-plane bending,tau(H10-C1-C2-H13),dihedral,4.259863682520568,+,0.16623186210376104,0.17510262560992168
34,1179.0689548848993,,,mixed ring-site C-H in-plane bending / ring-site C-H out-of-plane bending,"gamma(C6;C9,C2,H21)",oop,4.200242209005844,-,-0.09376394668244223,0.5426603274850661
34,1179.0689548848993,,,mixed ring-site C-H in-plane bending / ring-site C-H out-of-plane bending,nu(C2-C9),bond,3.8799573175924613,+,0.11552607582968052,0.3302116574664156
34,1179.0689548848993,,,mixed ring-site C-H in-plane bending / ring-site C-H out-of-plane bending,nu(C7-C9),bond,3.813216410920565,-,-0.1160205273353073,0.3217712809389961
34,1179.0689548848993,,,mixed ring-site C-H in-plane bending / ring-site C-H out-of-plane bending,delta(C2-C1-H11),angle,3.1727472860938875,-,-0.1271561711398247,0.2228876950441817
34,1179.0689548848993,,,mixed ring-site C-H in-plane bending / ring-site C-H out-of-plane bending,nu(C6-C7),bond,3.0012347357498803,-,-0.09844342974639192,0.351764483756105
34,1179.0689548848993,,,mixed ring-site C-H in-plane bending / ring-site C-H out-of-plane bending,tau(H11-C1-C2-H13),dihedral,2.9948526248755893,+,0.09271350462661995,0.395744562160233
34,1179.0689548848993,,,mixed ring-site C-H in-plane bending / ring-site C-H out-of-plane bending,tau(H19-C6-C7-O8),dihedral,2.8432131747288056,+,0.1594794391495511,0.12697713378346867
34,1179.0689548848993,,,mixed ring-site C-H in-plane bending / ring-site C-H out-of-plane bending,tau(C3-C2-C9-H21),dihedral,2.2021502974676417,+,0.0728448129514915,0.4713843801432477
34,1179.0689548848993,,,mixed ring-site C-H in-plane bending / ring-site C-H out-of-plane bending,delta(C4-C5-H18),angle,2.1920671066265274,+,0.08513104246580379,0.3435606678510062
34,1179.0689548848993,,,mixed ring-site C-H in-plane bending / ring-site C-H out-of-plane bending,nu(C2-C3),bond,2.1254038149371026,-,-0.0908851480629832,0.2922678964184281
34,1179.0689548848993,,,mixed ring-site C-H in-plane bending / ring-site C-H out-of-plane bending,delta(C5-C6-C7),angle,1.4455190335933437,+,0.035826731342010545,1.2791896492453412
34,1179.0689548848993,,,mixed ring-site C-H in-plane bending / ring-site C-H out-of-plane bending,delta(C1-C2-C9),angle,1.3888005140776845,-,-0.06993157447737156,0.3225661213649848
34,1179.0689548848993,,,mixed ring-site C-H in-plane bending / ring-site C-H out-of-plane bending,"gamma(H20;C7,C6,C9)",oop,1.2651146933956756,-,-0.07912193866128996,0.2295416801376045
34,1179.0689548848993,,,mixed ring-site C-H in-plane bending / ring-site C-H out-of-plane bending,delta(C2-C1-H12),angle,1.0984690085953637,+,0.06495469014673935,0.29572788270104006
34,1179.0689548848993,,,mixed ring-site C-H in-plane bending / ring-site C-H out-of-plane bending,nu(C7-O8),bond,0.9593505737652511,+,0.05589259027060956,0.34881436505138363
34,1179.0689548848993,,,mixed ring-site C-H in-plane bending / ring-site C-H out-of-plane bending,delta(C2-C1-H10),angle,0.8709174416036354,+,0.06703235985077642,0.22015749068391807
34,1179.0689548848993,,,mixed ring-site C-H in-plane bending / ring-site C-H out-of-plane bending,delta(C4-C3-H15),angle,0.5610068712834996,-,-0.041245708194143034,0.37457272194762403
34,1179.0689548848993,,,mixed ring-site C-H in-plane bending / ring-site C-H out-of-plane bending,nu(C1-C2),bond,0.43275922686160007,+,0.0424680878459524,0.2725501455699407
34,1179.0689548848993,,,mixed ring-site C-H in-plane bending / ring-site C-H out-of-plane bending,tau(C2-C3-C4-C5),dihedral,0.4048292677059821,-,-0.0260118027148428,0.6796048915723832
34,1179.0689548848993,,,mixed ring-site C-H in-plane bending / ring-site C-H out-of-plane bending,"gamma(C2;C3,H14,H15)",oop,0.3903332674131517,+,0.03773824127757501,0.31131335337326066
34,1179.0689548848993,,,mixed ring-site C-H in-plane bending / ring-site C-H out-of-plane bending,"gamma(C2;C9,C6,C7)",oop,0.37656604988467207,-,-0.022371303009385658,0.8546417378486717
34,1179.0689548848993,,,mixed ring-site C-H in-plane bending / ring-site C-H out-of-plane bending,tau(C2-C3-C4-H16),dihedral,0.30656751518075465,-,-0.03561155167326141,0.27458059099928556
34,1179.0689548848993,,,mixed ring-site C-H in-plane bending / ring-site C-H out-of-plane bending,nu(C3-C4),bond,0.25453740391800356,+,0.029477925620168658,0.3327233416142365
34,1179.0689548848993,,,mixed ring-site C-H in-plane bending / ring-site C-H out-of-plane bending,tau(C3-C4-O8-C7),dihedral,0.19955698574664626,-,-0.015560339228316036,0.9361691167181562
34,1179.0689548848993,,,mixed ring-site C-H in-plane bending / ring-site C-H out-of-plane bending,tau(H15-C3-C4-C5),dihedral,0.16107145485969307,+,0.028261639142385338,0.22906006726638234
34,1179.0689548848993,,,mixed ring-site C-H in-plane bending / ring-site C-H out-of-plane bending,delta(H11-C1-H12),angle,0.14683353623863307,-,-0.024609567221637027,0.27538659836850643
34,1179.0689548848993,,,mixed ring-site C-H in-plane bending / ring-site C-H out-of-plane bending,delta(C1-C2-H13),angle,0.10859388736864309,+,0.022327859104719707,0.24742108678985417
34,1179.0689548848993,,,mixed ring-site C-H in-plane bending / ring-site C-H out-of-plane bending,delta(H17-C5-H18),angle,0.044027908754832215,-,-0.012672143551890837,0.3114249374201952
34,1179.0689548848993,,,mixed ring-site C-H in-plane bending / ring-site C-H out-of-plane bending,nu(C5-C6),bond,0.035047584913822996,-,-0.010578552036223895,0.35573872105608056
34,1179.0689548848993,,,mixed ring-site C-H in-plane bending / ring-site C-H out-of-plane bending,delta(H14-C3-H15),angle,0.02151913705760982,-,-0.010757776622897171,0.21120553881908632
34,1179.0689548848993,,,mixed ring-site C-H in-plane bending / ring-site C-H out-of-plane bending,tau(H11-C1-C2-C9),dihedral,0.01538191226933476,-,-0.008459551670967102,0.24414123171457477
34,1179.0689548848993,,,mixed ring-site C-H in-plane bending / ring-site C-H out-of-plane bending,delta(C7-C6-H19),angle,0.011216705025790166,+,0.008649466242561342,0.17029903189686718
34,1179.0689548848993,,,mixed ring-site C-H in-plane bending / ring-site C-H out-of-plane bending,nu(C4-O8),bond,0.0071622345118674555,-,-0.004958831041947457,0.3308380182485744
34,1179.0689548848993,,,mixed ring-site C-H in-plane bending / ring-site C-H out-of-plane bending,nu(C1-H11),bond,0.006903060825960631,+,0.004852751478536479,0.3329592580761004
34,1179.0689548848993,,,mixed ring-site C-H in-plane bending / ring-site C-H out-of-plane bending,delta(C5-C4-O8),angle,0.00678497752291974,+,0.002019776830209434,1.8891530232339337
34,1179.0689548848993,,,mixed ring-site C-H in-plane bending / ring-site C-H out-of-plane bending,nu(C6-H19),bond,0.006539617241457515,-,-0.0045763396489636584,0.3546837789651513
34,1179.0689548848993,,,mixed ring-site C-H in-plane bending / ring-site C-H out-of-plane bending,nu(C2-H13),bond,0.005052241510894247,-,-0.004234248622069768,0.3200787845755846
34,1179.0689548848993,,,mixed ring-site C-H in-plane bending / ring-site C-H out-of-plane bending,nu(C7-H20),bond,0.003923532695512476,-,-0.0035204356598920474,0.3595919403531978
34,1179.0689548848993,,,mixed ring-site C-H in-plane bending / ring-site C-H out-of-plane bending,nu(C4-C5),bond,0.003476091048650223,+,0.003452145724407358,0.33131294059860933
34,1179.0689548848993,,,mixed ring-site C-H in-plane bending / ring-site C-H out-of-plane bending,"gamma(H20;C7,C6,O8)",oop,0.002954563178045283,+,0.004747948239258294,0.14886987566679247
34,1179.0689548848993,,,mixed ring-site C-H in-plane bending / ring-site C-H out-of-plane bending,nu(C1-H12),bond,0.0019004784834511668,-,-0.0025467180941111463,0.33283324968659134
34,1179.0689548848993,,,mixed ring-site C-H in-plane bending / ring-site C-H out-of-plane bending,nu(C9-H21),bond,0.0018698217051938979,-,-0.002474399617028393,0.346885393723776
34,1179.0689548848993,,,mixed ring-site C-H in-plane bending / ring-site C-H out-of-plane bending,nu(C5-H18),bond,0.0010703694079325667,+,0.0019123718971748717,0.33244092209661535
34,1179.0689548848993,,,mixed ring-site C-H in-plane bending / ring-site C-H out-of-plane bending,nu(C1-H10),bond,0.0009501925666911631,-,-0.0017974063093841286,0.3340754800027871
34,1179.0689548848993,,,mixed ring-site C-H in-plane bending / ring-site C-H out-of-plane bending,nu(C3-H14),bond,0.0007823510895532363,+,0.0016423049619702366,0.32947280838759274
34,1179.0689548848993,,,mixed ring-site C-H in-plane bending / ring-site C-H out-of-plane bending,nu(C4-H16),bond,0.0005138474768610293,+,0.001312987720301381,0.33856214359648934
34,1179.0689548848993,,,mixed ring-site C-H in-plane bending / ring-site C-H out-of-plane bending,nu(C5-H17),bond,0.0003316972326186812,+,0.0010632776198765306,0.33325294701181174
34,1179.0689548848993,,,mixed ring-site C-H in-plane bending / ring-site C-H out-of-plane bending,tau(C1-C2-C9-C6),dihedral,0.0003119002334966845,-,-0.0011270357728755676,0.2789110970433987
34,1179.0689548848993,,,mixed ring-site C-H in-plane bending / ring-site C-H out-of-plane bending,nu(C6-C9),bond,0.00011962757529587638,-,-0.0006857553006589943,0.2889471730639286
34,1179.0689548848993,,,mixed ring-site C-H in-plane bending / ring-site C-H out-of-plane bending,nu(C3-H15),bond,0.000109622892372534,+,0.0006129146028416005,0.33145671015102407
35,1202.7880121067046,,,mixed ring-site C-H in-plane bending / ring-site C-H out-of-plane bending,delta(C6-C5-H18),angle,25.451806223750392,+,0.18048086350343587,0.8945662439133465
35,1202.7880121067046,,,mixed ring-site C-H in-plane bending / ring-site C-H out-of-plane bending,delta(C6-C5-H17),angle,10.547748560495608,-,-0.20401312989661877,0.2901347508842103
35,1202.7880121067046,,,mixed ring-site C-H in-plane bending / ring-site C-H out-of-plane bending,delta(C4-C5-H18),angle,8.759189954766976,-,-0.1708473954601287,0.3435606678510062
35,1202.7880121067046,,,mixed ring-site C-H in-plane bending / ring-site C-H out-of-plane bending,tau(C3-C4-C5-H18),dihedral,6.467996450382151,-,-0.12388937210147737,0.4824561953511669
35,1202.7880121067046,,,mixed ring-site C-H in-plane bending / ring-site C-H out-of-plane bending,tau(H10-C1-C2-H13),dihedral,5.943384175842853,+,0.19712816622719612,0.17510262560992168
35,1202.7880121067046,,,mixed ring-site C-H in-plane bending / ring-site C-H out-of-plane bending,tau(H16-C4-O8-C7),dihedral,5.650237102309132,+,0.10004570519846402,0.646287850095482
35,1202.7880121067046,,,mixed ring-site C-H in-plane bending / ring-site C-H out-of-plane bending,"gamma(C2;C3,H14,H15)",oop,5.582511970517191,-,-0.14328280202701102,0.31131335337326066
35,1202.7880121067046,,,mixed ring-site C-H in-plane bending / ring-site C-H out-of-plane bending,delta(C2-C9-H21),angle,4.461351021943411,+,0.14868422261047431,0.2310430135999735
35,1202.7880121067046,,,mixed ring-site C-H in-plane bending / ring-site C-H out-of-plane bending,"gamma(H16;C4,C5,O8)",oop,3.8981335925132017,-,-0.09199186769914527,0.5273683528647449
35,1202.7880121067046,,,mixed ring-site C-H in-plane bending / ring-site C-H out-of-plane bending,nu(C2-C9),bond,2.9834350522985273,+,0.10170450786563835,0.3302116574664156
35,1202.7880121067046,,,mixed ring-site C-H in-plane bending / ring-site C-H out-of-plane bending,nu(C2-C3),bond,2.8632725330160316,-,-0.10590559290545205,0.2922678964184281
35,1202.7880121067046,,,mixed ring-site C-H in-plane bending / ring-site C-H out-of-plane bending,delta(C2-C1-H12),angle,2.7992407502804535,+,0.10410032807187279,0.29572788270104006
35,1202.7880121067046,,,mixed ring-site C-H in-plane bending / ring-site C-H out-of-plane bending,delta(C7-C6-H19),angle,2.341796418027426,-,-0.12547193289856637,0.17029903189686718
35,1202.7880121067046,,,mixed ring-site C-H in-plane bending / ring-site C-H out-of-plane bending,delta(C2-C1-H11),angle,2.204475696872539,-,-0.10641129301319358,0.2228876950441817
35,1202.7880121067046,,,mixed ring-site C-H in-plane bending / ring-site C-H out-of-plane bending,tau(H11-C1-C2-H13),dihedral,1.8446945266573849,+,0.07305212621895424,0.395744562160233
35,1202.7880121067046,,,mixed ring-site C-H in-plane bending / ring-site C-H out-of-plane bending,"gamma(C6;C9,C2,H21)",oop,1.019235203395559,-,-0.04637151454111234,0.5426603274850661
35,1202.7880121067046,,,mixed ring-site C-H in-plane bending / ring-site C-H out-of-plane bending,"gamma(C2;C9,C6,C7)",oop,0.9186611537032157,-,-0.03508033533290547,0.8546417378486717
35,1202.7880121067046,,,mixed ring-site C-H in-plane bending / ring-site C-H out-of-plane bending,delta(C1-C2-C9),angle,0.8887483734624319,-,-0.056164014476951865,0.3225661213649848
35,1202.7880121067046,,,mixed ring-site C-H in-plane bending / ring-site C-H out-of-plane bending,tau(C2-C3-C4-C5),dihedral,0.5999865665133987,+,0.03179220312721485,0.6796048915723832
35,1202.7880121067046,,,mixed ring-site C-H in-plane bending / ring-site C-H out-of-plane bending,nu(C4-O8),bond,0.587553162667009,-,-0.045091427881355464,0.3308380182485744
35,1202.7880121067046,,,mixed ring-site C-H in-plane bending / ring-site C-H out-of-plane bending,tau(H15-C3-C4-C5),dihedral,0.5709793189105201,-,-0.05342119594552042,0.22906006726638234
35,1202.7880121067046,,,mixed ring-site C-H in-plane bending / ring-site C-H out-of-plane bending,tau(C1-C2-C9-C6),dihedral,0.5404089440884072,-,-0.04709843498912699,0.2789110970433987
35,1202.7880121067046,,,mixed ring-site C-H in-plane bending / ring-site C-H out-of-plane bending,tau(C3-C4-O8-C7),dihedral,0.4234408829000149,-,-0.022756074528154945,0.9361691167181562
35,1202.7880121067046,,,mixed ring-site C-H in-plane bending / ring-site C-H out-of-plane bending,nu(C6-C7),bond,0.394275496066553,+,0.03582217972440084,0.351764483756105
35,1202.7880121067046,,,mixed ring-site C-H in-plane bending / ring-site C-H out-of-plane bending,delta(C5-C4-O8),angle,0.37814850356678803,+,0.015138252104898782,1.8891530232339337
35,1202.7880121067046,,,mixed ring-site C-H in-plane bending / ring-site C-H out-of-plane bending,nu(C7-O8),bond,0.2993162722795064,+,0.03134339906504197,0.34881436505138363
35,1202.7880121067046,,,mixed ring-site C-H in-plane bending / ring-site C-H out-of-plane bending,nu(C3-C4),bond,0.2887279456398107,+,0.03151961361853349,0.3327233416142365
35,1202.7880121067046,,,mixed ring-site C-H in-plane bending / ring-site C-H out-of-plane bending,tau(C3-C2-C9-H21),dihedral,0.2714436176683457,+,0.02567617534233836,0.4713843801432477
35,1202.7880121067046,,,mixed ring-site C-H in-plane bending / ring-site C-H out-of-plane bending,nu(C7-C9),bond,0.2657417961680555,-,-0.03074924116090446,0.3217712809389961
35,1202.7880121067046,,,mixed ring-site C-H in-plane bending / ring-site C-H out-of-plane bending,"gamma(H20;C7,C6,C9)",oop,0.17798167276832969,+,0.029794422586977298,0.2295416801376045
35,1202.7880121067046,,,mixed ring-site C-H in-plane bending / ring-site C-H out-of-plane bending,nu(C6-C9),bond,0.16175718904588365,-,-0.025316326027971348,0.2889471730639286
35,1202.7880121067046,,,mixed ring-site C-H in-plane bending / ring-site C-H out-of-plane bending,"gamma(H20;C7,C6,O8)",oop,0.14614481814716102,-,-0.03352481631588001,0.14886987566679247
35,1202.7880121067046,,,mixed ring-site C-H in-plane bending / ring-site C-H out-of-plane bending,tau(H11-C1-C2-C9),dihedral,0.07824112153484158,-,-0.019154687769169888,0.24414123171457477
35,1202.7880121067046,,,mixed ring-site C-H in-plane bending / ring-site C-H out-of-plane bending,delta(H17-C5-H18),angle,0.05004319875922161,+,0.013563567946084364,0.3114249374201952
35,1202.7880121067046,,,mixed ring-site C-H in-plane bending / ring-site C-H out-of-plane bending,nu(C5-C6),bond,0.03289327110287793,-,-0.010288831901255457,0.35573872105608056
35,1202.7880121067046,,,mixed ring-site C-H in-plane bending / ring-site C-H out-of-plane bending,delta(C5-C6-C7),angle,0.03162220052010435,-,-0.00531993939804145,1.2791896492453412
35,1202.7880121067046,,,mixed ring-site C-H in-plane bending / ring-site C-H out-of-plane bending,delta(C4-C3-H15),angle,0.02006565650409702,+,0.007831351596556532,0.37457272194762403
35,1202.7880121067046,,,mixed ring-site C-H in-plane bending / ring-site C-H out-of-plane bending,nu(C1-C2),bond,0.01722372893393085,+,0.008505865107515088,0.2725501455699407
35,1202.7880121067046,,,mixed ring-site C-H in-plane bending / ring-site C-H out-of-plane bending,tau(H19-C6-C7-O8),dihedral,0.009095219321869429,-,-0.009055698140367845,0.12697713378346867
35,1202.7880121067046,,,mixed ring-site C-H in-plane bending / ring-site C-H out-of-plane bending,nu(C4-C5),bond,0.007382892135211019,+,0.005050939555726447,0.33131294059860933
35,1202.7880121067046,,,mixed ring-site C-H in-plane bending / ring-site C-H out-of-plane bending,nu(C1-H12),bond,0.004516140023309866,-,-0.0039413813384171405,0.33283324968659134
35,1202.7880121067046,,,mixed ring-site C-H in-plane bending / ring-site C-H out-of-plane bending,nu(C1-H11),bond,0.004464698494783928,+,0.003918128089402434,0.3329592580761004
35,1202.7880121067046,,,mixed ring-site C-H in-plane bending / ring-site C-H out-of-plane bending,nu(C2-H13),bond,0.003785783968238111,-,-0.003679828498669526,0.3200787845755846
35,1202.7880121067046,,,mixed ring-site C-H in-plane bending / ring-site C-H out-of-plane bending,nu(C3-H14),bond,0.003664755102081091,-,-0.0035685418919747425,0.32947280838759274
35,1202.7880121067046,,,mixed ring-site C-H in-plane bending / ring-site C-H out-of-plane bending,delta(H14-C3-H15),angle,0.0018652045211556463,-,-0.0031797186001361923,0.21120553881908632
35,1202.7880121067046,,,mixed ring-site C-H in-plane bending / ring-site C-H out-of-plane bending,nu(C6-H19),bond,0.0008531381385631034,-,-0.0016594612827913451,0.3546837789651513
35,1202.7880121067046,,,mixed ring-site C-H in-plane bending / ring-site C-H out-of-plane bending,nu(C5-H17),bond,0.0008406532314945154,-,-0.0016994154149027778,0.33325294701181174
35,1202.7880121067046,,,mixed ring-site C-H in-plane bending / ring-site C-H out-of-plane bending,nu(C5-H18),bond,0.0004897033561596644,-,-0.0012986359174209474,0.33244092209661535
35,1202.7880121067046,,,mixed ring-site C-H in-plane bending / ring-site C-H out-of-plane bending,delta(C2-C1-H10),angle,0.0004595059145805629,+,0.0015458129058608864,0.22015749068391807
35,1202.7880121067046,,,mixed ring-site C-H in-plane bending / ring-site C-H out-of-plane bending,nu(C4-H16),bond,0.0003514204004185874,-,-0.0010901152018309168,0.33856214359648934
35,1202.7880121067046,,,mixed ring-site C-H in-plane bending / ring-site C-H out-of-plane bending,delta(C1-C2-H13),angle,0.00018705204694386982,-,-0.0009303384851269179,0.24742108678985417
35,1202.7880121067046,,,mixed ring-site C-H in-plane bending / ring-site C-H out-of-plane bending,delta(H11-C1-H12),angle,6.29916332220651e-05,-,-0.0005117385600969502,0.27538659836850643
35,1202.7880121067046,,,mixed ring-site C-H in-plane bending / ring-site C-H out-of-plane bending,nu(C9-H21),bond,3.9861185756524024e-05,-,-0.0003627105678900494,0.346885393723776
35,1202.7880121067046,,,mixed ring-site C-H in-plane bending / ring-site C-H out-of-plane bending,nu(C1-H10),bond,1.4948985342062051e-05,+,0.0002263401851042139,0.3340754800027871
35,1202.7880121067046,,,mixed ring-site C-H in-plane bending / ring-site C-H out-of-plane bending,tau(C2-C3-C4-H16),dihedral,1.104260344044806e-05,-,-0.0002145749053319847,0.27458059099928556
35,1202.7880121067046,,,mixed ring-site C-H in-plane bending / ring-site C-H out-of-plane bending,nu(C3-H15),bond,7.817733571619539e-07,-,-5.1964306331642865e-05,0.33145671015102407
35,1202.7880121067046,,,mixed ring-site C-H in-plane bending / ring-site C-H out-of-plane bending,nu(C7-H20),bond,8.314474965158682e-08,-,-1.627011226595055e-05,0.3595919403531978
36,1238.0269869842798,,,mixed ring-site C-H out-of-plane bending / ring-site C-H in-plane bending,tau(C2-C3-C4-H16),dihedral,16.487536146445052,-,-0.21337200475413587,0.27458059099928556
36,1238.0269869842798,,,mixed ring-site C-H out-of-plane bending / ring-site C-H in-plane bending,tau(H16-C4-O8-C7),dihedral,13.176846323928846,+,0.12433323105107022,0.646287850095482
36,1238.0269869842798,,,mixed ring-site C-H out-of-plane bending / ring-site C-H in-plane bending,delta(C4-C3-H15),angle,10.312451442638418,+,0.14447987589467215,0.37457272194762403
36,1238.0269869842798,,,mixed ring-site C-H out-of-plane bending / ring-site C-H in-plane bending,"gamma(C6;C9,C2,H21)",oop,8.927482926964267,+,0.11168502684624482,0.5426603274850661
36,1238.0269869842798,,,mixed ring-site C-H out-of-plane bending / ring-site C-H in-plane bending,tau(H11-C1-C2-H13),dihedral,8.092831806753978,-,-0.12451946737004706,0.395744562160233
36,1238.0269869842798,,,mixed ring-site C-H out-of-plane bending / ring-site C-H in-plane bending,tau(H15-C3-C4-C5),dihedral,6.742829027210897,-,-0.14939664924486992,0.22906006726638234
36,1238.0269869842798,,,mixed ring-site C-H out-of-plane bending / ring-site C-H in-plane bending,delta(C5-C4-O8),angle,4.596760800205707,-,-0.04295234297558732,1.8891530232339337
36,1238.0269869842798,,,mixed ring-site C-H out-of-plane bending / ring-site C-H in-plane bending,delta(C2-C1-H12),angle,3.9232369373836393,+,0.1002929964305812,0.29572788270104006
36,1238.0269869842798,,,mixed ring-site C-H out-of-plane bending / ring-site C-H in-plane bending,delta(C2-C1-H10),angle,3.334553822236734,-,-0.10716343047017678,0.22015749068391807
36,1238.0269869842798,,,mixed ring-site C-H out-of-plane bending / ring-site C-H in-plane bending,nu(C2-C3),bond,2.360150378838136,-,-0.07824809187328773,0.2922678964184281
36,1238.0269869842798,,,mixed ring-site C-H out-of-plane bending / ring-site C-H in-plane bending,delta(C6-C5-H17),angle,2.1371547912061097,+,0.07473302980104292,0.2901347508842103
36,1238.0269869842798,,,mixed ring-site C-H out-of-plane bending / ring-site C-H in-plane bending,delta(C6-C5-H18),angle,2.0358951920144217,+,0.041539946257152335,0.8945662439133465
36,1238.0269869842798,,,mixed ring-site C-H out-of-plane bending / ring-site C-H in-plane bending,tau(C3-C2-C9-H21),dihedral,1.7419041968897806,-,-0.052932086561591596,0.4713843801432477
36,1238.0269869842798,,,mixed ring-site C-H out-of-plane bending / ring-site C-H in-plane bending,tau(C3-C4-O8-C7),dihedral,1.572780227772576,-,-0.0356903938429978,0.9361691167181562
36,1238.0269869842798,,,mixed ring-site C-H out-of-plane bending / ring-site C-H in-plane bending,delta(C1-C2-H13),angle,1.4573898036470208,-,-0.06682884931555864,0.24742108678985417
36,1238.0269869842798,,,mixed ring-site C-H out-of-plane bending / ring-site C-H in-plane bending,"gamma(H20;C7,C6,C9)",oop,1.4415098582326278,+,0.06900372018254103,0.2295416801376045
36,1238.0269869842798,,,mixed ring-site C-H out-of-plane bending / ring-site C-H in-plane bending,nu(C4-C5),bond,1.424705280228189,+,0.05710022143540863,0.33131294059860933
36,1238.0269869842798,,,mixed ring-site C-H out-of-plane bending / ring-site C-H in-plane bending,nu(C5-C6),bond,1.3928167079059954,-,-0.054484866272471,0.35573872105608056
36,1238.0269869842798,,,mixed ring-site C-H out-of-plane bending / ring-site C-H in-plane bending,"gamma(C2;C9,C6,C7)",oop,1.2790701818244115,-,-0.03368601309421784,0.8546417378486717
36,1238.0269869842798,,,mixed ring-site C-H out-of-plane bending / ring-site C-H in-plane bending,delta(C5-C6-C7),angle,0.9960520720305948,+,0.024297860167307814,1.2791896492453412
36,1238.0269869842798,,,mixed ring-site C-H out-of-plane bending / ring-site C-H in-plane bending,nu(C1-C2),bond,0.9464360848555443,-,-0.05131175997631862,0.2725501455699407
36,1238.0269869842798,,,mixed ring-site C-H out-of-plane bending / ring-site C-H in-plane bending,nu(C4-O8),bond,0.911531675704591,+,0.045705940739528786,0.3308380182485744
36,1238.0269869842798,,,mixed ring-site C-H out-of-plane bending / ring-site C-H in-plane bending,delta(H11-C1-H12),angle,0.8920734455952255,+,0.04955909649582414,0.27538659836850643
36,1238.0269869842798,,,mixed ring-site C-H out-of-plane bending / ring-site C-H in-plane bending,nu(C7-O8),bond,0.882201756306027,-,-0.04379063603300745,0.34881436505138363
36,1238.0269869842798,,,mixed ring-site C-H out-of-plane bending / ring-site C-H in-plane bending,nu(C2-C9),bond,0.6618622161392295,+,0.038983611387988726,0.3302116574664156
36,1238.0269869842798,,,mixed ring-site C-H out-of-plane bending / ring-site C-H in-plane bending,tau(H19-C6-C7-O8),dihedral,0.6421599922303187,+,0.061923192349713746,0.12697713378346867
36,1238.0269869842798,,,mixed ring-site C-H out-of-plane bending / ring-site C-H in-plane bending,delta(C7-C6-H19),angle,0.39678594778524867,-,-0.04203069071603132,0.17029903189686718
36,1238.0269869842798,,,mixed ring-site C-H out-of-plane bending / ring-site C-H in-plane bending,tau(H11-C1-C2-C9),dihedral,0.2643490619082838,-,-0.02865251814320656,0.24414123171457477
36,1238.0269869842798,,,mixed ring-site C-H out-of-plane bending / ring-site C-H in-plane bending,"gamma(C2;C3,H14,H15)",oop,0.17179003654396563,+,0.02045476933139137,0.31131335337326066
36,1238.0269869842798,,,mixed ring-site C-H out-of-plane bending / ring-site C-H in-plane bending,nu(C7-C9),bond,0.16102101969953092,+,0.01947879655508871,0.3217712809389961
36,1238.0269869842798,,,mixed ring-site C-H out-of-plane bending / ring-site C-H in-plane bending,tau(C3-C4-C5-H18),dihedral,0.15513854917517267,-,-0.015614403358855404,0.4824561953511669
36,1238.0269869842798,,,mixed ring-site C-H out-of-plane bending / ring-site C-H in-plane bending,tau(C1-C2-C9-C6),dihedral,0.0918612296229614,-,-0.015802569365341395,0.2789110970433987
36,1238.0269869842798,,,mixed ring-site C-H out-of-plane bending / ring-site C-H in-plane bending,delta(H14-C3-H15),angle,0.09138915527006386,-,-0.018112948610593205,0.21120553881908632
36,1238.0269869842798,,,mixed ring-site C-H out-of-plane bending / ring-site C-H in-plane bending,delta(C1-C2-C9),angle,0.05949032574506373,+,0.011825193948723601,0.3225661213649848
36,1238.0269869842798,,,mixed ring-site C-H out-of-plane bending / ring-site C-H in-plane bending,delta(C4-C5-H18),angle,0.052009556429525816,-,-0.010713572943170564,0.3435606678510062
36,1238.0269869842798,,,mixed ring-site C-H out-of-plane bending / ring-site C-H in-plane bending,tau(C2-C3-C4-C5),dihedral,0.0448537263882105,+,0.0070740071062667395,0.6796048915723832
36,1238.0269869842798,,,mixed ring-site C-H out-of-plane bending / ring-site C-H in-plane bending,delta(H17-C5-H18),angle,0.035083664608327875,-,-0.009242091363150209,0.3114249374201952
36,1238.0269869842798,,,mixed ring-site C-H out-of-plane bending / ring-site C-H in-plane bending,"gamma(H20;C7,C6,O8)",oop,0.030113773434637427,-,-0.012384362382383093,0.14886987566679247
36,1238.0269869842798,,,mixed ring-site C-H out-of-plane bending / ring-site C-H in-plane bending,nu(C6-C9),bond,0.013812662163449547,-,-0.006020380563983289,0.2889471730639286
36,1238.0269869842798,,,mixed ring-site C-H out-of-plane bending / ring-site C-H in-plane bending,nu(C3-H14),bond,0.012279926933508808,+,0.005315970687216262,0.32947280838759274
36,1238.0269869842798,,,mixed ring-site C-H out-of-plane bending / ring-site C-H in-plane bending,nu(C1-H12),bond,0.01022864078151597,-,-0.004827142124726358,0.33283324968659134
36,1238.0269869842798,,,mixed ring-site C-H out-of-plane bending / ring-site C-H in-plane bending,delta(C2-C9-H21),angle,0.008892863836797037,+,0.005402177827537792,0.2310430135999735
36,1238.0269869842798,,,mixed ring-site C-H out-of-plane bending / ring-site C-H in-plane bending,nu(C1-H10),bond,0.008719233749770185,+,0.004448476850054591,0.3340754800027871
36,1238.0269869842798,,,mixed ring-site C-H out-of-plane bending / ring-site C-H in-plane bending,nu(C6-C7),bond,0.005874489998810999,-,-0.003558390165318142,0.351764483756105
36,1238.0269869842798,,,mixed ring-site C-H out-of-plane bending / ring-site C-H in-plane bending,nu(C4-H16),bond,0.004624254965178088,+,0.003218075010953194,0.33856214359648934
36,1238.0269869842798,,,mixed ring-site C-H out-of-plane bending / ring-site C-H in-plane bending,nu(C6-H19),bond,0.0038290309535157674,-,-0.002861002584649041,0.3546837789651513
36,1238.0269869842798,,,mixed ring-site C-H out-of-plane bending / ring-site C-H in-plane bending,nu(C5-H17),bond,0.002129069133334001,+,0.0022009103746723027,0.33325294701181174
36,1238.0269869842798,,,mixed ring-site C-H out-of-plane bending / ring-site C-H in-plane bending,nu(C7-H20),bond,0.001831550163888306,+,0.001965164496784192,0.3595919403531978
36,1238.0269869842798,,,mixed ring-site C-H out-of-plane bending / ring-site C-H in-plane bending,tau(H10-C1-C2-H13),dihedral,0.0013796760942242038,-,-0.002444199863980347,0.17510262560992168
36,1238.0269869842798,,,mixed ring-site C-H out-of-plane bending / ring-site C-H in-plane bending,delta(C2-C1-H11),angle,0.0011618589700176085,-,-0.0019880538147867026,0.2228876950441817
36,1238.0269869842798,,,mixed ring-site C-H out-of-plane bending / ring-site C-H in-plane bending,"gamma(H16;C4,C5,O8)",oop,0.0003410435032799169,+,0.0007002326118969719,0.5273683528647449
36,1238.0269869842798,,,mixed ring-site C-H out-of-plane bending / ring-site C-H in-plane bending,nu(C2-H13),bond,0.00026799763873945235,-,-0.0007967673225078996,0.3200787845755846
36,1238.0269869842798,,,mixed ring-site C-H out-of-plane bending / ring-site C-H in-plane bending,nu(C3-C4),bond,0.00026118563869030815,+,0.0007714850014401945,0.3327233416142365
36,1238.0269869842798,,,mixed ring-site C-H out-of-plane bending / ring-site C-H in-plane bending,nu(C5-H18),bond,0.00022304541326286756,+,0.0007132370323722439,0.33244092209661535
36,1238.0269869842798,,,mixed ring-site C-H out-of-plane bending / ring-site C-H in-plane bending,nu(C1-H11),bond,3.331906789122925e-05,-,-0.0002754516316018165,0.3329592580761004
36,1238.0269869842798,,,mixed ring-site C-H out-of-plane bending / ring-site C-H in-plane bending,nu(C9-H21),bond,9.904259115198025e-07,+,4.6527794348043414e-05,0.346885393723776
36,1238.0269869842798,,,mixed ring-site C-H out-of-plane bending / ring-site C-H in-plane bending,nu(C3-H15),bond,1.8768867349156333e-08,+,6.552395445540756e-06,0.33145671015102407
37,1263.872132163245,,,mixed mixed-phase cyclic C-C stretching / ring-site C-H out-of-plane bending / ring-site C-H in-plane bending,"gamma(C2;C3,H14,H15)",oop,8.780539740860153,+,0.20058633131338702,0.31131335337326066
37,1263.872132163245,,,mixed mixed-phase cyclic C-C stretching / ring-site C-H out-of-plane bending / ring-site C-H in-plane bending,delta(C6-C5-H18),angle,7.956472548623893,-,-0.11264025756838277,0.8945662439133465
37,1263.872132163245,,,mixed mixed-phase cyclic C-C stretching / ring-site C-H out-of-plane bending / ring-site C-H in-plane bending,tau(H16-C4-O8-C7),dihedral,7.805560164685561,-,-0.13125886533576142,0.646287850095482
37,1263.872132163245,,,mixed mixed-phase cyclic C-C stretching / ring-site C-H out-of-plane bending / ring-site C-H in-plane bending,tau(H11-C1-C2-H13),dihedral,7.601153404868951,-,-0.1655281549897163,0.395744562160233
37,1263.872132163245,,,mixed mixed-phase cyclic C-C stretching / ring-site C-H out-of-plane bending / ring-site C-H in-plane bending,nu(C4-C5),bond,7.277824449513876,-,-0.1770195334882727,0.33131294059860933
37,1263.872132163245,,,mixed mixed-phase cyclic C-C stretching / ring-site C-H out-of-plane bending / ring-site C-H in-plane bending,nu(C5-C6),bond,7.235853823518502,+,0.17034089561651675,0.35573872105608056
37,1263.872132163245,,,mixed mixed-phase cyclic C-C stretching / ring-site C-H out-of-plane bending / ring-site C-H in-plane bending,delta(C6-C5-H17),angle,7.1263774802488165,-,-0.1871863346575854,0.2901347508842103
37,1263.872132163245,,,mixed mixed-phase cyclic C-C stretching / ring-site C-H out-of-plane bending / ring-site C-H in-plane bending,delta(C5-C4-O8),angle,7.081664591931516,+,0.07312631881496931,1.8891530232339337
37,1263.872132163245,,,mixed mixed-phase cyclic C-C stretching / ring-site C-H out-of-plane bending / ring-site C-H in-plane bending,nu(C3-C4),bond,5.5009991620529854,+,0.15357437568219007,0.3327233416142365
37,1263.872132163245,,,mixed mixed-phase cyclic C-C stretching / ring-site C-H out-of-plane bending / ring-site C-H in-plane bending,"gamma(H16;C4,C5,O8)",oop,3.978107003514189,+,0.1037339228623011,0.5273683528647449
37,1263.872132163245,,,mixed mixed-phase cyclic C-C stretching / ring-site C-H out-of-plane bending / ring-site C-H in-plane bending,tau(C3-C4-C5-H18),dihedral,3.2129601010046955,+,0.09746828533801564,0.4824561953511669
37,1263.872132163245,,,mixed mixed-phase cyclic C-C stretching / ring-site C-H out-of-plane bending / ring-site C-H in-plane bending,delta(C5-C6-C7),angle,3.068705382006005,-,-0.058499173850400314,1.2791896492453412
37,1263.872132163245,,,mixed mixed-phase cyclic C-C stretching / ring-site C-H out-of-plane bending / ring-site C-H in-plane bending,tau(C3-C2-C9-H21),dihedral,2.324733999511977,+,0.08387618008529175,0.4713843801432477
37,1263.872132163245,,,mixed mixed-phase cyclic C-C stretching / ring-site C-H out-of-plane bending / ring-site C-H in-plane bending,tau(C2-C3-C4-H16),dihedral,2.0070740174074957,+,0.10211425667391717,0.27458059099928556
37,1263.872132163245,,,mixed mixed-phase cyclic C-C stretching / ring-site C-H out-of-plane bending / ring-site C-H in-plane bending,"gamma(C6;C9,C2,H21)",oop,1.9218047151737985,-,-0.07107718096192785,0.5426603274850661
37,1263.872132163245,,,mixed mixed-phase cyclic C-C stretching / ring-site C-H out-of-plane bending / ring-site C-H in-plane bending,nu(C6-C9),bond,1.8576396881605821,-,-0.09576594956433325,0.2889471730639286
37,1263.872132163245,,,mixed mixed-phase cyclic C-C stretching / ring-site C-H out-of-plane bending / ring-site C-H in-plane bending,nu(C2-C3),bond,1.8478992094668938,-,-0.09497038237370481,0.2922678964184281
37,1263.872132163245,,,mixed mixed-phase cyclic C-C stretching / ring-site C-H out-of-plane bending / ring-site C-H in-plane bending,nu(C2-C9),bond,1.594682674499311,+,0.08300046796912765,0.3302116574664156
37,1263.872132163245,,,mixed mixed-phase cyclic C-C stretching / ring-site C-H out-of-plane bending / ring-site C-H in-plane bending,"gamma(H20;C7,C6,C9)",oop,1.5227354470261771,-,-0.09727943831514593,0.2295416801376045
37,1263.872132163245,,,mixed mixed-phase cyclic C-C stretching / ring-site C-H out-of-plane bending / ring-site C-H in-plane bending,delta(C7-C6-H19),angle,1.4604872733640277,+,0.11060694637056345,0.17029903189686718
37,1263.872132163245,,,mixed mixed-phase cyclic C-C stretching / ring-site C-H out-of-plane bending / ring-site C-H in-plane bending,delta(C4-C5-H18),angle,1.4508043881279675,+,0.07761440182518296,0.3435606678510062
37,1263.872132163245,,,mixed mixed-phase cyclic C-C stretching / ring-site C-H out-of-plane bending / ring-site C-H in-plane bending,tau(H10-C1-C2-H13),dihedral,1.4255626878278262,-,-0.1077671591059888,0.17510262560992168
37,1263.872132163245,,,mixed mixed-phase cyclic C-C stretching / ring-site C-H out-of-plane bending / ring-site C-H in-plane bending,nu(C7-C9),bond,1.4026042832230774,-,-0.07885578225568457,0.3217712809389961
37,1263.872132163245,,,mixed mixed-phase cyclic C-C stretching / ring-site C-H out-of-plane bending / ring-site C-H in-plane bending,nu(C6-C7),bond,1.0720935090057009,-,-0.065937115235689,0.351764483756105
37,1263.872132163245,,,mixed mixed-phase cyclic C-C stretching / ring-site C-H out-of-plane bending / ring-site C-H in-plane bending,tau(C3-C4-O8-C7),dihedral,1.0548199918780874,+,0.04009143716404882,0.9361691167181562
37,1263.872132163245,,,mixed mixed-phase cyclic C-C stretching / ring-site C-H out-of-plane bending / ring-site C-H in-plane bending,tau(H19-C6-C7-O8),dihedral,0.7140152838333848,-,-0.08956340536249123,0.12697713378346867
37,1263.872132163245,,,mixed mixed-phase cyclic C-C stretching / ring-site C-H out-of-plane bending / ring-site C-H in-plane bending,delta(C2-C1-H12),angle,0.3277787587294482,+,0.039763432760869244,0.29572788270104006
37,1263.872132163245,,,mixed mixed-phase cyclic C-C stretching / ring-site C-H out-of-plane bending / ring-site C-H in-plane bending,delta(C4-C3-H15),angle,0.2531849304630145,+,0.031052062859262056,0.37457272194762403
37,1263.872132163245,,,mixed mixed-phase cyclic C-C stretching / ring-site C-H out-of-plane bending / ring-site C-H in-plane bending,tau(H15-C3-C4-C5),dihedral,0.20889099114555473,+,0.036068224727851726,0.22906006726638234
37,1263.872132163245,,,mixed mixed-phase cyclic C-C stretching / ring-site C-H out-of-plane bending / ring-site C-H in-plane bending,tau(C1-C2-C9-C6),dihedral,0.19972831687516482,-,-0.03196145397292705,0.2789110970433987
37,1263.872132163245,,,mixed mixed-phase cyclic C-C stretching / ring-site C-H out-of-plane bending / ring-site C-H in-plane bending,delta(C2-C1-H10),angle,0.10502000606458155,-,-0.02608608408643761,0.22015749068391807
37,1263.872132163245,,,mixed mixed-phase cyclic C-C stretching / ring-site C-H out-of-plane bending / ring-site C-H in-plane bending,tau(C2-C3-C4-C5),dihedral,0.08238022593424117,+,0.013149911952021063,0.6796048915723832
37,1263.872132163245,,,mixed mixed-phase cyclic C-C stretching / ring-site C-H out-of-plane bending / ring-site C-H in-plane bending,delta(H11-C1-H12),angle,0.07790153113708646,+,0.020088208145173005,0.27538659836850643
37,1263.872132163245,,,mixed mixed-phase cyclic C-C stretching / ring-site C-H out-of-plane bending / ring-site C-H in-plane bending,nu(C7-O8),bond,0.0708037492324098,-,-0.017016512233104783,0.34881436505138363
37,1263.872132163245,,,mixed mixed-phase cyclic C-C stretching / ring-site C-H out-of-plane bending / ring-site C-H in-plane bending,"gamma(C2;C9,C6,C7)",oop,0.0615830889316599,-,-0.01013860699612111,0.8546417378486717
37,1263.872132163245,,,mixed mixed-phase cyclic C-C stretching / ring-site C-H out-of-plane bending / ring-site C-H in-plane bending,tau(H11-C1-C2-C9),dihedral,0.059231590318739175,-,-0.018603546091428034,0.24414123171457477
37,1263.872132163245,,,mixed mixed-phase cyclic C-C stretching / ring-site C-H out-of-plane bending / ring-site C-H in-plane bending,delta(C2-C9-H21),angle,0.05238958264981787,-,-0.01798521577998492,0.2310430135999735
37,1263.872132163245,,,mixed mixed-phase cyclic C-C stretching / ring-site C-H out-of-plane bending / ring-site C-H in-plane bending,delta(C2-C1-H11),angle,0.048383081832903706,-,-0.01759718991322109,0.2228876950441817
37,1263.872132163245,,,mixed mixed-phase cyclic C-C stretching / ring-site C-H out-of-plane bending / ring-site C-H in-plane bending,delta(H17-C5-H18),angle,0.037965377781087946,+,0.01318732694730866,0.3114249374201952
37,1263.872132163245,,,mixed mixed-phase cyclic C-C stretching / ring-site C-H out-of-plane bending / ring-site C-H in-plane bending,nu(C1-C2),bond,0.028962187036532847,-,-0.01231209821922373,0.2725501455699407
37,1263.872132163245,,,mixed mixed-phase cyclic C-C stretching / ring-site C-H out-of-plane bending / ring-site C-H in-plane bending,delta(H14-C3-H15),angle,0.02764068586336963,+,0.013663481074914986,0.21120553881908632
37,1263.872132163245,,,mixed mixed-phase cyclic C-C stretching / ring-site C-H out-of-plane bending / ring-site C-H in-plane bending,delta(C1-C2-H13),angle,0.02040558505408439,-,-0.010846653684082285,0.24742108678985417
37,1263.872132163245,,,mixed mixed-phase cyclic C-C stretching / ring-site C-H out-of-plane bending / ring-site C-H in-plane bending,nu(C7-H20),bond,0.016806173220339872,-,-0.008165241736182948,0.3595919403531978
37,1263.872132163245,,,mixed mixed-phase cyclic C-C stretching / ring-site C-H out-of-plane bending / ring-site C-H in-plane bending,delta(C1-C2-C9),angle,0.009720517828639932,-,-0.0065565432163177655,0.3225661213649848
37,1263.872132163245,,,mixed mixed-phase cyclic C-C stretching / ring-site C-H out-of-plane bending / ring-site C-H in-plane bending,"gamma(H20;C7,C6,O8)",oop,0.009183438819111002,+,0.00938077802144167,0.14886987566679247
37,1263.872132163245,,,mixed mixed-phase cyclic C-C stretching / ring-site C-H out-of-plane bending / ring-site C-H in-plane bending,nu(C3-H14),bond,0.0078756378847364,+,0.00583945995371792,0.32947280838759274
37,1263.872132163245,,,mixed mixed-phase cyclic C-C stretching / ring-site C-H out-of-plane bending / ring-site C-H in-plane bending,nu(C1-H12),bond,0.002069008620519481,-,-0.0029778814268209843,0.33283324968659134
37,1263.872132163245,,,mixed mixed-phase cyclic C-C stretching / ring-site C-H out-of-plane bending / ring-site C-H in-plane bending,nu(C5-H17),bond,0.0020423934066897253,-,-0.0029568024146806693,0.33325294701181174
37,1263.872132163245,,,mixed mixed-phase cyclic C-C stretching / ring-site C-H out-of-plane bending / ring-site C-H in-plane bending,nu(C4-H16),bond,0.0017945041045907156,-,-0.0027497463470533452,0.33856214359648934
37,1263.872132163245,,,mixed mixed-phase cyclic C-C stretching / ring-site C-H out-of-plane bending / ring-site C-H in-plane bending,nu(C6-H19),bond,0.0016840229117094146,+,0.002602513182983903,0.3546837789651513
37,1263.872132163245,,,mixed mixed-phase cyclic C-C stretching / ring-site C-H out-of-plane bending / ring-site C-H in-plane bending,nu(C4-O8),bond,0.000934150809532074,+,0.002006967757729835,0.3308380182485744
37,1263.872132163245,,,mixed mixed-phase cyclic C-C stretching / ring-site C-H out-of-plane bending / ring-site C-H in-plane bending,nu(C9-H21),bond,0.0007894412713047537,-,-0.00180179970100443,0.346885393723776
37,1263.872132163245,,,mixed mixed-phase cyclic C-C stretching / ring-site C-H out-of-plane bending / ring-site C-H in-plane bending,nu(C3-H15),bond,0.0007776606922219564,-,-0.0018294530550117725,0.33145671015102407
37,1263.872132163245,,,mixed mixed-phase cyclic C-C stretching / ring-site C-H out-of-plane bending / ring-site C-H in-plane bending,nu(C1-H10),bond,0.0005063500997413884,+,0.0014704245770890258,0.3340754800027871
37,1263.872132163245,,,mixed mixed-phase cyclic C-C stretching / ring-site C-H out-of-plane bending / ring-site C-H in-plane bending,nu(C2-H13),bond,0.00020287586825589962,-,-0.0009508814053154906,0.3200787845755846
37,1263.872132163245,,,mixed mixed-phase cyclic C-C stretching / ring-site C-H out-of-plane bending / ring-site C-H in-plane bending,nu(C5-H18),bond,0.00010781680259519411,-,-0.0006801827108178204,0.33244092209661535
37,1263.872132163245,,,mixed mixed-phase cyclic C-C stretching / ring-site C-H out-of-plane bending / ring-site C-H in-plane bending,nu(C1-H11),bond,8.129727486923237e-05,+,0.0005901766869456984,0.3329592580761004
38,1297.7143172344997,,,mixed ring-site C-H out-of-plane bending / ring-site C-H in-plane bending,"gamma(H20;C7,C6,C9)",oop,23.513116618601718,-,-0.32190090154128903,0.2295416801376045
38,1297.7143172344997,,,mixed ring-site C-H out-of-plane bending / ring-site C-H in-plane bending,delta(C6-C5-H18),angle,13.353684810672704,+,0.122883105891611,0.8945662439133465
38,1297.7143172344997,,,mixed ring-site C-H out-of-plane bending / ring-site C-H in-plane bending,tau(C2-C3-C4-H16),dihedral,11.26178496751771,+,0.20368852804848134,0.27458059099928556
38,1297.7143172344997,,,mixed ring-site C-H out-of-plane bending / ring-site C-H in-plane bending,delta(C4-C3-H15),angle,8.145198942163622,+,0.14831348736279637,0.37457272194762403
38,1297.7143172344997,,,mixed ring-site C-H out-of-plane bending / ring-site C-H in-plane bending,"gamma(H16;C4,C5,O8)",oop,5.594188850711338,-,-0.10358798891147959,0.5273683528647449
38,1297.7143172344997,,,mixed ring-site C-H out-of-plane bending / ring-site C-H in-plane bending,"gamma(C2;C3,H14,H15)",oop,4.00530177464851,-,-0.11408186671479108,0.31131335337326066
38,1297.7143172344997,,,mixed ring-site C-H out-of-plane bending / ring-site C-H in-plane bending,delta(C6-C5-H17),angle,3.6163796799743673,+,0.1122884294626603,0.2901347508842103
38,1297.7143172344997,,,mixed ring-site C-H out-of-plane bending / ring-site C-H in-plane bending,tau(C3-C4-C5-H18),dihedral,3.456610514444671,-,-0.08513225782981049,0.4824561953511669
38,1297.7143172344997,,,mixed ring-site C-H out-of-plane bending / ring-site C-H in-plane bending,tau(C3-C2-C9-H21),dihedral,3.429030454550458,+,0.08578195692917896,0.4713843801432477
38,1297.7143172344997,,,mixed ring-site C-H out-of-plane bending / ring-site C-H in-plane bending,delta(C7-C6-H19),angle,3.3328685102424673,+,0.14070219499613068,0.17029903189686718
38,1297.7143172344997,,,mixed ring-site C-H out-of-plane bending / ring-site C-H in-plane bending,tau(H15-C3-C4-C5),dihedral,2.856782077619258,-,-0.11232120047524655,0.22906006726638234
38,1297.7143172344997,,,mixed ring-site C-H out-of-plane bending / ring-site C-H in-plane bending,delta(C1-C2-H13),angle,1.8952957119641114,-,-0.0880274268500107,0.24742108678985417
38,1297.7143172344997,,,mixed ring-site C-H out-of-plane bending / ring-site C-H in-plane bending,"gamma(C6;C9,C2,H21)",oop,1.839780971470282,-,-0.05856213443558498,0.5426603274850661
38,1297.7143172344997,,,mixed ring-site C-H out-of-plane bending / ring-site C-H in-plane bending,delta(C4-C5-H18),angle,1.7658608094875867,-,-0.07210649524886067,0.3435606678510062
38,1297.7143172344997,,,mixed ring-site C-H out-of-plane bending / ring-site C-H in-plane bending,tau(H19-C6-C7-O8),dihedral,1.7586712241952578,-,-0.11836612799039542,0.12697713378346867
38,1297.7143172344997,,,mixed ring-site C-H out-of-plane bending / ring-site C-H in-plane bending,"gamma(H20;C7,C6,O8)",oop,1.466746901350864,-,-0.0998325234939623,0.14886987566679247
38,1297.7143172344997,,,mixed ring-site C-H out-of-plane bending / ring-site C-H in-plane bending,nu(C7-C9),bond,1.1403165194794067,+,0.05987381628067613,0.3217712809389961
38,1297.7143172344997,,,mixed ring-site C-H out-of-plane bending / ring-site C-H in-plane bending,tau(H10-C1-C2-H13),dihedral,1.0144390001835448,+,0.07655340488866226,0.17510262560992168
38,1297.7143172344997,,,mixed ring-site C-H out-of-plane bending / ring-site C-H in-plane bending,nu(C3-C4),bond,1.0099222503282357,-,-0.05541153842227699,0.3327233416142365
38,1297.7143172344997,,,mixed ring-site C-H out-of-plane bending / ring-site C-H in-plane bending,tau(H11-C1-C2-H13),dihedral,0.8324794845392736,+,0.046129331823880015,0.395744562160233
38,1297.7143172344997,,,mixed ring-site C-H out-of-plane bending / ring-site C-H in-plane bending,delta(C5-C4-O8),angle,0.7119789485729029,-,-0.01952530738975488,1.8891530232339337
38,1297.7143172344997,,,mixed ring-site C-H out-of-plane bending / ring-site C-H in-plane bending,delta(C2-C1-H10),angle,0.7088655900939226,-,-0.05707068516147374,0.22015749068391807
38,1297.7143172344997,,,mixed ring-site C-H out-of-plane bending / ring-site C-H in-plane bending,nu(C7-O8),bond,0.5294138370207139,-,-0.03918305873709496,0.34881436505138363
38,1297.7143172344997,,,mixed ring-site C-H out-of-plane bending / ring-site C-H in-plane bending,delta(C5-C6-C7),angle,0.37592726505140495,-,-0.017241788619281873,1.2791896492453412
38,1297.7143172344997,,,mixed ring-site C-H out-of-plane bending / ring-site C-H in-plane bending,nu(C4-C5),bond,0.29136267024135126,+,0.02982604212601045,0.33131294059860933
38,1297.7143172344997,,,mixed ring-site C-H out-of-plane bending / ring-site C-H in-plane bending,delta(H11-C1-H12),angle,0.2802100928534868,+,0.032082511483184674,0.27538659836850643
38,1297.7143172344997,,,mixed ring-site C-H out-of-plane bending / ring-site C-H in-plane bending,nu(C6-C7),bond,0.2785821828901533,+,0.02830404763745181,0.351764483756105
38,1297.7143172344997,,,mixed ring-site C-H out-of-plane bending / ring-site C-H in-plane bending,nu(C2-C9),bond,0.2561268322607148,-,-0.02801103851836142,0.3302116574664156
38,1297.7143172344997,,,mixed ring-site C-H out-of-plane bending / ring-site C-H in-plane bending,delta(C2-C1-H12),angle,0.22560041148349913,+,0.027779324370951507,0.29572788270104006
38,1297.7143172344997,,,mixed ring-site C-H out-of-plane bending / ring-site C-H in-plane bending,tau(C2-C3-C4-C5),dihedral,0.20360559746278045,-,-0.017408625422260765,0.6796048915723832
38,1297.7143172344997,,,mixed ring-site C-H out-of-plane bending / ring-site C-H in-plane bending,delta(C2-C1-H11),angle,0.14794430193586774,+,0.025912179718032374,0.2228876950441817
38,1297.7143172344997,,,mixed ring-site C-H out-of-plane bending / ring-site C-H in-plane bending,tau(C3-C4-O8-C7),dihedral,0.13307417209520553,+,0.011991336867151516,0.9361691167181562
38,1297.7143172344997,,,mixed ring-site C-H out-of-plane bending / ring-site C-H in-plane bending,tau(H11-C1-C2-C9),dihedral,0.11741510101941675,-,-0.02205663642957072,0.24414123171457477
38,1297.7143172344997,,,mixed ring-site C-H out-of-plane bending / ring-site C-H in-plane bending,tau(C1-C2-C9-C6),dihedral,0.11426897344941946,-,-0.02035772006349748,0.2789110970433987
38,1297.7143172344997,,,mixed ring-site C-H out-of-plane bending / ring-site C-H in-plane bending,delta(C2-C9-H21),angle,0.11403475277016435,+,0.022344470342207184,0.2310430135999735
38,1297.7143172344997,,,mixed ring-site C-H out-of-plane bending / ring-site C-H in-plane bending,nu(C2-C3),bond,0.03633598821162348,+,0.011214393818836548,0.2922678964184281
38,1297.7143172344997,,,mixed ring-site C-H out-of-plane bending / ring-site C-H in-plane bending,delta(C1-C2-C9),angle,0.032992370992896085,+,0.01017174021175979,0.3225661213649848
38,1297.7143172344997,,,mixed ring-site C-H out-of-plane bending / ring-site C-H in-plane bending,nu(C5-C6),bond,0.03207047207103263,+,0.009549595557647735,0.35573872105608056
38,1297.7143172344997,,,mixed ring-site C-H out-of-plane bending / ring-site C-H in-plane bending,nu(C1-C2),bond,0.02867853786715846,-,-0.010316993712006747,0.2725501455699407
38,1297.7143172344997,,,mixed ring-site C-H out-of-plane bending / ring-site C-H in-plane bending,"gamma(C2;C9,C6,C7)",oop,0.025154653703223482,-,-0.005456510488785901,0.8546417378486717
38,1297.7143172344997,,,mixed ring-site C-H out-of-plane bending / ring-site C-H in-plane bending,nu(C4-O8),bond,0.023057023097222983,+,0.008396374173718739,0.3308380182485744
38,1297.7143172344997,,,mixed ring-site C-H out-of-plane bending / ring-site C-H in-plane bending,nu(C6-C9),bond,0.018160496854216633,-,-0.007973564475359083,0.2889471730639286
38,1297.7143172344997,,,mixed ring-site C-H out-of-plane bending / ring-site C-H in-plane bending,delta(H17-C5-H18),angle,0.005959034067670883,-,-0.004399558667965006,0.3114249374201952
38,1297.7143172344997,,,mixed ring-site C-H out-of-plane bending / ring-site C-H in-plane bending,nu(C6-H19),bond,0.004563404367703516,+,0.003607627473019352,0.3546837789651513
38,1297.7143172344997,,,mixed ring-site C-H out-of-plane bending / ring-site C-H in-plane bending,tau(H16-C4-O8-C7),dihedral,0.003647033066344217,+,0.0023892122174676597,0.646287850095482
38,1297.7143172344997,,,mixed ring-site C-H out-of-plane bending / ring-site C-H in-plane bending,delta(H14-C3-H15),angle,0.0035624608648023933,+,0.004130667822732586,0.21120553881908632
38,1297.7143172344997,,,mixed ring-site C-H out-of-plane bending / ring-site C-H in-plane bending,nu(C1-H10),bond,0.0023635870633980575,+,0.0026752315264823756,0.3340754800027871
38,1297.7143172344997,,,mixed ring-site C-H out-of-plane bending / ring-site C-H in-plane bending,nu(C3-H15),bond,0.002306915961556679,-,-0.0026533854992127556,0.33145671015102407
38,1297.7143172344997,,,mixed ring-site C-H out-of-plane bending / ring-site C-H in-plane bending,nu(C5-H17),bond,0.0012152300689253076,+,0.0019206141593681371,0.33325294701181174
38,1297.7143172344997,,,mixed ring-site C-H out-of-plane bending / ring-site C-H in-plane bending,nu(C7-H20),bond,0.0008361273340269869,-,-0.0015336600617689496,0.3595919403531978
38,1297.7143172344997,,,mixed ring-site C-H out-of-plane bending / ring-site C-H in-plane bending,nu(C4-H16),bond,0.0007255561048167593,-,-0.0014723605568383528,0.33856214359648934
38,1297.7143172344997,,,mixed ring-site C-H out-of-plane bending / ring-site C-H in-plane bending,nu(C2-H13),bond,0.0006103079485015814,-,-0.0013888135357644495,0.3200787845755846
38,1297.7143172344997,,,mixed ring-site C-H out-of-plane bending / ring-site C-H in-plane bending,nu(C1-H12),bond,0.00042215717132473905,-,-0.00113271748657297,0.33283324968659134
38,1297.7143172344997,,,mixed ring-site C-H out-of-plane bending / ring-site C-H in-plane bending,nu(C5-H18),bond,0.00023981808256345134,-,-0.0008542433294325782,0.33244092209661535
38,1297.7143172344997,,,mixed ring-site C-H out-of-plane bending / ring-site C-H in-plane bending,nu(C1-H11),bond,0.00022237170030481562,-,-0.0008219437225973858,0.3329592580761004
38,1297.7143172344997,,,mixed ring-site C-H out-of-plane bending / ring-site C-H in-plane bending,nu(C9-H21),bond,5.407791560894878e-06,+,0.00012557836874625374,0.346885393723776
38,1297.7143172344997,,,mixed ring-site C-H out-of-plane bending / ring-site C-H in-plane bending,nu(C3-H14),bond,2.422627131117064e-07,-,-2.727290323270596e-05,0.32947280838759274
39,1328.8594452889308,,,mixed ring-site C-H in-plane bending / ring-site C-H out-of-plane bending / mixed-phase cyclic C-C stretching,"gamma(C2;C3,H14,H15)",oop,12.244623486855401,-,-0.20825559846914435,0.31131335337326066
39,1328.8594452889308,,,mixed ring-site C-H in-plane bending / ring-site C-H out-of-plane bending / mixed-phase cyclic C-C stretching,delta(C2-C9-H21),angle,11.627122362499167,+,0.2355659652596862,0.2310430135999735
39,1328.8594452889308,,,mixed ring-site C-H in-plane bending / ring-site C-H out-of-plane bending / mixed-phase cyclic C-C stretching,nu(C5-C6),bond,8.468570575643934,+,0.16201764985564177,0.35573872105608056
39,1328.8594452889308,,,mixed ring-site C-H in-plane bending / ring-site C-H out-of-plane bending / mixed-phase cyclic C-C stretching,delta(C6-C5-H18),angle,7.484234025399598,-,-0.09604842964688672,0.8945662439133465
39,1328.8594452889308,,,mixed ring-site C-H in-plane bending / ring-site C-H out-of-plane bending / mixed-phase cyclic C-C stretching,delta(C4-C5-H18),angle,6.697885352573935,+,0.14661890708155007,0.3435606678510062
39,1328.8594452889308,,,mixed ring-site C-H in-plane bending / ring-site C-H out-of-plane bending / mixed-phase cyclic C-C stretching,tau(H19-C6-C7-O8),dihedral,6.187301368232451,-,-0.2317985513442272,0.12697713378346867
39,1328.8594452889308,,,mixed ring-site C-H in-plane bending / ring-site C-H out-of-plane bending / mixed-phase cyclic C-C stretching,delta(C4-C3-H15),angle,5.485916720730226,+,0.12708063436383954,0.37457272194762403
39,1328.8594452889308,,,mixed ring-site C-H in-plane bending / ring-site C-H out-of-plane bending / mixed-phase cyclic C-C stretching,nu(C2-C9),bond,4.36223807922709,-,-0.12069278922683231,0.3302116574664156
39,1328.8594452889308,,,mixed ring-site C-H in-plane bending / ring-site C-H out-of-plane bending / mixed-phase cyclic C-C stretching,tau(H16-C4-O8-C7),dihedral,3.6953172287837157,+,0.07940278037560576,0.646287850095482
39,1328.8594452889308,,,mixed ring-site C-H in-plane bending / ring-site C-H out-of-plane bending / mixed-phase cyclic C-C stretching,"gamma(H16;C4,C5,O8)",oop,3.2901333234908763,-,-0.08294162856824629,0.5273683528647449
39,1328.8594452889308,,,mixed ring-site C-H in-plane bending / ring-site C-H out-of-plane bending / mixed-phase cyclic C-C stretching,"gamma(C2;C9,C6,C7)",oop,3.148996701454498,+,0.063740709882553,0.8546417378486717
39,1328.8594452889308,,,mixed ring-site C-H in-plane bending / ring-site C-H out-of-plane bending / mixed-phase cyclic C-C stretching,delta(C7-C6-H19),angle,2.7964046164530316,+,0.13456024151584922,0.17029903189686718
39,1328.8594452889308,,,mixed ring-site C-H in-plane bending / ring-site C-H out-of-plane bending / mixed-phase cyclic C-C stretching,"gamma(H20;C7,C6,C9)",oop,2.5909345320495136,+,0.11156302560926833,0.2295416801376045
39,1328.8594452889308,,,mixed ring-site C-H in-plane bending / ring-site C-H out-of-plane bending / mixed-phase cyclic C-C stretching,tau(C2-C3-C4-C5),dihedral,2.444011062499025,+,0.06297181021838363,0.6796048915723832
39,1328.8594452889308,,,mixed ring-site C-H in-plane bending / ring-site C-H out-of-plane bending / mixed-phase cyclic C-C stretching,nu(C3-C4),bond,2.429698133307507,-,-0.0897340703322138,0.3327233416142365
39,1328.8594452889308,,,mixed ring-site C-H in-plane bending / ring-site C-H out-of-plane bending / mixed-phase cyclic C-C stretching,tau(H11-C1-C2-H13),dihedral,2.378799080577727,+,0.08141309126585324,0.395744562160233
39,1328.8594452889308,,,mixed ring-site C-H in-plane bending / ring-site C-H out-of-plane bending / mixed-phase cyclic C-C stretching,tau(C2-C3-C4-H16),dihedral,2.323947819937907,-,-0.09660533499686956,0.27458059099928556
39,1328.8594452889308,,,mixed ring-site C-H in-plane bending / ring-site C-H out-of-plane bending / mixed-phase cyclic C-C stretching,tau(C3-C2-C9-H21),dihedral,2.2167659652959815,+,0.07201039132291241,0.4713843801432477
39,1328.8594452889308,,,mixed ring-site C-H in-plane bending / ring-site C-H out-of-plane bending / mixed-phase cyclic C-C stretching,"gamma(H20;C7,C6,O8)",oop,1.6584034829112255,+,0.11083183661378794,0.14886987566679247
39,1328.8594452889308,,,mixed ring-site C-H in-plane bending / ring-site C-H out-of-plane bending / mixed-phase cyclic C-C stretching,nu(C2-C3),bond,1.4691474937076439,+,0.07445004844852957,0.2922678964184281
39,1328.8594452889308,,,mixed ring-site C-H in-plane bending / ring-site C-H out-of-plane bending / mixed-phase cyclic C-C stretching,delta(C1-C2-H13),angle,1.464945694556051,+,0.0808007236019372,0.24742108678985417
39,1328.8594452889308,,,mixed ring-site C-H in-plane bending / ring-site C-H out-of-plane bending / mixed-phase cyclic C-C stretching,nu(C6-C7),bond,1.0335988804532716,-,-0.05692104482264082,0.351764483756105
39,1328.8594452889308,,,mixed ring-site C-H in-plane bending / ring-site C-H out-of-plane bending / mixed-phase cyclic C-C stretching,tau(H15-C3-C4-C5),dihedral,0.9658441915146989,-,-0.06818701619718756,0.22906006726638234
39,1328.8594452889308,,,mixed ring-site C-H in-plane bending / ring-site C-H out-of-plane bending / mixed-phase cyclic C-C stretching,tau(C3-C4-C5-H18),dihedral,0.5974882017138129,+,0.036953754172917304,0.4824561953511669
39,1328.8594452889308,,,mixed ring-site C-H in-plane bending / ring-site C-H out-of-plane bending / mixed-phase cyclic C-C stretching,delta(C5-C6-C7),angle,0.4990619635894811,-,-0.020741139359272336,1.2791896492453412
39,1328.8594452889308,,,mixed ring-site C-H in-plane bending / ring-site C-H out-of-plane bending / mixed-phase cyclic C-C stretching,"gamma(C6;C9,C2,H21)",oop,0.4838623622716834,-,-0.03135593292156392,0.5426603274850661
39,1328.8594452889308,,,mixed ring-site C-H in-plane bending / ring-site C-H out-of-plane bending / mixed-phase cyclic C-C stretching,delta(C5-C4-O8),angle,0.46909869923679337,+,0.016547080809875502,1.8891530232339337
39,1328.8594452889308,,,mixed ring-site C-H in-plane bending / ring-site C-H out-of-plane bending / mixed-phase cyclic C-C stretching,tau(H10-C1-C2-H13),dihedral,0.3810477954200886,+,0.048985352754318444,0.17510262560992168
39,1328.8594452889308,,,mixed ring-site C-H in-plane bending / ring-site C-H out-of-plane bending / mixed-phase cyclic C-C stretching,nu(C7-O8),bond,0.24257109813044472,+,0.027691417562698193,0.34881436505138363
39,1328.8594452889308,,,mixed ring-site C-H in-plane bending / ring-site C-H out-of-plane bending / mixed-phase cyclic C-C stretching,delta(C2-C1-H12),angle,0.23859715878236462,-,-0.02982698386222628,0.29572788270104006
39,1328.8594452889308,,,mixed ring-site C-H in-plane bending / ring-site C-H out-of-plane bending / mixed-phase cyclic C-C stretching,delta(C1-C2-C9),angle,0.1493468902795207,+,0.022594959034612463,0.3225661213649848
39,1328.8594452889308,,,mixed ring-site C-H in-plane bending / ring-site C-H out-of-plane bending / mixed-phase cyclic C-C stretching,delta(C6-C5-H17),angle,0.14145248618539286,-,-0.0231861296549292,0.2901347508842103
39,1328.8594452889308,,,mixed ring-site C-H in-plane bending / ring-site C-H out-of-plane bending / mixed-phase cyclic C-C stretching,delta(H17-C5-H18),angle,0.07116747158554206,-,-0.0158740198007274,0.3114249374201952
39,1328.8594452889308,,,mixed ring-site C-H in-plane bending / ring-site C-H out-of-plane bending / mixed-phase cyclic C-C stretching,delta(H11-C1-H12),angle,0.05789852464091125,+,0.015225977726410826,0.27538659836850643
39,1328.8594452889308,,,mixed ring-site C-H in-plane bending / ring-site C-H out-of-plane bending / mixed-phase cyclic C-C stretching,tau(C3-C4-O8-C7),dihedral,0.0465909051170665,+,0.007407919614187543,0.9361691167181562
39,1328.8594452889308,,,mixed ring-site C-H in-plane bending / ring-site C-H out-of-plane bending / mixed-phase cyclic C-C stretching,delta(H14-C3-H15),angle,0.034149837378827555,+,0.01335255915333316,0.21120553881908632
39,1328.8594452889308,,,mixed ring-site C-H in-plane bending / ring-site C-H out-of-plane bending / mixed-phase cyclic C-C stretching,nu(C1-C2),bond,0.026291424022699596,-,-0.010313514603511181,0.2725501455699407
39,1328.8594452889308,,,mixed ring-site C-H in-plane bending / ring-site C-H out-of-plane bending / mixed-phase cyclic C-C stretching,nu(C7-C9),bond,0.020668537574314968,+,0.008415968028480342,0.3217712809389961
39,1328.8594452889308,,,mixed ring-site C-H in-plane bending / ring-site C-H out-of-plane bending / mixed-phase cyclic C-C stretching,nu(C6-H19),bond,0.02011414772143682,+,0.007907751195234439,0.3546837789651513
39,1328.8594452889308,,,mixed ring-site C-H in-plane bending / ring-site C-H out-of-plane bending / mixed-phase cyclic C-C stretching,nu(C6-C9),bond,0.017611204328316695,-,-0.008198004366592015,0.2889471730639286
39,1328.8594452889308,,,mixed ring-site C-H in-plane bending / ring-site C-H out-of-plane bending / mixed-phase cyclic C-C stretching,tau(C1-C2-C9-C6),dihedral,0.009214095532626282,-,-0.006035542337730533,0.2789110970433987
39,1328.8594452889308,,,mixed ring-site C-H in-plane bending / ring-site C-H out-of-plane bending / mixed-phase cyclic C-C stretching,tau(H11-C1-C2-C9),dihedral,0.005354822029401197,+,0.0049178445557109705,0.24414123171457477
39,1328.8594452889308,,,mixed ring-site C-H in-plane bending / ring-site C-H out-of-plane bending / mixed-phase cyclic C-C stretching,nu(C3-H14),bond,0.004209608554103017,-,-0.0037534783052775886,0.32947280838759274
39,1328.8594452889308,,,mixed ring-site C-H in-plane bending / ring-site C-H out-of-plane bending / mixed-phase cyclic C-C stretching,nu(C9-H21),bond,0.0035843859897157215,-,-0.003375493073520767,0.346885393723776
39,1328.8594452889308,,,mixed ring-site C-H in-plane bending / ring-site C-H out-of-plane bending / mixed-phase cyclic C-C stretching,nu(C5-H17),bond,0.0033604328681323334,+,0.003334520985172161,0.33325294701181174
39,1328.8594452889308,,,mixed ring-site C-H in-plane bending / ring-site C-H out-of-plane bending / mixed-phase cyclic C-C stretching,nu(C3-H15),bond,0.002748055751438175,-,-0.0030235851535482007,0.33145671015102407
39,1328.8594452889308,,,mixed ring-site C-H in-plane bending / ring-site C-H out-of-plane bending / mixed-phase cyclic C-C stretching,delta(C2-C1-H10),angle,0.0020522305082774474,-,-0.0032060417884506144,0.22015749068391807
39,1328.8594452889308,,,mixed ring-site C-H in-plane bending / ring-site C-H out-of-plane bending / mixed-phase cyclic C-C stretching,nu(C2-H13),bond,0.002042625419585167,-,-0.0026527038261018416,0.3200787845755846
39,1328.8594452889308,,,mixed ring-site C-H in-plane bending / ring-site C-H out-of-plane bending / mixed-phase cyclic C-C stretching,nu(C4-O8),bond,0.0016551773220087889,-,-0.0023487532855355165,0.3308380182485744
39,1328.8594452889308,,,mixed ring-site C-H in-plane bending / ring-site C-H out-of-plane bending / mixed-phase cyclic C-C stretching,nu(C1-H11),bond,0.0013755400703057937,-,-0.002134341544043137,0.3329592580761004
39,1328.8594452889308,,,mixed ring-site C-H in-plane bending / ring-site C-H out-of-plane bending / mixed-phase cyclic C-C stretching,nu(C4-H16),bond,0.0007548963881270558,-,-0.0015680045484838638,0.33856214359648934
39,1328.8594452889308,,,mixed ring-site C-H in-plane bending / ring-site C-H out-of-plane bending / mixed-phase cyclic C-C stretching,nu(C5-H18),bond,0.0006424338870098337,+,0.0014597545031575327,0.33244092209661535
39,1328.8594452889308,,,mixed ring-site C-H in-plane bending / ring-site C-H out-of-plane bending / mixed-phase cyclic C-C stretching,nu(C1-H12),bond,0.0005504528580702741,-,-0.0013504221574103207,0.33283324968659134
39,1328.8594452889308,,,mixed ring-site C-H in-plane bending / ring-site C-H out-of-plane bending / mixed-phase cyclic C-C stretching,delta(C2-C1-H11),angle,0.000295860301849254,+,0.0012098266413178784,0.2228876950441817
39,1328.8594452889308,,,mixed ring-site C-H in-plane bending / ring-site C-H out-of-plane bending / mixed-phase cyclic C-C stretching,nu(C4-C5),bond,0.0002540923987063653,+,0.0009196010941077265,0.33131294059860933
39,1328.8594452889308,,,mixed ring-site C-H in-plane bending / ring-site C-H out-of-plane bending / mixed-phase cyclic C-C stretching,nu(C7-H20),bond,4.2652321948507077e-05,+,0.00036165061424002157,0.3595919403531978
39,1328.8594452889308,,,mixed ring-site C-H in-plane bending / ring-site C-H out-of-plane bending / mixed-phase cyclic C-C stretching,nu(C1-H10),bond,3.751665485826636e-06,+,0.00011127884151669708,0.3340754800027871
40,1330.4723851086642,,,mixed ring-site C-H in-plane bending / ring-site C-H out-of-plane bending,delta(C6-C5-H18),angle,23.804086216831323,+,0.2327068792275521,0.8945662439133465
40,1330.4723851086642,,,mixed ring-site C-H in-plane bending / ring-site C-H out-of-plane bending,"gamma(H16;C4,C5,O8)",oop,18.656297316942258,+,0.26831528444516994,0.5273683528647449
40,1330.4723851086642,,,mixed ring-site C-H in-plane bending / ring-site C-H out-of-plane bending,tau(H16-C4-O8-C7),dihedral,13.904337543525365,-,-0.20924345054862434,0.646287850095482
40,1330.4723851086642,,,mixed ring-site C-H in-plane bending / ring-site C-H out-of-plane bending,delta(C4-C5-H18),angle,12.705831224294537,-,-0.2743402561143877,0.3435606678510062
40,1330.4723851086642,,,mixed ring-site C-H in-plane bending / ring-site C-H out-of-plane bending,tau(H11-C1-C2-H13),dihedral,8.249055707491605,-,-0.20596069945194975,0.395744562160233
40,1330.4723851086642,,,mixed ring-site C-H in-plane bending / ring-site C-H out-of-plane bending,tau(C3-C4-C5-H18),dihedral,4.734189933689467,-,-0.14131348693062096,0.4824561953511669
40,1330.4723851086642,,,mixed ring-site C-H in-plane bending / ring-site C-H out-of-plane bending,tau(H10-C1-C2-H13),dihedral,2.9333577045004864,-,-0.1846400467908396,0.17510262560992168
40,1330.4723851086642,,,mixed ring-site C-H in-plane bending / ring-site C-H out-of-plane bending,delta(C6-C5-H17),angle,2.53377809999864,+,0.1333135004936108,0.2901347508842103
40,1330.4723851086642,,,mixed ring-site C-H in-plane bending / ring-site C-H out-of-plane bending,delta(C2-C9-H21),angle,2.448328262465531,+,0.14685140989174286,0.2310430135999735
40,1330.4723851086642,,,mixed ring-site C-H in-plane bending / ring-site C-H out-of-plane bending,delta(C1-C2-H13),angle,1.8202297082554038,+,0.12235858946688934,0.24742108678985417
40,1330.4723851086642,,,mixed ring-site C-H in-plane bending / ring-site C-H out-of-plane bending,nu(C3-C4),bond,1.3267034096626602,+,0.09008137485269381,0.3327233416142365
40,1330.4723851086642,,,mixed ring-site C-H in-plane bending / ring-site C-H out-of-plane bending,"gamma(C6;C9,C2,H21)",oop,0.9959164252498175,+,0.06111349611215761,0.5426603274850661
40,1330.4723851086642,,,mixed ring-site C-H in-plane bending / ring-site C-H out-of-plane bending,tau(H19-C6-C7-O8),dihedral,0.8528263899800986,-,-0.1169115109632427,0.12697713378346867
40,1330.4723851086642,,,mixed ring-site C-H in-plane bending / ring-site C-H out-of-plane bending,delta(C5-C6-C7),angle,0.6039560497489928,+,0.030997375008680113,1.2791896492453412
40,1330.4723851086642,,,mixed ring-site C-H in-plane bending / ring-site C-H out-of-plane bending,nu(C6-C7),bond,0.5909772609395648,-,-0.05847215620140489,0.351764483756105
40,1330.4723851086642,,,mixed ring-site C-H in-plane bending / ring-site C-H out-of-plane bending,delta(C7-C6-H19),angle,0.5085248321425967,+,0.077954234432543,0.17029903189686718
40,1330.4723851086642,,,mixed ring-site C-H in-plane bending / ring-site C-H out-of-plane bending,"gamma(H20;C7,C6,C9)",oop,0.4486150967655319,+,0.06306608646635742,0.2295416801376045
40,1330.4723851086642,,,mixed ring-site C-H in-plane bending / ring-site C-H out-of-plane bending,tau(C3-C2-C9-H21),dihedral,0.38313519286982384,-,-0.040670372205199985,0.4713843801432477
40,1330.4723851086642,,,mixed ring-site C-H in-plane bending / ring-site C-H out-of-plane bending,tau(C2-C3-C4-C5),dihedral,0.32916530388596493,-,-0.031395578910789465,0.6796048915723832
40,1330.4723851086642,,,mixed ring-site C-H in-plane bending / ring-site C-H out-of-plane bending,nu(C4-C5),bond,0.292610748950259,+,0.042395099230601266,0.33131294059860933
40,1330.4723851086642,,,mixed ring-site C-H in-plane bending / ring-site C-H out-of-plane bending,delta(C2-C1-H11),angle,0.25835489491571,-,-0.048568536636859096,0.2228876950441817
40,1330.4723851086642,,,mixed ring-site C-H in-plane bending / ring-site C-H out-of-plane bending,nu(C5-C6),bond,0.2458126932571385,-,-0.03749957111706879,0.35573872105608056
40,1330.4723851086642,,,mixed ring-site C-H in-plane bending / ring-site C-H out-of-plane bending,nu(C6-C9),bond,0.18972220931899544,-,-0.03655439324361562,0.2889471730639286
40,1330.4723851086642,,,mixed ring-site C-H in-plane bending / ring-site C-H out-of-plane bending,nu(C7-C9),bond,0.17548034266486576,+,0.03331427105803557,0.3217712809389961
40,1330.4723851086642,,,mixed ring-site C-H in-plane bending / ring-site C-H out-of-plane bending,tau(C2-C3-C4-H16),dihedral,0.16916626602798063,+,0.035408838558650645,0.27458059099928556
40,1330.4723851086642,,,mixed ring-site C-H in-plane bending / ring-site C-H out-of-plane bending,nu(C2-C3),bond,0.16793676318045284,-,-0.03419574344333519,0.2922678964184281
40,1330.4723851086642,,,mixed ring-site C-H in-plane bending / ring-site C-H out-of-plane bending,delta(C2-C1-H10),angle,0.11936606447163833,+,0.03321723065540844,0.22015749068391807
40,1330.4723851086642,,,mixed ring-site C-H in-plane bending / ring-site C-H out-of-plane bending,tau(C3-C4-O8-C7),dihedral,0.09965388563853733,+,0.01471836881408924,0.9361691167181562
40,1330.4723851086642,,,mixed ring-site C-H in-plane bending / ring-site C-H out-of-plane bending,tau(H11-C1-C2-C9),dihedral,0.08925282273340651,+,0.027275965485185908,0.24414123171457477
40,1330.4723851086642,,,mixed ring-site C-H in-plane bending / ring-site C-H out-of-plane bending,delta(C1-C2-C9),angle,0.06423102794650427,-,-0.020130417306584655,0.3225661213649848
40,1330.4723851086642,,,mixed ring-site C-H in-plane bending / ring-site C-H out-of-plane bending,tau(C1-C2-C9-C6),dihedral,0.06129102019969793,+,0.021147315567309144,0.2789110970433987
40,1330.4723851086642,,,mixed ring-site C-H in-plane bending / ring-site C-H out-of-plane bending,delta(C5-C4-O8),angle,0.05214001364346071,+,0.007494483697587503,1.8891530232339337
40,1330.4723851086642,,,mixed ring-site C-H in-plane bending / ring-site C-H out-of-plane bending,delta(H14-C3-H15),angle,0.04110114288972205,-,-0.019900501244385416,0.21120553881908632
40,1330.4723851086642,,,mixed ring-site C-H in-plane bending / ring-site C-H out-of-plane bending,"gamma(C2;C3,H14,H15)",oop,0.03449522026418225,+,0.015016554762969996,0.31131335337326066
40,1330.4723851086642,,,mixed ring-site C-H in-plane bending / ring-site C-H out-of-plane bending,delta(H11-C1-H12),angle,0.02883885388159402,-,-0.014598469112452023,0.27538659836850643
40,1330.4723851086642,,,mixed ring-site C-H in-plane bending / ring-site C-H out-of-plane bending,tau(H15-C3-C4-C5),dihedral,0.0171385978989464,+,0.012339645142658244,0.22906006726638234
40,1330.4723851086642,,,mixed ring-site C-H in-plane bending / ring-site C-H out-of-plane bending,delta(C4-C3-H15),angle,0.016499473873116618,-,-0.009467966056607253,0.37457272194762403
40,1330.4723851086642,,,mixed ring-site C-H in-plane bending / ring-site C-H out-of-plane bending,nu(C2-C9),bond,0.015366376460816733,+,0.009731488004339726,0.3302116574664156
40,1330.4723851086642,,,mixed ring-site C-H in-plane bending / ring-site C-H out-of-plane bending,nu(C7-O8),bond,0.010490701931354134,+,0.007823386939669271,0.34881436505138363
40,1330.4723851086642,,,mixed ring-site C-H in-plane bending / ring-site C-H out-of-plane bending,nu(C4-O8),bond,0.007168726941136095,-,-0.006640534412156094,0.3308380182485744
40,1330.4723851086642,,,mixed ring-site C-H in-plane bending / ring-site C-H out-of-plane bending,delta(H17-C5-H18),angle,0.0034932438895211946,+,0.004777794640173234,0.3114249374201952
40,1330.4723851086642,,,mixed ring-site C-H in-plane bending / ring-site C-H out-of-plane bending,nu(C4-H16),bond,0.003452356407895932,+,0.004555419033683183,0.33856214359648934
40,1330.4723851086642,,,mixed ring-site C-H in-plane bending / ring-site C-H out-of-plane bending,nu(C3-H14),bond,0.0020950504776947676,+,0.00359730428093904,0.32947280838759274
40,1330.4723851086642,,,mixed ring-site C-H in-plane bending / ring-site C-H out-of-plane bending,"gamma(C2;C9,C6,C7)",oop,0.0015378580648153731,-,-0.0019136204164127188,0.8546417378486717
40,1330.4723851086642,,,mixed ring-site C-H in-plane bending / ring-site C-H out-of-plane bending,nu(C1-H12),bond,0.0008630139815894588,-,-0.0022971284521585244,0.33283324968659134
40,1330.4723851086642,,,mixed ring-site C-H in-plane bending / ring-site C-H out-of-plane bending,nu(C1-C2),bond,0.0008366423117928426,-,-0.0024994037720232165,0.2725501455699407
40,1330.4723851086642,,,mixed ring-site C-H in-plane bending / ring-site C-H out-of-plane bending,nu(C3-H15),bond,0.0007846013498954543,+,0.0021948297364590345,0.33145671015102407
40,1330.4723851086642,,,mixed ring-site C-H in-plane bending / ring-site C-H out-of-plane bending,nu(C2-H13),bond,0.000475558194219949,+,0.001738853956438638,0.3200787845755846
40,1330.4723851086642,,,mixed ring-site C-H in-plane bending / ring-site C-H out-of-plane bending,nu(C1-H10),bond,0.0003778679475604982,-,-0.0015171811722975237,0.3340754800027871
40,1330.4723851086642,,,mixed ring-site C-H in-plane bending / ring-site C-H out-of-plane bending,nu(C6-H19),bond,0.00029559193734424616,-,-0.0013023129114551498,0.3546837789651513
40,1330.4723851086642,,,mixed ring-site C-H in-plane bending / ring-site C-H out-of-plane bending,nu(C1-H11),bond,0.0002134635819587586,+,0.0011422365860577796,0.3329592580761004
40,1330.4723851086642,,,mixed ring-site C-H in-plane bending / ring-site C-H out-of-plane bending,delta(C2-C1-H12),angle,5.515938999598335e-05,+,0.0006161029782811502,0.29572788270104006
40,1330.4723851086642,,,mixed ring-site C-H in-plane bending / ring-site C-H out-of-plane bending,"gamma(H20;C7,C6,O8)",oop,3.533313172294954e-05,+,0.0006949881045060215,0.14886987566679247
40,1330.4723851086642,,,mixed ring-site C-H in-plane bending / ring-site C-H out-of-plane bending,nu(C9-H21),bond,2.8495541044846082e-05,-,-0.00040886992328516676,0.346885393723776
40,1330.4723851086642,,,mixed ring-site C-H in-plane bending / ring-site C-H out-of-plane bending,nu(C7-H20),bond,1.810003273147205e-05,-,-0.00032005485781371054,0.3595919403531978
40,1330.4723851086642,,,mixed ring-site C-H in-plane bending / ring-site C-H out-of-plane bending,nu(C5-H18),bond,8.064138341741203e-06,+,0.00022218332587940515,0.33244092209661535
40,1330.4723851086642,,,mixed ring-site C-H in-plane bending / ring-site C-H out-of-plane bending,nu(C5-H17),bond,7.329270200527012e-08,+,2.1155976933086185e-05,0.33325294701181174
41,1350.424427253643,,,mixed C-H bending / C-C torsion / C-C out-of-plane bending,delta(C1-C2-H13),angle,24.030405330539963,+,0.3517690286224472,0.24742108678985417
41,1350.424427253643,,,mixed C-H bending / C-C torsion / C-C out-of-plane bending,"gamma(C2;C3,H14,H15)",oop,22.527889856637724,+,0.303638466037128,0.31131335337326066
41,1350.424427253643,,,mixed C-H bending / C-C torsion / C-C out-of-plane bending,tau(H11-C1-C2-H13),dihedral,22.29377992806688,+,0.2679043610577626,0.395744562160233
41,1350.424427253643,,,mixed C-H bending / C-C torsion / C-C out-of-plane bending,delta(C4-C3-H15),angle,7.198163187175925,-,-0.15647255607115215,0.37457272194762403
41,1350.424427253643,,,mixed C-H bending / C-C torsion / C-C out-of-plane bending,tau(H16-C4-O8-C7),dihedral,4.623927643921048,+,0.0954746171394181,0.646287850095482
41,1350.424427253643,,,mixed C-H bending / C-C torsion / C-C out-of-plane bending,tau(H10-C1-C2-H13),dihedral,2.8700797283009085,+,0.14450938671991878,0.17510262560992168
41,1350.424427253643,,,mixed C-H bending / C-C torsion / C-C out-of-plane bending,delta(C2-C1-H12),angle,2.720568296045057,-,-0.108262757824374,0.29572788270104006
41,1350.424427253643,,,mixed C-H bending / C-C torsion / C-C out-of-plane bending,"gamma(H16;C4,C5,O8)",oop,2.1200563900371843,-,-0.0715668793808625,0.5273683528647449
41,1350.424427253643,,,mixed C-H bending / C-C torsion / C-C out-of-plane bending,nu(C3-C4),bond,1.3405435250661428,+,0.07164637660380577,0.3327233416142365
41,1350.424427253643,,,mixed C-H bending / C-C torsion / C-C out-of-plane bending,tau(C3-C4-O8-C7),dihedral,0.9823458954241671,-,-0.036563727941496836,0.9361691167181562
41,1350.424427253643,,,mixed C-H bending / C-C torsion / C-C out-of-plane bending,nu(C1-C2),bond,0.8608739906586755,-,-0.063436905657962,0.2725501455699407
41,1350.424427253643,,,mixed C-H bending / C-C torsion / C-C out-of-plane bending,"gamma(C2;C9,C6,C7)",oop,0.8016009166369912,+,0.03456865320713309,0.8546417378486717
41,1350.424427253643,,,mixed C-H bending / C-C torsion / C-C out-of-plane bending,"gamma(H20;C7,C6,C9)",oop,0.7761911018905314,-,-0.06563703555612574,0.2295416801376045
41,1350.424427253643,,,mixed C-H bending / C-C torsion / C-C out-of-plane bending,delta(C6-C5-H18),angle,0.6752192119957707,+,0.03101069850857091,0.8945662439133465
41,1350.424427253643,,,mixed C-H bending / C-C torsion / C-C out-of-plane bending,delta(C2-C1-H10),angle,0.6151342147929684,+,0.05966417160253558,0.22015749068391807
41,1350.424427253643,,,mixed C-H bending / C-C torsion / C-C out-of-plane bending,tau(H11-C1-C2-C9),dihedral,0.5874920657061851,+,0.05537016830978536,0.24414123171457477
41,1350.424427253643,,,mixed C-H bending / C-C torsion / C-C out-of-plane bending,nu(C7-C9),bond,0.4882839148975178,+,0.043970152890944324,0.3217712809389961
41,1350.424427253643,,,mixed C-H bending / C-C torsion / C-C out-of-plane bending,delta(C5-C4-O8),angle,0.4232586150640924,-,-0.016895254609454447,1.8891530232339337
41,1350.424427253643,,,mixed C-H bending / C-C torsion / C-C out-of-plane bending,delta(C1-C2-C9),angle,0.41155165151693957,+,0.040317927984482305,0.3225661213649848
41,1350.424427253643,,,mixed C-H bending / C-C torsion / C-C out-of-plane bending,nu(C2-C9),bond,0.352704649634518,-,-0.03688967239068685,0.3302116574664156
41,1350.424427253643,,,mixed C-H bending / C-C torsion / C-C out-of-plane bending,nu(C6-C7),bond,0.33137084263537686,+,0.03464388261045162,0.351764483756105
41,1350.424427253643,,,mixed C-H bending / C-C torsion / C-C out-of-plane bending,tau(H15-C3-C4-C5),dihedral,0.31637152193232554,+,0.041948786919306404,0.22906006726638234
41,1350.424427253643,,,mixed C-H bending / C-C torsion / C-C out-of-plane bending,delta(H17-C5-H18),angle,0.2801989857476814,-,-0.033857274373502534,0.3114249374201952
41,1350.424427253643,,,mixed C-H bending / C-C torsion / C-C out-of-plane bending,nu(C4-C5),bond,0.27547429207929697,+,0.03254743323025401,0.33131294059860933
41,1350.424427253643,,,mixed C-H bending / C-C torsion / C-C out-of-plane bending,tau(C1-C2-C9-C6),dihedral,0.26383027519641333,+,0.03471561191403201,0.2789110970433987
41,1350.424427253643,,,mixed C-H bending / C-C torsion / C-C out-of-plane bending,delta(C4-C5-H18),angle,0.22529635427122213,-,-0.028904853285555733,0.3435606678510062
41,1350.424427253643,,,mixed C-H bending / C-C torsion / C-C out-of-plane bending,delta(C2-C9-H21),angle,0.22201233737831427,-,-0.03498948423044848,0.2310430135999735
41,1350.424427253643,,,mixed C-H bending / C-C torsion / C-C out-of-plane bending,delta(C2-C1-H11),angle,0.18356044735706603,-,-0.03239230952255714,0.2228876950441817
41,1350.424427253643,,,mixed C-H bending / C-C torsion / C-C out-of-plane bending,tau(C3-C2-C9-H21),dihedral,0.16478323686861254,+,0.021103978095356458,0.4713843801432477
41,1350.424427253643,,,mixed C-H bending / C-C torsion / C-C out-of-plane bending,tau(C2-C3-C4-C5),dihedral,0.1445362863262155,+,0.016460976857534743,0.6796048915723832
41,1350.424427253643,,,mixed C-H bending / C-C torsion / C-C out-of-plane bending,delta(H14-C3-H15),angle,0.1281634670193017,-,-0.027805126703606034,0.21120553881908632
41,1350.424427253643,,,mixed C-H bending / C-C torsion / C-C out-of-plane bending,"gamma(C6;C9,C2,H21)",oop,0.11954627349617178,+,0.016753262432227946,0.5426603274850661
41,1350.424427253643,,,mixed C-H bending / C-C torsion / C-C out-of-plane bending,nu(C7-O8),bond,0.10451209105785125,-,-0.019538062477505887,0.34881436505138363
41,1350.424427253643,,,mixed C-H bending / C-C torsion / C-C out-of-plane bending,tau(C3-C4-C5-H18),dihedral,0.10200876852546602,-,-0.016412895900235938,0.4824561953511669
41,1350.424427253643,,,mixed C-H bending / C-C torsion / C-C out-of-plane bending,nu(C6-C9),bond,0.09423959600498283,+,0.020384632644783938,0.2889471730639286
41,1350.424427253643,,,mixed C-H bending / C-C torsion / C-C out-of-plane bending,delta(H11-C1-H12),angle,0.07670020120906833,-,-0.01883745627651839,0.27538659836850643
41,1350.424427253643,,,mixed C-H bending / C-C torsion / C-C out-of-plane bending,"gamma(H20;C7,C6,O8)",oop,0.06587027582644225,-,-0.02374306244058693,0.14886987566679247
41,1350.424427253643,,,mixed C-H bending / C-C torsion / C-C out-of-plane bending,delta(C5-C6-C7),angle,0.05002554535291451,-,-0.0070586858532730055,1.2791896492453412
41,1350.424427253643,,,mixed C-H bending / C-C torsion / C-C out-of-plane bending,delta(C6-C5-H17),angle,0.04443775981841741,+,0.013969202414501228,0.2901347508842103
41,1350.424427253643,,,mixed C-H bending / C-C torsion / C-C out-of-plane bending,nu(C2-C3),bond,0.03762385146202207,+,0.012806677558076069,0.2922678964184281
41,1350.424427253643,,,mixed C-H bending / C-C torsion / C-C out-of-plane bending,nu(C5-C6),bond,0.012090013362868648,-,-0.006580262626776957,0.35573872105608056
41,1350.424427253643,,,mixed C-H bending / C-C torsion / C-C out-of-plane bending,nu(C3-H14),bond,0.008619007116400942,+,0.005773168551582689,0.32947280838759274
41,1350.424427253643,,,mixed C-H bending / C-C torsion / C-C out-of-plane bending,nu(C1-H11),bond,0.008250778375130666,-,-0.005618848464574998,0.3329592580761004
41,1350.424427253643,,,mixed C-H bending / C-C torsion / C-C out-of-plane bending,tau(H19-C6-C7-O8),dihedral,0.008097817193892187,-,-0.00901398084530224,0.12697713378346867
41,1350.424427253643,,,mixed C-H bending / C-C torsion / C-C out-of-plane bending,delta(C7-C6-H19),angle,0.006523279088988718,+,0.0069858989072311235,0.17029903189686718
41,1350.424427253643,,,mixed C-H bending / C-C torsion / C-C out-of-plane bending,nu(C4-O8),bond,0.00644711215517793,-,-0.004982763951016299,0.3308380182485744
41,1350.424427253643,,,mixed C-H bending / C-C torsion / C-C out-of-plane bending,nu(C1-H10),bond,0.00463670840829601,-,-0.004205116173400955,0.3340754800027871
41,1350.424427253643,,,mixed C-H bending / C-C torsion / C-C out-of-plane bending,nu(C2-H13),bond,0.0041981091426884784,-,-0.00408783939262426,0.3200787845755846
41,1350.424427253643,,,mixed C-H bending / C-C torsion / C-C out-of-plane bending,nu(C4-H16),bond,0.003376497505415535,+,0.003564588693115702,0.33856214359648934
41,1350.424427253643,,,mixed C-H bending / C-C torsion / C-C out-of-plane bending,nu(C6-H19),bond,0.0016993280575811024,+,0.002470662121700588,0.3546837789651513
41,1350.424427253643,,,mixed C-H bending / C-C torsion / C-C out-of-plane bending,nu(C5-H17),bond,0.0013392002778438114,+,0.0022627218597375265,0.33325294701181174
41,1350.424427253643,,,mixed C-H bending / C-C torsion / C-C out-of-plane bending,nu(C5-H18),bond,0.001288622163858736,+,0.002222291195963449,0.33244092209661535
41,1350.424427253643,,,mixed C-H bending / C-C torsion / C-C out-of-plane bending,nu(C7-H20),bond,0.0012321037753422993,+,0.002089363848610418,0.3595919403531978
41,1350.424427253643,,,mixed C-H bending / C-C torsion / C-C out-of-plane bending,nu(C3-H15),bond,0.0007217576512740868,+,0.0016656267881840576,0.33145671015102407
41,1350.424427253643,,,mixed C-H bending / C-C torsion / C-C out-of-plane bending,nu(C9-H21),bond,0.0004475633767662033,+,0.001282122939786607,0.346885393723776
41,1350.424427253643,,,mixed C-H bending / C-C torsion / C-C out-of-plane bending,tau(C2-C3-C4-H16),dihedral,0.0003988786387448432,+,0.0013604446535951079,0.27458059099928556
41,1350.424427253643,,,mixed C-H bending / C-C torsion / C-C out-of-plane bending,nu(C1-H12),bond,7.001353969090285e-07,-,-5.1769392806528724e-05,0.33283324968659134
42,1361.7388164422832,,,mixed ring-site C-H out-of-plane bending / C-C torsion,"gamma(H16;C4,C5,O8)",oop,22.116628733036364,+,0.27180311781637706,0.5273683528647449
42,1361.7388164422832,,,mixed ring-site C-H out-of-plane bending / C-C torsion,tau(H16-C4-O8-C7),dihedral,21.38341501599067,-,-0.24142238685396553,0.646287850095482
42,1361.7388164422832,,,mixed ring-site C-H out-of-plane bending / C-C torsion,tau(H11-C1-C2-H13),dihedral,19.46502432559091,+,0.294355394935485,0.395744562160233
42,1361.7388164422832,,,mixed ring-site C-H out-of-plane bending / C-C torsion,nu(C2-C9),bond,6.170994222554572,-,-0.1814401398386038,0.3302116574664156
42,1361.7388164422832,,,mixed ring-site C-H out-of-plane bending / C-C torsion,tau(H10-C1-C2-H13),dihedral,4.553293389473594,+,0.21402696391921677,0.17510262560992168
42,1361.7388164422832,,,mixed ring-site C-H out-of-plane bending / C-C torsion,delta(C1-C2-H13),angle,4.107955225711968,-,-0.1710198409397582,0.24742108678985417
42,1361.7388164422832,,,mixed ring-site C-H out-of-plane bending / C-C torsion,nu(C3-C4),bond,3.5513114590615715,+,0.13712124549861024,0.3327233416142365
42,1361.7388164422832,,,mixed ring-site C-H out-of-plane bending / C-C torsion,"gamma(C2;C3,H14,H15)",oop,3.329042442575187,+,0.13725013927835483,0.31131335337326066
42,1361.7388164422832,,,mixed ring-site C-H out-of-plane bending / C-C torsion,delta(C4-C5-H18),angle,1.6050568970643817,-,-0.0907184245514273,0.3435606678510062
42,1361.7388164422832,,,mixed ring-site C-H out-of-plane bending / C-C torsion,delta(C5-C4-O8),angle,1.52920922521409,+,0.03776173049993699,1.8891530232339337
42,1361.7388164422832,,,mixed ring-site C-H out-of-plane bending / C-C torsion,"gamma(H20;C7,C6,C9)",oop,1.4776429432430103,+,0.1064893010533913,0.2295416801376045
42,1361.7388164422832,,,mixed ring-site C-H out-of-plane bending / C-C torsion,nu(C4-C5),bond,1.12716173288325,-,-0.07741514312401444,0.33131294059860933
42,1361.7388164422832,,,mixed ring-site C-H out-of-plane bending / C-C torsion,delta(C2-C1-H11),angle,0.9925046354237241,+,0.08856767170051222,0.2228876950441817
42,1361.7388164422832,,,mixed ring-site C-H out-of-plane bending / C-C torsion,tau(C2-C3-C4-H16),dihedral,0.9130259154250372,+,0.07653474459203886,0.27458059099928556
42,1361.7388164422832,,,mixed ring-site C-H out-of-plane bending / C-C torsion,nu(C6-C9),bond,0.8267153058564035,+,0.0709938562348594,0.2889471730639286
42,1361.7388164422832,,,mixed ring-site C-H out-of-plane bending / C-C torsion,tau(C3-C4-O8-C7),dihedral,0.80689678560767,+,0.03896582181457609,0.9361691167181562
42,1361.7388164422832,,,mixed ring-site C-H out-of-plane bending / C-C torsion,delta(C2-C9-H21),angle,0.6626586571460896,+,0.07108050756235426,0.2310430135999735
42,1361.7388164422832,,,mixed ring-site C-H out-of-plane bending / C-C torsion,nu(C1-C2),bond,0.5929796925394003,+,0.061908275086830764,0.2725501455699407
42,1361.7388164422832,,,mixed ring-site C-H out-of-plane bending / C-C torsion,delta(C7-C6-H19),angle,0.489535105021989,-,-0.07116031034584572,0.17029903189686718
42,1361.7388164422832,,,mixed ring-site C-H out-of-plane bending / C-C torsion,delta(H11-C1-H12),angle,0.46991262966451364,+,0.05482632807862221,0.27538659836850643
42,1361.7388164422832,,,mixed ring-site C-H out-of-plane bending / C-C torsion,nu(C5-C6),bond,0.4516829092855437,-,-0.04729369670837029,0.35573872105608056
42,1361.7388164422832,,,mixed ring-site C-H out-of-plane bending / C-C torsion,nu(C2-C3),bond,0.43179768682846975,+,0.05101543585236093,0.2922678964184281
42,1361.7388164422832,,,mixed ring-site C-H out-of-plane bending / C-C torsion,delta(C2-C1-H10),angle,0.36208263847620753,-,-0.05382562978052227,0.22015749068391807
42,1361.7388164422832,,,mixed ring-site C-H out-of-plane bending / C-C torsion,delta(C2-C1-H12),angle,0.3095342112333348,-,-0.0429398174508033,0.29572788270104006
42,1361.7388164422832,,,mixed ring-site C-H out-of-plane bending / C-C torsion,delta(C1-C2-C9),angle,0.30622109464650427,+,0.04089405519388609,0.3225661213649848
42,1361.7388164422832,,,mixed ring-site C-H out-of-plane bending / C-C torsion,"gamma(C2;C9,C6,C7)",oop,0.25733173453816405,+,0.023030672891272634,0.8546417378486717
42,1361.7388164422832,,,mixed ring-site C-H out-of-plane bending / C-C torsion,nu(C6-C7),bond,0.25099910930951397,+,0.03545374351755524,0.351764483756105
42,1361.7388164422832,,,mixed ring-site C-H out-of-plane bending / C-C torsion,nu(C7-O8),bond,0.24182146240366972,+,0.03494638387561089,0.34881436505138363
42,1361.7388164422832,,,mixed ring-site C-H out-of-plane bending / C-C torsion,delta(H14-C3-H15),angle,0.2307547252977265,+,0.043870708931590785,0.21120553881908632
42,1361.7388164422832,,,mixed ring-site C-H out-of-plane bending / C-C torsion,tau(H15-C3-C4-C5),dihedral,0.18254406143825613,-,-0.03746805638245893,0.22906006726638234
42,1361.7388164422832,,,mixed ring-site C-H out-of-plane bending / C-C torsion,delta(C6-C5-H18),angle,0.1811489534168644,+,0.018887029736361995,0.8945662439133465
42,1361.7388164422832,,,mixed ring-site C-H out-of-plane bending / C-C torsion,"gamma(C6;C9,C2,H21)",oop,0.14348852294380768,-,-0.02158224154580601,0.5426603274850661
42,1361.7388164422832,,,mixed ring-site C-H out-of-plane bending / C-C torsion,"gamma(H20;C7,C6,O8)",oop,0.13897262289483958,+,0.040552087645691834,0.14886987566679247
42,1361.7388164422832,,,mixed ring-site C-H out-of-plane bending / C-C torsion,tau(C3-C4-C5-H18),dihedral,0.07199211343319334,-,-0.01621307980014123,0.4824561953511669
42,1361.7388164422832,,,mixed ring-site C-H out-of-plane bending / C-C torsion,nu(C7-C9),bond,0.06534074816597175,+,0.018913435135152253,0.3217712809389961
42,1361.7388164422832,,,mixed ring-site C-H out-of-plane bending / C-C torsion,delta(C5-C6-C7),angle,0.04013191925476173,+,0.007434118836981393,1.2791896492453412
42,1361.7388164422832,,,mixed ring-site C-H out-of-plane bending / C-C torsion,tau(H11-C1-C2-C9),dihedral,0.037601022597100686,-,-0.016471428485027195,0.24414123171457477
42,1361.7388164422832,,,mixed ring-site C-H out-of-plane bending / C-C torsion,tau(C1-C2-C9-C6),dihedral,0.02716068319497902,-,-0.013097531468821281,0.2789110970433987
42,1361.7388164422832,,,mixed ring-site C-H out-of-plane bending / C-C torsion,tau(H19-C6-C7-O8),dihedral,0.02553574813368737,+,0.018821903211846732,0.12697713378346867
42,1361.7388164422832,,,mixed ring-site C-H out-of-plane bending / C-C torsion,delta(C4-C3-H15),angle,0.017682944255008902,+,0.00911929401509845,0.37457272194762403
42,1361.7388164422832,,,mixed ring-site C-H out-of-plane bending / C-C torsion,nu(C4-O8),bond,0.015066242983129266,-,-0.008956674280092522,0.3308380182485744
42,1361.7388164422832,,,mixed ring-site C-H out-of-plane bending / C-C torsion,tau(C2-C3-C4-C5),dihedral,0.010552142171802583,-,-0.0052299082683242275,0.6796048915723832
42,1361.7388164422832,,,mixed ring-site C-H out-of-plane bending / C-C torsion,nu(C1-H11),bond,0.007048082037697996,-,-0.006106493937235591,0.3329592580761004
42,1361.7388164422832,,,mixed ring-site C-H out-of-plane bending / C-C torsion,tau(C3-C2-C9-H21),dihedral,0.004684870800631071,-,-0.004184207542352966,0.4713843801432477
42,1361.7388164422832,,,mixed ring-site C-H out-of-plane bending / C-C torsion,nu(C7-H20),bond,0.003933983461966314,+,0.0043899875936839845,0.3595919403531978
42,1361.7388164422832,,,mixed ring-site C-H out-of-plane bending / C-C torsion,nu(C1-H12),bond,0.0036848492575666915,+,0.004416197758389462,0.33283324968659134
42,1361.7388164422832,,,mixed ring-site C-H out-of-plane bending / C-C torsion,nu(C3-H14),bond,0.00214086024353662,+,0.0033832677758660703,0.32947280838759274
42,1361.7388164422832,,,mixed ring-site C-H out-of-plane bending / C-C torsion,nu(C1-H10),bond,0.001684868765119671,+,0.0029806620739695343,0.3340754800027871
42,1361.7388164422832,,,mixed ring-site C-H out-of-plane bending / C-C torsion,delta(H17-C5-H18),angle,0.0016187895834971178,+,0.0030260110544069936,0.3114249374201952
42,1361.7388164422832,,,mixed ring-site C-H out-of-plane bending / C-C torsion,nu(C4-H16),bond,0.001483316124331145,+,0.002778111444508865,0.33856214359648934
42,1361.7388164422832,,,mixed ring-site C-H out-of-plane bending / C-C torsion,nu(C9-H21),bond,0.0013522117334140301,-,-0.002620482995616492,0.346885393723776
42,1361.7388164422832,,,mixed ring-site C-H out-of-plane bending / C-C torsion,nu(C5-H17),bond,0.0009944684283194392,-,-0.002292770067243133,0.33325294701181174
42,1361.7388164422832,,,mixed ring-site C-H out-of-plane bending / C-C torsion,delta(C6-C5-H17),angle,0.0004529486707577234,+,0.0016583516322009498,0.2901347508842103
42,1361.7388164422832,,,mixed ring-site C-H out-of-plane bending / C-C torsion,nu(C2-H13),bond,0.0003030069372272543,-,-0.0012913674747120141,0.3200787845755846
42,1361.7388164422832,,,mixed ring-site C-H out-of-plane bending / C-C torsion,nu(C6-H19),bond,0.0001520955965987199,-,-0.000869139843389158,0.3546837789651513
42,1361.7388164422832,,,mixed ring-site C-H out-of-plane bending / C-C torsion,nu(C3-H15),bond,4.8013856011020235e-05,-,-0.0005051517800505317,0.33145671015102407
42,1361.7388164422832,,,mixed ring-site C-H out-of-plane bending / C-C torsion,nu(C5-H18),bond,9.99851643084067e-06,+,0.00023017732878866516,0.33244092209661535
43,1368.064256664513,,,mixed ring-site C-H out-of-plane bending / ring-site C-H in-plane bending,tau(C2-C3-C4-H16),dihedral,26.027354161731758,-,-0.3247800820331051,0.27458059099928556
43,1368.064256664513,,,mixed ring-site C-H out-of-plane bending / ring-site C-H in-plane bending,delta(C4-C3-H15),angle,12.176430679072787,-,-0.1901959307306538,0.37457272194762403
43,1368.064256664513,,,mixed ring-site C-H out-of-plane bending / ring-site C-H in-plane bending,"gamma(H20;C7,C6,C9)",oop,6.833183014799116,-,-0.18200781765025978,0.2295416801376045
43,1368.064256664513,,,mixed ring-site C-H out-of-plane bending / ring-site C-H in-plane bending,"gamma(C2;C3,H14,H15)",oop,4.321345801396651,+,0.12428534712009878,0.31131335337326066
43,1368.064256664513,,,mixed ring-site C-H out-of-plane bending / ring-site C-H in-plane bending,"gamma(H16;C4,C5,O8)",oop,3.6986654812969024,+,0.08834353818997852,0.5273683528647449
43,1368.064256664513,,,mixed ring-site C-H out-of-plane bending / ring-site C-H in-plane bending,delta(C7-C6-H19),angle,3.5481388098545765,+,0.15226619858044438,0.17029903189686718
43,1368.064256664513,,,mixed ring-site C-H out-of-plane bending / ring-site C-H in-plane bending,delta(C1-C2-H13),angle,3.4126510945376736,-,-0.12389017983343004,0.24742108678985417
43,1368.064256664513,,,mixed ring-site C-H out-of-plane bending / ring-site C-H in-plane bending,delta(C6-C5-H18),angle,3.3995440663314844,+,0.06502994376759202,0.8945662439133465
43,1368.064256664513,,,mixed ring-site C-H out-of-plane bending / ring-site C-H in-plane bending,nu(C4-C5),bond,3.381987823154427,+,0.10658009776614652,0.33131294059860933
43,1368.064256664513,,,mixed ring-site C-H out-of-plane bending / ring-site C-H in-plane bending,tau(H16-C4-O8-C7),dihedral,3.250978015171474,+,0.07481752106818577,0.646287850095482
43,1368.064256664513,,,mixed ring-site C-H out-of-plane bending / ring-site C-H in-plane bending,"gamma(C6;C9,C2,H21)",oop,3.10766900457636,-,-0.07982935786248616,0.5426603274850661
43,1368.064256664513,,,mixed ring-site C-H out-of-plane bending / ring-site C-H in-plane bending,nu(C4-O8),bond,2.7749442626847323,-,-0.09661147682252649,0.3308380182485744
43,1368.064256664513,,,mixed ring-site C-H out-of-plane bending / ring-site C-H in-plane bending,nu(C5-C6),bond,2.4076572636824096,+,0.08678427833369678,0.35573872105608056
43,1368.064256664513,,,mixed ring-site C-H out-of-plane bending / ring-site C-H in-plane bending,nu(C7-O8),bond,2.323073729692001,-,-0.08608819654157022,0.34881436505138363
43,1368.064256664513,,,mixed ring-site C-H out-of-plane bending / ring-site C-H in-plane bending,tau(H15-C3-C4-C5),dihedral,2.2285526660592594,+,0.10405095079979158,0.22906006726638234
43,1368.064256664513,,,mixed ring-site C-H out-of-plane bending / ring-site C-H in-plane bending,tau(C3-C2-C9-H21),dihedral,2.0192378039993595,+,0.06904232924017831,0.4713843801432477
43,1368.064256664513,,,mixed ring-site C-H out-of-plane bending / ring-site C-H in-plane bending,tau(H19-C6-C7-O8),dihedral,1.9239765573828813,-,-0.12985133598838436,0.12697713378346867
43,1368.064256664513,,,mixed ring-site C-H out-of-plane bending / ring-site C-H in-plane bending,tau(C2-C3-C4-C5),dihedral,1.7101518808534268,+,0.052917386524577954,0.6796048915723832
43,1368.064256664513,,,mixed ring-site C-H out-of-plane bending / ring-site C-H in-plane bending,nu(C6-C9),bond,1.6907156672994343,-,-0.08069290630750887,0.2889471730639286
43,1368.064256664513,,,mixed ring-site C-H out-of-plane bending / ring-site C-H in-plane bending,tau(C3-C4-O8-C7),dihedral,1.5857530203541768,-,-0.043416010403466425,0.9361691167181562
43,1368.064256664513,,,mixed ring-site C-H out-of-plane bending / ring-site C-H in-plane bending,delta(C4-C5-H18),angle,1.4341877251935609,-,-0.06815701714164989,0.3435606678510062
43,1368.064256664513,,,mixed ring-site C-H out-of-plane bending / ring-site C-H in-plane bending,delta(C2-C9-H21),angle,1.392613868528333,-,-0.08189893072899322,0.2310430135999735
43,1368.064256664513,,,mixed ring-site C-H out-of-plane bending / ring-site C-H in-plane bending,tau(H11-C1-C2-H13),dihedral,1.2708245850323792,+,0.05977844587506226,0.395744562160233
43,1368.064256664513,,,mixed ring-site C-H out-of-plane bending / ring-site C-H in-plane bending,tau(C3-C4-C5-H18),dihedral,1.195246945770508,-,-0.05250602868914973,0.4824561953511669
43,1368.064256664513,,,mixed ring-site C-H out-of-plane bending / ring-site C-H in-plane bending,nu(C3-C4),bond,0.7638307235406508,+,0.05054360575143375,0.3327233416142365
43,1368.064256664513,,,mixed ring-site C-H out-of-plane bending / ring-site C-H in-plane bending,tau(H10-C1-C2-H13),dihedral,0.43143035569756827,+,0.052362251759597814,0.17510262560992168
43,1368.064256664513,,,mixed ring-site C-H out-of-plane bending / ring-site C-H in-plane bending,delta(C2-C1-H11),angle,0.3246088244579995,+,0.04025746355836122,0.2228876950441817
43,1368.064256664513,,,mixed ring-site C-H out-of-plane bending / ring-site C-H in-plane bending,delta(C5-C6-C7),angle,0.22012295492132686,-,-0.013838037170065775,1.2791896492453412
43,1368.064256664513,,,mixed ring-site C-H out-of-plane bending / ring-site C-H in-plane bending,nu(C1-C2),bond,0.20908776271344817,+,0.02921799380667712,0.2725501455699407
43,1368.064256664513,,,mixed ring-site C-H out-of-plane bending / ring-site C-H in-plane bending,tau(H11-C1-C2-C9),dihedral,0.16452009719485855,-,-0.02738408329297108,0.24414123171457477
43,1368.064256664513,,,mixed ring-site C-H out-of-plane bending / ring-site C-H in-plane bending,nu(C7-C9),bond,0.15978837310374092,-,-0.02350759727147405,0.3217712809389961
43,1368.064256664513,,,mixed ring-site C-H out-of-plane bending / ring-site C-H in-plane bending,"gamma(H20;C7,C6,O8)",oop,0.1585602177139019,-,-0.03442730269114287,0.14886987566679247
43,1368.064256664513,,,mixed ring-site C-H out-of-plane bending / ring-site C-H in-plane bending,nu(C6-C7),bond,0.12760638421847328,-,-0.020091830298661524,0.351764483756105
43,1368.064256664513,,,mixed ring-site C-H out-of-plane bending / ring-site C-H in-plane bending,delta(C6-C5-H17),angle,0.12072332562230484,-,-0.021518154162679,0.2901347508842103
43,1368.064256664513,,,mixed ring-site C-H out-of-plane bending / ring-site C-H in-plane bending,tau(C1-C2-C9-C6),dihedral,0.05207878036674191,-,-0.014414739541451106,0.2789110970433987
43,1368.064256664513,,,mixed ring-site C-H out-of-plane bending / ring-site C-H in-plane bending,delta(H11-C1-H12),angle,0.034392417359912816,+,0.011788790353204901,0.27538659836850643
43,1368.064256664513,,,mixed ring-site C-H out-of-plane bending / ring-site C-H in-plane bending,nu(C2-C3),bond,0.02313272459033016,-,-0.009384953622783998,0.2922678964184281
43,1368.064256664513,,,mixed ring-site C-H out-of-plane bending / ring-site C-H in-plane bending,delta(C2-C1-H10),angle,0.02066820960273978,-,-0.010221014146325522,0.22015749068391807
43,1368.064256664513,,,mixed ring-site C-H out-of-plane bending / ring-site C-H in-plane bending,nu(C3-H15),bond,0.01495568167214943,+,0.007085964833595576,0.33145671015102407
43,1368.064256664513,,,mixed ring-site C-H out-of-plane bending / ring-site C-H in-plane bending,nu(C7-H20),bond,0.011572852274389402,-,-0.005984453877310808,0.3595919403531978
43,1368.064256664513,,,mixed ring-site C-H out-of-plane bending / ring-site C-H in-plane bending,delta(C5-C4-O8),angle,0.007518009321790999,+,0.002104394486003767,1.8891530232339337
43,1368.064256664513,,,mixed ring-site C-H out-of-plane bending / ring-site C-H in-plane bending,delta(C1-C2-C9),angle,0.007281137567196291,+,0.005011866984380665,0.3225661213649848
43,1368.064256664513,,,mixed ring-site C-H out-of-plane bending / ring-site C-H in-plane bending,delta(H14-C3-H15),angle,0.007136912198264162,-,-0.006132136581359436,0.21120553881908632
43,1368.064256664513,,,mixed ring-site C-H out-of-plane bending / ring-site C-H in-plane bending,nu(C5-H18),bond,0.006332150463501184,+,0.0046039189334641135,0.33244092209661535
43,1368.064256664513,,,mixed ring-site C-H out-of-plane bending / ring-site C-H in-plane bending,nu(C4-H16),bond,0.005827211614144941,+,0.004376435084997387,0.33856214359648934
43,1368.064256664513,,,mixed ring-site C-H out-of-plane bending / ring-site C-H in-plane bending,nu(C2-C9),bond,0.00365671004891747,+,0.0035104141470984882,0.3302116574664156
43,1368.064256664513,,,mixed ring-site C-H out-of-plane bending / ring-site C-H in-plane bending,nu(C3-H14),bond,0.0031184253798436845,-,-0.003245392164862288,0.32947280838759274
43,1368.064256664513,,,mixed ring-site C-H out-of-plane bending / ring-site C-H in-plane bending,nu(C1-H12),bond,0.002344815907106459,+,0.0027999502656287493,0.33283324968659134
43,1368.064256664513,,,mixed ring-site C-H out-of-plane bending / ring-site C-H in-plane bending,nu(C6-H19),bond,0.0016008023286983454,+,0.0022410806419405635,0.3546837789651513
43,1368.064256664513,,,mixed ring-site C-H out-of-plane bending / ring-site C-H in-plane bending,nu(C9-H21),bond,0.0009162553772746346,-,-0.00171444894053899,0.346885393723776
43,1368.064256664513,,,mixed ring-site C-H out-of-plane bending / ring-site C-H in-plane bending,delta(H17-C5-H18),angle,0.000906687281472659,+,0.001799953820379188,0.3114249374201952
43,1368.064256664513,,,mixed ring-site C-H out-of-plane bending / ring-site C-H in-plane bending,delta(C2-C1-H12),angle,0.0007608566987799974,+,0.0016920554511334447,0.29572788270104006
43,1368.064256664513,,,mixed ring-site C-H out-of-plane bending / ring-site C-H in-plane bending,nu(C1-H10),bond,0.00029408915709443087,+,0.0009897522548032362,0.3340754800027871
43,1368.064256664513,,,mixed ring-site C-H out-of-plane bending / ring-site C-H in-plane bending,nu(C1-H11),bond,0.0001688146530344123,-,-0.0007511364144641884,0.3329592580761004
43,1368.064256664513,,,mixed ring-site C-H out-of-plane bending / ring-site C-H in-plane bending,nu(C5-H17),bond,9.22168539847172e-05,+,0.0005549162538112838,0.33325294701181174
43,1368.064256664513,,,mixed ring-site C-H out-of-plane bending / ring-site C-H in-plane bending,nu(C2-H13),bond,5.8273961101340355e-05,+,0.0004501094378679235,0.3200787845755846
43,1368.064256664513,,,mixed ring-site C-H out-of-plane bending / ring-site C-H in-plane bending,"gamma(C2;C9,C6,C7)",oop,2.3017681554086548e-05,-,-0.00017312031493914166,0.8546417378486717
44,1390.1974308791112,,,mixed ring-site C-H out-of-plane bending / C-C out-of-plane bending / ring-site C-H in-plane bending,"gamma(C2;C3,H14,H15)",oop,23.20378924918714,+,0.3599098071480961,0.31131335337326066
44,1390.1974308791112,,,mixed ring-site C-H out-of-plane bending / C-C out-of-plane bending / ring-site C-H in-plane bending,"gamma(H16;C4,C5,O8)",oop,18.559760618920773,-,-0.2473103274735162,0.5273683528647449
44,1390.1974308791112,,,mixed ring-site C-H out-of-plane bending / C-C out-of-plane bending / ring-site C-H in-plane bending,tau(H16-C4-O8-C7),dihedral,12.45759925197482,+,0.18302789365942249,0.646287850095482
44,1390.1974308791112,,,mixed ring-site C-H out-of-plane bending / C-C out-of-plane bending / ring-site C-H in-plane bending,delta(C4-C3-H15),angle,10.542417387225164,-,-0.22116435302590598,0.37457272194762403
44,1390.1974308791112,,,mixed ring-site C-H out-of-plane bending / C-C out-of-plane bending / ring-site C-H in-plane bending,delta(C1-C2-H13),angle,5.410954298459082,-,-0.19495378767458935,0.24742108678985417
44,1390.1974308791112,,,mixed ring-site C-H out-of-plane bending / C-C out-of-plane bending / ring-site C-H in-plane bending,"gamma(H20;C7,C6,C9)",oop,2.9450426272292245,+,0.1493234839194418,0.2295416801376045
44,1390.1974308791112,,,mixed ring-site C-H out-of-plane bending / C-C out-of-plane bending / ring-site C-H in-plane bending,delta(H11-C1-H12),angle,2.5937324366454995,+,0.12793939283342542,0.27538659836850643
44,1390.1974308791112,,,mixed ring-site C-H out-of-plane bending / C-C out-of-plane bending / ring-site C-H in-plane bending,nu(C2-C3),bond,2.5793349415794777,-,-0.12384441138369912,0.2922678964184281
44,1390.1974308791112,,,mixed ring-site C-H out-of-plane bending / C-C out-of-plane bending / ring-site C-H in-plane bending,tau(H11-C1-C2-H13),dihedral,2.2505360352394703,-,-0.09941424235888813,0.395744562160233
44,1390.1974308791112,,,mixed ring-site C-H out-of-plane bending / C-C out-of-plane bending / ring-site C-H in-plane bending,delta(C2-C9-H21),angle,2.1264572893540796,+,0.1264721819582648,0.2310430135999735
44,1390.1974308791112,,,mixed ring-site C-H out-of-plane bending / C-C out-of-plane bending / ring-site C-H in-plane bending,nu(C1-C2),bond,1.764155360096393,+,0.10606163179936957,0.2725501455699407
44,1390.1974308791112,,,mixed ring-site C-H out-of-plane bending / C-C out-of-plane bending / ring-site C-H in-plane bending,delta(C6-C5-H18),angle,1.6981996613013246,+,0.057438252881380304,0.8945662439133465
44,1390.1974308791112,,,mixed ring-site C-H out-of-plane bending / C-C out-of-plane bending / ring-site C-H in-plane bending,delta(C2-C1-H10),angle,1.5198497120511263,-,-0.10953343033518437,0.22015749068391807
44,1390.1974308791112,,,mixed ring-site C-H out-of-plane bending / C-C out-of-plane bending / ring-site C-H in-plane bending,delta(C5-C4-O8),angle,1.3359633665988873,-,-0.0350571660308089,1.8891530232339337
44,1390.1974308791112,,,mixed ring-site C-H out-of-plane bending / C-C out-of-plane bending / ring-site C-H in-plane bending,tau(H15-C3-C4-C5),dihedral,1.229290595450478,+,0.09657521576410459,0.22906006726638234
44,1390.1974308791112,,,mixed ring-site C-H out-of-plane bending / C-C out-of-plane bending / ring-site C-H in-plane bending,nu(C7-O8),bond,0.9422272216975638,+,0.06851627473451724,0.34881436505138363
44,1390.1974308791112,,,mixed ring-site C-H out-of-plane bending / C-C out-of-plane bending / ring-site C-H in-plane bending,nu(C6-C7),bond,0.8982834438694399,-,-0.06661833942838678,0.351764483756105
44,1390.1974308791112,,,mixed ring-site C-H out-of-plane bending / C-C out-of-plane bending / ring-site C-H in-plane bending,tau(C3-C4-O8-C7),dihedral,0.8886728695177291,-,-0.040616912307265315,0.9361691167181562
44,1390.1974308791112,,,mixed ring-site C-H out-of-plane bending / C-C out-of-plane bending / ring-site C-H in-plane bending,nu(C4-C5),bond,0.8593042505337417,+,0.06713784235126558,0.33131294059860933
44,1390.1974308791112,,,mixed ring-site C-H out-of-plane bending / C-C out-of-plane bending / ring-site C-H in-plane bending,tau(C2-C3-C4-C5),dihedral,0.7906506235160061,-,-0.044965265318843636,0.6796048915723832
44,1390.1974308791112,,,mixed ring-site C-H out-of-plane bending / C-C out-of-plane bending / ring-site C-H in-plane bending,delta(C6-C5-H17),angle,0.7287969453970966,+,0.06607185447989031,0.2901347508842103
44,1390.1974308791112,,,mixed ring-site C-H out-of-plane bending / C-C out-of-plane bending / ring-site C-H in-plane bending,nu(C2-C9),bond,0.5828083878738768,-,-0.05538342321891046,0.3302116574664156
44,1390.1974308791112,,,mixed ring-site C-H out-of-plane bending / C-C out-of-plane bending / ring-site C-H in-plane bending,tau(H19-C6-C7-O8),dihedral,0.5635238791042612,-,-0.08782264272623885,0.12697713378346867
44,1390.1974308791112,,,mixed ring-site C-H out-of-plane bending / C-C out-of-plane bending / ring-site C-H in-plane bending,delta(C5-C6-C7),angle,0.42585622319909977,+,0.024053436374888257,1.2791896492453412
44,1390.1974308791112,,,mixed ring-site C-H out-of-plane bending / C-C out-of-plane bending / ring-site C-H in-plane bending,nu(C4-O8),bond,0.4095195359115923,+,0.046381277490630944,0.3308380182485744
44,1390.1974308791112,,,mixed ring-site C-H out-of-plane bending / C-C out-of-plane bending / ring-site C-H in-plane bending,tau(C2-C3-C4-H16),dihedral,0.35842151137494216,+,0.04762941146706253,0.27458059099928556
44,1390.1974308791112,,,mixed ring-site C-H out-of-plane bending / C-C out-of-plane bending / ring-site C-H in-plane bending,"gamma(H20;C7,C6,O8)",oop,0.35339839597122863,+,0.06423059922111467,0.14886987566679247
44,1390.1974308791112,,,mixed ring-site C-H out-of-plane bending / C-C out-of-plane bending / ring-site C-H in-plane bending,delta(C2-C1-H12),angle,0.3467870115433142,-,-0.04514382712178296,0.29572788270104006
44,1390.1974308791112,,,mixed ring-site C-H out-of-plane bending / C-C out-of-plane bending / ring-site C-H in-plane bending,delta(C2-C1-H11),angle,0.3125954836984082,-,-0.04936980394224181,0.2228876950441817
44,1390.1974308791112,,,mixed ring-site C-H out-of-plane bending / C-C out-of-plane bending / ring-site C-H in-plane bending,nu(C7-C9),bond,0.2552117342478417,-,-0.03712699325741691,0.3217712809389961
44,1390.1974308791112,,,mixed ring-site C-H out-of-plane bending / C-C out-of-plane bending / ring-site C-H in-plane bending,tau(H11-C1-C2-C9),dihedral,0.22371926998139727,-,-0.039906554302005987,0.24414123171457477
44,1390.1974308791112,,,mixed ring-site C-H out-of-plane bending / C-C out-of-plane bending / ring-site C-H in-plane bending,delta(H14-C3-H15),angle,0.13772407677999193,+,0.033663974003479966,0.21120553881908632
44,1390.1974308791112,,,mixed ring-site C-H out-of-plane bending / C-C out-of-plane bending / ring-site C-H in-plane bending,delta(C7-C6-H19),angle,0.11693643406429047,+,0.03454474036869052,0.17029903189686718
44,1390.1974308791112,,,mixed ring-site C-H out-of-plane bending / C-C out-of-plane bending / ring-site C-H in-plane bending,tau(C3-C2-C9-H21),dihedral,0.11453065629235715,-,-0.020548795986544362,0.4713843801432477
44,1390.1974308791112,,,mixed ring-site C-H out-of-plane bending / C-C out-of-plane bending / ring-site C-H in-plane bending,tau(H10-C1-C2-H13),dihedral,0.10382877079204715,-,-0.032101522217408224,0.17510262560992168
44,1390.1974308791112,,,mixed ring-site C-H out-of-plane bending / C-C out-of-plane bending / ring-site C-H in-plane bending,nu(C6-C9),bond,0.07921845677692174,-,-0.021828156732554498,0.2889471730639286
44,1390.1974308791112,,,mixed ring-site C-H out-of-plane bending / C-C out-of-plane bending / ring-site C-H in-plane bending,delta(H17-C5-H18),angle,0.06455481887657574,-,-0.01898019806160537,0.3114249374201952
44,1390.1974308791112,,,mixed ring-site C-H out-of-plane bending / C-C out-of-plane bending / ring-site C-H in-plane bending,tau(C1-C2-C9-C6),dihedral,0.062338751309650185,-,-0.019708757774740817,0.2789110970433987
44,1390.1974308791112,,,mixed ring-site C-H out-of-plane bending / C-C out-of-plane bending / ring-site C-H in-plane bending,delta(C1-C2-C9),angle,0.051496661550274214,-,-0.01665686481518709,0.3225661213649848
44,1390.1974308791112,,,mixed ring-site C-H out-of-plane bending / C-C out-of-plane bending / ring-site C-H in-plane bending,nu(C5-C6),bond,0.032570132510798405,+,0.012614129712020763,0.35573872105608056
44,1390.1974308791112,,,mixed ring-site C-H out-of-plane bending / C-C out-of-plane bending / ring-site C-H in-plane bending,tau(C3-C4-C5-H18),dihedral,0.024948614032880283,-,-0.009479978837131189,0.4824561953511669
44,1390.1974308791112,,,mixed ring-site C-H out-of-plane bending / C-C out-of-plane bending / ring-site C-H in-plane bending,delta(C4-C5-H18),angle,0.015223717542447826,-,-0.008775497344274998,0.3435606678510062
44,1390.1974308791112,,,mixed ring-site C-H out-of-plane bending / C-C out-of-plane bending / ring-site C-H in-plane bending,nu(C3-C4),bond,0.014535898830714523,+,0.008713495490558712,0.3327233416142365
44,1390.1974308791112,,,mixed ring-site C-H out-of-plane bending / C-C out-of-plane bending / ring-site C-H in-plane bending,nu(C1-H12),bond,0.006031920684567827,-,-0.00561212787339449,0.33283324968659134
44,1390.1974308791112,,,mixed ring-site C-H out-of-plane bending / C-C out-of-plane bending / ring-site C-H in-plane bending,nu(C1-H11),bond,0.004384105285141251,-,-0.004783635052596519,0.3329592580761004
44,1390.1974308791112,,,mixed ring-site C-H out-of-plane bending / C-C out-of-plane bending / ring-site C-H in-plane bending,"gamma(C6;C9,C2,H21)",oop,0.004368134531835202,-,-0.0037402192919409527,0.5426603274850661
44,1390.1974308791112,,,mixed ring-site C-H out-of-plane bending / C-C out-of-plane bending / ring-site C-H in-plane bending,nu(C5-H17),bond,0.00352633606124215,+,0.004288327542501434,0.33325294701181174
44,1390.1974308791112,,,mixed ring-site C-H out-of-plane bending / C-C out-of-plane bending / ring-site C-H in-plane bending,nu(C9-H21),bond,0.0033546601719693075,-,-0.004099627135583717,0.346885393723776
44,1390.1974308791112,,,mixed ring-site C-H out-of-plane bending / C-C out-of-plane bending / ring-site C-H in-plane bending,"gamma(C2;C9,C6,C7)",oop,0.0020112478968120177,-,-0.0020223385092025745,0.8546417378486717
44,1390.1974308791112,,,mixed ring-site C-H out-of-plane bending / C-C out-of-plane bending / ring-site C-H in-plane bending,nu(C1-H10),bond,0.0009416530581736432,-,-0.002213279490172864,0.3340754800027871
44,1390.1974308791112,,,mixed ring-site C-H out-of-plane bending / C-C out-of-plane bending / ring-site C-H in-plane bending,nu(C3-H15),bond,0.0002944702843525429,+,0.0012425687571512222,0.33145671015102407
44,1390.1974308791112,,,mixed ring-site C-H out-of-plane bending / C-C out-of-plane bending / ring-site C-H in-plane bending,nu(C3-H14),bond,0.00016968802813463523,-,-0.0009460822882957365,0.32947280838759274
44,1390.1974308791112,,,mixed ring-site C-H out-of-plane bending / C-C out-of-plane bending / ring-site C-H in-plane bending,nu(C6-H19),bond,7.062594306819257e-05,-,-0.0005882671077441654,0.3546837789651513
44,1390.1974308791112,,,mixed ring-site C-H out-of-plane bending / C-C out-of-plane bending / ring-site C-H in-plane bending,nu(C7-H20),bond,4.5724713926165044e-05,+,0.0004700928258549396,0.3595919403531978
44,1390.1974308791112,,,mixed ring-site C-H out-of-plane bending / C-C out-of-plane bending / ring-site C-H in-plane bending,nu(C5-H18),bond,2.4823298292229424e-05,+,0.0003602347489574124,0.33244092209661535
44,1390.1974308791112,,,mixed ring-site C-H out-of-plane bending / C-C out-of-plane bending / ring-site C-H in-plane bending,nu(C2-H13),bond,6.294484331672466e-06,+,0.00018486927297377284,0.3200787845755846
44,1390.1974308791112,,,mixed ring-site C-H out-of-plane bending / C-C out-of-plane bending / ring-site C-H in-plane bending,nu(C4-H16),bond,3.7074487081814573e-06,+,0.0001379531041856296,0.33856214359648934
45,1413.2771029483495,,,C-H bending,delta(H11-C1-H12),angle,21.32168951753579,+,0.2865358824301851,0.27538659836850643
45,1413.2771029483495,,,C-H bending,delta(C2-C1-H12),angle,20.118844608913825,-,-0.26859318567276375,0.29572788270104006
45,1413.2771029483495,,,C-H bending,delta(C2-C1-H11),angle,17.452688919632305,-,-0.2881560461057271,0.2228876950441817
45,1413.2771029483495,,,C-H bending,delta(C2-C1-H10),angle,16.8724087993551,-,-0.2850765014830018,0.22015749068391807
45,1413.2771029483495,,,C-H bending,nu(C1-C2),bond,4.439446486816979,+,0.13142585545968866,0.2725501455699407
45,1413.2771029483495,,,C-H bending,"gamma(H20;C7,C6,C9)",oop,2.094049244219025,-,-0.09835632111677217,0.2295416801376045
45,1413.2771029483495,,,C-H bending,"gamma(H16;C4,C5,O8)",oop,2.0389882991684987,+,0.06403094974755304,0.5273683528647449
45,1413.2771029483495,,,C-H bending,nu(C7-C9),bond,1.8691550269340158,+,0.07848535570209947,0.3217712809389961
45,1413.2771029483495,,,C-H bending,nu(C6-C7),bond,1.8089574724935473,+,0.07384613898541947,0.351764483756105
45,1413.2771029483495,,,C-H bending,delta(C6-C5-H18),angle,1.6685029836844834,-,-0.04447304334055876,0.8945662439133465
45,1413.2771029483495,,,C-H bending,nu(C6-C9),bond,1.170652057464896,+,0.0655457142727564,0.2889471730639286
45,1413.2771029483495,,,C-H bending,"gamma(C2;C3,H14,H15)",oop,1.0495440449587115,-,-0.05979172301703279,0.31131335337326066
45,1413.2771029483495,,,C-H bending,tau(H11-C1-C2-H13),dihedral,1.025446314979269,-,-0.05241898355623138,0.395744562160233
45,1413.2771029483495,,,C-H bending,delta(C2-C9-H21),angle,0.7897925126754921,+,0.06020737530034925,0.2310430135999735
45,1413.2771029483495,,,C-H bending,tau(H16-C4-O8-C7),dihedral,0.6747708128173613,-,-0.03327398050030495,0.646287850095482
45,1413.2771029483495,,,C-H bending,nu(C7-O8),bond,0.6425126719302666,-,-0.04419603173727718,0.34881436505138363
45,1413.2771029483495,,,C-H bending,tau(C2-C3-C4-H16),dihedral,0.5031877719087817,-,-0.04408285673174651,0.27458059099928556
45,1413.2771029483495,,,C-H bending,delta(C5-C6-C7),angle,0.41912785773284716,-,-0.018639978390228414,1.2791896492453412
45,1413.2771029483495,,,C-H bending,tau(H19-C6-C7-O8),dihedral,0.4104913858993864,+,0.058550266097260585,0.12697713378346867
45,1413.2771029483495,,,C-H bending,"gamma(C2;C9,C6,C7)",oop,0.40537339828700886,-,-0.022427206539683612,0.8546417378486717
45,1413.2771029483495,,,C-H bending,delta(C4-C3-H15),angle,0.3949384259347453,+,0.03343768722032401,0.37457272194762403
45,1413.2771029483495,,,C-H bending,tau(H10-C1-C2-H13),dihedral,0.3812533617190612,-,-0.048050744474572755,0.17510262560992168
45,1413.2771029483495,,,C-H bending,delta(C6-C5-H17),angle,0.3803379800030727,-,-0.03728417880476992,0.2901347508842103
45,1413.2771029483495,,,C-H bending,delta(C4-C5-H18),angle,0.2393899343506389,+,0.02718258987920644,0.3435606678510062
45,1413.2771029483495,,,C-H bending,"gamma(H20;C7,C6,O8)",oop,0.21681278119431652,-,-0.039298740924689914,0.14886987566679247
45,1413.2771029483495,,,C-H bending,delta(C7-C6-H19),angle,0.20341537809006277,-,-0.03558978878451643,0.17029903189686718
45,1413.2771029483495,,,C-H bending,nu(C4-O8),bond,0.17244476618430074,-,-0.02351023188018265,0.3308380182485744
45,1413.2771029483495,,,C-H bending,tau(C3-C4-C5-H18),dihedral,0.1593911794665073,+,0.01871728302418449,0.4824561953511669
45,1413.2771029483495,,,C-H bending,nu(C4-C5),bond,0.14099619590007567,-,-0.021243403939260146,0.33131294059860933
45,1413.2771029483495,,,C-H bending,delta(H14-C3-H15),angle,0.1387381683843425,-,-0.02639276772742609,0.21120553881908632
45,1413.2771029483495,,,C-H bending,nu(C2-C9),bond,0.10481078682657023,-,-0.01834621163797088,0.3302116574664156
45,1413.2771029483495,,,C-H bending,delta(C5-C4-O8),angle,0.10437283986188746,+,0.007654199725842481,1.8891530232339337
45,1413.2771029483495,,,C-H bending,delta(C1-C2-C9),angle,0.08379217004046502,-,-0.016597090109860633,0.3225661213649848
45,1413.2771029483495,,,C-H bending,nu(C1-H12),bond,0.0713363247335243,-,-0.01507584354199529,0.33283324968659134
45,1413.2771029483495,,,C-H bending,tau(H11-C1-C2-C9),dihedral,0.06835471645693594,+,0.01723071449581473,0.24414123171457477
45,1413.2771029483495,,,C-H bending,nu(C1-H10),bond,0.06148437617504488,-,-0.013970105762137799,0.3340754800027871
45,1413.2771029483495,,,C-H bending,tau(C3-C4-O8-C7),dihedral,0.06013954840678078,+,0.008253583233479094,0.9361691167181562
45,1413.2771029483495,,,C-H bending,nu(C1-H11),bond,0.058776250038382306,-,-0.013681855477954785,0.3329592580761004
45,1413.2771029483495,,,C-H bending,nu(C5-C6),bond,0.058619022548825186,-,-0.013218839380127193,0.35573872105608056
45,1413.2771029483495,,,C-H bending,tau(C2-C3-C4-C5),dihedral,0.027458195508473688,+,0.006545568278529867,0.6796048915723832
45,1413.2771029483495,,,C-H bending,delta(C1-C2-H13),angle,0.022941262210870055,-,-0.009915849083961429,0.24742108678985417
45,1413.2771029483495,,,C-H bending,tau(C3-C2-C9-H21),dihedral,0.02231472504444416,-,-0.007085129380098898,0.4713843801432477
45,1413.2771029483495,,,C-H bending,tau(H15-C3-C4-C5),dihedral,0.012341452993928852,+,0.007558716620829933,0.22906006726638234
45,1413.2771029483495,,,C-H bending,delta(H17-C5-H18),angle,0.009236129678342345,-,-0.0056079989942383,0.3114249374201952
45,1413.2771029483495,,,C-H bending,nu(C9-H21),bond,0.006288167434667517,+,0.004384384673132141,0.346885393723776
45,1413.2771029483495,,,C-H bending,nu(C3-H15),bond,0.005747722920072433,+,0.004288190923797188,0.33145671015102407
45,1413.2771029483495,,,C-H bending,"gamma(C6;C9,C2,H21)",oop,0.005304437955136057,+,0.0032195506344395697,0.5426603274850661
45,1413.2771029483495,,,C-H bending,nu(C7-H20),bond,0.0033898700439179016,+,0.003161740039105994,0.3595919403531978
45,1413.2771029483495,,,C-H bending,nu(C2-H13),bond,0.002708571854817484,+,0.0029955829157559725,0.3200787845755846
45,1413.2771029483495,,,C-H bending,nu(C6-H19),bond,0.0022578763296372192,+,0.002598178716731995,0.3546837789651513
45,1413.2771029483495,,,C-H bending,nu(C3-C4),bond,0.0021416111643177194,+,0.0026125721055673436,0.3327233416142365
45,1413.2771029483495,,,C-H bending,nu(C2-C3),bond,0.0020006639107351264,-,-0.0026942390174207443,0.2922678964184281
45,1413.2771029483495,,,C-H bending,nu(C5-H17),bond,0.0003923954863353638,-,-0.0011174152941011435,0.33325294701181174
45,1413.2771029483495,,,C-H bending,nu(C5-H18),bond,0.00029758180487604303,+,0.0009742839689767639,0.33244092209661535
45,1413.2771029483495,,,C-H bending,tau(C1-C2-C9-C6),dihedral,8.219214589804513e-05,-,-0.0005590129537756586,0.2789110970433987
45,1413.2771029483495,,,C-H bending,nu(C3-H14),bond,4.975658152137414e-05,+,0.0004001797306687258,0.32947280838759274
45,1413.2771029483495,,,C-H bending,nu(C4-H16),bond,1.2993208869983073e-05,-,-0.00020173377763084982,0.33856214359648934
46,1426.073497743124,,,mixed mixed-phase cyclic C-C stretching / ring-site C-H in-plane bending,delta(C2-C9-H21),angle,15.339816394374976,+,0.28190725868220595,0.2310430135999735
46,1426.073497743124,,,mixed mixed-phase cyclic C-C stretching / ring-site C-H in-plane bending,nu(C7-C9),bond,12.73821405981667,+,0.21768235623300072,0.3217712809389961
46,1426.073497743124,,,mixed mixed-phase cyclic C-C stretching / ring-site C-H in-plane bending,tau(H11-C1-C2-H13),dihedral,11.946602134610302,-,-0.19008914626464427,0.395744562160233
46,1426.073497743124,,,mixed mixed-phase cyclic C-C stretching / ring-site C-H in-plane bending,nu(C6-C9),bond,8.342148653558523,+,0.18589698036987204,0.2889471730639286
46,1426.073497743124,,,mixed mixed-phase cyclic C-C stretching / ring-site C-H in-plane bending,nu(C6-C7),bond,8.029739389227059,+,0.16529789723387495,0.351764483756105
46,1426.073497743124,,,mixed mixed-phase cyclic C-C stretching / ring-site C-H in-plane bending,"gamma(H20;C7,C6,C9)",oop,4.846732503654088,-,-0.15897774977547238,0.2295416801376045
46,1426.073497743124,,,mixed mixed-phase cyclic C-C stretching / ring-site C-H in-plane bending,"gamma(C2;C3,H14,H15)",oop,4.0910777778612655,+,0.1254187856110977,0.31131335337326066
46,1426.073497743124,,,mixed mixed-phase cyclic C-C stretching / ring-site C-H in-plane bending,delta(C6-C5-H18),angle,3.8224773389633007,-,-0.07151692034109965,0.8945662439133465
46,1426.073497743124,,,mixed mixed-phase cyclic C-C stretching / ring-site C-H in-plane bending,nu(C2-C9),bond,3.4665370027256532,-,-0.11209708458329298,0.3302116574664156
46,1426.073497743124,,,mixed mixed-phase cyclic C-C stretching / ring-site C-H in-plane bending,delta(C2-C1-H12),angle,3.3964929047595755,+,0.11724972071224257,0.29572788270104006
46,1426.073497743124,,,mixed mixed-phase cyclic C-C stretching / ring-site C-H in-plane bending,delta(C4-C3-H15),angle,2.7549965428289083,-,-0.09382856052879222,0.37457272194762403
46,1426.073497743124,,,mixed mixed-phase cyclic C-C stretching / ring-site C-H in-plane bending,delta(H17-C5-H18),angle,1.9435933248983772,-,-0.08643081426515795,0.3114249374201952
46,1426.073497743124,,,mixed mixed-phase cyclic C-C stretching / ring-site C-H in-plane bending,delta(C5-C6-C7),angle,1.6651407940636564,-,-0.0394730432131741,1.2791896492453412
46,1426.073497743124,,,mixed mixed-phase cyclic C-C stretching / ring-site C-H in-plane bending,tau(H10-C1-C2-H13),dihedral,1.6564368054031273,-,-0.10641030911447244,0.17510262560992168
46,1426.073497743124,,,mixed mixed-phase cyclic C-C stretching / ring-site C-H in-plane bending,delta(C4-C5-H18),angle,1.60542060530099,+,0.07478858134894707,0.3435606678510062
46,1426.073497743124,,,mixed mixed-phase cyclic C-C stretching / ring-site C-H in-plane bending,delta(C2-C1-H10),angle,1.4902507651888615,+,0.09001306324396696,0.22015749068391807
46,1426.073497743124,,,mixed mixed-phase cyclic C-C stretching / ring-site C-H in-plane bending,nu(C7-O8),bond,1.468199518272684,-,-0.07098032044233842,0.34881436505138363
46,1426.073497743124,,,mixed mixed-phase cyclic C-C stretching / ring-site C-H in-plane bending,delta(C2-C1-H11),angle,1.3123956932433425,+,0.0839521745361618,0.2228876950441817
46,1426.073497743124,,,mixed mixed-phase cyclic C-C stretching / ring-site C-H in-plane bending,nu(C2-C3),bond,1.220020379874979,-,-0.07068635440619325,0.2922678964184281
46,1426.073497743124,,,mixed mixed-phase cyclic C-C stretching / ring-site C-H in-plane bending,"gamma(C2;C9,C6,C7)",oop,1.0110798683421267,-,-0.03763078520150082,0.8546417378486717
46,1426.073497743124,,,mixed mixed-phase cyclic C-C stretching / ring-site C-H in-plane bending,delta(C7-C6-H19),angle,0.9019369490563629,-,-0.07962044450282889,0.17029903189686718
46,1426.073497743124,,,mixed mixed-phase cyclic C-C stretching / ring-site C-H in-plane bending,tau(H19-C6-C7-O8),dihedral,0.807280627662812,+,0.08723526879874054,0.12697713378346867
46,1426.073497743124,,,mixed mixed-phase cyclic C-C stretching / ring-site C-H in-plane bending,tau(H16-C4-O8-C7),dihedral,0.7884654382135368,+,0.03821386216795763,0.646287850095482
46,1426.073497743124,,,mixed mixed-phase cyclic C-C stretching / ring-site C-H in-plane bending,delta(H11-C1-H12),angle,0.7589554395144728,-,-0.057435358500410746,0.27538659836850643
46,1426.073497743124,,,mixed mixed-phase cyclic C-C stretching / ring-site C-H in-plane bending,tau(C2-C3-C4-H16),dihedral,0.7549375366004478,-,-0.057367138831683935,0.27458059099928556
46,1426.073497743124,,,mixed mixed-phase cyclic C-C stretching / ring-site C-H in-plane bending,delta(C1-C2-H13),angle,0.4611686159157069,-,-0.04723393364175298,0.24742108678985417
46,1426.073497743124,,,mixed mixed-phase cyclic C-C stretching / ring-site C-H in-plane bending,delta(H14-C3-H15),angle,0.44993583324714115,+,0.05049696043643125,0.21120553881908632
46,1426.073497743124,,,mixed mixed-phase cyclic C-C stretching / ring-site C-H in-plane bending,"gamma(H20;C7,C6,O8)",oop,0.40702945087819137,-,-0.057207385784819015,0.14886987566679247
46,1426.073497743124,,,mixed mixed-phase cyclic C-C stretching / ring-site C-H in-plane bending,nu(C3-C4),bond,0.36549609350422246,+,0.03626121344334018,0.3327233416142365
46,1426.073497743124,,,mixed mixed-phase cyclic C-C stretching / ring-site C-H in-plane bending,delta(C1-C2-C9),angle,0.35788471491325163,-,-0.03644221760534563,0.3225661213649848
46,1426.073497743124,,,mixed mixed-phase cyclic C-C stretching / ring-site C-H in-plane bending,delta(C6-C5-H17),angle,0.3259781698780121,-,-0.03667220146593927,0.2901347508842103
46,1426.073497743124,,,mixed mixed-phase cyclic C-C stretching / ring-site C-H in-plane bending,tau(C3-C4-C5-H18),dihedral,0.24064096707160568,+,0.024434217549653234,0.4824561953511669
46,1426.073497743124,,,mixed mixed-phase cyclic C-C stretching / ring-site C-H in-plane bending,nu(C5-C6),bond,0.23937257904117754,-,-0.028380120023626977,0.35573872105608056
46,1426.073497743124,,,mixed mixed-phase cyclic C-C stretching / ring-site C-H in-plane bending,"gamma(C6;C9,C2,H21)",oop,0.23155517724787275,+,0.022599863160287396,0.5426603274850661
46,1426.073497743124,,,mixed mixed-phase cyclic C-C stretching / ring-site C-H in-plane bending,nu(C4-O8),bond,0.16256260260895128,-,-0.024251869046462766,0.3308380182485744
46,1426.073497743124,,,mixed mixed-phase cyclic C-C stretching / ring-site C-H in-plane bending,tau(C3-C2-C9-H21),dihedral,0.13217415660677664,-,-0.018320118486262683,0.4713843801432477
46,1426.073497743124,,,mixed mixed-phase cyclic C-C stretching / ring-site C-H in-plane bending,tau(H15-C3-C4-C5),dihedral,0.11468600860530653,+,0.024480660168239004,0.22906006726638234
46,1426.073497743124,,,mixed mixed-phase cyclic C-C stretching / ring-site C-H in-plane bending,nu(C4-C5),bond,0.10712013072559659,-,-0.019672472435087785,0.33131294059860933
46,1426.073497743124,,,mixed mixed-phase cyclic C-C stretching / ring-site C-H in-plane bending,delta(C5-C4-O8),angle,0.06859290068080677,-,-0.0065924768532496306,1.8891530232339337
46,1426.073497743124,,,mixed mixed-phase cyclic C-C stretching / ring-site C-H in-plane bending,tau(C3-C4-O8-C7),dihedral,0.035721815704051835,-,-0.006758218140374328,0.9361691167181562
46,1426.073497743124,,,mixed mixed-phase cyclic C-C stretching / ring-site C-H in-plane bending,nu(C7-H20),bond,0.034509434589572105,+,0.010717822129111137,0.3595919403531978
46,1426.073497743124,,,mixed mixed-phase cyclic C-C stretching / ring-site C-H in-plane bending,nu(C6-H19),bond,0.021249535723290455,+,0.00846830823474803,0.3546837789651513
46,1426.073497743124,,,mixed mixed-phase cyclic C-C stretching / ring-site C-H in-plane bending,tau(C2-C3-C4-C5),dihedral,0.01578151046484409,-,-0.005272160630998784,0.6796048915723832
46,1426.073497743124,,,mixed mixed-phase cyclic C-C stretching / ring-site C-H in-plane bending,"gamma(H16;C4,C5,O8)",oop,0.015755766986115683,+,0.005980057232852735,0.5273683528647449
46,1426.073497743124,,,mixed mixed-phase cyclic C-C stretching / ring-site C-H in-plane bending,nu(C1-H10),bond,0.012200753030299268,+,0.006611707245513443,0.3340754800027871
46,1426.073497743124,,,mixed mixed-phase cyclic C-C stretching / ring-site C-H in-plane bending,tau(C1-C2-C9-C6),dihedral,0.009712401402599553,-,-0.00645614108769012,0.2789110970433987
46,1426.073497743124,,,mixed mixed-phase cyclic C-C stretching / ring-site C-H in-plane bending,nu(C1-H11),bond,0.009326731457801336,+,0.005790442943830664,0.3329592580761004
46,1426.073497743124,,,mixed mixed-phase cyclic C-C stretching / ring-site C-H in-plane bending,nu(C1-C2),bond,0.0056401747432308575,+,0.004976977399083096,0.2725501455699407
46,1426.073497743124,,,mixed mixed-phase cyclic C-C stretching / ring-site C-H in-plane bending,nu(C5-H18),bond,0.005372522870396265,+,0.004398195150455539,0.33244092209661535
46,1426.073497743124,,,mixed mixed-phase cyclic C-C stretching / ring-site C-H in-plane bending,nu(C3-H14),bond,0.004059850257416725,-,-0.0038405004191213454,0.32947280838759274
46,1426.073497743124,,,mixed mixed-phase cyclic C-C stretching / ring-site C-H in-plane bending,nu(C9-H21),bond,0.002415314912145437,+,0.0028869314562660767,0.346885393723776
46,1426.073497743124,,,mixed mixed-phase cyclic C-C stretching / ring-site C-H in-plane bending,nu(C2-H13),bond,0.002252725013936438,+,0.002902473371962899,0.3200787845755846
46,1426.073497743124,,,mixed mixed-phase cyclic C-C stretching / ring-site C-H in-plane bending,nu(C5-H17),bond,0.0015928810341499639,+,0.002391923410154629,0.33325294701181174
46,1426.073497743124,,,mixed mixed-phase cyclic C-C stretching / ring-site C-H in-plane bending,nu(C3-H15),bond,0.0007147935671646487,-,-0.0016066434504963297,0.33145671015102407
46,1426.073497743124,,,mixed mixed-phase cyclic C-C stretching / ring-site C-H in-plane bending,nu(C1-H12),bond,0.0002460786536157795,+,0.0009407326477762909,0.33283324968659134
46,1426.073497743124,,,mixed mixed-phase cyclic C-C stretching / ring-site C-H in-plane bending,nu(C4-H16),bond,0.00018746065872654252,+,0.0008141013398876261,0.33856214359648934
46,1426.073497743124,,,mixed mixed-phase cyclic C-C stretching / ring-site C-H in-plane bending,tau(H11-C1-C2-C9),dihedral,0.00011439998991717819,-,-0.0007489193047432949,0.24414123171457477
47,1488.1146563407788,,,mixed C-H bending / ring-site C-H out-of-plane bending,delta(H14-C3-H15),angle,54.589617800088284,-,-0.6548872362411022,0.21120553881908632
47,1488.1146563407788,,,mixed C-H bending / ring-site C-H out-of-plane bending,tau(H15-C3-C4-C5),dihedral,14.34086142633739,+,0.3223124479402037,0.22906006726638234
47,1488.1146563407788,,,mixed C-H bending / ring-site C-H out-of-plane bending,delta(H17-C5-H18),angle,12.329618762657505,+,0.2563080710033893,0.3114249374201952
47,1488.1146563407788,,,mixed C-H bending / ring-site C-H out-of-plane bending,tau(C3-C4-C5-H18),dihedral,5.899418830742981,+,0.14244257700737833,0.4824561953511669
47,1488.1146563407788,,,mixed C-H bending / ring-site C-H out-of-plane bending,delta(C4-C3-H15),angle,4.009834835753361,+,0.133278261680704,0.37457272194762403
47,1488.1146563407788,,,mixed C-H bending / ring-site C-H out-of-plane bending,delta(C6-C5-H18),angle,3.9990805195931554,-,-0.08612673268353169,0.8945662439133465
47,1488.1146563407788,,,mixed C-H bending / ring-site C-H out-of-plane bending,delta(C6-C5-H17),angle,0.9500696138651893,-,-0.07371264418260318,0.2901347508842103
47,1488.1146563407788,,,mixed C-H bending / ring-site C-H out-of-plane bending,delta(C4-C5-H18),angle,0.6028203380134831,-,-0.05395806660002477,0.3435606678510062
47,1488.1146563407788,,,mixed C-H bending / ring-site C-H out-of-plane bending,delta(H11-C1-H12),angle,0.5110125559978769,-,-0.055489209224806504,0.27538659836850643
47,1488.1146563407788,,,mixed C-H bending / ring-site C-H out-of-plane bending,nu(C2-C3),bond,0.3863019316887727,-,-0.046831388457471534,0.2922678964184281
47,1488.1146563407788,,,mixed C-H bending / ring-site C-H out-of-plane bending,delta(C2-C1-H11),angle,0.2790949821563273,+,0.0455823927266093,0.2228876950441817
47,1488.1146563407788,,,mixed C-H bending / ring-site C-H out-of-plane bending,nu(C2-C9),bond,0.2577436880278097,-,-0.0359883528266732,0.3302116574664156
47,1488.1146563407788,,,mixed C-H bending / ring-site C-H out-of-plane bending,delta(C2-C9-H21),angle,0.23870959565583014,+,0.0414049885775845,0.2310430135999735
47,1488.1146563407788,,,mixed C-H bending / ring-site C-H out-of-plane bending,nu(C3-C4),bond,0.2385799411890665,-,-0.03449367602005773,0.3327233416142365
47,1488.1146563407788,,,mixed C-H bending / ring-site C-H out-of-plane bending,tau(H10-C1-C2-H13),dihedral,0.2010255759859948,+,0.043645902620650254,0.17510262560992168
47,1488.1146563407788,,,mixed C-H bending / ring-site C-H out-of-plane bending,tau(C3-C4-O8-C7),dihedral,0.1698683908260541,-,-0.017351750015415182,0.9361691167181562
47,1488.1146563407788,,,mixed C-H bending / ring-site C-H out-of-plane bending,delta(C1-C2-H13),angle,0.16677004527352807,-,-0.03344296845094613,0.24742108678985417
47,1488.1146563407788,,,mixed C-H bending / ring-site C-H out-of-plane bending,nu(C5-C6),bond,0.11145821392917458,+,0.02280103813373202,0.35573872105608056
47,1488.1146563407788,,,mixed C-H bending / ring-site C-H out-of-plane bending,delta(C5-C4-O8),angle,0.10907529581079284,+,0.009787995969195317,1.8891530232339337
47,1488.1146563407788,,,mixed C-H bending / ring-site C-H out-of-plane bending,nu(C6-C9),bond,0.08974386780537731,+,0.02270164444560689,0.2889471730639286
47,1488.1146563407788,,,mixed C-H bending / ring-site C-H out-of-plane bending,"gamma(H16;C4,C5,O8)",oop,0.08700990795007028,-,-0.01654594107349559,0.5273683528647449
47,1488.1146563407788,,,mixed C-H bending / ring-site C-H out-of-plane bending,nu(C3-H14),bond,0.08642034001618859,+,0.02086230773835059,0.32947280838759274
47,1488.1146563407788,,,mixed C-H bending / ring-site C-H out-of-plane bending,nu(C3-H15),bond,0.05954235805148469,+,0.017264887713875937,0.33145671015102407
47,1488.1146563407788,,,mixed C-H bending / ring-site C-H out-of-plane bending,nu(C7-C9),bond,0.05666142862738874,+,0.017093628905386477,0.3217712809389961
47,1488.1146563407788,,,mixed C-H bending / ring-site C-H out-of-plane bending,nu(C6-C7),bond,0.044929576109781884,+,0.014558087232201901,0.351764483756105
47,1488.1146563407788,,,mixed C-H bending / ring-site C-H out-of-plane bending,"gamma(C2;C3,H14,H15)",oop,0.042979675149280465,+,0.015135502371592724,0.31131335337326066
47,1488.1146563407788,,,mixed C-H bending / ring-site C-H out-of-plane bending,tau(H16-C4-O8-C7),dihedral,0.024200638797523256,+,0.007882510719835121,0.646287850095482
47,1488.1146563407788,,,mixed C-H bending / ring-site C-H out-of-plane bending,nu(C4-C5),bond,0.019073743405913973,+,0.009773788104428398,0.33131294059860933
47,1488.1146563407788,,,mixed C-H bending / ring-site C-H out-of-plane bending,nu(C5-H17),bond,0.01606244679584209,-,-0.0089429953032676,0.33325294701181174
47,1488.1146563407788,,,mixed C-H bending / ring-site C-H out-of-plane bending,delta(C2-C1-H12),angle,0.01339328436113504,+,0.00866885140801195,0.29572788270104006
47,1488.1146563407788,,,mixed C-H bending / ring-site C-H out-of-plane bending,nu(C1-C2),bond,0.012381866992647818,+,0.008682284426859387,0.2725501455699407
47,1488.1146563407788,,,mixed C-H bending / ring-site C-H out-of-plane bending,nu(C5-H18),bond,0.008268411431849183,-,-0.006424183700561838,0.33244092209661535
47,1488.1146563407788,,,mixed C-H bending / ring-site C-H out-of-plane bending,delta(C5-C6-C7),angle,0.008080098500645633,+,0.0032374644645418458,1.2791896492453412
47,1488.1146563407788,,,mixed C-H bending / ring-site C-H out-of-plane bending,tau(H11-C1-C2-H13),dihedral,0.004814391792031914,+,0.004492906573660127,0.395744562160233
47,1488.1146563407788,,,mixed C-H bending / ring-site C-H out-of-plane bending,tau(C3-C2-C9-H21),dihedral,0.004270564009982043,+,0.0038772086680155765,0.4713843801432477
47,1488.1146563407788,,,mixed C-H bending / ring-site C-H out-of-plane bending,"gamma(C6;C9,C2,H21)",oop,0.004225512929068952,-,-0.003594511124803146,0.5426603274850661
47,1488.1146563407788,,,mixed C-H bending / ring-site C-H out-of-plane bending,tau(C2-C3-C4-H16),dihedral,0.003986860790354427,+,0.004908454493635798,0.27458059099928556
47,1488.1146563407788,,,mixed C-H bending / ring-site C-H out-of-plane bending,delta(C2-C1-H10),angle,0.003778347822260811,-,-0.005336400119232831,0.22015749068391807
47,1488.1146563407788,,,mixed C-H bending / ring-site C-H out-of-plane bending,"gamma(H20;C7,C6,O8)",oop,0.003769788411628583,+,0.0064821522244114345,0.14886987566679247
47,1488.1146563407788,,,mixed C-H bending / ring-site C-H out-of-plane bending,delta(C7-C6-H19),angle,0.002348370997282035,-,-0.004783451945686236,0.17029903189686718
47,1488.1146563407788,,,mixed C-H bending / ring-site C-H out-of-plane bending,tau(C1-C2-C9-C6),dihedral,0.002315162337566303,-,-0.0037112651065788287,0.2789110970433987
47,1488.1146563407788,,,mixed C-H bending / ring-site C-H out-of-plane bending,tau(C2-C3-C4-C5),dihedral,0.0020606489534522343,+,0.0022430446012226503,0.6796048915723832
47,1488.1146563407788,,,mixed C-H bending / ring-site C-H out-of-plane bending,nu(C1-H11),bond,0.0017471250898348602,+,0.0029507376872929584,0.3329592580761004
47,1488.1146563407788,,,mixed C-H bending / ring-site C-H out-of-plane bending,nu(C7-O8),bond,0.0010650817569725136,+,0.0022509116188950185,0.34881436505138363
47,1488.1146563407788,,,mixed C-H bending / ring-site C-H out-of-plane bending,nu(C4-O8),bond,0.0010562006511605725,-,-0.002301599004375364,0.3308380182485744
47,1488.1146563407788,,,mixed C-H bending / ring-site C-H out-of-plane bending,nu(C6-H19),bond,0.0010229301985453154,+,0.0021875928102537993,0.3546837789651513
47,1488.1146563407788,,,mixed C-H bending / ring-site C-H out-of-plane bending,nu(C1-H10),bond,0.0009915526826918845,-,-0.0022192168810300787,0.3340754800027871
47,1488.1146563407788,,,mixed C-H bending / ring-site C-H out-of-plane bending,nu(C4-H16),bond,0.0008045436874929476,-,-0.0019857280420885713,0.33856214359648934
47,1488.1146563407788,,,mixed C-H bending / ring-site C-H out-of-plane bending,nu(C7-H20),bond,0.0004522644936896514,+,0.001444625987308438,0.3595919403531978
47,1488.1146563407788,,,mixed C-H bending / ring-site C-H out-of-plane bending,tau(H11-C1-C2-C9),dihedral,0.00043630382471641937,+,0.001722019619977936,0.24414123171457477
47,1488.1146563407788,,,mixed C-H bending / ring-site C-H out-of-plane bending,nu(C9-H21),bond,0.00041893941285343195,-,-0.0014156202095790792,0.346885393723776
47,1488.1146563407788,,,mixed C-H bending / ring-site C-H out-of-plane bending,"gamma(H20;C7,C6,C9)",oop,0.00030506609896628406,-,-0.0014850133131155071,0.2295416801376045
47,1488.1146563407788,,,mixed C-H bending / ring-site C-H out-of-plane bending,delta(C1-C2-C9),angle,0.0002809432530640737,-,-0.0012021649959957268,0.3225661213649848
47,1488.1146563407788,,,mixed C-H bending / ring-site C-H out-of-plane bending,nu(C2-H13),bond,9.06068359824512e-05,+,0.0006853559520093743,0.3200787845755846
47,1488.1146563407788,,,mixed C-H bending / ring-site C-H out-of-plane bending,tau(H19-C6-C7-O8),dihedral,3.6794505927479476e-05,-,-0.0006934144360643169,0.12697713378346867
47,1488.1146563407788,,,mixed C-H bending / ring-site C-H out-of-plane bending,"gamma(C2;C9,C6,C7)",oop,9.733782080281804e-06,-,-0.00013747157589145433,0.8546417378486717
47,1488.1146563407788,,,mixed C-H bending / ring-site C-H out-of-plane bending,nu(C1-H12),bond,2.278094699497849e-06,-,-0.00010657042188134018,0.33283324968659134
48,1500.9979668229964,,,mixed C-H bending / C-C torsion,delta(H11-C1-H12),angle,29.328209637901864,-,-0.4869137638981931,0.27538659836850643
48,1500.9979668229964,,,mixed C-H bending / C-C torsion,delta(H17-C5-H18),angle,22.557859570817282,-,-0.4015622948179236,0.3114249374201952
48,1500.9979668229964,,,mixed C-H bending / C-C torsion,tau(H11-C1-C2-H13),dihedral,15.565440338841018,+,0.2959060901186975,0.395744562160233
48,1500.9979668229964,,,mixed C-H bending / C-C torsion,tau(H11-C1-C2-C9),dihedral,10.236282773011574,+,0.3055140923826407,0.24414123171457477
48,1500.9979668229964,,,mixed C-H bending / C-C torsion,tau(C3-C4-C5-H18),dihedral,7.107593485741325,-,-0.18109773662400075,0.4824561953511669
48,1500.9979668229964,,,mixed C-H bending / C-C torsion,delta(C6-C5-H18),angle,5.465856225306531,+,0.11662818706943089,0.8945662439133465
48,1500.9979668229964,,,mixed C-H bending / C-C torsion,delta(C2-C1-H10),angle,1.7487362100339991,-,-0.1329768662583691,0.22015749068391807
48,1500.9979668229964,,,mixed C-H bending / C-C torsion,delta(H14-C3-H15),angle,1.561666543518718,-,-0.12829867684701915,0.21120553881908632
48,1500.9979668229964,,,mixed C-H bending / C-C torsion,delta(C4-C5-H18),angle,1.5196904093362642,+,0.09923309073457467,0.3435606678510062
48,1500.9979668229964,,,mixed C-H bending / C-C torsion,delta(C2-C1-H12),angle,1.4979106558968256,+,0.10618850198485189,0.29572788270104006
48,1500.9979668229964,,,mixed C-H bending / C-C torsion,delta(C6-C5-H17),angle,1.263352073937292,+,0.09845618418924051,0.2901347508842103
48,1500.9979668229964,,,mixed C-H bending / C-C torsion,tau(H10-C1-C2-H13),dihedral,0.6841214539801903,-,-0.09326118983383166,0.17510262560992168
48,1500.9979668229964,,,mixed C-H bending / C-C torsion,tau(H15-C3-C4-C5),dihedral,0.24623293307177482,+,0.04891916699930432,0.22906006726638234
48,1500.9979668229964,,,mixed C-H bending / C-C torsion,delta(C2-C1-H11),angle,0.2059254699754589,+,0.04535160510213357,0.2228876950441817
48,1500.9979668229964,,,mixed C-H bending / C-C torsion,nu(C4-C5),bond,0.17379917336594422,-,-0.03417317492910997,0.33131294059860933
48,1500.9979668229964,,,mixed C-H bending / C-C torsion,delta(C1-C2-H13),angle,0.1652090865514507,-,-0.03855487379910344,0.24742108678985417
48,1500.9979668229964,,,mixed C-H bending / C-C torsion,nu(C5-C6),bond,0.12204085666136656,-,-0.027635525678156476,0.35573872105608056
48,1500.9979668229964,,,mixed C-H bending / C-C torsion,delta(C4-C3-H15),angle,0.10204223324237753,+,0.02462649359684976,0.37457272194762403
48,1500.9979668229964,,,mixed C-H bending / C-C torsion,nu(C2-C3),bond,0.08299612788181679,-,-0.02514311227609952,0.2922678964184281
48,1500.9979668229964,,,mixed C-H bending / C-C torsion,delta(C5-C6-C7),angle,0.056659160090356896,-,-0.00992997771521845,1.2791896492453412
48,1500.9979668229964,,,mixed C-H bending / C-C torsion,nu(C1-H10),bond,0.03634555131642312,-,-0.015562666324275796,0.3340754800027871
48,1500.9979668229964,,,mixed C-H bending / C-C torsion,delta(C5-C4-O8),angle,0.029568524622084695,-,-0.005902852547713946,1.8891530232339337
48,1500.9979668229964,,,mixed C-H bending / C-C torsion,nu(C1-H12),bond,0.02448884304068154,+,0.012798275572411005,0.33283324968659134
48,1500.9979668229964,,,mixed C-H bending / C-C torsion,tau(C2-C3-C4-C5),dihedral,0.019140918297501,-,-0.007918333928739814,0.6796048915723832
48,1500.9979668229964,,,mixed C-H bending / C-C torsion,delta(C2-C9-H21),angle,0.018348701927608204,+,0.013296487466272629,0.2310430135999735
48,1500.9979668229964,,,mixed C-H bending / C-C torsion,nu(C5-H17),bond,0.018258226122625964,+,0.011043912761245899,0.33325294701181174
48,1500.9979668229964,,,mixed C-H bending / C-C torsion,nu(C5-H18),bond,0.015728603833660242,+,0.010262862816585892,0.33244092209661535
48,1500.9979668229964,,,mixed C-H bending / C-C torsion,tau(C2-C3-C4-H16),dihedral,0.01543849197445826,+,0.011187890225446848,0.27458059099928556
48,1500.9979668229964,,,mixed C-H bending / C-C torsion,"gamma(C2;C3,H14,H15)",oop,0.014969373123845532,+,0.01034626524318077,0.31131335337326066
48,1500.9979668229964,,,mixed C-H bending / C-C torsion,nu(C6-C7),bond,0.014001895651611761,-,-0.009413434394571702,0.351764483756105
48,1500.9979668229964,,,mixed C-H bending / C-C torsion,"gamma(C2;C9,C6,C7)",oop,0.013874489892234155,-,-0.006011697774170871,0.8546417378486717
48,1500.9979668229964,,,mixed C-H bending / C-C torsion,"gamma(H16;C4,C5,O8)",oop,0.009830699470440489,+,0.006441927809313067,0.5273683528647449
48,1500.9979668229964,,,mixed C-H bending / C-C torsion,tau(C1-C2-C9-C6),dihedral,0.009492374439456976,+,0.008704327233197973,0.2789110970433987
48,1500.9979668229964,,,mixed C-H bending / C-C torsion,nu(C6-C9),bond,0.009171090938502156,-,-0.008405856099017815,0.2889471730639286
48,1500.9979668229964,,,mixed C-H bending / C-C torsion,nu(C2-C9),bond,0.009164049873378365,-,-0.007860102282494572,0.3302116574664156
48,1500.9979668229964,,,mixed C-H bending / C-C torsion,"gamma(C6;C9,C2,H21)",oop,0.007852613090641988,+,0.0056757562957611965,0.5426603274850661
48,1500.9979668229964,,,mixed C-H bending / C-C torsion,tau(H16-C4-O8-C7),dihedral,0.007693624644258633,-,-0.005147936454152716,0.646287850095482
48,1500.9979668229964,,,mixed C-H bending / C-C torsion,"gamma(H20;C7,C6,C9)",oop,0.005888674553455855,+,0.007557160996441977,0.2295416801376045
48,1500.9979668229964,,,mixed C-H bending / C-C torsion,nu(C3-C4),bond,0.0040209296772585525,-,-0.005186833179611355,0.3327233416142365
48,1500.9979668229964,,,mixed C-H bending / C-C torsion,nu(C1-C2),bond,0.00377040902874144,+,0.005549472456378563,0.2725501455699407
48,1500.9979668229964,,,mixed C-H bending / C-C torsion,nu(C4-O8),bond,0.0027012316745439156,-,-0.004263378467740374,0.3308380182485744
48,1500.9979668229964,,,mixed C-H bending / C-C torsion,nu(C7-O8),bond,0.0024939028375900152,+,0.003989544004690465,0.34881436505138363
48,1500.9979668229964,,,mixed C-H bending / C-C torsion,nu(C1-H11),bond,0.002251121031311367,+,0.003879578564977353,0.3329592580761004
48,1500.9979668229964,,,mixed C-H bending / C-C torsion,nu(C7-C9),bond,0.0022201990660128653,-,-0.0039192502445925,0.3217712809389961
48,1500.9979668229964,,,mixed C-H bending / C-C torsion,tau(H19-C6-C7-O8),dihedral,0.0020427753127679987,-,-0.005984504757030502,0.12697713378346867
48,1500.9979668229964,,,mixed C-H bending / C-C torsion,nu(C3-H15),bond,0.002002041190402278,+,0.0036669397348790956,0.33145671015102407
48,1500.9979668229964,,,mixed C-H bending / C-C torsion,tau(C3-C4-O8-C7),dihedral,0.0014164288590932954,-,-0.0018352739672390299,0.9361691167181562
48,1500.9979668229964,,,mixed C-H bending / C-C torsion,nu(C2-H13),bond,0.0013884852857798803,-,-0.003107583968007605,0.3200787845755846
48,1500.9979668229964,,,mixed C-H bending / C-C torsion,nu(C4-H16),bond,0.0011397616283883004,-,-0.002737590556155654,0.33856214359648934
48,1500.9979668229964,,,mixed C-H bending / C-C torsion,nu(C3-H14),bond,0.0010120174095687808,+,0.0026149589698766097,0.32947280838759274
48,1500.9979668229964,,,mixed C-H bending / C-C torsion,nu(C9-H21),bond,0.0009661582749343738,-,-0.0024900714461302776,0.346885393723776
48,1500.9979668229964,,,mixed C-H bending / C-C torsion,nu(C6-H19),bond,0.0008481523448501717,-,-0.0023072621734118296,0.3546837789651513
48,1500.9979668229964,,,mixed C-H bending / C-C torsion,delta(C1-C2-C9),angle,0.00038377022490526983,-,-0.0016274473154063735,0.3225661213649848
48,1500.9979668229964,,,mixed C-H bending / C-C torsion,nu(C7-H20),bond,0.0002140329307480714,-,-0.0011511078101315072,0.3595919403531978
48,1500.9979668229964,,,mixed C-H bending / C-C torsion,tau(C3-C2-C9-H21),dihedral,0.00012355885328257216,+,0.0007638885787682573,0.4713843801432477
48,1500.9979668229964,,,mixed C-H bending / C-C torsion,"gamma(H20;C7,C6,O8)",oop,9.70077015677373e-05,-,-0.0012044266892206471,0.14886987566679247
48,1500.9979668229964,,,mixed C-H bending / C-C torsion,delta(C7-C6-H19),angle,2.685069193623749e-05,+,0.0005924508506343519,0.17029903189686718
49,1501.838860783641,,,mixed C-H bending / C-C torsion,delta(H17-C5-H18),angle,36.302311896032954,+,0.4903088139294119,0.3114249374201952
49,1501.838860783641,,,mixed C-H bending / C-C torsion,tau(C3-C4-C5-H18),dihedral,11.96799681856373,+,0.2261835624630692,0.4824561953511669
49,1501.838860783641,,,mixed C-H bending / C-C torsion,delta(C6-C5-H18),angle,9.188514705662836,-,-0.14554445212354916,0.8945662439133465
49,1501.838860783641,,,mixed C-H bending / C-C torsion,delta(H11-C1-H12),angle,8.716182957083394,-,-0.2554883016920603,0.27538659836850643
49,1501.838860783641,,,mixed C-H bending / C-C torsion,tau(H11-C1-C2-H13),dihedral,8.25055274718324,+,0.2073544193484907,0.395744562160233
49,1501.838860783641,,,mixed C-H bending / C-C torsion,tau(H11-C1-C2-C9),dihedral,7.284466540943009,+,0.24806046994826247,0.24414123171457477
49,1501.838860783641,,,mixed C-H bending / C-C torsion,tau(H10-C1-C2-H13),dihedral,4.996851863150666,-,-0.2425946167460259,0.17510262560992168
49,1501.838860783641,,,mixed C-H bending / C-C torsion,delta(H14-C3-H15),angle,3.193042446135317,+,0.1765748905042578,0.21120553881908632
49,1501.838860783641,,,mixed C-H bending / C-C torsion,delta(C4-C5-H18),angle,2.412956621012728,-,-0.12035171669665826,0.3435606678510062
49,1501.838860783641,,,mixed C-H bending / C-C torsion,delta(C2-C1-H12),angle,2.135595478088228,+,0.12203730565751646,0.29572788270104006
49,1501.838860783641,,,mixed C-H bending / C-C torsion,delta(C6-C5-H17),angle,2.087148907064556,-,-0.12180246962476629,0.2901347508842103
49,1501.838860783641,,,mixed C-H bending / C-C torsion,delta(C4-C3-H15),angle,0.6326187819083927,-,-0.05901769160821852,0.37457272194762403
49,1501.838860783641,,,mixed C-H bending / C-C torsion,tau(H15-C3-C4-C5),dihedral,0.4019303818106063,-,-0.060156142193338806,0.22906006726638234
49,1501.838860783641,,,mixed C-H bending / C-C torsion,delta(C2-C1-H10),angle,0.37913792204134844,-,-0.059595179310653626,0.22015749068391807
49,1501.838860783641,,,mixed C-H bending / C-C torsion,nu(C4-C5),bond,0.3454482999090218,+,0.046371546681744064,0.33131294059860933
49,1501.838860783641,,,mixed C-H bending / C-C torsion,nu(C5-C6),bond,0.22363751720199784,+,0.0360069232289699,0.35573872105608056
49,1501.838860783641,,,mixed C-H bending / C-C torsion,delta(C2-C1-H11),angle,0.20994394354404258,-,-0.044074549319526334,0.2228876950441817
49,1501.838860783641,,,mixed C-H bending / C-C torsion,delta(C2-C9-H21),angle,0.19952573920008237,+,0.04220192829769156,0.2310430135999735
49,1501.838860783641,,,mixed C-H bending / C-C torsion,tau(H16-C4-O8-C7),dihedral,0.13914649893074757,+,0.021071836961736597,0.646287850095482
49,1501.838860783641,,,mixed C-H bending / C-C torsion,"gamma(C2;C3,H14,H15)",oop,0.13139512819318527,+,0.029503260102425544,0.31131335337326066
49,1501.838860783641,,,mixed C-H bending / C-C torsion,"gamma(H16;C4,C5,O8)",oop,0.12386776804204881,-,-0.02200905396238334,0.5273683528647449
49,1501.838860783641,,,mixed C-H bending / C-C torsion,nu(C6-C7),bond,0.07545184851927512,+,0.021032369322668283,0.351764483756105
49,1501.838860783641,,,mixed C-H bending / C-C torsion,nu(C6-C9),bond,0.07221594723961394,+,0.022703174253929325,0.2889471730639286
49,1501.838860783641,,,mixed C-H bending / C-C torsion,tau(C2-C3-C4-C5),dihedral,0.06810083615430167,+,0.014375641223788987,0.6796048915723832
49,1501.838860783641,,,mixed C-H bending / C-C torsion,nu(C2-C3),bond,0.06394501650708921,-,-0.021241835749892957,0.2922678964184281
49,1501.838860783641,,,mixed C-H bending / C-C torsion,nu(C7-C9),bond,0.06289937440197067,+,0.02007838486778651,0.3217712809389961
49,1501.838860783641,,,mixed C-H bending / C-C torsion,delta(C5-C6-C7),angle,0.051989449579337176,+,0.009155232816171248,1.2791896492453412
49,1501.838860783641,,,mixed C-H bending / C-C torsion,"gamma(H20;C7,C6,C9)",oop,0.03390820582033963,-,-0.017454237398742033,0.2295416801376045
49,1501.838860783641,,,mixed C-H bending / C-C torsion,nu(C1-H12),bond,0.03142874804263308,+,0.013954987099852358,0.33283324968659134
49,1501.838860783641,,,mixed C-H bending / C-C torsion,"gamma(C2;C9,C6,C7)",oop,0.03127584673784527,-,-0.008687438441892069,0.8546417378486717
49,1501.838860783641,,,mixed C-H bending / C-C torsion,nu(C3-C4),bond,0.029844199690272372,+,0.013600898056270275,0.3327233416142365
49,1501.838860783641,,,mixed C-H bending / C-C torsion,nu(C5-H17),bond,0.027910712800961808,-,-0.013142491838554132,0.33325294701181174
49,1501.838860783641,,,mixed C-H bending / C-C torsion,nu(C5-H18),bond,0.023957959131437865,-,-0.012191213082871754,0.33244092209661535
49,1501.838860783641,,,mixed C-H bending / C-C torsion,delta(C5-C4-O8),angle,0.0208924061094864,+,0.004775731611077855,1.8891530232339337
49,1501.838860783641,,,mixed C-H bending / C-C torsion,tau(C2-C3-C4-H16),dihedral,0.02018257587926904,-,-0.012312114072602558,0.27458059099928556
49,1501.838860783641,,,mixed C-H bending / C-C torsion,nu(C7-O8),bond,0.012618574137049783,-,-0.008637483130842592,0.34881436505138363
49,1501.838860783641,,,mixed C-H bending / C-C torsion,nu(C1-H10),bond,0.009410234128879941,-,-0.0076217932749991675,0.3340754800027871
49,1501.838860783641,,,mixed C-H bending / C-C torsion,tau(C3-C4-O8-C7),dihedral,0.008595090331283375,-,-0.004351383082916787,0.9361691167181562
49,1501.838860783641,,,mixed C-H bending / C-C torsion,nu(C3-H15),bond,0.005423324561055478,-,-0.005808963417708167,0.33145671015102407
49,1501.838860783641,,,mixed C-H bending / C-C torsion,nu(C1-H11),bond,0.0052740087761057736,-,-0.005715498667788012,0.3329592580761004
49,1501.838860783641,,,mixed C-H bending / C-C torsion,delta(C1-C2-C9),angle,0.004080259627260699,-,-0.005107563495817387,0.3225661213649848
49,1501.838860783641,,,mixed C-H bending / C-C torsion,tau(C1-C2-C9-C6),dihedral,0.003966148548858965,+,0.005415403765117733,0.2789110970433987
49,1501.838860783641,,,mixed C-H bending / C-C torsion,nu(C4-O8),bond,0.003454167671710665,+,0.0046402700250995285,0.3308380182485744
49,1501.838860783641,,,mixed C-H bending / C-C torsion,nu(C3-H14),bond,0.0034203081345731356,-,-0.004627027483362158,0.32947280838759274
49,1501.838860783641,,,mixed C-H bending / C-C torsion,nu(C6-H19),bond,0.002142910225151799,+,0.0035298851599571725,0.3546837789651513
49,1501.838860783641,,,mixed C-H bending / C-C torsion,nu(C4-H16),bond,0.0016048436244133822,+,0.0031266294491552955,0.33856214359648934
49,1501.838860783641,,,mixed C-H bending / C-C torsion,tau(C3-C2-C9-H21),dihedral,0.0012717896663939554,+,0.002358844452757863,0.4713843801432477
49,1501.838860783641,,,mixed C-H bending / C-C torsion,nu(C2-C9),bond,0.0009917954475255914,+,0.002488823541459113,0.3302116574664156
49,1501.838860783641,,,mixed C-H bending / C-C torsion,nu(C7-H20),bond,0.0007706281073858238,+,0.0021023097251717847,0.3595919403531978
49,1501.838860783641,,,mixed C-H bending / C-C torsion,tau(H19-C6-C7-O8),dihedral,0.0001969775285572722,+,0.0017886478037099302,0.12697713378346867
49,1501.838860783641,,,mixed C-H bending / C-C torsion,"gamma(C6;C9,C2,H21)",oop,0.00013712557642442348,+,0.0007218956887678832,0.5426603274850661
49,1501.838860783641,,,mixed C-H bending / C-C torsion,"gamma(H20;C7,C6,O8)",oop,0.00012823694186160712,+,0.0013328534941195668,0.14886987566679247
49,1501.838860783641,,,mixed C-H bending / C-C torsion,nu(C2-H13),bond,0.0001045896496302165,-,-0.0008209092717133533,0.3200787845755846
49,1501.838860783641,,,mixed C-H bending / C-C torsion,delta(C1-C2-H13),angle,6.442295452011497e-05,-,-0.0007327928368427327,0.24742108678985417
49,1501.838860783641,,,mixed C-H bending / C-C torsion,delta(C7-C6-H19),angle,6.14776039899733e-05,-,-0.0008628426984066155,0.17029903189686718
49,1501.838860783641,,,mixed C-H bending / C-C torsion,nu(C9-H21),bond,6.89675181920475e-06,+,0.0002024923141652047,0.346885393723776
49,1501.838860783641,,,mixed C-H bending / C-C torsion,nu(C1-C2),bond,1.0168956311950397e-07,-,-2.7739219232810027e-05,0.2725501455699407
50,1503.8459813347743,,,mixed C-H bending / C-C torsion,delta(H11-C1-H12),angle,28.86023360807392,+,0.29783672020699,0.27538659836850643
50,1503.8459813347743,,,mixed C-H bending / C-C torsion,tau(H10-C1-C2-H13),dihedral,24.995687105711248,-,-0.34760493305786133,0.17510262560992168
50,1503.8459813347743,,,mixed C-H bending / C-C torsion,delta(H17-C5-H18),angle,13.783203926468815,-,-0.1935522028275206,0.3114249374201952
50,1503.8459813347743,,,mixed C-H bending / C-C torsion,delta(H14-C3-H15),angle,7.186818952175064,-,-0.16971312134735828,0.21120553881908632
50,1503.8459813347743,,,mixed C-H bending / C-C torsion,delta(C2-C1-H11),angle,6.634388581692296,-,-0.1587293092851444,0.2228876950441817
50,1503.8459813347743,,,mixed C-H bending / C-C torsion,tau(C3-C4-C5-H18),dihedral,3.994763394577868,-,-0.0837175109198355,0.4824561953511669
50,1503.8459813347743,,,mixed C-H bending / C-C torsion,delta(C6-C5-H18),angle,3.4255045612824326,+,0.05693190846708878,0.8945662439133465
50,1503.8459813347743,,,mixed C-H bending / C-C torsion,delta(C2-C1-H12),angle,2.1548180337805642,+,0.07853421088503865,0.29572788270104006
50,1503.8459813347743,,,mixed C-H bending / C-C torsion,delta(C2-C1-H10),angle,1.8822499596318483,+,0.08506906029363295,0.22015749068391807
50,1503.8459813347743,,,mixed C-H bending / C-C torsion,tau(H15-C3-C4-C5),dihedral,1.5095013219861397,+,0.07468644318133387,0.22906006726638234
50,1503.8459813347743,,,mixed C-H bending / C-C torsion,delta(C4-C5-H18),angle,1.0032763723132703,+,0.04971738680040361,0.3435606678510062
50,1503.8459813347743,,,mixed C-H bending / C-C torsion,tau(H11-C1-C2-H13),dihedral,0.9088774312904746,-,-0.04409048764297445,0.395744562160233
50,1503.8459813347743,,,mixed C-H bending / C-C torsion,delta(C4-C3-H15),angle,0.7465133759150473,+,0.04107243432912371,0.37457272194762403
50,1503.8459813347743,,,mixed C-H bending / C-C torsion,delta(C6-C5-H17),angle,0.7259350327937506,+,0.04602022349270221,0.2901347508842103
50,1503.8459813347743,,,mixed C-H bending / C-C torsion,nu(C2-C9),bond,0.5617259330859451,+,0.037945978568218325,0.3302116574664156
50,1503.8459813347743,,,mixed C-H bending / C-C torsion,"gamma(C2;C3,H14,H15)",oop,0.3434513651619226,-,-0.030558601085014292,0.31131335337326066
50,1503.8459813347743,,,mixed C-H bending / C-C torsion,nu(C2-C3),bond,0.27135767591681204,-,-0.02803368693723698,0.2922678964184281
50,1503.8459813347743,,,mixed C-H bending / C-C torsion,nu(C1-H11),bond,0.15114558828665234,-,-0.019602068862855235,0.3329592580761004
50,1503.8459813347743,,,mixed C-H bending / C-C torsion,nu(C3-C4),bond,0.12437245940593311,-,-0.017787716420562014,0.3327233416142365
50,1503.8459813347743,,,mixed C-H bending / C-C torsion,nu(C5-C6),bond,0.11507824987589046,-,-0.016547438475612387,0.35573872105608056
50,1503.8459813347743,,,mixed C-H bending / C-C torsion,tau(C2-C3-C4-C5),dihedral,0.11486442217907242,-,-0.011960910440434425,0.6796048915723832
50,1503.8459813347743,,,mixed C-H bending / C-C torsion,nu(C4-C5),bond,0.09791167127595743,-,-0.015816039930735496,0.33131294059860933
50,1503.8459813347743,,,mixed C-H bending / C-C torsion,"gamma(C2;C9,C6,C7)",oop,0.05547446936061903,-,-0.007412321526554053,0.8546417378486717
50,1503.8459813347743,,,mixed C-H bending / C-C torsion,nu(C1-H12),bond,0.039373341668954454,+,0.010006622252089627,0.33283324968659134
50,1503.8459813347743,,,mixed C-H bending / C-C torsion,delta(C5-C4-O8),angle,0.0339780237204128,-,-0.003901801840646431,1.8891530232339337
50,1503.8459813347743,,,mixed C-H bending / C-C torsion,tau(C3-C2-C9-H21),dihedral,0.03357760409001013,-,-0.0077649198760395026,0.4713843801432477
50,1503.8459813347743,,,mixed C-H bending / C-C torsion,nu(C1-H10),bond,0.03074938086872304,+,0.0088266439399419,0.3340754800027871
50,1503.8459813347743,,,mixed C-H bending / C-C torsion,nu(C6-C9),bond,0.024067384587301146,-,-0.008396628611655658,0.2889471730639286
50,1503.8459813347743,,,mixed C-H bending / C-C torsion,tau(C3-C4-O8-C7),dihedral,0.021570084202396155,-,-0.004416197480707278,0.9361691167181562
50,1503.8459813347743,,,mixed C-H bending / C-C torsion,"gamma(H16;C4,C5,O8)",oop,0.01994490957732198,-,-0.005657945035133685,0.5273683528647449
50,1503.8459813347743,,,mixed C-H bending / C-C torsion,nu(C7-C9),bond,0.017284297431632165,-,-0.006742981161471415,0.3217712809389961
50,1503.8459813347743,,,mixed C-H bending / C-C torsion,nu(C6-C7),bond,0.01719514753363943,-,-0.0064324538570080326,0.351764483756105
50,1503.8459813347743,,,mixed C-H bending / C-C torsion,delta(C5-C6-C7),angle,0.01673171981677171,-,-0.003327381088295188,1.2791896492453412
50,1503.8459813347743,,,mixed C-H bending / C-C torsion,delta(C1-C2-H13),angle,0.01336425300514353,+,0.006761665927194758,0.24742108678985417
50,1503.8459813347743,,,mixed C-H bending / C-C torsion,tau(H16-C4-O8-C7),dihedral,0.011829997805672827,+,0.003936217218511215,0.646287850095482
50,1503.8459813347743,,,mixed C-H bending / C-C torsion,nu(C3-H14),bond,0.01084583442178404,+,0.005278632369155857,0.32947280838759274
50,1503.8459813347743,,,mixed C-H bending / C-C torsion,nu(C5-H17),bond,0.010273984764578591,+,0.005108368048592081,0.33325294701181174
50,1503.8459813347743,,,mixed C-H bending / C-C torsion,nu(C5-H18),bond,0.008846134470845113,+,0.004745907285964693,0.33244092209661535
50,1503.8459813347743,,,mixed C-H bending / C-C torsion,"gamma(C6;C9,C2,H21)",oop,0.007896927863785989,+,0.003509657766428111,0.5426603274850661
50,1503.8459813347743,,,mixed C-H bending / C-C torsion,tau(H19-C6-C7-O8),dihedral,0.0054711974147151786,+,0.006039182493300037,0.12697713378346867
50,1503.8459813347743,,,mixed C-H bending / C-C torsion,tau(H11-C1-C2-C9),dihedral,0.005308905538825476,-,-0.004290240653403951,0.24414123171457477
50,1503.8459813347743,,,mixed C-H bending / C-C torsion,nu(C3-H15),bond,0.00434045279844214,+,0.003329306905695789,0.33145671015102407
50,1503.8459813347743,,,mixed C-H bending / C-C torsion,delta(C1-C2-C9),angle,0.003951950747794082,+,0.0032202983249173473,0.3225661213649848
50,1503.8459813347743,,,mixed C-H bending / C-C torsion,"gamma(H20;C7,C6,O8)",oop,0.00388391715120897,-,-0.004699279606979723,0.14886987566679247
50,1503.8459813347743,,,mixed C-H bending / C-C torsion,nu(C7-O8),bond,0.0034322871672004722,+,0.0028859868492031133,0.34881436505138363
50,1503.8459813347743,,,mixed C-H bending / C-C torsion,nu(C4-H16),bond,0.0017526682059650074,-,-0.002093294714377103,0.33856214359648934
50,1503.8459813347743,,,mixed C-H bending / C-C torsion,delta(C7-C6-H19),angle,0.0016138445561616973,-,-0.0028322036733089387,0.17029903189686718
50,1503.8459813347743,,,mixed C-H bending / C-C torsion,nu(C1-C2),bond,0.0010594870623618661,-,-0.0018139459414160423,0.2725501455699407
50,1503.8459813347743,,,mixed C-H bending / C-C torsion,nu(C6-H19),bond,0.0010024027846075325,-,-0.001546679000901319,0.3546837789651513
50,1503.8459813347743,,,mixed C-H bending / C-C torsion,"gamma(H20;C7,C6,C9)",oop,0.0008409637815134729,+,0.001760992832973879,0.2295416801376045
50,1503.8459813347743,,,mixed C-H bending / C-C torsion,tau(C2-C3-C4-H16),dihedral,0.000796690222155102,+,0.001567146316695631,0.27458059099928556
50,1503.8459813347743,,,mixed C-H bending / C-C torsion,delta(C2-C9-H21),angle,0.0006138074626028246,-,-0.001499579111596068,0.2310430135999735
50,1503.8459813347743,,,mixed C-H bending / C-C torsion,nu(C2-H13),bond,0.000580477251668635,+,0.001238978808534906,0.3200787845755846
50,1503.8459813347743,,,mixed C-H bending / C-C torsion,nu(C4-O8),bond,0.0003187276847890501,-,-0.0009030294400553216,0.3308380182485744
50,1503.8459813347743,,,mixed C-H bending / C-C torsion,nu(C9-H21),bond,0.00022212402286521816,+,0.0007362146901338089,0.346885393723776
50,1503.8459813347743,,,mixed C-H bending / C-C torsion,nu(C7-H20),bond,0.00012606599679308977,-,-0.0005447455948170976,0.3595919403531978
50,1503.8459813347743,,,mixed C-H bending / C-C torsion,tau(C1-C2-C9-C6),dihedral,1.512079830402014e-06,+,6.774140247002167e-05,0.2789110970433987
51,3003.2096309639173,,,ring-site C-H stretching,nu(C2-H13),bond,93.54009031749922,-,-1.0087527049298395,0.3200787845755846
51,3003.2096309639173,,,ring-site C-H stretching,nu(C3-H14),bond,3.6999913331019605,+,0.19774468937735337,0.32947280838759274
51,3003.2096309639173,,,ring-site C-H stretching,nu(C1-H10),bond,1.038982046567456,-,-0.10406291459352844,0.3340754800027871
51,3003.2096309639173,,,ring-site C-H stretching,nu(C1-H12),bond,0.3722582038261193,+,0.0624055263494272,0.33283324968659134
51,3003.2096309639173,,,ring-site C-H stretching,nu(C1-H11),bond,0.3051181399634753,+,0.056487548987600056,0.3329592580761004
51,3003.2096309639173,,,ring-site C-H stretching,tau(C2-C3-C4-C5),dihedral,0.2238233484341805,-,-0.03386403549441341,0.6796048915723832
51,3003.2096309639173,,,ring-site C-H stretching,tau(C3-C2-C9-H21),dihedral,0.09003272226056105,-,-0.025788546294492384,0.4713843801432477
51,3003.2096309639173,,,ring-site C-H stretching,"gamma(C6;C9,C2,H21)",oop,0.07674369481300924,-,-0.02219072954373054,0.5426603274850661
51,3003.2096309639173,,,ring-site C-H stretching,tau(C2-C3-C4-H16),dihedral,0.07237531477666619,-,-0.030295252707537437,0.27458059099928556
51,3003.2096309639173,,,ring-site C-H stretching,delta(C2-C1-H10),angle,0.06613931179839615,+,0.03234278151395599,0.22015749068391807
51,3003.2096309639173,,,ring-site C-H stretching,delta(C1-C2-C9),angle,0.05630710568067039,-,-0.0246539488404701,0.3225661213649848
51,3003.2096309639173,,,ring-site C-H stretching,delta(C1-C2-H13),angle,0.05392750819801331,+,0.027548698504676984,0.24742108678985417
51,3003.2096309639173,,,ring-site C-H stretching,tau(C1-C2-C9-C6),dihedral,0.04313295380453874,+,0.02320523482546373,0.2789110970433987
51,3003.2096309639173,,,ring-site C-H stretching,nu(C1-C2),bond,0.04198437956894118,+,0.023159806425050725,0.2725501455699407
51,3003.2096309639173,,,ring-site C-H stretching,nu(C9-H21),bond,0.04166645763699004,+,0.020450999943020617,0.346885393723776
51,3003.2096309639173,,,ring-site C-H stretching,nu(C2-C9),bond,0.040388048872881034,+,0.02063690193563864,0.3302116574664156
51,3003.2096309639173,,,ring-site C-H stretching,nu(C2-C3),bond,0.03365950324730559,+,0.020025232113074703,0.2922678964184281
51,3003.2096309639173,,,ring-site C-H stretching,tau(H11-C1-C2-C9),dihedral,0.0333521663047108,-,-0.021810002864735337,0.24414123171457477
51,3003.2096309639173,,,ring-site C-H stretching,nu(C5-H17),bond,0.030870361631998307,+,0.017959660538210954,0.33325294701181174
51,3003.2096309639173,,,ring-site C-H stretching,delta(C2-C1-H12),angle,0.02651740209648807,-,-0.017669880586136884,0.29572788270104006
51,3003.2096309639173,,,ring-site C-H stretching,nu(C3-H15),bond,0.0261887692540892,-,-0.01658663933315561,0.33145671015102407
51,3003.2096309639173,,,ring-site C-H stretching,"gamma(C2;C9,C6,C7)",oop,0.024941078596693787,+,0.010080447930805392,0.8546417378486717
51,3003.2096309639173,,,ring-site C-H stretching,delta(C2-C1-H11),angle,0.015409232042283729,-,-0.015515354947564607,0.2228876950441817
51,3003.2096309639173,,,ring-site C-H stretching,tau(H11-C1-C2-H13),dihedral,0.011913763599513924,+,0.01023838073361605,0.395744562160233
51,3003.2096309639173,,,ring-site C-H stretching,"gamma(C2;C3,H14,H15)",oop,0.010950644161180878,-,-0.011067135394435839,0.31131335337326066
51,3003.2096309639173,,,ring-site C-H stretching,delta(C2-C9-H21),angle,0.006394124115404458,-,-0.009816538521365584,0.2310430135999735
51,3003.2096309639173,,,ring-site C-H stretching,tau(C3-C4-C5-H18),dihedral,0.003254508230024633,+,0.004846497663200504,0.4824561953511669
51,3003.2096309639173,,,ring-site C-H stretching,nu(C5-H18),bond,0.003183702740245944,+,0.0057746182749644865,0.33244092209661535
51,3003.2096309639173,,,ring-site C-H stretching,nu(C3-C4),bond,0.0022819131511732436,-,-0.004886773223495858,0.3327233416142365
51,3003.2096309639173,,,ring-site C-H stretching,delta(C4-C3-H15),angle,0.002227485298159003,+,0.004550442323828377,0.37457272194762403
51,3003.2096309639173,,,ring-site C-H stretching,nu(C4-H16),bond,0.0017041953163589338,-,-0.0041865352308539695,0.33856214359648934
51,3003.2096309639173,,,ring-site C-H stretching,tau(H15-C3-C4-C5),dihedral,0.0013319980854536808,+,0.004499780950149529,0.22906006726638234
51,3003.2096309639173,,,ring-site C-H stretching,delta(H14-C3-H15),angle,0.0009686849983645847,-,-0.003996252305410633,0.21120553881908632
51,3003.2096309639173,,,ring-site C-H stretching,delta(H11-C1-H12),angle,0.0006885377172516626,-,-0.0029505754958512797,0.27538659836850643
51,3003.2096309639173,,,ring-site C-H stretching,tau(H10-C1-C2-H13),dihedral,0.0004832291068230239,-,-0.0030998771167807765,0.17510262560992168
51,3003.2096309639173,,,ring-site C-H stretching,nu(C7-C9),bond,0.00017217947142487945,+,0.0013649957835987075,0.3217712809389961
51,3003.2096309639173,,,ring-site C-H stretching,delta(C5-C4-O8),angle,9.103429229442404e-05,-,-0.0004096219359500615,1.8891530232339337
51,3003.2096309639173,,,ring-site C-H stretching,nu(C5-C6),bond,8.360338404134269e-05,-,-0.0009046084145873651,0.35573872105608056
51,3003.2096309639173,,,ring-site C-H stretching,tau(H19-C6-C7-O8),dihedral,6.443193512696154e-05,+,0.0013292359915959401,0.12697713378346867
51,3003.2096309639173,,,ring-site C-H stretching,"gamma(H20;C7,C6,O8)",oop,6.358815457618576e-05,-,-0.0012195481795643224,0.14886987566679247
51,3003.2096309639173,,,ring-site C-H stretching,nu(C6-H19),bond,5.033416837410052e-05,-,-0.0007029509945617819,0.3546837789651513
51,3003.2096309639173,,,ring-site C-H stretching,delta(C6-C5-H17),angle,3.2854667482202364e-05,-,-0.0006279324511965314,0.2901347508842103
51,3003.2096309639173,,,ring-site C-H stretching,delta(C5-C6-C7),angle,3.14166268910796e-05,-,-0.0002924331304279191,1.2791896492453412
51,3003.2096309639173,,,ring-site C-H stretching,nu(C7-H20),bond,2.6175950825637496e-05,-,-0.0005034548429840212,0.3595919403531978
51,3003.2096309639173,,,ring-site C-H stretching,nu(C7-O8),bond,2.3913324249375362e-05,-,-0.0004885815464305039,0.34881436505138363
51,3003.2096309639173,,,ring-site C-H stretching,nu(C6-C9),bond,1.857953004666248e-05,-,-0.00047317566576021014,0.2889471730639286
51,3003.2096309639173,,,ring-site C-H stretching,nu(C4-C5),bond,1.629690777177185e-05,-,-0.00041385448757222214,0.33131294059860933
51,3003.2096309639173,,,ring-site C-H stretching,"gamma(H16;C4,C5,O8)",oop,1.4502851313435734e-05,+,0.0003094453275560042,0.5273683528647449
51,3003.2096309639173,,,ring-site C-H stretching,tau(H16-C4-O8-C7),dihedral,1.1361207514878472e-05,+,0.0002474078725996576,0.646287850095482
51,3003.2096309639173,,,ring-site C-H stretching,nu(C4-O8),bond,6.288471499096257e-06,-,-0.0002572640531323432,0.3308380182485744
51,3003.2096309639173,,,ring-site C-H stretching,delta(C6-C5-H18),angle,5.639799760419771e-06,+,0.00014816303094201353,0.8945662439133465
51,3003.2096309639173,,,ring-site C-H stretching,"gamma(H20;C7,C6,C9)",oop,1.6642902962396405e-06,+,0.00015889053482341366,0.2295416801376045
51,3003.2096309639173,,,ring-site C-H stretching,delta(C7-C6-H19),angle,1.659592852110623e-06,-,-0.00018420819739625353,0.17029903189686718
51,3003.2096309639173,,,ring-site C-H stretching,tau(C3-C4-O8-C7),dihedral,1.3705213411253135e-06,+,7.139700771925588e-05,0.9361691167181562
51,3003.2096309639173,,,ring-site C-H stretching,delta(C4-C5-H18),angle,8.570813884728303e-07,+,9.320164497112478e-05,0.3435606678510062
51,3003.2096309639173,,,ring-site C-H stretching,nu(C6-C7),bond,5.806362924901246e-08,+,2.3973992170071215e-05,0.351764483756105
51,3003.2096309639173,,,ring-site C-H stretching,delta(H17-C5-H18),angle,3.210727011119307e-09,-,-5.991551027314912e-06,0.3114249374201952
52,3021.986152500938,,,in-phase C-H stretching,nu(C1-H12),bond,34.117630913366064,+,0.5921439251288021,0.33283324968659134
52,3021.986152500938,,,in-phase C-H stretching,nu(C1-H11),bond,33.63654433939874,+,0.5878429796154525,0.3329592580761004
52,3021.986152500938,,,in-phase C-H stretching,nu(C1-H10),bond,30.123761181053425,+,0.5553713792959525,0.3340754800027871
52,3021.986152500938,,,in-phase C-H stretching,nu(C3-H15),bond,0.9597175433674429,-,-0.09951980275442898,0.33145671015102407
52,3021.986152500938,,,in-phase C-H stretching,nu(C3-H14),bond,0.8648062043143135,-,-0.09475471003644285,0.32947280838759274
52,3021.986152500938,,,in-phase C-H stretching,nu(C1-C2),bond,0.18645336646003857,-,-0.048374122813462955,0.2725501455699407
52,3021.986152500938,,,in-phase C-H stretching,delta(H11-C1-H12),angle,0.020967672160129326,-,-0.016138193019381904,0.27538659836850643
52,3021.986152500938,,,in-phase C-H stretching,nu(C9-H21),bond,0.0198432931631466,-,-0.013988304099866447,0.346885393723776
52,3021.986152500938,,,in-phase C-H stretching,delta(C2-C1-H12),angle,0.016554624655210726,+,0.013837726090211342,0.29572788270104006
52,3021.986152500938,,,in-phase C-H stretching,delta(C2-C1-H10),angle,0.01621395715887633,+,0.01587190205504556,0.22015749068391807
52,3021.986152500938,,,in-phase C-H stretching,delta(C2-C1-H11),angle,0.0122059685852772,+,0.013686559031526796,0.2228876950441817
52,3021.986152500938,,,in-phase C-H stretching,nu(C4-H16),bond,0.00879177601876441,+,0.009424760163488314,0.33856214359648934
52,3021.986152500938,,,in-phase C-H stretching,nu(C5-H17),bond,0.002471261075522421,+,0.005036438237836667,0.33325294701181174
52,3021.986152500938,,,in-phase C-H stretching,nu(C2-H13),bond,0.0023491001590456952,-,-0.005010412936576056,0.3200787845755846
52,3021.986152500938,,,in-phase C-H stretching,nu(C2-C3),bond,0.002321121818543746,+,0.005212062412653945,0.2922678964184281
52,3021.986152500938,,,in-phase C-H stretching,nu(C3-C4),bond,0.002286058928523848,+,0.004847895765860001,0.3327233416142365
52,3021.986152500938,,,in-phase C-H stretching,tau(C3-C4-O8-C7),dihedral,0.0017595405611000078,+,0.0025355587850743114,0.9361691167181562
52,3021.986152500938,,,in-phase C-H stretching,"gamma(C2;C3,H14,H15)",oop,0.0017410289458187867,+,0.0043737637270986245,0.31131335337326066
52,3021.986152500938,,,in-phase C-H stretching,nu(C5-H18),bond,0.0008687126289112128,-,-0.002989730389698021,0.33244092209661535
52,3021.986152500938,,,in-phase C-H stretching,delta(H14-C3-H15),angle,0.000787110037487853,+,0.003570395045723105,0.21120553881908632
52,3021.986152500938,,,in-phase C-H stretching,tau(C3-C4-C5-H18),dihedral,0.0007240536853060749,-,-0.0022657273015490326,0.4824561953511669
52,3021.986152500938,,,in-phase C-H stretching,delta(C1-C2-H13),angle,0.0003808411888728133,+,0.0022945884252751707,0.24742108678985417
52,3021.986152500938,,,in-phase C-H stretching,nu(C7-H20),bond,0.00011472886451550682,-,-0.001044678292589915,0.3595919403531978
52,3021.986152500938,,,in-phase C-H stretching,tau(C1-C2-C9-C6),dihedral,0.00010529598728825613,+,0.001136381646951848,0.2789110970433987
52,3021.986152500938,,,in-phase C-H stretching,tau(H11-C1-C2-H13),dihedral,7.461885133992791e-05,+,0.0008030969918265056,0.395744562160233
52,3021.986152500938,,,in-phase C-H stretching,tau(C2-C3-C4-C5),dihedral,6.402330361061891e-05,+,0.0005676648317856206,0.6796048915723832
52,3021.986152500938,,,in-phase C-H stretching,nu(C7-C9),bond,5.4010135578106494e-05,+,0.000757731237691943,0.3217712809389961
52,3021.986152500938,,,in-phase C-H stretching,tau(H15-C3-C4-C5),dihedral,5.237029914268164e-05,-,-0.0008843395186626562,0.22906006726638234
52,3021.986152500938,,,in-phase C-H stretching,tau(H11-C1-C2-C9),dihedral,4.9300262627950615e-05,+,0.0008311037622075201,0.24414123171457477
52,3021.986152500938,,,in-phase C-H stretching,delta(C2-C9-H21),angle,4.789310789739111e-05,+,0.0008420566061652643,0.2310430135999735
52,3021.986152500938,,,in-phase C-H stretching,"gamma(H16;C4,C5,O8)",oop,3.561926513351402e-05,-,-0.00048065851780742993,0.5273683528647449
52,3021.986152500938,,,in-phase C-H stretching,nu(C2-C9),bond,3.318422483068395e-05,+,0.0005863012708259255,0.3302116574664156
52,3021.986152500938,,,in-phase C-H stretching,"gamma(C2;C9,C6,C7)",oop,3.13006010392181e-05,-,-0.0003539447596708915,0.8546417378486717
52,3021.986152500938,,,in-phase C-H stretching,nu(C6-C9),bond,3.1297415613655906e-05,+,0.0006086900619812262,0.2889471730639286
52,3021.986152500938,,,in-phase C-H stretching,tau(C3-C2-C9-H21),dihedral,3.072876147031592e-05,-,-0.0004722110350511381,0.4713843801432477
52,3021.986152500938,,,in-phase C-H stretching,delta(C1-C2-C9),angle,2.3481695099751396e-05,-,-0.0004990068918159343,0.3225661213649848
52,3021.986152500938,,,in-phase C-H stretching,delta(C6-C5-H18),angle,1.8993888773805003e-05,+,0.0002694957307430313,0.8945662439133465
52,3021.986152500938,,,in-phase C-H stretching,delta(C4-C3-H15),angle,1.766055754718288e-05,-,-0.0004015922555658917,0.37457272194762403
52,3021.986152500938,,,in-phase C-H stretching,delta(C4-C5-H18),angle,5.641551234935894e-06,+,0.0002370002186442725,0.3435606678510062
52,3021.986152500938,,,in-phase C-H stretching,"gamma(C6;C9,C2,H21)",oop,5.313221450270479e-06,+,0.0001830063334004992,0.5426603274850661
52,3021.986152500938,,,in-phase C-H stretching,tau(H19-C6-C7-O8),dihedral,4.9540887251883185e-06,-,-0.00036531737456407175,0.12697713378346867
52,3021.986152500938,,,in-phase C-H stretching,nu(C4-C5),bond,3.481178324543632e-06,-,-0.00018958114124250627,0.33131294059860933
52,3021.986152500938,,,in-phase C-H stretching,delta(C6-C5-H17),angle,3.037196550095782e-06,-,-0.00018922903371744088,0.2901347508842103
52,3021.986152500938,,,in-phase C-H stretching,delta(C5-C6-C7),angle,2.8808212078234198e-06,-,-8.776914788153073e-05,1.2791896492453412
52,3021.986152500938,,,in-phase C-H stretching,tau(H10-C1-C2-H13),dihedral,2.6288397954456085e-06,-,-0.00022661410016912065,0.17510262560992168
52,3021.986152500938,,,in-phase C-H stretching,tau(H16-C4-O8-C7),dihedral,1.7117139764588241e-06,+,9.518177514545257e-05,0.646287850095482
52,3021.986152500938,,,in-phase C-H stretching,nu(C6-C7),bond,1.5528726388821694e-06,+,0.00012288337259079067,0.351764483756105
52,3021.986152500938,,,in-phase C-H stretching,"gamma(H20;C7,C6,O8)",oop,1.4753306184988916e-06,+,0.00018411639487663767,0.14886987566679247
52,3021.986152500938,,,in-phase C-H stretching,nu(C7-O8),bond,1.240961287053373e-06,+,0.00011031463522700477,0.34881436505138363
52,3021.986152500938,,,in-phase C-H stretching,tau(C2-C3-C4-H16),dihedral,8.204833752427069e-07,-,-0.00010110000397009685,0.27458059099928556
52,3021.986152500938,,,in-phase C-H stretching,delta(C7-C6-H19),angle,4.707880457431099e-07,-,-9.724288192933843e-05,0.17029903189686718
52,3021.986152500938,,,in-phase C-H stretching,delta(H17-C5-H18),angle,4.1118197648562874e-07,+,6.72034454538632e-05,0.3114249374201952
52,3021.986152500938,,,in-phase C-H stretching,nu(C6-H19),bond,1.3212706824603873e-07,-,-3.5696565522132106e-05,0.3546837789651513
52,3021.986152500938,,,in-phase C-H stretching,nu(C5-C6),bond,4.603796359522779e-08,+,2.103990043897197e-05,0.35573872105608056
52,3021.986152500938,,,in-phase C-H stretching,nu(C4-O8),bond,1.2263289064909605e-08,-,-1.1260222569057457e-05,0.3308380182485744
52,3021.986152500938,,,in-phase C-H stretching,"gamma(H20;C7,C6,C9)",oop,1.1049569700342831e-08,+,1.283196310708432e-05,0.2295416801376045
52,3021.986152500938,,,in-phase C-H stretching,delta(C5-C4-O8),angle,2.340847835003939e-09,+,2.058752883766176e-06,1.8891530232339337
53,3035.243732973757,,,in-phase ring-site C-H stretching,nu(C3-H14),bond,55.16921341678441,-,-0.764385926451542,0.32947280838759274
53,3035.243732973757,,,in-phase ring-site C-H stretching,nu(C3-H15),bond,37.14707798759373,-,-0.6253497727423336,0.33145671015102407
53,3035.243732973757,,,in-phase ring-site C-H stretching,nu(C5-H17),bond,1.8120927527809394,+,0.13774545810662006,0.33325294701181174
53,3035.243732973757,,,in-phase ring-site C-H stretching,nu(C2-H13),bond,1.743163051574622,-,-0.1378524968519208,0.3200787845755846
53,3035.243732973757,,,in-phase ring-site C-H stretching,nu(C5-H18),bond,0.8881948714364539,+,0.09655415485103142,0.33244092209661535
53,3035.243732973757,,,in-phase ring-site C-H stretching,nu(C1-H10),bond,0.8515583922427858,-,-0.09431027070687473,0.3340754800027871
53,3035.243732973757,,,in-phase ring-site C-H stretching,nu(C4-H16),bond,0.8156981281750226,+,0.09168950123479451,0.33856214359648934
53,3035.243732973757,,,in-phase ring-site C-H stretching,nu(C1-H12),bond,0.7738044750095832,-,-0.09006920742467943,0.33283324968659134
53,3035.243732973757,,,in-phase ring-site C-H stretching,nu(C1-H11),bond,0.2065779463637664,-,-0.04652865574909699,0.3329592580761004
53,3035.243732973757,,,in-phase ring-site C-H stretching,nu(C2-C3),bond,0.14034186394652354,+,0.040933335830656795,0.2922678964184281
53,3035.243732973757,,,in-phase ring-site C-H stretching,nu(C3-C4),bond,0.1076008506416663,+,0.033592342769397474,0.3327233416142365
53,3035.243732973757,,,in-phase ring-site C-H stretching,tau(C3-C4-O8-C7),dihedral,0.0931874678674993,+,0.01863698586364014,0.9361691167181562
53,3035.243732973757,,,in-phase ring-site C-H stretching,tau(C3-C4-C5-H18),dihedral,0.06806478928868567,-,-0.022187398501389365,0.4824561953511669
53,3035.243732973757,,,in-phase ring-site C-H stretching,delta(H14-C3-H15),angle,0.057334313997352095,+,0.03077717358241237,0.21120553881908632
53,3035.243732973757,,,in-phase ring-site C-H stretching,"gamma(C2;C3,H14,H15)",oop,0.03845274644877634,+,0.020760551327931354,0.31131335337326066
53,3035.243732973757,,,in-phase ring-site C-H stretching,nu(C9-H21),bond,0.018905108995630165,+,0.013790203066778048,0.346885393723776
53,3035.243732973757,,,in-phase ring-site C-H stretching,tau(H15-C3-C4-C5),dihedral,0.01776640246991194,-,-0.016451258685803,0.22906006726638234
53,3035.243732973757,,,in-phase ring-site C-H stretching,nu(C4-C5),bond,0.009153844542295788,-,-0.009818759940639799,0.33131294059860933
53,3035.243732973757,,,in-phase ring-site C-H stretching,nu(C1-C2),bond,0.00681643330912933,+,0.009341776252246347,0.2725501455699407
53,3035.243732973757,,,in-phase ring-site C-H stretching,tau(C2-C3-C4-C5),dihedral,0.005351674970299903,+,0.005241923658820549,0.6796048915723832
53,3035.243732973757,,,in-phase ring-site C-H stretching,nu(C5-C6),bond,0.004974277823968886,-,-0.0069851144213349484,0.35573872105608056
53,3035.243732973757,,,in-phase ring-site C-H stretching,delta(C5-C6-C7),angle,0.0031198011641484264,-,-0.002917225928290799,1.2791896492453412
53,3035.243732973757,,,in-phase ring-site C-H stretching,delta(C2-C1-H11),angle,0.0024302641699798086,-,-0.006168190396103217,0.2228876950441817
53,3035.243732973757,,,in-phase ring-site C-H stretching,nu(C6-H19),bond,0.002297724161695544,-,-0.004754472692603404,0.3546837789651513
53,3035.243732973757,,,in-phase ring-site C-H stretching,delta(H17-C5-H18),angle,0.0021427430087591183,-,-0.004899845946098731,0.3114249374201952
53,3035.243732973757,,,in-phase ring-site C-H stretching,delta(C2-C1-H12),angle,0.0014473550754182456,-,-0.004132524933512697,0.29572788270104006
53,3035.243732973757,,,in-phase ring-site C-H stretching,tau(C3-C2-C9-H21),dihedral,0.0014433707031599873,-,-0.003268702720563195,0.4713843801432477
53,3035.243732973757,,,in-phase ring-site C-H stretching,"gamma(C6;C9,C2,H21)",oop,0.0013711802080174351,-,-0.0029693220748801315,0.5426603274850661
53,3035.243732973757,,,in-phase ring-site C-H stretching,tau(H16-C4-O8-C7),dihedral,0.0012996366768683251,-,-0.0026489396199791924,0.646287850095482
53,3035.243732973757,,,in-phase ring-site C-H stretching,delta(C1-C2-C9),angle,0.0012750752036748848,-,-0.003713920468239695,0.3225661213649848
53,3035.243732973757,,,in-phase ring-site C-H stretching,tau(H11-C1-C2-C9),dihedral,0.0011275270200642236,-,-0.004014366212865336,0.24414123171457477
53,3035.243732973757,,,in-phase ring-site C-H stretching,delta(C1-C2-H13),angle,0.0010759461299195718,+,0.0038953903505043385,0.24742108678985417
53,3035.243732973757,,,in-phase ring-site C-H stretching,"gamma(C2;C9,C6,C7)",oop,0.0009311451956522484,+,0.0019498029785021541,0.8546417378486717
53,3035.243732973757,,,in-phase ring-site C-H stretching,nu(C2-C9),bond,0.0009266005368119578,+,0.0031291339064133945,0.3302116574664156
53,3035.243732973757,,,in-phase ring-site C-H stretching,delta(C6-C5-H18),angle,0.000706560944638448,+,0.001660132058414912,0.8945662439133465
53,3035.243732973757,,,in-phase ring-site C-H stretching,delta(H11-C1-H12),angle,0.000596200782812347,+,0.002748520278256973,0.27538659836850643
53,3035.243732973757,,,in-phase ring-site C-H stretching,tau(C1-C2-C9-C6),dihedral,0.0005165702253335882,+,0.0025421774582391715,0.2789110970433987
53,3035.243732973757,,,in-phase ring-site C-H stretching,delta(C2-C9-H21),angle,0.0004973388114968302,-,-0.0027406516055677567,0.2310430135999735
53,3035.243732973757,,,in-phase ring-site C-H stretching,delta(C4-C5-H18),angle,0.00039113824197927133,+,0.0019931385812679346,0.3435606678510062
53,3035.243732973757,,,in-phase ring-site C-H stretching,nu(C4-O8),bond,0.00028317281694237783,-,-0.0017281926371396255,0.3308380182485744
53,3035.243732973757,,,in-phase ring-site C-H stretching,delta(C2-C1-H10),angle,0.00016889447809529163,+,0.0016361196757229985,0.22015749068391807
53,3035.243732973757,,,in-phase ring-site C-H stretching,delta(C4-C3-H15),angle,0.00015974469129007113,-,-0.001219885921021921,0.37457272194762403
53,3035.243732973757,,,in-phase ring-site C-H stretching,delta(C6-C5-H17),angle,9.047257424083111e-05,-,-0.0010431161618797116,0.2901347508842103
53,3035.243732973757,,,in-phase ring-site C-H stretching,delta(C5-C4-O8),angle,7.111629465519465e-05,-,-0.0003624307742698758,1.8891530232339337
53,3035.243732973757,,,in-phase ring-site C-H stretching,tau(H10-C1-C2-H13),dihedral,6.199809331375993e-05,+,0.001111519056565962,0.17510262560992168
53,3035.243732973757,,,in-phase ring-site C-H stretching,"gamma(H16;C4,C5,O8)",oop,5.588289582378564e-05,+,0.0006080740844449204,0.5273683528647449
53,3035.243732973757,,,in-phase ring-site C-H stretching,nu(C6-C9),bond,5.140118208398181e-05,-,-0.0007878642668106356,0.2889471730639286
53,3035.243732973757,,,in-phase ring-site C-H stretching,tau(C2-C3-C4-H16),dihedral,3.902476918737197e-05,-,-0.0007042215796515889,0.27458059099928556
53,3035.243732973757,,,in-phase ring-site C-H stretching,nu(C7-C9),bond,3.605607586548108e-05,-,-0.0006253017801338238,0.3217712809389961
53,3035.243732973757,,,in-phase ring-site C-H stretching,tau(H11-C1-C2-H13),dihedral,3.145286436357914e-05,+,0.0005266192113514812,0.395744562160233
53,3035.243732973757,,,in-phase ring-site C-H stretching,tau(H19-C6-C7-O8),dihedral,9.07850698178847e-06,+,0.0004994804926977432,0.12697713378346867
53,3035.243732973757,,,in-phase ring-site C-H stretching,"gamma(H20;C7,C6,O8)",oop,8.985748960580898e-06,-,-0.000458931431798438,0.14886987566679247
53,3035.243732973757,,,in-phase ring-site C-H stretching,"gamma(H20;C7,C6,C9)",oop,2.9037033476281175e-06,+,0.0002100967913847256,0.2295416801376045
53,3035.243732973757,,,in-phase ring-site C-H stretching,nu(C7-O8),bond,1.6074795575763753e-06,-,-0.0001268088674089486,0.34881436505138363
53,3035.243732973757,,,in-phase ring-site C-H stretching,nu(C7-H20),bond,4.51184505398999e-07,+,6.616772289846103e-05,0.3595919403531978
53,3035.243732973757,,,in-phase ring-site C-H stretching,nu(C6-C7),bond,4.117500923652392e-07,-,-6.390942847168291e-05,0.351764483756105
53,3035.243732973757,,,in-phase ring-site C-H stretching,delta(C7-C6-H19),angle,3.703672345532301e-07,-,-8.711325973834236e-05,0.17029903189686718
54,3045.1145579449217,,,in-phase ring-site C-H stretching,nu(C5-H18),bond,52.4638058918583,+,0.7450399614531044,0.33244092209661535
54,3045.1145579449217,,,in-phase ring-site C-H stretching,nu(C5-H17),bond,42.74096533349161,+,0.6716485390386902,0.33325294701181174
54,3045.1145579449217,,,in-phase ring-site C-H stretching,nu(C3-H15),bond,1.8602447377666287,+,0.14050071843045694,0.33145671015102407
54,3045.1145579449217,,,in-phase ring-site C-H stretching,nu(C4-H16),bond,1.3508245029019617,-,-0.11846421402818726,0.33856214359648934
54,3045.1145579449217,,,in-phase ring-site C-H stretching,nu(C3-H14),bond,0.5562796789097345,+,0.0770626109310945,0.32947280838759274
54,3045.1145579449217,,,in-phase ring-site C-H stretching,nu(C5-C6),bond,0.1557775499008115,-,-0.03924585320739813,0.35573872105608056
54,3045.1145579449217,,,in-phase ring-site C-H stretching,nu(C4-C5),bond,0.13335924747491773,-,-0.037626972749020306,0.33131294059860933
54,3045.1145579449217,,,in-phase ring-site C-H stretching,nu(C6-H19),bond,0.12491522961356703,-,-0.0351960513099755,0.3546837789651513
54,3045.1145579449217,,,in-phase ring-site C-H stretching,delta(C5-C4-O8),angle,0.11754136621163325,-,-0.01479342412900622,1.8891530232339337
54,3045.1145579449217,,,in-phase ring-site C-H stretching,delta(C5-C6-C7),angle,0.09671474948399608,-,-0.016307440314125884,1.2791896492453412
54,3045.1145579449217,,,in-phase ring-site C-H stretching,delta(H17-C5-H18),angle,0.09346102823352682,-,-0.03248968455601538,0.3114249374201952
54,3045.1145579449217,,,in-phase ring-site C-H stretching,nu(C2-H13),bond,0.08042613282326143,+,0.029728778081833065,0.3200787845755846
54,3045.1145579449217,,,in-phase ring-site C-H stretching,tau(C2-C3-C4-C5),dihedral,0.0650808863228597,-,-0.018352929305277942,0.6796048915723832
54,3045.1145579449217,,,in-phase ring-site C-H stretching,"gamma(H16;C4,C5,O8)",oop,0.03708833865585776,+,0.015727821373307655,0.5273683528647449
54,3045.1145579449217,,,in-phase ring-site C-H stretching,nu(C1-H10),bond,0.03239191083714079,+,0.018467278298068032,0.3340754800027871
54,3045.1145579449217,,,in-phase ring-site C-H stretching,nu(C1-H12),bond,0.02761868845456493,+,0.017084217162807926,0.33283324968659134
54,3045.1145579449217,,,in-phase ring-site C-H stretching,tau(H15-C3-C4-C5),dihedral,0.022354806824071136,-,-0.01852753656551204,0.22906006726638234
54,3045.1145579449217,,,in-phase ring-site C-H stretching,tau(C3-C4-C5-H18),dihedral,0.011894881110764024,-,-0.009312322746136296,0.4824561953511669
54,3045.1145579449217,,,in-phase ring-site C-H stretching,tau(C3-C4-O8-C7),dihedral,0.010378764386394155,-,-0.00624457062504416,0.9361691167181562
54,3045.1145579449217,,,in-phase ring-site C-H stretching,nu(C9-H21),bond,0.0037449613689684016,-,-0.0061622253280548,0.346885393723776
54,3045.1145579449217,,,in-phase ring-site C-H stretching,nu(C2-C3),bond,0.0031952764646240362,-,-0.006201126255843391,0.2922678964184281
54,3045.1145579449217,,,in-phase ring-site C-H stretching,delta(H14-C3-H15),angle,0.00184658977323642,-,-0.0055454841931635605,0.21120553881908632
54,3045.1145579449217,,,in-phase ring-site C-H stretching,nu(C7-H20),bond,0.001699581821219118,-,-0.004077302883807465,0.3595919403531978
54,3045.1145579449217,,,in-phase ring-site C-H stretching,"gamma(C2;C3,H14,H15)",oop,0.0014547122888377776,-,-0.004054119905820711,0.31131335337326066
54,3045.1145579449217,,,in-phase ring-site C-H stretching,delta(C4-C5-H18),angle,0.0013902054285892937,-,-0.003772634059221218,0.3435606678510062
54,3045.1145579449217,,,in-phase ring-site C-H stretching,tau(C2-C3-C4-H16),dihedral,0.0013886989952710195,+,0.0042177035701703265,0.27458059099928556
54,3045.1145579449217,,,in-phase ring-site C-H stretching,nu(C4-O8),bond,0.0005445746687351106,+,0.0024061789491919713,0.3308380182485744
54,3045.1145579449217,,,in-phase ring-site C-H stretching,delta(C4-C3-H15),angle,0.0005261327287145494,-,-0.002222728899252077,0.37457272194762403
54,3045.1145579449217,,,in-phase ring-site C-H stretching,delta(C6-C5-H18),angle,0.0004291274101872996,-,-0.0012989540401837445,0.8945662439133465
54,3045.1145579449217,,,in-phase ring-site C-H stretching,nu(C3-C4),bond,0.0004276537148117811,-,-0.0021262356728731645,0.3327233416142365
54,3045.1145579449217,,,in-phase ring-site C-H stretching,tau(C3-C2-C9-H21),dihedral,0.0003578123076709581,+,0.001633980818593469,0.4713843801432477
54,3045.1145579449217,,,in-phase ring-site C-H stretching,"gamma(C6;C9,C2,H21)",oop,0.00034691488051898854,+,0.0014995271675772518,0.5426603274850661
54,3045.1145579449217,,,in-phase ring-site C-H stretching,delta(C6-C5-H17),angle,0.0002307227125546512,+,0.0016724464078935633,0.2901347508842103
54,3045.1145579449217,,,in-phase ring-site C-H stretching,nu(C1-C2),bond,0.00023049756218853975,-,-0.001724713129396362,0.2725501455699407
54,3045.1145579449217,,,in-phase ring-site C-H stretching,delta(C2-C1-H11),angle,0.00016148848865855264,+,0.0015963740110374648,0.2228876950441817
54,3045.1145579449217,,,in-phase ring-site C-H stretching,tau(H16-C4-O8-C7),dihedral,0.00015360958850549553,-,-0.0009143302271499596,0.646287850095482
54,3045.1145579449217,,,in-phase ring-site C-H stretching,delta(C1-C2-C9),angle,0.0001337660300733691,+,0.0012077316659670737,0.3225661213649848
54,3045.1145579449217,,,in-phase ring-site C-H stretching,nu(C6-C7),bond,0.00011437621919142417,+,0.001069421188112196,0.351764483756105
54,3045.1145579449217,,,in-phase ring-site C-H stretching,tau(H11-C1-C2-C9),dihedral,6.660157328180685e-05,+,0.0009795544656802527,0.24414123171457477
54,3045.1145579449217,,,in-phase ring-site C-H stretching,tau(C1-C2-C9-C6),dihedral,6.212113518164482e-05,-,-0.0008851027804657837,0.2789110970433987
54,3045.1145579449217,,,in-phase ring-site C-H stretching,delta(C7-C6-H19),angle,6.07634347536494e-05,-,-0.0011202681228685274,0.17029903189686718
54,3045.1145579449217,,,in-phase ring-site C-H stretching,delta(C1-C2-H13),angle,6.066541765729025e-05,-,-0.0009286651566403632,0.24742108678985417
54,3045.1145579449217,,,in-phase ring-site C-H stretching,nu(C6-C9),bond,5.2548621248808384e-05,+,0.0007997943802532534,0.2889471730639286
54,3045.1145579449217,,,in-phase ring-site C-H stretching,nu(C7-C9),bond,4.5395920688481056e-05,+,0.0007044362312775841,0.3217712809389961
54,3045.1145579449217,,,in-phase ring-site C-H stretching,nu(C1-H11),bond,3.370423064688342e-05,+,0.0005966966118352375,0.3329592580761004
54,3045.1145579449217,,,in-phase ring-site C-H stretching,delta(C2-C1-H10),angle,2.9519759691571816e-05,-,-0.000686746707497156,0.22015749068391807
54,3045.1145579449217,,,in-phase ring-site C-H stretching,delta(C2-C1-H12),angle,2.378847835485085e-05,+,0.0005319172870381347,0.29572788270104006
54,3045.1145579449217,,,in-phase ring-site C-H stretching,"gamma(H20;C7,C6,O8)",oop,1.643673665831955e-05,-,-0.0006231768277031518,0.14886987566679247
54,3045.1145579449217,,,in-phase ring-site C-H stretching,nu(C2-C9),bond,1.3152145324561664e-05,-,-0.0003742906766814369,0.3302116574664156
54,3045.1145579449217,,,in-phase ring-site C-H stretching,tau(H19-C6-C7-O8),dihedral,1.098846872386839e-05,+,0.0005517123919718693,0.12697713378346867
54,3045.1145579449217,,,in-phase ring-site C-H stretching,tau(H10-C1-C2-H13),dihedral,1.0207272484238812e-05,-,-0.0004528094016080105,0.17510262560992168
54,3045.1145579449217,,,in-phase ring-site C-H stretching,delta(H11-C1-H12),angle,4.477776910075462e-06,-,-0.00023914799043003887,0.27538659836850643
54,3045.1145579449217,,,in-phase ring-site C-H stretching,nu(C7-O8),bond,4.388736280747587e-06,+,0.00021036790008663913,0.34881436505138363
54,3045.1145579449217,,,in-phase ring-site C-H stretching,"gamma(H20;C7,C6,C9)",oop,2.1412197313468096e-06,-,-0.00018113682482231224,0.2295416801376045
54,3045.1145579449217,,,in-phase ring-site C-H stretching,"gamma(C2;C9,C6,C7)",oop,1.2382141387065355e-06,-,-7.13859495105184e-05,0.8546417378486717
54,3045.1145579449217,,,in-phase ring-site C-H stretching,tau(H11-C1-C2-H13),dihedral,8.64254548934438e-07,-,-8.764361236825033e-05,0.395744562160233
54,3045.1145579449217,,,in-phase ring-site C-H stretching,delta(C2-C9-H21),angle,5.688895463200865e-07,-,-9.306244678285015e-05,0.2310430135999735
55,3072.9842441751343,,,opposite-phase ring-site C-H stretching,nu(C3-H15),bond,53.372351688979826,+,0.7683930976922548,0.33145671015102407
55,3072.9842441751343,,,opposite-phase ring-site C-H stretching,nu(C3-H14),bond,34.83390712618175,-,-0.6226299380694129,0.32947280838759274
55,3072.9842441751343,,,opposite-phase ring-site C-H stretching,nu(C1-H12),bond,4.346581202994519,+,0.21882615999620422,0.33283324968659134
55,3072.9842441751343,,,opposite-phase ring-site C-H stretching,nu(C5-H18),bond,2.6046527400895707,-,-0.1694947962180683,0.33244092209661535
55,3072.9842441751343,,,opposite-phase ring-site C-H stretching,nu(C1-H10),bond,1.3069827520183281,-,-0.11977090216576242,0.3340754800027871
55,3072.9842441751343,,,opposite-phase ring-site C-H stretching,nu(C2-H13),bond,1.0488127210055134,-,-0.10961228260426084,0.3200787845755846
55,3072.9842441751343,,,opposite-phase ring-site C-H stretching,nu(C5-H17),bond,1.0110060221623358,+,0.10546990751295333,0.33325294701181174
55,3072.9842441751343,,,opposite-phase ring-site C-H stretching,nu(C1-H11),bond,0.59244628928825,-,-0.08077326487090539,0.3329592580761004
55,3072.9842441751343,,,opposite-phase ring-site C-H stretching,tau(C2-C3-C4-C5),dihedral,0.3583449515177533,+,0.043970468232884266,0.6796048915723832
55,3072.9842441751343,,,opposite-phase ring-site C-H stretching,delta(C4-C3-H15),angle,0.1088134310471672,-,-0.03263712328477428,0.37457272194762403
55,3072.9842441751343,,,opposite-phase ring-site C-H stretching,tau(C3-C2-C9-H21),dihedral,0.10106914370203275,+,0.028038862606676002,0.4713843801432477
55,3072.9842441751343,,,opposite-phase ring-site C-H stretching,tau(C2-C3-C4-H16),dihedral,0.06132476193420524,+,0.02861684234923124,0.27458059099928556
55,3072.9842441751343,,,opposite-phase ring-site C-H stretching,tau(C3-C4-O8-C7),dihedral,0.0574883834478393,-,-0.015005538536079702,0.9361691167181562
55,3072.9842441751343,,,opposite-phase ring-site C-H stretching,tau(C3-C4-C5-H18),dihedral,0.056006692447966674,-,-0.020631448122093582,0.4824561953511669
55,3072.9842441751343,,,opposite-phase ring-site C-H stretching,tau(H15-C3-C4-C5),dihedral,0.023382826650077175,-,-0.019346949866659247,0.22906006726638234
55,3072.9842441751343,,,opposite-phase ring-site C-H stretching,tau(H11-C1-C2-H13),dihedral,0.020238642063491925,+,0.01369373439625177,0.395744562160233
55,3072.9842441751343,,,opposite-phase ring-site C-H stretching,delta(C2-C1-H12),angle,0.01364616104138033,-,-0.013007618839778893,0.29572788270104006
55,3072.9842441751343,,,opposite-phase ring-site C-H stretching,delta(C6-C5-H18),angle,0.011444408362368971,+,0.0068490307038681485,0.8945662439133465
55,3072.9842441751343,,,opposite-phase ring-site C-H stretching,nu(C4-H16),bond,0.009788201478945118,+,0.010296057172475006,0.33856214359648934
55,3072.9842441751343,,,opposite-phase ring-site C-H stretching,nu(C9-H21),bond,0.00856213957376654,-,-0.0095134236715142,0.346885393723776
55,3072.9842441751343,,,opposite-phase ring-site C-H stretching,delta(C2-C1-H10),angle,0.007763612028166079,+,0.011371136478780172,0.22015749068391807
55,3072.9842441751343,,,opposite-phase ring-site C-H stretching,tau(C1-C2-C9-C6),dihedral,0.0076519724129924145,+,0.010029805105763848,0.2789110970433987
55,3072.9842441751343,,,opposite-phase ring-site C-H stretching,delta(C4-C5-H18),angle,0.005392380116721545,+,0.0075862512737189065,0.3435606678510062
55,3072.9842441751343,,,opposite-phase ring-site C-H stretching,delta(C1-C2-H13),angle,0.005178122013074854,+,0.008760047840147812,0.24742108678985417
55,3072.9842441751343,,,opposite-phase ring-site C-H stretching,delta(C6-C5-H17),angle,0.004793293532596556,-,-0.007783157717843407,0.2901347508842103
55,3072.9842441751343,,,opposite-phase ring-site C-H stretching,delta(C5-C4-O8),angle,0.0035031773102490375,-,-0.0026075712502212807,1.8891530232339337
55,3072.9842441751343,,,opposite-phase ring-site C-H stretching,tau(H10-C1-C2-H13),dihedral,0.0033874063531154235,-,-0.008422208972641648,0.17510262560992168
55,3072.9842441751343,,,opposite-phase ring-site C-H stretching,delta(H11-C1-H12),angle,0.0030506482011277442,-,-0.006373285246059853,0.27538659836850643
55,3072.9842441751343,,,opposite-phase ring-site C-H stretching,"gamma(H16;C4,C5,O8)",oop,0.0026119872410711674,-,-0.004261546058381025,0.5273683528647449
55,3072.9842441751343,,,opposite-phase ring-site C-H stretching,tau(H11-C1-C2-C9),dihedral,0.0023588198683936064,+,0.005952035546011851,0.24414123171457477
55,3072.9842441751343,,,opposite-phase ring-site C-H stretching,delta(H14-C3-H15),angle,0.0012515657787501619,-,-0.004661362537567792,0.21120553881908632
55,3072.9842441751343,,,opposite-phase ring-site C-H stretching,delta(C2-C1-H11),angle,0.0009245909261976747,+,0.003900052562499948,0.2228876950441817
55,3072.9842441751343,,,opposite-phase ring-site C-H stretching,nu(C2-C9),bond,0.0007996280754613253,+,0.002979795841451405,0.3302116574664156
55,3072.9842441751343,,,opposite-phase ring-site C-H stretching,"gamma(C6;C9,C2,H21)",oop,0.0007823006858774677,-,-0.00229911932808937,0.5426603274850661
55,3072.9842441751343,,,opposite-phase ring-site C-H stretching,nu(C6-H19),bond,0.000747210363041818,+,0.002779325889988141,0.3546837789651513
55,3072.9842441751343,,,opposite-phase ring-site C-H stretching,delta(C5-C6-C7),angle,0.0006785947238810049,-,-0.0013946860733322344,1.2791896492453412
55,3072.9842441751343,,,opposite-phase ring-site C-H stretching,delta(H17-C5-H18),angle,0.0006118380068446289,+,0.0026839858756780256,0.3114249374201952
55,3072.9842441751343,,,opposite-phase ring-site C-H stretching,"gamma(C2;C3,H14,H15)",oop,0.0004468561379089353,-,-0.0022941598889271177,0.31131335337326066
55,3072.9842441751343,,,opposite-phase ring-site C-H stretching,nu(C1-C2),bond,0.00024421574466465046,+,0.0018126014116389244,0.2725501455699407
55,3072.9842441751343,,,opposite-phase ring-site C-H stretching,nu(C7-H20),bond,0.0001816788116877057,+,0.0013610869152986009,0.3595919403531978
55,3072.9842441751343,,,opposite-phase ring-site C-H stretching,nu(C4-O8),bond,0.0001708944704832964,+,0.0013762425888290413,0.3308380182485744
55,3072.9842441751343,,,opposite-phase ring-site C-H stretching,nu(C3-C4),bond,0.0001539301009168896,-,-0.0013024433292216436,0.3327233416142365
55,3072.9842441751343,,,opposite-phase ring-site C-H stretching,nu(C5-C6),bond,0.00014202967364428126,+,0.001209936750423625,0.35573872105608056
55,3072.9842441751343,,,opposite-phase ring-site C-H stretching,tau(H16-C4-O8-C7),dihedral,9.023090836021302e-05,-,-0.0007154896605919851,0.646287850095482
55,3072.9842441751343,,,opposite-phase ring-site C-H stretching,nu(C2-C3),bond,8.667256716166452e-05,-,-0.0010427710521526534,0.2922678964184281
55,3072.9842441751343,,,opposite-phase ring-site C-H stretching,"gamma(C2;C9,C6,C7)",oop,2.9301737735974685e-05,+,0.0003545629339488155,0.8546417378486717
55,3072.9842441751343,,,opposite-phase ring-site C-H stretching,nu(C7-C9),bond,2.301976533810747e-05,+,0.0005121716076830213,0.3217712809389961
55,3072.9842441751343,,,opposite-phase ring-site C-H stretching,delta(C2-C9-H21),angle,2.1255257864856067e-05,-,-0.0005807984677949251,0.2310430135999735
55,3072.9842441751343,,,opposite-phase ring-site C-H stretching,delta(C1-C2-C9),angle,2.0928426475325588e-05,+,0.0004877503677498654,0.3225661213649848
55,3072.9842441751343,,,opposite-phase ring-site C-H stretching,nu(C6-C7),bond,1.4446467328921575e-05,-,-0.00038805521921271715,0.351764483756105
55,3072.9842441751343,,,opposite-phase ring-site C-H stretching,nu(C4-C5),bond,1.4223279869093476e-05,-,-0.00039675222549015514,0.33131294059860933
55,3072.9842441751343,,,opposite-phase ring-site C-H stretching,nu(C6-C9),bond,7.691829292178473e-06,+,0.00031242392697336497,0.2889471730639286
55,3072.9842441751343,,,opposite-phase ring-site C-H stretching,tau(H19-C6-C7-O8),dihedral,7.262176234626014e-06,+,0.0004579407861689312,0.12697713378346867
55,3072.9842441751343,,,opposite-phase ring-site C-H stretching,"gamma(H20;C7,C6,O8)",oop,2.213478803961481e-06,-,-0.00023349251560315579,0.14886987566679247
55,3072.9842441751343,,,opposite-phase ring-site C-H stretching,nu(C7-O8),bond,2.1819253068033565e-06,+,0.00015144727099632204,0.34881436505138363
55,3072.9842441751343,,,opposite-phase ring-site C-H stretching,"gamma(H20;C7,C6,C9)",oop,2.073482976958157e-06,+,0.0001819944533861176,0.2295416801376045
55,3072.9842441751343,,,opposite-phase ring-site C-H stretching,delta(C7-C6-H19),angle,1.460133252914369e-06,-,-0.00017730821165608664,0.17029903189686718
56,3084.0943765367506,,,opposite-phase C-H stretching,nu(C1-H11),bond,45.03634772745445,-,-0.705685442083303,0.3329592580761004
56,3084.0943765367506,,,opposite-phase C-H stretching,nu(C1-H12),bond,41.5494097117885,+,0.6779445915673491,0.33283324968659134
56,3084.0943765367506,,,opposite-phase C-H stretching,nu(C5-H17),bond,5.929525707455151,-,-0.25594585629542904,0.33325294701181174
56,3084.0943765367506,,,opposite-phase C-H stretching,nu(C5-H18),bond,4.809424924725573,+,0.23078865690790207,0.33244092209661535
56,3084.0943765367506,,,opposite-phase C-H stretching,nu(C3-H15),bond,1.6491904230765877,-,-0.1353465276569578,0.33145671015102407
56,3084.0943765367506,,,opposite-phase C-H stretching,nu(C3-H14),bond,0.2419240150994529,+,0.0519941910847575,0.32947280838759274
56,3084.0943765367506,,,opposite-phase C-H stretching,nu(C4-H16),bond,0.12559038737538614,-,-0.036955929174134,0.33856214359648934
56,3084.0943765367506,,,opposite-phase C-H stretching,delta(C2-C1-H12),angle,0.11340329182221469,-,-0.037574379521534765,0.29572788270104006
56,3084.0943765367506,,,opposite-phase C-H stretching,delta(C2-C1-H11),angle,0.0885777329279782,+,0.038251137783585375,0.2228876950441817
56,3084.0943765367506,,,opposite-phase C-H stretching,tau(H11-C1-C2-H13),dihedral,0.08435320237909948,+,0.028013568405874198,0.395744562160233
56,3084.0943765367506,,,opposite-phase C-H stretching,nu(C9-H21),bond,0.07097735476738698,-,-0.02744681924067716,0.346885393723776
56,3084.0943765367506,,,opposite-phase C-H stretching,tau(H10-C1-C2-H13),dihedral,0.05925284900659642,-,-0.035296643893185466,0.17510262560992168
56,3084.0943765367506,,,opposite-phase C-H stretching,delta(C1-C2-C9),angle,0.05192489758139593,+,0.02434465207871864,0.3225661213649848
56,3084.0943765367506,,,opposite-phase C-H stretching,delta(C6-C5-H18),angle,0.04409836280100562,-,-0.013471938883241698,0.8945662439133465
56,3084.0943765367506,,,opposite-phase C-H stretching,tau(H11-C1-C2-C9),dihedral,0.01836155905273233,+,0.016640230399566813,0.24414123171457477
56,3084.0943765367506,,,opposite-phase C-H stretching,delta(C4-C5-H18),angle,0.017024108574083107,-,-0.013506897217254546,0.3435606678510062
56,3084.0943765367506,,,opposite-phase C-H stretching,delta(C5-C4-O8),angle,0.01568927561338684,+,0.0055295908948248705,1.8891530232339337
56,3084.0943765367506,,,opposite-phase C-H stretching,tau(C3-C4-C5-H18),dihedral,0.015158217815710032,+,0.010755243612083666,0.4824561953511669
56,3084.0943765367506,,,opposite-phase C-H stretching,tau(C1-C2-C9-C6),dihedral,0.014896576622471774,+,0.014022823392732477,0.2789110970433987
56,3084.0943765367506,,,opposite-phase C-H stretching,nu(C1-H10),bond,0.014540380004311798,+,0.012658746467804799,0.3340754800027871
56,3084.0943765367506,,,opposite-phase C-H stretching,delta(C6-C5-H17),angle,0.014500250193384382,+,0.013564787576284442,0.2901347508842103
56,3084.0943765367506,,,opposite-phase C-H stretching,"gamma(H16;C4,C5,O8)",oop,0.00821091450963425,+,0.007571184978635331,0.5273683528647449
56,3084.0943765367506,,,opposite-phase C-H stretching,nu(C2-H13),bond,0.007527054428095085,+,0.009304846382589896,0.3200787845755846
56,3084.0943765367506,,,opposite-phase C-H stretching,delta(C5-C6-C7),angle,0.0058675782128408405,+,0.004109482159180508,1.2791896492453412
56,3084.0943765367506,,,opposite-phase C-H stretching,tau(C2-C3-C4-C5),dihedral,0.0036036719483879174,-,-0.004418445479864804,0.6796048915723832
56,3084.0943765367506,,,opposite-phase C-H stretching,delta(C4-C3-H15),angle,0.0021820451555010353,+,0.004631150742466364,0.37457272194762403
56,3084.0943765367506,,,opposite-phase C-H stretching,tau(C3-C2-C9-H21),dihedral,0.0017196034612399296,-,-0.003664811870746349,0.4713843801432477
56,3084.0943765367506,,,opposite-phase C-H stretching,tau(C2-C3-C4-H16),dihedral,0.0011466222616560988,-,-0.003921032038789991,0.27458059099928556
56,3084.0943765367506,,,opposite-phase C-H stretching,"gamma(C2;C9,C6,C7)",oop,0.0008288127880113445,-,-0.001889562652283949,0.8546417378486717
56,3084.0943765367506,,,opposite-phase C-H stretching,tau(C3-C4-O8-C7),dihedral,0.0006937474547849841,+,0.0016517665629299778,0.9361691167181562
56,3084.0943765367506,,,opposite-phase C-H stretching,tau(H15-C3-C4-C5),dihedral,0.0006239942994252142,+,0.0031669466189946133,0.22906006726638234
56,3084.0943765367506,,,opposite-phase C-H stretching,nu(C4-C5),bond,0.0004774251081484018,+,0.002303342664290234,0.33131294059860933
56,3084.0943765367506,,,opposite-phase C-H stretching,nu(C3-C4),bond,0.0004771293536553965,+,0.002297743558810551,0.3327233416142365
56,3084.0943765367506,,,opposite-phase C-H stretching,nu(C7-H20),bond,0.0004483710722099435,+,0.0021425893506932213,0.3595919403531978
56,3084.0943765367506,,,opposite-phase C-H stretching,nu(C2-C9),bond,0.0004330179593988718,+,0.002197262166938644,0.3302116574664156
56,3084.0943765367506,,,opposite-phase C-H stretching,delta(H14-C3-H15),angle,0.0004137021398639731,+,0.0026854455804660787,0.21120553881908632
56,3084.0943765367506,,,opposite-phase C-H stretching,nu(C5-C6),bond,0.0003457936531257147,+,0.0018917688200193231,0.35573872105608056
56,3084.0943765367506,,,opposite-phase C-H stretching,delta(C2-C9-H21),angle,0.00023046903066172825,+,0.001916394833192836,0.2310430135999735
56,3084.0943765367506,,,opposite-phase C-H stretching,nu(C4-O8),bond,0.00017720919495249412,+,0.001404302098900128,0.3308380182485744
56,3084.0943765367506,,,opposite-phase C-H stretching,delta(H11-C1-H12),angle,0.00010729869127226232,+,0.001197707959299093,0.27538659836850643
56,3084.0943765367506,,,opposite-phase C-H stretching,delta(C2-C1-H10),angle,8.55688996150431e-05,-,-0.0011962346122675804,0.22015749068391807
56,3084.0943765367506,,,opposite-phase C-H stretching,nu(C7-C9),bond,5.387958506362612e-05,+,0.0007851698335635076,0.3217712809389961
56,3084.0943765367506,,,opposite-phase C-H stretching,nu(C6-C9),bond,5.074344552377203e-05,+,0.0008040922484562118,0.2889471730639286
56,3084.0943765367506,,,opposite-phase C-H stretching,nu(C2-C3),bond,2.8447964937888673e-05,+,0.0005986323317697192,0.2922678964184281
56,3084.0943765367506,,,opposite-phase C-H stretching,tau(H16-C4-O8-C7),dihedral,2.7185528392328652e-05,+,0.00039353287427349197,0.646287850095482
56,3084.0943765367506,,,opposite-phase C-H stretching,nu(C6-H19),bond,2.6952305852794773e-05,-,-0.0005289351438708573,0.3546837789651513
56,3084.0943765367506,,,opposite-phase C-H stretching,"gamma(H20;C7,C6,C9)",oop,2.1505675100446115e-05,-,-0.0005873147204063633,0.2295416801376045
56,3084.0943765367506,,,opposite-phase C-H stretching,nu(C6-C7),bond,6.8200188361468595e-06,+,0.00026717260002662917,0.351764483756105
56,3084.0943765367506,,,opposite-phase C-H stretching,delta(H17-C5-H18),angle,6.4630769117240325e-06,+,0.0002764191283398459,0.3114249374201952
56,3084.0943765367506,,,opposite-phase C-H stretching,nu(C7-O8),bond,2.0865211175893237e-06,-,-0.000148401856945298,0.34881436505138363
56,3084.0943765367506,,,opposite-phase C-H stretching,"gamma(C2;C3,H14,H15)",oop,2.040081125238243e-06,+,0.00015532807789340553,0.31131335337326066
56,3084.0943765367506,,,opposite-phase C-H stretching,tau(H19-C6-C7-O8),dihedral,1.7077933857997222e-06,-,-0.00022252562411925205,0.12697713378346867
56,3084.0943765367506,,,opposite-phase C-H stretching,nu(C1-C2),bond,3.8608898582096843e-07,-,-7.221802728998141e-05,0.2725501455699407
56,3084.0943765367506,,,opposite-phase C-H stretching,"gamma(H20;C7,C6,O8)",oop,2.73597373701058e-07,+,8.225791046725107e-05,0.14886987566679247
56,3084.0943765367506,,,opposite-phase C-H stretching,delta(C7-C6-H19),angle,2.6252408937831737e-07,-,-7.533618342030459e-05,0.17029903189686718
56,3084.0943765367506,,,opposite-phase C-H stretching,"gamma(C6;C9,C2,H21)",oop,2.080971039046906e-07,-,-3.757457748604504e-05,0.5426603274850661
56,3084.0943765367506,,,opposite-phase C-H stretching,delta(C1-C2-H13),angle,5.193691487345237e-08,+,2.7800003018399585e-05,0.24742108678985417
57,3084.6674994719065,,,opposite-phase ring-site C-H stretching,nu(C5-H17),bond,46.6453951509568,-,-0.7196924029832485,0.33325294701181174
57,3084.6674994719065,,,opposite-phase ring-site C-H stretching,nu(C5-H18),bond,34.69080680768769,+,0.6214117923463413,0.33244092209661535
57,3084.6674994719065,,,opposite-phase ring-site C-H stretching,nu(C1-H11),bond,6.521379175059568,+,0.26921776096169553,0.3329592580761004
57,3084.6674994719065,,,opposite-phase ring-site C-H stretching,nu(C4-H16),bond,2.891078642881232,-,-0.1777625551892966,0.33856214359648934
57,3084.6674994719065,,,opposite-phase ring-site C-H stretching,nu(C3-H14),bond,2.74539964814722,-,-0.17559919771417887,0.32947280838759274
57,3084.6674994719065,,,opposite-phase ring-site C-H stretching,nu(C1-H12),bond,2.4760822321358065,-,-0.16591998837356478,0.33283324968659134
57,3084.6674994719065,,,opposite-phase ring-site C-H stretching,nu(C3-H15),bond,2.0547753281155963,+,0.1514601187164738,0.33145671015102407
57,3084.6674994719065,,,opposite-phase ring-site C-H stretching,nu(C1-H10),bond,0.8746355619724849,-,-0.0984284836474718,0.3340754800027871
57,3084.6674994719065,,,opposite-phase ring-site C-H stretching,delta(C6-C5-H18),angle,0.3263141937293642,-,-0.036740178221030234,0.8945662439133465
57,3084.6674994719065,,,opposite-phase ring-site C-H stretching,delta(C4-C5-H18),angle,0.14520608344516509,-,-0.03954760757479626,0.3435606678510062
57,3084.6674994719065,,,opposite-phase ring-site C-H stretching,delta(C6-C5-H17),angle,0.1098553588174612,+,0.03743176262617927,0.2901347508842103
57,3084.6674994719065,,,opposite-phase ring-site C-H stretching,delta(C5-C4-O8),angle,0.09996137629097995,+,0.013993039951013876,1.8891530232339337
57,3084.6674994719065,,,opposite-phase ring-site C-H stretching,"gamma(H16;C4,C5,O8)",oop,0.08503174939348301,+,0.024426601889715998,0.5273683528647449
57,3084.6674994719065,,,opposite-phase ring-site C-H stretching,nu(C2-H13),bond,0.07648692100540931,-,-0.02973683027691567,0.3200787845755846
57,3084.6674994719065,,,opposite-phase ring-site C-H stretching,tau(C3-C4-C5-H18),dihedral,0.061811451738632964,+,0.021773841513302347,0.4824561953511669
57,3084.6674994719065,,,opposite-phase ring-site C-H stretching,delta(C5-C6-C7),angle,0.04724112467371934,+,0.01169020629864365,1.2791896492453412
57,3084.6674994719065,,,opposite-phase ring-site C-H stretching,tau(C2-C3-C4-C5),dihedral,0.033197608686073514,+,0.01344481039734212,0.6796048915723832
57,3084.6674994719065,,,opposite-phase ring-site C-H stretching,tau(C3-C4-O8-C7),dihedral,0.016891713014833668,-,-0.008171263613157422,0.9361691167181562
57,3084.6674994719065,,,opposite-phase ring-site C-H stretching,delta(C2-C1-H11),angle,0.013619322706590692,-,-0.015037105201906363,0.2228876950441817
57,3084.6674994719065,,,opposite-phase ring-site C-H stretching,delta(C4-C3-H15),angle,0.011134700142153916,-,-0.010488194169562499,0.37457272194762403
57,3084.6674994719065,,,opposite-phase ring-site C-H stretching,nu(C9-H21),bond,0.009710733836096953,+,0.01017800237766101,0.346885393723776
57,3084.6674994719065,,,opposite-phase ring-site C-H stretching,delta(C1-C2-C9),angle,0.008235877630318198,-,-0.00972019764969404,0.3225661213649848
57,3084.6674994719065,,,opposite-phase ring-site C-H stretching,nu(C4-C5),bond,0.006854909734552392,+,0.00875006340494184,0.33131294059860933
57,3084.6674994719065,,,opposite-phase ring-site C-H stretching,delta(C2-C1-H12),angle,0.006262558070762527,+,0.008852364246136378,0.29572788270104006
57,3084.6674994719065,,,opposite-phase ring-site C-H stretching,tau(H10-C1-C2-H13),dihedral,0.0056687974203263655,+,0.010945325184974581,0.17510262560992168
57,3084.6674994719065,,,opposite-phase ring-site C-H stretching,tau(C3-C2-C9-H21),dihedral,0.004854803602511651,+,0.006173447630677709,0.4713843801432477
57,3084.6674994719065,,,opposite-phase ring-site C-H stretching,nu(C6-H19),bond,0.004624977830791089,-,-0.006946462468557234,0.3546837789651513
57,3084.6674994719065,,,opposite-phase ring-site C-H stretching,nu(C7-H20),bond,0.004609605993171514,+,0.006887418258781783,0.3595919403531978
57,3084.6674994719065,,,opposite-phase ring-site C-H stretching,nu(C5-C6),bond,0.003865974240175563,+,0.0063415210395882365,0.35573872105608056
57,3084.6674994719065,,,opposite-phase ring-site C-H stretching,tau(C2-C3-C4-H16),dihedral,0.003456896315235144,+,0.0068255521394199456,0.27458059099928556
57,3084.6674994719065,,,opposite-phase ring-site C-H stretching,nu(C4-O8),bond,0.0028775683883436425,+,0.005673285651899175,0.3308380182485744
57,3084.6674994719065,,,opposite-phase ring-site C-H stretching,nu(C3-C4),bond,0.002750952549883751,+,0.005531328411477237,0.3327233416142365
57,3084.6674994719065,,,opposite-phase ring-site C-H stretching,delta(C2-C1-H10),angle,0.0025937697050687084,+,0.006602805476634493,0.22015749068391807
57,3084.6674994719065,,,opposite-phase ring-site C-H stretching,tau(H11-C1-C2-H13),dihedral,0.001784081314441947,-,-0.004084410403469399,0.395744562160233
57,3084.6674994719065,,,opposite-phase ring-site C-H stretching,delta(H11-C1-H12),angle,0.001717252253007476,-,-0.004803692245736377,0.27538659836850643
57,3084.6674994719065,,,opposite-phase ring-site C-H stretching,delta(C1-C2-H13),angle,0.001482067780523496,+,0.004708094890016468,0.24742108678985417
57,3084.6674994719065,,,opposite-phase ring-site C-H stretching,tau(H11-C1-C2-C9),dihedral,0.0004261557810798913,-,-0.0025415178011369186,0.24414123171457477
57,3084.6674994719065,,,opposite-phase ring-site C-H stretching,"gamma(C2;C9,C6,C7)",oop,0.00037960553592885965,+,0.0012820464155992167,0.8546417378486717
57,3084.6674994719065,,,opposite-phase ring-site C-H stretching,delta(H17-C5-H18),angle,0.0003069874475537046,+,0.0019099110678174455,0.3114249374201952
57,3084.6674994719065,,,opposite-phase ring-site C-H stretching,nu(C2-C3),bond,0.0002843093974113411,+,0.0018972937669129416,0.2922678964184281
57,3084.6674994719065,,,opposite-phase ring-site C-H stretching,"gamma(C2;C3,H14,H15)",oop,0.0001225987383399908,+,0.0012071845125484332,0.31131335337326066
57,3084.6674994719065,,,opposite-phase ring-site C-H stretching,delta(H14-C3-H15),angle,0.00012117140743417607,+,0.001457058383106509,0.21120553881908632
57,3084.6674994719065,,,opposite-phase ring-site C-H stretching,tau(C1-C2-C9-C6),dihedral,0.00010085466899914629,-,-0.0011567636598546324,0.2789110970433987
57,3084.6674994719065,,,opposite-phase ring-site C-H stretching,tau(H15-C3-C4-C5),dihedral,9.382334105160427e-05,-,-0.0012311480583738997,0.22906006726638234
57,3084.6674994719065,,,opposite-phase ring-site C-H stretching,nu(C7-C9),bond,8.995520441041657e-05,-,-0.001017112606322131,0.3217712809389961
57,3084.6674994719065,,,opposite-phase ring-site C-H stretching,"gamma(C6;C9,C2,H21)",oop,8.386851225557061e-05,-,-0.0007562492599703671,0.5426603274850661
57,3084.6674994719065,,,opposite-phase ring-site C-H stretching,nu(C6-C9),bond,7.947390980373131e-05,-,-0.0010088639278757361,0.2889471730639286
57,3084.6674994719065,,,opposite-phase ring-site C-H stretching,tau(H19-C6-C7-O8),dihedral,5.016095738944415e-05,-,-0.0012090650798374483,0.12697713378346867
57,3084.6674994719065,,,opposite-phase ring-site C-H stretching,delta(C2-C9-H21),angle,4.256283769437992e-05,-,-0.000825654584279558,0.2310430135999735
57,3084.6674994719065,,,opposite-phase ring-site C-H stretching,nu(C7-O8),bond,3.908780325749264e-05,+,0.0006439512347237005,0.34881436505138363
57,3084.6674994719065,,,opposite-phase ring-site C-H stretching,tau(H16-C4-O8-C7),dihedral,2.970549984383241e-05,+,0.00041241548737816464,0.646287850095482
57,3084.6674994719065,,,opposite-phase ring-site C-H stretching,nu(C1-C2),bond,2.926480692806546e-05,+,0.0006303462185785626,0.2725501455699407
57,3084.6674994719065,,,opposite-phase ring-site C-H stretching,nu(C6-C7),bond,2.5337787150056624e-05,+,0.000516283061831222,0.351764483756105
57,3084.6674994719065,,,opposite-phase ring-site C-H stretching,"gamma(H20;C7,C6,C9)",oop,2.33737139842817e-05,+,0.0006138505001688245,0.2295416801376045
57,3084.6674994719065,,,opposite-phase ring-site C-H stretching,"gamma(H20;C7,C6,O8)",oop,1.1332343635144499e-05,+,0.00053074508890779,0.14886987566679247
57,3084.6674994719065,,,opposite-phase ring-site C-H stretching,delta(C7-C6-H19),angle,5.357329016762325e-06,-,-0.00034119102564504405,0.17029903189686718
57,3084.6674994719065,,,opposite-phase ring-site C-H stretching,nu(C2-C9),bond,3.571131656424857e-08,-,-2.0004894235422378e-05,0.3302116574664156
58,3091.0877318696603,,,mixed-phase C-H stretching,nu(C1-H10),bond,65.35844423688532,+,0.8496053990781182,0.3340754800027871
58,3091.0877318696603,,,mixed-phase C-H stretching,nu(C1-H12),bond,15.786682740837419,-,-0.41833172281091796,0.33283324968659134
58,3091.0877318696603,,,mixed-phase C-H stretching,nu(C1-H11),bond,13.19464381808894,-,-0.38237720925324925,0.3329592580761004
58,3091.0877318696603,,,mixed-phase C-H stretching,nu(C2-H13),bond,2.087186487947283,-,-0.15511039144461167,0.3200787845755846
58,3091.0877318696603,,,mixed-phase C-H stretching,nu(C3-H15),bond,1.2670059973052727,+,0.11875848228720494,0.33145671015102407
58,3091.0877318696603,,,mixed-phase C-H stretching,nu(C3-H14),bond,1.0622689978916753,-,-0.10906770522930896,0.32947280838759274
58,3091.0877318696603,,,mixed-phase C-H stretching,nu(C5-H17),bond,0.3839717833348927,-,-0.06520056622205858,0.33325294701181174
58,3091.0877318696603,,,mixed-phase C-H stretching,tau(H11-C1-C2-H13),dihedral,0.164633144656652,-,-0.0391777842293558,0.395744562160233
58,3091.0877318696603,,,mixed-phase C-H stretching,nu(C5-H18),bond,0.16034392527748811,+,0.042184968350277546,0.33244092209661535
58,3091.0877318696603,,,mixed-phase C-H stretching,delta(H11-C1-H12),angle,0.11141294160866254,+,0.038635374907337504,0.27538659836850643
58,3091.0877318696603,,,mixed-phase C-H stretching,delta(C2-C1-H10),angle,0.09908893748634717,-,-0.04075065218412563,0.22015749068391807
58,3091.0877318696603,,,mixed-phase C-H stretching,tau(H11-C1-C2-C9),dihedral,0.07964036860188352,-,-0.034692434440031804,0.24414123171457477
58,3091.0877318696603,,,mixed-phase C-H stretching,tau(C1-C2-C9-C6),dihedral,0.04878857337559085,-,-0.025404746975075766,0.2789110970433987
58,3091.0877318696603,,,mixed-phase C-H stretching,delta(C1-C2-H13),angle,0.04686540297546008,-,-0.02643604813359856,0.24742108678985417
58,3091.0877318696603,,,mixed-phase C-H stretching,nu(C9-H21),bond,0.042136345233149304,+,0.021170159802998172,0.346885393723776
58,3091.0877318696603,,,mixed-phase C-H stretching,delta(C2-C1-H12),angle,0.03959581084808928,+,0.02222630116455403,0.29572788270104006
58,3091.0877318696603,,,mixed-phase C-H stretching,delta(C2-C1-H11),angle,0.02467802320569597,+,0.020211607172062045,0.2228876950441817
58,3091.0877318696603,,,mixed-phase C-H stretching,nu(C4-H16),bond,0.010749815554431642,-,-0.010823557275428462,0.33856214359648934
58,3091.0877318696603,,,mixed-phase C-H stretching,delta(C1-C2-C9),angle,0.008999520015208819,+,0.010145863350098028,0.3225661213649848
58,3091.0877318696603,,,mixed-phase C-H stretching,delta(C4-C3-H15),angle,0.0034574094090144163,-,-0.005835741451157039,0.37457272194762403
58,3091.0877318696603,,,mixed-phase C-H stretching,tau(C2-C3-C4-C5),dihedral,0.002728398300640228,+,0.0038487025563484485,0.6796048915723832
58,3091.0877318696603,,,mixed-phase C-H stretching,"gamma(C6;C9,C2,H21)",oop,0.0026968364102338094,-,-0.004282052389174676,0.5426603274850661
58,3091.0877318696603,,,mixed-phase C-H stretching,delta(C6-C5-H18),angle,0.002274624852200755,-,-0.0030629319496087598,0.8945662439133465
58,3091.0877318696603,,,mixed-phase C-H stretching,"gamma(C2;C9,C6,C7)",oop,0.0017516773853018257,+,0.0027499431995702123,0.8546417378486717
58,3091.0877318696603,,,mixed-phase C-H stretching,tau(C3-C4-O8-C7),dihedral,0.001559278663249347,-,-0.0024789822904525928,0.9361691167181562
58,3091.0877318696603,,,mixed-phase C-H stretching,nu(C2-C3),bond,0.0014252558118516183,+,0.004241745078522922,0.2922678964184281
58,3091.0877318696603,,,mixed-phase C-H stretching,delta(C5-C4-O8),angle,0.0009920524170440909,+,0.0013919462078467836,1.8891530232339337
58,3091.0877318696603,,,mixed-phase C-H stretching,delta(C4-C5-H18),angle,0.0009687673404981421,-,-0.003225497700937763,0.3435606678510062
58,3091.0877318696603,,,mixed-phase C-H stretching,nu(C2-C9),bond,0.00088625720960353,+,0.0031468236192757353,0.3302116574664156
58,3091.0877318696603,,,mixed-phase C-H stretching,delta(C6-C5-H17),angle,0.0007006575671218771,+,0.002984982193918744,0.2901347508842103
58,3091.0877318696603,,,mixed-phase C-H stretching,nu(C1-C2),bond,0.0006645907309665177,+,0.002999457011566235,0.2725501455699407
58,3091.0877318696603,,,mixed-phase C-H stretching,delta(C5-C6-C7),angle,0.0005508378475706442,+,0.0012604717865292241,1.2791896492453412
58,3091.0877318696603,,,mixed-phase C-H stretching,"gamma(H16;C4,C5,O8)",oop,0.0005008653930591331,+,0.0018719411518256675,0.5273683528647449
58,3091.0877318696603,,,mixed-phase C-H stretching,delta(C2-C9-H21),angle,0.0004099420607838994,-,-0.002558606688650702,0.2310430135999735
58,3091.0877318696603,,,mixed-phase C-H stretching,tau(C3-C2-C9-H21),dihedral,0.00035382971233357294,+,0.0016641722162193404,0.4713843801432477
58,3091.0877318696603,,,mixed-phase C-H stretching,delta(H14-C3-H15),angle,0.00014788657996118356,-,-0.0016073129444980872,0.21120553881908632
58,3091.0877318696603,,,mixed-phase C-H stretching,"gamma(C2;C3,H14,H15)",oop,0.00014508739089594784,-,-0.0013113078825197657,0.31131335337326066
58,3091.0877318696603,,,mixed-phase C-H stretching,tau(H15-C3-C4-C5),dihedral,0.00013187648117874454,-,-0.0014574635240385807,0.22906006726638234
58,3091.0877318696603,,,mixed-phase C-H stretching,nu(C5-C6),bond,6.921321351559755e-05,+,0.0008472618434626153,0.35573872105608056
58,3091.0877318696603,,,mixed-phase C-H stretching,nu(C6-C9),bond,6.544092810537811e-05,-,-0.0009141221054904149,0.2889471730639286
58,3091.0877318696603,,,mixed-phase C-H stretching,tau(C2-C3-C4-H16),dihedral,5.229740285401414e-05,+,0.0008382891679379689,0.27458059099928556
58,3091.0877318696603,,,mixed-phase C-H stretching,nu(C4-C5),bond,5.1021698215646634e-05,+,0.0007537840897131638,0.33131294059860933
58,3091.0877318696603,,,mixed-phase C-H stretching,nu(C7-C9),bond,4.622863389594784e-05,-,-0.0007280657502202883,0.3217712809389961
58,3091.0877318696603,,,mixed-phase C-H stretching,delta(H17-C5-H18),angle,4.592962357755634e-05,+,0.000737663782752727,0.3114249374201952
58,3091.0877318696603,,,mixed-phase C-H stretching,tau(C3-C4-C5-H18),dihedral,4.5557592364738686e-05,-,-0.0005902556454376274,0.4824561953511669
58,3091.0877318696603,,,mixed-phase C-H stretching,nu(C4-O8),bond,4.1054797238957844e-05,+,0.000676648247957543,0.3308380182485744
58,3091.0877318696603,,,mixed-phase C-H stretching,nu(C7-H20),bond,2.7410683840014292e-05,-,-0.0005303269185958221,0.3595919403531978
58,3091.0877318696603,,,mixed-phase C-H stretching,"gamma(H20;C7,C6,C9)",oop,2.2829042043260954e-05,+,0.0006057616525750824,0.2295416801376045
58,3091.0877318696603,,,mixed-phase C-H stretching,tau(H10-C1-C2-H13),dihedral,1.844011589970815e-05,+,0.0006233388641037478,0.17510262560992168
58,3091.0877318696603,,,mixed-phase C-H stretching,nu(C6-H19),bond,1.1686501220404854e-05,-,-0.00034866656411755293,0.3546837789651513
58,3091.0877318696603,,,mixed-phase C-H stretching,tau(H19-C6-C7-O8),dihedral,6.464882204610487e-06,+,0.00043341731703802643,0.12697713378346867
58,3091.0877318696603,,,mixed-phase C-H stretching,nu(C7-O8),bond,6.187185592110353e-06,+,0.00025582212488745016,0.34881436505138363
58,3091.0877318696603,,,mixed-phase C-H stretching,nu(C3-C4),bond,3.6137892478606436e-06,+,0.0002001835964187695,0.3327233416142365
58,3091.0877318696603,,,mixed-phase C-H stretching,delta(C7-C6-H19),angle,2.19143352839124e-06,-,-0.00021789475312066308,0.17029903189686718
58,3091.0877318696603,,,mixed-phase C-H stretching,nu(C6-C7),bond,7.726143757413854e-07,-,-9.00210572780791e-05,0.351764483756105
58,3091.0877318696603,,,mixed-phase C-H stretching,"gamma(H20;C7,C6,O8)",oop,5.440902530578951e-07,-,-0.0001161236749235301,0.14886987566679247
58,3091.0877318696603,,,mixed-phase C-H stretching,tau(H16-C4-O8-C7),dihedral,1.1307902704159236e-07,+,2.5407781560990835e-05,0.646287850095482
59,3098.5631877205155,,,ring-site C-H stretching,nu(C4-H16),bond,93.5099930037203,+,1.0092371080280547,0.33856214359648934
59,3098.5631877205155,,,ring-site C-H stretching,nu(C5-H18),bond,3.542134887436005,+,0.19822512695931183,0.33244092209661535
59,3098.5631877205155,,,ring-site C-H stretching,nu(C3-H15),bond,0.7140103065784286,+,0.08912965566473181,0.33145671015102407
59,3098.5631877205155,,,ring-site C-H stretching,nu(C5-H17),bond,0.467541887072914,-,-0.07192943673608274,0.33325294701181174
59,3098.5631877205155,,,ring-site C-H stretching,delta(C5-C4-O8),angle,0.405770284036167,+,0.02814426729394172,1.8891530232339337
59,3098.5631877205155,,,ring-site C-H stretching,nu(C3-H14),bond,0.28218949693077383,+,0.05620099827557811,0.32947280838759274
59,3098.5631877205155,,,ring-site C-H stretching,tau(C3-C4-O8-C7),dihedral,0.1872058208069491,+,0.027156007197821085,0.9361691167181562
59,3098.5631877205155,,,ring-site C-H stretching,"gamma(H16;C4,C5,O8)",oop,0.17589340880444113,-,-0.03507124204503117,0.5273683528647449
59,3098.5631877205155,,,ring-site C-H stretching,tau(C2-C3-C4-C5),dihedral,0.1569386079670484,+,0.0291823354989908,0.6796048915723832
59,3098.5631877205155,,,ring-site C-H stretching,nu(C4-C5),bond,0.1276815194300039,-,-0.03769886001070632,0.33131294059860933
59,3098.5631877205155,,,ring-site C-H stretching,nu(C3-C4),bond,0.10650960160593427,-,-0.03435865397089207,0.3327233416142365
59,3098.5631877205155,,,ring-site C-H stretching,tau(C3-C4-C5-H18),dihedral,0.047195331276925524,-,-0.018993454978763615,0.4824561953511669
59,3098.5631877205155,,,ring-site C-H stretching,nu(C6-H19),bond,0.04009418834658553,-,-0.02041754143786147,0.3546837789651513
59,3098.5631877205155,,,ring-site C-H stretching,nu(C4-O8),bond,0.04003014886426577,-,-0.021123666065625265,0.3308380182485744
59,3098.5631877205155,,,ring-site C-H stretching,tau(H15-C3-C4-C5),dihedral,0.03241709644840955,+,0.022845241883150215,0.22906006726638234
59,3098.5631877205155,,,ring-site C-H stretching,nu(C9-H21),bond,0.030403978025101235,-,-0.01797858858672392,0.346885393723776
59,3098.5631877205155,,,ring-site C-H stretching,nu(C1-H11),bond,0.027455975595264602,+,0.017438386080165274,0.3329592580761004
59,3098.5631877205155,,,ring-site C-H stretching,nu(C7-H20),bond,0.027442832634769786,-,-0.016776172766094135,0.3595919403531978
59,3098.5631877205155,,,ring-site C-H stretching,delta(C4-C5-H18),angle,0.021174280320958895,+,0.015075995740441788,0.3435606678510062
59,3098.5631877205155,,,ring-site C-H stretching,delta(C4-C3-H15),angle,0.01965864150936149,+,0.013912080248695854,0.37457272194762403
59,3098.5631877205155,,,ring-site C-H stretching,delta(C6-C5-H18),angle,0.01637935107035544,-,-0.00821723086481932,0.8945662439133465
59,3098.5631877205155,,,ring-site C-H stretching,nu(C1-H12),bond,0.004200985860331041,-,-0.006822533130511265,0.33283324968659134
59,3098.5631877205155,,,ring-site C-H stretching,delta(C6-C5-H17),angle,0.003377898513515947,+,0.006552496837247974,0.2901347508842103
59,3098.5631877205155,,,ring-site C-H stretching,nu(C2-H13),bond,0.003156732087543614,+,0.0060307845540420145,0.3200787845755846
59,3098.5631877205155,,,ring-site C-H stretching,delta(H17-C5-H18),angle,0.002225601352550316,-,-0.005133698881690526,0.3114249374201952
59,3098.5631877205155,,,ring-site C-H stretching,nu(C2-C3),bond,0.001879739364088201,-,-0.004870142370566931,0.2922678964184281
59,3098.5631877205155,,,ring-site C-H stretching,delta(H14-C3-H15),angle,0.001680249095991885,-,-0.005416485434694323,0.21120553881908632
59,3098.5631877205155,,,ring-site C-H stretching,"gamma(C2;C3,H14,H15)",oop,0.0015928993333327872,-,-0.0043438886739917085,0.31131335337326066
59,3098.5631877205155,,,ring-site C-H stretching,tau(C2-C3-C4-H16),dihedral,0.0010601604236672698,+,0.003773412399613636,0.27458059099928556
59,3098.5631877205155,,,ring-site C-H stretching,tau(H16-C4-O8-C7),dihedral,0.0007168539466026256,-,-0.002022487008651646,0.646287850095482
59,3098.5631877205155,,,ring-site C-H stretching,nu(C5-C6),bond,0.0004658965035432253,-,-0.0021976703655169566,0.35573872105608056
59,3098.5631877205155,,,ring-site C-H stretching,"gamma(C2;C9,C6,C7)",oop,0.0002323780863330502,-,-0.0010013569865663246,0.8546417378486717
59,3098.5631877205155,,,ring-site C-H stretching,nu(C6-C7),bond,0.00021924343796329406,+,0.0015160750607382003,0.351764483756105
59,3098.5631877205155,,,ring-site C-H stretching,tau(C3-C2-C9-H21),dihedral,0.00020843193820871788,+,0.0012769618886849937,0.4713843801432477
59,3098.5631877205155,,,ring-site C-H stretching,nu(C1-H10),bond,0.0001627550067982569,-,-0.0013403810347582517,0.3340754800027871
59,3098.5631877205155,,,ring-site C-H stretching,nu(C7-C9),bond,0.00015249524290192955,+,0.0013220196317832206,0.3217712809389961
59,3098.5631877205155,,,ring-site C-H stretching,nu(C6-C9),bond,0.00010028242932170594,+,0.0011313229418920176,0.2889471730639286
59,3098.5631877205155,,,ring-site C-H stretching,delta(C2-C1-H12),angle,8.979292631531347e-05,+,0.0010581770098984128,0.29572788270104006
59,3098.5631877205155,,,ring-site C-H stretching,delta(C1-C2-C9),angle,6.947501726471129e-05,-,-0.0008912270340008987,0.3225661213649848
59,3098.5631877205155,,,ring-site C-H stretching,tau(H11-C1-C2-H13),dihedral,6.487350846599232e-05,-,-0.0007775164944168948,0.395744562160233
59,3098.5631877205155,,,ring-site C-H stretching,nu(C7-O8),bond,4.319637772514724e-05,-,-0.0006757870732835337,0.34881436505138363
59,3098.5631877205155,,,ring-site C-H stretching,"gamma(H20;C7,C6,C9)",oop,2.937822400524147e-05,-,-0.0006870136832262317,0.2295416801376045
59,3098.5631877205155,,,ring-site C-H stretching,delta(C2-C9-H21),angle,2.7534749640890478e-05,+,0.0006629450645793861,0.2310430135999735
59,3098.5631877205155,,,ring-site C-H stretching,delta(C2-C1-H11),angle,2.3286270940351823e-05,-,-0.0006207122589052533,0.2228876950441817
59,3098.5631877205155,,,ring-site C-H stretching,tau(H11-C1-C2-C9),dihedral,2.22747910080577e-05,+,0.0005800556340350144,0.24414123171457477
59,3098.5631877205155,,,ring-site C-H stretching,delta(C1-C2-H13),angle,2.1767221486745336e-05,-,-0.0005695954863317375,0.24742108678985417
59,3098.5631877205155,,,ring-site C-H stretching,nu(C2-C9),bond,2.0094807757699322e-05,+,0.0004737280748915794,0.3302116574664156
59,3098.5631877205155,,,ring-site C-H stretching,delta(H11-C1-H12),angle,1.2723436733883087e-05,-,-0.00041277578558272885,0.27538659836850643
59,3098.5631877205155,,,ring-site C-H stretching,tau(C1-C2-C9-C6),dihedral,1.051222064698643e-05,-,-0.0003728187389319058,0.2789110970433987
59,3098.5631877205155,,,ring-site C-H stretching,delta(C7-C6-H19),angle,4.988280178459314e-06,+,0.0003286644459851319,0.17029903189686718
59,3098.5631877205155,,,ring-site C-H stretching,tau(H10-C1-C2-H13),dihedral,2.5900511310407947e-06,+,0.00023355611138348352,0.17510262560992168
59,3098.5631877205155,,,ring-site C-H stretching,tau(H19-C6-C7-O8),dihedral,1.3460286355344692e-06,-,-0.00019771871800049038,0.12697713378346867
59,3098.5631877205155,,,ring-site C-H stretching,"gamma(C6;C9,C2,H21)",oop,1.0867292152533995e-06,+,8.593696881597083e-05,0.5426603274850661
59,3098.5631877205155,,,ring-site C-H stretching,delta(C2-C1-H10),angle,8.36260238953632e-07,+,0.00011835521178340059,0.22015749068391807
59,3098.5631877205155,,,ring-site C-H stretching,nu(C1-C2),bond,6.611515389654967e-07,+,9.458247918472243e-05,0.2725501455699407
59,3098.5631877205155,,,ring-site C-H stretching,delta(C5-C6-C7),angle,3.3063863614653916e-07,+,3.087398779965236e-05,1.2791896492453412
59,3098.5631877205155,,,ring-site C-H stretching,"gamma(H20;C7,C6,O8)",oop,2.04814891581862e-10,-,-2.2524789869952407e-06,0.14886987566679247
60,3135.2948759000537,,,ring-site C-H stretching,nu(C9-H21),bond,96.94020023124897,-,-1.0269536669265236,0.346885393723776
60,3135.2948759000537,,,ring-site C-H stretching,nu(C6-H19),bond,1.2425288090333289,+,0.11498057349486161,0.3546837789651513
60,3135.2948759000537,,,ring-site C-H stretching,"gamma(C2;C9,C6,C7)",oop,0.7053367487574597,-,-0.055808211787700575,0.8546417378486717
60,3135.2948759000537,,,ring-site C-H stretching,nu(C7-H20),bond,0.46814544370141176,+,0.07009343222048986,0.3595919403531978
60,3135.2948759000537,,,ring-site C-H stretching,nu(C1-H12),bond,0.127342524133251,-,-0.03799839690835973,0.33283324968659134
60,3135.2948759000537,,,ring-site C-H stretching,nu(C2-C9),bond,0.11260381588644336,+,0.03587337636340044,0.3302116574664156
60,3135.2948759000537,,,ring-site C-H stretching,nu(C7-C9),bond,0.09381952308967006,+,0.03317148172234225,0.3217712809389961
60,3135.2948759000537,,,ring-site C-H stretching,nu(C6-C9),bond,0.07407758923881103,+,0.031104705637248795,0.2889471730639286
60,3135.2948759000537,,,ring-site C-H stretching,nu(C2-H13),bond,0.050688909922429054,-,-0.02444668247310911,0.3200787845755846
60,3135.2948759000537,,,ring-site C-H stretching,delta(C2-C9-H21),angle,0.035276161019352104,+,0.024004139295372484,0.2310430135999735
60,3135.2948759000537,,,ring-site C-H stretching,tau(C1-C2-C9-C6),dihedral,0.029846882697404816,+,0.020095947750693004,0.2789110970433987
60,3135.2948759000537,,,ring-site C-H stretching,delta(C1-C2-C9),angle,0.028626540593175417,-,-0.018300668683054803,0.3225661213649848
60,3135.2948759000537,,,ring-site C-H stretching,tau(H11-C1-C2-C9),dihedral,0.02074587809985097,+,0.01790759425373034,0.24414123171457477
60,3135.2948759000537,,,ring-site C-H stretching,nu(C4-H16),bond,0.017380935618923857,-,-0.013919039844341966,0.33856214359648934
60,3135.2948759000537,,,ring-site C-H stretching,"gamma(H20;C7,C6,C9)",oop,0.011747014662508494,-,-0.013897122246342444,0.2295416801376045
60,3135.2948759000537,,,ring-site C-H stretching,"gamma(C6;C9,C2,H21)",oop,0.00977766193884879,+,0.008246038780865573,0.5426603274850661
60,3135.2948759000537,,,ring-site C-H stretching,nu(C3-H15),bond,0.006920363978347812,-,-0.0088765246036233,0.33145671015102407
60,3135.2948759000537,,,ring-site C-H stretching,nu(C1-H11),bond,0.0039033295817329427,+,0.006651413757420522,0.3329592580761004
60,3135.2948759000537,,,ring-site C-H stretching,nu(C6-C7),bond,0.0036951509354528895,-,-0.0062962504894070615,0.351764483756105
60,3135.2948759000537,,,ring-site C-H stretching,nu(C1-H10),bond,0.003549660180629114,+,0.006332321979408414,0.3340754800027871
60,3135.2948759000537,,,ring-site C-H stretching,delta(C5-C6-C7),angle,0.003036759225804885,+,0.0029931577889994163,1.2791896492453412
60,3135.2948759000537,,,ring-site C-H stretching,nu(C3-H14),bond,0.0028421124282641498,-,-0.005705618615435383,0.32947280838759274
60,3135.2948759000537,,,ring-site C-H stretching,nu(C5-C6),bond,0.00248522379357105,-,-0.0051346291524982345,0.35573872105608056
60,3135.2948759000537,,,ring-site C-H stretching,delta(C6-C5-H18),angle,0.001052539429757766,+,0.002107195520724915,0.8945662439133465
60,3135.2948759000537,,,ring-site C-H stretching,tau(C3-C2-C9-H21),dihedral,0.0008468863901906617,-,-0.002603855523630122,0.4713843801432477
60,3135.2948759000537,,,ring-site C-H stretching,tau(H11-C1-C2-H13),dihedral,0.0007683470971533755,-,-0.0027068435169900025,0.395744562160233
60,3135.2948759000537,,,ring-site C-H stretching,delta(H11-C1-H12),angle,0.00049661680745596,+,0.0026087424580897075,0.27538659836850643
60,3135.2948759000537,,,ring-site C-H stretching,nu(C7-O8),bond,0.00043378154816398865,-,-0.002166358146852426,0.34881436505138363
60,3135.2948759000537,,,ring-site C-H stretching,nu(C2-C3),bond,0.0003972237713104811,+,0.002264743170912687,0.2922678964184281
60,3135.2948759000537,,,ring-site C-H stretching,delta(C2-C1-H11),angle,0.0003215205533739373,-,-0.002333206750483189,0.2228876950441817
60,3135.2948759000537,,,ring-site C-H stretching,tau(C2-C3-C4-C5),dihedral,0.00016767192674079471,-,-0.0009649256027524126,0.6796048915723832
60,3135.2948759000537,,,ring-site C-H stretching,delta(C1-C2-H13),angle,0.00011107095798394505,+,0.0013015888039158707,0.24742108678985417
60,3135.2948759000537,,,ring-site C-H stretching,"gamma(C2;C3,H14,H15)",oop,8.830822967372152e-05,-,-0.001034650364139549,0.31131335337326066
60,3135.2948759000537,,,ring-site C-H stretching,tau(H16-C4-O8-C7),dihedral,7.90850034504959e-05,-,-0.0006795571302881893,0.646287850095482
60,3135.2948759000537,,,ring-site C-H stretching,delta(H14-C3-H15),angle,7.689533901748382e-05,+,0.0011721663692248383,0.21120553881908632
60,3135.2948759000537,,,ring-site C-H stretching,nu(C5-H17),bond,7.156559977510111e-05,-,-0.0009002374150484714,0.33325294701181174
60,3135.2948759000537,,,ring-site C-H stretching,"gamma(H16;C4,C5,O8)",oop,6.071881964788207e-05,+,0.0006591686261755501,0.5273683528647449
60,3135.2948759000537,,,ring-site C-H stretching,"gamma(H20;C7,C6,O8)",oop,5.4344204101629796e-05,-,-0.00117372161892337,0.14886987566679247
60,3135.2948759000537,,,ring-site C-H stretching,tau(C3-C4-O8-C7),dihedral,5.2226575027142226e-05,-,-0.0004588392048610864,0.9361691167181562
60,3135.2948759000537,,,ring-site C-H stretching,delta(C7-C6-H19),angle,4.9676766508744053e-05,-,-0.001049210119621872,0.17029903189686718
60,3135.2948759000537,,,ring-site C-H stretching,tau(H15-C3-C4-C5),dihedral,4.9634779581354664e-05,-,-0.00090429526600499,0.22906006726638234
60,3135.2948759000537,,,ring-site C-H stretching,tau(C2-C3-C4-H16),dihedral,4.878214278161977e-05,-,-0.0008188180718356899,0.27458059099928556
60,3135.2948759000537,,,ring-site C-H stretching,nu(C3-C4),bond,4.747616965751023e-05,+,0.000733817564106638,0.3327233416142365
60,3135.2948759000537,,,ring-site C-H stretching,delta(C5-C4-O8),angle,3.917905356984161e-05,-,-0.00027975979562119916,1.8891530232339337
60,3135.2948759000537,,,ring-site C-H stretching,tau(H19-C6-C7-O8),dihedral,3.327038706361033e-05,+,0.0009943930204177537,0.12697713378346867
60,3135.2948759000537,,,ring-site C-H stretching,nu(C4-C5),bond,2.4230946637690602e-05,+,0.0005253610744707681,0.33131294059860933
60,3135.2948759000537,,,ring-site C-H stretching,nu(C1-C2),bond,1.9195873557591445e-05,+,0.0005155521847532027,0.2725501455699407
60,3135.2948759000537,,,ring-site C-H stretching,delta(C4-C5-H18),angle,9.803373042321335e-06,-,-0.0003281541838884529,0.3435606678510062
60,3135.2948759000537,,,ring-site C-H stretching,tau(C3-C4-C5-H18),dihedral,9.229224707823078e-06,-,-0.0002686863271222894,0.4824561953511669
60,3135.2948759000537,,,ring-site C-H stretching,delta(C2-C1-H12),angle,3.896646948126853e-06,-,-0.00022299303215242994,0.29572788270104006
60,3135.2948759000537,,,ring-site C-H stretching,nu(C4-O8),bond,2.792427741552091e-06,+,0.00017847408621885096,0.3308380182485744
60,3135.2948759000537,,,ring-site C-H stretching,delta(C2-C1-H10),angle,2.0623226297522923e-06,-,-0.00018801974997453334,0.22015749068391807
60,3135.2948759000537,,,ring-site C-H stretching,delta(C4-C3-H15),angle,1.703155014040641e-06,+,0.00013099385276709366,0.37457272194762403
60,3135.2948759000537,,,ring-site C-H stretching,delta(C6-C5-H17),angle,1.5191724629492565e-06,+,0.00014057094535418547,0.2901347508842103
60,3135.2948759000537,,,ring-site C-H stretching,delta(H17-C5-H18),angle,1.1326630964597167e-06,+,0.00011715628261237202,0.3114249374201952
60,3135.2948759000537,,,ring-site C-H stretching,nu(C5-H18),bond,3.283171522171954e-07,-,-6.104940666077777e-05,0.33244092209661535
60,3135.2948759000537,,,ring-site C-H stretching,tau(H10-C1-C2-H13),dihedral,1.4559326807291167e-08,+,1.7713982799487972e-05,0.17510262560992168
61,3174.005684143496,,,ring-site C-H stretching,nu(C6-H19),bond,93.71962217568839,+,1.0101764097106578,0.3546837789651513
61,3174.005684143496,,,ring-site C-H stretching,nu(C7-H20),bond,4.0288847485427315,-,-0.20801280420121998,0.3595919403531978
61,3174.005684143496,,,ring-site C-H stretching,nu(C9-H21),bond,0.8718903719507982,+,0.09852366424769145,0.346885393723776
61,3174.005684143496,,,ring-site C-H stretching,delta(C5-C6-C7),angle,0.5792761289617011,+,0.041819416527575544,1.2791896492453412
61,3174.005684143496,,,ring-site C-H stretching,nu(C5-C6),bond,0.18304403265286576,-,-0.044577410756377944,0.35573872105608056
61,3174.005684143496,,,ring-site C-H stretching,nu(C6-C9),bond,0.1502215926846721,-,-0.04480841453545139,0.2889471730639286
61,3174.005684143496,,,ring-site C-H stretching,nu(C6-C7),bond,0.11230160583445922,-,-0.03511313533170439,0.351764483756105
61,3174.005684143496,,,ring-site C-H stretching,nu(C5-H18),bond,0.09719385846090935,+,0.03360197418784985,0.33244092209661535
61,3174.005684143496,,,ring-site C-H stretching,delta(C6-C5-H18),angle,0.0758389838893541,+,0.018094334765638372,0.8945662439133465
61,3174.005684143496,,,ring-site C-H stretching,delta(C7-C6-H19),angle,0.04299051691982371,-,-0.031223592140216336,0.17029903189686718
61,3174.005684143496,,,ring-site C-H stretching,"gamma(H20;C7,C6,C9)",oop,0.03021947306784616,+,0.022548376972636383,0.2295416801376045
61,3174.005684143496,,,ring-site C-H stretching,nu(C5-H17),bond,0.02039939166852023,+,0.015375322369039546,0.33325294701181174
61,3174.005684143496,,,ring-site C-H stretching,tau(C1-C2-C9-C6),dihedral,0.02031394604622858,+,0.01677130556649329,0.2789110970433987
61,3174.005684143496,,,ring-site C-H stretching,nu(C4-H16),bond,0.014449167359214065,+,0.012838220605970757,0.33856214359648934
61,3174.005684143496,,,ring-site C-H stretching,"gamma(H20;C7,C6,O8)",oop,0.014312837747420851,-,-0.019269128926162213,0.14886987566679247
61,3174.005684143496,,,ring-site C-H stretching,"gamma(C6;C9,C2,H21)",oop,0.011406601971945415,+,0.009009832738802312,0.5426603274850661
61,3174.005684143496,,,ring-site C-H stretching,tau(H19-C6-C7-O8),dihedral,0.0053779118656256154,+,0.012789297851129623,0.12697713378346867
61,3174.005684143496,,,ring-site C-H stretching,"gamma(C2;C9,C6,C7)",oop,0.005158038760208937,-,-0.004827840045309438,0.8546417378486717
61,3174.005684143496,,,ring-site C-H stretching,delta(C6-C5-H17),angle,0.005140777634066846,+,0.0082721262856379,0.2901347508842103
61,3174.005684143496,,,ring-site C-H stretching,nu(C7-O8),bond,0.004334012262945757,+,0.006927084864136533,0.34881436505138363
61,3174.005684143496,,,ring-site C-H stretching,nu(C3-H15),bond,0.0009592184689996347,+,0.0033430893162884937,0.33145671015102407
61,3174.005684143496,,,ring-site C-H stretching,delta(H17-C5-H18),angle,0.000887854168927558,-,-0.003318155598175258,0.3114249374201952
61,3174.005684143496,,,ring-site C-H stretching,tau(C3-C4-C5-H18),dihedral,0.0008367239891230937,-,-0.002588003073364857,0.4824561953511669
61,3174.005684143496,,,ring-site C-H stretching,delta(C2-C9-H21),angle,0.0008092888326372261,-,-0.003677968240938175,0.2310430135999735
61,3174.005684143496,,,ring-site C-H stretching,nu(C7-C9),bond,0.0006262302055838769,+,0.0027415488416151356,0.3217712809389961
61,3174.005684143496,,,ring-site C-H stretching,nu(C2-C9),bond,0.00047851606273247596,-,-0.002365672825173666,0.3302116574664156
61,3174.005684143496,,,ring-site C-H stretching,tau(C3-C4-O8-C7),dihedral,0.0004782195628621774,+,0.0014045562458759406,0.9361691167181562
61,3174.005684143496,,,ring-site C-H stretching,nu(C1-H12),bond,0.0004750396721961359,+,0.0023477627563730417,0.33283324968659134
61,3174.005684143496,,,ring-site C-H stretching,nu(C2-H13),bond,0.0004070462220608099,+,0.002216134122838138,0.3200787845755846
61,3174.005684143496,,,ring-site C-H stretching,nu(C4-C5),bond,0.00038720163299367,-,-0.0021244768932814025,0.33131294059860933
61,3174.005684143496,,,ring-site C-H stretching,delta(C1-C2-C9),angle,0.000262367614434676,+,0.0017723453840134266,0.3225661213649848
61,3174.005684143496,,,ring-site C-H stretching,tau(H11-C1-C2-C9),dihedral,0.00025430697153516616,-,-0.00200567789778477,0.24414123171457477
61,3174.005684143496,,,ring-site C-H stretching,nu(C1-H11),bond,8.445413455721451e-05,+,0.0009897318167229596,0.3329592580761004
61,3174.005684143496,,,ring-site C-H stretching,tau(C2-C3-C4-C5),dihedral,8.381993790844078e-05,-,-0.0006901572279211518,0.6796048915723832
61,3174.005684143496,,,ring-site C-H stretching,"gamma(H16;C4,C5,O8)",oop,8.303640212152679e-05,+,0.0007797939309562945,0.5273683528647449
61,3174.005684143496,,,ring-site C-H stretching,tau(C3-C2-C9-H21),dihedral,7.783216503499608e-05,-,-0.0007985361529012506,0.4713843801432477
61,3174.005684143496,,,ring-site C-H stretching,delta(C4-C5-H18),angle,7.718355311451885e-05,-,-0.0009314580187186351,0.3435606678510062
61,3174.005684143496,,,ring-site C-H stretching,nu(C1-H10),bond,6.79372159249108e-05,-,-0.0008862049948982607,0.3340754800027871
61,3174.005684143496,,,ring-site C-H stretching,nu(C3-H14),bond,5.494784417884947e-05,+,0.0008025427234785005,0.32947280838759274
61,3174.005684143496,,,ring-site C-H stretching,delta(C5-C4-O8),angle,4.61150572123339e-05,-,-0.00030703679808073773,1.8891530232339337
61,3174.005684143496,,,ring-site C-H stretching,tau(H11-C1-C2-H13),dihedral,3.785529720576498e-05,+,0.0006077968898318378,0.395744562160233
61,3174.005684143496,,,ring-site C-H stretching,tau(H15-C3-C4-C5),dihedral,2.599816890454184e-05,-,-0.0006620629881355605,0.22906006726638234
61,3174.005684143496,,,ring-site C-H stretching,tau(H16-C4-O8-C7),dihedral,2.1878954457268852e-05,+,0.0003615787572172397,0.646287850095482
61,3174.005684143496,,,ring-site C-H stretching,tau(C2-C3-C4-H16),dihedral,2.1334612727016626e-05,+,0.0005477849365601082,0.27458059099928556
61,3174.005684143496,,,ring-site C-H stretching,delta(C1-C2-H13),angle,1.7586089594507226e-05,-,-0.0005239247404500097,0.24742108678985417
61,3174.005684143496,,,ring-site C-H stretching,delta(C4-C3-H15),angle,1.5077528719582869e-05,+,0.0003942753537283631,0.37457272194762403
61,3174.005684143496,,,ring-site C-H stretching,nu(C3-C4),bond,8.825503410604509e-06,-,-0.0003200595058097145,0.3327233416142365
61,3174.005684143496,,,ring-site C-H stretching,nu(C2-C3),bond,8.107756314461822e-06,-,-0.00032731236189020873,0.2922678964184281
61,3174.005684143496,,,ring-site C-H stretching,nu(C4-O8),bond,7.402573151236378e-06,-,-0.0002939586673330102,0.3308380182485744
61,3174.005684143496,,,ring-site C-H stretching,nu(C1-C2),bond,6.828725446654751e-06,+,0.00031106363171408847,0.2725501455699407
61,3174.005684143496,,,ring-site C-H stretching,tau(H10-C1-C2-H13),dihedral,5.895913998276023e-06,+,0.0003606050979890172,0.17510262560992168
61,3174.005684143496,,,ring-site C-H stretching,delta(H11-C1-H12),angle,4.2719084134237685e-06,-,-0.0002447609820880108,0.27538659836850643
61,3174.005684143496,,,ring-site C-H stretching,delta(H14-C3-H15),angle,4.211961418520357e-06,-,-0.0002775186421252486,0.21120553881908632
61,3174.005684143496,,,ring-site C-H stretching,delta(C2-C1-H11),angle,4.640110796933123e-07,+,8.966516462560643e-05,0.2228876950441817
61,3174.005684143496,,,ring-site C-H stretching,delta(C2-C1-H12),angle,4.044999936121305e-07,+,7.268013811087018e-05,0.29572788270104006
61,3174.005684143496,,,ring-site C-H stretching,"gamma(C2;C3,H14,H15)",oop,2.0480102730557254e-07,+,5.040455813661621e-05,0.31131335337326066
61,3174.005684143496,,,ring-site C-H stretching,delta(C2-C1-H10),angle,1.3801029937275167e-07,+,4.920300608108525e-05,0.22015749068391807
62,3197.9794404511726,,,ring-site C-H stretching,nu(C7-H20),bond,94.80748530915888,+,1.0130929418715517,0.3595919403531978
62,3197.9794404511726,,,ring-site C-H stretching,nu(C6-H19),bond,3.602931627799094,+,0.19885673173949744,0.3546837789651513
62,3197.9794404511726,,,ring-site C-H stretching,nu(C9-H21),bond,0.7356834405403254,+,0.0908626573958099,0.346885393723776
62,3197.9794404511726,,,ring-site C-H stretching,nu(C6-C7),bond,0.3135012813067314,-,-0.05890153549071978,0.351764483756105
62,3197.9794404511726,,,ring-site C-H stretching,nu(C7-C9),bond,0.2137389653989994,-,-0.05085119488517561,0.3217712809389961
62,3197.9794404511726,,,ring-site C-H stretching,nu(C7-O8),bond,0.08321322657823096,-,-0.030474174537254883,0.34881436505138363
62,3197.9794404511726,,,ring-site C-H stretching,nu(C4-H16),bond,0.03849217626348852,+,0.021037783700491523,0.33856214359648934
62,3197.9794404511726,,,ring-site C-H stretching,delta(C5-C6-C7),angle,0.03354289213017389,-,-0.010103357839265388,1.2791896492453412
62,3197.9794404511726,,,ring-site C-H stretching,"gamma(H20;C7,C6,C9)",oop,0.02923854525866909,-,-0.022267940535974112,0.2295416801376045
62,3197.9794404511726,,,ring-site C-H stretching,"gamma(C2;C9,C6,C7)",oop,0.02421309783788001,-,-0.010501856501768696,0.8546417378486717
62,3197.9794404511726,,,ring-site C-H stretching,"gamma(H20;C7,C6,O8)",oop,0.02181666109806653,+,0.023884913916793055,0.14886987566679247
62,3197.9794404511726,,,ring-site C-H stretching,delta(C7-C6-H19),angle,0.018271338067009795,+,0.020436759662005716,0.17029903189686718
62,3197.9794404511726,,,ring-site C-H stretching,nu(C6-C9),bond,0.01782217854471177,-,-0.0154954474202513,0.2889471730639286
62,3197.9794404511726,,,ring-site C-H stretching,tau(H19-C6-C7-O8),dihedral,0.01492150303115495,-,-0.021388310314125483,0.12697713378346867
62,3197.9794404511726,,,ring-site C-H stretching,nu(C5-H17),bond,0.008517469736786196,+,0.009974732341740365,0.33325294701181174
62,3197.9794404511726,,,ring-site C-H stretching,nu(C5-H18),bond,0.006485779985819831,+,0.008714787815698656,0.33244092209661535
62,3197.9794404511726,,,ring-site C-H stretching,tau(H16-C4-O8-C7),dihedral,0.0062045187754290925,-,-0.006113276039084615,0.646287850095482
62,3197.9794404511726,,,ring-site C-H stretching,tau(C3-C4-O8-C7),dihedral,0.005864270155719864,-,-0.004938132970464048,0.9361691167181562
62,3197.9794404511726,,,ring-site C-H stretching,nu(C5-C6),bond,0.005569065767236708,-,-0.007806539368606727,0.35573872105608056
62,3197.9794404511726,,,ring-site C-H stretching,delta(C6-C5-H18),angle,0.005225989890313753,+,0.004768820547430429,0.8945662439133465
62,3197.9794404511726,,,ring-site C-H stretching,delta(C2-C9-H21),angle,0.001405320437067703,-,-0.004866023604283901,0.2310430135999735
62,3197.9794404511726,,,ring-site C-H stretching,nu(C3-H14),bond,0.0011578324419104311,+,0.003698673696006847,0.32947280838759274
62,3197.9794404511726,,,ring-site C-H stretching,nu(C1-H12),bond,0.0007235111675757399,+,0.0029089899266733074,0.33283324968659134
62,3197.9794404511726,,,ring-site C-H stretching,tau(C3-C4-C5-H18),dihedral,0.000657824303919363,-,-0.002303875275964781,0.4824561953511669
62,3197.9794404511726,,,ring-site C-H stretching,delta(C1-C2-C9),angle,0.0003799761996939091,+,0.002141419592825747,0.3225661213649848
62,3197.9794404511726,,,ring-site C-H stretching,nu(C2-H13),bond,0.0003558644347151683,+,0.00208039978016314,0.3200787845755846
62,3197.9794404511726,,,ring-site C-H stretching,tau(C1-C2-C9-C6),dihedral,0.0002740405137174871,+,0.001955723436145252,0.2789110970433987
62,3197.9794404511726,,,ring-site C-H stretching,nu(C4-O8),bond,0.0002569011248982315,-,-0.001738634319946281,0.3308380182485744
62,3197.9794404511726,,,ring-site C-H stretching,delta(C5-C4-O8),angle,0.00024397895429882318,+,0.0007090478827475426,1.8891530232339337
62,3197.9794404511726,,,ring-site C-H stretching,tau(H11-C1-C2-C9),dihedral,0.0002363623262660044,-,-0.001941339596563588,0.24414123171457477
62,3197.9794404511726,,,ring-site C-H stretching,nu(C4-C5),bond,0.0002222808993353172,-,-0.0016160873232205948,0.33131294059860933
62,3197.9794404511726,,,ring-site C-H stretching,nu(C3-H15),bond,0.00021525271703290997,+,0.0015899880630763528,0.33145671015102407
62,3197.9794404511726,,,ring-site C-H stretching,delta(H17-C5-H18),angle,0.00020754527081505778,-,-0.0016106926562219662,0.3114249374201952
62,3197.9794404511726,,,ring-site C-H stretching,tau(C3-C2-C9-H21),dihedral,0.0002015158301002832,+,0.0012900303880788403,0.4713843801432477
62,3197.9794404511726,,,ring-site C-H stretching,tau(C2-C3-C4-C5),dihedral,0.00014649205234799098,+,0.0009160342969360804,0.6796048915723832
62,3197.9794404511726,,,ring-site C-H stretching,nu(C1-H10),bond,0.00012789177819501595,+,0.0012207647008877702,0.3340754800027871
62,3197.9794404511726,,,ring-site C-H stretching,delta(C6-C5-H17),angle,0.00012432994408411772,+,0.001291578910253737,0.2901347508842103
62,3197.9794404511726,,,ring-site C-H stretching,nu(C2-C9),bond,0.00011542063593770734,-,-0.0011664831813917149,0.3302116574664156
62,3197.9794404511726,,,ring-site C-H stretching,"gamma(H16;C4,C5,O8)",oop,4.7236059799514685e-05,-,-0.0005904902760338452,0.5273683528647449
62,3197.9794404511726,,,ring-site C-H stretching,"gamma(C6;C9,C2,H21)",oop,3.201679607886592e-05,+,0.00047924528545043173,0.5426603274850661
62,3197.9794404511726,,,ring-site C-H stretching,nu(C3-C4),bond,2.9870545761890037e-05,-,-0.0005911706914262263,0.3327233416142365
62,3197.9794404511726,,,ring-site C-H stretching,delta(C4-C5-H18),angle,2.3129882748415945e-05,+,0.0005119386831928588,0.3435606678510062
62,3197.9794404511726,,,ring-site C-H stretching,tau(H15-C3-C4-C5),dihedral,1.6902995259466606e-05,+,0.0005359695210976319,0.22906006726638234
62,3197.9794404511726,,,ring-site C-H stretching,delta(C2-C1-H11),angle,1.0674964437370458e-05,+,0.000431790539234979,0.2228876950441817
62,3197.9794404511726,,,ring-site C-H stretching,nu(C2-C3),bond,9.014944449014372e-06,-,-0.0003465165015790647,0.2922678964184281
62,3197.9794404511726,,,ring-site C-H stretching,delta(C1-C2-H13),angle,8.27359481802949e-06,-,-0.0003607960046711256,0.24742108678985417
62,3197.9794404511726,,,ring-site C-H stretching,delta(C4-C3-H15),angle,6.818617302111504e-06,+,0.0002662030549713992,0.37457272194762403
62,3197.9794404511726,,,ring-site C-H stretching,delta(H14-C3-H15),angle,5.742060197679762e-06,-,-0.00032532255126979355,0.21120553881908632
62,3197.9794404511726,,,ring-site C-H stretching,nu(C1-H11),bond,5.499287760280962e-06,+,0.00025356576998755763,0.3329592580761004
62,3197.9794404511726,,,ring-site C-H stretching,delta(C2-C1-H10),angle,4.124981703349398e-06,-,-0.0002700705510387405,0.22015749068391807
62,3197.9794404511726,,,ring-site C-H stretching,delta(H11-C1-H12),angle,3.816323799895227e-06,-,-0.00023226520682425412,0.27538659836850643
62,3197.9794404511726,,,ring-site C-H stretching,"gamma(C2;C3,H14,H15)",oop,1.6009556918560933e-06,-,-0.00014148934367624435,0.31131335337326066
62,3197.9794404511726,,,ring-site C-H stretching,delta(C2-C1-H12),angle,1.545893991467399e-06,+,0.00014265160692022562,0.29572788270104006
62,3197.9794404511726,,,ring-site C-H stretching,tau(C2-C3-C4-H16),dihedral,1.336920846369618e-06,-,-0.0001376736670777913,0.27458059099928556
62,3197.9794404511726,,,ring-site C-H stretching,tau(H11-C1-C2-H13),dihedral,6.09698862781784e-07,+,7.744317771841077e-05,0.395744562160233
62,3197.9794404511726,,,ring-site C-H stretching,tau(H10-C1-C2-H13),dihedral,6.151762274616657e-08,+,3.6981659334762464e-05,0.17510262560992168
62,3197.9794404511726,,,ring-site C-H stretching,nu(C1-C2),bond,4.560228628672604e-08,-,-2.5521315109610146e-05,0.2725501455699407
