mode,harmonic_frequency_cm-1,vpt2_fundamental_cm-1,harmonic_intensity_km_mol,assignment,internal_coordinate,type,percent,phase,D_value,F_diagonal
6,27.63639655503182,,,mixed C-C-C bending / C-C torsion,tau(O3-C4-C6-C7),dihedral,33.803678557192534,-,-0.05924028114745938,0.013839998659108788
6,27.63639655503182,,,mixed C-C-C bending / C-C torsion,delta(C4-C6-C8),angle,24.95508025987319,-,-0.00781275682000671,0.5874307333618307
6,27.63639655503182,,,mixed C-C-C bending / C-C torsion,delta(C4-C6-C9),angle,24.185962244154684,+,0.007815193972341726,0.5689710296933157
6,27.63639655503182,,,mixed C-C-C bending / C-C torsion,"gamma(O3;C4,O5,C6)",oop,4.837697592583817,-,-0.007568921430759777,0.12133246739127751
6,27.63639655503182,,,mixed C-C-C bending / C-C torsion,tau(C1-C2-O3-C4),dihedral,3.1568005389175062,-,-0.022602297596870973,0.008878677288367255
6,27.63639655503182,,,mixed C-C-C bending / C-C torsion,tau(C2-O3-C4-C6),dihedral,2.3847843067308254,-,-0.009111748977544808,0.041271658217058235
6,27.63639655503182,,,mixed C-C-C bending / C-C torsion,tau(C9-C6-C8-H20),dihedral,1.051047580830934,-,-0.0029219092723592045,0.1768867206031556
6,27.63639655503182,,,mixed C-C-C bending / C-C torsion,tau(C7-C6-C8-H18),dihedral,0.984213634417314,-,-0.0028469687782196537,0.17447382206388093
6,27.63639655503182,,,mixed C-C-C bending / C-C torsion,tau(H12-C1-C2-H13),dihedral,0.8450600320936125,-,-0.001709707160472355,0.4153846152199703
6,27.63639655503182,,,mixed C-C-C bending / C-C torsion,tau(H11-C1-C2-H13),dihedral,0.7575686041933856,-,-0.0017089800808331496,0.37269560643401184
6,27.63639655503182,,,mixed C-C-C bending / C-C torsion,tau(H10-C1-C2-O3),dihedral,0.653263716643767,-,-0.0019010670686937846,0.25971675406989986
6,27.63639655503182,,,mixed C-C-C bending / C-C torsion,tau(H11-C1-C2-H14),dihedral,0.42946231577831917,-,-0.0017076607891258627,0.21160608660854546
6,27.63639655503182,,,mixed C-C-C bending / C-C torsion,nu(C6-C8),bond,0.31684712153574573,+,0.0013166435884832963,0.2626150526130056
6,27.63639655503182,,,mixed C-C-C bending / C-C torsion,nu(C6-C9),bond,0.31593108311016316,-,-0.001314815828783652,0.2625843359756791
6,27.63639655503182,,,mixed C-C-C bending / C-C torsion,delta(C7-C6-C9),angle,0.2042218060694232,+,0.0005891140618766384,0.845492268834399
6,27.63639655503182,,,mixed C-C-C bending / C-C torsion,delta(C7-C6-C8),angle,0.15066411989142306,-,-0.0005732543271596139,0.6587512652548063
6,27.63639655503182,,,mixed C-C-C bending / C-C torsion,delta(H16-C7-H17),angle,0.14528998134517138,-,-0.0008559327317602421,0.28494609231836865
6,27.63639655503182,,,mixed C-C-C bending / C-C torsion,delta(H15-C7-H16),angle,0.13899797549578113,+,0.0008610141116705124,0.26939792272256335
6,27.63639655503182,,,mixed C-C-C bending / C-C torsion,delta(H21-C9-H23),angle,0.12175296012414505,-,-0.0008021821739657569,0.2718565628519554
6,27.63639655503182,,,mixed C-C-C bending / C-C torsion,delta(C6-C8-H18),angle,0.11391713464553198,-,-0.0007166616178008398,0.318688996065421
6,27.63639655503182,,,mixed C-C-C bending / C-C torsion,nu(C7-H17),bond,0.04538266037097309,+,0.00043819284727859246,0.339598442129758
6,27.63639655503182,,,mixed C-C-C bending / C-C torsion,nu(C7-H15),bond,0.04528220408138975,-,-0.00043771790549974274,0.3395824516930801
6,27.63639655503182,,,mixed C-C-C bending / C-C torsion,nu(C8-H18),bond,0.04312034254974952,+,0.00042605880220018713,0.3413103237507323
6,27.63639655503182,,,mixed C-C-C bending / C-C torsion,nu(C9-H23),bond,0.0425444630216365,-,-0.00042321722770545777,0.34128930359837056
6,27.63639655503182,,,mixed C-C-C bending / C-C torsion,"gamma(H18;C8,H19,H20)",oop,0.03713238334177337,-,-0.0004838104449042569,0.2279337585365519
6,27.63639655503182,,,mixed C-C-C bending / C-C torsion,delta(H22-C9-H23),angle,0.03585539995517513,+,0.000439096827900565,0.2672023531774869
6,27.63639655503182,,,mixed C-C-C bending / C-C torsion,delta(C2-C1-H11),angle,0.030620375578399892,-,-0.0003185272799131848,0.4336342271090426
6,27.63639655503182,,,mixed C-C-C bending / C-C torsion,delta(C6-C7-H17),angle,0.028341437266953404,-,-0.0003588046241990036,0.3163094116269633
6,27.63639655503182,,,mixed C-C-C bending / C-C torsion,tau(C4-C6-C9-H22),dihedral,0.02694166134732941,+,0.001221419054329621,0.02594784517579504
6,27.63639655503182,,,mixed C-C-C bending / C-C torsion,delta(H21-C9-H22),angle,0.01993081305589873,-,-0.00032063907750534167,0.2785469590691626
6,27.63639655503182,,,mixed C-C-C bending / C-C torsion,delta(H19-C8-H20),angle,0.018357171661504426,+,0.0003207734221333596,0.25633937495241976
6,27.63639655503182,,,mixed C-C-C bending / C-C torsion,nu(C2-H14),bond,0.013127276969818911,+,0.00023739842287595197,0.33467655984368183
6,27.63639655503182,,,mixed C-C-C bending / C-C torsion,nu(C2-H13),bond,0.013086283679608113,-,-0.00023703201419731593,0.33466371155807756
6,27.63639655503182,,,mixed C-C-C bending / C-C torsion,delta(C6-C8-H19),angle,0.011835845223377137,+,0.00020943359414931641,0.38771525788471284
6,27.63639655503182,,,mixed C-C-C bending / C-C torsion,tau(C8-C6-C7-H17),dihedral,0.011183801674940463,+,0.0007911410639403677,0.02567366734023094
6,27.63639655503182,,,mixed C-C-C bending / C-C torsion,delta(C6-C9-H22),angle,0.009901456883546036,-,-0.00021425742744261148,0.3099086049953738
6,27.63639655503182,,,mixed C-C-C bending / C-C torsion,delta(C6-C9-H21),angle,0.006529881120953005,+,0.00017327131069945161,0.312505928233909
6,27.63639655503182,,,mixed C-C-C bending / C-C torsion,"gamma(H13;C2,O3,H14)",oop,0.004572683798851042,+,0.00016752222112654565,0.23411682864784614
6,27.63639655503182,,,mixed C-C-C bending / C-C torsion,nu(C8-H20),bond,0.001770142478995294,-,-8.719479624218124e-05,0.3345287105692625
6,27.63639655503182,,,mixed C-C-C bending / C-C torsion,nu(C9-H21),bond,0.0017528733468613379,+,8.676895623955123e-05,0.3345246288966813
6,27.63639655503182,,,mixed C-C-C bending / C-C torsion,delta(C1-C2-H14),angle,0.00023353500044226384,-,-3.364948199222007e-05,0.2963476715215922
6,27.63639655503182,,,mixed C-C-C bending / C-C torsion,delta(C8-C6-C9),angle,0.0001654303391306186,-,-1.840965902916851e-05,0.7013422090875111
6,27.63639655503182,,,mixed C-C-C bending / C-C torsion,nu(C9-H22),bond,1.689391969417601e-05,+,8.519372133404157e-06,0.33444257153457424
6,27.63639655503182,,,mixed C-C-C bending / C-C torsion,nu(C8-H19),bond,1.4326218567328229e-05,-,-7.845152010017926e-06,0.3344530442205115
6,27.63639655503182,,,mixed C-C-C bending / C-C torsion,delta(O3-C4-C6),angle,1.3682759656355987e-05,-,-6.242421822958123e-06,0.5045146489337415
6,27.63639655503182,,,mixed C-C-C bending / C-C torsion,delta(H10-C1-H12),angle,8.207394862649869e-06,+,5.125322866649577e-06,0.44892023061146324
6,27.63639655503182,,,mixed C-C-C bending / C-C torsion,delta(C6-C7-H16),angle,6.034214850924255e-06,-,-5.176218362001752e-06,0.3235950711183532
6,27.63639655503182,,,mixed C-C-C bending / C-C torsion,"gamma(H11;C1,H10,H12)",oop,5.844901069917812e-06,-,-5.003913802643244e-06,0.3354005971942054
6,27.63639655503182,,,mixed C-C-C bending / C-C torsion,nu(C1-H12),bond,5.68562523013955e-06,+,4.914418480676285e-06,0.3382519160366286
6,27.63639655503182,,,mixed C-C-C bending / C-C torsion,delta(C2-O3-C4),angle,5.451631726830342e-06,+,5.186423451420996e-06,0.2912036889642517
6,27.63639655503182,,,mixed C-C-C bending / C-C torsion,nu(C1-H11),bond,4.266009660621443e-06,-,-4.2568819327662785e-06,0.33825555025336085
6,27.63639655503182,,,mixed C-C-C bending / C-C torsion,nu(C6-C7),bond,3.297335642189355e-06,-,-4.158299362144533e-06,0.273992049202674
6,27.63639655503182,,,mixed C-C-C bending / C-C torsion,delta(H15-C7-H17),angle,2.8602048112092535e-06,-,-3.873616551166577e-06,0.2738862211420583
6,27.63639655503182,,,mixed C-C-C bending / C-C torsion,delta(C1-C2-O3),angle,1.5250597819904493e-06,-,-2.270638132384826e-06,0.4250082114162513
6,27.63639655503182,,,mixed C-C-C bending / C-C torsion,nu(O3-C4),bond,8.243306938904402e-07,-,-1.780118616190812e-06,0.3737746932579269
6,27.63639655503182,,,mixed C-C-C bending / C-C torsion,delta(C2-C1-H10),angle,7.23308976803453e-07,+,1.6597125923988088e-06,0.3772805214315562
6,27.63639655503182,,,mixed C-C-C bending / C-C torsion,nu(C2-O3),bond,3.093350648613561e-07,-,-1.2372873797459564e-06,0.29033159021092214
6,27.63639655503182,,,mixed C-C-C bending / C-C torsion,nu(C1-C2),bond,1.1706834317280103e-07,+,7.551391847237792e-07,0.2949794525157423
6,27.63639655503182,,,mixed C-C-C bending / C-C torsion,nu(C4-O5),bond,1.0625883838959128e-07,-,-4.292807044613065e-07,0.8284926016642041
6,27.63639655503182,,,mixed C-C-C bending / C-C torsion,nu(C4-C6),bond,8.266156973658688e-08,+,6.842269293099405e-07,0.2536936689040973
6,27.63639655503182,,,mixed C-C-C bending / C-C torsion,delta(O3-C4-O5),angle,6.525278737589623e-08,-,-3.949843405670574e-07,0.6009600723599223
6,27.63639655503182,,,mixed C-C-C bending / C-C torsion,nu(C1-H10),bond,7.72035733877298e-09,-,-1.8143477483222095e-07,0.33697885380249765
6,27.63639655503182,,,mixed C-C-C bending / C-C torsion,nu(C7-H16),bond,4.132385820110978e-10,+,4.208893439700796e-08,0.33517476100026466
7,69.27767324130284,,,mixed C-O torsion / C-C torsion / C-C-C bending,tau(C1-C2-O3-C4),dihedral,40.79297339969377,-,-0.13448651676407014,0.008878677288367255
7,69.27767324130284,,,mixed C-O torsion / C-C torsion / C-C-C bending,delta(C4-C6-C8),angle,10.858107995151274,+,0.008530194741651448,0.5874307333618307
7,69.27767324130284,,,mixed C-O torsion / C-C torsion / C-C-C bending,tau(O3-C4-C6-C7),dihedral,10.76651401022012,+,0.05533879915035194,0.013839998659108788
7,69.27767324130284,,,mixed C-O torsion / C-C torsion / C-C-C bending,delta(C4-C6-C9),angle,10.535302812348991,-,-0.00853765564787647,0.5689710296933157
7,69.27767324130284,,,mixed C-O torsion / C-C torsion / C-C-C bending,tau(H12-C1-C2-H13),dihedral,5.091911295056209,-,-0.006946649885955637,0.4153846152199703
7,69.27767324130284,,,mixed C-O torsion / C-C torsion / C-C-C bending,tau(H10-C1-C2-O3),dihedral,4.782085553934777,-,-0.008513710677347797,0.25971675406989986
7,69.27767324130284,,,mixed C-O torsion / C-C torsion / C-C-C bending,tau(H11-C1-C2-H13),dihedral,4.566227540301471,-,-0.006944833495161242,0.37269560643401184
7,69.27767324130284,,,mixed C-O torsion / C-C torsion / C-C-C bending,tau(C2-O3-C4-C6),dihedral,4.177108396791333,+,0.019960532054252213,0.041271658217058235
7,69.27767324130284,,,mixed C-O torsion / C-C torsion / C-C-C bending,"gamma(O3;C4,O5,C6)",oop,4.125928926481282,+,0.011569978618639148,0.12133246739127751
7,69.27767324130284,,,mixed C-O torsion / C-C torsion / C-C-C bending,tau(H11-C1-C2-H14),dihedral,2.59246342865644,-,-0.006944683237050552,0.21160608660854546
7,69.27767324130284,,,mixed C-O torsion / C-C torsion / C-C-C bending,delta(C2-C1-H11),angle,0.412247006737621,-,-0.0019345376138005007,0.4336342271090426
7,69.27767324130284,,,mixed C-O torsion / C-C torsion / C-C-C bending,nu(C6-C8),bond,0.12964834387933252,-,-0.0013940677448323574,0.2626150526130056
7,69.27767324130284,,,mixed C-O torsion / C-C torsion / C-C-C bending,nu(C6-C9),bond,0.12964457515758365,+,0.0013941290169303174,0.2625843359756791
7,69.27767324130284,,,mixed C-O torsion / C-C torsion / C-C-C bending,nu(C2-H14),bond,0.10272792445460333,+,0.0010992381904342946,0.33467655984368183
7,69.27767324130284,,,mixed C-O torsion / C-C torsion / C-C-C bending,nu(C2-H13),bond,0.10253434413972158,-,-0.0010982230815080286,0.33466371155807756
7,69.27767324130284,,,mixed C-O torsion / C-C torsion / C-C-C bending,tau(C7-C6-C8-H18),dihedral,0.09534722142798427,+,0.0014667263124694223,0.17447382206388093
7,69.27767324130284,,,mixed C-O torsion / C-C torsion / C-C-C bending,"gamma(H13;C2,O3,H14)",oop,0.09051304535010155,+,0.0012336713303183603,0.23411682864784614
7,69.27767324130284,,,mixed C-O torsion / C-C torsion / C-C-C bending,tau(C9-C6-C8-H20),dihedral,0.0878091994235481,+,0.001397920885376567,0.1768867206031556
7,69.27767324130284,,,mixed C-O torsion / C-C torsion / C-C-C bending,delta(C7-C6-C9),angle,0.08310535817610108,-,-0.000622042262377908,0.845492268834399
7,69.27767324130284,,,mixed C-O torsion / C-C torsion / C-C-C bending,tau(C4-C6-C9-H22),dihedral,0.07400839550808523,-,-0.0033508118704213444,0.02594784517579504
7,69.27767324130284,,,mixed C-O torsion / C-C torsion / C-C-C bending,delta(C7-C6-C8),angle,0.06403548974334985,+,0.0006185998869741045,0.6587512652548063
7,69.27767324130284,,,mixed C-O torsion / C-C torsion / C-C-C bending,delta(H16-C7-H17),angle,0.05024295747321841,+,0.0008331370435597195,0.28494609231836865
7,69.27767324130284,,,mixed C-O torsion / C-C torsion / C-C-C bending,delta(C6-C8-H18),angle,0.04768889182428229,+,0.0007675121885732946,0.318688996065421
7,69.27767324130284,,,mixed C-O torsion / C-C torsion / C-C-C bending,delta(H15-C7-H16),angle,0.04765178250083062,-,-0.0008344544863271638,0.26939792272256335
7,69.27767324130284,,,mixed C-O torsion / C-C torsion / C-C-C bending,delta(H21-C9-H23),angle,0.04136492667628346,+,0.0007739384411303234,0.2718565628519554
7,69.27767324130284,,,mixed C-O torsion / C-C torsion / C-C-C bending,tau(C8-C6-C7-H17),dihedral,0.02136162943294387,-,-0.0018098118749211418,0.02567366734023094
7,69.27767324130284,,,mixed C-O torsion / C-C torsion / C-C-C bending,nu(C7-H15),bond,0.016177135074492956,+,0.00043305034202684867,0.3395824516930801
7,69.27767324130284,,,mixed C-O torsion / C-C torsion / C-C-C bending,nu(C7-H17),bond,0.01616887105841166,-,-0.00043292952410909643,0.339598442129758
7,69.27767324130284,,,mixed C-O torsion / C-C torsion / C-C-C bending,"gamma(H18;C8,H19,H20)",oop,0.01578497620245423,+,0.0005221290291176362,0.2279337585365519
7,69.27767324130284,,,mixed C-O torsion / C-C torsion / C-C-C bending,nu(C9-H23),bond,0.011977803914093598,+,0.0003716956347929793,0.34128930359837056
7,69.27767324130284,,,mixed C-O torsion / C-C torsion / C-C-C bending,nu(C8-H18),bond,0.011960187704106244,-,-0.00037141076329600184,0.3413103237507323
7,69.27767324130284,,,mixed C-O torsion / C-C torsion / C-C-C bending,delta(C6-C8-H19),angle,0.010141802223010641,-,-0.0003208937970792811,0.38771525788471284
7,69.27767324130284,,,mixed C-O torsion / C-C torsion / C-C-C bending,delta(H22-C9-H23),angle,0.008981591434381141,-,-0.0003637614800938393,0.2672023531774869
7,69.27767324130284,,,mixed C-O torsion / C-C torsion / C-C-C bending,delta(C6-C9-H22),angle,0.008267087602810752,+,0.00032405569044153653,0.3099086049953738
7,69.27767324130284,,,mixed C-O torsion / C-C torsion / C-C-C bending,delta(C6-C7-H17),angle,0.008099673585524868,+,0.0003174957391123789,0.3163094116269633
7,69.27767324130284,,,mixed C-O torsion / C-C torsion / C-C-C bending,delta(H21-C9-H22),angle,0.006300663314593177,+,0.000298403646251876,0.2785469590691626
7,69.27767324130284,,,mixed C-O torsion / C-C torsion / C-C-C bending,delta(H19-C8-H20),angle,0.005747107032358028,-,-0.0002970825766692123,0.25633937495241976
7,69.27767324130284,,,mixed C-O torsion / C-C torsion / C-C-C bending,delta(C6-C9-H21),angle,0.004612602749935021,-,-0.0002410483130408647,0.312505928233909
7,69.27767324130284,,,mixed C-O torsion / C-C torsion / C-C-C bending,delta(C1-C2-H14),angle,0.0034581868514553886,-,-0.0002143303473596086,0.2963476715215922
7,69.27767324130284,,,mixed C-O torsion / C-C torsion / C-C-C bending,delta(H10-C1-H12),angle,0.002304080801793741,+,0.00014214266831326958,0.44892023061146324
7,69.27767324130284,,,mixed C-O torsion / C-C torsion / C-C-C bending,"gamma(H11;C1,H10,H12)",oop,0.0004776925858886824,-,-7.487770665933983e-05,0.3354005971942054
7,69.27767324130284,,,mixed C-O torsion / C-C torsion / C-C-C bending,nu(C9-H21),bond,0.00039012346448137424,-,-6.775591073341959e-05,0.3345246288966813
7,69.27767324130284,,,mixed C-O torsion / C-C torsion / C-C-C bending,nu(C8-H20),bond,0.0003846999021568962,+,6.728287482287054e-05,0.3345287105692625
7,69.27767324130284,,,mixed C-O torsion / C-C torsion / C-C-C bending,nu(C1-H11),bond,9.610897828504692e-05,+,3.3444115475732485e-05,0.33825555025336085
7,69.27767324130284,,,mixed C-O torsion / C-C torsion / C-C-C bending,nu(C1-H12),bond,9.17679919515686e-05,-,-3.268027342541808e-05,0.3382519160366286
7,69.27767324130284,,,mixed C-O torsion / C-C torsion / C-C-C bending,delta(C8-C6-C9),angle,8.130112447599143e-06,+,6.755282063998489e-06,0.7013422090875111
7,69.27767324130284,,,mixed C-O torsion / C-C torsion / C-C-C bending,delta(C1-C2-O3),angle,2.887860588608354e-06,-,-5.171894428712215e-06,0.4250082114162513
7,69.27767324130284,,,mixed C-O torsion / C-C torsion / C-C-C bending,nu(C9-H22),bond,2.8151897315299803e-06,-,-5.756430394694179e-06,0.33444257153457424
7,69.27767324130284,,,mixed C-O torsion / C-C torsion / C-C-C bending,delta(C2-O3-C4),angle,2.8024689766514475e-06,-,-6.155058294560451e-06,0.2912036889642517
7,69.27767324130284,,,mixed C-O torsion / C-C torsion / C-C-C bending,delta(O3-C4-C6),angle,2.464465311064208e-06,+,4.385152126603908e-06,0.5045146489337415
7,69.27767324130284,,,mixed C-O torsion / C-C torsion / C-C-C bending,nu(C8-H19),bond,2.1121684144345663e-06,+,4.9860530517855515e-06,0.3344530442205115
7,69.27767324130284,,,mixed C-O torsion / C-C torsion / C-C-C bending,delta(H15-C7-H17),angle,6.72752336792902e-07,+,3.1095870234995854e-06,0.2738862211420583
7,69.27767324130284,,,mixed C-O torsion / C-C torsion / C-C-C bending,delta(O3-C4-O5),angle,6.569639893557411e-07,-,-2.0744748452248245e-06,0.6009600723599223
7,69.27767324130284,,,mixed C-O torsion / C-C torsion / C-C-C bending,delta(C2-C1-H10),angle,4.534501456355077e-07,+,2.1751678765737703e-06,0.3772805214315562
7,69.27767324130284,,,mixed C-O torsion / C-C torsion / C-C-C bending,nu(O3-C4),bond,1.4834258974017475e-07,-,-1.2499371646895962e-06,0.3737746932579269
7,69.27767324130284,,,mixed C-O torsion / C-C torsion / C-C-C bending,nu(C6-C7),bond,1.379444478876019e-07,+,1.4078076869475375e-06,0.273992049202674
7,69.27767324130284,,,mixed C-O torsion / C-C torsion / C-C-C bending,nu(C4-O5),bond,4.729416483348313e-08,+,4.7404510114553196e-07,0.8284926016642041
7,69.27767324130284,,,mixed C-O torsion / C-C torsion / C-C-C bending,delta(C6-C7-H16),angle,3.4964762690998195e-08,+,6.521906124399362e-07,0.3235950711183532
7,69.27767324130284,,,mixed C-O torsion / C-C torsion / C-C-C bending,nu(C1-C2),bond,8.127715813711082e-09,-,-3.2934310240911166e-07,0.2949794525157423
7,69.27767324130284,,,mixed C-O torsion / C-C torsion / C-C-C bending,nu(C4-C6),bond,6.948251056502045e-09,-,-3.283546237847104e-07,0.2536936689040973
7,69.27767324130284,,,mixed C-O torsion / C-C torsion / C-C-C bending,nu(C1-H10),bond,6.675317667637634e-09,-,-2.7925106905547523e-07,0.33697885380249765
7,69.27767324130284,,,mixed C-O torsion / C-C torsion / C-C-C bending,nu(C7-H16),bond,9.105487228525575e-10,-,-1.0341323889541844e-07,0.33517476100026466
7,69.27767324130284,,,mixed C-O torsion / C-C torsion / C-C-C bending,nu(C2-O3),bond,3.4682153173326913e-10,+,6.857504154459134e-08,0.29033159021092214
8,112.05057027764862,,,mixed C-C torsion / C-O torsion,tau(C2-O3-C4-C6),dihedral,23.737030232918908,+,0.1070338115870049,0.041271658217058235
8,112.05057027764862,,,mixed C-C torsion / C-O torsion,tau(H12-C1-C2-H13),dihedral,17.14059000204898,+,0.02866958713783767,0.4153846152199703
8,112.05057027764862,,,mixed C-C torsion / C-O torsion,tau(H10-C1-C2-O3),dihedral,16.928680109023798,+,0.03603257714429767,0.25971675406989986
8,112.05057027764862,,,mixed C-C torsion / C-O torsion,tau(H11-C1-C2-H13),dihedral,15.380293843180475,+,0.02867074241775652,0.37269560643401184
8,112.05057027764862,,,mixed C-C torsion / C-O torsion,tau(H11-C1-C2-H14),dihedral,8.733720716788644,+,0.02867274889865777,0.21160608660854546
8,112.05057027764862,,,mixed C-C torsion / C-O torsion,delta(C4-C6-C8),angle,5.108296933061845,+,0.013161139543808634,0.5874307333618307
8,112.05057027764862,,,mixed C-C torsion / C-O torsion,delta(C4-C6-C9),angle,4.96228368268334,-,-0.013180426882764835,0.5689710296933157
8,112.05057027764862,,,mixed C-C torsion / C-O torsion,"gamma(O3;C4,O5,C6)",oop,3.271309453084436,+,0.02317426979446535,0.12133246739127751
8,112.05057027764862,,,mixed C-C torsion / C-O torsion,tau(C9-C6-C8-H20),dihedral,2.000805794320364,-,-0.01501027372771594,0.1768867206031556
8,112.05057027764862,,,mixed C-C torsion / C-O torsion,tau(C7-C6-C8-H18),dihedral,1.6077453379726756,-,-0.01354806436007801,0.17447382206388093
8,112.05057027764862,,,mixed C-C torsion / C-O torsion,tau(C4-C6-C9-H22),dihedral,0.69314917794569,-,-0.02306728420060571,0.02594784517579504
8,112.05057027764862,,,mixed C-C torsion / C-O torsion,"gamma(H13;C2,O3,H14)",oop,0.08647877256212763,-,-0.00271251532959924,0.23411682864784614
8,112.05057027764862,,,mixed C-C torsion / C-O torsion,tau(C8-C6-C7-H17),dihedral,0.06282455070772716,-,-0.006981592557192568,0.02567366734023094
8,112.05057027764862,,,mixed C-C torsion / C-O torsion,delta(C7-C6-C9),angle,0.05353053523838867,-,-0.0011229999362696312,0.845492268834399
8,112.05057027764862,,,mixed C-C torsion / C-O torsion,delta(C7-C6-C8),angle,0.04214000331905945,+,0.0011288086030063038,0.6587512652548063
8,112.05057027764862,,,mixed C-C torsion / C-O torsion,nu(C6-C9),bond,0.0386860237742619,+,0.001713075084326201,0.2625843359756791
8,112.05057027764862,,,mixed C-C torsion / C-O torsion,nu(C6-C8),bond,0.038553795160196795,-,-0.0017100449217771795,0.2626150526130056
8,112.05057027764862,,,mixed C-C torsion / C-O torsion,delta(C1-C2-H14),angle,0.0374673989542844,+,0.0015869373137459876,0.2963476715215922
8,112.05057027764862,,,mixed C-C torsion / C-O torsion,nu(C2-H14),bond,0.011195371083217345,-,-0.0008162822589545191,0.33467655984368183
8,112.05057027764862,,,mixed C-C torsion / C-O torsion,nu(C2-H13),bond,0.011167053790054265,+,0.0008152649125351889,0.33466371155807756
8,112.05057027764862,,,mixed C-C torsion / C-O torsion,delta(C6-C8-H19),angle,0.01017548382886908,-,-0.0007230275522561911,0.38771525788471284
8,112.05057027764862,,,mixed C-C torsion / C-O torsion,delta(C6-C8-H18),angle,0.009004039082311885,+,0.0007501859234533097,0.318688996065421
8,112.05057027764862,,,mixed C-C torsion / C-O torsion,delta(C6-C9-H22),angle,0.008225656900375519,+,0.0007271135482582422,0.3099086049953738
8,112.05057027764862,,,mixed C-C torsion / C-O torsion,delta(H22-C9-H23),angle,0.00491671945522666,+,0.0006054124308926324,0.2672023531774869
8,112.05057027764862,,,mixed C-C torsion / C-O torsion,tau(O3-C4-C6-C7),dihedral,0.003976418315660044,-,-0.0023922786688772278,0.013839998659108788
8,112.05057027764862,,,mixed C-C torsion / C-O torsion,delta(C2-C1-H11),angle,0.003327269784236929,-,-0.00039094529436846544,0.4336342271090426
8,112.05057027764862,,,mixed C-C torsion / C-O torsion,"gamma(H18;C8,H19,H20)",oop,0.0028487375193706975,+,0.0004989484190749281,0.2279337585365519
8,112.05057027764862,,,mixed C-C torsion / C-O torsion,tau(C1-C2-O3-C4),dihedral,0.002347776651541993,+,0.00229502813099052,0.008878677288367255
8,112.05057027764862,,,mixed C-C torsion / C-O torsion,delta(C6-C9-H21),angle,0.00230282125910322,-,-0.00038311992938794536,0.312505928233909
8,112.05057027764862,,,mixed C-C torsion / C-O torsion,delta(H16-C7-H17),angle,0.0016735075455262128,+,0.0003420316092575037,0.28494609231836865
8,112.05057027764862,,,mixed C-C torsion / C-O torsion,delta(H15-C7-H16),angle,0.0015804439259363093,-,-0.0003418426005006525,0.26939792272256335
8,112.05057027764862,,,mixed C-C torsion / C-O torsion,nu(C7-H17),bond,0.0004917330011810621,-,-0.00016983046247820706,0.339598442129758
8,112.05057027764862,,,mixed C-C torsion / C-O torsion,nu(C7-H15),bond,0.0004899479949235255,+,0.00016952592849691,0.3395824516930801
8,112.05057027764862,,,mixed C-C torsion / C-O torsion,delta(C6-C7-H17),angle,0.00040687591031539263,-,-0.00016006953772786055,0.3163094116269633
8,112.05057027764862,,,mixed C-C torsion / C-O torsion,nu(C8-H18),bond,0.0003873853652875736,+,0.0001503594234107531,0.3413103237507323
8,112.05057027764862,,,mixed C-C torsion / C-O torsion,nu(C9-H23),bond,0.00037986622754118666,-,-0.0001488976221990344,0.34128930359837056
8,112.05057027764862,,,mixed C-C torsion / C-O torsion,delta(H21-C9-H22),angle,0.0003294073509170563,-,-0.00015347978832065996,0.2785469590691626
8,112.05057027764862,,,mixed C-C torsion / C-O torsion,delta(H19-C8-H20),angle,0.0002875658533981634,+,0.00014948401570826365,0.25633937495241976
8,112.05057027764862,,,mixed C-C torsion / C-O torsion,nu(C8-H20),bond,0.00025415886250644256,-,-0.0001230182911345848,0.3345287105692625
8,112.05057027764862,,,mixed C-C torsion / C-O torsion,nu(C9-H21),bond,0.00025152674285261906,+,0.0001223803789851875,0.3345246288966813
8,112.05057027764862,,,mixed C-C torsion / C-O torsion,nu(C9-H22),bond,0.00015237830324111928,-,-9.526525816602074e-05,0.33444257153457424
8,112.05057027764862,,,mixed C-C torsion / C-O torsion,nu(C8-H19),bond,0.00014603410105076847,+,9.325955165422779e-05,0.3344530442205115
8,112.05057027764862,,,mixed C-C torsion / C-O torsion,delta(H10-C1-H12),angle,5.763938797198623e-05,-,-5.05718511264028e-05,0.44892023061146324
8,112.05057027764862,,,mixed C-C torsion / C-O torsion,"gamma(H11;C1,H10,H12)",oop,1.828639906714653e-05,+,3.295459205911758e-05,0.3354005971942054
8,112.05057027764862,,,mixed C-C torsion / C-O torsion,nu(C1-H12),bond,5.6430974982128054e-06,-,-1.822940120702078e-05,0.3382519160366286
8,112.05057027764862,,,mixed C-C torsion / C-O torsion,nu(C1-H11),bond,5.242934061156187e-06,+,1.7571081423789218e-05,0.33825555025336085
8,112.05057027764862,,,mixed C-C torsion / C-O torsion,delta(H21-C9-H23),angle,3.587853468185448e-06,-,-1.6213665056768176e-05,0.2718565628519554
8,112.05057027764862,,,mixed C-C torsion / C-O torsion,delta(C2-O3-C4),angle,2.06335642486028e-06,-,-1.1880164392225276e-05,0.2912036889642517
8,112.05057027764862,,,mixed C-C torsion / C-O torsion,delta(O3-C4-C6),angle,9.374256515857754e-07,+,6.0836649153659705e-06,0.5045146489337415
8,112.05057027764862,,,mixed C-C torsion / C-O torsion,delta(C8-C6-C9),angle,9.088822290743783e-07,+,5.0806885903303494e-06,0.7013422090875111
8,112.05057027764862,,,mixed C-C torsion / C-O torsion,delta(C1-C2-O3),angle,6.452130466706076e-07,+,5.499037342767131e-06,0.4250082114162513
8,112.05057027764862,,,mixed C-C torsion / C-O torsion,nu(O3-C4),bond,1.924939002829175e-07,+,3.202855152239643e-06,0.3737746932579269
8,112.05057027764862,,,mixed C-C torsion / C-O torsion,nu(C1-C2),bond,1.3500376289416386e-07,-,-3.019331606562557e-06,0.2949794525157423
8,112.05057027764862,,,mixed C-C torsion / C-O torsion,nu(C4-C6),bond,5.184417805420372e-08,-,-2.0175715313431785e-06,0.2536936689040973
8,112.05057027764862,,,mixed C-C torsion / C-O torsion,delta(C2-C1-H10),angle,4.648953506290332e-08,-,-1.5666759214143865e-06,0.3772805214315562
8,112.05057027764862,,,mixed C-C torsion / C-O torsion,delta(O3-C4-O5),angle,3.9449701786318274e-08,-,-1.1434911614879943e-06,0.6009600723599223
8,112.05057027764862,,,mixed C-C torsion / C-O torsion,nu(C2-O3),bond,1.1515301072449086e-08,+,8.888413724965532e-07,0.29033159021092214
8,112.05057027764862,,,mixed C-C torsion / C-O torsion,nu(C6-C7),bond,1.1232163932920816e-08,-,-9.036421818771731e-07,0.273992049202674
8,112.05057027764862,,,mixed C-C torsion / C-O torsion,nu(C4-O5),bond,7.52437551140258e-09,+,4.253286841124682e-07,0.8284926016642041
8,112.05057027764862,,,mixed C-C torsion / C-O torsion,nu(C7-H16),bond,3.142008936996464e-09,-,-4.321174582864658e-07,0.33517476100026466
8,112.05057027764862,,,mixed C-C torsion / C-O torsion,nu(C1-H10),bond,3.0055715801138337e-09,+,4.2149844084330644e-07,0.33697885380249765
8,112.05057027764862,,,mixed C-C torsion / C-O torsion,delta(H15-C7-H17),angle,1.3046641575627136e-09,+,3.080335583527267e-07,0.2738862211420583
8,112.05057027764862,,,mixed C-C torsion / C-O torsion,delta(C6-C7-H16),angle,8.455621963781518e-10,+,2.281421810984086e-07,0.3235950711183532
9,137.55320122431186,,,mixed O-C-C bending / C-O-C bending,delta(O3-C4-C6),angle,31.662092957668573,+,0.024540830458457834,0.5045146489337415
9,137.55320122431186,,,mixed O-C-C bending / C-O-C bending,delta(C2-O3-C4),angle,28.62247891296777,-,-0.030712242027980056,0.2912036889642517
9,137.55320122431186,,,mixed O-C-C bending / C-O-C bending,delta(C1-C2-O3),angle,14.224589242571646,+,0.01792163146459958,0.4250082114162513
9,137.55320122431186,,,mixed O-C-C bending / C-O-C bending,delta(O3-C4-O5),angle,6.387449084775943,-,-0.010099439038934666,0.6009600723599223
9,137.55320122431186,,,mixed O-C-C bending / C-O-C bending,delta(C4-C6-C8),angle,3.2085328368376462,+,0.007239877996358401,0.5874307333618307
9,137.55320122431186,,,mixed O-C-C bending / C-O-C bending,delta(C4-C6-C9),angle,3.1199184284707244,+,0.007254088979567213,0.5689710296933157
9,137.55320122431186,,,mixed O-C-C bending / C-O-C bending,tau(H12-C1-C2-H13),dihedral,2.429321369108245,+,0.0074915833750605525,0.4153846152199703
9,137.55320122431186,,,mixed O-C-C bending / C-O-C bending,delta(C2-C1-H10),angle,2.147721104329551,-,-0.007391168210934385,0.3772805214315562
9,137.55320122431186,,,mixed O-C-C bending / C-O-C bending,"gamma(H13;C2,O3,H14)",oop,1.99468030158905,-,-0.009042253302548193,0.23411682864784614
9,137.55320122431186,,,mixed O-C-C bending / C-O-C bending,nu(C2-O3),bond,1.9070960240526464,+,0.007939542350661105,0.29033159021092214
9,137.55320122431186,,,mixed O-C-C bending / C-O-C bending,tau(H11-C1-C2-H14),dihedral,1.2676969354663326,-,-0.007582282794484084,0.21160608660854546
9,137.55320122431186,,,mixed O-C-C bending / C-O-C bending,delta(C2-C1-H11),angle,0.7918012202522235,+,0.004186032944901584,0.4336342271090426
9,137.55320122431186,,,mixed O-C-C bending / C-O-C bending,tau(C9-C6-C8-H20),dihedral,0.3614050047523813,-,-0.004427981540367366,0.1768867206031556
9,137.55320122431186,,,mixed O-C-C bending / C-O-C bending,delta(C1-C2-H14),angle,0.31764311231899545,-,-0.003207194492156422,0.2963476715215922
9,137.55320122431186,,,mixed O-C-C bending / C-O-C bending,nu(O3-C4),bond,0.2799345905604973,+,0.0026808941797747156,0.3737746932579269
9,137.55320122431186,,,mixed O-C-C bending / C-O-C bending,nu(C1-C2),bond,0.21279904315691806,-,-0.0026311480666677775,0.2949794525157423
9,137.55320122431186,,,mixed O-C-C bending / C-O-C bending,tau(C4-C6-C9-H22),dihedral,0.212455843429698,-,-0.008864209810279635,0.02594784517579504
9,137.55320122431186,,,mixed O-C-C bending / C-O-C bending,nu(C6-C7),bond,0.16012932223521378,+,0.0023682240553932173,0.273992049202674
9,137.55320122431186,,,mixed O-C-C bending / C-O-C bending,delta(C7-C6-C9),angle,0.13153589597151566,-,-0.001221866221801864,0.845492268834399
9,137.55320122431186,,,mixed O-C-C bending / C-O-C bending,delta(C7-C6-C8),angle,0.0996979879469148,-,-0.0012051436072319011,0.6587512652548063
9,137.55320122431186,,,mixed O-C-C bending / C-O-C bending,delta(H10-C1-H12),angle,0.0564758861779609,-,-0.001098761096686162,0.44892023061146324
9,137.55320122431186,,,mixed O-C-C bending / C-O-C bending,delta(C6-C8-H19),angle,0.043314936204509824,-,-0.0010354251965356545,0.38771525788471284
9,137.55320122431186,,,mixed O-C-C bending / C-O-C bending,nu(C4-O5),bond,0.03648898759462427,+,0.0006501190997734536,0.8284926016642041
9,137.55320122431186,,,mixed O-C-C bending / C-O-C bending,delta(C6-C9-H22),angle,0.03509271216454446,-,-0.001042432601565391,0.3099086049953738
9,137.55320122431186,,,mixed O-C-C bending / C-O-C bending,nu(C6-C8),bond,0.02718988187333445,-,-0.0009967820035147559,0.2626150526130056
9,137.55320122431186,,,mixed O-C-C bending / C-O-C bending,nu(C6-C9),bond,0.027125982814295707,-,-0.0009956682743248835,0.2625843359756791
9,137.55320122431186,,,mixed O-C-C bending / C-O-C bending,delta(C6-C8-H18),angle,0.01924468224918865,+,0.0007612515222036688,0.318688996065421
9,137.55320122431186,,,mixed O-C-C bending / C-O-C bending,delta(C8-C6-C9),angle,0.01694614025434748,-,-0.0004815337653874118,0.7013422090875111
9,137.55320122431186,,,mixed O-C-C bending / C-O-C bending,delta(C6-C9-H21),angle,0.016941111910326562,+,0.0007212704855896832,0.312505928233909
9,137.55320122431186,,,mixed O-C-C bending / C-O-C bending,tau(C7-C6-C8-H18),dihedral,0.016599952998067123,-,-0.0009555306614105836,0.17447382206388093
9,137.55320122431186,,,mixed O-C-C bending / C-O-C bending,nu(C4-C6),bond,0.015077135797758491,+,0.0007551981967925229,0.2536936689040973
9,137.55320122431186,,,mixed O-C-C bending / C-O-C bending,delta(H16-C7-H17),angle,0.01456769213667495,+,0.0007004390661331506,0.28494609231836865
9,137.55320122431186,,,mixed O-C-C bending / C-O-C bending,delta(H15-C7-H16),angle,0.013855745950403136,+,0.0007025450372470238,0.26939792272256335
9,137.55320122431186,,,mixed O-C-C bending / C-O-C bending,nu(C8-H18),bond,0.013340904934010992,+,0.0006124551177862838,0.3413103237507323
9,137.55320122431186,,,mixed O-C-C bending / C-O-C bending,nu(C9-H23),bond,0.013192503691602474,+,0.0006090579400351891,0.34128930359837056
9,137.55320122431186,,,mixed O-C-C bending / C-O-C bending,nu(C2-H13),bond,0.01278082062177731,-,-0.0006053846346388146,0.33466371155807756
9,137.55320122431186,,,mixed O-C-C bending / C-O-C bending,nu(C2-H14),bond,0.012767591626907115,-,-0.0006050596324487747,0.33467655984368183
9,137.55320122431186,,,mixed O-C-C bending / C-O-C bending,delta(C6-C7-H17),angle,0.010659677587811998,-,-0.0005686857070746767,0.3163094116269633
9,137.55320122431186,,,mixed O-C-C bending / C-O-C bending,delta(H15-C7-H17),angle,0.010019726071568012,-,-0.0005925147525479997,0.2738862211420583
9,137.55320122431186,,,mixed O-C-C bending / C-O-C bending,"gamma(H11;C1,H10,H12)",oop,0.00939853813927726,-,-0.0005185666391973922,0.3354005971942054
9,137.55320122431186,,,mixed O-C-C bending / C-O-C bending,tau(H11-C1-C2-H13),dihedral,0.00865573128130009,+,0.0004720968272915131,0.37269560643401184
9,137.55320122431186,,,mixed O-C-C bending / C-O-C bending,"gamma(H18;C8,H19,H20)",oop,0.005982410444738382,+,0.00050186870213432,0.2279337585365519
9,137.55320122431186,,,mixed O-C-C bending / C-O-C bending,delta(H22-C9-H23),angle,0.005594030576484879,-,-0.00044822761989913825,0.2672023531774869
9,137.55320122431186,,,mixed O-C-C bending / C-O-C bending,nu(C1-H10),bond,0.005467068201147791,+,0.0003945774457915562,0.33697885380249765
9,137.55320122431186,,,mixed O-C-C bending / C-O-C bending,delta(C6-C7-H16),angle,0.004513042636386617,+,0.00036583908734886335,0.3235950711183532
9,137.55320122431186,,,mixed O-C-C bending / C-O-C bending,nu(C7-H15),bond,0.003431793468541452,-,-0.0003114184133091732,0.3395824516930801
9,137.55320122431186,,,mixed O-C-C bending / C-O-C bending,nu(C7-H17),bond,0.0034030695870094028,-,-0.0003101050980109799,0.339598442129758
9,137.55320122431186,,,mixed O-C-C bending / C-O-C bending,nu(C8-H20),bond,0.0007711330784153905,-,-0.0001487319609433829,0.3345287105692625
9,137.55320122431186,,,mixed O-C-C bending / C-O-C bending,nu(C9-H21),bond,0.0007640552443737292,-,-0.0001480487235755618,0.3345246288966813
9,137.55320122431186,,,mixed O-C-C bending / C-O-C bending,tau(C8-C6-C7-H17),dihedral,0.0005092524641495169,-,-0.00043629370857292086,0.02567366734023094
9,137.55320122431186,,,mixed O-C-C bending / C-O-C bending,delta(H21-C9-H23),angle,0.00040092980524897905,-,-0.00011896538005500969,0.2718565628519554
9,137.55320122431186,,,mixed O-C-C bending / C-O-C bending,delta(H21-C9-H22),angle,0.00018342344439259862,+,7.949403600329478e-05,0.2785469590691626
9,137.55320122431186,,,mixed O-C-C bending / C-O-C bending,delta(H19-C8-H20),angle,0.00016890619377368327,+,7.951910125090738e-05,0.25633937495241976
9,137.55320122431186,,,mixed O-C-C bending / C-O-C bending,tau(H10-C1-C2-O3),dihedral,7.872025628396882e-05,-,-5.393238202463404e-05,0.25971675406989986
9,137.55320122431186,,,mixed O-C-C bending / C-O-C bending,tau(C2-O3-C4-C6),dihedral,8.833043699108898e-06,-,-4.5319547613052036e-05,0.041271658217058235
9,137.55320122431186,,,mixed O-C-C bending / C-O-C bending,"gamma(O3;C4,O5,C6)",oop,3.1357509158148377e-06,-,-1.5748478427801237e-05,0.12133246739127751
9,137.55320122431186,,,mixed O-C-C bending / C-O-C bending,nu(C9-H22),bond,1.3564319496060188e-06,+,6.238706633164818e-06,0.33444257153457424
9,137.55320122431186,,,mixed O-C-C bending / C-O-C bending,nu(C8-H19),bond,1.1077097402574427e-06,+,5.6376972008054956e-06,0.3344530442205115
9,137.55320122431186,,,mixed O-C-C bending / C-O-C bending,nu(C1-H12),bond,8.503195374426932e-07,+,4.911648531350576e-06,0.3382519160366286
9,137.55320122431186,,,mixed O-C-C bending / C-O-C bending,nu(C1-H11),bond,7.272313734583494e-07,+,4.542241001569451e-06,0.33825555025336085
9,137.55320122431186,,,mixed O-C-C bending / C-O-C bending,tau(O3-C4-C6-C7),dihedral,4.1422977785931515e-07,-,-1.694762983260361e-05,0.013839998659108788
9,137.55320122431186,,,mixed O-C-C bending / C-O-C bending,nu(C7-H16),bond,1.555143752689712e-07,+,2.11011415851055e-06,0.33517476100026466
9,137.55320122431186,,,mixed O-C-C bending / C-O-C bending,tau(C1-C2-O3-C4),dihedral,2.3824908485232257e-08,-,-5.074553326903815e-06,0.008878677288367255
10,208.51606375401136,,,C-C torsion,tau(C9-C6-C8-H20),dihedral,36.07011396854377,+,0.1665593362255731,0.1768867206031556
10,208.51606375401136,,,C-C torsion,tau(C7-C6-C8-H18),dihedral,34.76660528595787,+,0.164648904462451,0.17447382206388093
10,208.51606375401136,,,C-C torsion,tau(C4-C6-C9-H22),dihedral,6.0242462943759,+,0.1777229649527652,0.02594784517579504
10,208.51606375401136,,,C-C torsion,tau(H12-C1-C2-H13),dihedral,4.870753946150243,+,0.03994070544062234,0.4153846152199703
10,208.51606375401136,,,C-C torsion,tau(C8-C6-C7-H17),dihedral,4.711250838380817,+,0.15800360590510298,0.02567366734023094
10,208.51606375401136,,,C-C torsion,tau(H11-C1-C2-H13),dihedral,4.363610858430636,+,0.03991064161729496,0.37269560643401184
10,208.51606375401136,,,C-C torsion,tau(H10-C1-C2-O3),dihedral,3.913598964609061,+,0.045277351656183164,0.25971675406989986
10,208.51606375401136,,,C-C torsion,tau(H11-C1-C2-H14),dihedral,2.472748695829959,+,0.03987206717420229,0.21160608660854546
10,208.51606375401136,,,C-C torsion,delta(C4-C6-C8),angle,1.1373570869439555,-,-0.01622979096299203,0.5874307333618307
10,208.51606375401136,,,C-C torsion,delta(C4-C6-C9),angle,1.0937630964110658,+,0.016171838494076954,0.5689710296933157
10,208.51606375401136,,,C-C torsion,"gamma(O3;C4,O5,C6)",oop,0.23021422019100857,-,-0.01606646742215076,0.12133246739127751
10,208.51606375401136,,,C-C torsion,tau(C2-O3-C4-C6),dihedral,0.12490801957976735,+,0.02029140137317949,0.041271658217058235
10,208.51606375401136,,,C-C torsion,delta(C7-C6-C9),angle,0.05884057521989476,-,-0.00307699275595874,0.845492268834399
10,208.51606375401136,,,C-C torsion,delta(C7-C6-C8),angle,0.042406023926843124,+,0.0029593469562693244,0.6587512652548063
10,208.51606375401136,,,C-C torsion,tau(C1-C2-O3-C4),dihedral,0.020397778111260412,-,-0.017679099309737392,0.008878677288367255
10,208.51606375401136,,,C-C torsion,delta(H21-C9-H23),angle,0.01706213982241293,+,0.002922063684059351,0.2718565628519554
10,208.51606375401136,,,C-C torsion,delta(H22-C9-H23),angle,0.012713926537048186,-,-0.0025442662026688434,0.2672023531774869
10,208.51606375401136,,,C-C torsion,delta(C2-C1-H11),angle,0.011977920371812953,-,-0.001938526637596711,0.4336342271090426
10,208.51606375401136,,,C-C torsion,delta(H16-C7-H17),angle,0.009417881610745095,+,0.0021204991365403204,0.28494609231836865
10,208.51606375401136,,,C-C torsion,tau(O3-C4-C6-C7),dihedral,0.00932622406523744,+,0.009574756498421603,0.013839998659108788
10,208.51606375401136,,,C-C torsion,delta(H15-C7-H16),angle,0.008915843091609955,-,-0.0021219098382980308,0.26939792272256335
10,208.51606375401136,,,C-C torsion,delta(C6-C7-H17),angle,0.005129658121651304,-,-0.0014853574982123684,0.3163094116269633
10,208.51606375401136,,,C-C torsion,delta(C1-C2-H14),angle,0.0038185628653736505,+,0.0013240123989309482,0.2963476715215922
10,208.51606375401136,,,C-C torsion,"gamma(H13;C2,O3,H14)",oop,0.0029104939514302763,-,-0.0013004985539176663,0.23411682864784614
10,208.51606375401136,,,C-C torsion,nu(C7-H15),bond,0.002670577085692892,+,0.001034362527628208,0.3395824516930801
10,208.51606375401136,,,C-C torsion,nu(C7-H17),bond,0.0026653319699615307,-,-0.0010333219360514421,0.339598442129758
10,208.51606375401136,,,C-C torsion,delta(C6-C8-H19),angle,0.0024894013065509123,+,0.0009346173734236175,0.38771525788471284
10,208.51606375401136,,,C-C torsion,delta(C6-C9-H22),angle,0.0019670558506509196,-,-0.0009292538461271635,0.3099086049953738
10,208.51606375401136,,,C-C torsion,delta(C6-C9-H21),angle,0.0017950361712421223,-,-0.0008839960233653451,0.312505928233909
10,208.51606375401136,,,C-C torsion,delta(C6-C8-H18),angle,0.001687672304242103,-,-0.0008487960835391894,0.318688996065421
10,208.51606375401136,,,C-C torsion,nu(C6-C8),bond,0.0010347290995016119,+,0.0007321437562544717,0.2626150526130056
10,208.51606375401136,,,C-C torsion,nu(C6-C9),bond,0.0010153111646946985,-,-0.0007252838591638277,0.2625843359756791
10,208.51606375401136,,,C-C torsion,"gamma(H18;C8,H19,H20)",oop,0.0004969726092346675,+,0.0005446339878439467,0.2279337585365519
10,208.51606375401136,,,C-C torsion,delta(H21-C9-H22),angle,0.0004646020194205419,+,0.0004763587808916606,0.2785469590691626
10,208.51606375401136,,,C-C torsion,delta(H19-C8-H20),angle,0.0004294199234272893,-,-0.00047739324979489923,0.25633937495241976
10,208.51606375401136,,,C-C torsion,delta(H10-C1-H12),angle,0.00035870922309421197,+,0.0003297080283947148,0.44892023061146324
10,208.51606375401136,,,C-C torsion,nu(C9-H23),bond,0.00021031664551448596,-,-0.00028954650285464774,0.34128930359837056
10,208.51606375401136,,,C-C torsion,nu(C8-H18),bond,0.00020730017072599725,+,0.00028745373557497253,0.3413103237507323
10,208.51606375401136,,,C-C torsion,"gamma(H11;C1,H10,H12)",oop,7.618077313759761e-05,-,-0.00017578572783905324,0.3354005971942054
10,208.51606375401136,,,C-C torsion,nu(C9-H22),bond,7.476169636290615e-05,+,0.00017439002335792225,0.33444257153457424
10,208.51606375401136,,,C-C torsion,nu(C8-H19),bond,7.464919129125502e-05,-,-0.0001742560303282732,0.3344530442205115
10,208.51606375401136,,,C-C torsion,nu(C2-H14),bond,4.313497988255783e-05,-,-0.0001324173801345628,0.33467655984368183
10,208.51606375401136,,,C-C torsion,nu(C2-H13),bond,4.178630866127106e-05,+,0.00013033334203792647,0.33466371155807756
10,208.51606375401136,,,C-C torsion,delta(C8-C6-C9),angle,4.044344829800328e-05,+,8.857311929402408e-05,0.7013422090875111
10,208.51606375401136,,,C-C torsion,delta(C1-C2-O3),angle,1.7995156434539455e-05,+,7.589654253225063e-05,0.4250082114162513
10,208.51606375401136,,,C-C torsion,delta(C2-O3-C4),angle,1.7659539037046256e-05,-,-9.083099773604227e-05,0.2912036889642517
10,208.51606375401136,,,C-C torsion,nu(C1-H12),bond,6.3690135300857825e-06,-,-5.061261684677488e-05,0.3382519160366286
10,208.51606375401136,,,C-C torsion,nu(C1-H11),bond,6.348089910958254e-06,+,5.052914018468194e-05,0.33825555025336085
10,208.51606375401136,,,C-C torsion,nu(O3-C4),bond,3.4616048538262253e-06,+,3.5495772975157804e-05,0.3737746932579269
10,208.51606375401136,,,C-C torsion,nu(C8-H20),bond,3.3591457981589183e-06,+,3.69607323704937e-05,0.3345287105692625
10,208.51606375401136,,,C-C torsion,delta(O3-C4-O5),angle,2.816391634656399e-06,-,-2.525030061393345e-05,0.6009600723599223
10,208.51606375401136,,,C-C torsion,delta(C2-C1-H10),angle,2.8160035234246875e-06,-,-3.186597744852447e-05,0.3772805214315562
10,208.51606375401136,,,C-C torsion,delta(C6-C7-H16),angle,2.7702672159882847e-06,-,-3.41273621902902e-05,0.3235950711183532
10,208.51606375401136,,,C-C torsion,nu(C9-H21),bond,2.055804438854697e-06,-,-2.8914766549525127e-05,0.3345246288966813
10,208.51606375401136,,,C-C torsion,delta(H15-C7-H17),angle,1.6345552980829445e-06,+,2.8494271375900933e-05,0.2738862211420583
10,208.51606375401136,,,C-C torsion,nu(C2-O3),bond,5.23281563955686e-07,+,1.5658977857047998e-05,0.29033159021092214
10,208.51606375401136,,,C-C torsion,nu(C7-H16),bond,1.902054428713022e-07,+,8.78655547556455e-06,0.33517476100026466
10,208.51606375401136,,,C-C torsion,nu(C6-C7),bond,1.1305699627365544e-07,-,-7.49242803995429e-06,0.273992049202674
10,208.51606375401136,,,C-C torsion,nu(C4-O5),bond,8.416194815979043e-08,-,-3.7175465213657104e-06,0.8284926016642041
10,208.51606375401136,,,C-C torsion,nu(C4-C6),bond,3.8553596287986007e-08,+,4.5469530764034175e-06,0.2536936689040973
10,208.51606375401136,,,C-C torsion,nu(C1-C2),bond,3.4638633411781344e-08,-,-3.9969372630795965e-06,0.2949794525157423
10,208.51606375401136,,,C-C torsion,delta(O3-C4-C6),angle,2.8045417237561704e-08,+,2.7500266447292755e-06,0.5045146489337415
10,208.51606375401136,,,C-C torsion,nu(C1-H10),bond,7.443781945951497e-09,+,1.7335578394772832e-06,0.33697885380249765
11,238.17337637286917,,,C-C torsion,tau(H12-C1-C2-H13),dihedral,30.19463005159878,-,-0.18348961940095518,0.4153846152199703
11,238.17337637286917,,,C-C torsion,tau(H11-C1-C2-H13),dihedral,27.09619321189157,-,-0.18350540084563918,0.37269560643401184
11,238.17337637286917,,,C-C torsion,tau(H10-C1-C2-O3),dihedral,22.533408694428005,-,-0.20046350092240878,0.25971675406989986
11,238.17337637286917,,,C-C torsion,tau(H11-C1-C2-H14),dihedral,15.387616867878872,-,-0.18352424726871397,0.21160608660854546
11,238.17337637286917,,,C-C torsion,delta(C4-C6-C8),angle,1.4526669416127873,+,0.0338435990748948,0.5874307333618307
11,238.17337637286917,,,C-C torsion,delta(C4-C6-C9),angle,1.4153853428933867,-,-0.03394408583900081,0.5689710296933157
11,238.17337637286917,,,C-C torsion,tau(C8-C6-C7-H17),dihedral,1.0965109437186726,+,0.14064826444352974,0.02567366734023094
11,238.17337637286917,,,C-C torsion,"gamma(O3;C4,O5,C6)",oop,0.3283005318514906,+,0.03540129307823607,0.12133246739127751
11,238.17337637286917,,,C-C torsion,delta(C7-C6-C9),angle,0.12243757501884314,+,0.0081898205592085,0.845492268834399
11,238.17337637286917,,,C-C torsion,delta(C7-C6-C8),angle,0.09633321897019594,-,-0.008229987054668118,0.6587512652548063
11,238.17337637286917,,,C-C torsion,delta(C2-C1-H11),angle,0.09236806007818049,+,0.00993278377063914,0.4336342271090426
11,238.17337637286917,,,C-C torsion,tau(C1-C2-O3-C4),dihedral,0.028310727069937206,+,0.03843025117803182,0.008878677288367255
11,238.17337637286917,,,C-C torsion,delta(C6-C8-H19),angle,0.023248776235340815,-,-0.00527005866457974,0.38771525788471284
11,238.17337637286917,,,C-C torsion,tau(O3-C4-C6-C7),dihedral,0.01913070012464589,-,-0.025302839173691537,0.013839998659108788
11,238.17337637286917,,,C-C torsion,delta(C6-C9-H22),angle,0.018720297475658235,+,0.005289460792151152,0.3099086049953738
11,238.17337637286917,,,C-C torsion,delta(C6-C8-H18),angle,0.014691730638251028,+,0.00462088107684088,0.318688996065421
11,238.17337637286917,,,C-C torsion,tau(C7-C6-C8-H18),dihedral,0.013148369525832627,+,0.005908029567700001,0.17447382206388093
11,238.17337637286917,,,C-C torsion,delta(C1-C2-H14),angle,0.012388002423839077,-,-0.004400193024881859,0.2963476715215922
11,238.17337637286917,,,C-C torsion,tau(C4-C6-C9-H22),dihedral,0.009133906815359047,-,-0.012768782411695904,0.02594784517579504
11,238.17337637286917,,,C-C torsion,tau(C9-C6-C8-H20),dihedral,0.0077352612063640415,+,0.004500509923801662,0.1768867206031556
11,238.17337637286917,,,C-C torsion,delta(H16-C7-H17),angle,0.006492302762148548,+,0.003248552400691253,0.28494609231836865
11,238.17337637286917,,,C-C torsion,delta(H15-C7-H16),angle,0.00618067257938091,-,-0.003259812302692022,0.26939792272256335
11,238.17337637286917,,,C-C torsion,tau(C2-O3-C4-C6),dihedral,0.0047024329178859126,-,-0.007264524491942396,0.041271658217058235
11,238.17337637286917,,,C-C torsion,delta(C6-C7-H17),angle,0.004034918505210111,+,0.0024307101452962707,0.3163094116269633
11,238.17337637286917,,,C-C torsion,"gamma(H13;C2,O3,H14)",oop,0.003957634999631055,+,0.0027981655140283945,0.23411682864784614
11,238.17337637286917,,,C-C torsion,delta(H22-C9-H23),angle,0.0017863326128359628,+,0.0017596766505873062,0.2672023531774869
11,238.17337637286917,,,C-C torsion,delta(C6-C9-H21),angle,0.001742447194774844,-,-0.0016070246176573208,0.312505928233909
11,238.17337637286917,,,C-C torsion,delta(H10-C1-H12),angle,0.0016425732710933154,-,-0.0013018160873924452,0.44892023061146324
11,238.17337637286917,,,C-C torsion,delta(H21-C9-H23),angle,0.0015951293767395504,-,-0.0016485415318703896,0.2718565628519554
11,238.17337637286917,,,C-C torsion,nu(C7-H15),bond,0.001350186773661354,+,0.001357050945546036,0.3395824516930801
11,238.17337637286917,,,C-C torsion,nu(C7-H17),bond,0.00134834008837469,-,-0.0013560906634295254,0.339598442129758
11,238.17337637286917,,,C-C torsion,delta(H21-C9-H22),angle,0.0005955532520459869,+,0.0009951371432834455,0.2785469590691626
11,238.17337637286917,,,C-C torsion,delta(H19-C8-H20),angle,0.0005530262175761164,-,-0.0009996248568543,0.25633937495241976
11,238.17337637286917,,,C-C torsion,"gamma(H11;C1,H10,H12)",oop,0.0003237988606998921,+,0.0006686942510056826,0.3354005971942054
11,238.17337637286917,,,C-C torsion,nu(C8-H18),bond,0.00027448265272081066,+,0.0006103157614733083,0.3413103237507323
11,238.17337637286917,,,C-C torsion,nu(C9-H23),bond,0.0002744121767193422,-,-0.000610256196389005,0.34128930359837056
11,238.17337637286917,,,C-C torsion,nu(C6-C9),bond,0.00015059401932992936,+,0.0005153963062049382,0.2625843359756791
11,238.17337637286917,,,C-C torsion,nu(C6-C8),bond,0.00014847740939581203,-,-0.0005117315930316083,0.2626150526130056
11,238.17337637286917,,,C-C torsion,"gamma(H18;C8,H19,H20)",oop,0.00014170275667468884,+,0.0005366074162790827,0.2279337585365519
11,238.17337637286917,,,C-C torsion,nu(C9-H22),bond,0.00010127654756497764,-,-0.00037451180709978155,0.33444257153457424
11,238.17337637286917,,,C-C torsion,nu(C8-H19),bond,0.0001001258357203826,+,0.0003723722829934055,0.3344530442205115
11,238.17337637286917,,,C-C torsion,nu(C9-H21),bond,5.420215627496898e-05,+,0.0002739467044342093,0.3345246288966813
11,238.17337637286917,,,C-C torsion,nu(C8-H20),bond,5.3035797160562186e-05,-,-0.00027098153543041723,0.3345287105692625
11,238.17337637286917,,,C-C torsion,nu(C1-H12),bond,1.394243815315885e-05,+,0.00013817232890412704,0.3382519160366286
11,238.17337637286917,,,C-C torsion,nu(C1-H11),bond,1.3862714452587004e-05,-,-0.00013777598358474306,0.33825555025336085
11,238.17337637286917,,,C-C torsion,delta(C8-C6-C9),angle,4.9821966719333005e-06,+,5.736107637215597e-05,0.7013422090875111
11,238.17337637286917,,,C-C torsion,delta(C2-O3-C4),angle,1.189698188729448e-06,-,-4.3500255828413114e-05,0.2912036889642517
11,238.17337637286917,,,C-C torsion,delta(C1-C2-O3),angle,9.851639693399122e-07,+,3.2766303265275635e-05,0.4250082114162513
11,238.17337637286917,,,C-C torsion,nu(C2-H14),bond,4.856062314234314e-07,-,-2.5923958913966046e-05,0.33467655984368183
11,238.17337637286917,,,C-C torsion,nu(C2-H13),bond,4.587471817864813e-07,+,2.51973135369282e-05,0.33466371155807756
11,238.17337637286917,,,C-C torsion,delta(C6-C7-H16),angle,3.726953474697021e-07,-,-2.3096590993271825e-05,0.3235950711183532
11,238.17337637286917,,,C-C torsion,delta(O3-C4-C6),angle,3.073700157873021e-07,-,-1.6798314439848475e-05,0.5045146489337415
11,238.17337637286917,,,C-C torsion,delta(C2-C1-H10),angle,1.5434947199117306e-07,-,-1.3765507560819515e-05,0.3772805214315562
11,238.17337637286917,,,C-C torsion,delta(H15-C7-H17),angle,1.4732343256168648e-07,+,1.5784203431897877e-05,0.2738862211420583
11,238.17337637286917,,,C-C torsion,nu(C4-C6),bond,9.082004017998533e-08,-,-1.2876797832704892e-05,0.2536936689040973
11,238.17337637286917,,,C-C torsion,delta(O3-C4-O5),angle,7.551671104490192e-08,-,-7.629051933263075e-06,0.6009600723599223
11,238.17337637286917,,,C-C torsion,nu(O3-C4),bond,5.571172371862245e-08,+,8.308836212179167e-06,0.3737746932579269
11,238.17337637286917,,,C-C torsion,nu(C1-C2),bond,8.86039834873241e-09,-,-3.7299463759870537e-06,0.2949794525157423
11,238.17337637286917,,,C-C torsion,nu(C7-H16),bond,7.428500801053465e-09,+,3.2039577472695677e-06,0.33517476100026466
11,238.17337637286917,,,C-C torsion,nu(C2-O3),bond,1.3688599849347135e-09,+,1.477761047439807e-06,0.29033159021092214
11,238.17337637286917,,,C-C torsion,nu(C6-C7),bond,9.029359275990955e-10,-,-1.235467523625336e-06,0.273992049202674
11,238.17337637286917,,,C-C torsion,nu(C4-O5),bond,8.545229339662203e-10,-,-6.911771803957483e-07,0.8284926016642041
11,238.17337637286917,,,C-C torsion,nu(C1-H10),bond,1.3570570231069562e-11,+,1.3657448487809597e-07,0.33697885380249765
12,262.0139455935703,,,C-C torsion,tau(C9-C6-C8-H20),dihedral,49.33389451727413,-,-0.20947189880216616,0.1768867206031556
12,262.0139455935703,,,C-C torsion,tau(C7-C6-C8-H18),dihedral,41.80470228184946,-,-0.194154792100522,0.17447382206388093
12,262.0139455935703,,,C-C torsion,tau(C4-C6-C9-H22),dihedral,7.5236765139499475,+,0.21358221812163083,0.02594784517579504
12,262.0139455935703,,,C-C torsion,delta(C1-C2-O3),angle,0.22980685969241443,+,0.009223240173381919,0.4250082114162513
12,262.0139455935703,,,C-C torsion,tau(H11-C1-C2-H14),dihedral,0.15475135011224844,-,-0.010726396085719804,0.21160608660854546
12,262.0139455935703,,,C-C torsion,delta(C7-C6-C9),angle,0.12591721675535877,-,-0.004840479906314003,0.845492268834399
12,262.0139455935703,,,C-C torsion,delta(C7-C6-C8),angle,0.09622730289608546,-,-0.004793901537035164,0.6587512652548063
12,262.0139455935703,,,C-C torsion,nu(C4-C6),bond,0.09116274058569367,+,0.0075189042785809195,0.2536936689040973
12,262.0139455935703,,,C-C torsion,tau(H11-C1-C2-H13),dihedral,0.0805859929607836,-,-0.00583248094324797,0.37269560643401184
12,262.0139455935703,,,C-C torsion,tau(H10-C1-C2-O3),dihedral,0.0734555495912466,-,-0.006670570941307614,0.25971675406989986
12,262.0139455935703,,,C-C torsion,delta(O3-C4-O5),angle,0.062244186833472666,-,-0.004036707427666683,0.6009600723599223
12,262.0139455935703,,,C-C torsion,nu(O3-C4),bond,0.0617229378241036,+,0.005097051619369308,0.3737746932579269
12,262.0139455935703,,,C-C torsion,delta(C8-C6-C9),angle,0.04662200787041592,-,-0.003233934224105217,0.7013422090875111
12,262.0139455935703,,,C-C torsion,delta(C2-C1-H10),angle,0.04068983021256219,-,-0.004119186269989905,0.3772805214315562
12,262.0139455935703,,,C-C torsion,tau(C8-C6-C7-H17),dihedral,0.033333978650594155,-,-0.014292240179714859,0.02567366734023094
12,262.0139455935703,,,C-C torsion,delta(C6-C9-H21),angle,0.022602799833864318,-,-0.003373282191631868,0.312505928233909
12,262.0139455935703,,,C-C torsion,delta(C6-C8-H18),angle,0.021590307787766296,+,0.003264724714984896,0.318688996065421
12,262.0139455935703,,,C-C torsion,delta(C2-C1-H11),angle,0.020500979409802143,+,0.002727257921720275,0.4336342271090426
12,262.0139455935703,,,C-C torsion,delta(H21-C9-H23),angle,0.018473695956306584,+,0.0032696982073446407,0.2718565628519554
12,262.0139455935703,,,C-C torsion,delta(C2-O3-C4),angle,0.018170762503896636,-,-0.0031332050951827896,0.2912036889642517
12,262.0139455935703,,,C-C torsion,delta(C6-C8-H19),angle,0.016143652407015017,-,-0.002559441085158646,0.38771525788471284
12,262.0139455935703,,,C-C torsion,"gamma(H13;C2,O3,H14)",oop,0.01438102590200915,-,-0.0031087035005038783,0.23411682864784614
12,262.0139455935703,,,C-C torsion,delta(C1-C2-H14),angle,0.013730061517917898,-,-0.00269982842930199,0.2963476715215922
12,262.0139455935703,,,C-C torsion,delta(O3-C4-C6),angle,0.013531957679675367,+,0.002054206548132004,0.5045146489337415
12,262.0139455935703,,,C-C torsion,delta(H22-C9-H23),angle,0.01092843443328997,-,-0.002536643994824653,0.2672023531774869
12,262.0139455935703,,,C-C torsion,delta(C6-C9-H22),angle,0.010577897292302794,-,-0.002317306818911675,0.3099086049953738
12,262.0139455935703,,,C-C torsion,tau(H12-C1-C2-H13),dihedral,0.008145988500035497,-,-0.001756496856415329,0.4153846152199703
12,262.0139455935703,,,C-C torsion,delta(C4-C6-C8),angle,0.00763189975161797,+,0.0014296794693325922,0.5874307333618307
12,262.0139455935703,,,C-C torsion,nu(C2-O3),bond,0.0076053212510696746,+,0.0020300761058927473,0.29033159021092214
12,262.0139455935703,,,C-C torsion,delta(H21-C9-H22),angle,0.005608808120449256,+,0.001779863778228531,0.2785469590691626
12,262.0139455935703,,,C-C torsion,delta(H19-C8-H20),angle,0.005157165119590012,+,0.0017790925540387304,0.25633937495241976
12,262.0139455935703,,,C-C torsion,delta(H15-C7-H17),angle,0.005081071732672994,+,0.0017084145255602053,0.2738862211420583
12,262.0139455935703,,,C-C torsion,delta(C4-C6-C9),angle,0.003807561333485014,+,0.001026074893357517,0.5689710296933157
12,262.0139455935703,,,C-C torsion,nu(C1-C2),bond,0.0030811581874260023,+,0.0012819225862228678,0.2949794525157423
12,262.0139455935703,,,C-C torsion,"gamma(H18;C8,H19,H20)",oop,0.00265721901778646,-,-0.0013542848940642077,0.2279337585365519
12,262.0139455935703,,,C-C torsion,delta(H16-C7-H17),angle,0.0023132175461886497,-,-0.0011301278315438686,0.28494609231836865
12,262.0139455935703,,,C-C torsion,delta(H10-C1-H12),angle,0.0016323701631719915,-,-0.0007563545425991671,0.44892023061146324
12,262.0139455935703,,,C-C torsion,delta(C6-C7-H16),angle,0.0016157488447489207,-,-0.0008863120671663811,0.3235950711183532
12,262.0139455935703,,,C-C torsion,delta(H15-C7-H16),angle,0.0013884313565556096,-,-0.0009004627868107475,0.26939792272256335
12,262.0139455935703,,,C-C torsion,nu(C4-O5),bond,0.0011051614584245634,-,-0.0004581094307582048,0.8284926016642041
12,262.0139455935703,,,C-C torsion,nu(C7-H16),bond,0.0007422626066268334,+,0.0005902606357323484,0.33517476100026466
12,262.0139455935703,,,C-C torsion,tau(C2-O3-C4-C6),dihedral,0.0006199348724776487,+,0.0015372615279114446,0.041271658217058235
12,262.0139455935703,,,C-C torsion,delta(C6-C7-H17),angle,0.0005175097799099475,+,0.0005073456111602717,0.3163094116269633
12,262.0139455935703,,,C-C torsion,nu(C6-C7),bond,0.000489102757517711,+,0.000529946172269935,0.273992049202674
12,262.0139455935703,,,C-C torsion,"gamma(H11;C1,H10,H12)",oop,0.0002350085991486261,-,-0.00033201724786236745,0.3354005971942054
12,262.0139455935703,,,C-C torsion,nu(C6-C9),bond,0.00022683565535073136,-,-0.00036865653494711186,0.2625843359756791
12,262.0139455935703,,,C-C torsion,nu(C6-C8),bond,0.00017588463074176032,-,-0.000324604713772576,0.2626150526130056
12,262.0139455935703,,,C-C torsion,nu(C9-H23),bond,0.00016982202194165412,-,-0.00027979268072718605,0.34128930359837056
12,262.0139455935703,,,C-C torsion,nu(C8-H18),bond,0.00014644310732735748,-,-0.00025981273793619056,0.3413103237507323
12,262.0139455935703,,,C-C torsion,nu(C9-H21),bond,0.00013133072605767408,-,-0.0002485248429684061,0.3345246288966813
12,262.0139455935703,,,C-C torsion,nu(C8-H20),bond,0.0001267418173705725,-,-0.0002441428168718868,0.3345287105692625
12,262.0139455935703,,,C-C torsion,nu(C1-H10),bond,0.00010185200962796093,+,0.00021806409383186726,0.33697885380249765
12,262.0139455935703,,,C-C torsion,"gamma(O3;C4,O5,C6)",oop,2.8044945321205268e-05,+,0.00019069507125634488,0.12133246739127751
12,262.0139455935703,,,C-C torsion,nu(C2-H14),bond,1.3183817912784663e-05,-,-7.872426855729442e-05,0.33467655984368183
12,262.0139455935703,,,C-C torsion,nu(C7-H15),bond,8.648317158801322e-06,-,-6.329856558167896e-05,0.3395824516930801
12,262.0139455935703,,,C-C torsion,nu(C2-H13),bond,7.080233078830847e-06,-,-5.7692605110762085e-05,0.33466371155807756
12,262.0139455935703,,,C-C torsion,nu(C8-H19),bond,1.106052415205222e-06,-,-2.2809772923389423e-05,0.3344530442205115
12,262.0139455935703,,,C-C torsion,nu(C7-H17),bond,1.1057139303339425e-06,+,2.2632849217679114e-05,0.339598442129758
12,262.0139455935703,,,C-C torsion,tau(O3-C4-C6-C7),dihedral,8.709000520488865e-07,+,9.949856527513717e-05,0.013839998659108788
12,262.0139455935703,,,C-C torsion,nu(C9-H22),bond,5.038430830574964e-07,+,1.5395278780145427e-05,0.33444257153457424
12,262.0139455935703,,,C-C torsion,tau(C1-C2-O3-C4),dihedral,4.771018481498403e-07,+,9.194584282780873e-05,0.008878677288367255
12,262.0139455935703,,,C-C torsion,nu(C1-H12),bond,2.8041634435784764e-07,+,1.1420423610607439e-05,0.3382519160366286
12,262.0139455935703,,,C-C torsion,nu(C1-H11),bond,5.909138260683194e-09,+,1.6578311451200585e-06,0.33825555025336085
13,266.8219696440707,,,C-C torsion,tau(H12-C1-C2-H13),dihedral,28.83458848056515,+,0.1911340282953429,0.4153846152199703
13,266.8219696440707,,,C-C torsion,tau(H11-C1-C2-H13),dihedral,25.837408201840667,+,0.19100893126215596,0.37269560643401184
13,266.8219696440707,,,C-C torsion,tau(H10-C1-C2-O3),dihedral,20.386575183927533,+,0.20324903448405457,0.25971675406989986
13,266.8219696440707,,,C-C torsion,tau(H11-C1-C2-H14),dihedral,14.647102051022884,+,0.19086140380484845,0.21160608660854546
13,266.8219696440707,,,C-C torsion,tau(C9-C6-C8-H20),dihedral,3.874876930852639,-,-0.10737116847910501,0.1768867206031556
13,266.8219696440707,,,C-C torsion,tau(C7-C6-C8-H18),dihedral,3.7806723872362586,-,-0.10678880411461769,0.17447382206388093
13,266.8219696440707,,,C-C torsion,tau(C8-C6-C7-H17),dihedral,1.829715060124201,+,0.19366632628015562,0.02567366734023094
13,266.8219696440707,,,C-C torsion,tau(C4-C6-C9-H22),dihedral,0.42230571137061546,-,-0.09254845356997952,0.02594784517579504
13,266.8219696440707,,,C-C torsion,tau(C2-O3-C4-C6),dihedral,0.24524792860968608,-,-0.05592204602941605,0.041271658217058235
13,266.8219696440707,,,C-C torsion,delta(C2-C1-H11),angle,0.08663250960839954,-,-0.010253803923860926,0.4336342271090426
13,266.8219696440707,,,C-C torsion,delta(C6-C9-H21),angle,0.006417634030802049,+,0.003287491824377452,0.312505928233909
13,266.8219696440707,,,C-C torsion,delta(C7-C6-C8),angle,0.005679616274327035,-,-0.0021301250719057115,0.6587512652548063
13,266.8219696440707,,,C-C torsion,delta(C1-C2-H14),angle,0.005596167288360564,+,0.0031524697105134647,0.2963476715215922
13,266.8219696440707,,,C-C torsion,delta(C7-C6-C9),angle,0.005176870931417493,+,0.0017950856953542886,0.845492268834399
13,266.8219696440707,,,C-C torsion,delta(H16-C7-H17),angle,0.005122746279670259,+,0.0030759297202431982,0.28494609231836865
13,266.8219696440707,,,C-C torsion,delta(H15-C7-H16),angle,0.005107370011009028,-,-0.0031586963427342836,0.26939792272256335
13,266.8219696440707,,,C-C torsion,delta(H21-C9-H23),angle,0.002780375119010377,-,-0.0023200007415033904,0.2718565628519554
13,266.8219696440707,,,C-C torsion,tau(O3-C4-C6-C7),dihedral,0.0026878414633135675,-,-0.01010974353259298,0.013839998659108788
13,266.8219696440707,,,C-C torsion,delta(C6-C7-H17),angle,0.002534227847642383,+,0.0020533978838410973,0.3163094116269633
13,266.8219696440707,,,C-C torsion,delta(C6-C9-H22),angle,0.002122275939321798,-,-0.0018984118909110568,0.3099086049953738
13,266.8219696440707,,,C-C torsion,delta(C6-C8-H19),angle,0.001974926109065644,+,0.001637288899350369,0.38771525788471284
13,266.8219696440707,,,C-C torsion,delta(H10-C1-H12),angle,0.0019613654133787467,+,0.0015163554115533698,0.44892023061146324
13,266.8219696440707,,,C-C torsion,delta(C4-C6-C8),angle,0.001504425033162284,+,0.0011609493730492006,0.5874307333618307
13,266.8219696440707,,,C-C torsion,delta(C4-C6-C9),angle,0.000875763439882797,-,-0.0009000251933469487,0.5689710296933157
13,266.8219696440707,,,C-C torsion,delta(H22-C9-H23),angle,0.0007967534267238913,+,0.001252703147322182,0.2672023531774869
13,266.8219696440707,,,C-C torsion,nu(C7-H17),bond,0.0007403784914359251,-,-0.0010711502414287072,0.339598442129758
13,266.8219696440707,,,C-C torsion,nu(C7-H15),bond,0.00073635695434406,+,0.0010682623306666604,0.3395824516930801
13,266.8219696440707,,,C-C torsion,"gamma(H18;C8,H19,H20)",oop,0.0005532196091124111,-,-0.0011301882676107205,0.2279337585365519
13,266.8219696440707,,,C-C torsion,"gamma(H11;C1,H10,H12)",oop,0.0004140784098632499,-,-0.0008060569288107682,0.3354005971942054
13,266.8219696440707,,,C-C torsion,"gamma(H13;C2,O3,H14)",oop,0.0003775229556097494,-,-0.0009212164909332421,0.23411682864784614
13,266.8219696440707,,,C-C torsion,tau(C1-C2-O3-C4),dihedral,0.00027777656288188794,+,0.00405770062810279,0.008878677288367255
13,266.8219696440707,,,C-C torsion,nu(C6-C8),bond,0.00020341922555541371,-,-0.0006384729882743926,0.2626150526130056
13,266.8219696440707,,,C-C torsion,nu(C6-C9),bond,0.00017955149154080897,+,0.0005998828397764369,0.2625843359756791
13,266.8219696440707,,,C-C torsion,delta(C6-C8-H18),angle,0.00015651616878009514,+,0.0005083963315143556,0.318688996065421
13,266.8219696440707,,,C-C torsion,nu(C8-H19),bond,0.00013582289107082852,+,0.00046230144021491213,0.3344530442205115
13,266.8219696440707,,,C-C torsion,nu(C9-H22),bond,0.0001347057963700548,-,-0.0004604035913603625,0.33444257153457424
13,266.8219696440707,,,C-C torsion,delta(C8-C6-C9),angle,9.234364532091408e-05,-,-0.0002632357416597981,0.7013422090875111
13,266.8219696440707,,,C-C torsion,nu(C2-H13),bond,8.712287836765202e-05,-,-0.00037014180102630555,0.33466371155807756
13,266.8219696440707,,,C-C torsion,nu(C2-H14),bond,8.486249716075292e-05,+,0.00036530161589932026,0.33467655984368183
13,266.8219696440707,,,C-C torsion,delta(C1-C2-O3),angle,6.412104780828894e-05,+,0.0002817785841747168,0.4250082114162513
13,266.8219696440707,,,C-C torsion,nu(C4-C6),bond,5.595535953596787e-05,+,0.00034070018430768813,0.2536936689040973
13,266.8219696440707,,,C-C torsion,"gamma(O3;C4,O5,C6)",oop,3.8393987173130177e-05,+,0.0004080838716424142,0.12133246739127751
13,266.8219696440707,,,C-C torsion,delta(O3-C4-O5),angle,2.6365629445135905e-05,-,-0.0001519506634205535,0.6009600723599223
13,266.8219696440707,,,C-C torsion,nu(C8-H20),bond,2.609325733571202e-05,-,-0.00020260669313618384,0.3345287105692625
13,266.8219696440707,,,C-C torsion,nu(C9-H21),bond,2.0399590321865293e-05,+,0.00017914430722789227,0.3345246288966813
13,266.8219696440707,,,C-C torsion,nu(C8-H18),bond,2.006209268105478e-05,-,-0.00017588133023827425,0.3413103237507323
13,266.8219696440707,,,C-C torsion,nu(O3-C4),bond,1.9772456327127025e-05,+,0.00016685211013375416,0.3737746932579269
13,266.8219696440707,,,C-C torsion,nu(C9-H23),bond,1.659747765621078e-05,+,0.00015998013007371327,0.34128930359837056
13,266.8219696440707,,,C-C torsion,delta(H19-C8-H20),angle,1.5484630570883143e-05,+,0.00017829907971131346,0.25633937495241976
13,266.8219696440707,,,C-C torsion,nu(C1-H12),bond,1.3412086725935477e-05,-,-0.0001444555997327334,0.3382519160366286
13,266.8219696440707,,,C-C torsion,nu(C1-H11),bond,1.338710099532468e-05,+,0.00014432020663743674,0.33825555025336085
13,266.8219696440707,,,C-C torsion,delta(C2-C1-H10),angle,1.1689953459320293e-05,-,-0.00012769695372393352,0.3772805214315562
13,266.8219696440707,,,C-C torsion,delta(O3-C4-C6),angle,1.0835690528029471e-05,+,0.00010631578344820255,0.5045146489337415
13,266.8219696440707,,,C-C torsion,nu(C2-O3),bond,4.3313024668784034e-06,+,8.860708468347855e-05,0.29033159021092214
13,266.8219696440707,,,C-C torsion,delta(H15-C7-H17),angle,2.15479626372307e-06,+,6.434641457520618e-05,0.2738862211420583
13,266.8219696440707,,,C-C torsion,nu(C1-C2),bond,1.9715983116210723e-06,+,5.93088733338892e-05,0.2949794525157423
13,266.8219696440707,,,C-C torsion,delta(H21-C9-H22),angle,6.119919195971527e-07,-,-3.400399714486732e-05,0.2785469590691626
13,266.8219696440707,,,C-C torsion,delta(C6-C7-H16),angle,5.853575657035434e-07,-,-3.085432194656627e-05,0.3235950711183532
13,266.8219696440707,,,C-C torsion,nu(C6-C7),bond,4.0252787418729445e-07,+,2.7805796335430244e-05,0.273992049202674
13,266.8219696440707,,,C-C torsion,nu(C7-H16),bond,3.3543795027558595e-07,+,2.2949687775203418e-05,0.33517476100026466
13,266.8219696440707,,,C-C torsion,delta(C2-O3-C4),angle,3.153068748834153e-07,-,-2.3871220352931684e-05,0.2912036889642517
13,266.8219696440707,,,C-C torsion,nu(C4-O5),bond,2.0255349471199114e-07,-,-1.1343103396032977e-05,0.8284926016642041
13,266.8219696440707,,,C-C torsion,nu(C1-H10),bond,3.742415898282268e-08,+,7.645062463854415e-06,0.33697885380249765
14,285.05051517513067,,,mixed C-C-C bending / C-C torsion,delta(C8-C6-C9),angle,25.700756579461782,-,-0.04594457137192178,0.7013422090875111
14,285.05051517513067,,,mixed C-C-C bending / C-C torsion,delta(C4-C6-C8),angle,14.063637986961265,+,0.03713613875034938,0.5874307333618307
14,285.05051517513067,,,mixed C-C-C bending / C-C torsion,delta(C4-C6-C9),angle,13.849597588387933,+,0.03744550905349714,0.5689710296933157
14,285.05051517513067,,,mixed C-C-C bending / C-C torsion,delta(C1-C2-O3),angle,9.275022947734456,-,-0.03545561921301339,0.4250082114162513
14,285.05051517513067,,,mixed C-C-C bending / C-C torsion,delta(C2-O3-C4),angle,7.921117482603147,+,0.0395841232084393,0.2912036889642517
14,285.05051517513067,,,mixed C-C-C bending / C-C torsion,tau(C9-C6-C8-H20),dihedral,7.672628274992729,-,-0.04998626673689182,0.1768867206031556
14,285.05051517513067,,,mixed C-C-C bending / C-C torsion,tau(C7-C6-C8-H18),dihedral,2.6277891345616906,-,-0.029454818936313517,0.17447382206388093
14,285.05051517513067,,,mixed C-C-C bending / C-C torsion,tau(H12-C1-C2-H13),dihedral,2.565139021533295,-,-0.018860642734088186,0.4153846152199703
14,285.05051517513067,,,mixed C-C-C bending / C-C torsion,delta(O3-C4-C6),angle,2.5497799117333106,+,0.017062422658606607,0.5045146489337415
14,285.05051517513067,,,mixed C-C-C bending / C-C torsion,delta(C2-C1-H10),angle,1.616524820353297,+,0.015710327386312183,0.3772805214315562
14,285.05051517513067,,,mixed C-C-C bending / C-C torsion,delta(C7-C6-C9),angle,1.5890625859216305,+,0.010404996043378282,0.845492268834399
14,285.05051517513067,,,mixed C-C-C bending / C-C torsion,delta(C7-C6-C8),angle,1.2780746568383143,+,0.010571670512651959,0.6587512652548063
14,285.05051517513067,,,mixed C-C-C bending / C-C torsion,delta(C6-C9-H21),angle,1.1804882766357736,+,0.014751220255524156,0.312505928233909
14,285.05051517513067,,,mixed C-C-C bending / C-C torsion,tau(H11-C1-C2-H14),dihedral,1.0078538190553874,+,0.016563836452243734,0.21160608660854546
14,285.05051517513067,,,mixed C-C-C bending / C-C torsion,nu(C4-C6),bond,0.9133847753097764,+,0.014401187608835431,0.2536936689040973
14,285.05051517513067,,,mixed C-C-C bending / C-C torsion,delta(C6-C8-H19),angle,0.888734008391996,-,-0.01149094357402391,0.38771525788471284
14,285.05051517513067,,,mixed C-C-C bending / C-C torsion,"gamma(H13;C2,O3,H14)",oop,0.7810908793768667,+,0.013863111161774076,0.23411682864784614
14,285.05051517513067,,,mixed C-C-C bending / C-C torsion,delta(C6-C9-H22),angle,0.71999388147884,-,-0.01156841404116507,0.3099086049953738
14,285.05051517513067,,,mixed C-C-C bending / C-C torsion,nu(O3-C4),bond,0.691317373446701,-,-0.01032190903323738,0.3737746932579269
14,285.05051517513067,,,mixed C-C-C bending / C-C torsion,delta(C6-C7-H16),angle,0.6762721512800389,+,0.01097200612609805,0.3235950711183532
14,285.05051517513067,,,mixed C-C-C bending / C-C torsion,delta(C2-C1-H11),angle,0.5861406900982159,-,-0.008823997922390133,0.4336342271090426
14,285.05051517513067,,,mixed C-C-C bending / C-C torsion,delta(O3-C4-O5),angle,0.48060686436353944,+,0.0067873213873065,0.6009600723599223
14,285.05051517513067,,,mixed C-C-C bending / C-C torsion,delta(C1-C2-H14),angle,0.4225027886269035,+,0.00906233826536671,0.2963476715215922
14,285.05051517513067,,,mixed C-C-C bending / C-C torsion,delta(C6-C7-H17),angle,0.18767963503854843,-,-0.005846268491024074,0.3163094116269633
14,285.05051517513067,,,mixed C-C-C bending / C-C torsion,tau(C8-C6-C7-H17),dihedral,0.10054504279591259,-,-0.015019746935814864,0.02567366734023094
14,285.05051517513067,,,mixed C-C-C bending / C-C torsion,tau(H11-C1-C2-H13),dihedral,0.09722131223905149,-,-0.0038764112149770966,0.37269560643401184
14,285.05051517513067,,,mixed C-C-C bending / C-C torsion,tau(C4-C6-C9-H22),dihedral,0.07289379784460555,+,0.012720989045102823,0.02594784517579504
14,285.05051517513067,,,mixed C-C-C bending / C-C torsion,delta(H15-C7-H17),angle,0.07048881137666926,-,-0.0038503591422962024,0.2738862211420583
14,285.05051517513067,,,mixed C-C-C bending / C-C torsion,delta(H22-C9-H23),angle,0.06376929453800077,-,-0.003707762481753106,0.2672023531774869
14,285.05051517513067,,,mixed C-C-C bending / C-C torsion,nu(C1-C2),bond,0.050582711950730545,+,0.003142906136688314,0.2949794525157423
14,285.05051517513067,,,mixed C-C-C bending / C-C torsion,nu(C2-O3),bond,0.047052826558488345,+,0.0030554272733536907,0.29033159021092214
14,285.05051517513067,,,mixed C-C-C bending / C-C torsion,delta(H10-C1-H12),angle,0.042934393983866746,+,0.0023471687724082417,0.44892023061146324
14,285.05051517513067,,,mixed C-C-C bending / C-C torsion,nu(C4-O5),bond,0.042573422256096574,+,0.001720486235323931,0.8284926016642041
14,285.05051517513067,,,mixed C-C-C bending / C-C torsion,delta(C6-C8-H18),angle,0.037558932816040065,-,-0.0026055494893103413,0.318688996065421
14,285.05051517513067,,,mixed C-C-C bending / C-C torsion,delta(H16-C7-H17),angle,0.026430434643282357,+,0.0023115167155150756,0.28494609231836865
14,285.05051517513067,,,mixed C-C-C bending / C-C torsion,delta(H15-C7-H16),angle,0.02487276869976126,+,0.002306169280960282,0.26939792272256335
14,285.05051517513067,,,mixed C-C-C bending / C-C torsion,delta(H21-C9-H23),angle,0.01539765629022524,+,0.0018062740316002277,0.2718565628519554
14,285.05051517513067,,,mixed C-C-C bending / C-C torsion,nu(C9-H23),bond,0.008148824737083879,+,0.001172768759421026,0.34128930359837056
14,285.05051517513067,,,mixed C-C-C bending / C-C torsion,nu(C8-H18),bond,0.008114978801134341,+,0.001170294653675929,0.3413103237507323
14,285.05051517513067,,,mixed C-C-C bending / C-C torsion,"gamma(H18;C8,H19,H20)",oop,0.006996526351027779,+,0.001329729028580876,0.2279337585365519
14,285.05051517513067,,,mixed C-C-C bending / C-C torsion,"gamma(H11;C1,H10,H12)",oop,0.006860395811162587,+,0.0010854727101726822,0.3354005971942054
14,285.05051517513067,,,mixed C-C-C bending / C-C torsion,tau(H10-C1-C2-O3),dihedral,0.006499292314977631,-,-0.0012006302757601123,0.25971675406989986
14,285.05051517513067,,,mixed C-C-C bending / C-C torsion,delta(H21-C9-H22),angle,0.005727372060957201,+,0.0010883152784208956,0.2785469590691626
14,285.05051517513067,,,mixed C-C-C bending / C-C torsion,delta(H19-C8-H20),angle,0.005361485397914647,+,0.0010976430750937304,0.25633937495241976
14,285.05051517513067,,,mixed C-C-C bending / C-C torsion,nu(C8-H20),bond,0.003077640143800932,-,-0.0007279783428475748,0.3345287105692625
14,285.05051517513067,,,mixed C-C-C bending / C-C torsion,nu(C9-H21),bond,0.003071838287752759,-,-0.0007272962768919403,0.3345246288966813
14,285.05051517513067,,,mixed C-C-C bending / C-C torsion,nu(C1-H10),bond,0.0025682772305122854,-,-0.0006625915071248559,0.33697885380249765
14,285.05051517513067,,,mixed C-C-C bending / C-C torsion,nu(C7-H17),bond,0.001994557565829311,-,-0.0005816566283560676,0.339598442129758
14,285.05051517513067,,,mixed C-C-C bending / C-C torsion,nu(C7-H15),bond,0.001966829585705162,-,-0.0005776130345532973,0.3395824516930801
14,285.05051517513067,,,mixed C-C-C bending / C-C torsion,nu(C9-H22),bond,0.00040825093243274823,+,0.0002651728487119592,0.33444257153457424
14,285.05051517513067,,,mixed C-C-C bending / C-C torsion,nu(C8-H19),bond,0.00038532033121920883,+,0.0002576140969188352,0.3344530442205115
14,285.05051517513067,,,mixed C-C-C bending / C-C torsion,nu(C7-H16),bond,0.00038511808325193014,-,-0.0002572690483894649,0.33517476100026466
14,285.05051517513067,,,mixed C-C-C bending / C-C torsion,nu(C2-H13),bond,0.00025842757516787783,+,0.00021090717436573448,0.33466371155807756
14,285.05051517513067,,,mixed C-C-C bending / C-C torsion,nu(C2-H14),bond,0.0002465825082771356,+,0.00020601304602676945,0.33467655984368183
14,285.05051517513067,,,mixed C-C-C bending / C-C torsion,tau(C2-O3-C4-C6),dihedral,0.00016205149823766073,+,0.0004755835284885782,0.041271658217058235
14,285.05051517513067,,,mixed C-C-C bending / C-C torsion,nu(C6-C7),bond,7.186328400311315e-05,-,-0.00012291667060170073,0.273992049202674
14,285.05051517513067,,,mixed C-C-C bending / C-C torsion,nu(C1-H11),bond,6.328011222966955e-05,-,-0.00010380957026601832,0.33825555025336085
14,285.05051517513067,,,mixed C-C-C bending / C-C torsion,nu(C1-H12),bond,6.155416053090906e-05,-,-0.00010238464111595873,0.3382519160366286
14,285.05051517513067,,,mixed C-C-C bending / C-C torsion,"gamma(O3;C4,O5,C6)",oop,3.694540154965455e-05,-,-0.0001324396180049554,0.12133246739127751
14,285.05051517513067,,,mixed C-C-C bending / C-C torsion,tau(O3-C4-C6-C7),dihedral,5.524098553267286e-06,+,0.00015163132276401527,0.013839998659108788
14,285.05051517513067,,,mixed C-C-C bending / C-C torsion,nu(C6-C8),bond,4.234007400669528e-06,-,-3.0474896354937607e-05,0.2626150526130056
14,285.05051517513067,,,mixed C-C-C bending / C-C torsion,tau(C1-C2-O3-C4),dihedral,3.4087004327921566e-06,-,-0.00014871217344280489,0.008878677288367255
14,285.05051517513067,,,mixed C-C-C bending / C-C torsion,nu(C6-C9),bond,1.8808407061187732e-06,-,-2.0312708613212804e-05,0.2625843359756791
15,294.08690362214935,,,C-C torsion,tau(H12-C1-C2-H13),dihedral,26.390908721430186,+,0.1572689233818102,0.4153846152199703
15,294.08690362214935,,,C-C torsion,tau(H11-C1-C2-H13),dihedral,23.70713467300563,+,0.15736325926453734,0.37269560643401184
15,294.08690362214935,,,C-C torsion,tau(H10-C1-C2-O3),dihedral,17.949682616375508,+,0.16402851337978688,0.25971675406989986
15,294.08690362214935,,,C-C torsion,tau(H11-C1-C2-H14),dihedral,13.480682199695785,+,0.15748268207751837,0.21160608660854546
15,294.08690362214935,,,C-C torsion,delta(C4-C6-C8),angle,3.6533637173614055,+,0.04920498102137951,0.5874307333618307
15,294.08690362214935,,,C-C torsion,delta(C4-C6-C9),angle,3.5115152504969114,-,-0.04901659595126941,0.5689710296933157
15,294.08690362214935,,,C-C torsion,tau(C9-C6-C8-H20),dihedral,3.2357495373382674,+,0.08438801643657763,0.1768867206031556
15,294.08690362214935,,,C-C torsion,tau(C7-C6-C8-H18),dihedral,2.9256390846654314,+,0.08079531570610565,0.17447382206388093
15,294.08690362214935,,,C-C torsion,delta(C7-C6-C9),angle,1.4145759304981476,+,0.025521092217477385,0.845492268834399
15,294.08690362214935,,,C-C torsion,delta(C7-C6-C8),angle,1.0882129272210914,-,-0.025359293744680315,0.6587512652548063
15,294.08690362214935,,,C-C torsion,tau(C8-C6-C7-H17),dihedral,0.6935771404576445,-,-0.10255205695115215,0.02567366734023094
15,294.08690362214935,,,C-C torsion,tau(C2-O3-C4-C6),dihedral,0.6744072987662877,-,-0.07975834190072936,0.041271658217058235
15,294.08690362214935,,,C-C torsion,"gamma(O3;C4,O5,C6)",oop,0.41005132500188796,+,0.03627200312500675,0.12133246739127751
15,294.08690362214935,,,C-C torsion,tau(C4-C6-C9-H22),dihedral,0.24985901654424644,+,0.061226270976010945,0.02594784517579504
15,294.08690362214935,,,C-C torsion,delta(C6-C8-H19),angle,0.17304511595433336,-,-0.013181479910676827,0.38771525788471284
15,294.08690362214935,,,C-C torsion,delta(C6-C9-H22),angle,0.13836086985047863,+,0.013183501392307834,0.3099086049953738
15,294.08690362214935,,,C-C torsion,delta(C6-C8-H18),angle,0.0769852604586187,+,0.00969753158524664,0.318688996065421
15,294.08690362214935,,,C-C torsion,delta(C2-C1-H11),angle,0.07473438949635836,-,-0.008191046919241995,0.4336342271090426
15,294.08690362214935,,,C-C torsion,tau(O3-C4-C6-C7),dihedral,0.041264634295002926,-,-0.03406919887219714,0.013839998659108788
15,294.08690362214935,,,C-C torsion,delta(C6-C7-H17),angle,0.03367454432927801,+,0.00643777437420133,0.3163094116269633
15,294.08690362214935,,,C-C torsion,tau(C1-C2-O3-C4),dihedral,0.03197839243575297,+,0.03744511110221168,0.008878677288367255
15,294.08690362214935,,,C-C torsion,delta(C6-C9-H21),angle,0.02254761424804744,-,-0.005299832121662636,0.312505928233909
15,294.08690362214935,,,C-C torsion,delta(H21-C9-H22),angle,0.003726923750931924,+,0.002282269824274683,0.2785469590691626
15,294.08690362214935,,,C-C torsion,delta(H19-C8-H20),angle,0.0034964488489525485,-,-0.0023043416743535505,0.25633937495241976
15,294.08690362214935,,,C-C torsion,delta(H10-C1-H12),angle,0.0031289019878114003,+,0.0016472227662564542,0.44892023061146324
15,294.08690362214935,,,C-C torsion,nu(C6-C8),bond,0.002167060636035585,+,0.0017923246143947062,0.2626150526130056
15,294.08690362214935,,,C-C torsion,nu(C6-C9),bond,0.002112500809023152,-,-0.0017697217131062658,0.2625843359756791
15,294.08690362214935,,,C-C torsion,delta(C1-C2-H14),angle,0.0017428622684112272,+,0.0015131142434152282,0.2963476715215922
15,294.08690362214935,,,C-C torsion,delta(H21-C9-H23),angle,0.000992329597882241,-,-0.001192062447010179,0.2718565628519554
15,294.08690362214935,,,C-C torsion,nu(C8-H18),bond,0.0009095819905162406,+,0.0010185612716835746,0.3413103237507323
15,294.08690362214935,,,C-C torsion,nu(C9-H23),bond,0.0008812677991006029,-,-0.0010026135214871064,0.34128930359837056
15,294.08690362214935,,,C-C torsion,delta(H22-C9-H23),angle,0.0008233164127234033,+,0.0010952271279501846,0.2672023531774869
15,294.08690362214935,,,C-C torsion,"gamma(H11;C1,H10,H12)",oop,0.0006097869453657961,-,-0.0008412945792300848,0.3354005971942054
15,294.08690362214935,,,C-C torsion,"gamma(H18;C8,H19,H20)",oop,0.000509612946081146,+,0.0009329467266221507,0.2279337585365519
15,294.08690362214935,,,C-C torsion,"gamma(H13;C2,O3,H14)",oop,0.00026977812969281197,+,0.0006697735588872498,0.23411682864784614
15,294.08690362214935,,,C-C torsion,nu(C2-H14),bond,0.00020456199096981816,+,0.0004877988453696411,0.33467655984368183
15,294.08690362214935,,,C-C torsion,nu(C2-H13),bond,0.0002028326939291591,-,-0.0004857419510491117,0.33466371155807756
15,294.08690362214935,,,C-C torsion,delta(H16-C7-H17),angle,5.239943233682636e-05,+,0.0002675610449534543,0.28494609231836865
15,294.08690362214935,,,C-C torsion,delta(C1-C2-O3),angle,5.208217908990029e-05,-,-0.0002184172113467498,0.4250082114162513
15,294.08690362214935,,,C-C torsion,delta(H15-C7-H16),angle,3.576246391401192e-05,-,-0.0002273304125590247,0.26939792272256335
15,294.08690362214935,,,C-C torsion,nu(C1-H12),bond,2.12892396143578e-05,-,-0.00015653119020664176,0.3382519160366286
15,294.08690362214935,,,C-C torsion,nu(C1-H11),bond,2.106494738511019e-05,+,0.00015570360530993356,0.33825555025336085
15,294.08690362214935,,,C-C torsion,delta(C2-O3-C4),angle,1.3309497895055843e-05,+,0.00013339002222266072,0.2912036889642517
15,294.08690362214935,,,C-C torsion,nu(C9-H21),bond,1.161741107603636e-05,+,0.0001162737220084182,0.3345246288966813
15,294.08690362214935,,,C-C torsion,nu(C8-H20),bond,1.1608767259734225e-05,-,-0.00011622974873915274,0.3345287105692625
15,294.08690362214935,,,C-C torsion,delta(C2-C1-H10),angle,9.220910929251151e-06,+,9.754290078755029e-05,0.3772805214315562
15,294.08690362214935,,,C-C torsion,nu(C7-H17),bond,7.159934390249122e-06,-,-9.059675071129749e-05,0.339598442129758
15,294.08690362214935,,,C-C torsion,delta(O3-C4-C6),angle,6.994928214764324e-06,+,7.346757173212847e-05,0.5045146489337415
15,294.08690362214935,,,C-C torsion,nu(O3-C4),bond,6.98159386411241e-06,-,-8.5273342953867e-05,0.3737746932579269
15,294.08690362214935,,,C-C torsion,nu(C7-H15),bond,6.1280177060394075e-06,+,8.3816270229182e-05,0.3395824516930801
15,294.08690362214935,,,C-C torsion,delta(O3-C4-O5),angle,5.661364699391797e-06,+,6.055900097894164e-05,0.6009600723599223
15,294.08690362214935,,,C-C torsion,delta(C8-C6-C9),angle,4.296349362944395e-06,-,-4.883438820821492e-05,0.7013422090875111
15,294.08690362214935,,,C-C torsion,delta(C6-C7-H16),angle,3.882388339555805e-06,+,6.834228309771152e-05,0.3235950711183532
15,294.08690362214935,,,C-C torsion,nu(C4-C6),bond,1.5311890289411267e-06,-,-4.847307095798009e-05,0.2536936689040973
15,294.08690362214935,,,C-C torsion,delta(H15-C7-H17),angle,6.120752432503229e-07,-,-2.9495669614805578e-05,0.2738862211420583
15,294.08690362214935,,,C-C torsion,nu(C6-C7),bond,1.1672599556275962e-07,-,-1.2878217577988943e-05,0.273992049202674
15,294.08690362214935,,,C-C torsion,nu(C4-O5),bond,1.0329836948646723e-07,+,6.966960705262836e-06,0.8284926016642041
15,294.08690362214935,,,C-C torsion,nu(C2-O3),bond,4.981028286669075e-08,-,-8.172469392217555e-06,0.29033159021092214
15,294.08690362214935,,,C-C torsion,nu(C1-C2),bond,4.272357250133101e-08,-,-7.508943609744803e-06,0.2949794525157423
15,294.08690362214935,,,C-C torsion,nu(C7-H16),bond,1.9907424260610942e-08,-,-4.808535503476839e-06,0.33517476100026466
15,294.08690362214935,,,C-C torsion,nu(C1-H10),bond,1.610960428011844e-08,-,-4.3140190343060905e-06,0.33697885380249765
15,294.08690362214935,,,C-C torsion,nu(C8-H19),bond,1.4367979715989165e-08,-,-4.0895095016262505e-06,0.3344530442205115
15,294.08690362214935,,,C-C torsion,nu(C9-H22),bond,7.632689629159897e-09,+,2.9807048176049824e-06,0.33444257153457424
16,319.7729918504874,,,mixed C-C-C bending / C-C torsion,delta(C7-C6-C9),angle,24.37821434560362,-,-0.04046928531419367,0.845492268834399
16,319.7729918504874,,,mixed C-C-C bending / C-C torsion,delta(C7-C6-C8),angle,19.00964662389428,-,-0.04048607732714595,0.6587512652548063
16,319.7729918504874,,,mixed C-C-C bending / C-C torsion,tau(C7-C6-C8-H18),dihedral,14.26232680041679,+,0.06814115079813621,0.17447382206388093
16,319.7729918504874,,,mixed C-C-C bending / C-C torsion,delta(C2-O3-C4),angle,8.83190700687084,+,0.04150574535262339,0.2912036889642517
16,319.7729918504874,,,mixed C-C-C bending / C-C torsion,nu(C4-C6),bond,6.329601237533253,+,0.0376454740376277,0.2536936689040973
16,319.7729918504874,,,mixed C-C-C bending / C-C torsion,delta(C1-C2-O3),angle,4.113091583273125,+,0.023445793682684783,0.4250082114162513
16,319.7729918504874,,,mixed C-C-C bending / C-C torsion,delta(C6-C7-H16),angle,2.642304263302963,-,-0.021536239553574404,0.3235950711183532
16,319.7729918504874,,,mixed C-C-C bending / C-C torsion,delta(C4-C6-C8),angle,2.380908571445851,+,0.015173034198805597,0.5874307333618307
16,319.7729918504874,,,mixed C-C-C bending / C-C torsion,nu(O3-C4),bond,2.3729613943957895,+,0.018989774127989446,0.3737746932579269
16,319.7729918504874,,,mixed C-C-C bending / C-C torsion,delta(C4-C6-C9),angle,2.2690270823608603,+,0.015050612431112524,0.5689710296933157
16,319.7729918504874,,,mixed C-C-C bending / C-C torsion,delta(C8-C6-C9),angle,2.251524934930856,+,0.013503700639504046,0.7013422090875111
16,319.7729918504874,,,mixed C-C-C bending / C-C torsion,nu(C2-O3),bond,2.2114581314364266,+,0.020800396992858697,0.29033159021092214
16,319.7729918504874,,,mixed C-C-C bending / C-C torsion,nu(C1-C2),bond,1.3543767562387423,+,0.016149284030298253,0.2949794525157423
16,319.7729918504874,,,mixed C-C-C bending / C-C torsion,delta(O3-C4-C6),angle,1.2892638377451766,+,0.01204795730699597,0.5045146489337415
16,319.7729918504874,,,mixed C-C-C bending / C-C torsion,tau(H12-C1-C2-H13),dihedral,0.7363087754410597,+,0.010034233296191934,0.4153846152199703
16,319.7729918504874,,,mixed C-C-C bending / C-C torsion,tau(C4-C6-C9-H22),dihedral,0.7148740928618393,-,-0.039558839246914244,0.02594784517579504
16,319.7729918504874,,,mixed C-C-C bending / C-C torsion,delta(C2-C1-H10),angle,0.7072402270788938,-,-0.010318835645458907,0.3772805214315562
16,319.7729918504874,,,mixed C-C-C bending / C-C torsion,delta(C6-C8-H18),angle,0.6985996688031768,+,0.011158609081572728,0.318688996065421
16,319.7729918504874,,,mixed C-C-C bending / C-C torsion,delta(C6-C7-H17),angle,0.675739129103678,+,0.011015719946991902,0.3163094116269633
16,319.7729918504874,,,mixed C-C-C bending / C-C torsion,delta(C1-C2-H14),angle,0.39958384391975954,-,-0.008751502278143176,0.2963476715215922
16,319.7729918504874,,,mixed C-C-C bending / C-C torsion,tau(C8-C6-C7-H17),dihedral,0.37516382752550503,-,-0.028810177485706502,0.02567366734023094
16,319.7729918504874,,,mixed C-C-C bending / C-C torsion,tau(H11-C1-C2-H14),dihedral,0.367141468826885,-,-0.009927320710606865,0.21160608660854546
16,319.7729918504874,,,mixed C-C-C bending / C-C torsion,delta(C6-C8-H19),angle,0.24524223375348,-,-0.00599405322557548,0.38771525788471284
16,319.7729918504874,,,mixed C-C-C bending / C-C torsion,delta(C2-C1-H11),angle,0.22117191760512972,+,0.005382482472053806,0.4336342271090426
16,319.7729918504874,,,mixed C-C-C bending / C-C torsion,delta(O3-C4-O5),angle,0.20267476818228392,+,0.004376797390058018,0.6009600723599223
16,319.7729918504874,,,mixed C-C-C bending / C-C torsion,nu(C6-C7),bond,0.20156376068249485,+,0.006464227845266131,0.273992049202674
16,319.7729918504874,,,mixed C-C-C bending / C-C torsion,delta(C6-C9-H22),angle,0.1940111502440464,-,-0.005963152791944906,0.3099086049953738
16,319.7729918504874,,,mixed C-C-C bending / C-C torsion,delta(H15-C7-H17),angle,0.13081802280243074,+,0.005208685169706159,0.2738862211420583
16,319.7729918504874,,,mixed C-C-C bending / C-C torsion,tau(C9-C6-C8-H20),dihedral,0.08474544554858014,-,-0.005216629320834125,0.1768867206031556
16,319.7729918504874,,,mixed C-C-C bending / C-C torsion,delta(C6-C9-H21),angle,0.08458377894898082,-,-0.003920972727352315,0.312505928233909
16,319.7729918504874,,,mixed C-C-C bending / C-C torsion,"gamma(H13;C2,O3,H14)",oop,0.061473316248351395,-,-0.003861947934464869,0.23411682864784614
16,319.7729918504874,,,mixed C-C-C bending / C-C torsion,delta(H16-C7-H17),angle,0.042515262220945385,-,-0.0029111895780837374,0.28494609231836865
16,319.7729918504874,,,mixed C-C-C bending / C-C torsion,delta(H15-C7-H16),angle,0.03983710610596538,-,-0.0028981855011215303,0.26939792272256335
16,319.7729918504874,,,mixed C-C-C bending / C-C torsion,delta(H21-C9-H22),angle,0.03150512140557479,-,-0.0025346662236219192,0.2785469590691626
16,319.7729918504874,,,mixed C-C-C bending / C-C torsion,delta(H19-C8-H20),angle,0.02916293371414805,-,-0.002542069116514714,0.25633937495241976
16,319.7729918504874,,,mixed C-C-C bending / C-C torsion,nu(C6-C9),bond,0.01342179820143009,-,-0.0017039245267162204,0.2625843359756791
16,319.7729918504874,,,mixed C-C-C bending / C-C torsion,nu(C6-C8),bond,0.013280904136094982,-,-0.0016948584104784794,0.2626150526130056
16,319.7729918504874,,,mixed C-C-C bending / C-C torsion,delta(H10-C1-H12),angle,0.012011090993490032,-,-0.0012327813326553185,0.44892023061146324
16,319.7729918504874,,,mixed C-C-C bending / C-C torsion,nu(C4-O5),bond,0.005668109972362976,-,-0.0006233819544029788,0.8284926016642041
16,319.7729918504874,,,mixed C-C-C bending / C-C torsion,nu(C1-H10),bond,0.004879128147059718,+,0.000906878691438538,0.33697885380249765
16,319.7729918504874,,,mixed C-C-C bending / C-C torsion,nu(C8-H18),bond,0.002164567071299938,+,0.0006001920256108478,0.3413103237507323
16,319.7729918504874,,,mixed C-C-C bending / C-C torsion,nu(C9-H23),bond,0.0020963688269107945,+,0.0005906795257832572,0.34128930359837056
16,319.7729918504874,,,mixed C-C-C bending / C-C torsion,delta(H21-C9-H23),angle,0.0018735961717201456,+,0.0006256731150642785,0.2718565628519554
16,319.7729918504874,,,mixed C-C-C bending / C-C torsion,tau(H11-C1-C2-H13),dihedral,0.0011322509077292073,+,0.0004154068099394316,0.37269560643401184
16,319.7729918504874,,,mixed C-C-C bending / C-C torsion,nu(C7-H16),bond,0.0009370387808202406,+,0.00039849468933966017,0.33517476100026466
16,319.7729918504874,,,mixed C-C-C bending / C-C torsion,delta(H22-C9-H23),angle,0.0006721199490720814,+,0.0003779920477892435,0.2672023531774869
16,319.7729918504874,,,mixed C-C-C bending / C-C torsion,nu(C1-H12),bond,0.0002628969043449774,-,-0.00021011255943261548,0.3382519160366286
16,319.7729918504874,,,mixed C-C-C bending / C-C torsion,nu(C1-H11),bond,0.0002621385085506773,-,-0.00020980815077127683,0.33825555025336085
16,319.7729918504874,,,mixed C-C-C bending / C-C torsion,nu(C9-H22),bond,0.00024367068787019532,+,0.00020343247235801048,0.33444257153457424
16,319.7729918504874,,,mixed C-C-C bending / C-C torsion,nu(C8-H19),bond,0.00023867637725118225,+,0.00020133373558175105,0.3344530442205115
16,319.7729918504874,,,mixed C-C-C bending / C-C torsion,"gamma(H18;C8,H19,H20)",oop,8.662036193920801e-05,+,0.00014692140765715074,0.2279337585365519
16,319.7729918504874,,,mixed C-C-C bending / C-C torsion,nu(C7-H17),bond,5.561552874136036e-05,+,9.644830510888376e-05,0.339598442129758
16,319.7729918504874,,,mixed C-C-C bending / C-C torsion,nu(C7-H15),bond,5.211782257896799e-05,+,9.336840102781911e-05,0.3395824516930801
16,319.7729918504874,,,mixed C-C-C bending / C-C torsion,nu(C8-H20),bond,2.2920464257526812e-05,+,6.23841721594e-05,0.3345287105692625
16,319.7729918504874,,,mixed C-C-C bending / C-C torsion,nu(C9-H21),bond,2.1968049471862632e-05,+,6.107466728510698e-05,0.3345246288966813
16,319.7729918504874,,,mixed C-C-C bending / C-C torsion,tau(H10-C1-C2-O3),dihedral,1.606676213323945e-05,+,5.9278009006062495e-05,0.25971675406989986
16,319.7729918504874,,,mixed C-C-C bending / C-C torsion,nu(C2-H14),bond,1.0294332827696183e-05,+,4.179899733896041e-05,0.33467655984368183
16,319.7729918504874,,,mixed C-C-C bending / C-C torsion,nu(C2-H13),bond,9.41639236913971e-06,+,3.9977660112463274e-05,0.33466371155807756
16,319.7729918504874,,,mixed C-C-C bending / C-C torsion,"gamma(O3;C4,O5,C6)",oop,5.693755754274432e-06,+,5.162859559558322e-05,0.12133246739127751
16,319.7729918504874,,,mixed C-C-C bending / C-C torsion,tau(C2-O3-C4-C6),dihedral,2.8555151813757632e-06,-,-6.268962718973394e-05,0.041271658217058235
16,319.7729918504874,,,mixed C-C-C bending / C-C torsion,"gamma(H11;C1,H10,H12)",oop,2.1962366855294263e-06,+,1.9285773620557564e-05,0.3354005971942054
16,319.7729918504874,,,mixed C-C-C bending / C-C torsion,tau(O3-C4-C6-C7),dihedral,9.467960050996691e-07,-,-6.233609517869446e-05,0.013839998659108788
16,319.7729918504874,,,mixed C-C-C bending / C-C torsion,tau(C1-C2-O3-C4),dihedral,5.118742737153103e-07,+,5.722514812637508e-05,0.008878677288367255
17,356.22200957061875,,,C-C-C bending,delta(C8-C6-C9),angle,66.30553072544096,-,-0.09854016544228733,0.7013422090875111
17,356.22200957061875,,,C-C-C bending,tau(C7-C6-C8-H18),dihedral,8.945935592531633,+,0.0725690008851884,0.17447382206388093
17,356.22200957061875,,,C-C-C bending,delta(C6-C9-H21),angle,2.9251647944669648,+,0.031006263719577685,0.312505928233909
17,356.22200957061875,,,C-C-C bending,delta(O3-C4-O5),angle,2.5575927098710465,-,-0.020907219613445018,0.6009600723599223
17,356.22200957061875,,,C-C-C bending,delta(O3-C4-C6),angle,2.5197259464394213,-,-0.022648693854937743,0.5045146489337415
17,356.22200957061875,,,C-C-C bending,delta(C4-C6-C8),angle,1.8783840927641333,+,0.018122464866575105,0.5874307333618307
17,356.22200957061875,,,C-C-C bending,delta(C2-O3-C4),angle,1.8252808054262937,-,-0.02537288230891414,0.2912036889642517
17,356.22200957061875,,,C-C-C bending,delta(C7-C6-C9),angle,1.8133727052060908,+,0.014841989315607042,0.845492268834399
17,356.22200957061875,,,C-C-C bending,delta(C4-C6-C9),angle,1.8115497254532054,+,0.018083539975396586,0.5689710296933157
17,356.22200957061875,,,C-C-C bending,nu(C4-C6),bond,1.3606714549735517,+,0.02347065556358187,0.2536936689040973
17,356.22200957061875,,,C-C-C bending,delta(C7-C6-C8),angle,1.3230442164698217,+,0.01436249352537093,0.6587512652548063
17,356.22200957061875,,,C-C-C bending,delta(C6-C8-H19),angle,1.088053410212083,-,-0.01697743431467578,0.38771525788471284
17,356.22200957061875,,,C-C-C bending,delta(C1-C2-O3),angle,1.0089707470636693,+,0.015615073211919598,0.4250082114162513
17,356.22200957061875,,,C-C-C bending,tau(C9-C6-C8-H20),dihedral,0.8951780827835354,+,0.022798721993325326,0.1768867206031556
17,356.22200957061875,,,C-C-C bending,delta(C6-C9-H22),angle,0.864070016363921,-,-0.016922364596258514,0.3099086049953738
17,356.22200957061875,,,C-C-C bending,tau(C8-C6-C7-H17),dihedral,0.7880051861707784,-,-0.05614666702815789,0.02567366734023094
17,356.22200957061875,,,C-C-C bending,delta(C6-C8-H18),angle,0.6692328886064395,-,-0.014686168325319781,0.318688996065421
17,356.22200957061875,,,C-C-C bending,tau(H12-C1-C2-H13),dihedral,0.2847531236058003,+,0.008390975296122316,0.4153846152199703
17,356.22200957061875,,,C-C-C bending,delta(C2-C1-H10),angle,0.2033248426362358,-,-0.007439888524892665,0.3772805214315562
17,356.22200957061875,,,C-C-C bending,tau(H11-C1-C2-H14),dihedral,0.144589008789028,-,-0.008377355784850337,0.21160608660854546
17,356.22200957061875,,,C-C-C bending,"gamma(H13;C2,O3,H14)",oop,0.11209898609028393,-,-0.007012743006711912,0.23411682864784614
17,356.22200957061875,,,C-C-C bending,delta(C6-C7-H16),angle,0.09986363040123125,-,-0.005629970560014391,0.3235950711183532
17,356.22200957061875,,,C-C-C bending,nu(C4-O5),bond,0.08434780970518596,+,0.0032336721422804066,0.8284926016642041
17,356.22200957061875,,,C-C-C bending,delta(C2-C1-H11),angle,0.07715844824561359,+,0.004274972871983248,0.4336342271090426
17,356.22200957061875,,,C-C-C bending,tau(C4-C6-C9-H22),dihedral,0.06106082441421649,+,0.015546551885420154,0.02594784517579504
17,356.22200957061875,,,C-C-C bending,delta(H22-C9-H23),angle,0.047095758109663856,-,-0.00425475105466108,0.2672023531774869
17,356.22200957061875,,,C-C-C bending,delta(C6-C7-H17),angle,0.043568775455882044,+,0.0037612743950105366,0.3163094116269633
17,356.22200957061875,,,C-C-C bending,nu(C1-C2),bond,0.04165974025515301,-,-0.0038086037796501142,0.2949794525157423
17,356.22200957061875,,,C-C-C bending,delta(C1-C2-H14),angle,0.03580411212029144,-,-0.00352264673328502,0.2963476715215922
17,356.22200957061875,,,C-C-C bending,nu(C6-C7),bond,0.03306011833293778,+,0.0035203562849983297,0.273992049202674
17,356.22200957061875,,,C-C-C bending,delta(H21-C9-H22),angle,0.0213625496981214,+,0.0028066013515884282,0.2785469590691626
17,356.22200957061875,,,C-C-C bending,delta(H19-C8-H20),angle,0.019362210368951895,+,0.002785307858305308,0.25633937495241976
17,356.22200957061875,,,C-C-C bending,delta(H15-C7-H17),angle,0.017307440138024315,+,0.002547620441170731,0.2738862211420583
17,356.22200957061875,,,C-C-C bending,delta(H16-C7-H17),angle,0.013181428664277222,-,-0.002179732937721936,0.28494609231836865
17,356.22200957061875,,,C-C-C bending,delta(H15-C7-H16),angle,0.012734933928051565,-,-0.002203457226928828,0.26939792272256335
17,356.22200957061875,,,C-C-C bending,delta(H21-C9-H23),angle,0.01172288113647643,+,0.00210450841997308,0.2718565628519554
17,356.22200957061875,,,C-C-C bending,nu(C2-O3),bond,0.011051214082511949,-,-0.001977248466525489,0.29033159021092214
17,356.22200957061875,,,C-C-C bending,nu(O3-C4),bond,0.007837401290182117,+,0.001467521568602312,0.3737746932579269
17,356.22200957061875,,,C-C-C bending,delta(H10-C1-H12),angle,0.006522689713925287,-,-0.0012216088458531801,0.44892023061146324
17,356.22200957061875,,,C-C-C bending,nu(C6-C8),bond,0.004703488331999735,-,-0.0013562933286739485,0.2626150526130056
17,356.22200957061875,,,C-C-C bending,tau(H11-C1-C2-H13),dihedral,0.0045359497613061996,+,0.0011180478199949676,0.37269560643401184
17,356.22200957061875,,,C-C-C bending,nu(C6-C9),bond,0.004530730158809649,-,-0.0013312299771807274,0.2625843359756791
17,356.22200957061875,,,C-C-C bending,nu(C7-H17),bond,0.003692038135266039,+,0.001056704707676805,0.339598442129758
17,356.22200957061875,,,C-C-C bending,nu(C7-H15),bond,0.0036873345529810087,+,0.0010560562460790403,0.3395824516930801
17,356.22200957061875,,,C-C-C bending,nu(C9-H21),bond,0.002270224464112836,-,-0.000834879406426518,0.3345246288966813
17,356.22200957061875,,,C-C-C bending,nu(C8-H20),bond,0.0022576219710483316,-,-0.000832553806857247,0.3345287105692625
17,356.22200957061875,,,C-C-C bending,"gamma(H18;C8,H19,H20)",oop,0.0014148045082530752,+,0.0007984491985920126,0.2279337585365519
17,356.22200957061875,,,C-C-C bending,"gamma(H11;C1,H10,H12)",oop,0.0011526312713590245,-,-0.0005941097517788005,0.3354005971942054
17,356.22200957061875,,,C-C-C bending,nu(C8-H18),bond,0.0008399783548308624,-,-0.0005027623330406699,0.3413103237507323
17,356.22200957061875,,,C-C-C bending,nu(C9-H23),bond,0.0008079747978988857,-,-0.0004931067715318587,0.34128930359837056
17,356.22200957061875,,,C-C-C bending,nu(C1-H10),bond,0.0002662283130991191,+,0.0002848585068918175,0.33697885380249765
17,356.22200957061875,,,C-C-C bending,nu(C2-H14),bond,0.0002164543209726015,-,-0.0002577352851793372,0.33467655984368183
17,356.22200957061875,,,C-C-C bending,nu(C2-H13),bond,0.00021414937454878076,-,-0.00025636426688795973,0.33466371155807756
17,356.22200957061875,,,C-C-C bending,nu(C9-H22),bond,6.387225894437499e-05,+,0.00014005504542040405,0.33444257153457424
17,356.22200957061875,,,C-C-C bending,nu(C8-H19),bond,5.531507290324697e-05,+,0.0001303339524490186,0.3344530442205115
17,356.22200957061875,,,C-C-C bending,nu(C7-H16),bond,2.5096089877210995e-05,-,-8.769418052560074e-05,0.33517476100026466
17,356.22200957061875,,,C-C-C bending,nu(C1-H11),bond,1.4467391660841572e-05,+,6.627901590083456e-05,0.33825555025336085
17,356.22200957061875,,,C-C-C bending,nu(C1-H12),bond,1.4447526365092257e-05,+,6.623385194485716e-05,0.3382519160366286
17,356.22200957061875,,,C-C-C bending,tau(O3-C4-C6-C7),dihedral,5.554519223360048e-06,+,0.00020302925023116898,0.013839998659108788
17,356.22200957061875,,,C-C-C bending,tau(C2-O3-C4-C6),dihedral,3.0212263085668856e-07,+,2.7420102096016796e-05,0.041271658217058235
17,356.22200957061875,,,C-C-C bending,"gamma(O3;C4,O5,C6)",oop,2.034537615872656e-07,-,-1.3123441660413887e-05,0.12133246739127751
17,356.22200957061875,,,C-C-C bending,tau(H10-C1-C2-O3),dihedral,7.367061307410638e-08,+,5.397598252541114e-06,0.25971675406989986
17,356.22200957061875,,,C-C-C bending,tau(C1-C2-O3-C4),dihedral,3.2151945816134576e-08,-,-1.9285588365926386e-05,0.008878677288367255
18,383.1378566515741,,,C-C-C bending,delta(C7-C6-C9),angle,44.19767410798945,+,0.09517051154718958,0.845492268834399
18,383.1378566515741,,,C-C-C bending,delta(C7-C6-C8),angle,34.21865737797008,-,-0.09486986179059567,0.6587512652548063
18,383.1378566515741,,,C-C-C bending,tau(C7-C6-C8-H18),dihedral,3.4388560926609997,-,-0.058438543066929034,0.17447382206388093
18,383.1378566515741,,,C-C-C bending,delta(C6-C7-H17),angle,2.855682379510023,+,0.039550903608533985,0.3163094116269633
18,383.1378566515741,,,C-C-C bending,tau(H12-C1-C2-H13),dihedral,2.3940993772059707,-,-0.031601187271412305,0.4153846152199703
18,383.1378566515741,,,C-C-C bending,tau(H11-C1-C2-H13),dihedral,2.1734724079451495,-,-0.03178757848634991,0.37269560643401184
18,383.1378566515741,,,C-C-C bending,delta(C4-C6-C8),angle,1.4327594476866667,-,-0.020557288211521956,0.5874307333618307
18,383.1378566515741,,,C-C-C bending,delta(C4-C6-C9),angle,1.3613077164855065,+,0.020360600967095136,0.5689710296933157
18,383.1378566515741,,,C-C-C bending,tau(H10-C1-C2-O3),dihedral,1.3236571827578145,-,-0.02971633827773862,0.25971675406989986
18,383.1378566515741,,,C-C-C bending,tau(H11-C1-C2-H14),dihedral,1.2513275346813186,-,-0.032009503597414016,0.21160608660854546
18,383.1378566515741,,,C-C-C bending,"gamma(O3;C4,O5,C6)",oop,1.0599107978454776,-,-0.03890484236541355,0.12133246739127751
18,383.1378566515741,,,C-C-C bending,tau(O3-C4-C6-C7),dihedral,0.9577028581127366,+,0.10949767156652011,0.013839998659108788
18,383.1378566515741,,,C-C-C bending,delta(C6-C8-H18),angle,0.9366404647999539,+,0.022566304316694364,0.318688996065421
18,383.1378566515741,,,C-C-C bending,delta(C6-C9-H21),angle,0.5694941334024466,+,0.01776941022232662,0.312505928233909
18,383.1378566515741,,,C-C-C bending,tau(C2-O3-C4-C6),dihedral,0.45661749122781886,+,0.04378323318639566,0.041271658217058235
18,383.1378566515741,,,C-C-C bending,tau(C8-C6-C7-H17),dihedral,0.3863730402703501,+,0.05106425136201027,0.02567366734023094
18,383.1378566515741,,,C-C-C bending,nu(C6-C8),bond,0.20412673260797765,-,-0.011605066961776576,0.2626150526130056
18,383.1378566515741,,,C-C-C bending,nu(C6-C9),bond,0.20348549859365536,+,0.011587502504428861,0.2625843359756791
18,383.1378566515741,,,C-C-C bending,tau(C4-C6-C9-H22),dihedral,0.10103655681891288,+,0.02597443660171904,0.02594784517579504
18,383.1378566515741,,,C-C-C bending,delta(H16-C7-H17),angle,0.084144451013199,+,0.007153011187317859,0.28494609231836865
18,383.1378566515741,,,C-C-C bending,delta(H15-C7-H16),angle,0.07925234079173574,-,-0.007139477746868519,0.26939792272256335
18,383.1378566515741,,,C-C-C bending,delta(C6-C8-H19),angle,0.0722130005138112,-,-0.005680790398562657,0.38771525788471284
18,383.1378566515741,,,C-C-C bending,tau(C1-C2-O3-C4),dihedral,0.06099527126633371,-,-0.03450098262572839,0.008878677288367255
18,383.1378566515741,,,C-C-C bending,delta(C6-C9-H22),angle,0.06072616984665752,+,0.005826780307754898,0.3099086049953738
18,383.1378566515741,,,C-C-C bending,tau(C9-C6-C8-H20),dihedral,0.03670472699273095,-,-0.005996128070253338,0.1768867206031556
18,383.1378566515741,,,C-C-C bending,delta(H21-C9-H22),angle,0.02231158961518572,+,0.003725405592824477,0.2785469590691626
18,383.1378566515741,,,C-C-C bending,delta(H19-C8-H20),angle,0.020250358331654464,-,-0.003699697466267928,0.25633937495241976
18,383.1378566515741,,,C-C-C bending,delta(H22-C9-H23),angle,0.013394432285090692,-,-0.0029471316241945723,0.2672023531774869
18,383.1378566515741,,,C-C-C bending,"gamma(H18;C8,H19,H20)",oop,0.008413304948120924,-,-0.0025289282378684287,0.2279337585365519
18,383.1378566515741,,,C-C-C bending,delta(C2-C1-H11),angle,0.006114683794529862,+,0.001563085524286094,0.4336342271090426
18,383.1378566515741,,,C-C-C bending,delta(H21-C9-H23),angle,0.0031353127388206894,-,-0.001413604890740961,0.2718565628519554
18,383.1378566515741,,,C-C-C bending,"gamma(H13;C2,O3,H14)",oop,0.0028024654264980006,-,-0.0014401619483257293,0.23411682864784614
18,383.1378566515741,,,C-C-C bending,nu(C9-H23),bond,0.0012667698659109084,+,0.0008019458415029362,0.34128930359837056
18,383.1378566515741,,,C-C-C bending,nu(C8-H18),bond,0.0012656114906938638,-,-0.0008015544114156719,0.3413103237507323
18,383.1378566515741,,,C-C-C bending,nu(C7-H17),bond,0.0009320773183081082,-,-0.0006896053809881957,0.339598442129758
18,383.1378566515741,,,C-C-C bending,nu(C7-H15),bond,0.000916651824901251,+,0.000683891333674885,0.3395824516930801
18,383.1378566515741,,,C-C-C bending,delta(C1-C2-H14),angle,0.0005670254199566054,+,0.0005757819169214156,0.2963476715215922
18,383.1378566515741,,,C-C-C bending,delta(H10-C1-H12),angle,0.0004653538092425159,-,-0.00042380352472646914,0.44892023061146324
18,383.1378566515741,,,C-C-C bending,delta(C1-C2-O3),angle,0.00042095451654604283,+,0.0004142632831010653,0.4250082114162513
18,383.1378566515741,,,C-C-C bending,delta(O3-C4-O5),angle,0.00017496196535461033,+,0.00022459833447175236,0.6009600723599223
18,383.1378566515741,,,C-C-C bending,nu(C2-H13),bond,0.00012273166265383792,+,0.0002520760086394341,0.33466371155807756
18,383.1378566515741,,,C-C-C bending,nu(C2-H14),bond,0.00011618083366766504,-,-0.0002452517486238769,0.33467655984368183
18,383.1378566515741,,,C-C-C bending,delta(C2-C1-H10),angle,8.498400294162372e-05,-,-0.00019755767950603857,0.3772805214315562
18,383.1378566515741,,,C-C-C bending,"gamma(H11;C1,H10,H12)",oop,7.88380598081407e-05,+,0.0002018104099184715,0.3354005971942054
18,383.1378566515741,,,C-C-C bending,delta(C2-O3-C4),angle,6.792542898510206e-05,+,0.0002010366668860855,0.2912036889642517
18,383.1378566515741,,,C-C-C bending,nu(O3-C4),bond,2.8207870140542416e-05,+,0.00011435040769484964,0.3737746932579269
18,383.1378566515741,,,C-C-C bending,nu(C1-C2),bond,2.185909822997173e-05,+,0.00011331248257200973,0.2949794525157423
18,383.1378566515741,,,C-C-C bending,delta(C8-C6-C9),angle,2.118072777869858e-05,+,7.233741202821956e-05,0.7013422090875111
18,383.1378566515741,,,C-C-C bending,nu(C8-H20),bond,1.8949963411078495e-05,-,-9.907064854246731e-05,0.3345287105692625
18,383.1378566515741,,,C-C-C bending,nu(C9-H22),bond,1.796031644666842e-05,+,9.64614379226696e-05,0.33444257153457424
18,383.1378566515741,,,C-C-C bending,nu(C8-H19),bond,1.7904244261948077e-05,-,-9.630923580807847e-05,0.3344530442205115
18,383.1378566515741,,,C-C-C bending,nu(C9-H21),bond,1.767842679396372e-05,+,9.568971803011121e-05,0.3345246288966813
18,383.1378566515741,,,C-C-C bending,nu(C4-C6),bond,1.5821725526152167e-05,-,-0.00010395122817630831,0.2536936689040973
18,383.1378566515741,,,C-C-C bending,delta(C6-C7-H16),angle,1.0651221674348613e-05,+,7.551900844590921e-05,0.3235950711183532
18,383.1378566515741,,,C-C-C bending,nu(C6-C7),bond,2.091722578714697e-06,+,3.636977198634356e-05,0.273992049202674
18,383.1378566515741,,,C-C-C bending,nu(C1-H11),bond,2.019053008728434e-06,-,-3.215947210866305e-05,0.33825555025336085
18,383.1378566515741,,,C-C-C bending,nu(C2-O3),bond,1.9842404253794873e-06,+,3.4411810026619856e-05,0.29033159021092214
18,383.1378566515741,,,C-C-C bending,nu(C1-H12),bond,1.866144607895431e-06,+,3.0917903039486195e-05,0.3382519160366286
18,383.1378566515741,,,C-C-C bending,nu(C4-O5),bond,1.2240535147470642e-06,-,-1.599975755248126e-05,0.8284926016642041
18,383.1378566515741,,,C-C-C bending,delta(H15-C7-H17),angle,9.265981886917332e-07,-,-2.4211302163522738e-05,0.2738862211420583
18,383.1378566515741,,,C-C-C bending,nu(C1-H10),bond,2.092568505674204e-07,+,1.0372800719005513e-05,0.33697885380249765
18,383.1378566515741,,,C-C-C bending,delta(O3-C4-C6),angle,9.005465288209002e-08,-,-5.561266461631499e-06,0.5045146489337415
18,383.1378566515741,,,C-C-C bending,nu(C7-H16),bond,2.9462682880276975e-09,-,-1.2341217543604791e-06,0.33517476100026466
19,388.5820830590251,,,mixed C-C-C bending / C-C-O bending,delta(C1-C2-O3),angle,28.190014973965585,-,-0.08623945601556125,0.4250082114162513
19,388.5820830590251,,,mixed C-C-C bending / C-C-O bending,delta(C7-C6-C9),angle,11.902061965811676,-,-0.03972951822882373,0.845492268834399
19,388.5820830590251,,,mixed C-C-C bending / C-C-O bending,delta(C7-C6-C8),angle,9.7116849053955,-,-0.04065777199675667,0.6587512652548063
19,388.5820830590251,,,mixed C-C-C bending / C-C-O bending,delta(O3-C4-O5),angle,7.50136977407521,-,-0.03741144590200831,0.6009600723599223
19,388.5820830590251,,,mixed C-C-C bending / C-C-O bending,tau(H12-C1-C2-H13),dihedral,6.947582326062806,-,-0.043306058953170586,0.4153846152199703
19,388.5820830590251,,,mixed C-C-C bending / C-C-O bending,delta(C8-C6-C9),angle,6.875173484975858,+,0.03315384157155316,0.7013422090875111
19,388.5820830590251,,,mixed C-C-C bending / C-C-O bending,delta(C2-C1-H10),angle,5.786413659442116,+,0.04146957288844783,0.3772805214315562
19,388.5820830590251,,,mixed C-C-C bending / C-C-O bending,tau(H11-C1-C2-H14),dihedral,3.4809381127508368,+,0.04294781650036168,0.21160608660854546
19,388.5820830590251,,,mixed C-C-C bending / C-C-O bending,tau(C9-C6-C8-H20),dihedral,3.0128539055935035,-,-0.04370171062083391,0.1768867206031556
19,388.5820830590251,,,mixed C-C-C bending / C-C-O bending,delta(C2-O3-C4),angle,2.3603030810081456,-,-0.030146886514657845,0.2912036889642517
19,388.5820830590251,,,mixed C-C-C bending / C-C-O bending,delta(C1-C2-H14),angle,2.078854037166281,+,0.028045827246915248,0.2963476715215922
19,388.5820830590251,,,mixed C-C-C bending / C-C-O bending,delta(C2-C1-H11),angle,1.9412545350751993,-,-0.02240456314252599,0.4336342271090426
19,388.5820830590251,,,mixed C-C-C bending / C-C-O bending,nu(O3-C4),bond,1.506406432360889,-,-0.021258036551132498,0.3737746932579269
19,388.5820830590251,,,mixed C-C-C bending / C-C-O bending,nu(C1-C2),bond,1.111359084395017,-,-0.02055362056618813,0.2949794525157423
19,388.5820830590251,,,mixed C-C-C bending / C-C-O bending,"gamma(H13;C2,O3,H14)",oop,1.0935587991040403,+,0.022885571863894644,0.23411682864784614
19,388.5820830590251,,,mixed C-C-C bending / C-C-O bending,delta(C6-C8-H18),angle,1.052149781822408,+,0.019240318912363642,0.318688996065421
19,388.5820830590251,,,mixed C-C-C bending / C-C-O bending,delta(C4-C6-C9),angle,0.9327620649844626,+,0.013558054527418992,0.5689710296933157
19,388.5820830590251,,,mixed C-C-C bending / C-C-O bending,delta(C4-C6-C8),angle,0.9324601782764583,+,0.013341167301597874,0.5874307333618307
19,388.5820830590251,,,mixed C-C-C bending / C-C-O bending,delta(O3-C4-C6),angle,0.6156584015288942,+,0.011697418564826945,0.5045146489337415
19,388.5820830590251,,,mixed C-C-C bending / C-C-O bending,delta(C6-C7-H16),angle,0.5060608540224528,-,-0.013242117545565113,0.3235950711183532
19,388.5820830590251,,,mixed C-C-C bending / C-C-O bending,nu(C4-C6),bond,0.47531083073656505,+,0.014494093421494611,0.2536936689040973
19,388.5820830590251,,,mixed C-C-C bending / C-C-O bending,tau(C7-C6-C8-H18),dihedral,0.46890549235992524,+,0.017359393108497524,0.17447382206388093
19,388.5820830590251,,,mixed C-C-C bending / C-C-O bending,delta(C6-C9-H21),angle,0.36563310532338383,-,-0.011453827572632922,0.312505928233909
19,388.5820830590251,,,mixed C-C-C bending / C-C-O bending,nu(C6-C7),bond,0.1967052350853923,-,-0.008972139026477931,0.273992049202674
19,388.5820830590251,,,mixed C-C-C bending / C-C-O bending,delta(C6-C8-H19),angle,0.16525062450077324,-,-0.0069130886192312205,0.38771525788471284
19,388.5820830590251,,,mixed C-C-C bending / C-C-O bending,delta(C6-C7-H17),angle,0.14324365151899393,+,0.007125882388542213,0.3163094116269633
19,388.5820830590251,,,mixed C-C-C bending / C-C-O bending,delta(C6-C9-H22),angle,0.12955459153096063,-,-0.006846468316711064,0.3099086049953738
19,388.5820830590251,,,mixed C-C-C bending / C-C-O bending,delta(H10-C1-H12),angle,0.12415679406287056,+,0.005568749364824816,0.44892023061146324
19,388.5820830590251,,,mixed C-C-C bending / C-C-O bending,tau(C4-C6-C9-H22),dihedral,0.06126529268371497,-,-0.01627097669106842,0.02594784517579504
19,388.5820830590251,,,mixed C-C-C bending / C-C-O bending,tau(H11-C1-C2-H13),dihedral,0.05533783012027869,-,-0.004080289163859762,0.37269560643401184
19,388.5820830590251,,,mixed C-C-C bending / C-C-O bending,nu(C2-O3),bond,0.04999818398446706,-,-0.004394272492140065,0.29033159021092214
19,388.5820830590251,,,mixed C-C-C bending / C-C-O bending,tau(C8-C6-C7-H17),dihedral,0.033259022253124645,-,-0.012052240785229202,0.02567366734023094
19,388.5820830590251,,,mixed C-C-C bending / C-C-O bending,delta(H15-C7-H17),angle,0.03036112009623668,+,0.00352558198572157,0.2738862211420583
19,388.5820830590251,,,mixed C-C-C bending / C-C-O bending,delta(H21-C9-H22),angle,0.025129747736925275,-,-0.0031805473780646,0.2785469590691626
19,388.5820830590251,,,mixed C-C-C bending / C-C-O bending,delta(H19-C8-H20),angle,0.023685112944386248,-,-0.0032187488046846228,0.25633937495241976
19,388.5820830590251,,,mixed C-C-C bending / C-C-O bending,nu(C6-C9),bond,0.023580720572236435,+,0.0031732270217318336,0.2625843359756791
19,388.5820830590251,,,mixed C-C-C bending / C-C-O bending,nu(C6-C8),bond,0.021978707488167323,+,0.0030633617294786625,0.2626150526130056
19,388.5820830590251,,,mixed C-C-C bending / C-C-O bending,nu(C4-O5),bond,0.016579825883669432,+,0.0014979685003564764,0.8284926016642041
19,388.5820830590251,,,mixed C-C-C bending / C-C-O bending,nu(C1-H10),bond,0.013574437788752858,-,-0.0021252822592356304,0.33697885380249765
19,388.5820830590251,,,mixed C-C-C bending / C-C-O bending,delta(H15-C7-H16),angle,0.011164436555510287,-,-0.002155650252516468,0.26939792272256335
19,388.5820830590251,,,mixed C-C-C bending / C-C-O bending,delta(H16-C7-H17),angle,0.011085647818406456,-,-0.002088604462012113,0.28494609231836865
19,388.5820830590251,,,mixed C-C-C bending / C-C-O bending,delta(H21-C9-H23),angle,0.004433595554281477,+,0.0013522753800937746,0.2718565628519554
19,388.5820830590251,,,mixed C-C-C bending / C-C-O bending,"gamma(H11;C1,H10,H12)",oop,0.0038229037309656564,+,0.0011305031600735273,0.3354005971942054
19,388.5820830590251,,,mixed C-C-C bending / C-C-O bending,delta(H22-C9-H23),angle,0.0014808847346527083,+,0.000788310850778149,0.2672023531774869
19,388.5820830590251,,,mixed C-C-C bending / C-C-O bending,nu(C8-H18),bond,0.0010896057834273625,+,0.0005982972450619973,0.3413103237507323
19,388.5820830590251,,,mixed C-C-C bending / C-C-O bending,nu(C9-H23),bond,0.0010844670784218805,+,0.0005969031396577597,0.34128930359837056
19,388.5820830590251,,,mixed C-C-C bending / C-C-O bending,nu(C2-H14),bond,0.0010567703723219557,-,-0.0005950242723643151,0.33467655984368183
19,388.5820830590251,,,mixed C-C-C bending / C-C-O bending,nu(C2-H13),bond,0.0010439691121603035,-,-0.0005914207105028933,0.33466371155807756
19,388.5820830590251,,,mixed C-C-C bending / C-C-O bending,"gamma(H18;C8,H19,H20)",oop,0.0009218697307051413,-,-0.000673422259033721,0.2279337585365519
19,388.5820830590251,,,mixed C-C-C bending / C-C-O bending,tau(H10-C1-C2-O3),dihedral,6.726131592561346e-05,-,-0.00017040789519233023,0.25971675406989986
19,388.5820830590251,,,mixed C-C-C bending / C-C-O bending,"gamma(O3;C4,O5,C6)",oop,4.432192616823101e-05,-,-0.0002023847636164063,0.12133246739127751
19,388.5820830590251,,,mixed C-C-C bending / C-C-O bending,nu(C9-H21),bond,4.237091241501217e-05,+,0.00011917272633759752,0.3345246288966813
19,388.5820830590251,,,mixed C-C-C bending / C-C-O bending,nu(C8-H20),bond,4.09515090852833e-05,+,0.00011715889650535398,0.3345287105692625
19,388.5820830590251,,,mixed C-C-C bending / C-C-O bending,tau(O3-C4-C6-C7),dihedral,3.698847922838895e-05,+,0.0005474219778759459,0.013839998659108788
19,388.5820830590251,,,mixed C-C-C bending / C-C-O bending,nu(C7-H16),bond,2.7395233358282118e-05,+,9.573238164785935e-05,0.33517476100026466
19,388.5820830590251,,,mixed C-C-C bending / C-C-O bending,nu(C1-H11),bond,2.4427190819557046e-05,+,8.99852468560141e-05,0.33825555025336085
19,388.5820830590251,,,mixed C-C-C bending / C-C-O bending,nu(C1-H12),bond,2.4395215646209026e-05,+,8.992681534967124e-05,0.3382519160366286
19,388.5820830590251,,,mixed C-C-C bending / C-C-O bending,tau(C2-O3-C4-C6),dihedral,2.2956800863654122e-05,+,0.00024973921364280485,0.041271658217058235
19,388.5820830590251,,,mixed C-C-C bending / C-C-O bending,nu(C7-H15),bond,1.8214949060635655e-05,+,7.755295964001386e-05,0.3395824516930801
19,388.5820830590251,,,mixed C-C-C bending / C-C-O bending,nu(C7-H17),bond,1.6397418814272392e-05,+,7.358036123292134e-05,0.339598442129758
19,388.5820830590251,,,mixed C-C-C bending / C-C-O bending,nu(C9-H22),bond,8.504304750527778e-06,+,5.339685099804896e-05,0.33444257153457424
19,388.5820830590251,,,mixed C-C-C bending / C-C-O bending,nu(C8-H19),bond,7.999092980270748e-06,+,5.1785695272932644e-05,0.3344530442205115
19,388.5820830590251,,,mixed C-C-C bending / C-C-O bending,tau(C1-C2-O3-C4),dihedral,2.9806918639174785e-06,-,-0.00019401773093049101,0.008878677288367255
20,505.5833470124189,,,mixed C-C-C bending / O-C-C bending,delta(O3-C4-C6),angle,21.145224033026878,-,-0.08482247139017217,0.5045146489337415
20,505.5833470124189,,,mixed C-C-C bending / O-C-C bending,delta(C1-C2-O3),angle,11.36741199265121,+,0.06776006387167799,0.4250082114162513
20,505.5833470124189,,,mixed C-C-C bending / O-C-C bending,delta(C4-C6-C8),angle,9.138857226094064,+,0.05167842640128193,0.5874307333618307
20,505.5833470124189,,,mixed C-C-C bending / O-C-C bending,delta(C4-C6-C9),angle,8.822229895740254,+,0.051592405252912955,0.5689710296933157
20,505.5833470124189,,,mixed C-C-C bending / O-C-C bending,delta(C7-C6-C9),angle,7.67986693378472,-,-0.039487868716010024,0.845492268834399
20,505.5833470124189,,,mixed C-C-C bending / O-C-C bending,delta(C7-C6-C8),angle,5.977162168057856,-,-0.03946648560083905,0.6587512652548063
20,505.5833470124189,,,mixed C-C-C bending / O-C-C bending,tau(C9-C6-C8-H20),dihedral,5.257601490331392,-,-0.07143118981430606,0.1768867206031556
20,505.5833470124189,,,mixed C-C-C bending / O-C-C bending,nu(C6-C7),bond,4.127571956599608,-,-0.050853402172919296,0.273992049202674
20,505.5833470124189,,,mixed C-C-C bending / O-C-C bending,tau(H12-C1-C2-H13),dihedral,3.7179518112362158,+,0.039198400103362396,0.4153846152199703
20,505.5833470124189,,,mixed C-C-C bending / O-C-C bending,delta(C2-C1-H10),angle,3.2807753610111163,-,-0.03863649508319338,0.3772805214315562
20,505.5833470124189,,,mixed C-C-C bending / O-C-C bending,delta(O3-C4-O5),angle,2.7450757879616194,+,0.028002449794465575,0.6009600723599223
20,505.5833470124189,,,mixed C-C-C bending / O-C-C bending,delta(C8-C6-C9),angle,2.11155500665649,+,0.0227341058704455,0.7013422090875111
20,505.5833470124189,,,mixed C-C-C bending / O-C-C bending,delta(C6-C8-H18),angle,2.0612961850161136,+,0.03332179073253124,0.318688996065421
20,505.5833470124189,,,mixed C-C-C bending / O-C-C bending,nu(C2-O3),bond,1.9135061668027393,-,-0.03363639575320087,0.29033159021092214
20,505.5833470124189,,,mixed C-C-C bending / O-C-C bending,tau(H11-C1-C2-H14),dihedral,1.8942569587083427,-,-0.0392009899796484,0.21160608660854546
20,505.5833470124189,,,mixed C-C-C bending / O-C-C bending,delta(C6-C8-H19),angle,1.6299949042424913,-,-0.026864474155113106,0.38771525788471284
20,505.5833470124189,,,mixed C-C-C bending / O-C-C bending,delta(C6-C9-H22),angle,1.2979163262487328,-,-0.026813172181412905,0.3099086049953738
20,505.5833470124189,,,mixed C-C-C bending / O-C-C bending,delta(C2-C1-H11),angle,1.0687809521431053,+,0.020569524030963657,0.4336342271090426
20,505.5833470124189,,,mixed C-C-C bending / O-C-C bending,nu(O3-C4),bond,0.8141106157299989,-,-0.0193365249995361,0.3737746932579269
20,505.5833470124189,,,mixed C-C-C bending / O-C-C bending,delta(C1-C2-H14),angle,0.7938461328008629,-,-0.021444161732352144,0.2963476715215922
20,505.5833470124189,,,mixed C-C-C bending / O-C-C bending,tau(C4-C6-C9-H22),dihedral,0.6731290116052928,-,-0.06673292674504305,0.02594784517579504
20,505.5833470124189,,,mixed C-C-C bending / O-C-C bending,"gamma(H13;C2,O3,H14)",oop,0.5406039383931396,-,-0.019909710872865104,0.23411682864784614
20,505.5833470124189,,,mixed C-C-C bending / O-C-C bending,nu(C4-O5),bond,0.5101343116966706,+,0.010281100801297198,0.8284926016642041
20,505.5833470124189,,,mixed C-C-C bending / O-C-C bending,nu(C6-C8),bond,0.20312219135930903,+,0.011522866910552609,0.2626150526130056
20,505.5833470124189,,,mixed C-C-C bending / O-C-C bending,nu(C6-C9),bond,0.2012178526481561,+,0.011469395113982263,0.2625843359756791
20,505.5833470124189,,,mixed C-C-C bending / O-C-C bending,delta(C6-C7-H16),angle,0.19326980749904663,+,0.010125645647821358,0.3235950711183532
20,505.5833470124189,,,mixed C-C-C bending / O-C-C bending,tau(C7-C6-C8-H18),dihedral,0.1542857035148788,+,0.012320813168148115,0.17447382206388093
20,505.5833470124189,,,mixed C-C-C bending / O-C-C bending,nu(C4-C6),bond,0.15368355127463734,-,-0.010197660421973004,0.2536936689040973
20,505.5833470124189,,,mixed C-C-C bending / O-C-C bending,delta(C6-C9-H21),angle,0.12616617323742674,-,-0.008324995396998235,0.312505928233909
20,505.5833470124189,,,mixed C-C-C bending / O-C-C bending,delta(H21-C9-H22),angle,0.06277665975153636,-,-0.006220016804777218,0.2785469590691626
20,505.5833470124189,,,mixed C-C-C bending / O-C-C bending,delta(H10-C1-H12),angle,0.05989285356183976,-,-0.004785690195535122,0.44892023061146324
20,505.5833470124189,,,mixed C-C-C bending / O-C-C bending,delta(C2-O3-C4),angle,0.059212445859738026,-,-0.005908125759515839,0.2912036889642517
20,505.5833470124189,,,mixed C-C-C bending / O-C-C bending,delta(H19-C8-H20),angle,0.05779117985971668,-,-0.006221065686088573,0.25633937495241976
20,505.5833470124189,,,mixed C-C-C bending / O-C-C bending,delta(H21-C9-H23),angle,0.04511252920728951,+,0.005337284389442971,0.2718565628519554
20,505.5833470124189,,,mixed C-C-C bending / O-C-C bending,delta(C6-C7-H17),angle,0.028039234416589807,-,-0.003900934745040029,0.3163094116269633
20,505.5833470124189,,,mixed C-C-C bending / O-C-C bending,"gamma(H18;C8,H19,H20)",oop,0.025146011752361995,-,-0.004351829762670798,0.2279337585365519
20,505.5833470124189,,,mixed C-C-C bending / O-C-C bending,tau(H11-C1-C2-H13),dihedral,0.023168165208330604,+,0.0032667082631785424,0.37269560643401184
20,505.5833470124189,,,mixed C-C-C bending / O-C-C bending,delta(H15-C7-H17),angle,0.01260686322951829,-,-0.002810995144998293,0.2738862211420583
20,505.5833470124189,,,mixed C-C-C bending / O-C-C bending,tau(C8-C6-C7-H17),dihedral,0.0071747539287502745,-,-0.006926298710704768,0.02567366734023094
20,505.5833470124189,,,mixed C-C-C bending / O-C-C bending,delta(H22-C9-H23),angle,0.006721036317854946,+,0.0020779717963428273,0.2672023531774869
20,505.5833470124189,,,mixed C-C-C bending / O-C-C bending,nu(C1-H10),bond,0.003130743931161176,+,0.001262885905241402,0.33697885380249765
20,505.5833470124189,,,mixed C-C-C bending / O-C-C bending,nu(C7-H16),bond,0.00310154917886209,-,-0.0012603621391192239,0.33517476100026466
20,505.5833470124189,,,mixed C-C-C bending / O-C-C bending,nu(C2-H13),bond,0.0017609199636597153,+,0.000950401611072727,0.33466371155807756
20,505.5833470124189,,,mixed C-C-C bending / O-C-C bending,nu(C2-H14),bond,0.0017586120901279955,+,0.0009497603742597596,0.33467655984368183
20,505.5833470124189,,,mixed C-C-C bending / O-C-C bending,"gamma(H11;C1,H10,H12)",oop,0.0007688120272913399,-,-0.0006272921251136804,0.3354005971942054
20,505.5833470124189,,,mixed C-C-C bending / O-C-C bending,nu(C1-C2),bond,0.00041182846202061235,-,-0.0004895577873998139,0.2949794525157423
20,505.5833470124189,,,mixed C-C-C bending / O-C-C bending,nu(C9-H22),bond,0.00022645430710354047,+,0.00034093468190928174,0.33444257153457424
20,505.5833470124189,,,mixed C-C-C bending / O-C-C bending,nu(C8-H19),bond,0.0002245983578812655,+,0.00033952939420605726,0.3344530442205115
20,505.5833470124189,,,mixed C-C-C bending / O-C-C bending,nu(C9-H23),bond,6.747623512258876e-05,-,-0.00018422804766300919,0.34128930359837056
20,505.5833470124189,,,mixed C-C-C bending / O-C-C bending,nu(C8-H18),bond,6.006220342757355e-05,-,-0.0001738071285980822,0.3413103237507323
20,505.5833470124189,,,mixed C-C-C bending / O-C-C bending,delta(H15-C7-H16),angle,5.991021177442388e-05,+,0.00019538668878158732,0.26939792272256335
20,505.5833470124189,,,mixed C-C-C bending / O-C-C bending,delta(H16-C7-H17),angle,5.83953855469214e-05,+,0.0001875640402742617,0.28494609231836865
20,505.5833470124189,,,mixed C-C-C bending / O-C-C bending,nu(C7-H17),bond,4.392237595803793e-05,-,-0.00014900530636873354,0.339598442129758
20,505.5833470124189,,,mixed C-C-C bending / O-C-C bending,nu(C7-H15),bond,4.377385749857276e-05,-,-0.00014875667314138315,0.3395824516930801
20,505.5833470124189,,,mixed C-C-C bending / O-C-C bending,nu(C1-H12),bond,1.756683904019112e-05,+,9.442094555024954e-05,0.3382519160366286
20,505.5833470124189,,,mixed C-C-C bending / O-C-C bending,nu(C1-H11),bond,1.738609882780503e-05,+,9.393344993738392e-05,0.33825555025336085
20,505.5833470124189,,,mixed C-C-C bending / O-C-C bending,nu(C9-H21),bond,8.864546504890167e-07,+,2.1328282254354176e-05,0.3345246288966813
20,505.5833470124189,,,mixed C-C-C bending / O-C-C bending,nu(C8-H20),bond,5.49384072409269e-07,+,1.679047570923046e-05,0.3345287105692625
20,505.5833470124189,,,mixed C-C-C bending / O-C-C bending,"gamma(O3;C4,O5,C6)",oop,3.231039807623217e-07,-,-2.1380817501431294e-05,0.12133246739127751
20,505.5833470124189,,,mixed C-C-C bending / O-C-C bending,tau(C2-O3-C4-C6),dihedral,2.586561152163936e-08,-,-1.0372348089906867e-05,0.041271658217058235
20,505.5833470124189,,,mixed C-C-C bending / O-C-C bending,tau(O3-C4-C6-C7),dihedral,1.5234257127760248e-08,-,-1.3746251441602528e-05,0.013839998659108788
20,505.5833470124189,,,mixed C-C-C bending / O-C-C bending,tau(H10-C1-C2-O3),dihedral,7.3907636967181284e-09,-,-2.210224263058103e-06,0.25971675406989986
20,505.5833470124189,,,mixed C-C-C bending / O-C-C bending,tau(C1-C2-O3-C4),dihedral,1.8754553680411423e-09,-,-6.0217247191649096e-06,0.008878677288367255
21,587.8842959105671,,,mixed C-C stretching / C-C-C bending,nu(C4-C6),bond,20.88660251904647,-,-0.11765550025794846,0.2536936689040973
21,587.8842959105671,,,mixed C-C stretching / C-C-C bending,delta(O3-C4-O5),angle,12.090529477386097,+,0.058161151890901874,0.6009600723599223
21,587.8842959105671,,,mixed C-C stretching / C-C-C bending,delta(C8-C6-C9),angle,9.060472202302673,-,-0.04660618728456809,0.7013422090875111
21,587.8842959105671,,,mixed C-C stretching / C-C-C bending,delta(C7-C6-C9),angle,6.562554473477039,-,-0.03612557668902629,0.845492268834399
21,587.8842959105671,,,mixed C-C stretching / C-C-C bending,nu(C6-C8),bond,6.054673533741924,-,-0.062261374805261754,0.2626150526130056
21,587.8842959105671,,,mixed C-C stretching / C-C-C bending,nu(C6-C9),bond,6.045382211025322,-,-0.06221722294213458,0.2625843359756791
21,587.8842959105671,,,mixed C-C stretching / C-C-C bending,delta(C7-C6-C8),angle,5.118353505415642,-,-0.036144111724712866,0.6587512652548063
21,587.8842959105671,,,mixed C-C stretching / C-C-C bending,tau(C7-C6-C8-H18),dihedral,5.106275300766231,+,0.07014878022986043,0.17447382206388093
21,587.8842959105671,,,mixed C-C stretching / C-C-C bending,delta(C6-C7-H16),angle,5.103854058185955,-,-0.051496928086703864,0.3235950711183532
21,587.8842959105671,,,mixed C-C stretching / C-C-C bending,tau(C9-C6-C8-H20),dihedral,3.641660233706884,-,-0.05883493053714691,0.1768867206031556
21,587.8842959105671,,,mixed C-C stretching / C-C-C bending,delta(C6-C8-H19),angle,2.9103224354224486,-,-0.035526077252965756,0.38771525788471284
21,587.8842959105671,,,mixed C-C stretching / C-C-C bending,delta(C4-C6-C8),angle,2.681957739303903,+,0.02770644347306802,0.5874307333618307
21,587.8842959105671,,,mixed C-C stretching / C-C-C bending,delta(C4-C6-C9),angle,2.603456729062498,+,0.027737240573613275,0.5689710296933157
21,587.8842959105671,,,mixed C-C stretching / C-C-C bending,delta(C6-C9-H22),angle,2.329160709556115,-,-0.03554807260426635,0.3099086049953738
21,587.8842959105671,,,mixed C-C stretching / C-C-C bending,nu(C6-C7),bond,1.704024444603337,-,-0.03233717510793006,0.273992049202674
21,587.8842959105671,,,mixed C-C stretching / C-C-C bending,delta(C2-O3-C4),angle,1.4133073279117816,-,-0.0285662358547291,0.2912036889642517
21,587.8842959105671,,,mixed C-C stretching / C-C-C bending,delta(C6-C7-H17),angle,0.9772633206455232,+,0.022792023846460698,0.3163094116269633
21,587.8842959105671,,,mixed C-C stretching / C-C-C bending,tau(C8-C6-C7-H17),dihedral,0.8648271826037731,-,-0.07525820563772541,0.02567366734023094
21,587.8842959105671,,,mixed C-C stretching / C-C-C bending,delta(C1-C2-O3),angle,0.7105566303283868,-,-0.016766168867598647,0.4250082114162513
21,587.8842959105671,,,mixed C-C stretching / C-C-C bending,delta(C6-C9-H21),angle,0.7062721774423986,+,0.0194935109925612,0.312505928233909
21,587.8842959105671,,,mixed C-C stretching / C-C-C bending,nu(C2-O3),bond,0.6704685592528291,-,-0.01970494424849615,0.29033159021092214
21,587.8842959105671,,,mixed C-C stretching / C-C-C bending,delta(O3-C4-C6),angle,0.6160990348457782,+,0.014329186069928213,0.5045146489337415
21,587.8842959105671,,,mixed C-C stretching / C-C-C bending,nu(C1-C2),bond,0.31934539363435555,-,-0.013491728521643969,0.2949794525157423
21,587.8842959105671,,,mixed C-C stretching / C-C-C bending,nu(C4-O5),bond,0.2958042518356868,-,-0.007748025424788455,0.8284926016642041
21,587.8842959105671,,,mixed C-C stretching / C-C-C bending,tau(H12-C1-C2-H13),dihedral,0.24227881678533225,-,-0.009902974636001042,0.4153846152199703
21,587.8842959105671,,,mixed C-C stretching / C-C-C bending,delta(H15-C7-H17),angle,0.22858723437720424,+,0.011846063136240216,0.2738862211420583
21,587.8842959105671,,,mixed C-C stretching / C-C-C bending,delta(C6-C8-H18),angle,0.22608920076724712,+,0.010921681907837339,0.318688996065421
21,587.8842959105671,,,mixed C-C stretching / C-C-C bending,delta(C2-C1-H10),angle,0.22124334088833048,+,0.009929698465509817,0.3772805214315562
21,587.8842959105671,,,mixed C-C stretching / C-C-C bending,tau(H11-C1-C2-H14),dihedral,0.12426154697394166,+,0.009936591787157622,0.21160608660854546
21,587.8842959105671,,,mixed C-C stretching / C-C-C bending,tau(C4-C6-C9-H22),dihedral,0.1002333100608092,+,0.025485228726100036,0.02594784517579504
21,587.8842959105671,,,mixed C-C stretching / C-C-C bending,delta(H21-C9-H23),angle,0.09794162008938592,+,0.007782997291253804,0.2718565628519554
21,587.8842959105671,,,mixed C-C stretching / C-C-C bending,delta(C2-C1-H11),angle,0.09280739271149067,-,-0.005998776166160792,0.4336342271090426
21,587.8842959105671,,,mixed C-C stretching / C-C-C bending,delta(C1-C2-H14),angle,0.06585655986557733,+,0.006112683493173309,0.2963476715215922
21,587.8842959105671,,,mixed C-C stretching / C-C-C bending,"gamma(H18;C8,H19,H20)",oop,0.02733629697436756,-,-0.004490540983159188,0.2279337585365519
21,587.8842959105671,,,mixed C-C stretching / C-C-C bending,"gamma(H13;C2,O3,H14)",oop,0.016080200365806502,+,0.003398306608723464,0.23411682864784614
21,587.8842959105671,,,mixed C-C stretching / C-C-C bending,delta(H22-C9-H23),angle,0.015143088744283025,-,-0.003086883524673549,0.2672023531774869
21,587.8842959105671,,,mixed C-C stretching / C-C-C bending,delta(H16-C7-H17),angle,0.014086868336732313,-,-0.0028830954673839137,0.28494609231836865
21,587.8842959105671,,,mixed C-C stretching / C-C-C bending,nu(O3-C4),bond,0.013784392379514168,+,0.00249012996841091,0.3737746932579269
21,587.8842959105671,,,mixed C-C stretching / C-C-C bending,delta(H15-C7-H16),angle,0.013307511959736952,-,-0.0028819368463936807,0.26939792272256335
21,587.8842959105671,,,mixed C-C stretching / C-C-C bending,delta(H10-C1-H12),angle,0.010045897668788661,+,0.0019397373784959904,0.44892023061146324
21,587.8842959105671,,,mixed C-C stretching / C-C-C bending,"gamma(H11;C1,H10,H12)",oop,0.003013191661102182,+,0.0012290360196020062,0.3354005971942054
21,587.8842959105671,,,mixed C-C stretching / C-C-C bending,nu(C7-H17),bond,0.0026176928673407123,-,-0.0011384386943295109,0.339598442129758
21,587.8842959105671,,,mixed C-C stretching / C-C-C bending,nu(C7-H15),bond,0.0026040285560257983,-,-0.0011354902248498287,0.3395824516930801
21,587.8842959105671,,,mixed C-C stretching / C-C-C bending,nu(C1-H10),bond,0.001675493883776084,-,-0.0009143305848730737,0.33697885380249765
21,587.8842959105671,,,mixed C-C stretching / C-C-C bending,nu(C9-H21),bond,0.0012957478269059427,-,-0.0008070107950749182,0.3345246288966813
21,587.8842959105671,,,mixed C-C stretching / C-C-C bending,nu(C8-H20),bond,0.0012913772246902501,-,-0.0008056436927928515,0.3345287105692625
21,587.8842959105671,,,mixed C-C stretching / C-C-C bending,nu(C9-H23),bond,0.0011604103539712167,-,-0.0007560971610080473,0.34128930359837056
21,587.8842959105671,,,mixed C-C stretching / C-C-C bending,nu(C8-H18),bond,0.0011598129249546245,-,-0.0007558792232254348,0.3413103237507323
21,587.8842959105671,,,mixed C-C stretching / C-C-C bending,nu(C8-H19),bond,0.0010611257971123384,-,-0.0007303802282758831,0.3344530442205115
21,587.8842959105671,,,mixed C-C stretching / C-C-C bending,nu(C9-H22),bond,0.0010244745384411949,-,-0.0007176669655055724,0.33444257153457424
21,587.8842959105671,,,mixed C-C stretching / C-C-C bending,nu(C2-H14),bond,0.0003153894716488724,+,0.00039805592807294236,0.33467655984368183
21,587.8842959105671,,,mixed C-C stretching / C-C-C bending,nu(C2-H13),bond,0.0003145670626613725,+,0.00039754423532991284,0.33466371155807756
21,587.8842959105671,,,mixed C-C stretching / C-C-C bending,tau(H11-C1-C2-H13),dihedral,8.732832312918552e-05,+,0.00019848768765830336,0.37269560643401184
21,587.8842959105671,,,mixed C-C stretching / C-C-C bending,nu(C7-H16),bond,2.570103258616544e-05,+,0.00011354624597636646,0.33517476100026466
21,587.8842959105671,,,mixed C-C stretching / C-C-C bending,nu(C1-H11),bond,2.0698859824936047e-05,+,0.00010143407996362252,0.33825555025336085
21,587.8842959105671,,,mixed C-C stretching / C-C-C bending,nu(C1-H12),bond,2.0603718340082244e-05,+,0.00010120123626570997,0.3382519160366286
21,587.8842959105671,,,mixed C-C stretching / C-C-C bending,delta(H21-C9-H22),angle,2.8998831520673284e-06,+,4.183831515170942e-05,0.2785469590691626
21,587.8842959105671,,,mixed C-C stretching / C-C-C bending,delta(H19-C8-H20),angle,2.4925950422854163e-06,+,4.0434432422341884e-05,0.25633937495241976
21,587.8842959105671,,,mixed C-C stretching / C-C-C bending,tau(H10-C1-C2-O3),dihedral,2.143047393409581e-07,+,1.177874589919791e-05,0.25971675406989986
21,587.8842959105671,,,mixed C-C stretching / C-C-C bending,"gamma(O3;C4,O5,C6)",oop,1.7705590060553398e-08,+,4.953359352992034e-06,0.12133246739127751
21,587.8842959105671,,,mixed C-C stretching / C-C-C bending,tau(O3-C4-C6-C7),dihedral,6.942813921695513e-10,+,2.904242571350522e-06,0.013839998659108788
21,587.8842959105671,,,mixed C-C stretching / C-C-C bending,tau(C1-C2-O3-C4),dihedral,1.6104445328961276e-10,+,1.7463524529168418e-06,0.008878677288367255
21,587.8842959105671,,,mixed C-C stretching / C-C-C bending,tau(C2-O3-C4-C6),dihedral,1.0202518360969211e-10,-,-6.447047673998314e-07,0.041271658217058235
22,776.3934421372229,,,mixed C-O out-of-plane bending / C-C-C bending / C-C torsion,"gamma(O3;C4,O5,C6)",oop,45.716921746759986,+,0.34763780480791684,0.12133246739127751
22,776.3934421372229,,,mixed C-O out-of-plane bending / C-C-C bending / C-C torsion,delta(C4-C6-C8),angle,8.867996251983447,-,-0.06958432867213238,0.5874307333618307
22,776.3934421372229,,,mixed C-O out-of-plane bending / C-C-C bending / C-C torsion,delta(C4-C6-C9),angle,8.605911832943672,+,0.06965148698865309,0.5689710296933157
22,776.3934421372229,,,mixed C-O out-of-plane bending / C-C-C bending / C-C torsion,tau(H12-C1-C2-H13),dihedral,6.135212033553827,+,0.06882823106097856,0.4153846152199703
22,776.3934421372229,,,mixed C-O out-of-plane bending / C-C-C bending / C-C torsion,tau(H11-C1-C2-H13),dihedral,5.5038207144248235,+,0.06882275063540957,0.37269560643401184
22,776.3934421372229,,,mixed C-O out-of-plane bending / C-C-C bending / C-C torsion,delta(C6-C8-H19),angle,4.01927064087351,+,0.05766259758712526,0.38771525788471284
22,776.3934421372229,,,mixed C-O out-of-plane bending / C-C-C bending / C-C torsion,nu(C6-C9),bond,3.593559611747284,+,0.06625292282388341,0.2625843359756791
22,776.3934421372229,,,mixed C-O out-of-plane bending / C-C-C bending / C-C torsion,nu(C6-C8),bond,3.582408637993747,-,-0.0661461813716343,0.2626150526130056
22,776.3934421372229,,,mixed C-O out-of-plane bending / C-C-C bending / C-C torsion,delta(C6-C9-H22),angle,3.219785587103829,-,-0.0577262946519587,0.3099086049953738
22,776.3934421372229,,,mixed C-O out-of-plane bending / C-C-C bending / C-C torsion,tau(H11-C1-C2-H14),dihedral,3.123936484300872,+,0.06881197822339816,0.21160608660854546
22,776.3934421372229,,,mixed C-O out-of-plane bending / C-C-C bending / C-C torsion,delta(C1-C2-H14),angle,1.7762298971894763,-,-0.04384558325401714,0.2963476715215922
22,776.3934421372229,,,mixed C-O out-of-plane bending / C-C-C bending / C-C torsion,delta(C2-C1-H11),angle,1.6056956875269557,+,0.03446250695853003,0.4336342271090426
22,776.3934421372229,,,mixed C-O out-of-plane bending / C-C-C bending / C-C torsion,delta(C6-C9-H21),angle,0.7828441438195267,+,0.028345592983863372,0.312505928233909
22,776.3934421372229,,,mixed C-O out-of-plane bending / C-C-C bending / C-C torsion,tau(O3-C4-C6-C7),dihedral,0.7064055244212757,-,-0.12794874865824404,0.013839998659108788
22,776.3934421372229,,,mixed C-O out-of-plane bending / C-C-C bending / C-C torsion,tau(C2-O3-C4-C6),dihedral,0.5460506260627555,+,0.06514296457506537,0.041271658217058235
22,776.3934421372229,,,mixed C-O out-of-plane bending / C-C-C bending / C-C torsion,tau(C1-C2-O3-C4),dihedral,0.4913012219243665,+,0.1332222640402953,0.008878677288367255
22,776.3934421372229,,,mixed C-O out-of-plane bending / C-C-C bending / C-C torsion,delta(C6-C8-H18),angle,0.4284994696955005,-,-0.02076675473534617,0.318688996065421
22,776.3934421372229,,,mixed C-O out-of-plane bending / C-C-C bending / C-C torsion,tau(C9-C6-C8-H20),dihedral,0.378935982295093,+,0.02621273465390674,0.1768867206031556
22,776.3934421372229,,,mixed C-O out-of-plane bending / C-C-C bending / C-C torsion,tau(C7-C6-C8-H18),dihedral,0.27109134355853554,-,-0.022323881622290286,0.17447382206388093
22,776.3934421372229,,,mixed C-O out-of-plane bending / C-C-C bending / C-C torsion,tau(C4-C6-C9-H22),dihedral,0.20127812335253592,+,0.04987979520394294,0.02594784517579504
22,776.3934421372229,,,mixed C-O out-of-plane bending / C-C-C bending / C-C torsion,delta(H21-C9-H23),angle,0.13025519310219302,+,0.012396658457587112,0.2718565628519554
22,776.3934421372229,,,mixed C-O out-of-plane bending / C-C-C bending / C-C torsion,"gamma(H13;C2,O3,H14)",oop,0.05612891935059854,+,0.008769080310567924,0.23411682864784614
22,776.3934421372229,,,mixed C-O out-of-plane bending / C-C-C bending / C-C torsion,delta(H10-C1-H12),angle,0.04950292354260009,-,-0.005947135845229317,0.44892023061146324
22,776.3934421372229,,,mixed C-O out-of-plane bending / C-C-C bending / C-C torsion,delta(C6-C7-H17),angle,0.04249298848311547,+,0.0065641667360015,0.3163094116269633
22,776.3934421372229,,,mixed C-O out-of-plane bending / C-C-C bending / C-C torsion,"gamma(H18;C8,H19,H20)",oop,0.03872187289988764,+,0.007381606244070211,0.2279337585365519
22,776.3934421372229,,,mixed C-O out-of-plane bending / C-C-C bending / C-C torsion,tau(H10-C1-C2-O3),dihedral,0.035020348429253056,-,-0.006576385627148363,0.25971675406989986
22,776.3934421372229,,,mixed C-O out-of-plane bending / C-C-C bending / C-C torsion,delta(H22-C9-H23),angle,0.01907126972507339,-,-0.004784611594034597,0.2672023531774869
22,776.3934421372229,,,mixed C-O out-of-plane bending / C-C-C bending / C-C torsion,delta(H16-C7-H17),angle,0.01680072133434293,+,0.004348701866664438,0.28494609231836865
22,776.3934421372229,,,mixed C-O out-of-plane bending / C-C-C bending / C-C torsion,delta(H15-C7-H16),angle,0.01579958558295862,-,-0.004337133097289541,0.26939792272256335
22,776.3934421372229,,,mixed C-O out-of-plane bending / C-C-C bending / C-C torsion,"gamma(H11;C1,H10,H12)",oop,0.009878287590154298,+,0.003073519270936061,0.3354005971942054
22,776.3934421372229,,,mixed C-O out-of-plane bending / C-C-C bending / C-C torsion,delta(C7-C6-C9),angle,0.007497277809028476,-,-0.0016864520781084183,0.845492268834399
22,776.3934421372229,,,mixed C-O out-of-plane bending / C-C-C bending / C-C torsion,delta(C7-C6-C8),angle,0.005798152834405123,+,0.001680200546348177,0.6587512652548063
22,776.3934421372229,,,mixed C-O out-of-plane bending / C-C-C bending / C-C torsion,nu(C8-H20),bond,0.0035703650328781983,+,0.0018501913036679115,0.3345287105692625
22,776.3934421372229,,,mixed C-O out-of-plane bending / C-C-C bending / C-C torsion,nu(C9-H21),bond,0.003567678523395195,-,-0.0018495063706722265,0.3345246288966813
22,776.3934421372229,,,mixed C-O out-of-plane bending / C-C-C bending / C-C torsion,nu(C9-H22),bond,0.002583976102047406,+,0.0015742021192212481,0.33444257153457424
22,776.3934421372229,,,mixed C-O out-of-plane bending / C-C-C bending / C-C torsion,nu(C8-H19),bond,0.002581362156895014,-,-0.0015733810537467453,0.3344530442205115
22,776.3934421372229,,,mixed C-O out-of-plane bending / C-C-C bending / C-C torsion,nu(C7-H15),bond,0.0005116197030065121,+,0.0006951492111343031,0.3395824516930801
22,776.3934421372229,,,mixed C-O out-of-plane bending / C-C-C bending / C-C torsion,nu(C7-H17),bond,0.0005108686334553829,-,-0.0006946224219970341,0.339598442129758
22,776.3934421372229,,,mixed C-O out-of-plane bending / C-C-C bending / C-C torsion,nu(C1-H11),bond,0.0003933885142743019,-,-0.0006107526999227573,0.33825555025336085
22,776.3934421372229,,,mixed C-O out-of-plane bending / C-C-C bending / C-C torsion,nu(C1-H12),bond,0.00039295305934517664,+,0.0006104178541839998,0.3382519160366286
22,776.3934421372229,,,mixed C-O out-of-plane bending / C-C-C bending / C-C torsion,nu(C2-H14),bond,0.0003779736211699552,+,0.0006018595013591007,0.33467655984368183
22,776.3934421372229,,,mixed C-O out-of-plane bending / C-C-C bending / C-C torsion,nu(C2-H13),bond,0.00037706260708606464,-,-0.000601145284471776,0.33466371155807756
22,776.3934421372229,,,mixed C-O out-of-plane bending / C-C-C bending / C-C torsion,nu(C9-H23),bond,0.000313892779634554,-,-0.0005431331963439984,0.34128930359837056
22,776.3934421372229,,,mixed C-O out-of-plane bending / C-C-C bending / C-C torsion,nu(C8-H18),bond,0.0003109382239981735,+,0.0005405543515249305,0.3413103237507323
22,776.3934421372229,,,mixed C-O out-of-plane bending / C-C-C bending / C-C torsion,tau(C8-C6-C7-H17),dihedral,0.00017607773599874355,-,-0.001483150734818844,0.02567366734023094
22,776.3934421372229,,,mixed C-O out-of-plane bending / C-C-C bending / C-C torsion,delta(H21-C9-H22),angle,0.00010354672750018381,+,0.00034529954141007023,0.2785469590691626
22,776.3934421372229,,,mixed C-O out-of-plane bending / C-C-C bending / C-C torsion,delta(H19-C8-H20),angle,9.891568196095759e-05,-,-0.000351804943366083,0.25633937495241976
22,776.3934421372229,,,mixed C-O out-of-plane bending / C-C-C bending / C-C torsion,nu(C6-C7),bond,3.1042801769021326e-06,-,-6.028211746890521e-05,0.273992049202674
22,776.3934421372229,,,mixed C-O out-of-plane bending / C-C-C bending / C-C torsion,delta(C6-C7-H16),angle,2.2889378396904584e-06,+,4.763137007213632e-05,0.3235950711183532
22,776.3934421372229,,,mixed C-O out-of-plane bending / C-C-C bending / C-C torsion,delta(O3-C4-O5),angle,2.771195728511779e-07,-,-1.2161518773662125e-05,0.6009600723599223
22,776.3934421372229,,,mixed C-O out-of-plane bending / C-C-C bending / C-C torsion,delta(C1-C2-O3),angle,1.2320009944092015e-07,+,9.642372214140584e-06,0.4250082114162513
22,776.3934421372229,,,mixed C-O out-of-plane bending / C-C-C bending / C-C torsion,delta(O3-C4-C6),angle,1.1976585094671515e-07,-,-8.725827741655995e-06,0.5045146489337415
22,776.3934421372229,,,mixed C-O out-of-plane bending / C-C-C bending / C-C torsion,nu(C2-O3),bond,8.320791110651853e-08,-,-9.587650332275965e-06,0.29033159021092214
22,776.3934421372229,,,mixed C-O out-of-plane bending / C-C-C bending / C-C torsion,delta(H15-C7-H17),angle,6.852876445039498e-08,-,-8.95835734388228e-06,0.2738862211420583
22,776.3934421372229,,,mixed C-O out-of-plane bending / C-C-C bending / C-C torsion,nu(C4-C6),bond,6.586259112359484e-08,+,9.125183677479142e-06,0.2536936689040973
22,776.3934421372229,,,mixed C-O out-of-plane bending / C-C-C bending / C-C torsion,delta(C2-O3-C4),angle,4.391989301733068e-08,+,6.955193612447442e-06,0.2912036889642517
22,776.3934421372229,,,mixed C-O out-of-plane bending / C-C-C bending / C-C torsion,nu(C1-C2),bond,3.9670974123266213e-08,+,6.56776451824496e-06,0.2949794525157423
22,776.3934421372229,,,mixed C-O out-of-plane bending / C-C-C bending / C-C torsion,delta(C2-C1-H10),angle,2.910071200278643e-08,-,-4.973895298186678e-06,0.3772805214315562
22,776.3934421372229,,,mixed C-O out-of-plane bending / C-C-C bending / C-C torsion,nu(C4-O5),bond,2.1145019367027252e-08,+,2.861124456849933e-06,0.8284926016642041
22,776.3934421372229,,,mixed C-O out-of-plane bending / C-C-C bending / C-C torsion,nu(C7-H16),bond,5.409851185634125e-09,-,-2.2752756997790277e-06,0.33517476100026466
22,776.3934421372229,,,mixed C-O out-of-plane bending / C-C-C bending / C-C torsion,delta(C8-C6-C9),angle,5.156118642929902e-09,+,1.5355836730512937e-06,0.7013422090875111
22,776.3934421372229,,,mixed C-O out-of-plane bending / C-C-C bending / C-C torsion,nu(O3-C4),bond,3.1419949110254066e-09,+,1.642006285134777e-06,0.3737746932579269
22,776.3934421372229,,,mixed C-O out-of-plane bending / C-C-C bending / C-C torsion,nu(C1-H10),bond,2.3531625287178747e-10,+,4.732620287205591e-07,0.33697885380249765
23,805.726123482089,,,mixed in-phase C-C stretching / O-C-O bending,nu(C6-C9),bond,16.805725546555347,-,-0.1342073347654242,0.2625843359756791
23,805.726123482089,,,mixed in-phase C-C stretching / O-C-O bending,nu(C6-C8),bond,16.799003405399986,-,-0.13417264380285043,0.2626150526130056
23,805.726123482089,,,mixed in-phase C-C stretching / O-C-O bending,nu(C6-C7),bond,16.368605864712904,-,-0.12966384372811826,0.273992049202674
23,805.726123482089,,,mixed in-phase C-C stretching / O-C-O bending,delta(O3-C4-O5),angle,16.002733266433108,-,-0.08656778392540852,0.6009600723599223
23,805.726123482089,,,mixed in-phase C-C stretching / O-C-O bending,delta(C2-O3-C4),angle,3.699301149506336,+,0.05979204861453103,0.2912036889642517
23,805.726123482089,,,mixed in-phase C-C stretching / O-C-O bending,delta(C6-C7-H16),angle,3.03109090616985,+,0.051342919221706904,0.3235950711183532
23,805.726123482089,,,mixed in-phase C-C stretching / O-C-O bending,delta(C6-C8-H19),angle,2.764551867469547,+,0.044795867472818225,0.38771525788471284
23,805.726123482089,,,mixed in-phase C-C stretching / O-C-O bending,nu(O3-C4),bond,2.3885388495162707,-,-0.04240755499055213,0.3737746932579269
23,805.726123482089,,,mixed in-phase C-C stretching / O-C-O bending,delta(C6-C9-H22),angle,2.207122161006015,+,0.04476910313449943,0.3099086049953738
23,805.726123482089,,,mixed in-phase C-C stretching / O-C-O bending,nu(C2-O3),bond,1.9299203951831938,+,0.04325183897910344,0.29033159021092214
23,805.726123482089,,,mixed in-phase C-C stretching / O-C-O bending,nu(C1-C2),bond,1.6956974004086243,+,0.040221690571900906,0.2949794525157423
23,805.726123482089,,,mixed in-phase C-C stretching / O-C-O bending,tau(C7-C6-C8-H18),dihedral,1.6500760754369104,-,-0.051590397290866126,0.17447382206388093
23,805.726123482089,,,mixed in-phase C-C stretching / O-C-O bending,delta(C8-C6-C9),angle,1.6378872454522229,+,0.0256365179947415,0.7013422090875111
23,805.726123482089,,,mixed in-phase C-C stretching / O-C-O bending,tau(C9-C6-C8-H20),dihedral,1.5850568373716472,+,0.050217701492467404,0.1768867206031556
23,805.726123482089,,,mixed in-phase C-C stretching / O-C-O bending,delta(C7-C6-C9),angle,1.580887085504917,+,0.022939166385924015,0.845492268834399
23,805.726123482089,,,mixed in-phase C-C stretching / O-C-O bending,delta(O3-C4-C6),angle,1.3334726433331228,+,0.02727326867671,0.5045146489337415
23,805.726123482089,,,mixed in-phase C-C stretching / O-C-O bending,delta(C7-C6-C8),angle,1.229673660515444,+,0.02292008533117755,0.6587512652548063
23,805.726123482089,,,mixed in-phase C-C stretching / O-C-O bending,delta(C6-C7-H17),angle,1.081549526609725,-,-0.031020527215466883,0.3163094116269633
23,805.726123482089,,,mixed in-phase C-C stretching / O-C-O bending,delta(C4-C6-C8),angle,0.9009364728713872,-,-0.020775466212758137,0.5874307333618307
23,805.726123482089,,,mixed in-phase C-C stretching / O-C-O bending,delta(C4-C6-C9),angle,0.8702564213454369,-,-0.02074725129838604,0.5689710296933157
23,805.726123482089,,,mixed in-phase C-C stretching / O-C-O bending,delta(C6-C9-H21),angle,0.8281440299936931,-,-0.02730900227365532,0.312505928233909
23,805.726123482089,,,mixed in-phase C-C stretching / O-C-O bending,delta(C6-C8-H18),angle,0.6427523984269702,-,-0.02382431074102977,0.318688996065421
23,805.726123482089,,,mixed in-phase C-C stretching / O-C-O bending,nu(C4-C6),bond,0.5462384554023765,+,0.024616048965487157,0.2536936689040973
23,805.726123482089,,,mixed in-phase C-C stretching / O-C-O bending,delta(C1-C2-O3),angle,0.40293366500505223,+,0.016334285517212648,0.4250082114162513
23,805.726123482089,,,mixed in-phase C-C stretching / O-C-O bending,delta(C2-C1-H10),angle,0.3428556488063256,-,-0.015992099706535874,0.3772805214315562
23,805.726123482089,,,mixed in-phase C-C stretching / O-C-O bending,tau(C8-C6-C7-H17),dihedral,0.2967228091670855,+,0.057031334928375976,0.02567366734023094
23,805.726123482089,,,mixed in-phase C-C stretching / O-C-O bending,nu(C4-O5),bond,0.2857408030852874,-,-0.009851987207906887,0.8284926016642041
23,805.726123482089,,,mixed in-phase C-C stretching / O-C-O bending,tau(H12-C1-C2-H13),dihedral,0.2307725807084972,+,0.012503998870071373,0.4153846152199703
23,805.726123482089,,,mixed in-phase C-C stretching / O-C-O bending,delta(C2-C1-H11),angle,0.17514117388379094,+,0.010661403421609567,0.4336342271090426
23,805.726123482089,,,mixed in-phase C-C stretching / O-C-O bending,tau(H11-C1-C2-H14),dihedral,0.121063756973055,-,-0.012688930595051611,0.21160608660854546
23,805.726123482089,,,mixed in-phase C-C stretching / O-C-O bending,delta(H16-C7-H17),angle,0.0984452834111754,+,0.00986048166949418,0.28494609231836865
23,805.726123482089,,,mixed in-phase C-C stretching / O-C-O bending,delta(H15-C7-H16),angle,0.0930014471411292,+,0.009856659588699256,0.26939792272256335
23,805.726123482089,,,mixed in-phase C-C stretching / O-C-O bending,delta(H15-C7-H17),angle,0.06782170149776967,-,-0.008347977590924649,0.2738862211420583
23,805.726123482089,,,mixed in-phase C-C stretching / O-C-O bending,delta(H22-C9-H23),angle,0.049142112379485105,+,0.007194304197085938,0.2672023531774869
23,805.726123482089,,,mixed in-phase C-C stretching / O-C-O bending,delta(C1-C2-H14),angle,0.04054762773055244,-,-0.006205317275688694,0.2963476715215922
23,805.726123482089,,,mixed in-phase C-C stretching / O-C-O bending,tau(H11-C1-C2-H13),dihedral,0.03881711668724908,-,-0.005413978491513443,0.37269560643401184
23,805.726123482089,,,mixed in-phase C-C stretching / O-C-O bending,delta(H21-C9-H22),angle,0.03184182348711575,+,0.00567194199136405,0.2785469590691626
23,805.726123482089,,,mixed in-phase C-C stretching / O-C-O bending,delta(H10-C1-H12),angle,0.029658500458975095,-,-0.00431193327747951,0.44892023061146324
23,805.726123482089,,,mixed in-phase C-C stretching / O-C-O bending,delta(H19-C8-H20),angle,0.02941999339487515,+,0.005683235479421178,0.25633937495241976
23,805.726123482089,,,mixed in-phase C-C stretching / O-C-O bending,delta(H21-C9-H23),angle,0.02783009009821887,-,-0.005367467474147924,0.2718565628519554
23,805.726123482089,,,mixed in-phase C-C stretching / O-C-O bending,"gamma(H11;C1,H10,H12)",oop,0.01470419594503266,-,-0.0035125357327691004,0.3354005971942054
23,805.726123482089,,,mixed in-phase C-C stretching / O-C-O bending,"gamma(H18;C8,H19,H20)",oop,0.01445673822714966,-,-0.0042248652188520575,0.2279337585365519
23,805.726123482089,,,mixed in-phase C-C stretching / O-C-O bending,tau(C4-C6-C9-H22),dihedral,0.007184967894426611,-,-0.0088276233146643,0.02594784517579504
23,805.726123482089,,,mixed in-phase C-C stretching / O-C-O bending,"gamma(H13;C2,O3,H14)",oop,0.004816695390963507,-,-0.002406247529397093,0.23411682864784614
23,805.726123482089,,,mixed in-phase C-C stretching / O-C-O bending,nu(C1-H10),bond,0.0033250336979779313,+,0.0016663979674511476,0.33697885380249765
23,805.726123482089,,,mixed in-phase C-C stretching / O-C-O bending,nu(C7-H16),bond,0.003109953817506674,-,-0.0016159329693015243,0.33517476100026466
23,805.726123482089,,,mixed in-phase C-C stretching / O-C-O bending,nu(C8-H18),bond,0.002152387780808503,-,-0.0013321943045627534,0.3413103237507323
23,805.726123482089,,,mixed in-phase C-C stretching / O-C-O bending,nu(C9-H23),bond,0.0021331701357953903,-,-0.0013262745467948445,0.34128930359837056
23,805.726123482089,,,mixed in-phase C-C stretching / O-C-O bending,nu(C2-H14),bond,0.0015138936636260774,-,-0.0011282804513118739,0.33467655984368183
23,805.726123482089,,,mixed in-phase C-C stretching / O-C-O bending,nu(C2-H13),bond,0.0015047823550552407,-,-0.0011249016646873126,0.33466371155807756
23,805.726123482089,,,mixed in-phase C-C stretching / O-C-O bending,nu(C7-H15),bond,0.0014278511689136948,-,-0.0010878045650141541,0.3395824516930801
23,805.726123482089,,,mixed in-phase C-C stretching / O-C-O bending,nu(C7-H17),bond,0.0014240946927917121,-,-0.0010863471150843104,0.339598442129758
23,805.726123482089,,,mixed in-phase C-C stretching / O-C-O bending,nu(C8-H20),bond,0.000400551229452208,-,-0.0005804894916823111,0.3345287105692625
23,805.726123482089,,,mixed in-phase C-C stretching / O-C-O bending,nu(C9-H21),bond,0.00039829800936348937,-,-0.0005788580072557526,0.3345246288966813
23,805.726123482089,,,mixed in-phase C-C stretching / O-C-O bending,nu(C9-H22),bond,0.00017668617549416817,-,-0.00038558713390006595,0.33444257153457424
23,805.726123482089,,,mixed in-phase C-C stretching / O-C-O bending,nu(C8-H19),bond,0.00017475537555030786,-,-0.0003834685234980004,0.3344530442205115
23,805.726123482089,,,mixed in-phase C-C stretching / O-C-O bending,nu(C1-H12),bond,5.7862269066445376e-05,-,-0.00021941161980819652,0.3382519160366286
23,805.726123482089,,,mixed in-phase C-C stretching / O-C-O bending,nu(C1-H11),bond,5.663687808118554e-05,-,-0.0002170747019996022,0.33825555025336085
23,805.726123482089,,,mixed in-phase C-C stretching / O-C-O bending,"gamma(O3;C4,O5,C6)",oop,2.279072715490938e-06,+,7.270639344889306e-05,0.12133246739127751
23,805.726123482089,,,mixed in-phase C-C stretching / O-C-O bending,tau(H10-C1-C2-O3),dihedral,1.321744954106351e-06,+,3.784477028077608e-05,0.25971675406989986
23,805.726123482089,,,mixed in-phase C-C stretching / O-C-O bending,tau(C1-C2-O3-C4),dihedral,1.82955259528759e-08,+,2.408132284036415e-05,0.008878677288367255
23,805.726123482089,,,mixed in-phase C-C stretching / O-C-O bending,tau(O3-C4-C6-C7),dihedral,1.4701059092847524e-08,-,-1.7289734076160162e-05,0.013839998659108788
23,805.726123482089,,,mixed in-phase C-C stretching / O-C-O bending,tau(C2-O3-C4-C6),dihedral,1.2938024769444135e-08,+,9.392691450208448e-06,0.041271658217058235
24,818.2753434978235,,,mixed C-C torsion / C-H bending,tau(H12-C1-C2-H13),dihedral,23.174796678874902,-,-0.22290690060612425,0.4153846152199703
24,818.2753434978235,,,mixed C-C torsion / C-H bending,tau(H11-C1-C2-H13),dihedral,20.796862457013642,-,-0.22292692417973442,0.37269560643401184
24,818.2753434978235,,,mixed C-C torsion / C-H bending,delta(C2-C1-H11),angle,19.896664116109868,-,-0.20214784126081095,0.4336342271090426
24,818.2753434978235,,,mixed C-C torsion / C-H bending,delta(C1-C2-H14),angle,15.213180785052591,+,0.2138208266113707,0.2963476715215922
24,818.2753434978235,,,mixed C-C torsion / C-H bending,tau(H11-C1-C2-H14),dihedral,11.808725205712411,-,-0.2229349613088934,0.21160608660854546
24,818.2753434978235,,,mixed C-C torsion / C-H bending,tau(H10-C1-C2-O3),dihedral,6.318032264180999,+,0.14719114616715542,0.25971675406989986
24,818.2753434978235,,,mixed C-C torsion / C-H bending,delta(H10-C1-H12),angle,1.0061630958343526,+,0.044677653342730626,0.44892023061146324
24,818.2753434978235,,,mixed C-C torsion / C-H bending,"gamma(O3;C4,O5,C6)",oop,0.7966518496707954,+,0.07646919535644787,0.12133246739127751
24,818.2753434978235,,,mixed C-C torsion / C-H bending,"gamma(H11;C1,H10,H12)",oop,0.2011443652390347,-,-0.023110682457593356,0.3354005971942054
24,818.2753434978235,,,mixed C-C torsion / C-H bending,"gamma(H13;C2,O3,H14)",oop,0.17860404597001722,-,-0.026065741313366052,0.23411682864784614
24,818.2753434978235,,,mixed C-C torsion / C-H bending,delta(C4-C6-C8),angle,0.09794463102015522,-,-0.012185763236748907,0.5874307333618307
24,818.2753434978235,,,mixed C-C torsion / C-H bending,delta(C4-C6-C9),angle,0.09527097940266811,+,0.01221169611931494,0.5689710296933157
24,818.2753434978235,,,mixed C-C torsion / C-H bending,delta(C6-C8-H19),angle,0.07508527707610996,+,0.013132932085084611,0.38771525788471284
24,818.2753434978235,,,mixed C-C torsion / C-H bending,nu(C6-C9),bond,0.06931624041095615,+,0.015332883737092528,0.2625843359756791
24,818.2753434978235,,,mixed C-C torsion / C-H bending,nu(C6-C8),bond,0.06818289744626822,-,-0.015206128959276482,0.2626150526130056
24,818.2753434978235,,,mixed C-C torsion / C-H bending,delta(C6-C9-H22),angle,0.06053674414223833,-,-0.013189655818231068,0.3099086049953738
24,818.2753434978235,,,mixed C-C torsion / C-H bending,tau(C2-O3-C4-C6),dihedral,0.034354231360049316,-,-0.027227320873544136,0.041271658217058235
24,818.2753434978235,,,mixed C-C torsion / C-H bending,tau(O3-C4-C6-C7),dihedral,0.019529150287861157,-,-0.03544984988134884,0.013839998659108788
24,818.2753434978235,,,mixed C-C torsion / C-H bending,delta(C6-C8-H18),angle,0.01177479279015468,-,-0.005736326377588792,0.318688996065421
24,818.2753434978235,,,mixed C-C torsion / C-H bending,delta(C6-C9-H21),angle,0.011406970210604377,+,0.005701600372924929,0.312505928233909
24,818.2753434978235,,,mixed C-C torsion / C-H bending,tau(C1-C2-O3-C4),dihedral,0.009765047068297459,+,0.03129707752178553,0.008878677288367255
24,818.2753434978235,,,mixed C-C torsion / C-H bending,nu(C2-H14),bond,0.009694017142539054,-,-0.005079020833455562,0.33467655984368183
24,818.2753434978235,,,mixed C-C torsion / C-H bending,nu(C2-H13),bond,0.009691098585284223,+,0.005078353691198746,0.33466371155807756
24,818.2753434978235,,,mixed C-C torsion / C-H bending,tau(C9-C6-C8-H20),dihedral,0.008625352936412043,+,0.006589941705605606,0.1768867206031556
24,818.2753434978235,,,mixed C-C torsion / C-H bending,nu(C1-H11),bond,0.007277515014369141,+,0.004377335557449267,0.33825555025336085
24,818.2753434978235,,,mixed C-C torsion / C-H bending,nu(C1-H12),bond,0.007268770860273126,-,-0.004374728517700592,0.3382519160366286
24,818.2753434978235,,,mixed C-C torsion / C-H bending,tau(C7-C6-C8-H18),dihedral,0.0041667374221851855,-,-0.004611834138105334,0.17447382206388093
24,818.2753434978235,,,mixed C-C torsion / C-H bending,delta(H21-C9-H23),angle,0.003043206100487033,+,0.0031574502962798813,0.2718565628519554
24,818.2753434978235,,,mixed C-C torsion / C-H bending,tau(C4-C6-C9-H22),dihedral,0.002360453239846941,+,0.00900093866846401,0.02594784517579504
24,818.2753434978235,,,mixed C-C torsion / C-H bending,delta(C7-C6-C9),angle,0.0010511823746405693,-,-0.0010522646127005205,0.845492268834399
24,818.2753434978235,,,mixed C-C torsion / C-H bending,delta(C7-C6-C8),angle,0.0007863406879549072,+,0.0010310634539132273,0.6587512652548063
24,818.2753434978235,,,mixed C-C torsion / C-H bending,delta(H22-C9-H23),angle,0.0006338510119570554,-,-0.0014534972198174355,0.2672023531774869
24,818.2753434978235,,,mixed C-C torsion / C-H bending,"gamma(H18;C8,H19,H20)",oop,0.0006203828432888995,+,0.0015569200594309392,0.2279337585365519
24,818.2753434978235,,,mixed C-C torsion / C-H bending,delta(H16-C7-H17),angle,0.00020439849220324477,+,0.0007992787040285608,0.28494609231836865
24,818.2753434978235,,,mixed C-C torsion / C-H bending,delta(H15-C7-H16),angle,0.00019622428306425094,-,-0.0008054155400812461,0.26939792272256335
24,818.2753434978235,,,mixed C-C torsion / C-H bending,delta(C6-C7-H17),angle,0.00010553883134495604,+,0.0005451183904679227,0.3163094116269633
24,818.2753434978235,,,mixed C-C torsion / C-H bending,tau(C8-C6-C7-H17),dihedral,5.80843298584395e-05,-,-0.0014194702258148438,0.02567366734023094
24,818.2753434978235,,,mixed C-C torsion / C-H bending,nu(C8-H20),bond,5.724985405704253e-05,+,0.0003904012902661967,0.3345287105692625
24,818.2753434978235,,,mixed C-C torsion / C-H bending,nu(C9-H21),bond,5.716704655549367e-05,-,-0.00039012122539980294,0.3345246288966813
24,818.2753434978235,,,mixed C-C torsion / C-H bending,nu(C9-H22),bond,3.622728453537358e-05,+,0.00031059743486315115,0.33444257153457424
24,818.2753434978235,,,mixed C-C torsion / C-H bending,nu(C8-H19),bond,3.614838008983285e-05,-,-0.00031025414620209024,0.3344530442205115
24,818.2753434978235,,,mixed C-C torsion / C-H bending,delta(H21-C9-H22),angle,7.232774808016575e-06,-,-0.00015207016307361069,0.2785469590691626
24,818.2753434978235,,,mixed C-C torsion / C-H bending,nu(C7-H15),bond,6.7104222431081005e-06,+,0.00013266093536347046,0.3395824516930801
24,818.2753434978235,,,mixed C-C torsion / C-H bending,nu(C7-H17),bond,6.643990811349814e-06,-,-0.00013199953994981305,0.339598442129758
24,818.2753434978235,,,mixed C-C torsion / C-H bending,delta(H19-C8-H20),angle,6.232429056447551e-06,+,0.00014715050672791971,0.25633937495241976
24,818.2753434978235,,,mixed C-C torsion / C-H bending,nu(C8-H18),bond,4.60694077828638e-06,+,0.00010964083970947948,0.3413103237507323
24,818.2753434978235,,,mixed C-C torsion / C-H bending,nu(C9-H23),bond,4.559172876555578e-06,-,-0.00010907430192761135,0.34128930359837056
24,818.2753434978235,,,mixed C-C torsion / C-H bending,nu(C6-C7),bond,5.232956459032708e-07,+,4.1242533041818586e-05,0.273992049202674
24,818.2753434978235,,,mixed C-C torsion / C-H bending,nu(C2-O3),bond,4.504453619985578e-07,-,-3.7171891774056266e-05,0.29033159021092214
24,818.2753434978235,,,mixed C-C torsion / C-H bending,delta(C2-C1-H10),angle,3.230180624797733e-07,-,-2.7613532171182153e-05,0.3772805214315562
24,818.2753434978235,,,mixed C-C torsion / C-H bending,nu(C1-C2),bond,2.48000970842544e-07,-,-2.736349447736829e-05,0.2949794525157423
24,818.2753434978235,,,mixed C-C torsion / C-H bending,nu(C4-C6),bond,2.0218006097331834e-07,-,-2.6641280652145578e-05,0.2536936689040973
24,818.2753434978235,,,mixed C-C torsion / C-H bending,delta(C6-C7-H16),angle,1.4096890097222037e-07,-,-1.9697062303344634e-05,0.3235950711183532
24,818.2753434978235,,,mixed C-C torsion / C-H bending,delta(C8-C6-C9),angle,1.0746916378880654e-07,-,-1.1682013317973053e-05,0.7013422090875111
24,818.2753434978235,,,mixed C-C torsion / C-H bending,delta(C1-C2-O3),angle,9.477120766381034e-08,+,1.409224865452815e-05,0.4250082114162513
24,818.2753434978235,,,mixed C-C torsion / C-H bending,delta(O3-C4-O5),angle,8.40199989034736e-08,+,1.1158588883931661e-05,0.6009600723599223
24,818.2753434978235,,,mixed C-C torsion / C-H bending,nu(O3-C4),bond,3.935819187734704e-08,-,-9.683968611741902e-06,0.3737746932579269
24,818.2753434978235,,,mixed C-C torsion / C-H bending,delta(O3-C4-C6),angle,1.5049462180579152e-08,+,5.15423659646251e-06,0.5045146489337415
24,818.2753434978235,,,mixed C-C torsion / C-H bending,delta(C2-O3-C4),angle,9.580767951094039e-09,-,-5.413055442098286e-06,0.2912036889642517
24,818.2753434978235,,,mixed C-C torsion / C-H bending,delta(H15-C7-H17),angle,4.179067829904366e-09,+,3.6863398301419365e-06,0.2738862211420583
24,818.2753434978235,,,mixed C-C torsion / C-H bending,nu(C4-O5),bond,2.855558496462062e-10,+,5.540410758936753e-07,0.8284926016642041
24,818.2753434978235,,,mixed C-C torsion / C-H bending,nu(C7-H16),bond,4.0259652981428844e-11,+,3.2706954746417504e-07,0.33517476100026466
24,818.2753434978235,,,mixed C-C torsion / C-H bending,nu(C1-H10),bond,1.1813719992781537e-11,+,1.76698459327259e-07,0.33697885380249765
25,877.5907595330682,,,mixed C-H bending / C-C torsion / C-O stretching,delta(C2-C1-H10),angle,22.19750302121938,+,0.18960777258903638,0.3772805214315562
25,877.5907595330682,,,mixed C-H bending / C-C torsion / C-O stretching,tau(H12-C1-C2-H13),dihedral,13.598412441617914,-,-0.14143443740974523,0.4153846152199703
25,877.5907595330682,,,mixed C-H bending / C-C torsion / C-O stretching,nu(C2-O3),bond,13.294008267721546,+,0.1672696284335563,0.29033159021092214
25,877.5907595330682,,,mixed C-H bending / C-C torsion / C-O stretching,delta(C2-O3-C4),angle,7.2355956575650024,-,-0.12321823253456322,0.2912036889642517
25,877.5907595330682,,,mixed C-H bending / C-C torsion / C-O stretching,tau(H11-C1-C2-H14),dihedral,6.924272849979853,+,0.14140321211117435,0.21160608660854546
25,877.5907595330682,,,mixed C-H bending / C-C torsion / C-O stretching,nu(O3-C4),bond,6.381128561288622,+,0.10213628722813814,0.3737746932579269
25,877.5907595330682,,,mixed C-H bending / C-C torsion / C-O stretching,delta(C2-C1-H11),angle,5.762459595756632,-,-0.09011113002468918,0.4336342271090426
25,877.5907595330682,,,mixed C-H bending / C-C torsion / C-O stretching,delta(O3-C4-C6),angle,5.650291376407186,-,-0.08272462327301554,0.5045146489337415
25,877.5907595330682,,,mixed C-H bending / C-C torsion / C-O stretching,delta(O3-C4-O5),angle,5.506233612876591,+,0.0748239745616022,0.6009600723599223
25,877.5907595330682,,,mixed C-H bending / C-C torsion / C-O stretching,delta(C1-C2-O3),angle,2.5424821263967634,-,-0.06045977966176989,0.4250082114162513
25,877.5907595330682,,,mixed C-H bending / C-C torsion / C-O stretching,nu(C6-C7),bond,1.9419713535304486,-,-0.0658095158391642,0.273992049202674
25,877.5907595330682,,,mixed C-H bending / C-C torsion / C-O stretching,delta(C1-C2-H14),angle,1.7082461222490188,+,0.059348634141769184,0.2963476715215922
25,877.5907595330682,,,mixed C-H bending / C-C torsion / C-O stretching,nu(C4-C6),bond,1.3171953953054478,+,0.056325694280527416,0.2536936689040973
25,877.5907595330682,,,mixed C-H bending / C-C torsion / C-O stretching,delta(C6-C7-H16),angle,1.1441279606397916,+,0.04648069540062666,0.3235950711183532
25,877.5907595330682,,,mixed C-H bending / C-C torsion / C-O stretching,nu(C4-O5),bond,0.7934956722079602,+,0.024191579795693644,0.8284926016642041
25,877.5907595330682,,,mixed C-H bending / C-C torsion / C-O stretching,nu(C1-C2),bond,0.7662220425368164,+,0.039839850906147514,0.2949794525157423
25,877.5907595330682,,,mixed C-H bending / C-C torsion / C-O stretching,tau(H11-C1-C2-H13),dihedral,0.7568571827863622,+,0.0352262244729323,0.37269560643401184
25,877.5907595330682,,,mixed C-H bending / C-C torsion / C-O stretching,"gamma(H13;C2,O3,H14)",oop,0.6442859647543664,-,-0.041007121539612584,0.23411682864784614
25,877.5907595330682,,,mixed C-H bending / C-C torsion / C-O stretching,delta(C6-C7-H17),angle,0.2593253158693531,-,-0.02238219457913883,0.3163094116269633
25,877.5907595330682,,,mixed C-H bending / C-C torsion / C-O stretching,delta(H10-C1-H12),angle,0.2412273660670689,+,0.018120282538663407,0.44892023061146324
25,877.5907595330682,,,mixed C-H bending / C-C torsion / C-O stretching,delta(C6-C8-H19),angle,0.19718577092912018,+,0.017628591191429923,0.38771525788471284
25,877.5907595330682,,,mixed C-H bending / C-C torsion / C-O stretching,delta(C6-C9-H22),angle,0.15758573971861284,+,0.017626979770683886,0.3099086049953738
25,877.5907595330682,,,mixed C-H bending / C-C torsion / C-O stretching,"gamma(H11;C1,H10,H12)",oop,0.13881276487695013,-,-0.01590263360110123,0.3354005971942054
25,877.5907595330682,,,mixed C-H bending / C-C torsion / C-O stretching,tau(C9-C6-C8-H20),dihedral,0.13706323508235108,+,0.02175951144913176,0.1768867206031556
25,877.5907595330682,,,mixed C-H bending / C-C torsion / C-O stretching,delta(C7-C6-C9),angle,0.12178138854082432,+,0.009381491873666556,0.845492268834399
25,877.5907595330682,,,mixed C-H bending / C-C torsion / C-O stretching,delta(C6-C8-H18),angle,0.10080404573266126,-,-0.013902461902749994,0.318688996065421
25,877.5907595330682,,,mixed C-H bending / C-C torsion / C-O stretching,delta(C7-C6-C8),angle,0.0946507506117541,+,0.009369956320376776,0.6587512652548063
25,877.5907595330682,,,mixed C-H bending / C-C torsion / C-O stretching,tau(C7-C6-C8-H18),dihedral,0.06689331084899734,-,-0.015306026986038557,0.17447382206388093
25,877.5907595330682,,,mixed C-H bending / C-C torsion / C-O stretching,nu(C6-C9),bond,0.06676962601877834,-,-0.012464972665781887,0.2625843359756791
25,877.5907595330682,,,mixed C-H bending / C-C torsion / C-O stretching,nu(C6-C8),bond,0.06596544166041815,-,-0.012388955582157043,0.2626150526130056
25,877.5907595330682,,,mixed C-H bending / C-C torsion / C-O stretching,delta(H15-C7-H17),angle,0.04316310496432902,-,-0.009813129125270157,0.2738862211420583
25,877.5907595330682,,,mixed C-H bending / C-C torsion / C-O stretching,tau(C8-C6-C7-H17),dihedral,0.036306192968012935,+,0.029395622892430546,0.02567366734023094
25,877.5907595330682,,,mixed C-H bending / C-C torsion / C-O stretching,nu(C1-H10),bond,0.014593124090298901,-,-0.0051440961753910965,0.33697885380249765
25,877.5907595330682,,,mixed C-H bending / C-C torsion / C-O stretching,nu(C2-H14),bond,0.012184287534328316,-,-0.004716541801858239,0.33467655984368183
25,877.5907595330682,,,mixed C-H bending / C-C torsion / C-O stretching,nu(C2-H13),bond,0.012182304286957464,-,-0.004716248458002392,0.33466371155807756
25,877.5907595330682,,,mixed C-H bending / C-C torsion / C-O stretching,delta(C6-C9-H21),angle,0.012162611242893171,-,-0.004876638341837014,0.312505928233909
25,877.5907595330682,,,mixed C-H bending / C-C torsion / C-O stretching,delta(C8-C6-C9),angle,0.011552229119996031,+,0.0031725185839197602,0.7013422090875111
25,877.5907595330682,,,mixed C-H bending / C-C torsion / C-O stretching,delta(H16-C7-H17),angle,0.007745498248861156,+,0.004075487764289194,0.28494609231836865
25,877.5907595330682,,,mixed C-H bending / C-C torsion / C-O stretching,delta(H15-C7-H16),angle,0.007330518276626795,+,0.004077617509371094,0.26939792272256335
25,877.5907595330682,,,mixed C-H bending / C-C torsion / C-O stretching,delta(H22-C9-H23),angle,0.005391485449756553,+,0.0035113194795714183,0.2672023531774869
25,877.5907595330682,,,mixed C-H bending / C-C torsion / C-O stretching,delta(H21-C9-H23),angle,0.005321329734019164,-,-0.0034584097014304974,0.2718565628519554
25,877.5907595330682,,,mixed C-H bending / C-C torsion / C-O stretching,tau(C4-C6-C9-H22),dihedral,0.0044282584653148275,-,-0.010211795241969858,0.02594784517579504
25,877.5907595330682,,,mixed C-H bending / C-C torsion / C-O stretching,delta(C4-C6-C8),angle,0.0030079609075276716,-,-0.0017688623088639702,0.5874307333618307
25,877.5907595330682,,,mixed C-H bending / C-C torsion / C-O stretching,delta(C4-C6-C9),angle,0.0028904319146615355,-,-0.0017618647282383218,0.5689710296933157
25,877.5907595330682,,,mixed C-H bending / C-C torsion / C-O stretching,nu(C1-H11),bond,0.0015926388600130718,+,0.0016961820178975082,0.33825555025336085
25,877.5907595330682,,,mixed C-H bending / C-C torsion / C-O stretching,nu(C1-H12),bond,0.0015862904079435632,+,0.0016928071422431699,0.3382519160366286
25,877.5907595330682,,,mixed C-H bending / C-C torsion / C-O stretching,delta(H21-C9-H22),angle,0.0011537530373481163,+,0.0015909022066348353,0.2785469590691626
25,877.5907595330682,,,mixed C-H bending / C-C torsion / C-O stretching,delta(H19-C8-H20),angle,0.0010783466496325474,+,0.0016032741947057114,0.25633937495241976
25,877.5907595330682,,,mixed C-H bending / C-C torsion / C-O stretching,nu(C8-H18),bond,0.0010752290824473359,-,-0.0013874331126599174,0.3413103237507323
25,877.5907595330682,,,mixed C-H bending / C-C torsion / C-O stretching,nu(C9-H23),bond,0.0010693249030755683,-,-0.0013836612173197926,0.34128930359837056
25,877.5907595330682,,,mixed C-H bending / C-C torsion / C-O stretching,nu(C7-H16),bond,0.0007614710585239184,-,-0.0011782225025551711,0.33517476100026466
25,877.5907595330682,,,mixed C-H bending / C-C torsion / C-O stretching,"gamma(H18;C8,H19,H20)",oop,0.0002067111509499084,-,-0.0007444129042459868,0.2279337585365519
25,877.5907595330682,,,mixed C-H bending / C-C torsion / C-O stretching,nu(C8-H19),bond,8.09305647992899e-05,+,0.000384525349278209,0.3344530442205115
25,877.5907595330682,,,mixed C-H bending / C-C torsion / C-O stretching,nu(C9-H22),bond,7.997568408627205e-05,+,0.00038225614095281776,0.33444257153457424
25,877.5907595330682,,,mixed C-H bending / C-C torsion / C-O stretching,nu(C7-H17),bond,6.458031163709591e-05,+,0.0003408815452415216,0.339598442129758
25,877.5907595330682,,,mixed C-H bending / C-C torsion / C-O stretching,nu(C7-H15),bond,6.424051361255458e-05,+,0.00033999156991561654,0.3395824516930801
25,877.5907595330682,,,mixed C-H bending / C-C torsion / C-O stretching,nu(C9-H21),bond,3.6418169339818944e-05,+,0.0002579177746764891,0.3345246288966813
25,877.5907595330682,,,mixed C-H bending / C-C torsion / C-O stretching,nu(C8-H20),bond,3.547604926264005e-05,+,0.00025455825938392205,0.3345287105692625
25,877.5907595330682,,,mixed C-H bending / C-C torsion / C-O stretching,tau(H10-C1-C2-O3),dihedral,1.0954357596623069e-06,+,5.076679425890491e-05,0.25971675406989986
25,877.5907595330682,,,mixed C-H bending / C-C torsion / C-O stretching,"gamma(O3;C4,O5,C6)",oop,2.1525785729601336e-07,+,3.292511178312872e-05,0.12133246739127751
25,877.5907595330682,,,mixed C-H bending / C-C torsion / C-O stretching,tau(C2-O3-C4-C6),dihedral,4.2418369610507154e-09,+,7.924781433337389e-06,0.041271658217058235
25,877.5907595330682,,,mixed C-H bending / C-C torsion / C-O stretching,tau(C1-C2-O3-C4),dihedral,5.255659186065886e-10,+,6.014170390870415e-06,0.008878677288367255
25,877.5907595330682,,,mixed C-H bending / C-C torsion / C-O stretching,tau(O3-C4-C6-C7),dihedral,9.612535100162593e-11,-,-2.0600948272327858e-06,0.013839998659108788
26,910.4668962946901,,,mixed mixed-phase C-C stretching / C-H bending / mixed-phase C-O stretching,nu(C4-C6),bond,18.937641625427496,+,0.17277167996578568,0.2536936689040973
26,910.4668962946901,,,mixed mixed-phase C-C stretching / C-H bending / mixed-phase C-O stretching,nu(C2-O3),bond,12.967185780646641,-,-0.1336411315019978,0.29033159021092214
26,910.4668962946901,,,mixed mixed-phase C-C stretching / C-H bending / mixed-phase C-O stretching,nu(C1-C2),bond,12.320077423929208,-,-0.12923354567611506,0.2949794525157423
26,910.4668962946901,,,mixed mixed-phase C-C stretching / C-H bending / mixed-phase C-O stretching,delta(O3-C4-O5),angle,7.541342112792524,+,0.07083794211174589,0.6009600723599223
26,910.4668962946901,,,mixed mixed-phase C-C stretching / C-H bending / mixed-phase C-O stretching,delta(C2-C1-H10),angle,5.80835842728559,-,-0.07846192089887861,0.3772805214315562
26,910.4668962946901,,,mixed mixed-phase C-C stretching / C-H bending / mixed-phase C-O stretching,delta(C6-C8-H19),angle,5.712537576975003,+,0.07675779895029279,0.38771525788471284
26,910.4668962946901,,,mixed mixed-phase C-C stretching / C-H bending / mixed-phase C-O stretching,delta(C6-C9-H22),angle,4.556658217184168,+,0.07667801006942254,0.3099086049953738
26,910.4668962946901,,,mixed mixed-phase C-C stretching / C-H bending / mixed-phase C-O stretching,delta(C6-C7-H16),angle,4.3473191207559445,+,0.07329498083410284,0.3235950711183532
26,910.4668962946901,,,mixed mixed-phase C-C stretching / C-H bending / mixed-phase C-O stretching,nu(O3-C4),bond,4.285033027512586,+,0.06770746655673768,0.3737746932579269
26,910.4668962946901,,,mixed mixed-phase C-C stretching / C-H bending / mixed-phase C-O stretching,nu(C6-C9),bond,3.827129164782177,-,-0.0763425348720723,0.2625843359756791
26,910.4668962946901,,,mixed mixed-phase C-C stretching / C-H bending / mixed-phase C-O stretching,nu(C6-C8),bond,3.8151623213985206,-,-0.07621862792291347,0.2626150526130056
26,910.4668962946901,,,mixed mixed-phase C-C stretching / C-H bending / mixed-phase C-O stretching,tau(H12-C1-C2-H13),dihedral,2.838134769771374,+,0.052270388424766355,0.4153846152199703
26,910.4668962946901,,,mixed mixed-phase C-C stretching / C-H bending / mixed-phase C-O stretching,delta(C6-C9-H21),angle,1.6113036621486594,-,-0.045407123525586436,0.312505928233909
26,910.4668962946901,,,mixed mixed-phase C-C stretching / C-H bending / mixed-phase C-O stretching,tau(H11-C1-C2-H14),dihedral,1.4447949492383512,-,-0.052252064413185105,0.21160608660854546
26,910.4668962946901,,,mixed mixed-phase C-C stretching / C-H bending / mixed-phase C-O stretching,tau(C7-C6-C8-H18),dihedral,1.3487604794433383,-,-0.05559896441420035,0.17447382206388093
26,910.4668962946901,,,mixed mixed-phase C-C stretching / C-H bending / mixed-phase C-O stretching,delta(C6-C7-H17),angle,0.9521032520253419,-,-0.034693681807973754,0.3163094116269633
26,910.4668962946901,,,mixed mixed-phase C-C stretching / C-H bending / mixed-phase C-O stretching,tau(C9-C6-C8-H20),dihedral,0.8544057322282704,+,0.04394898863528758,0.1768867206031556
26,910.4668962946901,,,mixed mixed-phase C-C stretching / C-H bending / mixed-phase C-O stretching,delta(C2-C1-H11),angle,0.8259450646342632,+,0.027598039258576002,0.4336342271090426
26,910.4668962946901,,,mixed mixed-phase C-C stretching / C-H bending / mixed-phase C-O stretching,delta(C8-C6-C9),angle,0.7714285644117267,+,0.020972359489192256,0.7013422090875111
26,910.4668962946901,,,mixed mixed-phase C-C stretching / C-H bending / mixed-phase C-O stretching,delta(O3-C4-C6),angle,0.6443199975017575,-,-0.02259843368119635,0.5045146489337415
26,910.4668962946901,,,mixed mixed-phase C-C stretching / C-H bending / mixed-phase C-O stretching,nu(C4-O5),bond,0.6080087369549729,+,0.01713069633414316,0.8284926016642041
26,910.4668962946901,,,mixed mixed-phase C-C stretching / C-H bending / mixed-phase C-O stretching,delta(C2-O3-C4),angle,0.5775868805658851,-,-0.028162723271323388,0.2912036889642517
26,910.4668962946901,,,mixed mixed-phase C-C stretching / C-H bending / mixed-phase C-O stretching,"gamma(H13;C2,O3,H14)",oop,0.5734279797896913,+,0.03129590737183549,0.23411682864784614
26,910.4668962946901,,,mixed mixed-phase C-C stretching / C-H bending / mixed-phase C-O stretching,"gamma(H11;C1,H10,H12)",oop,0.40373395698805736,+,0.021939672847011125,0.3354005971942054
26,910.4668962946901,,,mixed mixed-phase C-C stretching / C-H bending / mixed-phase C-O stretching,delta(C1-C2-H14),angle,0.3680563688630007,-,-0.022285420488953416,0.2963476715215922
26,910.4668962946901,,,mixed mixed-phase C-C stretching / C-H bending / mixed-phase C-O stretching,delta(C6-C8-H18),angle,0.3657649859647682,-,-0.021423082208003884,0.318688996065421
26,910.4668962946901,,,mixed mixed-phase C-C stretching / C-H bending / mixed-phase C-O stretching,delta(C7-C6-C9),angle,0.2265917547487019,+,0.010352176189223882,0.845492268834399
26,910.4668962946901,,,mixed mixed-phase C-C stretching / C-H bending / mixed-phase C-O stretching,delta(H15-C7-H17),angle,0.18858570900726804,-,-0.016593336535949986,0.2738862211420583
26,910.4668962946901,,,mixed mixed-phase C-C stretching / C-H bending / mixed-phase C-O stretching,tau(C8-C6-C7-H17),dihedral,0.18555753207807058,+,0.0537600622581363,0.02567366734023094
26,910.4668962946901,,,mixed mixed-phase C-C stretching / C-H bending / mixed-phase C-O stretching,delta(C4-C6-C8),angle,0.18337923419455374,-,-0.01117277799007337,0.5874307333618307
26,910.4668962946901,,,mixed mixed-phase C-C stretching / C-H bending / mixed-phase C-O stretching,delta(C4-C6-C9),angle,0.1760688171921134,-,-0.011123989501129533,0.5689710296933157
26,910.4668962946901,,,mixed mixed-phase C-C stretching / C-H bending / mixed-phase C-O stretching,delta(C7-C6-C8),angle,0.17541621358470233,+,0.010319022489140323,0.6587512652548063
26,910.4668962946901,,,mixed mixed-phase C-C stretching / C-H bending / mixed-phase C-O stretching,delta(H21-C9-H23),angle,0.17536308511230406,-,-0.01606066789305989,0.2718565628519554
26,910.4668962946901,,,mixed mixed-phase C-C stretching / C-H bending / mixed-phase C-O stretching,tau(H11-C1-C2-H13),dihedral,0.17293242895263364,-,-0.013621517985136677,0.37269560643401184
26,910.4668962946901,,,mixed mixed-phase C-C stretching / C-H bending / mixed-phase C-O stretching,"gamma(H18;C8,H19,H20)",oop,0.052964698883729004,+,0.009639474343884168,0.2279337585365519
26,910.4668962946901,,,mixed mixed-phase C-C stretching / C-H bending / mixed-phase C-O stretching,nu(C6-C7),bond,0.03741942516553103,-,-0.0073899925317168075,0.273992049202674
26,910.4668962946901,,,mixed mixed-phase C-C stretching / C-H bending / mixed-phase C-O stretching,delta(H16-C7-H17),angle,0.02930647857098625,+,0.006413053896433625,0.28494609231836865
26,910.4668962946901,,,mixed mixed-phase C-C stretching / C-H bending / mixed-phase C-O stretching,delta(H15-C7-H16),angle,0.027547315540798763,+,0.006394505193923312,0.26939792272256335
26,910.4668962946901,,,mixed mixed-phase C-C stretching / C-H bending / mixed-phase C-O stretching,delta(H22-C9-H23),angle,0.016856032474564235,+,0.005022523348156558,0.2672023531774869
26,910.4668962946901,,,mixed mixed-phase C-C stretching / C-H bending / mixed-phase C-O stretching,nu(C2-H13),bond,0.010900893762877275,+,0.00360903559892212,0.33466371155807756
26,910.4668962946901,,,mixed mixed-phase C-C stretching / C-H bending / mixed-phase C-O stretching,nu(C2-H14),bond,0.010889339361552059,+,0.0036070531536776433,0.33467655984368183
26,910.4668962946901,,,mixed mixed-phase C-C stretching / C-H bending / mixed-phase C-O stretching,tau(C4-C6-C9-H22),dihedral,0.010394891937438802,-,-0.012656795537552272,0.02594784517579504
26,910.4668962946901,,,mixed mixed-phase C-C stretching / C-H bending / mixed-phase C-O stretching,delta(C1-C2-O3),angle,0.002807948658180965,+,0.0016254003345366477,0.4250082114162513
26,910.4668962946901,,,mixed mixed-phase C-C stretching / C-H bending / mixed-phase C-O stretching,delta(H21-C9-H22),angle,0.0028076779271453117,+,0.0020076539473727465,0.2785469590691626
26,910.4668962946901,,,mixed mixed-phase C-C stretching / C-H bending / mixed-phase C-O stretching,delta(H19-C8-H20),angle,0.0026377277954918016,+,0.0020284847699901676,0.25633937495241976
26,910.4668962946901,,,mixed mixed-phase C-C stretching / C-H bending / mixed-phase C-O stretching,nu(C1-H12),bond,0.0011983710488586586,-,-0.0011902548108239767,0.3382519160366286
26,910.4668962946901,,,mixed mixed-phase C-C stretching / C-H bending / mixed-phase C-O stretching,nu(C1-H11),bond,0.00119639286596215,-,-0.001189265623685315,0.33825555025336085
26,910.4668962946901,,,mixed mixed-phase C-C stretching / C-H bending / mixed-phase C-O stretching,nu(C9-H23),bond,0.00073240933890753,+,0.0009263604862113115,0.34128930359837056
26,910.4668962946901,,,mixed mixed-phase C-C stretching / C-H bending / mixed-phase C-O stretching,nu(C8-H18),bond,0.0007310365013606363,+,0.0009254633885465764,0.3413103237507323
26,910.4668962946901,,,mixed mixed-phase C-C stretching / C-H bending / mixed-phase C-O stretching,nu(C9-H21),bond,0.0003647981217302746,+,0.0006603537857088136,0.3345246288966813
26,910.4668962946901,,,mixed mixed-phase C-C stretching / C-H bending / mixed-phase C-O stretching,nu(C8-H20),bond,0.0003630475927004152,+,0.0006587634667268817,0.3345287105692625
26,910.4668962946901,,,mixed mixed-phase C-C stretching / C-H bending / mixed-phase C-O stretching,nu(C7-H17),bond,0.00023748037374802532,+,0.0005288048639810139,0.339598442129758
26,910.4668962946901,,,mixed mixed-phase C-C stretching / C-H bending / mixed-phase C-O stretching,nu(C7-H15),bond,0.00023630624735354177,+,0.0005275084318558446,0.3395824516930801
26,910.4668962946901,,,mixed mixed-phase C-C stretching / C-H bending / mixed-phase C-O stretching,nu(C7-H16),bond,0.00014408079142429824,-,-0.00041460240064633097,0.33517476100026466
26,910.4668962946901,,,mixed mixed-phase C-C stretching / C-H bending / mixed-phase C-O stretching,delta(H10-C1-H12),angle,0.00010224961079483918,+,0.0003017940457147235,0.44892023061146324
26,910.4668962946901,,,mixed mixed-phase C-C stretching / C-H bending / mixed-phase C-O stretching,nu(C8-H19),bond,1.7069628050777057e-05,+,0.00014285941791208196,0.3344530442205115
26,910.4668962946901,,,mixed mixed-phase C-C stretching / C-H bending / mixed-phase C-O stretching,nu(C9-H22),bond,1.595303618430593e-05,+,0.00013811006257259426,0.33444257153457424
26,910.4668962946901,,,mixed mixed-phase C-C stretching / C-H bending / mixed-phase C-O stretching,nu(C1-H10),bond,1.199319391335891e-05,-,-0.00011929727604841033,0.33697885380249765
26,910.4668962946901,,,mixed mixed-phase C-C stretching / C-H bending / mixed-phase C-O stretching,"gamma(O3;C4,O5,C6)",oop,1.0752455533752261e-06,+,5.952915759655965e-05,0.12133246739127751
26,910.4668962946901,,,mixed mixed-phase C-C stretching / C-H bending / mixed-phase C-O stretching,tau(H10-C1-C2-O3),dihedral,2.863199269833164e-07,+,2.0996177134107414e-05,0.25971675406989986
26,910.4668962946901,,,mixed mixed-phase C-C stretching / C-H bending / mixed-phase C-O stretching,tau(C2-O3-C4-C6),dihedral,5.946833415583217e-08,+,2.400387471197611e-05,0.041271658217058235
26,910.4668962946901,,,mixed mixed-phase C-C stretching / C-H bending / mixed-phase C-O stretching,tau(C1-C2-O3-C4),dihedral,6.143243788166305e-09,+,1.6633711454848574e-05,0.008878677288367255
26,910.4668962946901,,,mixed mixed-phase C-C stretching / C-H bending / mixed-phase C-O stretching,tau(O3-C4-C6-C7),dihedral,3.0399914529822115e-10,-,-2.963688679100093e-06,0.013839998659108788
27,941.113074395142,,,mixed C-H bending / opposite-phase C-C stretching,nu(C6-C9),bond,19.984703113939904,-,-0.18509932733267898,0.2625843359756791
27,941.113074395142,,,mixed C-H bending / opposite-phase C-C stretching,nu(C6-C8),bond,19.876211453658637,+,0.1845854200590992,0.2626150526130056
27,941.113074395142,,,mixed C-H bending / opposite-phase C-C stretching,delta(C6-C7-H17),angle,13.564965654375303,+,0.1389452453011361,0.3163094116269633
27,941.113074395142,,,mixed C-H bending / opposite-phase C-C stretching,delta(C6-C8-H19),angle,12.41199938817506,+,0.12004797104660597,0.38771525788471284
27,941.113074395142,,,mixed C-H bending / opposite-phase C-C stretching,delta(C6-C9-H21),angle,10.32959231890394,+,0.12198399663390003,0.312505928233909
27,941.113074395142,,,mixed C-H bending / opposite-phase C-C stretching,delta(C6-C9-H22),angle,10.028672680525075,-,-0.12069667568889543,0.3099086049953738
27,941.113074395142,,,mixed C-H bending / opposite-phase C-C stretching,tau(C7-C6-C8-H18),dihedral,2.990853353371021,-,-0.08784616767327683,0.17447382206388093
27,941.113074395142,,,mixed C-H bending / opposite-phase C-C stretching,delta(C4-C6-C8),angle,1.893499889585112,-,-0.038092958858242376,0.5874307333618307
27,941.113074395142,,,mixed C-H bending / opposite-phase C-C stretching,delta(C4-C6-C9),angle,1.8452247230073935,+,0.03820937669615212,0.5689710296933157
27,941.113074395142,,,mixed C-H bending / opposite-phase C-C stretching,"gamma(O3;C4,O5,C6)",oop,1.3840335432989914,+,0.07165973386616088,0.12133246739127751
27,941.113074395142,,,mixed C-H bending / opposite-phase C-C stretching,delta(C7-C6-C9),angle,1.142544270651539,+,0.024664487502645688,0.845492268834399
27,941.113074395142,,,mixed C-H bending / opposite-phase C-C stretching,delta(C7-C6-C8),angle,0.8969509261639832,-,-0.024757911597955984,0.6587512652548063
27,941.113074395142,,,mixed C-H bending / opposite-phase C-C stretching,tau(C9-C6-C8-H20),dihedral,0.7893182845860838,+,0.044819691637686794,0.1768867206031556
27,941.113074395142,,,mixed C-H bending / opposite-phase C-C stretching,delta(H16-C7-H17),angle,0.6276041141501317,+,0.03148849731901644,0.28494609231836865
27,941.113074395142,,,mixed C-H bending / opposite-phase C-C stretching,delta(H15-C7-H16),angle,0.5904424857322489,-,-0.031411022680355,0.26939792272256335
27,941.113074395142,,,mixed C-H bending / opposite-phase C-C stretching,delta(H22-C9-H23),angle,0.5037103450756191,-,-0.029131355539075154,0.2672023531774869
27,941.113074395142,,,mixed C-H bending / opposite-phase C-C stretching,delta(H21-C9-H23),angle,0.5031540571869548,+,0.028864961088460466,0.2718565628519554
27,941.113074395142,,,mixed C-H bending / opposite-phase C-C stretching,tau(C4-C6-C9-H22),dihedral,0.266622063125929,+,0.06801235157069897,0.02594784517579504
27,941.113074395142,,,mixed C-H bending / opposite-phase C-C stretching,tau(C2-O3-C4-C6),dihedral,0.20797350952850827,+,0.047628669402992936,0.041271658217058235
27,941.113074395142,,,mixed C-H bending / opposite-phase C-C stretching,tau(C8-C6-C7-H17),dihedral,0.1299301664049538,+,0.04773109968370331,0.02567366734023094
27,941.113074395142,,,mixed C-H bending / opposite-phase C-C stretching,delta(C6-C8-H18),angle,0.014491203745322142,+,0.004524380219873927,0.318688996065421
27,941.113074395142,,,mixed C-H bending / opposite-phase C-C stretching,tau(H10-C1-C2-O3),dihedral,0.002956157630194749,+,0.002263623576179341,0.25971675406989986
27,941.113074395142,,,mixed C-H bending / opposite-phase C-C stretching,tau(C1-C2-O3-C4),dihedral,0.0026386954974875,+,0.01156673804811089,0.008878677288367255
27,941.113074395142,,,mixed C-H bending / opposite-phase C-C stretching,nu(C9-H21),bond,0.0020799583077047764,-,-0.0016730297504107324,0.3345246288966813
27,941.113074395142,,,mixed C-H bending / opposite-phase C-C stretching,nu(C8-H20),bond,0.0020723023653462704,+,0.0016699376673075174,0.3345287105692625
27,941.113074395142,,,mixed C-H bending / opposite-phase C-C stretching,delta(C2-C1-H11),angle,0.0013473147387289728,-,-0.0011826688305300523,0.4336342271090426
27,941.113074395142,,,mixed C-H bending / opposite-phase C-C stretching,nu(C9-H23),bond,0.0010547965947816083,-,-0.001179542025125302,0.34128930359837056
27,941.113074395142,,,mixed C-H bending / opposite-phase C-C stretching,nu(C8-H18),bond,0.0010428411805745651,+,0.0011728021992101778,0.3413103237507323
27,941.113074395142,,,mixed C-H bending / opposite-phase C-C stretching,tau(O3-C4-C6-C7),dihedral,0.0007652976579688972,+,0.004989276421289057,0.013839998659108788
27,941.113074395142,,,mixed C-H bending / opposite-phase C-C stretching,nu(C9-H22),bond,0.0005730921185966013,+,0.000878297888474763,0.33444257153457424
27,941.113074395142,,,mixed C-H bending / opposite-phase C-C stretching,nu(C8-H19),bond,0.0005679313808310029,-,-0.0008743206869205436,0.3344530442205115
27,941.113074395142,,,mixed C-H bending / opposite-phase C-C stretching,delta(H19-C8-H20),angle,0.0004967947264193883,-,-0.0009340523679474918,0.25633937495241976
27,941.113074395142,,,mixed C-H bending / opposite-phase C-C stretching,nu(C7-H15),bond,0.00034664077951750746,+,0.0006778874665653681,0.3395824516930801
27,941.113074395142,,,mixed C-H bending / opposite-phase C-C stretching,nu(C7-H17),bond,0.0003365018727659315,-,-0.0006678843942648546,0.339598442129758
27,941.113074395142,,,mixed C-H bending / opposite-phase C-C stretching,delta(H21-C9-H22),angle,0.0003002292728113566,+,0.0006965747121142787,0.2785469590691626
27,941.113074395142,,,mixed C-H bending / opposite-phase C-C stretching,delta(C1-C2-H14),angle,0.000287908023903488,+,0.0006613274088196629,0.2963476715215922
27,941.113074395142,,,mixed C-H bending / opposite-phase C-C stretching,nu(C6-C7),bond,0.00024948735605572625,+,0.0006402442515043246,0.273992049202674
27,941.113074395142,,,mixed C-H bending / opposite-phase C-C stretching,delta(C6-C7-H16),angle,0.00013615179401395432,+,0.00043521227188942594,0.3235950711183532
27,941.113074395142,,,mixed C-H bending / opposite-phase C-C stretching,"gamma(H13;C2,O3,H14)",oop,7.056146920681318e-05,-,-0.00036834763769649163,0.23411682864784614
27,941.113074395142,,,mixed C-H bending / opposite-phase C-C stretching,delta(H10-C1-H12),angle,7.047692935240987e-05,+,0.00026584548936257044,0.44892023061146324
27,941.113074395142,,,mixed C-H bending / opposite-phase C-C stretching,"gamma(H11;C1,H10,H12)",oop,1.8243071281606253e-05,-,-0.0001564795035180253,0.3354005971942054
27,941.113074395142,,,mixed C-H bending / opposite-phase C-C stretching,nu(C2-H14),bond,1.229818206629886e-05,-,-0.00012861695063908334,0.33467655984368183
27,941.113074395142,,,mixed C-H bending / opposite-phase C-C stretching,nu(C2-H13),bond,1.168873373914696e-05,+,0.00012539199700182502,0.33466371155807756
27,941.113074395142,,,mixed C-H bending / opposite-phase C-C stretching,delta(H15-C7-H17),angle,1.0555401800216422e-05,-,-0.00013171726082758541,0.2738862211420583
27,941.113074395142,,,mixed C-H bending / opposite-phase C-C stretching,delta(C8-C6-C9),angle,1.0547708645097464e-05,+,8.228193034433101e-05,0.7013422090875111
27,941.113074395142,,,mixed C-H bending / opposite-phase C-C stretching,delta(O3-C4-C6),angle,8.320358920090155e-06,-,-8.616373927246938e-05,0.5045146489337415
27,941.113074395142,,,mixed C-H bending / opposite-phase C-C stretching,nu(C1-C2),bond,7.104189049844785e-06,+,0.00010412422215841712,0.2949794525157423
27,941.113074395142,,,mixed C-H bending / opposite-phase C-C stretching,delta(C2-C1-H10),angle,5.7886756868261835e-06,+,8.31089537922028e-05,0.3772805214315562
27,941.113074395142,,,mixed C-H bending / opposite-phase C-C stretching,nu(C4-C6),bond,5.678866208918035e-06,-,-0.00010038444024339172,0.2536936689040973
27,941.113074395142,,,mixed C-H bending / opposite-phase C-C stretching,tau(H11-C1-C2-H14),dihedral,4.390245952012973e-06,+,9.66430762511936e-05,0.21160608660854546
27,941.113074395142,,,mixed C-H bending / opposite-phase C-C stretching,"gamma(H18;C8,H19,H20)",oop,4.379866820260874e-06,-,-9.300719020120853e-05,0.2279337585365519
27,941.113074395142,,,mixed C-H bending / opposite-phase C-C stretching,tau(H11-C1-C2-H13),dihedral,4.169128815001821e-06,+,7.096364557514075e-05,0.37269560643401184
27,941.113074395142,,,mixed C-H bending / opposite-phase C-C stretching,nu(C2-O3),bond,3.022512783980124e-06,+,6.845849140894458e-05,0.29033159021092214
27,941.113074395142,,,mixed C-H bending / opposite-phase C-C stretching,delta(O3-C4-O5),angle,1.8255572242984478e-06,-,-3.697986436935992e-05,0.6009600723599223
27,941.113074395142,,,mixed C-H bending / opposite-phase C-C stretching,nu(O3-C4),bond,9.280077810579724e-07,-,-3.343191544264005e-05,0.3737746932579269
27,941.113074395142,,,mixed C-H bending / opposite-phase C-C stretching,nu(C4-O5),bond,2.0061912208982639e-07,-,-1.0440763135853355e-05,0.8284926016642041
27,941.113074395142,,,mixed C-H bending / opposite-phase C-C stretching,nu(C1-H11),bond,9.912687689263986e-08,+,1.1485863315073803e-05,0.33825555025336085
27,941.113074395142,,,mixed C-H bending / opposite-phase C-C stretching,nu(C1-H12),bond,5.173633685699165e-08,-,-8.297898207104201e-06,0.3382519160366286
27,941.113074395142,,,mixed C-H bending / opposite-phase C-C stretching,nu(C7-H16),bond,8.326249321339278e-09,-,-3.344101488777329e-06,0.33517476100026466
27,941.113074395142,,,mixed C-H bending / opposite-phase C-C stretching,tau(H12-C1-C2-H13),dihedral,6.6661600844952824e-09,-,-2.687837838390852e-06,0.4153846152199703
27,941.113074395142,,,mixed C-H bending / opposite-phase C-C stretching,delta(C2-O3-C4),angle,5.3829817363622585e-09,+,2.8847183341392174e-06,0.2912036889642517
27,941.113074395142,,,mixed C-H bending / opposite-phase C-C stretching,delta(C1-C2-O3),angle,2.1126900207664355e-09,+,1.495924337064838e-06,0.4250082114162513
27,941.113074395142,,,mixed C-H bending / opposite-phase C-C stretching,nu(C1-H10),bond,6.348666048689471e-10,-,-9.209378336518838e-07,0.33697885380249765
28,948.9832394425539,,,mixed C-H bending / mixed-phase C-C stretching,nu(C6-C7),bond,23.2673683951339,+,0.19846356537054236,0.273992049202674
28,948.9832394425539,,,mixed C-H bending / mixed-phase C-C stretching,delta(C6-C8-H18),angle,18.253361531039328,+,0.1629911522948543,0.318688996065421
28,948.9832394425539,,,mixed C-H bending / mixed-phase C-C stretching,delta(C6-C7-H16),angle,16.1463410949593,+,0.15212908344833867,0.3235950711183532
28,948.9832394425539,,,mixed C-H bending / mixed-phase C-C stretching,delta(C6-C8-H19),angle,7.204608461740209,-,-0.09283780892722823,0.38771525788471284
28,948.9832394425539,,,mixed C-H bending / mixed-phase C-C stretching,delta(C6-C9-H22),angle,5.655876436312426,-,-0.09200454357569941,0.3099086049953738
28,948.9832394425539,,,mixed C-H bending / mixed-phase C-C stretching,nu(C6-C8),bond,4.515532055566439,-,-0.08930397567232173,0.2626150526130056
28,948.9832394425539,,,mixed C-H bending / mixed-phase C-C stretching,nu(C6-C9),bond,4.406539919931148,-,-0.08822477978914307,0.2625843359756791
28,948.9832394425539,,,mixed C-H bending / mixed-phase C-C stretching,delta(C6-C9-H21),angle,3.6981445056658298,-,-0.07408647722612112,0.312505928233909
28,948.9832394425539,,,mixed C-H bending / mixed-phase C-C stretching,delta(C6-C7-H17),angle,3.511561603969696,-,-0.07175798334938116,0.3163094116269633
28,948.9832394425539,,,mixed C-H bending / mixed-phase C-C stretching,tau(C9-C6-C8-H20),dihedral,2.686357605432179,-,-0.08392868790450325,0.1768867206031556
28,948.9832394425539,,,mixed C-H bending / mixed-phase C-C stretching,delta(O3-C4-C6),angle,1.7191348400421584,-,-0.0397552250987719,0.5045146489337415
28,948.9832394425539,,,mixed C-H bending / mixed-phase C-C stretching,delta(H15-C7-H17),angle,1.1023816210154913,-,-0.04320728985007389,0.2738862211420583
28,948.9832394425539,,,mixed C-H bending / mixed-phase C-C stretching,delta(H21-C9-H22),angle,0.8691107052874122,-,-0.03804209933105713,0.2785469590691626
28,948.9832394425539,,,mixed C-H bending / mixed-phase C-C stretching,delta(H19-C8-H20),angle,0.8008004949847247,-,-0.03806542142475649,0.25633937495241976
28,948.9832394425539,,,mixed C-H bending / mixed-phase C-C stretching,delta(C8-C6-C9),angle,0.7851926735907332,+,0.022787635662013694,0.7013422090875111
28,948.9832394425539,,,mixed C-H bending / mixed-phase C-C stretching,tau(C4-C6-C9-H22),dihedral,0.6938972774684055,-,-0.11137124615620592,0.02594784517579504
28,948.9832394425539,,,mixed C-H bending / mixed-phase C-C stretching,delta(C2-C1-H10),angle,0.69185731529562,+,0.029164344062435548,0.3772805214315562
28,948.9832394425539,,,mixed C-H bending / mixed-phase C-C stretching,nu(C1-C2),bond,0.44531549129373066,+,0.026461481496753533,0.2949794525157423
28,948.9832394425539,,,mixed C-H bending / mixed-phase C-C stretching,tau(C8-C6-C7-H17),dihedral,0.3714774182359553,+,0.08192159337793609,0.02567366734023094
28,948.9832394425539,,,mixed C-H bending / mixed-phase C-C stretching,delta(C4-C6-C8),angle,0.32179401194365065,+,0.01593994370678285,0.5874307333618307
28,948.9832394425539,,,mixed C-H bending / mixed-phase C-C stretching,delta(H21-C9-H23),angle,0.3168363414986808,+,0.02325004085581255,0.2718565628519554
28,948.9832394425539,,,mixed C-H bending / mixed-phase C-C stretching,delta(C4-C6-C9),angle,0.30490131022015643,+,0.015765607298390556,0.5689710296933157
28,948.9832394425539,,,mixed C-H bending / mixed-phase C-C stretching,tau(H12-C1-C2-H13),dihedral,0.27559701077208026,-,-0.017542366655077697,0.4153846152199703
28,948.9832394425539,,,mixed C-H bending / mixed-phase C-C stretching,delta(C7-C6-C9),angle,0.2689586587726324,-,-0.012146861541364205,0.845492268834399
28,948.9832394425539,,,mixed C-H bending / mixed-phase C-C stretching,delta(C7-C6-C8),angle,0.20510385113651164,-,-0.012017172979785237,0.6587512652548063
28,948.9832394425539,,,mixed C-H bending / mixed-phase C-C stretching,"gamma(H18;C8,H19,H20)",oop,0.1916026161342133,-,-0.019745699693301703,0.2279337585365519
28,948.9832394425539,,,mixed C-H bending / mixed-phase C-C stretching,delta(H16-C7-H17),angle,0.1748845740404383,+,0.016872154177253015,0.28494609231836865
28,948.9832394425539,,,mixed C-H bending / mixed-phase C-C stretching,delta(H15-C7-H16),angle,0.16923909176631882,+,0.01706983636854216,0.26939792272256335
28,948.9832394425539,,,mixed C-H bending / mixed-phase C-C stretching,tau(H11-C1-C2-H14),dihedral,0.14032917113792728,+,0.017538241200454805,0.21160608660854546
28,948.9832394425539,,,mixed C-H bending / mixed-phase C-C stretching,nu(C2-O3),bond,0.1380969846490822,+,0.014853236215340236,0.29033159021092214
28,948.9832394425539,,,mixed C-H bending / mixed-phase C-C stretching,delta(C2-C1-H11),angle,0.1327674111591381,-,-0.011916812406104546,0.4336342271090426
28,948.9832394425539,,,mixed C-H bending / mixed-phase C-C stretching,delta(H22-C9-H23),angle,0.12725094993288028,+,0.014862316773517839,0.2672023531774869
28,948.9832394425539,,,mixed C-H bending / mixed-phase C-C stretching,nu(C4-C6),bond,0.0935082401864046,-,-0.013075137466047585,0.2536936689040973
28,948.9832394425539,,,mixed C-H bending / mixed-phase C-C stretching,tau(C7-C6-C8-H18),dihedral,0.09168571830432293,+,0.01561211870513376,0.17447382206388093
28,948.9832394425539,,,mixed C-H bending / mixed-phase C-C stretching,tau(H11-C1-C2-H13),dihedral,0.07050303677846141,+,0.00936705157939483,0.37269560643401184
28,948.9832394425539,,,mixed C-H bending / mixed-phase C-C stretching,"gamma(H13;C2,O3,H14)",oop,0.04233364609571787,-,-0.00915804255957207,0.23411682864784614
28,948.9832394425539,,,mixed C-H bending / mixed-phase C-C stretching,delta(O3-C4-O5),angle,0.029628024159364216,-,-0.0047819460500557924,0.6009600723599223
28,948.9832394425539,,,mixed C-H bending / mixed-phase C-C stretching,delta(C1-C2-H14),angle,0.024608430048231867,+,0.006206079442454226,0.2963476715215922
28,948.9832394425539,,,mixed C-H bending / mixed-phase C-C stretching,"gamma(H11;C1,H10,H12)",oop,0.023975453688790095,-,-0.005758079245859886,0.3354005971942054
28,948.9832394425539,,,mixed C-H bending / mixed-phase C-C stretching,delta(C2-O3-C4),angle,0.014194283786130595,-,-0.004754823955343311,0.2912036889642517
28,948.9832394425539,,,mixed C-H bending / mixed-phase C-C stretching,nu(O3-C4),bond,0.0033043693123606657,-,-0.002024955480666369,0.3737746932579269
28,948.9832394425539,,,mixed C-H bending / mixed-phase C-C stretching,delta(H10-C1-H12),angle,0.0027933153633156434,+,0.0016988363015866992,0.44892023061146324
28,948.9832394425539,,,mixed C-H bending / mixed-phase C-C stretching,nu(C7-H17),bond,0.002410935764649317,+,0.0018146217474415821,0.339598442129758
28,948.9832394425539,,,mixed C-H bending / mixed-phase C-C stretching,nu(C7-H15),bond,0.002389705216648081,+,0.001806656892999467,0.3395824516930801
28,948.9832394425539,,,mixed C-H bending / mixed-phase C-C stretching,nu(C7-H16),bond,0.0020324212334747725,-,-0.0016770551470908113,0.33517476100026466
28,948.9832394425539,,,mixed C-H bending / mixed-phase C-C stretching,nu(C9-H23),bond,0.0009577198816272766,-,-0.0011408644547922782,0.34128930359837056
28,948.9832394425539,,,mixed C-H bending / mixed-phase C-C stretching,nu(C8-H18),bond,0.0009418088786329928,-,-0.0011313130948801347,0.3413103237507323
28,948.9832394425539,,,mixed C-H bending / mixed-phase C-C stretching,nu(C8-H19),bond,0.0007982524822390917,+,0.001052152517120489,0.3344530442205115
28,948.9832394425539,,,mixed C-H bending / mixed-phase C-C stretching,nu(C9-H22),bond,0.0007823687044481402,+,0.0010416482635703151,0.33444257153457424
28,948.9832394425539,,,mixed C-H bending / mixed-phase C-C stretching,nu(C1-H10),bond,0.0002264945800833184,-,-0.0005583463982132209,0.33697885380249765
28,948.9832394425539,,,mixed C-H bending / mixed-phase C-C stretching,nu(C1-H11),bond,0.00018489117943765537,+,0.0005035142511074157,0.33825555025336085
28,948.9832394425539,,,mixed C-H bending / mixed-phase C-C stretching,nu(C1-H12),bond,0.0001847418500939252,+,0.0005033135794995399,0.3382519160366286
28,948.9832394425539,,,mixed C-H bending / mixed-phase C-C stretching,delta(C1-C2-O3),angle,0.00015581272715482127,-,-0.0004123622876898607,0.4250082114162513
28,948.9832394425539,,,mixed C-H bending / mixed-phase C-C stretching,nu(C2-H13),bond,7.38014593625241e-05,-,-0.0003198190283806398,0.33466371155807756
28,948.9832394425539,,,mixed C-H bending / mixed-phase C-C stretching,nu(C2-H14),bond,7.376248398302556e-05,-,-0.0003197284298286897,0.33467655984368183
28,948.9832394425539,,,mixed C-H bending / mixed-phase C-C stretching,nu(C4-O5),bond,2.681528758301266e-05,-,-0.000122524530916664,0.8284926016642041
28,948.9832394425539,,,mixed C-H bending / mixed-phase C-C stretching,"gamma(O3;C4,O5,C6)",oop,3.57612202976131e-06,-,-0.00011692134069548021,0.12133246739127751
28,948.9832394425539,,,mixed C-H bending / mixed-phase C-C stretching,tau(C2-O3-C4-C6),dihedral,7.931800622891556e-07,-,-9.441392914135399e-05,0.041271658217058235
28,948.9832394425539,,,mixed C-H bending / mixed-phase C-C stretching,nu(C8-H20),bond,9.682649821026278e-08,-,-1.1586614316038879e-05,0.3345287105692625
28,948.9832394425539,,,mixed C-H bending / mixed-phase C-C stretching,tau(O3-C4-C6-C7),dihedral,4.540990103129961e-08,-,-3.901066826495282e-05,0.013839998659108788
28,948.9832394425539,,,mixed C-H bending / mixed-phase C-C stretching,tau(C1-C2-O3-C4),dihedral,3.330212587018533e-09,-,-1.3189792998724077e-05,0.008878677288367255
28,948.9832394425539,,,mixed C-H bending / mixed-phase C-C stretching,tau(H10-C1-C2-O3),dihedral,3.0400977395306397e-09,-,-2.3300751399269726e-06,0.25971675406989986
28,948.9832394425539,,,mixed C-H bending / mixed-phase C-C stretching,nu(C9-H21),bond,2.5102492343782188e-09,+,1.8656084886719848e-06,0.3345246288966813
29,974.4353426099907,,,C-H bending,delta(C6-C8-H18),angle,30.26962926286025,-,-0.20048579160673405,0.318688996065421
29,974.4353426099907,,,C-H bending,delta(C6-C9-H21),angle,29.270914366627128,-,-0.19909144432035042,0.312505928233909
29,974.4353426099907,,,C-H bending,delta(C6-C7-H17),angle,27.200172893238488,+,0.19076265486201166,0.3163094116269633
29,974.4353426099907,,,C-H bending,tau(C9-C6-C8-H20),dihedral,2.150961593796902,+,0.07173519704650767,0.1768867206031556
29,974.4353426099907,,,C-H bending,tau(C7-C6-C8-H18),dihedral,1.9961686993592003,+,0.06958202539428755,0.17447382206388093
29,974.4353426099907,,,C-H bending,delta(H21-C9-H22),angle,1.6729138000026467,-,-0.05041399963057337,0.2785469590691626
29,974.4353426099907,,,C-H bending,delta(H16-C7-H17),angle,1.564724892082041,+,0.048206014357765926,0.28494609231836865
29,974.4353426099907,,,C-H bending,delta(H19-C8-H20),angle,1.5426432172152553,+,0.05046481311505024,0.25633937495241976
29,974.4353426099907,,,C-H bending,delta(H15-C7-H16),angle,1.480682728695515,-,-0.048227801728407294,0.26939792272256335
29,974.4353426099907,,,C-H bending,delta(H22-C9-H23),angle,1.3649661002243305,+,0.04649479918585414,0.2672023531774869
29,974.4353426099907,,,C-H bending,tau(C4-C6-C9-H22),dihedral,0.8190692656023203,-,-0.11557748738289382,0.02594784517579504
29,974.4353426099907,,,C-H bending,tau(C8-C6-C7-H17),dihedral,0.30132018147589845,+,0.07047478151292723,0.02567366734023094
29,974.4353426099907,,,C-H bending,"gamma(H18;C8,H19,H20)",oop,0.29863545641471995,+,0.02354669408481472,0.2279337585365519
29,974.4353426099907,,,C-H bending,tau(O3-C4-C6-C7),dihedral,0.0198342585844974,-,-0.024626548278501057,0.013839998659108788
29,974.4353426099907,,,C-H bending,nu(C6-C9),bond,0.007638303776118173,+,0.003508549743508779,0.2625843359756791
29,974.4353426099907,,,C-H bending,nu(C6-C8),bond,0.007562426810672993,-,-0.003490875557355483,0.2626150526130056
29,974.4353426099907,,,C-H bending,nu(C8-H20),bond,0.006278559003167979,-,-0.0028182328606517447,0.3345287105692625
29,974.4353426099907,,,C-H bending,nu(C9-H21),bond,0.006259932441507786,+,0.002814066506288354,0.3345246288966813
29,974.4353426099907,,,C-H bending,nu(C7-H15),bond,0.004322839788502579,+,0.0023210020986190807,0.3395824516930801
29,974.4353426099907,,,C-H bending,nu(C7-H17),bond,0.004316944760546438,-,-0.002319364384049888,0.339598442129758
29,974.4353426099907,,,C-H bending,nu(C8-H18),bond,0.002355854857742528,+,0.001709082926400812,0.3413103237507323
29,974.4353426099907,,,C-H bending,nu(C9-H23),bond,0.00235330323766959,-,-0.00170820972633377,0.34128930359837056
29,974.4353426099907,,,C-H bending,delta(H21-C9-H23),angle,0.0009048185798768496,+,0.001186791499363827,0.2718565628519554
29,974.4353426099907,,,C-H bending,"gamma(O3;C4,O5,C6)",oop,0.0008204654319080574,-,-0.0016916293518071453,0.12133246739127751
29,974.4353426099907,,,C-H bending,delta(C6-C8-H19),angle,0.0006864855521547373,+,0.0008656111408668902,0.38771525788471284
29,974.4353426099907,,,C-H bending,tau(H12-C1-C2-H13),dihedral,0.0006482295028638176,-,-0.0008126485704624367,0.4153846152199703
29,974.4353426099907,,,C-H bending,tau(H11-C1-C2-H13),dihedral,0.0005354870198553904,-,-0.0007797599411838579,0.37269560643401184
29,974.4353426099907,,,C-H bending,delta(C2-C1-H11),angle,0.0004946833331122367,+,0.0006948090153686338,0.4336342271090426
29,974.4353426099907,,,C-H bending,delta(C6-C9-H22),angle,0.0004502865457459474,-,-0.0007841357429906902,0.3099086049953738
29,974.4353426099907,,,C-H bending,delta(C4-C6-C8),angle,0.0004136067716459633,+,0.0005458572348790368,0.5874307333618307
29,974.4353426099907,,,C-H bending,delta(C4-C6-C9),angle,0.00037169238192385806,-,-0.0005257875953963974,0.5689710296933157
29,974.4353426099907,,,C-H bending,tau(H11-C1-C2-H14),dihedral,0.0002975666570926379,-,-0.0007714213211644084,0.21160608660854546
29,974.4353426099907,,,C-H bending,"gamma(H13;C2,O3,H14)",oop,0.00017305021151351827,-,-0.0005592852086809481,0.23411682864784614
29,974.4353426099907,,,C-H bending,delta(C1-C2-H14),angle,0.0001495711859337516,-,-0.000462154080341139,0.2963476715215922
29,974.4353426099907,,,C-H bending,tau(H10-C1-C2-O3),dihedral,8.674915992222076e-05,-,-0.00037596398002171704,0.25971675406989986
29,974.4353426099907,,,C-H bending,delta(C7-C6-C9),angle,5.394602455858826e-05,+,0.00016431926561923894,0.845492268834399
29,974.4353426099907,,,C-H bending,tau(C2-O3-C4-C6),dihedral,4.9584591163133316e-05,-,-0.0007130352361786273,0.041271658217058235
29,974.4353426099907,,,C-H bending,delta(C7-C6-C8),angle,4.371536815013438e-05,-,-0.00016757912625049658,0.6587512652548063
29,974.4353426099907,,,C-H bending,nu(C8-H19),bond,3.563039820315282e-05,-,-0.00021232754785558056,0.3344530442205115
29,974.4353426099907,,,C-H bending,nu(C9-H22),bond,3.5325197854875534e-05,+,0.00021141953206207164,0.33444257153457424
29,974.4353426099907,,,C-H bending,delta(H10-C1-H12),angle,8.983423972006613e-06,-,-9.202375328808182e-05,0.44892023061146324
29,974.4353426099907,,,C-H bending,tau(C1-C2-O3-C4),dihedral,8.100795669200613e-06,-,-0.0006213742990074329,0.008878677288367255
29,974.4353426099907,,,C-H bending,delta(C6-C7-H16),angle,2.982880391832498e-06,-,-6.245691853671454e-05,0.3235950711183532
29,974.4353426099907,,,C-H bending,"gamma(H11;C1,H10,H12)",oop,1.3679440868307554e-06,+,4.1544720379069406e-05,0.3354005971942054
29,974.4353426099907,,,C-H bending,delta(C2-C1-H10),angle,1.0587729070134013e-06,+,3.446139079693647e-05,0.3772805214315562
29,974.4353426099907,,,C-H bending,nu(C1-C2),bond,6.910759580012515e-07,+,3.148694984817354e-05,0.2949794525157423
29,974.4353426099907,,,C-H bending,nu(C2-H13),bond,2.7649655223148654e-07,-,-1.8698386448113316e-05,0.33466371155807756
29,974.4353426099907,,,C-H bending,nu(C2-H14),bond,2.689201209472177e-07,+,1.8440070777684772e-05,0.33467655984368183
29,974.4353426099907,,,C-H bending,nu(C6-C7),bond,9.561246110788067e-08,+,1.2152114452297977e-05,0.273992049202674
29,974.4353426099907,,,C-H bending,delta(H15-C7-H17),angle,8.742197053264937e-08,+,1.1622211823788156e-05,0.2738862211420583
29,974.4353426099907,,,C-H bending,delta(O3-C4-C6),angle,7.490648105796152e-08,-,-7.926589909238886e-06,0.5045146489337415
29,974.4353426099907,,,C-H bending,nu(C4-C6),bond,6.537779945636378e-08,-,-1.044296728527309e-05,0.2536936689040973
29,974.4353426099907,,,C-H bending,nu(C1-H12),bond,6.39164524137184e-08,+,8.94231123240285e-06,0.3382519160366286
29,974.4353426099907,,,C-H bending,nu(C1-H11),bond,4.712011916286642e-08,-,-7.677932807503357e-06,0.33825555025336085
29,974.4353426099907,,,C-H bending,delta(C2-O3-C4),angle,2.9149141279344105e-08,-,-6.50845684000573e-06,0.2912036889642517
29,974.4353426099907,,,C-H bending,nu(C2-O3),bond,8.938458473559522e-09,+,3.6095058481765568e-06,0.29033159021092214
29,974.4353426099907,,,C-H bending,nu(C7-H16),bond,7.1307686046437954e-09,+,3.0005170606547873e-06,0.33517476100026466
29,974.4353426099907,,,C-H bending,nu(C4-O5),bond,6.644833125103039e-09,+,1.8423040418132487e-06,0.8284926016642041
29,974.4353426099907,,,C-H bending,nu(O3-C4),bond,5.166937370740876e-09,-,-2.4186622965666725e-06,0.3737746932579269
29,974.4353426099907,,,C-H bending,delta(C8-C6-C9),angle,9.997521626315679e-10,-,-7.76684736533317e-07,0.7013422090875111
29,974.4353426099907,,,C-H bending,delta(O3-C4-O5),angle,9.879178861999823e-10,-,-8.340674976417828e-07,0.6009600723599223
29,974.4353426099907,,,C-H bending,delta(C1-C2-O3),angle,9.400814131969337e-10,+,9.674926076584764e-07,0.4250082114162513
29,974.4353426099907,,,C-H bending,nu(C1-H10),bond,6.085822398404134e-10,-,-8.742223304162732e-07,0.33697885380249765
30,1036.3821121252793,,,mixed C-H bending / C-C stretching / C-O stretching,nu(C1-C2),bond,24.39011234072835,-,-0.21781548134007944,0.2949794525157423
30,1036.3821121252793,,,mixed C-H bending / C-C stretching / C-O stretching,nu(C2-O3),bond,17.90696669253494,+,0.1881228688121037,0.29033159021092214
30,1036.3821121252793,,,mixed C-H bending / C-C stretching / C-O stretching,delta(C2-C1-H10),angle,11.363419412217407,-,-0.13146194481391113,0.3772805214315562
30,1036.3821121252793,,,mixed C-H bending / C-C stretching / C-O stretching,delta(C6-C7-H16),angle,8.885034052783318,+,0.12551809110016784,0.3235950711183532
30,1036.3821121252793,,,mixed C-H bending / C-C stretching / C-O stretching,delta(C6-C8-H19),angle,6.624882582750872,-,-0.09901713885432302,0.38771525788471284
30,1036.3821121252793,,,mixed C-H bending / C-C stretching / C-O stretching,delta(C6-C9-H22),angle,5.31731336374465,-,-0.0992217851834062,0.3099086049953738
30,1036.3821121252793,,,mixed C-H bending / C-C stretching / C-O stretching,delta(C6-C9-H21),angle,3.5751721520829145,+,0.08102090235411505,0.312505928233909
30,1036.3821121252793,,,mixed C-H bending / C-C stretching / C-O stretching,tau(H11-C1-C2-H13),dihedral,3.0295188596149023,-,-0.06829476581898485,0.37269560643401184
30,1036.3821121252793,,,mixed C-H bending / C-C stretching / C-O stretching,tau(H12-C1-C2-H13),dihedral,2.350378865575314,+,0.05697987071037986,0.4153846152199703
30,1036.3821121252793,,,mixed C-H bending / C-C stretching / C-O stretching,delta(C6-C7-H17),angle,2.2387151191386376,-,-0.06372664948539558,0.3163094116269633
30,1036.3821121252793,,,mixed C-H bending / C-C stretching / C-O stretching,tau(C7-C6-C8-H18),dihedral,1.6564228789258388,+,0.0738071098086826,0.17447382206388093
30,1036.3821121252793,,,mixed C-H bending / C-C stretching / C-O stretching,nu(C6-C7),bond,1.4777946378532536,-,-0.055630862006610736,0.273992049202674
30,1036.3821121252793,,,mixed C-H bending / C-C stretching / C-O stretching,delta(C2-C1-H11),angle,1.466428998046673,+,0.044050056465704084,0.4336342271090426
30,1036.3821121252793,,,mixed C-H bending / C-C stretching / C-O stretching,"gamma(H13;C2,O3,H14)",oop,1.4549143738802768,+,0.059714544997216124,0.23411682864784614
30,1036.3821121252793,,,mixed C-H bending / C-C stretching / C-O stretching,tau(H11-C1-C2-H14),dihedral,1.196749701689439,-,-0.05696594584517654,0.21160608660854546
30,1036.3821121252793,,,mixed C-H bending / C-C stretching / C-O stretching,"gamma(H11;C1,H10,H12)",oop,1.1084079553483868,+,0.043545735248078934,0.3354005971942054
30,1036.3821121252793,,,mixed C-H bending / C-C stretching / C-O stretching,nu(C4-C6),bond,1.106177044508562,-,-0.05001902623907155,0.2536936689040973
30,1036.3821121252793,,,mixed C-H bending / C-C stretching / C-O stretching,delta(H15-C7-H17),angle,0.655888540738997,-,-0.03706872565081456,0.2738862211420583
30,1036.3821121252793,,,mixed C-H bending / C-C stretching / C-O stretching,nu(O3-C4),bond,0.6523322290563544,+,0.031645152833729547,0.3737746932579269
30,1036.3821121252793,,,mixed C-H bending / C-C stretching / C-O stretching,nu(C6-C9),bond,0.4577824628208543,+,0.03162808479061401,0.2625843359756791
30,1036.3821121252793,,,mixed C-H bending / C-C stretching / C-O stretching,nu(C6-C8),bond,0.4556124027156072,+,0.03155118591721686,0.2626150526130056
30,1036.3821121252793,,,mixed C-H bending / C-C stretching / C-O stretching,delta(C1-C2-H14),angle,0.32652949724353286,-,-0.025144220509219235,0.2963476715215922
30,1036.3821121252793,,,mixed C-H bending / C-C stretching / C-O stretching,delta(H21-C9-H23),angle,0.31099527446477626,+,0.025620329487548478,0.2718565628519554
30,1036.3821121252793,,,mixed C-H bending / C-C stretching / C-O stretching,delta(C1-C2-O3),angle,0.2699017692657556,-,-0.0190889452235526,0.4250082114162513
30,1036.3821121252793,,,mixed C-H bending / C-C stretching / C-O stretching,tau(C8-C6-C7-H17),dihedral,0.2132907447692452,+,0.06904301960023644,0.02567366734023094
30,1036.3821121252793,,,mixed C-H bending / C-C stretching / C-O stretching,delta(H16-C7-H17),angle,0.19530285835771793,+,0.019831276667185628,0.28494609231836865
30,1036.3821121252793,,,mixed C-H bending / C-C stretching / C-O stretching,delta(C4-C6-C8),angle,0.18781806035605378,-,-0.013544658818754688,0.5874307333618307
30,1036.3821121252793,,,mixed C-H bending / C-C stretching / C-O stretching,delta(H15-C7-H16),angle,0.18480843311939837,+,0.019839992225158455,0.26939792272256335
30,1036.3821121252793,,,mixed C-H bending / C-C stretching / C-O stretching,delta(C4-C6-C9),angle,0.18451556143912107,-,-0.013641092346876943,0.5689710296933157
30,1036.3821121252793,,,mixed C-H bending / C-C stretching / C-O stretching,delta(O3-C4-O5),angle,0.14707608698420022,-,-0.011850207379626517,0.6009600723599223
30,1036.3821121252793,,,mixed C-H bending / C-C stretching / C-O stretching,delta(H22-C9-H23),angle,0.1129236209667331,-,-0.015572200434930347,0.2672023531774869
30,1036.3821121252793,,,mixed C-H bending / C-C stretching / C-O stretching,tau(C9-C6-C8-H20),dihedral,0.10402319434539574,-,-0.018369409859435682,0.1768867206031556
30,1036.3821121252793,,,mixed C-H bending / C-C stretching / C-O stretching,delta(O3-C4-C6),angle,0.07840792099174837,-,-0.009443235171680792,0.5045146489337415
30,1036.3821121252793,,,mixed C-H bending / C-C stretching / C-O stretching,delta(C2-O3-C4),angle,0.065066415719041,+,0.011322901573523388,0.2912036889642517
30,1036.3821121252793,,,mixed C-H bending / C-C stretching / C-O stretching,delta(C6-C8-H18),angle,0.03601636766619869,+,0.008052748729608086,0.318688996065421
30,1036.3821121252793,,,mixed C-H bending / C-C stretching / C-O stretching,"gamma(H18;C8,H19,H20)",oop,0.03182334187483635,-,-0.00895047930496101,0.2279337585365519
30,1036.3821121252793,,,mixed C-H bending / C-C stretching / C-O stretching,tau(C4-C6-C9-H22),dihedral,0.030058230074652467,+,0.02578153550788729,0.02594784517579504
30,1036.3821121252793,,,mixed C-H bending / C-C stretching / C-O stretching,nu(C4-O5),bond,0.030029367963552597,-,-0.004560437466517546,0.8284926016642041
30,1036.3821121252793,,,mixed C-H bending / C-C stretching / C-O stretching,delta(C8-C6-C9),angle,0.0252792658825217,+,0.0045477330816012995,0.7013422090875111
30,1036.3821121252793,,,mixed C-H bending / C-C stretching / C-O stretching,nu(C2-H13),bond,0.015373347514126409,-,-0.005134020956888853,0.33466371155807756
30,1036.3821121252793,,,mixed C-H bending / C-C stretching / C-O stretching,nu(C2-H14),bond,0.015356402980444198,-,-0.005131092318303679,0.33467655984368183
30,1036.3821121252793,,,mixed C-H bending / C-C stretching / C-O stretching,delta(H10-C1-H12),angle,0.014876411733895605,-,-0.004360559659481306,0.44892023061146324
30,1036.3821121252793,,,mixed C-H bending / C-C stretching / C-O stretching,nu(C1-H12),bond,0.011791253247496001,-,-0.0044723684729204224,0.3382519160366286
30,1036.3821121252793,,,mixed C-H bending / C-C stretching / C-O stretching,nu(C1-H11),bond,0.01179104658644961,-,-0.0044723052545419684,0.33825555025336085
30,1036.3821121252793,,,mixed C-H bending / C-C stretching / C-O stretching,nu(C1-H10),bond,0.010468610500405777,+,0.004222026189037437,0.33697885380249765
30,1036.3821121252793,,,mixed C-H bending / C-C stretching / C-O stretching,nu(C7-H16),bond,0.006393193442525711,-,-0.0033082703677470315,0.33517476100026466
30,1036.3821121252793,,,mixed C-H bending / C-C stretching / C-O stretching,nu(C8-H18),bond,0.0013384370912189595,-,-0.0015000370839407208,0.3413103237507323
30,1036.3821121252793,,,mixed C-H bending / C-C stretching / C-O stretching,nu(C9-H23),bond,0.0013380354092104906,-,-0.0014998581632538386,0.34128930359837056
30,1036.3821121252793,,,mixed C-H bending / C-C stretching / C-O stretching,nu(C9-H22),bond,0.0012124568357048924,+,0.001442281698378655,0.33444257153457424
30,1036.3821121252793,,,mixed C-H bending / C-C stretching / C-O stretching,nu(C8-H19),bond,0.0012021423782422108,+,0.0014361113133351039,0.3344530442205115
30,1036.3821121252793,,,mixed C-H bending / C-C stretching / C-O stretching,nu(C8-H20),bond,0.0009875451519683175,-,-0.0013014860241730342,0.3345287105692625
30,1036.3821121252793,,,mixed C-H bending / C-C stretching / C-O stretching,nu(C9-H21),bond,0.0009822043377952733,-,-0.0012979698412110307,0.3345246288966813
30,1036.3821121252793,,,mixed C-H bending / C-C stretching / C-O stretching,delta(H21-C9-H22),angle,0.0008484621697438076,-,-0.0013220404926816008,0.2785469590691626
30,1036.3821121252793,,,mixed C-H bending / C-C stretching / C-O stretching,delta(H19-C8-H20),angle,0.0007023631211411962,-,-0.0012538653933000788,0.25633937495241976
30,1036.3821121252793,,,mixed C-H bending / C-C stretching / C-O stretching,delta(C7-C6-C9),angle,0.0005203470122712089,-,-0.0005942503397991958,0.845492268834399
30,1036.3821121252793,,,mixed C-H bending / C-C stretching / C-O stretching,delta(C7-C6-C8),angle,0.0004098583735837359,-,-0.0005974944856345505,0.6587512652548063
30,1036.3821121252793,,,mixed C-H bending / C-C stretching / C-O stretching,nu(C7-H15),bond,0.0002573784871368065,+,0.0006594642067269991,0.3395824516930801
30,1036.3821121252793,,,mixed C-H bending / C-C stretching / C-O stretching,nu(C7-H17),bond,0.0002573720288273933,+,0.0006594404069662107,0.339598442129758
30,1036.3821121252793,,,mixed C-H bending / C-C stretching / C-O stretching,"gamma(O3;C4,O5,C6)",oop,2.2369284321591206e-06,-,-0.0001028525957182189,0.12133246739127751
30,1036.3821121252793,,,mixed C-H bending / C-C stretching / C-O stretching,tau(C2-O3-C4-C6),dihedral,1.5560847740754382e-07,-,-4.651236193975176e-05,0.041271658217058235
30,1036.3821121252793,,,mixed C-H bending / C-C stretching / C-O stretching,tau(H10-C1-C2-O3),dihedral,3.722596163689042e-08,-,-9.068818412611063e-06,0.25971675406989986
30,1036.3821121252793,,,mixed C-H bending / C-C stretching / C-O stretching,tau(O3-C4-C6-C7),dihedral,1.2031579429785136e-08,+,2.2334232030915298e-05,0.013839998659108788
30,1036.3821121252793,,,mixed C-H bending / C-C stretching / C-O stretching,tau(C1-C2-O3-C4),dihedral,1.1563330689791043e-08,-,-2.7336635615831067e-05,0.008878677288367255
31,1052.6014229404263,,,C-H bending,delta(C6-C8-H19),angle,30.775102310668757,+,0.24011535172708323,0.38771525788471284
31,1052.6014229404263,,,C-H bending,delta(C6-C9-H22),angle,24.811155438068113,-,-0.24114779662512076,0.3099086049953738
31,1052.6014229404263,,,C-H bending,delta(C6-C8-H18),angle,11.319311654863487,-,-0.16062128485665392,0.318688996065421
31,1052.6014229404263,,,C-H bending,tau(C9-C6-C8-H20),dihedral,6.014683954816303,+,0.15715760860174335,0.1768867206031556
31,1052.6014229404263,,,C-H bending,delta(C4-C6-C8),angle,4.153488073084529,+,0.07166461508771962,0.5874307333618307
31,1052.6014229404263,,,C-H bending,delta(C4-C6-C9),angle,4.052490693469887,-,-0.07192710107620104,0.5689710296933157
31,1052.6014229404263,,,C-H bending,delta(C6-C7-H17),angle,3.8074318535479392,-,-0.09350538726135409,0.3163094116269633
31,1052.6014229404263,,,C-H bending,delta(C6-C9-H21),angle,2.495921594934601,+,0.07616631772633321,0.312505928233909
31,1052.6014229404263,,,C-H bending,tau(C7-C6-C8-H18),dihedral,2.1065836518446073,-,-0.09364850273494682,0.17447382206388093
31,1052.6014229404263,,,C-H bending,nu(C6-C9),bond,2.025294699467352,+,0.07484905580619369,0.2625843359756791
31,1052.6014229404263,,,C-H bending,nu(C6-C8),bond,2.009252157589005,-,-0.07454766327511723,0.2626150526130056
31,1052.6014229404263,,,C-H bending,"gamma(O3;C4,O5,C6)",oop,2.004519735311149,-,-0.10954518027824536,0.12133246739127751
31,1052.6014229404263,,,C-H bending,delta(H21-C9-H23),angle,1.547030540990313,+,0.06429188420033517,0.2718565628519554
31,1052.6014229404263,,,C-H bending,delta(H21-C9-H22),angle,0.7109678870522215,-,-0.043057856160871814,0.2785469590691626
31,1052.6014229404263,,,C-H bending,delta(H19-C8-H20),angle,0.6572309222196789,+,0.043154685371579085,0.25633937495241976
31,1052.6014229404263,,,C-H bending,delta(H16-C7-H17),angle,0.24192164439894412,-,-0.02483319684472874,0.28494609231836865
31,1052.6014229404263,,,C-H bending,delta(H15-C7-H16),angle,0.2350981057117415,+,0.025177004905300285,0.26939792272256335
31,1052.6014229404263,,,C-H bending,delta(H22-C9-H23),angle,0.17772360180276606,-,-0.02198006815582286,0.2672023531774869
31,1052.6014229404263,,,C-H bending,delta(C7-C6-C9),angle,0.1740125894855305,+,0.012226781056973605,0.845492268834399
31,1052.6014229404263,,,C-H bending,tau(C8-C6-C7-H17),dihedral,0.1464615652913052,-,-0.06437162931658771,0.02567366734023094
31,1052.6014229404263,,,C-H bending,"gamma(H18;C8,H19,H20)",oop,0.14578198488542618,+,0.02155381865107997,0.2279337585365519
31,1052.6014229404263,,,C-H bending,delta(C7-C6-C8),angle,0.13810660204242528,-,-0.012340225894516913,0.6587512652548063
31,1052.6014229404263,,,C-H bending,tau(C2-O3-C4-C6),dihedral,0.09182964844759507,-,-0.040201487483675885,0.041271658217058235
31,1052.6014229404263,,,C-H bending,tau(C4-C6-C9-H22),dihedral,0.07944205559474926,-,-0.047157547246419795,0.02594784517579504
31,1052.6014229404263,,,C-H bending,tau(O3-C4-C6-C7),dihedral,0.01563580750238811,+,0.02864631442099985,0.013839998659108788
31,1052.6014229404263,,,C-H bending,tau(C1-C2-O3-C4),dihedral,0.013312475132745884,-,-0.033001363985420896,0.008878677288367255
31,1052.6014229404263,,,C-H bending,delta(C2-C1-H11),angle,0.011827234232794628,+,0.004450988198757573,0.4336342271090426
31,1052.6014229404263,,,C-H bending,tau(H10-C1-C2-O3),dihedral,0.01130151654144533,-,-0.005622053838201987,0.25971675406989986
31,1052.6014229404263,,,C-H bending,nu(C9-H22),bond,0.005894300903319182,+,0.0035779312822905762,0.33444257153457424
31,1052.6014229404263,,,C-H bending,nu(C8-H19),bond,0.005866748406693349,-,-0.003569503205455591,0.3344530442205115
31,1052.6014229404263,,,C-H bending,tau(H12-C1-C2-H13),dihedral,0.00288150199659279,-,-0.0022447132993805206,0.4153846152199703
31,1052.6014229404263,,,C-H bending,delta(H10-C1-H12),angle,0.002675973078479164,-,-0.0020808122799816304,0.44892023061146324
31,1052.6014229404263,,,C-H bending,tau(H11-C1-C2-H13),dihedral,0.001898671997943678,-,-0.0019236429140351951,0.37269560643401184
31,1052.6014229404263,,,C-H bending,tau(H11-C1-C2-H14),dihedral,0.0012607990250656548,-,-0.002080345536006549,0.21160608660854546
31,1052.6014229404263,,,C-H bending,nu(C8-H18),bond,0.0008582260540393435,+,0.0013514586300078168,0.3413103237507323
31,1052.6014229404263,,,C-H bending,nu(C9-H23),bond,0.000852812963099426,-,-0.0013472313457256167,0.34128930359837056
31,1052.6014229404263,,,C-H bending,nu(C9-H21),bond,0.000682426567881271,-,-0.001217280136337632,0.3345246288966813
31,1052.6014229404263,,,C-H bending,nu(C8-H20),bond,0.0006594490827070606,+,0.0011966042937436622,0.3345287105692625
31,1052.6014229404263,,,C-H bending,delta(C6-C7-H16),angle,0.0006087782618169952,+,0.001168975045081295,0.3235950711183532
31,1052.6014229404263,,,C-H bending,nu(C7-H17),bond,0.0004753140535310034,+,0.0010082868515583307,0.339598442129758
31,1052.6014229404263,,,C-H bending,nu(C7-H15),bond,0.00046178448555189065,-,-0.0009938564718836797,0.3395824516930801
31,1052.6014229404263,,,C-H bending,"gamma(H13;C2,O3,H14)",oop,0.0004119676831634067,-,-0.0011305554794072924,0.23411682864784614
31,1052.6014229404263,,,C-H bending,"gamma(H11;C1,H10,H12)",oop,0.0004045864660311486,+,0.0009360528730562935,0.3354005971942054
31,1052.6014229404263,,,C-H bending,nu(C2-O3),bond,0.00033186124327187885,-,-0.0009111874771989131,0.29033159021092214
31,1052.6014229404263,,,C-H bending,nu(C1-C2),bond,0.00025021019157333207,+,0.0007849341712084835,0.2949794525157423
31,1052.6014229404263,,,C-H bending,delta(C1-C2-H14),angle,0.00017367464528436855,-,-0.0006524452468273138,0.2963476715215922
31,1052.6014229404263,,,C-H bending,nu(C2-H14),bond,0.00011181572232204374,+,0.0004926238223199391,0.33467655984368183
31,1052.6014229404263,,,C-H bending,nu(C2-H13),bond,8.654696802124874e-05,-,-0.00043340931215812324,0.33466371155807756
31,1052.6014229404263,,,C-H bending,delta(C2-C1-H10),angle,5.638022331679751e-05,+,0.0003294638923482478,0.3772805214315562
31,1052.6014229404263,,,C-H bending,delta(H15-C7-H17),angle,4.539547859594955e-05,-,-0.0003469747156101674,0.2738862211420583
31,1052.6014229404263,,,C-H bending,nu(C6-C7),bond,3.9488757625557294e-05,-,-0.0003235522139368937,0.273992049202674
31,1052.6014229404263,,,C-H bending,delta(O3-C4-C6),angle,2.5032535384191848e-05,+,0.00018984193413246756,0.5045146489337415
31,1052.6014229404263,,,C-H bending,nu(C1-H12),bond,1.8720509873959883e-05,+,0.0002005004375747755,0.3382519160366286
31,1052.6014229404263,,,C-H bending,nu(C1-H11),bond,1.3438453449054597e-05,-,-0.00016987473835109118,0.33825555025336085
31,1052.6014229404263,,,C-H bending,nu(O3-C4),bond,1.335859471141672e-05,+,0.00016112096747256867,0.3737746932579269
31,1052.6014229404263,,,C-H bending,delta(C8-C6-C9),angle,1.0967840271821185e-05,+,0.0001065791349488924,0.7013422090875111
31,1052.6014229404263,,,C-H bending,delta(O3-C4-O5),angle,5.140485788932877e-06,-,-7.88235323315244e-05,0.6009600723599223
31,1052.6014229404263,,,C-H bending,nu(C4-C6),bond,2.269312877160008e-06,+,8.060630157431785e-05,0.2536936689040973
31,1052.6014229404263,,,C-H bending,nu(C4-O5),bond,1.716635635960763e-06,-,-3.8794607791579715e-05,0.8284926016642041
31,1052.6014229404263,,,C-H bending,nu(C7-H16),bond,2.91032464466007e-07,-,-2.5113756854029053e-05,0.33517476100026466
31,1052.6014229404263,,,C-H bending,delta(C1-C2-O3),angle,2.316987447451285e-07,+,1.989939170667332e-05,0.4250082114162513
31,1052.6014229404263,,,C-H bending,delta(C2-O3-C4),angle,6.122719706566048e-08,-,-1.2358062117852919e-05,0.2912036889642517
31,1052.6014229404263,,,C-H bending,nu(C1-H10),bond,5.841988061011472e-08,-,-1.1221621836354274e-05,0.33697885380249765
32,1057.7225738139427,,,mixed C-H bending / C-O stretching,delta(C6-C7-H16),angle,28.338012639208028,+,0.22771338264851046,0.3235950711183532
32,1057.7225738139427,,,mixed C-H bending / C-O stretching,nu(C2-O3),bond,12.970603616075165,-,-0.1626438912266479,0.29033159021092214
32,1057.7225738139427,,,mixed C-H bending / C-O stretching,delta(C6-C9-H21),angle,10.338140133736449,+,0.13995772875167367,0.312505928233909
32,1057.7225738139427,,,mixed C-H bending / C-O stretching,nu(C1-C2),bond,8.654595083671493,+,0.13180512675013456,0.2949794525157423
32,1057.7225738139427,,,mixed C-H bending / C-O stretching,delta(C6-C7-H17),angle,6.843663299867,-,-0.11318609299758425,0.3163094116269633
32,1057.7225738139427,,,mixed C-H bending / C-O stretching,delta(C6-C8-H19),angle,6.843054164660569,-,-0.102228820859209,0.38771525788471284
32,1057.7225738139427,,,mixed C-H bending / C-O stretching,delta(C6-C9-H22),angle,5.203560358789723,-,-0.09970990203984131,0.3099086049953738
32,1057.7225738139427,,,mixed C-H bending / C-O stretching,tau(C7-C6-C8-H18),dihedral,3.3477067394016085,+,0.10658924223134689,0.17447382206388093
32,1057.7225738139427,,,mixed C-H bending / C-O stretching,nu(C6-C7),bond,2.638039043071458,-,-0.07550512624595322,0.273992049202674
32,1057.7225738139427,,,mixed C-H bending / C-O stretching,delta(H15-C7-H17),angle,2.158477037693225,-,-0.06831143889892362,0.2738862211420583
32,1057.7225738139427,,,mixed C-H bending / C-O stretching,delta(O3-C4-C6),angle,1.439035067564602,+,0.04109638365924358,0.5045146489337415
32,1057.7225738139427,,,mixed C-H bending / C-O stretching,delta(C2-C1-H10),angle,1.3219449049474594,+,0.045549046983305246,0.3772805214315562
32,1057.7225738139427,,,mixed C-H bending / C-O stretching,nu(O3-C4),bond,0.9950648739624309,+,0.03970320442946962,0.3737746932579269
32,1057.7225738139427,,,mixed C-H bending / C-O stretching,tau(H11-C1-C2-H13),dihedral,0.9185416371790905,+,0.03820120797397055,0.37269560643401184
32,1057.7225738139427,,,mixed C-H bending / C-O stretching,delta(C6-C8-H18),angle,0.9094509225894194,-,-0.041106538644286005,0.318688996065421
32,1057.7225738139427,,,mixed C-H bending / C-O stretching,tau(C8-C6-C7-H17),dihedral,0.6879451476293499,+,0.12596148148895295,0.02567366734023094
32,1057.7225738139427,,,mixed C-H bending / C-O stretching,delta(C4-C6-C8),angle,0.6357517994802393,-,-0.025314553739253003,0.5874307333618307
32,1057.7225738139427,,,mixed C-H bending / C-O stretching,delta(H22-C9-H23),angle,0.6173161822913612,-,-0.03698609667167044,0.2672023531774869
32,1057.7225738139427,,,mixed C-H bending / C-O stretching,delta(C4-C6-C9),angle,0.5816194742053795,-,-0.024602497798663404,0.5689710296933157
32,1057.7225738139427,,,mixed C-H bending / C-O stretching,delta(H16-C7-H17),angle,0.578615883886481,+,0.03467517262909302,0.28494609231836865
32,1057.7225738139427,,,mixed C-H bending / C-O stretching,delta(H15-C7-H16),angle,0.5383914737582618,+,0.03439986786172567,0.26939792272256335
32,1057.7225738139427,,,mixed C-H bending / C-O stretching,nu(C6-C8),bond,0.5123304437243801,+,0.033987567477086846,0.2626150526130056
32,1057.7225738139427,,,mixed C-H bending / C-O stretching,nu(C6-C9),bond,0.48922443208307975,+,0.0332142515159905,0.2625843359756791
32,1057.7225738139427,,,mixed C-H bending / C-O stretching,delta(C8-C6-C9),angle,0.41387255165463643,+,0.018692747203227056,0.7013422090875111
32,1057.7225738139427,,,mixed C-H bending / C-O stretching,delta(O3-C4-O5),angle,0.3791529226516929,-,-0.01932810176786828,0.6009600723599223
32,1057.7225738139427,,,mixed C-H bending / C-O stretching,"gamma(H11;C1,H10,H12)",oop,0.31002827545202505,-,-0.023395026710313085,0.3354005971942054
32,1057.7225738139427,,,mixed C-H bending / C-O stretching,delta(H21-C9-H23),angle,0.3047578688362811,+,0.025763944917549252,0.2718565628519554
32,1057.7225738139427,,,mixed C-H bending / C-O stretching,tau(C4-C6-C9-H22),dihedral,0.24068459342755974,+,0.07411025465569934,0.02594784517579504
32,1057.7225738139427,,,mixed C-H bending / C-O stretching,delta(C7-C6-C9),angle,0.13672899188661425,-,-0.009785438557417998,0.845492268834399
32,1057.7225738139427,,,mixed C-H bending / C-O stretching,nu(C4-O5),bond,0.1354843858095008,-,-0.009840226953230868,0.8284926016642041
32,1057.7225738139427,,,mixed C-H bending / C-O stretching,delta(C7-C6-C8),angle,0.1034539948978715,-,-0.009643123094061554,0.6587512652548063
32,1057.7225738139427,,,mixed C-H bending / C-O stretching,delta(C2-C1-H11),angle,0.08283018647841342,-,-0.010634996501637647,0.4336342271090426
32,1057.7225738139427,,,mixed C-H bending / C-O stretching,delta(H21-C9-H22),angle,0.07527226557590697,+,0.012649492211952246,0.2785469590691626
32,1057.7225738139427,,,mixed C-H bending / C-O stretching,delta(H19-C8-H20),angle,0.0647054516305734,+,0.012225526878009681,0.25633937495241976
32,1057.7225738139427,,,mixed C-H bending / C-O stretching,"gamma(H13;C2,O3,H14)",oop,0.0328471994465704,-,-0.009114601096712627,0.23411682864784614
32,1057.7225738139427,,,mixed C-H bending / C-O stretching,nu(C4-C6),bond,0.03169222364566886,+,0.008600552480432812,0.2536936689040973
32,1057.7225738139427,,,mixed C-H bending / C-O stretching,tau(H12-C1-C2-H13),dihedral,0.027802885235129023,-,-0.00629541752528818,0.4153846152199703
32,1057.7225738139427,,,mixed C-H bending / C-O stretching,nu(C7-H16),bond,0.017788307773929517,-,-0.005605785452539567,0.33517476100026466
32,1057.7225738139427,,,mixed C-H bending / C-O stretching,nu(C2-H13),bond,0.0171351844528914,+,0.0055061100729392205,0.33466371155807756
32,1057.7225738139427,,,mixed C-H bending / C-O stretching,nu(C2-H14),bond,0.017093268696424035,+,0.005499265917651598,0.33467655984368183
32,1057.7225738139427,,,mixed C-H bending / C-O stretching,tau(H11-C1-C2-H14),dihedral,0.014278373390209152,+,0.006320917158984926,0.21160608660854546
32,1057.7225738139427,,,mixed C-H bending / C-O stretching,"gamma(H18;C8,H19,H20)",oop,0.009612494660392752,+,0.00499710573300556,0.2279337585365519
32,1057.7225738139427,,,mixed C-H bending / C-O stretching,nu(C1-H11),bond,0.0035076724252130517,+,0.00247794611184433,0.33825555025336085
32,1057.7225738139427,,,mixed C-H bending / C-O stretching,nu(C1-H12),bond,0.003502124150929634,+,0.002475998886995518,0.3382519160366286
32,1057.7225738139427,,,mixed C-H bending / C-O stretching,nu(C8-H20),bond,0.0029566223388413945,-,-0.0022876313395006377,0.3345287105692625
32,1057.7225738139427,,,mixed C-H bending / C-O stretching,nu(C9-H21),bond,0.0029110445805707627,-,-0.0022699442357122577,0.3345246288966813
32,1057.7225738139427,,,mixed C-H bending / C-O stretching,delta(C1-C2-H14),angle,0.00224876684214777,+,0.0021197090976236115,0.2963476715215922
32,1057.7225738139427,,,mixed C-H bending / C-O stretching,tau(C9-C6-C8-H20),dihedral,0.0014696097920451551,-,-0.002217982995261901,0.1768867206031556
32,1057.7225738139427,,,mixed C-H bending / C-O stretching,nu(C1-H10),bond,0.0013795856005529511,-,-0.0015569612751070785,0.33697885380249765
32,1057.7225738139427,,,mixed C-H bending / C-O stretching,nu(C8-H19),bond,0.0013686498109138257,+,0.0015566228566209405,0.3344530442205115
32,1057.7225738139427,,,mixed C-H bending / C-O stretching,nu(C9-H22),bond,0.001311619732953035,+,0.0015238702929243916,0.33444257153457424
32,1057.7225738139427,,,mixed C-H bending / C-O stretching,nu(C7-H15),bond,0.0010839435334625107,+,0.0013747873221070207,0.3395824516930801
32,1057.7225738139427,,,mixed C-H bending / C-O stretching,nu(C7-H17),bond,0.0010657678221240399,+,0.001363180189727958,0.339598442129758
32,1057.7225738139427,,,mixed C-H bending / C-O stretching,nu(C9-H23),bond,0.0002146774610495102,+,0.0006102906205940619,0.34128930359837056
32,1057.7225738139427,,,mixed C-H bending / C-O stretching,nu(C8-H18),bond,0.00020188949002541398,+,0.0005918163402453152,0.3413103237507323
32,1057.7225738139427,,,mixed C-H bending / C-O stretching,delta(C2-O3-C4),angle,0.0002002784637227637,-,-0.0006381510650899051,0.2912036889642517
32,1057.7225738139427,,,mixed C-H bending / C-O stretching,delta(H10-C1-H12),angle,0.00011852145679897194,-,-0.0003953836539892659,0.44892023061146324
32,1057.7225738139427,,,mixed C-H bending / C-O stretching,delta(C1-C2-O3),angle,0.00010216387992617548,+,0.0003772722284927928,0.4250082114162513
32,1057.7225738139427,,,mixed C-H bending / C-O stretching,"gamma(O3;C4,O5,C6)",oop,4.766719058310162e-05,+,0.00048230978430006125,0.12133246739127751
32,1057.7225738139427,,,mixed C-H bending / C-O stretching,tau(C2-O3-C4-C6),dihedral,2.438233497251785e-06,+,0.0001870322491257003,0.041271658217058235
32,1057.7225738139427,,,mixed C-H bending / C-O stretching,tau(H10-C1-C2-O3),dihedral,4.435066669275332e-07,+,3.1798373191299264e-05,0.25971675406989986
32,1057.7225738139427,,,mixed C-H bending / C-O stretching,tau(O3-C4-C6-C7),dihedral,4.220583719090168e-07,-,-0.00013437641316162879,0.013839998659108788
32,1057.7225738139427,,,mixed C-H bending / C-O stretching,tau(C1-C2-O3-C4),dihedral,3.065511019949211e-07,+,0.00014298224580368922,0.008878677288367255
33,1136.6473459515148,,,mixed C-H bending / C-C torsion,delta(C2-C1-H10),angle,30.53826983827321,+,0.2839680376629285,0.3772805214315562
33,1136.6473459515148,,,mixed C-H bending / C-C torsion,tau(H11-C1-C2-H13),dihedral,15.935866712845803,+,0.20639071036039713,0.37269560643401184
33,1136.6473459515148,,,mixed C-H bending / C-C torsion,delta(C2-C1-H11),angle,11.7616613584207,-,-0.1643811432085775,0.4336342271090426
33,1136.6473459515148,,,mixed C-H bending / C-C torsion,nu(C1-C2),bond,9.223263031304999,-,-0.1764923364543792,0.2949794525157423
33,1136.6473459515148,,,mixed C-H bending / C-C torsion,delta(C1-C2-O3),angle,9.164829777444254,+,0.14656928829791602,0.4250082114162513
33,1136.6473459515148,,,mixed C-H bending / C-C torsion,tau(H12-C1-C2-H13),dihedral,7.262524982605439,-,-0.13197693980510639,0.4153846152199703
33,1136.6473459515148,,,mixed C-H bending / C-C torsion,tau(H11-C1-C2-H14),dihedral,3.6974797008543114,+,0.13193750267031698,0.21160608660854546
33,1136.6473459515148,,,mixed C-H bending / C-C torsion,nu(C2-O3),bond,3.3875955565993494,-,-0.1078147223609095,0.29033159021092214
33,1136.6473459515148,,,mixed C-H bending / C-C torsion,delta(C2-O3-C4),angle,2.8825449701314225,+,0.09930452708933855,0.2912036889642517
33,1136.6473459515148,,,mixed C-H bending / C-C torsion,delta(H10-C1-H12),angle,2.3190099040484746,+,0.0717374856778197,0.44892023061146324
33,1136.6473459515148,,,mixed C-H bending / C-C torsion,delta(O3-C4-O5),angle,1.1658550914940358,-,-0.043962149172843024,0.6009600723599223
33,1136.6473459515148,,,mixed C-H bending / C-C torsion,"gamma(H13;C2,O3,H14)",oop,0.6804830617229669,-,-0.053811089036937036,0.23411682864784614
33,1136.6473459515148,,,mixed C-H bending / C-C torsion,delta(C1-C2-H14),angle,0.44310362915776874,-,-0.038595025474416886,0.2963476715215922
33,1136.6473459515148,,,mixed C-H bending / C-C torsion,nu(C4-O5),bond,0.382966852595943,-,-0.02145930801847926,0.8284926016642041
33,1136.6473459515148,,,mixed C-H bending / C-C torsion,delta(O3-C4-C6),angle,0.28917058656045425,+,0.023895691654017327,0.5045146489337415
33,1136.6473459515148,,,mixed C-H bending / C-C torsion,delta(C6-C9-H21),angle,0.13630049139627357,+,0.020844861728198796,0.312505928233909
33,1136.6473459515148,,,mixed C-H bending / C-C torsion,delta(C6-C8-H19),angle,0.12998246526374396,-,-0.01827533626377919,0.38771525788471284
33,1136.6473459515148,,,mixed C-H bending / C-C torsion,delta(C6-C9-H22),angle,0.10360133822207854,-,-0.018249261864691512,0.3099086049953738
33,1136.6473459515148,,,mixed C-H bending / C-C torsion,nu(O3-C4),bond,0.08243287144460583,-,-0.014822610793988873,0.3737746932579269
33,1136.6473459515148,,,mixed C-H bending / C-C torsion,delta(C8-C6-C9),angle,0.08216730150844348,+,0.010803487199729704,0.7013422090875111
33,1136.6473459515148,,,mixed C-H bending / C-C torsion,nu(C1-H10),bond,0.0667542998565701,-,-0.014048104728762903,0.33697885380249765
33,1136.6473459515148,,,mixed C-H bending / C-C torsion,"gamma(H11;C1,H10,H12)",oop,0.05721303089263757,+,0.013036019454413964,0.3354005971942054
33,1136.6473459515148,,,mixed C-H bending / C-C torsion,delta(C6-C7-H16),angle,0.049375277362781834,-,-0.012329153599288968,0.3235950711183532
33,1136.6473459515148,,,mixed C-H bending / C-C torsion,nu(C4-C6),bond,0.044177429198077565,-,-0.013171184797687372,0.2536936689040973
33,1136.6473459515148,,,mixed C-H bending / C-C torsion,delta(H21-C9-H23),angle,0.013406428498914866,+,0.007009161637160917,0.2718565628519554
33,1136.6473459515148,,,mixed C-H bending / C-C torsion,delta(C6-C8-H18),angle,0.013145948312290457,-,-0.006410499404081762,0.318688996065421
33,1136.6473459515148,,,mixed C-H bending / C-C torsion,tau(C7-C6-C8-H18),dihedral,0.012752961109876778,+,0.00853335509637335,0.17447382206388093
33,1136.6473459515148,,,mixed C-H bending / C-C torsion,delta(H22-C9-H23),angle,0.011331609957180879,-,-0.006499876536619218,0.2672023531774869
33,1136.6473459515148,,,mixed C-H bending / C-C torsion,nu(C6-C8),bond,0.011309878137551037,-,-0.006550109994085784,0.2626150526130056
33,1136.6473459515148,,,mixed C-H bending / C-C torsion,nu(C6-C9),bond,0.011304172002308483,-,-0.006548840435112947,0.2625843359756791
33,1136.6473459515148,,,mixed C-H bending / C-C torsion,nu(C6-C7),bond,0.007025459122506574,+,0.005054146349691241,0.273992049202674
33,1136.6473459515148,,,mixed C-H bending / C-C torsion,delta(H15-C7-H17),angle,0.006680918312723753,+,0.004929608466238091,0.2738862211420583
33,1136.6473459515148,,,mixed C-H bending / C-C torsion,delta(C6-C7-H17),angle,0.006352491804660845,+,0.004472964357746737,0.3163094116269633
33,1136.6473459515148,,,mixed C-H bending / C-C torsion,nu(C1-H12),bond,0.0031290532210236227,+,0.003035748438644271,0.3382519160366286
33,1136.6473459515148,,,mixed C-H bending / C-C torsion,nu(C1-H11),bond,0.003127790447593173,+,0.0030351195125539803,0.33825555025336085
33,1136.6473459515148,,,mixed C-H bending / C-C torsion,delta(H21-C9-H22),angle,0.0029457956987211046,+,0.0032458731174668004,0.2785469590691626
33,1136.6473459515148,,,mixed C-H bending / C-C torsion,delta(H19-C8-H20),angle,0.002689748115475226,+,0.0032331628758208724,0.25633937495241976
33,1136.6473459515148,,,mixed C-H bending / C-C torsion,nu(C2-H14),bond,0.0011954586678223145,-,-0.0018864012370122102,0.33467655984368183
33,1136.6473459515148,,,mixed C-H bending / C-C torsion,nu(C2-H13),bond,0.0011951752299569787,-,-0.0018862138015064733,0.33466371155807756
33,1136.6473459515148,,,mixed C-H bending / C-C torsion,delta(C4-C6-C8),angle,0.0010997296813495137,-,-0.001365664685446567,0.5874307333618307
33,1136.6473459515148,,,mixed C-H bending / C-C torsion,delta(C4-C6-C9),angle,0.0010710862515525723,-,-0.0013694512708990157,0.5689710296933157
33,1136.6473459515148,,,mixed C-H bending / C-C torsion,"gamma(H18;C8,H19,H20)",oop,0.000833926823665288,-,-0.0019091457443273022,0.2279337585365519
33,1136.6473459515148,,,mixed C-H bending / C-C torsion,tau(C9-C6-C8-H20),dihedral,0.000719614718586346,-,-0.0020131764508765043,0.1768867206031556
33,1136.6473459515148,,,mixed C-H bending / C-C torsion,delta(C7-C6-C9),angle,0.00045862496763312866,+,0.0007351119194772545,0.845492268834399
33,1136.6473459515148,,,mixed C-H bending / C-C torsion,delta(C7-C6-C8),angle,0.00036500396666328433,+,0.0007429635349929322,0.6587512652548063
33,1136.6473459515148,,,mixed C-H bending / C-C torsion,tau(C4-C6-C9-H22),dihedral,0.00028882084436236216,+,0.0033299909689633598,0.02594784517579504
33,1136.6473459515148,,,mixed C-H bending / C-C torsion,nu(C9-H21),bond,0.0002516622823088504,-,-0.0008657140275632311,0.3345246288966813
33,1136.6473459515148,,,mixed C-H bending / C-C torsion,nu(C8-H20),bond,0.0002511647388556248,-,-0.0008648525574146841,0.3345287105692625
33,1136.6473459515148,,,mixed C-H bending / C-C torsion,delta(H16-C7-H17),angle,0.0001444828848309405,-,-0.0007107326838942548,0.28494609231836865
33,1136.6473459515148,,,mixed C-H bending / C-C torsion,delta(H15-C7-H16),angle,0.0001383068844815776,-,-0.0007151616470650265,0.26939792272256335
33,1136.6473459515148,,,mixed C-H bending / C-C torsion,nu(C7-H17),bond,5.198759430488318e-05,-,-0.00039052285346576206,0.339598442129758
33,1136.6473459515148,,,mixed C-H bending / C-C torsion,nu(C7-H15),bond,5.1858782828706844e-05,-,-0.0003900479304252459,0.3395824516930801
33,1136.6473459515148,,,mixed C-H bending / C-C torsion,tau(C8-C6-C7-H17),dihedral,2.8831801331998304e-05,+,0.0010577215958203828,0.02567366734023094
33,1136.6473459515148,,,mixed C-H bending / C-C torsion,nu(C9-H22),bond,6.165547013050045e-06,+,0.00013552033539059881,0.33444257153457424
33,1136.6473459515148,,,mixed C-H bending / C-C torsion,nu(C8-H19),bond,6.0761329531281024e-06,+,0.00013453196804216896,0.3344530442205115
33,1136.6473459515148,,,mixed C-H bending / C-C torsion,nu(C7-H16),bond,3.953510586429731e-06,+,0.00010840148629106907,0.33517476100026466
33,1136.6473459515148,,,mixed C-H bending / C-C torsion,nu(C9-H23),bond,3.0878968987673954e-06,+,9.4940058518238e-05,0.34128930359837056
33,1136.6473459515148,,,mixed C-H bending / C-C torsion,nu(C8-H18),bond,3.0524143174079424e-06,+,9.439010443557097e-05,0.3413103237507323
33,1136.6473459515148,,,mixed C-H bending / C-C torsion,tau(H10-C1-C2-O3),dihedral,6.382768892522624e-08,-,-1.5647105639908216e-05,0.25971675406989986
33,1136.6473459515148,,,mixed C-H bending / C-C torsion,tau(C2-O3-C4-C6),dihedral,3.309134921918092e-08,-,-2.8262509168294236e-05,0.041271658217058235
33,1136.6473459515148,,,mixed C-H bending / C-C torsion,"gamma(O3;C4,O5,C6)",oop,1.4973868605613638e-08,+,1.1088120379372672e-05,0.12133246739127751
33,1136.6473459515148,,,mixed C-H bending / C-C torsion,tau(O3-C4-C6-C7),dihedral,1.8047608986175667e-09,-,-1.1397805734670681e-05,0.013839998659108788
33,1136.6473459515148,,,mixed C-H bending / C-C torsion,tau(C1-C2-O3-C4),dihedral,7.348572796948945e-10,+,9.080438112936596e-06,0.008878677288367255
34,1177.7263591812662,,,mixed mixed-phase C-O stretching / C-H bending,nu(O3-C4),bond,39.11030169475344,+,0.2887538563952939,0.3737746932579269
34,1177.7263591812662,,,mixed mixed-phase C-O stretching / C-H bending,delta(O3-C4-O5),angle,14.35473497686279,-,-0.1379627800153601,0.6009600723599223
34,1177.7263591812662,,,mixed mixed-phase C-O stretching / C-H bending,delta(C6-C7-H16),angle,7.776565217522618,-,-0.1383821638166072,0.3235950711183532
34,1177.7263591812662,,,mixed mixed-phase C-O stretching / C-H bending,nu(C2-O3),bond,5.667259620435369,-,-0.12471726106464905,0.29033159021092214
34,1177.7263591812662,,,mixed mixed-phase C-O stretching / C-H bending,delta(C6-C8-H19),angle,5.56440259338489,-,-0.1069399515351342,0.38771525788471284
34,1177.7263591812662,,,mixed mixed-phase C-O stretching / C-H bending,delta(C6-C9-H22),angle,4.450343090263766,-,-0.10697125376230615,0.3099086049953738
34,1177.7263591812662,,,mixed mixed-phase C-O stretching / C-H bending,"gamma(H13;C2,O3,H14)",oop,2.485240143454183,+,0.09197187082300672,0.23411682864784614
34,1177.7263591812662,,,mixed mixed-phase C-O stretching / C-H bending,delta(C6-C8-H18),angle,2.4724701501471626,+,0.07862653758782404,0.318688996065421
34,1177.7263591812662,,,mixed mixed-phase C-O stretching / C-H bending,delta(C7-C6-C9),angle,2.4268871872369577,+,0.047825237006341906,0.845492268834399
34,1177.7263591812662,,,mixed mixed-phase C-O stretching / C-H bending,delta(C7-C6-C8),angle,1.8902019121639462,+,0.04781680175585289,0.6587512652548063
34,1177.7263591812662,,,mixed mixed-phase C-O stretching / C-H bending,nu(C6-C7),bond,1.6066361060149636,-,-0.06835604672772132,0.273992049202674
34,1177.7263591812662,,,mixed mixed-phase C-O stretching / C-H bending,nu(C4-C6),bond,1.5205545360576118,-,-0.0691087985462559,0.2536936689040973
34,1177.7263591812662,,,mixed mixed-phase C-O stretching / C-H bending,delta(H15-C7-H17),angle,1.3828982056707921,+,0.06343035930014684,0.2738862211420583
34,1177.7263591812662,,,mixed mixed-phase C-O stretching / C-H bending,delta(C6-C7-H17),angle,1.2835722656596793,+,0.05686450487764894,0.3163094116269633
34,1177.7263591812662,,,mixed mixed-phase C-O stretching / C-H bending,tau(H12-C1-C2-H13),dihedral,1.2278465647917227,+,0.04853264972068069,0.4153846152199703
34,1177.7263591812662,,,mixed mixed-phase C-O stretching / C-H bending,tau(H11-C1-C2-H13),dihedral,0.9673178279871101,+,0.045477294115058665,0.37269560643401184
34,1177.7263591812662,,,mixed mixed-phase C-O stretching / C-H bending,"gamma(H18;C8,H19,H20)",oop,0.8641026156022703,-,-0.054962374986842914,0.2279337585365519
34,1177.7263591812662,,,mixed mixed-phase C-O stretching / C-H bending,delta(C1-C2-H14),angle,0.8612401376677346,-,-0.04812253844565557,0.2963476715215922
34,1177.7263591812662,,,mixed mixed-phase C-O stretching / C-H bending,delta(H21-C9-H23),angle,0.6122795809426509,+,0.04236352932300032,0.2718565628519554
34,1177.7263591812662,,,mixed mixed-phase C-O stretching / C-H bending,tau(H11-C1-C2-H14),dihedral,0.5996949180825321,-,-0.04752129460120663,0.21160608660854546
34,1177.7263591812662,,,mixed mixed-phase C-O stretching / C-H bending,delta(C1-C2-O3),angle,0.5353096789457217,-,-0.031680428302966496,0.4250082114162513
34,1177.7263591812662,,,mixed mixed-phase C-O stretching / C-H bending,nu(C1-C2),bond,0.3546530633727692,+,0.03095231467968804,0.2949794525157423
34,1177.7263591812662,,,mixed mixed-phase C-O stretching / C-H bending,delta(H22-C9-H23),angle,0.22857091777838534,+,0.026108234433273467,0.2672023531774869
34,1177.7263591812662,,,mixed mixed-phase C-O stretching / C-H bending,delta(H21-C9-H22),angle,0.19679737398714378,-,-0.023727260349768044,0.2785469590691626
34,1177.7263591812662,,,mixed mixed-phase C-O stretching / C-H bending,delta(H19-C8-H20),angle,0.18072060474142873,-,-0.023701909306099663,0.25633937495241976
34,1177.7263591812662,,,mixed mixed-phase C-O stretching / C-H bending,delta(C4-C6-C8),angle,0.1718988967351966,-,-0.015270222650516259,0.5874307333618307
34,1177.7263591812662,,,mixed mixed-phase C-O stretching / C-H bending,delta(C4-C6-C9),angle,0.16801068322132456,-,-0.015339476162292089,0.5689710296933157
34,1177.7263591812662,,,mixed mixed-phase C-O stretching / C-H bending,tau(C4-C6-C9-H22),dihedral,0.1481732574843938,-,-0.067456130067002,0.02594784517579504
34,1177.7263591812662,,,mixed mixed-phase C-O stretching / C-H bending,delta(H16-C7-H17),angle,0.1328398708015753,-,-0.01927391886257756,0.28494609231836865
34,1177.7263591812662,,,mixed mixed-phase C-O stretching / C-H bending,delta(H15-C7-H16),angle,0.12531539146873047,-,-0.019252726578392356,0.26939792272256335
34,1177.7263591812662,,,mixed mixed-phase C-O stretching / C-H bending,delta(C6-C9-H21),angle,0.11409020884523478,-,-0.01705619742431456,0.312505928233909
34,1177.7263591812662,,,mixed mixed-phase C-O stretching / C-H bending,delta(O3-C4-C6),angle,0.08427779237123213,+,0.01153737056851717,0.5045146489337415
34,1177.7263591812662,,,mixed mixed-phase C-O stretching / C-H bending,tau(C8-C6-C7-H17),dihedral,0.06444928891366683,-,-0.04472519750711975,0.02567366734023094
34,1177.7263591812662,,,mixed mixed-phase C-O stretching / C-H bending,tau(C9-C6-C8-H20),dihedral,0.05839101894376035,-,-0.016218570338937744,0.1768867206031556
34,1177.7263591812662,,,mixed mixed-phase C-O stretching / C-H bending,delta(C2-C1-H10),angle,0.0430823716453318,-,-0.009539042121021546,0.3772805214315562
34,1177.7263591812662,,,mixed mixed-phase C-O stretching / C-H bending,tau(C7-C6-C8-H18),dihedral,0.03901708150800215,-,-0.013349020803679395,0.17447382206388093
34,1177.7263591812662,,,mixed mixed-phase C-O stretching / C-H bending,nu(C4-O5),bond,0.030477023749526457,-,-0.005414135445881813,0.8284926016642041
34,1177.7263591812662,,,mixed mixed-phase C-O stretching / C-H bending,nu(C2-H13),bond,0.027517812090440328,+,0.008094495680010146,0.33466371155807756
34,1177.7263591812662,,,mixed mixed-phase C-O stretching / C-H bending,nu(C2-H14),bond,0.02731502539683815,+,0.008064460389741717,0.33467655984368183
34,1177.7263591812662,,,mixed mixed-phase C-O stretching / C-H bending,delta(C2-C1-H11),angle,0.024263859246894268,+,0.006677368112545744,0.4336342271090426
34,1177.7263591812662,,,mixed mixed-phase C-O stretching / C-H bending,delta(C8-C6-C9),angle,0.02222562535956185,+,0.0050251515419534485,0.7013422090875111
34,1177.7263591812662,,,mixed mixed-phase C-O stretching / C-H bending,delta(C2-O3-C4),angle,0.021162209327310014,+,0.0076097295763341245,0.2912036889642517
34,1177.7263591812662,,,mixed mixed-phase C-O stretching / C-H bending,nu(C9-H23),bond,0.014820674660819442,-,-0.005882471141083515,0.34128930359837056
34,1177.7263591812662,,,mixed mixed-phase C-O stretching / C-H bending,nu(C8-H18),bond,0.01479222139597313,-,-0.005876640768741762,0.3413103237507323
34,1177.7263591812662,,,mixed mixed-phase C-O stretching / C-H bending,"gamma(H11;C1,H10,H12)",oop,0.012339883028758875,-,-0.005414529978733257,0.3354005971942054
34,1177.7263591812662,,,mixed mixed-phase C-O stretching / C-H bending,nu(C6-C9),bond,0.010456009035762734,-,-0.0056329477668364695,0.2625843359756791
34,1177.7263591812662,,,mixed mixed-phase C-O stretching / C-H bending,nu(C6-C8),bond,0.010441130726311865,-,-0.005628609454498754,0.2626150526130056
34,1177.7263591812662,,,mixed mixed-phase C-O stretching / C-H bending,nu(C7-H15),bond,0.0032577640678385757,-,-0.0027648676783986075,0.3395824516930801
34,1177.7263591812662,,,mixed mixed-phase C-O stretching / C-H bending,nu(C7-H17),bond,0.0032519937255137653,-,-0.0027623529086436825,0.339598442129758
34,1177.7263591812662,,,mixed mixed-phase C-O stretching / C-H bending,nu(C8-H20),bond,0.0015501407505460628,-,-0.001921569183464702,0.3345287105692625
34,1177.7263591812662,,,mixed mixed-phase C-O stretching / C-H bending,nu(C9-H21),bond,0.0015437676338306283,-,-0.0019176267258753953,0.3345246288966813
34,1177.7263591812662,,,mixed mixed-phase C-O stretching / C-H bending,nu(C7-H16),bond,0.0010896241043472376,+,0.0016094958222237306,0.33517476100026466
34,1177.7263591812662,,,mixed mixed-phase C-O stretching / C-H bending,nu(C9-H22),bond,0.0010592364765479615,+,0.0015886303082714942,0.33444257153457424
34,1177.7263591812662,,,mixed mixed-phase C-O stretching / C-H bending,nu(C8-H19),bond,0.0010581029755161691,+,0.0015877552158726088,0.3344530442205115
34,1177.7263591812662,,,mixed mixed-phase C-O stretching / C-H bending,nu(C1-H11),bond,0.0004582539740737585,+,0.001039005415423886,0.33825555025336085
34,1177.7263591812662,,,mixed mixed-phase C-O stretching / C-H bending,nu(C1-H12),bond,0.00041697874739198655,+,0.000991114852611453,0.3382519160366286
34,1177.7263591812662,,,mixed mixed-phase C-O stretching / C-H bending,nu(C1-H10),bond,0.00027621180609216904,+,0.0008081778647659893,0.33697885380249765
34,1177.7263591812662,,,mixed mixed-phase C-O stretching / C-H bending,delta(H10-C1-H12),angle,5.412070665535978e-05,+,0.0003099447593196178,0.44892023061146324
34,1177.7263591812662,,,mixed mixed-phase C-O stretching / C-H bending,tau(H10-C1-C2-O3),dihedral,2.1937119464455408e-05,+,0.00025943404904974437,0.25971675406989986
34,1177.7263591812662,,,mixed mixed-phase C-O stretching / C-H bending,tau(C2-O3-C4-C6),dihedral,2.4489942719702075e-06,+,0.0002174478321897726,0.041271658217058235
34,1177.7263591812662,,,mixed mixed-phase C-O stretching / C-H bending,"gamma(O3;C4,O5,C6)",oop,7.910211007084641e-07,-,-7.207633190305103e-05,0.12133246739127751
34,1177.7263591812662,,,mixed mixed-phase C-O stretching / C-H bending,tau(C1-C2-O3-C4),dihedral,2.4442426316335366e-07,+,0.00014811027172379482,0.008878677288367255
34,1177.7263591812662,,,mixed mixed-phase C-O stretching / C-H bending,tau(O3-C4-C6-C7),dihedral,6.398824623094636e-08,+,6.069728096155287e-05,0.013839998659108788
35,1180.7690036661677,,,mixed C-H bending / C-C torsion,delta(C2-C1-H11),angle,34.91253563969709,+,0.23414579445036157,0.4336342271090426
35,1180.7690036661677,,,mixed C-H bending / C-C torsion,tau(H12-C1-C2-H13),dihedral,17.44128139939848,-,-0.16909136640381092,0.4153846152199703
35,1180.7690036661677,,,mixed C-H bending / C-C torsion,tau(H11-C1-C2-H13),dihedral,15.655706694504598,-,-0.169128440517893,0.37269560643401184
35,1180.7690036661677,,,mixed C-H bending / C-C torsion,tau(H11-C1-C2-H14),dihedral,8.913993186881104,-,-0.16936728038038645,0.21160608660854546
35,1180.7690036661677,,,mixed C-H bending / C-C torsion,delta(H10-C1-H12),angle,7.384804994823104,-,-0.10583818166638549,0.44892023061146324
35,1180.7690036661677,,,mixed C-H bending / C-C torsion,"gamma(H13;C2,O3,H14)",oop,5.703302127777009,-,-0.12879657544638604,0.23411682864784614
35,1180.7690036661677,,,mixed C-H bending / C-C torsion,delta(C1-C2-H14),angle,5.02702491728197,+,0.1074761750669062,0.2963476715215922
35,1180.7690036661677,,,mixed C-H bending / C-C torsion,tau(H10-C1-C2-O3),dihedral,2.8638884145389727,-,-0.08665337967239542,0.25971675406989986
35,1180.7690036661677,,,mixed C-H bending / C-C torsion,"gamma(H11;C1,H10,H12)",oop,1.4775889859525149,+,0.05477121178338576,0.3354005971942054
35,1180.7690036661677,,,mixed C-H bending / C-C torsion,tau(C2-O3-C4-C6),dihedral,0.326300918729342,-,-0.07337373584404035,0.041271658217058235
35,1180.7690036661677,,,mixed C-H bending / C-C torsion,"gamma(O3;C4,O5,C6)",oop,0.13087922473400893,+,0.027102183719293235,0.12133246739127751
35,1180.7690036661677,,,mixed C-H bending / C-C torsion,tau(C1-C2-O3-C4),dihedral,0.03819886243081686,-,-0.0541263226528576,0.008878677288367255
35,1180.7690036661677,,,mixed C-H bending / C-C torsion,nu(C1-H12),bond,0.03348335476978541,+,0.008210163242556521,0.3382519160366286
35,1180.7690036661677,,,mixed C-H bending / C-C torsion,nu(C1-H11),bond,0.033465148447323935,-,-0.008207886738665522,0.33825555025336085
35,1180.7690036661677,,,mixed C-H bending / C-C torsion,nu(C2-H14),bond,0.009831324077773611,+,0.004472504650448856,0.33467655984368183
35,1180.7690036661677,,,mixed C-H bending / C-C torsion,nu(C2-H13),bond,0.009628648258211792,-,-0.00442624849469034,0.33466371155807756
35,1180.7690036661677,,,mixed C-H bending / C-C torsion,tau(O3-C4-C6-C7),dihedral,0.00789385995112158,-,-0.01970761762236653,0.013839998659108788
35,1180.7690036661677,,,mixed C-H bending / C-C torsion,delta(C4-C6-C8),angle,0.007371569986993876,-,-0.0029232038848222073,0.5874307333618307
35,1180.7690036661677,,,mixed C-H bending / C-C torsion,delta(C4-C6-C9),angle,0.006680671289031525,+,0.002827628937686716,0.5689710296933157
35,1180.7690036661677,,,mixed C-H bending / C-C torsion,delta(C6-C8-H19),angle,0.002957054623967446,-,-0.002278928345086143,0.38771525788471284
35,1180.7690036661677,,,mixed C-H bending / C-C torsion,delta(C6-C7-H17),angle,0.002204085374569763,-,-0.002178289469493449,0.3163094116269633
35,1180.7690036661677,,,mixed C-H bending / C-C torsion,nu(C6-C9),bond,0.001499076777830076,-,-0.00197167338157653,0.2625843359756791
35,1180.7690036661677,,,mixed C-H bending / C-C torsion,nu(C6-C8),bond,0.0014563238443075237,+,0.001943240777097648,0.2626150526130056
35,1180.7690036661677,,,mixed C-H bending / C-C torsion,delta(C7-C6-C9),angle,0.0012377097914320618,+,0.0009984171576212324,0.845492268834399
35,1180.7690036661677,,,mixed C-H bending / C-C torsion,delta(C6-C9-H22),angle,0.0012352729243560634,+,0.0016474873414203271,0.3099086049953738
35,1180.7690036661677,,,mixed C-H bending / C-C torsion,delta(C6-C9-H21),angle,0.001033347393830482,-,-0.001500553509237065,0.312505928233909
35,1180.7690036661677,,,mixed C-H bending / C-C torsion,tau(C9-C6-C8-H20),dihedral,0.0006177147451673667,-,-0.0015420690177795728,0.1768867206031556
35,1180.7690036661677,,,mixed C-H bending / C-C torsion,delta(H19-C8-H20),angle,0.0005615814923809756,-,-0.001221395106194527,0.25633937495241976
35,1180.7690036661677,,,mixed C-H bending / C-C torsion,delta(C7-C6-C8),angle,0.0004927853847303808,-,-0.0007137163092080112,0.6587512652548063
35,1180.7690036661677,,,mixed C-H bending / C-C torsion,delta(H21-C9-H22),angle,0.00047443683472234594,+,0.0010769546898814258,0.2785469590691626
35,1180.7690036661677,,,mixed C-H bending / C-C torsion,"gamma(H18;C8,H19,H20)",oop,0.00045157786628180653,-,-0.001161500605103504,0.2279337585365519
35,1180.7690036661677,,,mixed C-H bending / C-C torsion,nu(O3-C4),bond,0.00040349628767961276,+,0.0008573778659328107,0.3737746932579269
35,1180.7690036661677,,,mixed C-H bending / C-C torsion,delta(H16-C7-H17),angle,0.0003498716565239206,-,-0.0009143879003158614,0.28494609231836865
35,1180.7690036661677,,,mixed C-H bending / C-C torsion,delta(H15-C7-H16),angle,0.0002555160052446359,+,0.0008036544909536554,0.26939792272256335
35,1180.7690036661677,,,mixed C-H bending / C-C torsion,delta(H22-C9-H23),angle,0.0002462511910565767,-,-0.000792184742011139,0.2672023531774869
35,1180.7690036661677,,,mixed C-H bending / C-C torsion,delta(H21-C9-H23),angle,0.00013673278750881587,-,-0.0005852263413512923,0.2718565628519554
35,1180.7690036661677,,,mixed C-H bending / C-C torsion,delta(O3-C4-O5),angle,0.0001334964442053518,-,-0.00038892824373565864,0.6009600723599223
35,1180.7690036661677,,,mixed C-H bending / C-C torsion,tau(C4-C6-C9-H22),dihedral,0.0001302238226943383,+,0.0018486385860647314,0.02594784517579504
35,1180.7690036661677,,,mixed C-H bending / C-C torsion,delta(C6-C7-H16),angle,7.547162185074823e-05,-,-0.0003985183607145494,0.3235950711183532
35,1180.7690036661677,,,mixed C-H bending / C-C torsion,nu(C2-O3),bond,5.123785240934656e-05,-,-0.00034666161465970677,0.29033159021092214
35,1180.7690036661677,,,mixed C-H bending / C-C torsion,delta(C6-C8-H18),angle,4.079871892117774e-05,+,0.0002952549395107003,0.318688996065421
35,1180.7690036661677,,,mixed C-H bending / C-C torsion,nu(C6-C7),bond,1.758839055255232e-05,-,-0.000209074714693187,0.273992049202674
35,1180.7690036661677,,,mixed C-H bending / C-C torsion,delta(H15-C7-H17),angle,1.3845562747706518e-05,+,0.0001855357725050786,0.2738862211420583
35,1180.7690036661677,,,mixed C-H bending / C-C torsion,nu(C4-C6),bond,1.347861886354444e-05,-,-0.00019020648703737387,0.2536936689040973
35,1180.7690036661677,,,mixed C-H bending / C-C torsion,nu(C9-H21),bond,8.431339720217107e-06,-,-0.000131006151322957,0.3345246288966813
35,1180.7690036661677,,,mixed C-H bending / C-C torsion,delta(C1-C2-O3),angle,7.663736549772146e-06,-,-0.00011081002828418555,0.4250082114162513
35,1180.7690036661677,,,mixed C-H bending / C-C torsion,nu(C8-H20),bond,7.104740615083822e-06,+,0.00012025824398613764,0.3345287105692625
35,1180.7690036661677,,,mixed C-H bending / C-C torsion,nu(C8-H18),bond,5.305051704127384e-06,-,-0.0001028791910902875,0.3413103237507323
35,1180.7690036661677,,,mixed C-H bending / C-C torsion,nu(C1-C2),bond,4.57340095551129e-06,+,0.00010274985063230835,0.2949794525157423
35,1180.7690036661677,,,mixed C-H bending / C-C torsion,tau(C8-C6-C7-H17),dihedral,4.204310730933034e-06,-,-0.000333934193294294,0.02567366734023094
35,1180.7690036661677,,,mixed C-H bending / C-C torsion,tau(C7-C6-C8-H18),dihedral,2.6589038645167304e-06,-,-0.00010186937060597538,0.17447382206388093
35,1180.7690036661677,,,mixed C-H bending / C-C torsion,nu(C7-H15),bond,2.3487587794430354e-06,-,-6.862842486489925e-05,0.3395824516930801
35,1180.7690036661677,,,mixed C-H bending / C-C torsion,nu(C9-H23),bond,2.321103736550239e-06,+,6.805238957283881e-05,0.34128930359837056
35,1180.7690036661677,,,mixed C-H bending / C-C torsion,delta(C2-C1-H10),angle,1.584111710816693e-06,-,-5.347098116010723e-05,0.3772805214315562
35,1180.7690036661677,,,mixed C-H bending / C-C torsion,nu(C8-H19),bond,1.5466257125720198e-06,+,5.6115453767776305e-05,0.3344530442205115
35,1180.7690036661677,,,mixed C-H bending / C-C torsion,nu(C7-H17),bond,1.3709481937310187e-06,+,5.243063528479669e-05,0.339598442129758
35,1180.7690036661677,,,mixed C-H bending / C-C torsion,nu(C9-H22),bond,1.0334616613017194e-06,-,-4.5871596005304966e-05,0.33444257153457424
35,1180.7690036661677,,,mixed C-H bending / C-C torsion,delta(O3-C4-C6),angle,5.922196994051635e-07,+,2.8272354461223034e-05,0.5045146489337415
35,1180.7690036661677,,,mixed C-H bending / C-C torsion,delta(C8-C6-C9),angle,1.7229599485015194e-07,+,1.29339162748271e-05,0.7013422090875111
35,1180.7690036661677,,,mixed C-H bending / C-C torsion,delta(C2-O3-C4),angle,1.170464948150377e-07,-,-1.6543912056313568e-05,0.2912036889642517
35,1180.7690036661677,,,mixed C-H bending / C-C torsion,nu(C4-O5),bond,3.6586151318753645e-08,-,-5.4836722343671e-06,0.8284926016642041
35,1180.7690036661677,,,mixed C-H bending / C-C torsion,nu(C7-H16),bond,1.0507221514484499e-08,+,4.620252733650046e-06,0.33517476100026466
35,1180.7690036661677,,,mixed C-H bending / C-C torsion,nu(C1-H10),bond,5.307445603517737e-09,+,3.274906417300927e-06,0.33697885380249765
36,1229.400678232718,,,mixed C-H bending / C-C-C bending / opposite-phase C-C stretching,delta(C6-C7-H17),angle,18.062128374041958,-,-0.22559906612227387,0.3163094116269633
36,1229.400678232718,,,mixed C-H bending / C-C-C bending / opposite-phase C-C stretching,delta(C7-C6-C9),angle,13.451957625351735,+,0.11908219117104599,0.845492268834399
36,1229.400678232718,,,mixed C-H bending / C-C-C bending / opposite-phase C-C stretching,nu(C6-C9),bond,12.628198243205953,-,-0.20703567192772723,0.2625843359756791
36,1229.400678232718,,,mixed C-H bending / C-C-C bending / opposite-phase C-C stretching,nu(C6-C8),bond,12.583621853795986,+,0.20665785348564597,0.2626150526130056
36,1229.400678232718,,,mixed C-H bending / C-C-C bending / opposite-phase C-C stretching,delta(C7-C6-C8),angle,10.48786222508634,-,-0.11912190991720426,0.6587512652548063
36,1229.400678232718,,,mixed C-H bending / C-C-C bending / opposite-phase C-C stretching,delta(C6-C9-H21),angle,6.055023523031193,-,-0.13141280323149715,0.312505928233909
36,1229.400678232718,,,mixed C-H bending / C-C-C bending / opposite-phase C-C stretching,delta(C4-C6-C8),angle,5.548587993162206,-,-0.0917533224045264,0.5874307333618307
36,1229.400678232718,,,mixed C-H bending / C-C-C bending / opposite-phase C-C stretching,delta(C4-C6-C9),angle,5.373319387095233,+,0.09174557843943237,0.5689710296933157
36,1229.400678232718,,,mixed C-H bending / C-C-C bending / opposite-phase C-C stretching,delta(H16-C7-H17),angle,3.6203423452594627,-,-0.10641487999810313,0.28494609231836865
36,1229.400678232718,,,mixed C-H bending / C-C-C bending / opposite-phase C-C stretching,delta(H15-C7-H16),angle,3.413854652647889,+,0.10627577592070496,0.26939792272256335
36,1229.400678232718,,,mixed C-H bending / C-C-C bending / opposite-phase C-C stretching,delta(C6-C8-H18),angle,3.083070371400951,-,-0.09285751927964533,0.318688996065421
36,1229.400678232718,,,mixed C-H bending / C-C-C bending / opposite-phase C-C stretching,"gamma(O3;C4,O5,C6)",oop,2.0664578065338692,+,0.12320650801929316,0.12133246739127751
36,1229.400678232718,,,mixed C-H bending / C-C-C bending / opposite-phase C-C stretching,delta(H22-C9-H23),angle,0.9845893582275168,+,0.05730814114363613,0.2672023531774869
36,1229.400678232718,,,mixed C-H bending / C-C-C bending / opposite-phase C-C stretching,delta(H21-C9-H22),angle,0.4990236030336754,-,-0.03995951655809989,0.2785469590691626
36,1229.400678232718,,,mixed C-H bending / C-C-C bending / opposite-phase C-C stretching,delta(H19-C8-H20),angle,0.46297908550527356,+,0.04012193945701539,0.25633937495241976
36,1229.400678232718,,,mixed C-H bending / C-C-C bending / opposite-phase C-C stretching,tau(C2-O3-C4-C6),dihedral,0.33797015883868986,+,0.08543230246983113,0.041271658217058235
36,1229.400678232718,,,mixed C-H bending / C-C-C bending / opposite-phase C-C stretching,delta(C6-C8-H19),angle,0.32975586090228637,-,-0.027532693988494405,0.38771525788471284
36,1229.400678232718,,,mixed C-H bending / C-C-C bending / opposite-phase C-C stretching,"gamma(H18;C8,H19,H20)",oop,0.26049777801855234,+,0.031915861960494146,0.2279337585365519
36,1229.400678232718,,,mixed C-H bending / C-C-C bending / opposite-phase C-C stretching,delta(C6-C9-H22),angle,0.25901731697707875,+,0.027293326782141428,0.3099086049953738
36,1229.400678232718,,,mixed C-H bending / C-C-C bending / opposite-phase C-C stretching,tau(C9-C6-C8-H20),dihedral,0.17609669277478326,+,0.02978769353336884,0.1768867206031556
36,1229.400678232718,,,mixed C-H bending / C-C-C bending / opposite-phase C-C stretching,tau(O3-C4-C6-C7),dihedral,0.10738282656954844,+,0.08315881346682776,0.013839998659108788
36,1229.400678232718,,,mixed C-H bending / C-C-C bending / opposite-phase C-C stretching,nu(C7-H15),bond,0.028355870483870355,-,-0.00862695960793942,0.3395824516930801
36,1229.400678232718,,,mixed C-H bending / C-C-C bending / opposite-phase C-C stretching,nu(C7-H17),bond,0.028333323123453564,+,0.008623326006013721,0.339598442129758
36,1229.400678232718,,,mixed C-H bending / C-C-C bending / opposite-phase C-C stretching,tau(C8-C6-C7-H17),dihedral,0.02498722807170611,-,-0.029452622973785963,0.02567366734023094
36,1229.400678232718,,,mixed C-H bending / C-C-C bending / opposite-phase C-C stretching,tau(C4-C6-C9-H22),dihedral,0.022855543914999697,-,-0.02801908985232503,0.02594784517579504
36,1229.400678232718,,,mixed C-H bending / C-C-C bending / opposite-phase C-C stretching,delta(C2-C1-H11),angle,0.014557844035227578,-,-0.005470104794143385,0.4336342271090426
36,1229.400678232718,,,mixed C-H bending / C-C-C bending / opposite-phase C-C stretching,delta(C1-C2-H14),angle,0.010627335302876496,-,-0.0056535381140455174,0.2963476715215922
36,1229.400678232718,,,mixed C-H bending / C-C-C bending / opposite-phase C-C stretching,delta(H21-C9-H23),angle,0.010281009579581847,-,-0.005805730383201603,0.2718565628519554
36,1229.400678232718,,,mixed C-H bending / C-C-C bending / opposite-phase C-C stretching,tau(C7-C6-C8-H18),dihedral,0.009975199875013977,-,-0.007138460457603434,0.17447382206388093
36,1229.400678232718,,,mixed C-H bending / C-C-C bending / opposite-phase C-C stretching,tau(H10-C1-C2-O3),dihedral,0.008920170610746967,+,0.005532806599614026,0.25971675406989986
36,1229.400678232718,,,mixed C-H bending / C-C-C bending / opposite-phase C-C stretching,delta(H10-C1-H12),angle,0.007757575055180334,+,0.00392452677828269,0.44892023061146324
36,1229.400678232718,,,mixed C-H bending / C-C-C bending / opposite-phase C-C stretching,nu(C8-H18),bond,0.00773814743334809,+,0.004495237892625565,0.3413103237507323
36,1229.400678232718,,,mixed C-H bending / C-C-C bending / opposite-phase C-C stretching,nu(C9-H23),bond,0.007685292516507352,-,-0.004479997327005672,0.34128930359837056
36,1229.400678232718,,,mixed C-H bending / C-C-C bending / opposite-phase C-C stretching,nu(C8-H20),bond,0.005597864995075194,-,-0.003861921166181272,0.3345287105692625
36,1229.400678232718,,,mixed C-H bending / C-C-C bending / opposite-phase C-C stretching,nu(C9-H21),bond,0.0055260403427396165,+,0.003837088969277036,0.3345246288966813
36,1229.400678232718,,,mixed C-H bending / C-C-C bending / opposite-phase C-C stretching,tau(C1-C2-O3-C4),dihedral,0.00407536042567777,+,0.02022636167618186,0.008878677288367255
36,1229.400678232718,,,mixed C-H bending / C-C-C bending / opposite-phase C-C stretching,tau(H12-C1-C2-H13),dihedral,0.0022908124495494247,-,-0.002217065153458175,0.4153846152199703
36,1229.400678232718,,,mixed C-H bending / C-C-C bending / opposite-phase C-C stretching,tau(H11-C1-C2-H13),dihedral,0.0021040708321975504,-,-0.0022431686866893493,0.37269560643401184
36,1229.400678232718,,,mixed C-H bending / C-C-C bending / opposite-phase C-C stretching,nu(C8-H19),bond,0.0015808411611009654,+,0.0020525107168120537,0.3344530442205115
36,1229.400678232718,,,mixed C-H bending / C-C-C bending / opposite-phase C-C stretching,nu(C9-H22),bond,0.0015621836057790064,-,-0.002040394542537232,0.33444257153457424
36,1229.400678232718,,,mixed C-H bending / C-C-C bending / opposite-phase C-C stretching,"gamma(H11;C1,H10,H12)",oop,0.001560921244519852,-,-0.002036655021635475,0.3354005971942054
36,1229.400678232718,,,mixed C-H bending / C-C-C bending / opposite-phase C-C stretching,tau(H11-C1-C2-H14),dihedral,0.0011562727610740517,-,-0.002206860909665394,0.21160608660854546
36,1229.400678232718,,,mixed C-H bending / C-C-C bending / opposite-phase C-C stretching,"gamma(H13;C2,O3,H14)",oop,0.0004054745507989944,-,-0.0012424370014490135,0.23411682864784614
36,1229.400678232718,,,mixed C-H bending / C-C-C bending / opposite-phase C-C stretching,nu(C2-H14),bond,9.262172259447672e-05,-,-0.0004966525517566767,0.33467655984368183
36,1229.400678232718,,,mixed C-H bending / C-C-C bending / opposite-phase C-C stretching,nu(C2-H13),bond,9.161587227037076e-05,+,0.0004939579063305287,0.33466371155807756
36,1229.400678232718,,,mixed C-H bending / C-C-C bending / opposite-phase C-C stretching,delta(C8-C6-C9),angle,4.07407350722777e-05,+,0.00022754030410521053,0.7013422090875111
36,1229.400678232718,,,mixed C-H bending / C-C-C bending / opposite-phase C-C stretching,nu(C1-H12),bond,2.9695989218506184e-05,-,-0.0002797291065009179,0.3382519160366286
36,1229.400678232718,,,mixed C-H bending / C-C-C bending / opposite-phase C-C stretching,nu(C1-H11),bond,2.9496444400048922e-05,+,0.00027878619250126997,0.33825555025336085
36,1229.400678232718,,,mixed C-H bending / C-C-C bending / opposite-phase C-C stretching,delta(C6-C7-H16),angle,1.6122712647806753e-05,-,-0.000210730307186147,0.3235950711183532
36,1229.400678232718,,,mixed C-H bending / C-C-C bending / opposite-phase C-C stretching,nu(C6-C7),bond,1.5101151313446009e-05,+,0.0002216383670278925,0.273992049202674
36,1229.400678232718,,,mixed C-H bending / C-C-C bending / opposite-phase C-C stretching,nu(C4-C6),bond,6.2684329181202475e-06,+,0.0001483998865919998,0.2536936689040973
36,1229.400678232718,,,mixed C-H bending / C-C-C bending / opposite-phase C-C stretching,delta(H15-C7-H17),angle,2.8342100813481207e-06,+,9.603727298767648e-05,0.2738862211420583
36,1229.400678232718,,,mixed C-H bending / C-C-C bending / opposite-phase C-C stretching,nu(O3-C4),bond,1.311499111448041e-06,-,-5.592267610820609e-05,0.3737746932579269
36,1229.400678232718,,,mixed C-H bending / C-C-C bending / opposite-phase C-C stretching,delta(O3-C4-O5),angle,1.0169064190909132e-06,+,3.8835292228358316e-05,0.6009600723599223
36,1229.400678232718,,,mixed C-H bending / C-C-C bending / opposite-phase C-C stretching,delta(O3-C4-C6),angle,8.420612438693989e-07,-,-3.856948514523547e-05,0.5045146489337415
36,1229.400678232718,,,mixed C-H bending / C-C-C bending / opposite-phase C-C stretching,nu(C2-O3),bond,4.5211544711009914e-07,+,3.725515878292142e-05,0.29033159021092214
36,1229.400678232718,,,mixed C-H bending / C-C-C bending / opposite-phase C-C stretching,delta(C2-C1-H10),angle,1.5226856685613152e-07,-,-1.8966265713847027e-05,0.3772805214315562
36,1229.400678232718,,,mixed C-H bending / C-C-C bending / opposite-phase C-C stretching,nu(C4-O5),bond,1.1179105116671689e-07,+,1.0966501314023403e-05,0.8284926016642041
36,1229.400678232718,,,mixed C-H bending / C-C-C bending / opposite-phase C-C stretching,nu(C7-H16),bond,7.487887429573875e-08,+,1.4110840781268203e-05,0.33517476100026466
36,1229.400678232718,,,mixed C-H bending / C-C-C bending / opposite-phase C-C stretching,delta(C2-O3-C4),angle,6.522714938328094e-08,-,-1.4129430440299718e-05,0.2912036889642517
36,1229.400678232718,,,mixed C-H bending / C-C-C bending / opposite-phase C-C stretching,delta(C1-C2-O3),angle,1.1738445767397123e-08,-,-4.961528961887622e-06,0.4250082114162513
36,1229.400678232718,,,mixed C-H bending / C-C-C bending / opposite-phase C-C stretching,nu(C1-H10),bond,4.087947679468563e-10,+,1.0398249464165721e-06,0.33697885380249765
36,1229.400678232718,,,mixed C-H bending / C-C-C bending / opposite-phase C-C stretching,nu(C1-C2),bond,3.1708748062634953e-12,+,9.788193753294097e-08,0.2949794525157423
37,1250.101539342327,,,mixed C-H bending / mixed-phase C-C stretching / C-C-C bending,delta(C8-C6-C9),angle,21.87010802958356,-,-0.15976995766288032,0.7013422090875111
37,1250.101539342327,,,mixed C-H bending / mixed-phase C-C stretching / C-C-C bending,delta(C6-C9-H21),angle,14.58038953699415,-,-0.19542948059311796,0.312505928233909
37,1250.101539342327,,,mixed C-H bending / mixed-phase C-C stretching / C-C-C bending,nu(C6-C7),bond,12.813084368239764,-,-0.1956557011059441,0.273992049202674
37,1250.101539342327,,,mixed C-H bending / mixed-phase C-C stretching / C-C-C bending,delta(C6-C8-H18),angle,7.225934226146437,+,0.1362379538798533,0.318688996065421
37,1250.101539342327,,,mixed C-H bending / mixed-phase C-C stretching / C-C-C bending,nu(C6-C8),bond,6.784833526480433,+,0.14542679562065636,0.2626150526130056
37,1250.101539342327,,,mixed C-H bending / mixed-phase C-C stretching / C-C-C bending,nu(C6-C9),bond,6.726598520016103,+,0.14480981224091172,0.2625843359756791
37,1250.101539342327,,,mixed C-H bending / mixed-phase C-C stretching / C-C-C bending,delta(C6-C7-H16),angle,5.571468887044489,+,0.1187185408887876,0.3235950711183532
37,1250.101539342327,,,mixed C-H bending / mixed-phase C-C stretching / C-C-C bending,delta(O3-C4-C6),angle,3.44298242853351,+,0.0747420761281149,0.5045146489337415
37,1250.101539342327,,,mixed C-H bending / mixed-phase C-C stretching / C-C-C bending,delta(H22-C9-H23),angle,3.0626618847958462,+,0.09686436416891774,0.2672023531774869
37,1250.101539342327,,,mixed C-H bending / mixed-phase C-C stretching / C-C-C bending,delta(C6-C7-H17),angle,2.1875045551429535,-,-0.07524074209343999,0.3163094116269633
37,1250.101539342327,,,mixed C-H bending / mixed-phase C-C stretching / C-C-C bending,nu(C4-C6),bond,2.1804044632323354,-,-0.08387805687213695,0.2536936689040973
37,1250.101539342327,,,mixed C-H bending / mixed-phase C-C stretching / C-C-C bending,delta(C6-C8-H19),angle,2.1242037542781107,+,0.06696938093627819,0.38771525788471284
37,1250.101539342327,,,mixed C-H bending / mixed-phase C-C stretching / C-C-C bending,delta(H21-C9-H22),angle,1.7136633602946778,-,-0.07096565070010301,0.2785469590691626
37,1250.101539342327,,,mixed C-H bending / mixed-phase C-C stretching / C-C-C bending,delta(C6-C9-H22),angle,1.6995868562749366,+,0.06700226879455311,0.3099086049953738
37,1250.101539342327,,,mixed C-H bending / mixed-phase C-C stretching / C-C-C bending,delta(H19-C8-H20),angle,1.5745098563062827,-,-0.07090872488574738,0.25633937495241976
37,1250.101539342327,,,mixed C-H bending / mixed-phase C-C stretching / C-C-C bending,delta(H15-C7-H17),angle,1.2390118500691751,-,-0.06085374109901569,0.2738862211420583
37,1250.101539342327,,,mixed C-H bending / mixed-phase C-C stretching / C-C-C bending,delta(H16-C7-H17),angle,0.7739352691252349,+,0.04715259631945301,0.28494609231836865
37,1250.101539342327,,,mixed C-H bending / mixed-phase C-C stretching / C-C-C bending,delta(H15-C7-H16),angle,0.741139162915159,+,0.047455592977262276,0.26939792272256335
37,1250.101539342327,,,mixed C-H bending / mixed-phase C-C stretching / C-C-C bending,delta(C7-C6-C9),angle,0.7317164985785167,+,0.02661651847887135,0.845492268834399
37,1250.101539342327,,,mixed C-H bending / mixed-phase C-C stretching / C-C-C bending,delta(C7-C6-C8),angle,0.5553458649337609,+,0.026269734559340802,0.6587512652548063
37,1250.101539342327,,,mixed C-H bending / mixed-phase C-C stretching / C-C-C bending,delta(H21-C9-H23),angle,0.3961186483419778,-,-0.03453642482345029,0.2718565628519554
37,1250.101539342327,,,mixed C-H bending / mixed-phase C-C stretching / C-C-C bending,nu(C4-O5),bond,0.32992670225215065,-,-0.01805506516408643,0.8284926016642041
37,1250.101539342327,,,mixed C-H bending / mixed-phase C-C stretching / C-C-C bending,tau(C7-C6-C8-H18),dihedral,0.24316756809177634,-,-0.033777097906915826,0.17447382206388093
37,1250.101539342327,,,mixed C-H bending / mixed-phase C-C stretching / C-C-C bending,nu(C2-O3),bond,0.23014805658464252,-,-0.025473648626035753,0.29033159021092214
37,1250.101539342327,,,mixed C-H bending / mixed-phase C-C stretching / C-C-C bending,"gamma(H18;C8,H19,H20)",oop,0.22587432948501698,-,-0.02848155893481658,0.2279337585365519
37,1250.101539342327,,,mixed C-H bending / mixed-phase C-C stretching / C-C-C bending,tau(H11-C1-C2-H13),dihedral,0.2224333899821308,+,0.022103319342250627,0.37269560643401184
37,1250.101539342327,,,mixed C-H bending / mixed-phase C-C stretching / C-C-C bending,delta(C2-C1-H10),angle,0.1072272864084419,+,0.01525299438420924,0.3772805214315562
37,1250.101539342327,,,mixed C-H bending / mixed-phase C-C stretching / C-C-C bending,tau(C4-C6-C9-H22),dihedral,0.08328345365826051,-,-0.05125820087901105,0.02594784517579504
37,1250.101539342327,,,mixed C-H bending / mixed-phase C-C stretching / C-C-C bending,delta(C4-C6-C8),angle,0.06897257593058068,-,-0.00980380208397122,0.5874307333618307
37,1250.101539342327,,,mixed C-H bending / mixed-phase C-C stretching / C-C-C bending,delta(C4-C6-C9),angle,0.06321343266970254,-,-0.009536615097703769,0.5689710296933157
37,1250.101539342327,,,mixed C-H bending / mixed-phase C-C stretching / C-C-C bending,delta(C1-C2-H14),angle,0.06075817052283749,-,-0.012954964553951814,0.2963476715215922
37,1250.101539342327,,,mixed C-H bending / mixed-phase C-C stretching / C-C-C bending,delta(C2-C1-H11),angle,0.05298727093575191,-,-0.01000135040666023,0.4336342271090426
37,1250.101539342327,,,mixed C-H bending / mixed-phase C-C stretching / C-C-C bending,delta(C1-C2-O3),angle,0.04437231134158329,+,0.009244682701105525,0.4250082114162513
37,1250.101539342327,,,mixed C-H bending / mixed-phase C-C stretching / C-C-C bending,"gamma(H13;C2,O3,H14)",oop,0.04359504363944891,+,0.012346301733366137,0.23411682864784614
37,1250.101539342327,,,mixed C-H bending / mixed-phase C-C stretching / C-C-C bending,delta(C2-O3-C4),angle,0.04124976859073478,+,0.01076829554324297,0.2912036889642517
37,1250.101539342327,,,mixed C-H bending / mixed-phase C-C stretching / C-C-C bending,delta(O3-C4-O5),angle,0.036104081733319596,-,-0.007012776322978865,0.6009600723599223
37,1250.101539342327,,,mixed C-H bending / mixed-phase C-C stretching / C-C-C bending,nu(C9-H21),bond,0.0334295947013664,+,0.009044533075189225,0.3345246288966813
37,1250.101539342327,,,mixed C-H bending / mixed-phase C-C stretching / C-C-C bending,nu(C8-H20),bond,0.033377701574913175,+,0.00903745525015615,0.3345287105692625
37,1250.101539342327,,,mixed C-H bending / mixed-phase C-C stretching / C-C-C bending,nu(C7-H16),bond,0.028440173488098602,-,-0.00833422288791307,0.33517476100026466
37,1250.101539342327,,,mixed C-H bending / mixed-phase C-C stretching / C-C-C bending,delta(H10-C1-H12),angle,0.025013699612898812,+,0.006753657320832712,0.44892023061146324
37,1250.101539342327,,,mixed C-H bending / mixed-phase C-C stretching / C-C-C bending,nu(C9-H23),bond,0.008685828075839749,-,-0.004564349800404108,0.34128930359837056
37,1250.101539342327,,,mixed C-H bending / mixed-phase C-C stretching / C-C-C bending,nu(C8-H18),bond,0.008614220237461716,-,-0.00454535614681814,0.3413103237507323
37,1250.101539342327,,,mixed C-H bending / mixed-phase C-C stretching / C-C-C bending,nu(C9-H22),bond,0.002502398830679677,-,-0.002474868520592743,0.33444257153457424
37,1250.101539342327,,,mixed C-H bending / mixed-phase C-C stretching / C-C-C bending,nu(C8-H19),bond,0.0024712781507343785,-,-0.002459392716496864,0.3344530442205115
37,1250.101539342327,,,mixed C-H bending / mixed-phase C-C stretching / C-C-C bending,tau(H12-C1-C2-H13),dihedral,0.0016509208236617082,-,-0.0018037342982075073,0.4153846152199703
37,1250.101539342327,,,mixed C-H bending / mixed-phase C-C stretching / C-C-C bending,tau(C8-C6-C7-H17),dihedral,0.0014861288217908595,+,0.006883652181280544,0.02567366734023094
37,1250.101539342327,,,mixed C-H bending / mixed-phase C-C stretching / C-C-C bending,nu(O3-C4),bond,0.0013380227265244132,+,0.001711833190504316,0.3737746932579269
37,1250.101539342327,,,mixed C-H bending / mixed-phase C-C stretching / C-C-C bending,"gamma(H11;C1,H10,H12)",oop,0.0010397794544898323,+,0.0015930277625363011,0.3354005971942054
37,1250.101539342327,,,mixed C-H bending / mixed-phase C-C stretching / C-C-C bending,tau(C9-C6-C8-H20),dihedral,0.0008704664602336307,-,-0.002007072452923411,0.1768867206031556
37,1250.101539342327,,,mixed C-H bending / mixed-phase C-C stretching / C-C-C bending,tau(H11-C1-C2-H14),dihedral,0.0008318722346709738,+,0.001793902690596524,0.21160608660854546
37,1250.101539342327,,,mixed C-H bending / mixed-phase C-C stretching / C-C-C bending,nu(C7-H17),bond,0.00041728655975867697,+,0.001002926249577761,0.339598442129758
37,1250.101539342327,,,mixed C-H bending / mixed-phase C-C stretching / C-C-C bending,nu(C1-H10),bond,0.0003985683280040804,-,-0.0009839764683424062,0.33697885380249765
37,1250.101539342327,,,mixed C-H bending / mixed-phase C-C stretching / C-C-C bending,nu(C7-H15),bond,0.0003957241209640413,+,0.0009766934747596457,0.3395824516930801
37,1250.101539342327,,,mixed C-H bending / mixed-phase C-C stretching / C-C-C bending,nu(C1-C2),bond,0.0003510619965247068,-,-0.0009870307229787757,0.2949794525157423
37,1250.101539342327,,,mixed C-H bending / mixed-phase C-C stretching / C-C-C bending,nu(C2-H13),bond,6.053836763619136e-05,+,0.00038480941216339435,0.33466371155807756
37,1250.101539342327,,,mixed C-H bending / mixed-phase C-C stretching / C-C-C bending,nu(C2-H14),bond,6.0196638336455625e-05,+,0.0003837144160111878,0.33467655984368183
37,1250.101539342327,,,mixed C-H bending / mixed-phase C-C stretching / C-C-C bending,nu(C1-H11),bond,2.4052062297585506e-05,+,0.00024126167505317817,0.33825555025336085
37,1250.101539342327,,,mixed C-H bending / mixed-phase C-C stretching / C-C-C bending,nu(C1-H12),bond,2.3915652716695777e-05,+,0.0002405778453369806,0.3382519160366286
37,1250.101539342327,,,mixed C-H bending / mixed-phase C-C stretching / C-C-C bending,"gamma(O3;C4,O5,C6)",oop,1.0139535614538442e-06,+,8.270945559325928e-05,0.12133246739127751
37,1250.101539342327,,,mixed C-H bending / mixed-phase C-C stretching / C-C-C bending,tau(O3-C4-C6-C7),dihedral,3.465037428596869e-07,+,0.00014315963600528865,0.013839998659108788
37,1250.101539342327,,,mixed C-H bending / mixed-phase C-C stretching / C-C-C bending,tau(C2-O3-C4-C6),dihedral,2.0798673446558909e-07,+,6.422831126505099e-05,0.041271658217058235
37,1250.101539342327,,,mixed C-H bending / mixed-phase C-C stretching / C-C-C bending,tau(H10-C1-C2-O3),dihedral,1.1065524993504267e-08,+,5.905690361757158e-06,0.25971675406989986
37,1250.101539342327,,,mixed C-H bending / mixed-phase C-C stretching / C-C-C bending,tau(C1-C2-O3-C4),dihedral,2.417064692691329e-09,+,1.4928103797930597e-05,0.008878677288367255
38,1298.6162098974673,,,mixed C-H bending / C-C-C bending / mixed-phase C-C stretching,nu(C4-C6),bond,14.887656752342563,+,0.25340686510396276,0.2536936689040973
38,1298.6162098974673,,,mixed C-H bending / C-C-C bending / mixed-phase C-C stretching,nu(O3-C4),bond,7.857189205761582,-,-0.15166615475718895,0.3737746932579269
38,1298.6162098974673,,,mixed C-H bending / C-C-C bending / mixed-phase C-C stretching,delta(C6-C8-H18),angle,7.423765286632519,+,0.1596572334565818,0.318688996065421
38,1298.6162098974673,,,mixed C-H bending / C-C-C bending / mixed-phase C-C stretching,delta(C6-C8-H19),angle,7.059915549428993,-,-0.1411572939654669,0.38771525788471284
38,1298.6162098974673,,,mixed C-H bending / C-C-C bending / mixed-phase C-C stretching,delta(C7-C6-C9),angle,6.842492478387381,+,0.09410492680815044,0.845492268834399
38,1298.6162098974673,,,mixed C-H bending / C-C-C bending / mixed-phase C-C stretching,nu(C6-C7),bond,6.428130805032364,-,-0.1602261472272937,0.273992049202674
38,1298.6162098974673,,,mixed C-H bending / C-C-C bending / mixed-phase C-C stretching,delta(C4-C6-C8),angle,6.028468268595532,-,-0.10597054668370506,0.5874307333618307
38,1298.6162098974673,,,mixed C-H bending / C-C-C bending / mixed-phase C-C stretching,delta(C4-C6-C9),angle,5.837289007805501,-,-0.10595477615870627,0.5689710296933157
38,1298.6162098974673,,,mixed C-H bending / C-C-C bending / mixed-phase C-C stretching,delta(C6-C9-H22),angle,5.639112896939633,-,-0.14110701162331055,0.3099086049953738
38,1298.6162098974673,,,mixed C-H bending / C-C-C bending / mixed-phase C-C stretching,delta(C7-C6-C8),angle,5.338741448440822,+,0.09417133572891934,0.6587512652548063
38,1298.6162098974673,,,mixed C-H bending / C-C-C bending / mixed-phase C-C stretching,delta(C6-C7-H16),angle,5.038168615003931,-,-0.1305255155887691,0.3235950711183532
38,1298.6162098974673,,,mixed C-H bending / C-C-C bending / mixed-phase C-C stretching,delta(O3-C4-O5),angle,3.949401562729255,+,0.08480136733515836,0.6009600723599223
38,1298.6162098974673,,,mixed C-H bending / C-C-C bending / mixed-phase C-C stretching,delta(H21-C9-H22),angle,2.671325814067618,-,-0.10244110088453301,0.2785469590691626
38,1298.6162098974673,,,mixed C-H bending / C-C-C bending / mixed-phase C-C stretching,delta(H19-C8-H20),angle,2.458191965837002,-,-0.10243780270293436,0.25633937495241976
38,1298.6162098974673,,,mixed C-H bending / C-C-C bending / mixed-phase C-C stretching,delta(H15-C7-H17),angle,2.0902524088778316,+,0.09138486857446225,0.2738862211420583
38,1298.6162098974673,,,mixed C-H bending / C-C-C bending / mixed-phase C-C stretching,"gamma(H13;C2,O3,H14)",oop,1.9496917013067305,-,-0.09546115235237447,0.23411682864784614
38,1298.6162098974673,,,mixed C-H bending / C-C-C bending / mixed-phase C-C stretching,delta(H21-C9-H23),angle,1.9331069085734627,+,0.08821004485249798,0.2718565628519554
38,1298.6162098974673,,,mixed C-H bending / C-C-C bending / mixed-phase C-C stretching,delta(C1-C2-H14),angle,0.8824989111525656,+,0.05708425622151193,0.2963476715215922
38,1298.6162098974673,,,mixed C-H bending / C-C-C bending / mixed-phase C-C stretching,tau(H11-C1-C2-H13),dihedral,0.8699868045461691,-,-0.05054046269507785,0.37269560643401184
38,1298.6162098974673,,,mixed C-H bending / C-C-C bending / mixed-phase C-C stretching,delta(H22-C9-H23),angle,0.6235894262908925,-,-0.05053464850825688,0.2672023531774869
38,1298.6162098974673,,,mixed C-H bending / C-C-C bending / mixed-phase C-C stretching,delta(O3-C4-C6),angle,0.6142213708947999,+,0.03649938849288585,0.5045146489337415
38,1298.6162098974673,,,mixed C-H bending / C-C-C bending / mixed-phase C-C stretching,delta(C6-C7-H17),angle,0.5593120407399099,+,0.04398767873839634,0.3163094116269633
38,1298.6162098974673,,,mixed C-H bending / C-C-C bending / mixed-phase C-C stretching,nu(C4-O5),bond,0.40889056762478054,+,0.02323909686358388,0.8284926016642041
38,1298.6162098974673,,,mixed C-H bending / C-C-C bending / mixed-phase C-C stretching,delta(C6-C9-H21),angle,0.4086919537353916,+,0.03782935450776914,0.312505928233909
38,1298.6162098974673,,,mixed C-H bending / C-C-C bending / mixed-phase C-C stretching,tau(H12-C1-C2-H13),dihedral,0.40624542386827933,-,-0.032713653893791474,0.4153846152199703
38,1298.6162098974673,,,mixed C-H bending / C-C-C bending / mixed-phase C-C stretching,nu(C2-O3),bond,0.3093546439863089,+,0.03414610652589209,0.29033159021092214
38,1298.6162098974673,,,mixed C-H bending / C-C-C bending / mixed-phase C-C stretching,tau(H11-C1-C2-H14),dihedral,0.20148409357112004,+,0.03227872132729088,0.21160608660854546
38,1298.6162098974673,,,mixed C-H bending / C-C-C bending / mixed-phase C-C stretching,delta(C8-C6-C9),angle,0.1678447545301269,+,0.01618262295474001,0.7013422090875111
38,1298.6162098974673,,,mixed C-H bending / C-C-C bending / mixed-phase C-C stretching,tau(C7-C6-C8-H18),dihedral,0.15344087026161604,+,0.031021686622105644,0.17447382206388093
38,1298.6162098974673,,,mixed C-H bending / C-C-C bending / mixed-phase C-C stretching,delta(H16-C7-H17),angle,0.1488282868580602,-,-0.023906797662557835,0.28494609231836865
38,1298.6162098974673,,,mixed C-H bending / C-C-C bending / mixed-phase C-C stretching,delta(H15-C7-H16),angle,0.14235333216788376,-,-0.024046214381991612,0.26939792272256335
38,1298.6162098974673,,,mixed C-H bending / C-C-C bending / mixed-phase C-C stretching,tau(C9-C6-C8-H20),dihedral,0.13941028713018117,-,-0.02936701553315125,0.1768867206031556
38,1298.6162098974673,,,mixed C-H bending / C-C-C bending / mixed-phase C-C stretching,nu(C6-C8),bond,0.092796630191322,-,-0.019663748564900156,0.2626150526130056
38,1298.6162098974673,,,mixed C-H bending / C-C-C bending / mixed-phase C-C stretching,nu(C6-C9),bond,0.09203383406740358,-,-0.019583908303291264,0.2625843359756791
38,1298.6162098974673,,,mixed C-H bending / C-C-C bending / mixed-phase C-C stretching,nu(C1-C2),bond,0.07202262885879929,-,-0.016345515407232655,0.2949794525157423
38,1298.6162098974673,,,mixed C-H bending / C-C-C bending / mixed-phase C-C stretching,delta(C1-C2-O3),angle,0.05750891301728671,+,0.01216827276482907,0.4250082114162513
38,1298.6162098974673,,,mixed C-H bending / C-C-C bending / mixed-phase C-C stretching,delta(C2-C1-H10),angle,0.034594701147211804,-,-0.010016883368217747,0.3772805214315562
38,1298.6162098974673,,,mixed C-H bending / C-C-C bending / mixed-phase C-C stretching,nu(C9-H22),bond,0.034408887951743794,+,0.010610468460940435,0.33444257153457424
38,1298.6162098974673,,,mixed C-H bending / C-C-C bending / mixed-phase C-C stretching,nu(C8-H19),bond,0.03440780503112951,+,0.010610135371848196,0.3344530442205115
38,1298.6162098974673,,,mixed C-H bending / C-C-C bending / mixed-phase C-C stretching,"gamma(H11;C1,H10,H12)",oop,0.03069866826960712,+,0.010007782758875547,0.3354005971942054
38,1298.6162098974673,,,mixed C-H bending / C-C-C bending / mixed-phase C-C stretching,"gamma(H18;C8,H19,H20)",oop,0.015400072842731066,+,0.008598388796520789,0.2279337585365519
38,1298.6162098974673,,,mixed C-H bending / C-C-C bending / mixed-phase C-C stretching,nu(C7-H16),bond,0.012459363419813284,+,0.006377820468302414,0.33517476100026466
38,1298.6162098974673,,,mixed C-H bending / C-C-C bending / mixed-phase C-C stretching,delta(C2-O3-C4),angle,0.009587252028047374,-,-0.0060021749948447264,0.2912036889642517
38,1298.6162098974673,,,mixed C-H bending / C-C-C bending / mixed-phase C-C stretching,tau(C4-C6-C9-H22),dihedral,0.008813519944215004,+,0.01927898050332417,0.02594784517579504
38,1298.6162098974673,,,mixed C-H bending / C-C-C bending / mixed-phase C-C stretching,tau(C8-C6-C7-H17),dihedral,0.006639781031182588,-,-0.01682259312561726,0.02567366734023094
38,1298.6162098974673,,,mixed C-H bending / C-C-C bending / mixed-phase C-C stretching,nu(C7-H17),bond,0.006379271416969854,-,-0.004533803702728922,0.339598442129758
38,1298.6162098974673,,,mixed C-H bending / C-C-C bending / mixed-phase C-C stretching,nu(C7-H15),bond,0.006360045812636685,-,-0.004527073228220326,0.3395824516930801
38,1298.6162098974673,,,mixed C-H bending / C-C-C bending / mixed-phase C-C stretching,nu(C2-H13),bond,0.003700204318405051,-,-0.003478312187805358,0.33466371155807756
38,1298.6162098974673,,,mixed C-H bending / C-C-C bending / mixed-phase C-C stretching,nu(C2-H14),bond,0.0036678343935860644,-,-0.003462997902490371,0.33467655984368183
38,1298.6162098974673,,,mixed C-H bending / C-C-C bending / mixed-phase C-C stretching,nu(C8-H18),bond,0.003520143708933511,-,-0.0033594292700534077,0.3413103237507323
38,1298.6162098974673,,,mixed C-H bending / C-C-C bending / mixed-phase C-C stretching,nu(C9-H23),bond,0.0035137486456133763,-,-0.0033564796952966925,0.34128930359837056
38,1298.6162098974673,,,mixed C-H bending / C-C-C bending / mixed-phase C-C stretching,delta(H10-C1-H12),angle,0.0018386138047949887,-,-0.002116999165970514,0.44892023061146324
38,1298.6162098974673,,,mixed C-H bending / C-C-C bending / mixed-phase C-C stretching,nu(C1-H12),bond,0.00014641633392567464,-,-0.0006882316627387673,0.3382519160366286
38,1298.6162098974673,,,mixed C-H bending / C-C-C bending / mixed-phase C-C stretching,nu(C1-H11),bond,0.00014545805238850746,-,-0.0006859720737400466,0.33825555025336085
38,1298.6162098974673,,,mixed C-H bending / C-C-C bending / mixed-phase C-C stretching,nu(C9-H21),bond,0.00011437060848677332,+,0.0006116502877040173,0.3345246288966813
38,1298.6162098974673,,,mixed C-H bending / C-C-C bending / mixed-phase C-C stretching,nu(C8-H20),bond,0.0001139174501029167,+,0.0006104336228348526,0.3345287105692625
38,1298.6162098974673,,,mixed C-H bending / C-C-C bending / mixed-phase C-C stretching,nu(C1-H10),bond,3.9744546872516955e-05,-,-0.0003592505716778341,0.33697885380249765
38,1298.6162098974673,,,mixed C-H bending / C-C-C bending / mixed-phase C-C stretching,delta(C2-C1-H11),angle,3.2275051359961794e-05,+,0.0002853853736768024,0.4336342271090426
38,1298.6162098974673,,,mixed C-H bending / C-C-C bending / mixed-phase C-C stretching,tau(H10-C1-C2-O3),dihedral,2.003685241433226e-06,+,9.188080334710337e-05,0.25971675406989986
38,1298.6162098974673,,,mixed C-H bending / C-C-C bending / mixed-phase C-C stretching,"gamma(O3;C4,O5,C6)",oop,3.4920508519936265e-07,-,-5.611924017519413e-05,0.12133246739127751
38,1298.6162098974673,,,mixed C-H bending / C-C-C bending / mixed-phase C-C stretching,tau(C2-O3-C4-C6),dihedral,8.622256651928896e-08,-,-4.781283893460818e-05,0.041271658217058235
38,1298.6162098974673,,,mixed C-H bending / C-C-C bending / mixed-phase C-C stretching,tau(C1-C2-O3-C4),dihedral,1.5089103128449287e-08,+,4.312385679444495e-05,0.008878677288367255
38,1298.6162098974673,,,mixed C-H bending / C-C-C bending / mixed-phase C-C stretching,tau(O3-C4-C6-C7),dihedral,7.326205667555533e-10,-,-7.6108216772179575e-06,0.013839998659108788
39,1300.5719401255942,,,mixed C-C torsion / C-H bending,delta(C1-C2-H14),angle,24.685007432776494,+,0.28369165236458543,0.2963476715215922
39,1300.5719401255942,,,mixed C-C torsion / C-H bending,tau(H12-C1-C2-H13),dihedral,23.576900733540256,+,0.23417948097928895,0.4153846152199703
39,1300.5719401255942,,,mixed C-C torsion / C-H bending,tau(H11-C1-C2-H13),dihedral,21.156386259586235,+,0.23419320631834745,0.37269560643401184
39,1300.5719401255942,,,mixed C-C torsion / C-H bending,tau(H11-C1-C2-H14),dihedral,12.01478957785712,+,0.2342203858649921,0.21160608660854546
39,1300.5719401255942,,,mixed C-C torsion / C-H bending,delta(C2-C1-H11),angle,8.41606906959356,+,0.13693786540115302,0.4336342271090426
39,1300.5719401255942,,,mixed C-C torsion / C-H bending,"gamma(H13;C2,O3,H14)",oop,5.249297168364506,+,0.1471854732913023,0.23411682864784614
39,1300.5719401255942,,,mixed C-C torsion / C-H bending,tau(H10-C1-C2-O3),dihedral,2.6551444880022514,-,-0.09938590159979216,0.25971675406989986
39,1300.5719401255942,,,mixed C-C torsion / C-H bending,delta(H10-C1-H12),angle,1.7703645107606474,-,-0.0617273231870775,0.44892023061146324
39,1300.5719401255942,,,mixed C-C torsion / C-H bending,"gamma(H11;C1,H10,H12)",oop,0.35459052385587625,+,0.031960409278084925,0.3354005971942054
39,1300.5719401255942,,,mixed C-C torsion / C-H bending,tau(C1-C2-O3-C4),dihedral,0.022044307553559874,-,-0.04897842106777972,0.008878677288367255
39,1300.5719401255942,,,mixed C-C torsion / C-H bending,nu(C2-H14),bond,0.01755241332613423,-,-0.007118466667675364,0.33467655984368183
39,1300.5719401255942,,,mixed C-C torsion / C-H bending,nu(C2-H13),bond,0.017552405405966736,+,0.007118601705073165,0.33466371155807756
39,1300.5719401255942,,,mixed C-C torsion / C-H bending,"gamma(O3;C4,O5,C6)",oop,0.017455017624351962,-,-0.011789688115897161,0.12133246739127751
39,1300.5719401255942,,,mixed C-C torsion / C-H bending,delta(C7-C6-C9),angle,0.005031814114017457,+,0.002397939156294359,0.845492268834399
39,1300.5719401255942,,,mixed C-C torsion / C-H bending,delta(H22-C9-H23),angle,0.004684805152028924,+,0.004115819423429211,0.2672023531774869
39,1300.5719401255942,,,mixed C-C torsion / C-H bending,tau(C2-O3-C4-C6),dihedral,0.004327763572379888,+,0.010065526339721024,0.041271658217058235
39,1300.5719401255942,,,mixed C-C torsion / C-H bending,"gamma(H18;C8,H19,H20)",oop,0.004123007845725645,+,0.004180550172710361,0.2279337585365519
39,1300.5719401255942,,,mixed C-C torsion / C-H bending,delta(C6-C9-H21),angle,0.003973461512874129,-,-0.00350498416748095,0.312505928233909
39,1300.5719401255942,,,mixed C-C torsion / C-H bending,tau(O3-C4-C6-C7),dihedral,0.0035637238694683536,+,0.015773013834814317,0.013839998659108788
39,1300.5719401255942,,,mixed C-C torsion / C-H bending,nu(C6-C9),bond,0.003558310065492781,-,-0.003618413309224616,0.2625843359756791
39,1300.5719401255942,,,mixed C-C torsion / C-H bending,delta(C6-C7-H17),angle,0.0035308939517499555,-,-0.003284104479208634,0.3163094116269633
39,1300.5719401255942,,,mixed C-C torsion / C-H bending,nu(C6-C8),bond,0.0034856057905648316,+,0.0035810469240164736,0.2626150526130056
39,1300.5719401255942,,,mixed C-C torsion / C-H bending,delta(C7-C6-C8),angle,0.0033630731810025713,-,-0.0022209465816318895,0.6587512652548063
39,1300.5719401255942,,,mixed C-C torsion / C-H bending,delta(C4-C6-C8),angle,0.00212703313298468,-,-0.0018704214771785382,0.5874307333618307
39,1300.5719401255942,,,mixed C-C torsion / C-H bending,delta(C4-C6-C9),angle,0.0016378654665954529,+,0.0016677260841026565,0.5689710296933157
39,1300.5719401255942,,,mixed C-C torsion / C-H bending,delta(H16-C7-H17),angle,0.0010096547613910106,-,-0.0018502728718732748,0.28494609231836865
39,1300.5719401255942,,,mixed C-C torsion / C-H bending,delta(H15-C7-H16),angle,0.0009051628813390692,+,0.0018017599625493807,0.26939792272256335
39,1300.5719401255942,,,mixed C-C torsion / C-H bending,delta(C6-C9-H22),angle,0.0003641004565948961,-,-0.0010654289161308689,0.3099086049953738
39,1300.5719401255942,,,mixed C-C torsion / C-H bending,nu(C1-H11),bond,0.0002613764669559008,-,-0.0008640551463723815,0.33825555025336085
39,1300.5719401255942,,,mixed C-C torsion / C-H bending,nu(C1-H12),bond,0.0002602779419791009,+,0.0008622421212486895,0.3382519160366286
39,1300.5719401255942,,,mixed C-C torsion / C-H bending,delta(C6-C8-H19),angle,0.00025809464968614613,+,0.0008019803733015951,0.38771525788471284
39,1300.5719401255942,,,mixed C-C torsion / C-H bending,tau(C7-C6-C8-H18),dihedral,0.00017838191292495723,+,0.0009938960309564145,0.17447382206388093
39,1300.5719401255942,,,mixed C-C torsion / C-H bending,tau(C4-C6-C9-H22),dihedral,4.50014458886727e-05,-,-0.001294473816244878,0.02594784517579504
39,1300.5719401255942,,,mixed C-C torsion / C-H bending,delta(H21-C9-H23),angle,1.913961513223384e-05,+,0.0002608118830450079,0.2718565628519554
39,1300.5719401255942,,,mixed C-C torsion / C-H bending,nu(C9-H23),bond,1.766334879970216e-05,-,-0.00022361754191570254,0.34128930359837056
39,1300.5719401255942,,,mixed C-C torsion / C-H bending,nu(C8-H18),bond,1.6750357600650708e-05,+,0.0002177549391409764,0.3413103237507323
39,1300.5719401255942,,,mixed C-C torsion / C-H bending,tau(C9-C6-C8-H20),dihedral,1.625629647661718e-05,+,0.0002979846381585508,0.1768867206031556
39,1300.5719401255942,,,mixed C-C torsion / C-H bending,nu(C4-C6),bond,1.5992364428299904e-05,+,0.0002467926433009847,0.2536936689040973
39,1300.5719401255942,,,mixed C-C torsion / C-H bending,nu(O3-C4),bond,1.1750817170696715e-05,-,-0.00017428490459643958,0.3737746932579269
39,1300.5719401255942,,,mixed C-C torsion / C-H bending,nu(C7-H15),bond,8.998642245385369e-06,-,-0.00016000979124785708,0.3395824516930801
39,1300.5719401255942,,,mixed C-C torsion / C-H bending,nu(C7-H17),bond,8.088551471982367e-06,+,0.0001516991744684654,0.339598442129758
39,1300.5719401255942,,,mixed C-C torsion / C-H bending,delta(H19-C8-H20),angle,6.753025792598463e-06,-,-0.00015954097030405047,0.25633937495241976
39,1300.5719401255942,,,mixed C-C torsion / C-H bending,nu(C6-C7),bond,6.469246564206388e-06,-,-0.00015103881059845862,0.273992049202674
39,1300.5719401255942,,,mixed C-C torsion / C-H bending,nu(C8-H19),bond,5.712795256302187e-06,+,0.00012846577416075102,0.3344530442205115
39,1300.5719401255942,,,mixed C-C torsion / C-H bending,delta(C6-C7-H16),angle,4.878109516564342e-06,-,-0.00012068561543413646,0.3235950711183532
39,1300.5719401255942,,,mixed C-C torsion / C-H bending,delta(O3-C4-O5),angle,4.503217281323757e-06,+,8.50881981807837e-05,0.6009600723599223
39,1300.5719401255942,,,mixed C-C torsion / C-H bending,delta(C6-C8-H18),angle,4.465683049164173e-06,-,-0.00011635662056365527,0.318688996065421
39,1300.5719401255942,,,mixed C-C torsion / C-H bending,nu(C9-H22),bond,4.093067572538167e-06,-,-0.00010874126114857954,0.33444257153457424
39,1300.5719401255942,,,mixed C-C torsion / C-H bending,delta(H15-C7-H17),angle,2.055231593596463e-06,+,8.514829909403698e-05,0.2738862211420583
39,1300.5719401255942,,,mixed C-C torsion / C-H bending,delta(O3-C4-C6),angle,8.354990761716986e-07,+,4.000062544142742e-05,0.5045146489337415
39,1300.5719401255942,,,mixed C-C torsion / C-H bending,tau(C8-C6-C7-H17),dihedral,7.619343463508728e-07,-,-0.0001693345219430862,0.02567366734023094
39,1300.5719401255942,,,mixed C-C torsion / C-H bending,nu(C4-O5),bond,3.9907189544717694e-07,+,2.1573069365830884e-05,0.8284926016642041
39,1300.5719401255942,,,mixed C-C torsion / C-H bending,nu(C2-O3),bond,3.0512090705170255e-07,+,3.186541084502262e-05,0.29033159021092214
39,1300.5719401255942,,,mixed C-C torsion / C-H bending,delta(H21-C9-H22),angle,2.8388010916981433e-07,-,-3.1379712213056135e-05,0.2785469590691626
39,1300.5719401255942,,,mixed C-C torsion / C-H bending,delta(C8-C6-C9),angle,1.760947588781509e-07,+,1.5575389352754118e-05,0.7013422090875111
39,1300.5719401255942,,,mixed C-C torsion / C-H bending,delta(C1-C2-O3),angle,1.435327784847638e-07,+,1.806373572317489e-05,0.4250082114162513
39,1300.5719401255942,,,mixed C-C torsion / C-H bending,nu(C1-C2),bond,6.808668771860398e-08,-,-1.4933647857988731e-05,0.2949794525157423
39,1300.5719401255942,,,mixed C-C torsion / C-H bending,nu(C9-H21),bond,6.679102431869899e-08,+,1.3889150647600533e-05,0.3345246288966813
39,1300.5719401255942,,,mixed C-C torsion / C-H bending,nu(C8-H20),bond,5.7896482770590784e-08,-,-1.2931237182260249e-05,0.3345287105692625
39,1300.5719401255942,,,mixed C-C torsion / C-H bending,nu(C7-H16),bond,1.325480908711581e-08,+,6.181327720426216e-06,0.33517476100026466
39,1300.5719401255942,,,mixed C-C torsion / C-H bending,delta(C2-C1-H10),angle,1.0791345405916258e-09,+,1.662402909263596e-06,0.3772805214315562
39,1300.5719401255942,,,mixed C-C torsion / C-H bending,nu(C1-H10),bond,8.552063982854432e-10,-,-1.5659029116478097e-06,0.33697885380249765
39,1300.5719401255942,,,mixed C-C torsion / C-H bending,delta(C2-O3-C4),angle,1.1423964896750409e-10,+,6.156596330242391e-07,0.2912036889642517
40,1400.7678428570568,,,mixed C-H out-of-plane bending / C-H bending,"gamma(H11;C1,H10,H12)",oop,27.81563166295432,-,-0.39521437835680395,0.3354005971942054
40,1400.7678428570568,,,mixed C-H out-of-plane bending / C-H bending,"gamma(H13;C2,O3,H14)",oop,22.02217264064271,+,0.42090487314364144,0.23411682864784614
40,1400.7678428570568,,,mixed C-H out-of-plane bending / C-H bending,delta(C1-C2-H14),angle,10.793073756820828,-,-0.26190392174060323,0.2963476715215922
40,1400.7678428570568,,,mixed C-H out-of-plane bending / C-H bending,delta(C2-C1-H10),angle,8.723891331604118,+,0.2086859066540434,0.3772805214315562
40,1400.7678428570568,,,mixed C-H out-of-plane bending / C-H bending,tau(H11-C1-C2-H13),dihedral,5.8045216177951975,+,0.17126801674709222,0.37269560643401184
40,1400.7678428570568,,,mixed C-H out-of-plane bending / C-H bending,delta(H10-C1-H12),angle,4.360676369136062,-,-0.13525786509559273,0.44892023061146324
40,1400.7678428570568,,,mixed C-H out-of-plane bending / C-H bending,delta(C2-C1-H11),angle,3.850829894843844,+,0.12932592072854657,0.4336342271090426
40,1400.7678428570568,,,mixed C-H out-of-plane bending / C-H bending,"gamma(H18;C8,H19,H20)",oop,3.519526422380331,+,0.1705328215631384,0.2279337585365519
40,1400.7678428570568,,,mixed C-H out-of-plane bending / C-H bending,delta(H22-C9-H23),angle,1.3910971073365845,-,-0.09902133410518774,0.2672023531774869
40,1400.7678428570568,,,mixed C-H out-of-plane bending / C-H bending,tau(H12-C1-C2-H13),dihedral,1.2413344657543703,+,0.075022130283882,0.4153846152199703
40,1400.7678428570568,,,mixed C-H out-of-plane bending / C-H bending,delta(C6-C8-H18),angle,0.9062984199216504,+,0.0731850318397383,0.318688996065421
40,1400.7678428570568,,,mixed C-H out-of-plane bending / C-H bending,delta(C6-C9-H21),angle,0.8116811217040644,+,0.0699413130234443,0.312505928233909
40,1400.7678428570568,,,mixed C-H out-of-plane bending / C-H bending,delta(C6-C8-H19),angle,0.8011584649175924,+,0.062383962311660573,0.38771525788471284
40,1400.7678428570568,,,mixed C-H out-of-plane bending / C-H bending,delta(C6-C9-H22),angle,0.685761610156627,+,0.06455649689395776,0.3099086049953738
40,1400.7678428570568,,,mixed C-H out-of-plane bending / C-H bending,delta(H15-C7-H17),angle,0.6353110707961146,+,0.06609647647765189,0.2738862211420583
40,1400.7678428570568,,,mixed C-H out-of-plane bending / C-H bending,tau(H11-C1-C2-H14),dihedral,0.6325309109797214,-,-0.0750320803397388,0.21160608660854546
40,1400.7678428570568,,,mixed C-H out-of-plane bending / C-H bending,delta(H21-C9-H22),angle,0.6253640327090062,-,-0.06502605809759514,0.2785469590691626
40,1400.7678428570568,,,mixed C-H out-of-plane bending / C-H bending,delta(C6-C7-H16),angle,0.6112717724652538,-,-0.05964669854160068,0.3235950711183532
40,1400.7678428570568,,,mixed C-H out-of-plane bending / C-H bending,delta(O3-C4-O5),angle,0.5531193607734152,+,0.041634831332097305,0.6009600723599223
40,1400.7678428570568,,,mixed C-H out-of-plane bending / C-H bending,delta(H19-C8-H20),angle,0.5362748827935172,-,-0.0627705966214045,0.25633937495241976
40,1400.7678428570568,,,mixed C-H out-of-plane bending / C-H bending,delta(H21-C9-H23),angle,0.4486990224190868,-,-0.05575423221248524,0.2718565628519554
40,1400.7678428570568,,,mixed C-H out-of-plane bending / C-H bending,delta(C6-C7-H17),angle,0.4472297271772023,-,-0.05160353619298929,0.3163094116269633
40,1400.7678428570568,,,mixed C-H out-of-plane bending / C-H bending,delta(C2-O3-C4),angle,0.43433999310532856,-,-0.05300131716698946,0.2912036889642517
40,1400.7678428570568,,,mixed C-H out-of-plane bending / C-H bending,delta(H16-C7-H17),angle,0.40950856368730626,+,0.05202598723768627,0.28494609231836865
40,1400.7678428570568,,,mixed C-H out-of-plane bending / C-H bending,delta(H15-C7-H16),angle,0.38922079336438087,+,0.052164023777542076,0.26939792272256335
40,1400.7678428570568,,,mixed C-H out-of-plane bending / C-H bending,nu(C4-C6),bond,0.3138424077137963,+,0.04826932076624554,0.2536936689040973
40,1400.7678428570568,,,mixed C-H out-of-plane bending / C-H bending,nu(O3-C4),bond,0.21593051303091618,-,-0.03298543761223033,0.3737746932579269
40,1400.7678428570568,,,mixed C-H out-of-plane bending / C-H bending,nu(C1-C2),bond,0.19900298136451453,+,0.03564544965399987,0.2949794525157423
40,1400.7678428570568,,,mixed C-H out-of-plane bending / C-H bending,nu(C2-O3),bond,0.19677944177507067,-,-0.03572834541588927,0.29033159021092214
40,1400.7678428570568,,,mixed C-H out-of-plane bending / C-H bending,nu(C6-C9),bond,0.14363693421983847,-,-0.032097325357276815,0.2625843359756791
40,1400.7678428570568,,,mixed C-H out-of-plane bending / C-H bending,nu(C6-C8),bond,0.13600944531180323,-,-0.031231649042354717,0.2626150526130056
40,1400.7678428570568,,,mixed C-H out-of-plane bending / C-H bending,delta(O3-C4-C6),angle,0.07584750069204883,-,-0.016826893097718863,0.5045146489337415
40,1400.7678428570568,,,mixed C-H out-of-plane bending / C-H bending,nu(C4-O5),bond,0.06611552897020147,-,-0.012259636964215817,0.8284926016642041
40,1400.7678428570568,,,mixed C-H out-of-plane bending / C-H bending,nu(C6-C7),bond,0.041788724837630506,+,0.016948480500078595,0.273992049202674
40,1400.7678428570568,,,mixed C-H out-of-plane bending / C-H bending,delta(C4-C6-C8),angle,0.02083807796537765,-,-0.008173737493846884,0.5874307333618307
40,1400.7678428570568,,,mixed C-H out-of-plane bending / C-H bending,delta(C4-C6-C9),angle,0.020108812825732833,-,-0.00815865046918034,0.5689710296933157
40,1400.7678428570568,,,mixed C-H out-of-plane bending / C-H bending,tau(C7-C6-C8-H18),dihedral,0.01994206341992312,+,0.01467202633376982,0.17447382206388093
40,1400.7678428570568,,,mixed C-H out-of-plane bending / C-H bending,delta(C8-C6-C9),angle,0.014617343680978999,+,0.00626526477492212,0.7013422090875111
40,1400.7678428570568,,,mixed C-H out-of-plane bending / C-H bending,nu(C1-H12),bond,0.014197270746740352,+,0.008891038449038503,0.3382519160366286
40,1400.7678428570568,,,mixed C-H out-of-plane bending / C-H bending,nu(C1-H11),bond,0.014185262674474331,+,0.008887229884439365,0.33825555025336085
40,1400.7678428570568,,,mixed C-H out-of-plane bending / C-H bending,delta(C1-C2-O3),angle,0.012545169857111883,-,-0.0074560669876123364,0.4250082114162513
40,1400.7678428570568,,,mixed C-H out-of-plane bending / C-H bending,delta(C7-C6-C9),angle,0.008306920734758541,+,0.004301653269268645,0.845492268834399
40,1400.7678428570568,,,mixed C-H out-of-plane bending / C-H bending,delta(C7-C6-C8),angle,0.006422227499169754,+,0.004285014545455174,0.6587512652548063
40,1400.7678428570568,,,mixed C-H out-of-plane bending / C-H bending,tau(C4-C6-C9-H22),dihedral,0.004238015948304341,+,0.017538838663541688,0.02594784517579504
40,1400.7678428570568,,,mixed C-H out-of-plane bending / C-H bending,nu(C9-H22),bond,0.0037930324645124194,+,0.0046217100047763636,0.33444257153457424
40,1400.7678428570568,,,mixed C-H out-of-plane bending / C-H bending,nu(C8-H19),bond,0.0035836436462619485,+,0.004492261413480086,0.3344530442205115
40,1400.7678428570568,,,mixed C-H out-of-plane bending / C-H bending,nu(C1-H10),bond,0.0027726247889886388,+,0.0039365377022191035,0.33697885380249765
40,1400.7678428570568,,,mixed C-H out-of-plane bending / C-H bending,nu(C9-H23),bond,0.0025880596184484324,+,0.0037791661710400008,0.34128930359837056
40,1400.7678428570568,,,mixed C-H out-of-plane bending / C-H bending,nu(C8-H18),bond,0.0024404686289765617,+,0.003669712921157322,0.3413103237507323
40,1400.7678428570568,,,mixed C-H out-of-plane bending / C-H bending,nu(C7-H17),bond,0.0017723553381475755,-,-0.0031351818978370546,0.339598442129758
40,1400.7678428570568,,,mixed C-H out-of-plane bending / C-H bending,nu(C7-H15),bond,0.0017684065368210782,-,-0.0031317610956971597,0.3395824516930801
40,1400.7678428570568,,,mixed C-H out-of-plane bending / C-H bending,nu(C9-H21),bond,0.0014188256893122178,+,0.002826315638558659,0.3345246288966813
40,1400.7678428570568,,,mixed C-H out-of-plane bending / C-H bending,nu(C7-H16),bond,0.0013514402798077655,-,-0.0027557065217136364,0.33517476100026466
40,1400.7678428570568,,,mixed C-H out-of-plane bending / C-H bending,nu(C8-H20),bond,0.0013098314508812109,+,0.002715571221639449,0.3345287105692625
40,1400.7678428570568,,,mixed C-H out-of-plane bending / C-H bending,nu(C2-H14),bond,0.0009743306060824689,-,-0.0023415892365911185,0.33467655984368183
40,1400.7678428570568,,,mixed C-H out-of-plane bending / C-H bending,nu(C2-H13),bond,0.000973059963152838,-,-0.002340106802075306,0.33466371155807756
40,1400.7678428570568,,,mixed C-H out-of-plane bending / C-H bending,tau(C9-C6-C8-H20),dihedral,0.000372171636158064,-,-0.001990646796850012,0.1768867206031556
40,1400.7678428570568,,,mixed C-H out-of-plane bending / C-H bending,tau(C8-C6-C7-H17),dihedral,2.040022194776676e-06,-,-0.00038685096107217085,0.02567366734023094
40,1400.7678428570568,,,mixed C-H out-of-plane bending / C-H bending,"gamma(O3;C4,O5,C6)",oop,4.095856411908049e-08,+,2.52147133694319e-05,0.12133246739127751
40,1400.7678428570568,,,mixed C-H out-of-plane bending / C-H bending,tau(C2-O3-C4-C6),dihedral,5.664638845602663e-09,+,1.607793774377269e-05,0.041271658217058235
40,1400.7678428570568,,,mixed C-H out-of-plane bending / C-H bending,tau(H10-C1-C2-O3),dihedral,3.1713584158078438e-09,-,-4.7955990902945576e-06,0.25971675406989986
40,1400.7678428570568,,,mixed C-H out-of-plane bending / C-H bending,tau(O3-C4-C6-C7),dihedral,2.574421841521757e-11,+,1.8717249106905916e-06,0.013839998659108788
40,1400.7678428570568,,,mixed C-H out-of-plane bending / C-H bending,tau(C1-C2-O3-C4),dihedral,2.8590923093005702e-12,-,-7.787716653601803e-07,0.008878677288367255
41,1401.3194005066127,,,mixed C-H bending / C-H out-of-plane bending,"gamma(H18;C8,H19,H20)",oop,34.88728025228252,+,0.535533119559149,0.2279337585365519
41,1401.3194005066127,,,mixed C-H bending / C-H out-of-plane bending,delta(C6-C8-H19),angle,9.814572592662826,+,0.21778920679256109,0.38771525788471284
41,1401.3194005066127,,,mixed C-H bending / C-H out-of-plane bending,delta(C6-C8-H18),angle,8.31259927106451,+,0.22107620041920284,0.318688996065421
41,1401.3194005066127,,,mixed C-H bending / C-H out-of-plane bending,delta(H22-C9-H23),angle,8.108898121838106,+,0.23846128849948922,0.2672023531774869
41,1401.3194005066127,,,mixed C-H bending / C-H out-of-plane bending,delta(C6-C9-H22),angle,7.8210079570181845,-,-0.21745612752377913,0.3099086049953738
41,1401.3194005066127,,,mixed C-H bending / C-H out-of-plane bending,delta(C6-C9-H21),angle,7.564672700198256,-,-0.21297226241471806,0.312505928233909
41,1401.3194005066127,,,mixed C-H bending / C-H out-of-plane bending,delta(H21-C9-H22),angle,7.245503545169176,+,0.22077107856094205,0.2785469590691626
41,1401.3194005066127,,,mixed C-H bending / C-H out-of-plane bending,delta(H21-C9-H23),angle,7.102240553413348,+,0.2212508162310691,0.2718565628519554
41,1401.3194005066127,,,mixed C-H bending / C-H out-of-plane bending,delta(H19-C8-H20),angle,6.692326378802102,-,-0.22117599998308407,0.25633937495241976
41,1401.3194005066127,,,mixed C-H bending / C-H out-of-plane bending,nu(C6-C8),bond,1.0797277661754168,-,-0.08777168396349799,0.2626150526130056
41,1401.3194005066127,,,mixed C-H bending / C-H out-of-plane bending,nu(C6-C9),bond,1.0737749922800328,+,0.08753451673518331,0.2625843359756791
41,1401.3194005066127,,,mixed C-H bending / C-H out-of-plane bending,delta(H16-C7-H17),angle,0.05777228435386035,+,0.01949106280200757,0.28494609231836865
41,1401.3194005066127,,,mixed C-H bending / C-H out-of-plane bending,delta(H15-C7-H16),angle,0.054053451348780625,-,-0.019389727105173612,0.26939792272256335
41,1401.3194005066127,,,mixed C-H bending / C-H out-of-plane bending,nu(C8-H19),bond,0.031567330334717765,+,0.013298677501813416,0.3344530442205115
41,1401.3194005066127,,,mixed C-H bending / C-H out-of-plane bending,nu(C9-H22),bond,0.03141449414288198,-,-0.013266652753012566,0.33444257153457424
41,1401.3194005066127,,,mixed C-H bending / C-H out-of-plane bending,nu(C8-H18),bond,0.023793433965410032,+,0.011429071613895071,0.3413103237507323
41,1401.3194005066127,,,mixed C-H bending / C-H out-of-plane bending,nu(C9-H23),bond,0.023683316737764176,-,-0.011402944919466534,0.34128930359837056
41,1401.3194005066127,,,mixed C-H bending / C-H out-of-plane bending,nu(C8-H20),bond,0.02107562189848176,+,0.01086502186254806,0.3345287105692625
41,1401.3194005066127,,,mixed C-H bending / C-H out-of-plane bending,nu(C9-H21),bond,0.02101321550406328,-,-0.010848990076962047,0.3345246288966813
41,1401.3194005066127,,,mixed C-H bending / C-H out-of-plane bending,tau(C7-C6-C8-H18),dihedral,0.01108325704779358,+,0.010910023069050772,0.17447382206388093
41,1401.3194005066127,,,mixed C-H bending / C-H out-of-plane bending,tau(C9-C6-C8-H20),dihedral,0.00477297214075044,-,-0.007110562171370984,0.1768867206031556
41,1401.3194005066127,,,mixed C-H bending / C-H out-of-plane bending,delta(C7-C6-C9),angle,0.0027954711646079712,-,-0.0024890280537360017,0.845492268834399
41,1401.3194005066127,,,mixed C-H bending / C-H out-of-plane bending,"gamma(O3;C4,O5,C6)",oop,0.0026854260456520896,-,-0.006439841629534155,0.12133246739127751
41,1401.3194005066127,,,mixed C-H bending / C-H out-of-plane bending,delta(C7-C6-C8),angle,0.002312768701251694,+,0.0025648529626633495,0.6587512652548063
41,1401.3194005066127,,,mixed C-H bending / C-H out-of-plane bending,"gamma(H11;C1,H10,H12)",oop,0.0017623325122498113,-,-0.0031377556077105393,0.3354005971942054
41,1401.3194005066127,,,mixed C-H bending / C-H out-of-plane bending,delta(C1-C2-H14),angle,0.0014333277570836177,-,-0.003010433925484802,0.2963476715215922
41,1401.3194005066127,,,mixed C-H bending / C-H out-of-plane bending,tau(H12-C1-C2-H13),dihedral,0.0009931395586236242,-,-0.002116591464062315,0.4153846152199703
41,1401.3194005066127,,,mixed C-H bending / C-H out-of-plane bending,tau(H11-C1-C2-H14),dihedral,0.0009564778338147995,-,-0.002910251224528831,0.21160608660854546
41,1401.3194005066127,,,mixed C-H bending / C-H out-of-plane bending,tau(C8-C6-C7-H17),dihedral,0.0009338818662840522,+,0.00825579917310187,0.02567366734023094
41,1401.3194005066127,,,mixed C-H bending / C-H out-of-plane bending,delta(C4-C6-C9),angle,0.0005179624882900899,-,-0.0013060541418934886,0.5689710296933157
41,1401.3194005066127,,,mixed C-H bending / C-H out-of-plane bending,tau(H11-C1-C2-H13),dihedral,0.0005146602696926207,-,-0.0016085711993272713,0.37269560643401184
41,1401.3194005066127,,,mixed C-H bending / C-H out-of-plane bending,tau(C4-C6-C9-H22),dihedral,0.0005076742155863821,-,-0.006054788923517618,0.02594784517579504
41,1401.3194005066127,,,mixed C-H bending / C-H out-of-plane bending,delta(C4-C6-C8),angle,0.000438763887762807,+,0.0011830257817762016,0.5874307333618307
41,1401.3194005066127,,,mixed C-H bending / C-H out-of-plane bending,tau(H10-C1-C2-O3),dihedral,0.00029592545202352695,+,0.001461161700574858,0.25971675406989986
41,1401.3194005066127,,,mixed C-H bending / C-H out-of-plane bending,delta(H10-C1-H12),angle,0.0002930032936831111,+,0.0011058819407339414,0.44892023061146324
41,1401.3194005066127,,,mixed C-H bending / C-H out-of-plane bending,delta(C2-C1-H10),angle,0.0002633601833221915,+,0.0011436679998787116,0.3772805214315562
41,1401.3194005066127,,,mixed C-H bending / C-H out-of-plane bending,"gamma(H13;C2,O3,H14)",oop,0.0001585093753010804,+,0.0011263367758915233,0.23411682864784614
41,1401.3194005066127,,,mixed C-H bending / C-H out-of-plane bending,tau(C2-O3-C4-C6),dihedral,9.763907538727359e-05,-,-0.0021054405032933377,0.041271658217058235
41,1401.3194005066127,,,mixed C-H bending / C-H out-of-plane bending,delta(C2-C1-H11),angle,8.096916942317847e-05,+,0.0005915005715681228,0.4336342271090426
41,1401.3194005066127,,,mixed C-H bending / C-H out-of-plane bending,delta(O3-C4-O5),angle,1.8158781937337604e-05,+,0.0002379455849461736,0.6009600723599223
41,1401.3194005066127,,,mixed C-H bending / C-H out-of-plane bending,tau(C1-C2-O3-C4),dihedral,1.474045486519796e-05,-,-0.0017637556201932992,0.008878677288367255
41,1401.3194005066127,,,mixed C-H bending / C-H out-of-plane bending,nu(C4-C6),bond,1.285699468736595e-05,+,0.0003081569883867543,0.2536936689040973
41,1401.3194005066127,,,mixed C-H bending / C-H out-of-plane bending,delta(C2-O3-C4),angle,1.2308353192844484e-05,-,-0.0002814223869920769,0.2912036889642517
41,1401.3194005066127,,,mixed C-H bending / C-H out-of-plane bending,nu(C7-H15),bond,1.1236834905124534e-05,-,-0.0002490040918342371,0.3395824516930801
41,1401.3194005066127,,,mixed C-H bending / C-H out-of-plane bending,delta(C6-C7-H17),angle,1.041220671237317e-05,-,-0.0002483547308096635,0.3163094116269633
41,1401.3194005066127,,,mixed C-H bending / C-H out-of-plane bending,nu(C7-H17),bond,1.0244054578992461e-05,+,0.00023774434780011905,0.339598442129758
41,1401.3194005066127,,,mixed C-H bending / C-H out-of-plane bending,nu(O3-C4),bond,8.76051249988319e-06,-,-0.00020956411296653058,0.3737746932579269
41,1401.3194005066127,,,mixed C-H bending / C-H out-of-plane bending,nu(C2-O3),bond,5.505664993230568e-06,-,-0.0001885015163515767,0.29033159021092214
41,1401.3194005066127,,,mixed C-H bending / C-H out-of-plane bending,nu(C1-C2),bond,4.77094266619691e-06,+,0.0001740857888007383,0.2949794525157423
41,1401.3194005066127,,,mixed C-H bending / C-H out-of-plane bending,nu(C1-H11),bond,3.7630903343908175e-06,+,0.00014437997414903144,0.33825555025336085
41,1401.3194005066127,,,mixed C-H bending / C-H out-of-plane bending,delta(H15-C7-H17),angle,3.3011533903694397e-06,+,0.00015028127250788265,0.2738862211420583
41,1401.3194005066127,,,mixed C-H bending / C-H out-of-plane bending,delta(C6-C7-H16),angle,3.181555438117102e-06,-,-0.00013573001656607333,0.3235950711183532
41,1401.3194005066127,,,mixed C-H bending / C-H out-of-plane bending,delta(O3-C4-C6),angle,1.8419594601087717e-06,-,-8.271042394547062e-05,0.5045146489337415
41,1401.3194005066127,,,mixed C-H bending / C-H out-of-plane bending,nu(C4-O5),bond,1.2285467956346799e-06,-,-5.2711896035809316e-05,0.8284926016642041
41,1401.3194005066127,,,mixed C-H bending / C-H out-of-plane bending,tau(O3-C4-C6-C7),dihedral,8.982166715993608e-07,-,-0.0003487222316679958,0.013839998659108788
41,1401.3194005066127,,,mixed C-H bending / C-H out-of-plane bending,delta(C8-C6-C9),angle,6.085950505478123e-07,+,4.03233237841034e-05,0.7013422090875111
41,1401.3194005066127,,,mixed C-H bending / C-H out-of-plane bending,nu(C2-H13),bond,4.586733847840955e-07,-,-5.067626074074078e-05,0.33466371155807756
41,1401.3194005066127,,,mixed C-H bending / C-H out-of-plane bending,nu(C1-H12),bond,4.096535986509432e-07,-,-4.7637104704976255e-05,0.3382519160366286
41,1401.3194005066127,,,mixed C-H bending / C-H out-of-plane bending,delta(C1-C2-O3),angle,2.908490421046626e-07,-,-3.5809005675691276e-05,0.4250082114162513
41,1401.3194005066127,,,mixed C-H bending / C-H out-of-plane bending,nu(C2-H14),bond,9.839967646833989e-08,+,2.347152408201572e-05,0.33467655984368183
41,1401.3194005066127,,,mixed C-H bending / C-H out-of-plane bending,nu(C1-H10),bond,8.433268461876862e-08,+,2.1654778309412487e-05,0.33697885380249765
41,1401.3194005066127,,,mixed C-H bending / C-H out-of-plane bending,nu(C6-C7),bond,3.8361281213119963e-08,-,-1.6197003463117584e-05,0.273992049202674
41,1401.3194005066127,,,mixed C-H bending / C-H out-of-plane bending,nu(C7-H16),bond,5.831620303880031e-10,+,1.805577228995862e-06,0.33517476100026466
42,1409.6198812590287,,,mixed C-H bending / C-H out-of-plane bending,"gamma(H18;C8,H19,H20)",oop,14.295543245994088,+,0.33288227896066147,0.2279337585365519
42,1409.6198812590287,,,mixed C-H bending / C-H out-of-plane bending,delta(H16-C7-H17),angle,9.483877683213576,+,0.24249695491022744,0.28494609231836865
42,1409.6198812590287,,,mixed C-H bending / C-H out-of-plane bending,delta(H15-C7-H16),angle,8.957916109033649,+,0.2423823792953081,0.26939792272256335
42,1409.6198812590287,,,mixed C-H bending / C-H out-of-plane bending,delta(C6-C7-H17),angle,8.661651211559473,-,-0.21995759310921284,0.3163094116269633
42,1409.6198812590287,,,mixed C-H bending / C-H out-of-plane bending,delta(C6-C7-H16),angle,8.573998625574179,-,-0.21636421130733943,0.3235950711183532
42,1409.6198812590287,,,mixed C-H bending / C-H out-of-plane bending,"gamma(H11;C1,H10,H12)",oop,8.141302928949875,+,0.207090278289219,0.3354005971942054
42,1409.6198812590287,,,mixed C-H bending / C-H out-of-plane bending,delta(H15-C7-H17),angle,6.3474610505793,+,0.202352978111624,0.2738862211420583
42,1409.6198812590287,,,mixed C-H bending / C-H out-of-plane bending,delta(C6-C8-H19),angle,4.258745549351051,+,0.13930896652178906,0.38771525788471284
42,1409.6198812590287,,,mixed C-H bending / C-H out-of-plane bending,delta(H22-C9-H23),angle,3.530140288934715,-,-0.1527814098249329,0.2672023531774869
42,1409.6198812590287,,,mixed C-H bending / C-H out-of-plane bending,delta(H21-C9-H23),angle,3.3920956978204937,-,-0.1484768712353754,0.2718565628519554
42,1409.6198812590287,,,mixed C-H bending / C-H out-of-plane bending,delta(C6-C9-H22),angle,3.3828182995196023,+,0.13887279879868153,0.3099086049953738
42,1409.6198812590287,,,mixed C-H bending / C-H out-of-plane bending,delta(C6-C9-H21),angle,2.86405927292734,+,0.12724963368961972,0.312505928233909
42,1409.6198812590287,,,mixed C-H bending / C-H out-of-plane bending,delta(C6-C8-H18),angle,2.647369273858103,+,0.12114859953888021,0.318688996065421
42,1409.6198812590287,,,mixed C-H bending / C-H out-of-plane bending,delta(C2-C1-H10),angle,2.24276990184795,-,-0.10248370978146566,0.3772805214315562
42,1409.6198812590287,,,mixed C-H bending / C-H out-of-plane bending,delta(H10-C1-H12),angle,1.8239793478700717,+,0.08472665090120467,0.44892023061146324
42,1409.6198812590287,,,mixed C-H bending / C-H out-of-plane bending,"gamma(H13;C2,O3,H14)",oop,1.8014125243780397,-,-0.11659634667170715,0.23411682864784614
42,1409.6198812590287,,,mixed C-H bending / C-H out-of-plane bending,nu(C6-C7),bond,1.7868324717427995,+,0.10734148718596455,0.273992049202674
42,1409.6198812590287,,,mixed C-H bending / C-H out-of-plane bending,delta(H21-C9-H22),angle,1.6517405984029907,-,-0.10235672484702459,0.2785469590691626
42,1409.6198812590287,,,mixed C-H bending / C-H out-of-plane bending,delta(H19-C8-H20),angle,1.5294109818281807,-,-0.10267131200993278,0.25633937495241976
42,1409.6198812590287,,,mixed C-H bending / C-H out-of-plane bending,delta(C2-C1-H11),angle,1.3643946401663531,-,-0.07455948428930129,0.4336342271090426
42,1409.6198812590287,,,mixed C-H bending / C-H out-of-plane bending,delta(C1-C2-H14),angle,0.886439994307755,+,0.07269735027719133,0.2963476715215922
42,1409.6198812590287,,,mixed C-H bending / C-H out-of-plane bending,nu(C6-C8),bond,0.4078726937533706,-,-0.05238382151986295,0.2626150526130056
42,1409.6198812590287,,,mixed C-H bending / C-H out-of-plane bending,nu(C6-C9),bond,0.4051202761782815,-,-0.052209826798667335,0.2625843359756791
42,1409.6198812590287,,,mixed C-H bending / C-H out-of-plane bending,tau(H11-C1-C2-H13),dihedral,0.29199165989489023,-,-0.03720512406705212,0.37269560643401184
42,1409.6198812590287,,,mixed C-H bending / C-H out-of-plane bending,nu(C4-C6),bond,0.24314205423937157,-,-0.04115000538110808,0.2536936689040973
42,1409.6198812590287,,,mixed C-H bending / C-H out-of-plane bending,delta(O3-C4-O5),angle,0.21877864784123327,-,-0.02536146447121715,0.6009600723599223
42,1409.6198812590287,,,mixed C-H bending / C-H out-of-plane bending,nu(O3-C4),bond,0.21787431748633254,+,0.03209170143607712,0.3737746932579269
42,1409.6198812590287,,,mixed C-H bending / C-H out-of-plane bending,tau(H12-C1-C2-H13),dihedral,0.10926444542628505,-,-0.021558021434550066,0.4153846152199703
42,1409.6198812590287,,,mixed C-H bending / C-H out-of-plane bending,delta(C7-C6-C9),angle,0.05739166875746572,-,-0.010951264696259703,0.845492268834399
42,1409.6198812590287,,,mixed C-H bending / C-H out-of-plane bending,tau(H11-C1-C2-H14),dihedral,0.05574487358906087,+,0.021574118501218584,0.21160608660854546
42,1409.6198812590287,,,mixed C-H bending / C-H out-of-plane bending,delta(C4-C6-C8),angle,0.04731399776057017,+,0.011929195622863145,0.5874307333618307
42,1409.6198812590287,,,mixed C-H bending / C-H out-of-plane bending,delta(C4-C6-C9),angle,0.04569519459642343,+,0.011912004772430141,0.5689710296933157
42,1409.6198812590287,,,mixed C-H bending / C-H out-of-plane bending,delta(C7-C6-C8),angle,0.044681535034673175,-,-0.010947072174669519,0.6587512652548063
42,1409.6198812590287,,,mixed C-H bending / C-H out-of-plane bending,delta(C2-O3-C4),angle,0.042303451180177004,+,0.016020797594632683,0.2912036889642517
42,1409.6198812590287,,,mixed C-H bending / C-H out-of-plane bending,nu(C7-H16),bond,0.03585329189790606,-,-0.013747493861433117,0.33517476100026466
42,1409.6198812590287,,,mixed C-H bending / C-H out-of-plane bending,nu(C7-H15),bond,0.02072908522320076,-,-0.010385134342041535,0.3395824516930801
42,1409.6198812590287,,,mixed C-H bending / C-H out-of-plane bending,nu(C7-H17),bond,0.020717826312103695,-,-0.010382069203764638,0.339598442129758
42,1409.6198812590287,,,mixed C-H bending / C-H out-of-plane bending,nu(C1-C2),bond,0.014329336493199098,+,0.009264283320078958,0.2949794525157423
42,1409.6198812590287,,,mixed C-H bending / C-H out-of-plane bending,nu(C4-O5),bond,0.013112725042586386,+,0.005288065553192023,0.8284926016642041
42,1409.6198812590287,,,mixed C-H bending / C-H out-of-plane bending,nu(C8-H18),bond,0.008888192799923311,+,0.006783076125036349,0.3413103237507323
42,1409.6198812590287,,,mixed C-H bending / C-H out-of-plane bending,nu(C9-H23),bond,0.008791297496368328,+,0.00674620943932882,0.34128930359837056
42,1409.6198812590287,,,mixed C-H bending / C-H out-of-plane bending,nu(C8-H20),bond,0.008039323796225057,+,0.00651609987536445,0.3345287105692625
42,1409.6198812590287,,,mixed C-H bending / C-H out-of-plane bending,nu(C9-H21),bond,0.007994088685757773,+,0.006497781485910808,0.3345246288966813
42,1409.6198812590287,,,mixed C-H bending / C-H out-of-plane bending,nu(C8-H19),bond,0.007778371066297734,+,0.006410197672519484,0.3344530442205115
42,1409.6198812590287,,,mixed C-H bending / C-H out-of-plane bending,nu(C9-H22),bond,0.00770619404933301,+,0.006380487519460511,0.33444257153457424
42,1409.6198812590287,,,mixed C-H bending / C-H out-of-plane bending,nu(C2-O3),bond,0.00728191131622646,+,0.0066568721561830095,0.29033159021092214
42,1409.6198812590287,,,mixed C-H bending / C-H out-of-plane bending,tau(C9-C6-C8-H20),dihedral,0.005353971357008182,+,0.00731282324956834,0.1768867206031556
42,1409.6198812590287,,,mixed C-H bending / C-H out-of-plane bending,tau(C7-C6-C8-H18),dihedral,0.005305564239477355,+,0.007329853951689861,0.17447382206388093
42,1409.6198812590287,,,mixed C-H bending / C-H out-of-plane bending,delta(C8-C6-C9),angle,0.0037236514534196258,+,0.0030627686498505774,0.7013422090875111
42,1409.6198812590287,,,mixed C-H bending / C-H out-of-plane bending,tau(C8-C6-C7-H17),dihedral,0.0033798500227269204,+,0.015251038942109713,0.02567366734023094
42,1409.6198812590287,,,mixed C-H bending / C-H out-of-plane bending,nu(C1-H12),bond,0.002974444339378384,-,-0.00394164457566537,0.3382519160366286
42,1409.6198812590287,,,mixed C-H bending / C-H out-of-plane bending,nu(C1-H11),bond,0.0029728633054062785,-,-0.00394057569804459,0.33825555025336085
42,1409.6198812590287,,,mixed C-H bending / C-H out-of-plane bending,tau(C4-C6-C9-H22),dihedral,0.001603334439779423,+,0.010448551360694325,0.02594784517579504
42,1409.6198812590287,,,mixed C-H bending / C-H out-of-plane bending,nu(C1-H10),bond,0.0010137350480482323,-,-0.0023054493037403677,0.33697885380249765
42,1409.6198812590287,,,mixed C-H bending / C-H out-of-plane bending,nu(C2-H14),bond,0.0006447386201703752,+,0.00184490439214307,0.33467655984368183
42,1409.6198812590287,,,mixed C-H bending / C-H out-of-plane bending,nu(C2-H13),bond,0.0006446880746184208,+,0.0018448674859877032,0.33466371155807756
42,1409.6198812590287,,,mixed C-H bending / C-H out-of-plane bending,delta(C1-C2-O3),angle,2.6763014462467805e-05,-,-0.00033355198080705517,0.4250082114162513
42,1409.6198812590287,,,mixed C-H bending / C-H out-of-plane bending,delta(O3-C4-C6),angle,2.3334335761479078e-07,+,2.8586138998579184e-05,0.5045146489337415
42,1409.6198812590287,,,mixed C-H bending / C-H out-of-plane bending,tau(H10-C1-C2-O3),dihedral,4.028294059428177e-09,-,-5.234862391362006e-06,0.25971675406989986
42,1409.6198812590287,,,mixed C-H bending / C-H out-of-plane bending,"gamma(O3;C4,O5,C6)",oop,4.873734521960957e-10,-,-2.6640176014359133e-06,0.12133246739127751
42,1409.6198812590287,,,mixed C-H bending / C-H out-of-plane bending,tau(O3-C4-C6-C7),dihedral,3.5330307370167676e-10,-,-6.715840203847384e-06,0.013839998659108788
42,1409.6198812590287,,,mixed C-H bending / C-H out-of-plane bending,tau(C2-O3-C4-C6),dihedral,9.619430656289995e-11,-,-2.029286635139256e-06,0.041271658217058235
42,1409.6198812590287,,,mixed C-H bending / C-H out-of-plane bending,tau(C1-C2-O3-C4),dihedral,1.1635089709767046e-13,+,1.521617178738426e-07,0.008878677288367255
43,1429.4507437334664,,,mixed C-H out-of-plane bending / C-H bending,"gamma(H11;C1,H10,H12)",oop,40.17683928463144,-,-0.5535259724761145,0.3354005971942054
43,1429.4507437334664,,,mixed C-H out-of-plane bending / C-H bending,delta(H10-C1-H12),angle,16.314711414303734,-,-0.3048857629454925,0.44892023061146324
43,1429.4507437334664,,,mixed C-H out-of-plane bending / C-H bending,delta(C2-C1-H11),angle,9.584942254713672,+,0.23777435312307024,0.4336342271090426
43,1429.4507437334664,,,mixed C-H out-of-plane bending / C-H bending,delta(C2-C1-H10),angle,8.14490327553001,+,0.23498644403177996,0.3772805214315562
43,1429.4507437334664,,,mixed C-H out-of-plane bending / C-H bending,"gamma(H13;C2,O3,H14)",oop,6.214754550652785,-,-0.2605719780207281,0.23411682864784614
43,1429.4507437334664,,,mixed C-H out-of-plane bending / C-H bending,nu(C1-C2),bond,3.8447187668407596,-,-0.1825864066439579,0.2949794525157423
43,1429.4507437334664,,,mixed C-H out-of-plane bending / C-H bending,tau(H11-C1-C2-H13),dihedral,3.199138231020176,-,-0.14817379424778462,0.37269560643401184
43,1429.4507437334664,,,mixed C-H out-of-plane bending / C-H bending,delta(C1-C2-H14),angle,2.9105642080526217,+,0.15849656997460468,0.2963476715215922
43,1429.4507437334664,,,mixed C-H out-of-plane bending / C-H bending,delta(H16-C7-H17),angle,1.38981354874483,+,0.11169377086388507,0.28494609231836865
43,1429.4507437334664,,,mixed C-H out-of-plane bending / C-H bending,delta(H15-C7-H16),angle,1.3143513835868,+,0.11170964135281028,0.26939792272256335
43,1429.4507437334664,,,mixed C-H out-of-plane bending / C-H bending,delta(C6-C7-H16),angle,1.155068510190785,-,-0.09555093883785827,0.3235950711183532
43,1429.4507437334664,,,mixed C-H out-of-plane bending / C-H bending,delta(C6-C7-H17),angle,1.1461562087178871,-,-0.09627153223291655,0.3163094116269633
43,1429.4507437334664,,,mixed C-H out-of-plane bending / C-H bending,"gamma(H18;C8,H19,H20)",oop,1.0151688372718666,-,-0.10673254088325178,0.2279337585365519
43,1429.4507437334664,,,mixed C-H out-of-plane bending / C-H bending,delta(H15-C7-H17),angle,0.6589424829575179,+,0.07844598083564519,0.2738862211420583
43,1429.4507437334664,,,mixed C-H out-of-plane bending / C-H bending,delta(H22-C9-H23),angle,0.4253576828009196,+,0.06381004294978601,0.2672023531774869
43,1429.4507437334664,,,mixed C-H out-of-plane bending / C-H bending,delta(C6-C8-H18),angle,0.29208702075863363,-,-0.04841775304176053,0.318688996065421
43,1429.4507437334664,,,mixed C-H out-of-plane bending / C-H bending,delta(C6-C8-H19),angle,0.2709412347236953,-,-0.04227787420123657,0.38771525788471284
43,1429.4507437334664,,,mixed C-H out-of-plane bending / C-H bending,delta(H21-C9-H22),angle,0.2476626918885923,+,0.04768844036681969,0.2785469590691626
43,1429.4507437334664,,,mixed C-H out-of-plane bending / C-H bending,delta(H19-C8-H20),angle,0.22830243282763668,+,0.04772870430497589,0.25633937495241976
43,1429.4507437334664,,,mixed C-H out-of-plane bending / C-H bending,nu(C6-C7),bond,0.21745765247878607,+,0.045055768628927344,0.273992049202674
43,1429.4507437334664,,,mixed C-H out-of-plane bending / C-H bending,delta(C6-C9-H22),angle,0.21618950183514452,-,-0.042240837309883636,0.3099086049953738
43,1429.4507437334664,,,mixed C-H out-of-plane bending / C-H bending,delta(C6-C9-H21),angle,0.20312642542518666,-,-0.04077426285538714,0.312505928233909
43,1429.4507437334664,,,mixed C-H out-of-plane bending / C-H bending,delta(C2-O3-C4),angle,0.18308621665494407,+,0.04010157449612723,0.2912036889642517
43,1429.4507437334664,,,mixed C-H out-of-plane bending / C-H bending,delta(O3-C4-O5),angle,0.15243671425032157,-,-0.025471470364718588,0.6009600723599223
43,1429.4507437334664,,,mixed C-H out-of-plane bending / C-H bending,nu(C4-C6),bond,0.0863648657271875,-,-0.029508407477931604,0.2536936689040973
43,1429.4507437334664,,,mixed C-H out-of-plane bending / C-H bending,delta(H21-C9-H23),angle,0.07385879064537033,+,0.0263610813155587,0.2718565628519554
43,1429.4507437334664,,,mixed C-H out-of-plane bending / C-H bending,nu(C2-O3),bond,0.0565580806593174,+,0.022321954602128276,0.29033159021092214
43,1429.4507437334664,,,mixed C-H out-of-plane bending / C-H bending,nu(C4-O5),bond,0.044642187337227864,+,0.011739793315198598,0.8284926016642041
43,1429.4507437334664,,,mixed C-H out-of-plane bending / C-H bending,nu(O3-C4),bond,0.03656683113942627,+,0.015818698614681583,0.3737746932579269
43,1429.4507437334664,,,mixed C-H out-of-plane bending / C-H bending,nu(C6-C8),bond,0.035288261617187004,+,0.01853904506066946,0.2626150526130056
43,1429.4507437334664,,,mixed C-H out-of-plane bending / C-H bending,nu(C6-C9),bond,0.035219084710256275,+,0.018521947989474888,0.2625843359756791
43,1429.4507437334664,,,mixed C-H out-of-plane bending / C-H bending,delta(O3-C4-C6),angle,0.024711928081140366,+,0.011193050438047554,0.5045146489337415
43,1429.4507437334664,,,mixed C-H out-of-plane bending / C-H bending,delta(C1-C2-O3),angle,0.019177065982160638,+,0.010742972308301152,0.4250082114162513
43,1429.4507437334664,,,mixed C-H out-of-plane bending / C-H bending,tau(C7-C6-C8-H18),dihedral,0.010200304832561055,-,-0.01222850803852158,0.17447382206388093
43,1429.4507437334664,,,mixed C-H out-of-plane bending / C-H bending,nu(C1-H10),bond,0.009980548386657948,+,0.00870378016553003,0.33697885380249765
43,1429.4507437334664,,,mixed C-H out-of-plane bending / C-H bending,tau(H12-C1-C2-H13),dihedral,0.007587983759080016,+,0.0068354959159745345,0.4153846152199703
43,1429.4507437334664,,,mixed C-H out-of-plane bending / C-H bending,delta(C4-C6-C8),angle,0.00674857064174357,+,0.005420752795891777,0.5874307333618307
43,1429.4507437334664,,,mixed C-H out-of-plane bending / C-H bending,delta(C4-C6-C9),angle,0.006533307890848183,+,0.005419428878061671,0.5689710296933157
43,1429.4507437334664,,,mixed C-H out-of-plane bending / C-H bending,delta(C7-C6-C9),angle,0.006032158908466311,-,-0.004271826465670117,0.845492268834399
43,1429.4507437334664,,,mixed C-H out-of-plane bending / C-H bending,delta(C7-C6-C8),angle,0.004721755089316323,-,-0.004281767021347885,0.6587512652548063
43,1429.4507437334664,,,mixed C-H out-of-plane bending / C-H bending,nu(C1-H12),bond,0.00471851690071888,+,0.005973304582920346,0.3382519160366286
43,1429.4507437334664,,,mixed C-H out-of-plane bending / C-H bending,nu(C1-H11),bond,0.004714992370777408,+,0.005971041188197082,0.33825555025336085
43,1429.4507437334664,,,mixed C-H out-of-plane bending / C-H bending,tau(H11-C1-C2-H14),dihedral,0.0038690479184011898,-,-0.006838644248457543,0.21160608660854546
43,1429.4507437334664,,,mixed C-H out-of-plane bending / C-H bending,nu(C7-H16),bond,0.003354509011106644,-,-0.005059538007836911,0.33517476100026466
43,1429.4507437334664,,,mixed C-H out-of-plane bending / C-H bending,tau(C9-C6-C8-H20),dihedral,0.0027985200910094978,+,0.00636134038889162,0.1768867206031556
43,1429.4507437334664,,,mixed C-H out-of-plane bending / C-H bending,nu(C7-H15),bond,0.0018538742820703577,-,-0.0037367974301429113,0.3395824516930801
43,1429.4507437334664,,,mixed C-H out-of-plane bending / C-H bending,nu(C7-H17),bond,0.0018500865482304692,-,-0.003732890181795509,0.339598442129758
43,1429.4507437334664,,,mixed C-H out-of-plane bending / C-H bending,tau(C8-C6-C7-H17),dihedral,0.0012937949352342425,+,0.011353265759252749,0.02567366734023094
43,1429.4507437334664,,,mixed C-H out-of-plane bending / C-H bending,delta(C8-C6-C9),angle,0.0010612057626001067,-,-0.0019672830351425232,0.7013422090875111
43,1429.4507437334664,,,mixed C-H out-of-plane bending / C-H bending,tau(C4-C6-C9-H22),dihedral,0.0007090439745518846,-,-0.008360225116750209,0.02594784517579504
43,1429.4507437334664,,,mixed C-H out-of-plane bending / C-H bending,nu(C8-H19),bond,0.0007026210604811127,-,-0.002318061961824684,0.3344530442205115
43,1429.4507437334664,,,mixed C-H out-of-plane bending / C-H bending,nu(C9-H22),bond,0.0006975416145499568,-,-0.0023097039633366667,0.33444257153457424
43,1429.4507437334664,,,mixed C-H out-of-plane bending / C-H bending,nu(C8-H18),bond,0.00045294686059014686,-,-0.0018423873796573184,0.3413103237507323
43,1429.4507437334664,,,mixed C-H out-of-plane bending / C-H bending,nu(C9-H23),bond,0.00045212561261654516,-,-0.0018407730696026227,0.34128930359837056
43,1429.4507437334664,,,mixed C-H out-of-plane bending / C-H bending,nu(C9-H21),bond,0.00014908530214175226,-,-0.0010676659725666422,0.3345246288966813
43,1429.4507437334664,,,mixed C-H out-of-plane bending / C-H bending,nu(C8-H20),bond,0.00014871718358531202,-,-0.001066340522348056,0.3345287105692625
43,1429.4507437334664,,,mixed C-H out-of-plane bending / C-H bending,nu(C2-H13),bond,0.00013061187541836157,-,-0.0009991232299299125,0.33466371155807756
43,1429.4507437334664,,,mixed C-H out-of-plane bending / C-H bending,nu(C2-H14),bond,0.00013047140345627973,-,-0.0009985666430051509,0.33467655984368183
43,1429.4507437334664,,,mixed C-H out-of-plane bending / C-H bending,tau(H10-C1-C2-O3),dihedral,2.837301181874278e-08,+,1.6716092733582732e-05,0.25971675406989986
43,1429.4507437334664,,,mixed C-H out-of-plane bending / C-H bending,"gamma(O3;C4,O5,C6)",oop,2.1653009537917027e-09,+,6.756202444291797e-06,0.12133246739127751
43,1429.4507437334664,,,mixed C-H out-of-plane bending / C-H bending,tau(C2-O3-C4-C6),dihedral,3.469249856440703e-10,-,-4.6368587433625364e-06,0.041271658217058235
43,1429.4507437334664,,,mixed C-H out-of-plane bending / C-H bending,tau(C1-C2-O3-C4),dihedral,1.3846268068382386e-10,+,6.315740357440464e-06,0.008878677288367255
43,1429.4507437334664,,,mixed C-H out-of-plane bending / C-H bending,tau(O3-C4-C6-C7),dihedral,2.06095674520541e-12,+,6.17160965773335e-07,0.013839998659108788
44,1440.0165246920058,,,mixed C-H bending / C-H out-of-plane bending,"gamma(H18;C8,H19,H20)",oop,17.91419367961341,-,-0.3727122749320592,0.2279337585365519
44,1440.0165246920058,,,mixed C-H bending / C-H out-of-plane bending,delta(C6-C7-H16),angle,6.818851316768652,-,-0.1929896643682973,0.3235950711183532
44,1440.0165246920058,,,mixed C-H bending / C-H out-of-plane bending,delta(H16-C7-H17),angle,6.724751305658427,+,0.20423781263420457,0.28494609231836865
44,1440.0165246920058,,,mixed C-H bending / C-H out-of-plane bending,delta(H15-C7-H16),angle,6.358930993437288,+,0.2042557654801479,0.26939792272256335
44,1440.0165246920058,,,mixed C-H bending / C-H out-of-plane bending,delta(C6-C7-H17),angle,5.686703456528377,-,-0.17825988544906904,0.3163094116269633
44,1440.0165246920058,,,mixed C-H bending / C-H out-of-plane bending,delta(C6-C8-H19),angle,5.4383198042621,-,-0.1574545861407066,0.38771525788471284
44,1440.0165246920058,,,mixed C-H bending / C-H out-of-plane bending,"gamma(H11;C1,H10,H12)",oop,4.7125724098428465,+,0.15758921485031205,0.3354005971942054
44,1440.0165246920058,,,mixed C-H bending / C-H out-of-plane bending,delta(C6-C9-H22),angle,4.338675165534818,-,-0.15730449751847986,0.3099086049953738
44,1440.0165246920058,,,mixed C-H bending / C-H out-of-plane bending,delta(H15-C7-H17),angle,4.320361366923796,+,0.16697610813469907,0.2738862211420583
44,1440.0165246920058,,,mixed C-H bending / C-H out-of-plane bending,delta(C6-C8-H18),angle,4.124374493446631,-,-0.15124286705363588,0.318688996065421
44,1440.0165246920058,,,mixed C-H bending / C-H out-of-plane bending,delta(H21-C9-H23),angle,4.024539518896243,+,0.16175867344123168,0.2718565628519554
44,1440.0165246920058,,,mixed C-H bending / C-H out-of-plane bending,delta(H21-C9-H22),angle,3.9112450577649356,+,0.15753885776215779,0.2785469590691626
44,1440.0165246920058,,,mixed C-H bending / C-H out-of-plane bending,delta(C6-C9-H21),angle,3.845439703601248,-,-0.14747664945166816,0.312505928233909
44,1440.0165246920058,,,mixed C-H bending / C-H out-of-plane bending,delta(H22-C9-H23),angle,3.7335427975204007,+,0.15715196550290045,0.2672023531774869
44,1440.0165246920058,,,mixed C-H bending / C-H out-of-plane bending,delta(H19-C8-H20),angle,3.601509660664888,+,0.1575846897086569,0.25633937495241976
44,1440.0165246920058,,,mixed C-H bending / C-H out-of-plane bending,"gamma(H13;C2,O3,H14)",oop,3.3342995158948363,+,0.15865924298966141,0.23411682864784614
44,1440.0165246920058,,,mixed C-H bending / C-H out-of-plane bending,delta(H10-C1-H12),angle,2.501825636449786,+,0.09924835561658374,0.44892023061146324
44,1440.0165246920058,,,mixed C-H bending / C-H out-of-plane bending,delta(C1-C2-H14),angle,1.5403048340481005,-,-0.09584776028012565,0.2963476715215922
44,1440.0165246920058,,,mixed C-H bending / C-H out-of-plane bending,delta(C2-C1-H11),angle,1.2983717696736867,-,-0.07274734441835862,0.4336342271090426
44,1440.0165246920058,,,mixed C-H bending / C-H out-of-plane bending,tau(H11-C1-C2-H13),dihedral,1.0386300885176385,+,0.07018312513584515,0.37269560643401184
44,1440.0165246920058,,,mixed C-H bending / C-H out-of-plane bending,nu(C1-C2),bond,0.9455577187718036,+,0.07527097279857045,0.2949794525157423
44,1440.0165246920058,,,mixed C-H bending / C-H out-of-plane bending,delta(C2-C1-H10),angle,0.8433837284302469,-,-0.06285789113652952,0.3772805214315562
44,1440.0165246920058,,,mixed C-H bending / C-H out-of-plane bending,nu(C6-C7),bond,0.8128607553733186,+,0.07241332465860796,0.273992049202674
44,1440.0165246920058,,,mixed C-H bending / C-H out-of-plane bending,nu(C6-C8),bond,0.47041293118414995,+,0.05626770572172153,0.2626150526130056
44,1440.0165246920058,,,mixed C-H bending / C-H out-of-plane bending,nu(C6-C9),bond,0.4695639922749649,+,0.05622019852526477,0.2625843359756791
44,1440.0165246920058,,,mixed C-H bending / C-H out-of-plane bending,nu(O3-C4),bond,0.40708074194849136,-,-0.04387475670309536,0.3737746932579269
44,1440.0165246920058,,,mixed C-H bending / C-H out-of-plane bending,delta(O3-C4-O5),angle,0.2693899399191474,+,0.02814798214196053,0.6009600723599223
44,1440.0165246920058,,,mixed C-H bending / C-H out-of-plane bending,nu(C4-C6),bond,0.18624699046475438,+,0.03602211485753553,0.2536936689040973
44,1440.0165246920058,,,mixed C-H bending / C-H out-of-plane bending,nu(C4-O5),bond,0.0966472130828473,+,0.014359183308344483,0.8284926016642041
44,1440.0165246920058,,,mixed C-H bending / C-H out-of-plane bending,delta(C2-O3-C4),angle,0.0816059495918822,-,-0.02225573105808934,0.2912036889642517
44,1440.0165246920058,,,mixed C-H bending / C-H out-of-plane bending,delta(C4-C6-C8),angle,0.022064530643782096,-,-0.008147950914251407,0.5874307333618307
44,1440.0165246920058,,,mixed C-H bending / C-H out-of-plane bending,delta(C4-C6-C9),angle,0.02128222740624149,-,-0.00813097923781954,0.5689710296933157
44,1440.0165246920058,,,mixed C-H bending / C-H out-of-plane bending,nu(C7-H15),bond,0.00924571504278906,-,-0.006937085092265027,0.3395824516930801
44,1440.0165246920058,,,mixed C-H bending / C-H out-of-plane bending,nu(C7-H17),bond,0.00922531852771321,-,-0.0069292659447033915,0.339598442129758
44,1440.0165246920058,,,mixed C-H bending / C-H out-of-plane bending,nu(C7-H16),bond,0.008993613889230647,-,-0.0068866950836151105,0.33517476100026466
44,1440.0165246920058,,,mixed C-H bending / C-H out-of-plane bending,delta(C8-C6-C9),angle,0.00853047300344446,+,0.004636614161634075,0.7013422090875111
44,1440.0165246920058,,,mixed C-H bending / C-H out-of-plane bending,nu(C9-H21),bond,0.007560139459287863,-,-0.006320191595107579,0.3345246288966813
44,1440.0165246920058,,,mixed C-H bending / C-H out-of-plane bending,nu(C8-H20),bond,0.007543450488861297,-,-0.0063131733305162915,0.3345287105692625
44,1440.0165246920058,,,mixed C-H bending / C-H out-of-plane bending,nu(C2-O3),bond,0.006856410788042567,-,-0.006460716104129983,0.29033159021092214
44,1440.0165246920058,,,mixed C-H bending / C-H out-of-plane bending,nu(C8-H18),bond,0.005621027736196949,-,-0.005395262022075387,0.3413103237507323
44,1440.0165246920058,,,mixed C-H bending / C-H out-of-plane bending,nu(C9-H23),bond,0.005593384107267415,-,-0.005382144739117123,0.34128930359837056
44,1440.0165246920058,,,mixed C-H bending / C-H out-of-plane bending,nu(C8-H19),bond,0.0053486907698724094,-,-0.005316619231104167,0.3344530442205115
44,1440.0165246920058,,,mixed C-H bending / C-H out-of-plane bending,nu(C9-H22),bond,0.0052913581312069215,-,-0.005288130823198146,0.33444257153457424
44,1440.0165246920058,,,mixed C-H bending / C-H out-of-plane bending,tau(C8-C6-C7-H17),dihedral,0.005281918209255058,+,0.01906914716866987,0.02567366734023094
44,1440.0165246920058,,,mixed C-H bending / C-H out-of-plane bending,delta(C1-C2-O3),angle,0.0034679789241982605,-,-0.0037976851261383436,0.4250082114162513
44,1440.0165246920058,,,mixed C-H bending / C-H out-of-plane bending,tau(H12-C1-C2-H13),dihedral,0.0033083165066938236,-,-0.003751955783621365,0.4153846152199703
44,1440.0165246920058,,,mixed C-H bending / C-H out-of-plane bending,tau(C9-C6-C8-H20),dihedral,0.002838872790168813,+,0.005326043881698398,0.1768867206031556
44,1440.0165246920058,,,mixed C-H bending / C-H out-of-plane bending,delta(C7-C6-C9),angle,0.0028245537676448874,+,0.002429962056153584,0.845492268834399
44,1440.0165246920058,,,mixed C-H bending / C-H out-of-plane bending,delta(C7-C6-C8),angle,0.0021726750520807167,+,0.0024144379404537745,0.6587512652548063
44,1440.0165246920058,,,mixed C-H bending / C-H out-of-plane bending,nu(C1-H10),bond,0.001688003160786982,-,-0.002975532462939447,0.33697885380249765
44,1440.0165246920058,,,mixed C-H bending / C-H out-of-plane bending,tau(H11-C1-C2-H14),dihedral,0.0016822972214577932,+,0.003748579065163949,0.21160608660854546
44,1440.0165246920058,,,mixed C-H bending / C-H out-of-plane bending,tau(C4-C6-C9-H22),dihedral,0.0013509431173214825,+,0.009592841569360959,0.02594784517579504
44,1440.0165246920058,,,mixed C-H bending / C-H out-of-plane bending,delta(O3-C4-C6),angle,0.0004931980138025713,-,-0.001314477505443369,0.5045146489337415
44,1440.0165246920058,,,mixed C-H bending / C-H out-of-plane bending,tau(C7-C6-C8-H18),dihedral,0.0003946755513236762,-,-0.0019995596487327803,0.17447382206388093
44,1440.0165246920058,,,mixed C-H bending / C-H out-of-plane bending,nu(C2-H13),bond,0.0003906790689743143,-,-0.0014364322589017669,0.33466371155807756
44,1440.0165246920058,,,mixed C-H bending / C-H out-of-plane bending,nu(C2-H14),bond,0.00039066044028246145,-,-0.001436370439863727,0.33467655984368183
44,1440.0165246920058,,,mixed C-H bending / C-H out-of-plane bending,nu(C1-H12),bond,0.0001832669668713428,-,-0.000978591305377256,0.3382519160366286
44,1440.0165246920058,,,mixed C-H bending / C-H out-of-plane bending,nu(C1-H11),bond,0.00018307208334358754,-,-0.000978065602622183,0.33825555025336085
44,1440.0165246920058,,,mixed C-H bending / C-H out-of-plane bending,"gamma(O3;C4,O5,C6)",oop,6.003425186768807e-09,+,9.351696981413536e-06,0.12133246739127751
44,1440.0165246920058,,,mixed C-H bending / C-H out-of-plane bending,tau(C2-O3-C4-C6),dihedral,3.677961272072935e-09,+,1.255038377400336e-05,0.041271658217058235
44,1440.0165246920058,,,mixed C-H bending / C-H out-of-plane bending,tau(H10-C1-C2-O3),dihedral,2.789919893382104e-09,-,-4.3573783672751374e-06,0.25971675406989986
44,1440.0165246920058,,,mixed C-H bending / C-H out-of-plane bending,tau(O3-C4-C6-C7),dihedral,5.678289435005166e-10,+,8.515695587385807e-06,0.013839998659108788
44,1440.0165246920058,,,mixed C-H bending / C-H out-of-plane bending,tau(C1-C2-O3-C4),dihedral,2.997963671035005e-12,-,-7.725354844461047e-07,0.008878677288367255
45,1482.0650247484414,,,C-H bending,delta(H16-C7-H17),angle,21.55377795212325,+,0.3438048966236385,0.28494609231836865
45,1482.0650247484414,,,C-H bending,delta(H15-C7-H16),angle,20.489746292907295,-,-0.3447488907803198,0.26939792272256335
45,1482.0650247484414,,,C-H bending,delta(H21-C9-H22),angle,16.873527024462135,-,-0.307670199602058,0.2785469590691626
45,1482.0650247484414,,,C-H bending,delta(H19-C8-H20),angle,15.517342638326323,+,0.30756203290021067,0.25633937495241976
45,1482.0650247484414,,,C-H bending,delta(H22-C9-H23),angle,15.057590379766472,+,0.29674903025950705,0.2672023531774869
45,1482.0650247484414,,,C-H bending,"gamma(H18;C8,H19,H20)",oop,2.6621588247551156,+,0.13509658264654864,0.2279337585365519
45,1482.0650247484414,,,C-H bending,tau(C7-C6-C8-H18),dihedral,1.594672229782564,+,0.1195094606918512,0.17447382206388093
45,1482.0650247484414,,,C-H bending,tau(C9-C6-C8-H20),dihedral,1.4866390144325818,+,0.11460059069595378,0.1768867206031556
45,1482.0650247484414,,,C-H bending,delta(C6-C7-H17),angle,1.4105632557243801,-,-0.0834779805817404,0.3163094116269633
45,1482.0650247484414,,,C-H bending,delta(C6-C9-H21),angle,1.138083334742721,+,0.07543790346020081,0.312505928233909
45,1482.0650247484414,,,C-H bending,tau(C4-C6-C9-H22),dihedral,0.7691349763889331,-,-0.21521985777664596,0.02594784517579504
45,1482.0650247484414,,,C-H bending,delta(C6-C8-H18),angle,0.6824677881963586,+,0.057848120514864286,0.318688996065421
45,1482.0650247484414,,,C-H bending,tau(C8-C6-C7-H17),dihedral,0.27952485790874526,+,0.13043614991116953,0.02567366734023094
45,1482.0650247484414,,,C-H bending,delta(H10-C1-H12),angle,0.13688644399246255,+,0.021828673274303125,0.44892023061146324
45,1482.0650247484414,,,C-H bending,tau(H10-C1-C2-O3),dihedral,0.042192416823610454,+,0.015933050278603055,0.25971675406989986
45,1482.0650247484414,,,C-H bending,delta(H21-C9-H23),angle,0.03727130872119414,-,-0.01463690044072144,0.2718565628519554
45,1482.0650247484414,,,C-H bending,"gamma(H11;C1,H10,H12)",oop,0.02725103658670319,-,-0.011267856462093684,0.3354005971942054
45,1482.0650247484414,,,C-H bending,nu(C9-H21),bond,0.025948897738552218,+,0.011009741364282464,0.3345246288966813
45,1482.0650247484414,,,C-H bending,nu(C8-H20),bond,0.025709920668166353,-,-0.010958859988334865,0.3345287105692625
45,1482.0650247484414,,,C-H bending,nu(C7-H17),bond,0.02497391331328974,-,-0.010719935287361603,0.339598442129758
45,1482.0650247484414,,,C-H bending,nu(C7-H15),bond,0.024803648592921158,+,0.010683581651274787,0.3395824516930801
45,1482.0650247484414,,,C-H bending,tau(H12-C1-C2-H13),dihedral,0.023036278898999726,-,-0.00930920659761144,0.4153846152199703
45,1482.0650247484414,,,C-H bending,tau(H11-C1-C2-H13),dihedral,0.02029759021418803,-,-0.009225221702456493,0.37269560643401184
45,1482.0650247484414,,,C-H bending,nu(C9-H23),bond,0.016782107357616906,-,-0.008765841572729624,0.34128930359837056
45,1482.0650247484414,,,C-H bending,nu(C8-H18),bond,0.01673611536138192,+,0.008753552209346243,0.3413103237507323
45,1482.0650247484414,,,C-H bending,tau(H11-C1-C2-H14),dihedral,0.011610797346524593,-,-0.00925973702799487,0.21160608660854546
45,1482.0650247484414,,,C-H bending,delta(C2-C1-H11),angle,0.011084769147390924,+,0.0063202354535664435,0.4336342271090426
45,1482.0650247484414,,,C-H bending,delta(C6-C8-H19),angle,0.009618042592938227,-,-0.00622613610476301,0.38771525788471284
45,1482.0650247484414,,,C-H bending,nu(C6-C8),bond,0.008847955127473793,+,0.007255934545449992,0.2626150526130056
45,1482.0650247484414,,,C-H bending,nu(C6-C9),bond,0.008834970309171778,-,-0.007251032435611766,0.2625843359756791
45,1482.0650247484414,,,C-H bending,delta(C6-C9-H22),angle,0.00681378877150127,+,0.0058615061356354714,0.3099086049953738
45,1482.0650247484414,,,C-H bending,delta(C4-C6-C9),angle,0.001778747426913726,+,0.0022102620848860545,0.5689710296933157
45,1482.0650247484414,,,C-H bending,delta(C4-C6-C8),angle,0.001770849024952253,-,-0.002170421808295319,0.5874307333618307
45,1482.0650247484414,,,C-H bending,tau(O3-C4-C6-C7),dihedral,0.0012382010562631601,-,-0.011823859743925339,0.013839998659108788
45,1482.0650247484414,,,C-H bending,"gamma(O3;C4,O5,C6)",oop,0.00042790956148737545,+,0.00234757344916826,0.12133246739127751
45,1482.0650247484414,,,C-H bending,delta(H15-C7-H17),angle,0.00020173903071297504,+,0.0010728563629766703,0.2738862211420583
45,1482.0650247484414,,,C-H bending,delta(C7-C6-C9),angle,0.00017068362102059276,+,0.0005616591157119208,0.845492268834399
45,1482.0650247484414,,,C-H bending,delta(C7-C6-C8),angle,0.00011990458888195027,-,-0.0005333212389748957,0.6587512652548063
45,1482.0650247484414,,,C-H bending,"gamma(H13;C2,O3,H14)",oop,0.00010567375965800797,-,-0.0008398446724569273,0.23411682864784614
45,1482.0650247484414,,,C-H bending,nu(C1-H11),bond,9.638889871140484e-05,+,0.000667302499827462,0.33825555025336085
45,1482.0650247484414,,,C-H bending,nu(C1-H12),bond,9.589102135083743e-05,-,-0.0006655804360423534,0.3382519160366286
45,1482.0650247484414,,,C-H bending,tau(C2-O3-C4-C6),dihedral,3.194778749309038e-05,+,0.001099831471219319,0.041271658217058235
45,1482.0650247484414,,,C-H bending,delta(C1-C2-H14),angle,1.3919716391959126e-05,+,0.0002709231660274696,0.2963476715215922
45,1482.0650247484414,,,C-H bending,delta(C6-C7-H16),angle,8.939960362740496e-06,+,0.00020777751890904136,0.3235950711183532
45,1482.0650247484414,,,C-H bending,tau(C1-C2-O3-C4),dihedral,2.5126453259106878e-06,+,0.0006650023311915265,0.008878677288367255
45,1482.0650247484414,,,C-H bending,nu(C2-H14),bond,2.039956841692941e-06,+,9.759544529758658e-05,0.33467655984368183
45,1482.0650247484414,,,C-H bending,nu(C2-H13),bond,2.021961307041447e-06,-,-9.71658864251321e-05,0.33466371155807756
45,1482.0650247484414,,,C-H bending,nu(C8-H19),bond,1.8622653306054237e-06,-,-9.327922106272322e-05,0.3344530442205115
45,1482.0650247484414,,,C-H bending,nu(C9-H22),bond,4.807110906998222e-07,+,4.739286923786582e-05,0.33444257153457424
45,1482.0650247484414,,,C-H bending,delta(C8-C6-C9),angle,3.386340238842062e-07,-,-2.7468314770418357e-05,0.7013422090875111
45,1482.0650247484414,,,C-H bending,nu(C6-C7),bond,2.6858343156096556e-07,+,3.913833419405864e-05,0.273992049202674
45,1482.0650247484414,,,C-H bending,nu(C7-H16),bond,2.3664212256217302e-07,+,3.3215598345191624e-05,0.33517476100026466
45,1482.0650247484414,,,C-H bending,nu(C4-O5),bond,1.9337428920357122e-07,-,-1.909795018774196e-05,0.8284926016642041
45,1482.0650247484414,,,C-H bending,nu(O3-C4),bond,1.8319121577286081e-07,-,-2.7674455445327522e-05,0.3737746932579269
45,1482.0650247484414,,,C-H bending,delta(O3-C4-O5),angle,1.6614600373416493e-07,+,2.0785182829859557e-05,0.6009600723599223
45,1482.0650247484414,,,C-H bending,nu(C4-C6),bond,1.4535354120779309e-07,+,2.992193685924681e-05,0.2536936689040973
45,1482.0650247484414,,,C-H bending,delta(C2-C1-H10),angle,1.1082017854256331e-07,-,-2.142441337643229e-05,0.3772805214315562
45,1482.0650247484414,,,C-H bending,delta(O3-C4-C6),angle,3.5527853252734596e-08,-,-1.0490092098573342e-05,0.5045146489337415
45,1482.0650247484414,,,C-H bending,nu(C1-C2),bond,1.8378424168475588e-08,+,9.867109802131646e-06,0.2949794525157423
45,1482.0650247484414,,,C-H bending,delta(C1-C2-O3),angle,1.1950683081275407e-08,+,6.628716001714259e-06,0.4250082114162513
45,1482.0650247484414,,,C-H bending,delta(C2-O3-C4),angle,5.451718118444323e-09,-,-5.408788112964996e-06,0.2912036889642517
45,1482.0650247484414,,,C-H bending,nu(C1-H10),bond,1.3217354300165787e-09,-,-2.47572641166684e-06,0.33697885380249765
45,1482.0650247484414,,,C-H bending,nu(C2-O3),bond,5.496898939768423e-10,-,-1.7200593733556695e-06,0.29033159021092214
46,1489.8014273347626,,,mixed C-H bending / C-C torsion,delta(H10-C1-H12),angle,51.99826250337112,+,0.5373145881315691,0.44892023061146324
46,1489.8014273347626,,,mixed C-H bending / C-C torsion,tau(H10-C1-C2-O3),dihedral,15.5982742413528,+,0.3869074542795007,0.25971675406989986
46,1489.8014273347626,,,mixed C-H bending / C-C torsion,"gamma(H11;C1,H10,H12)",oop,10.401125047234956,-,-0.2780206456282919,0.3354005971942054
46,1489.8014273347626,,,mixed C-H bending / C-C torsion,tau(H12-C1-C2-H13),dihedral,7.096007297719316,-,-0.20634817277099768,0.4153846152199703
46,1489.8014273347626,,,mixed C-H bending / C-C torsion,tau(H11-C1-C2-H13),dihedral,6.368412851218042,-,-0.2063750887173529,0.37269560643401184
46,1489.8014273347626,,,mixed C-H bending / C-C torsion,delta(C2-C1-H11),angle,3.9763217536936786,+,0.15118119956298015,0.4336342271090426
46,1489.8014273347626,,,mixed C-H bending / C-C torsion,tau(H11-C1-C2-H14),dihedral,3.6200878884418572,-,-0.20649725549245299,0.21160608660854546
46,1489.8014273347626,,,mixed C-H bending / C-C torsion,delta(H21-C9-H23),angle,0.28267219659962817,-,-0.05090851636165975,0.2718565628519554
46,1489.8014273347626,,,mixed C-H bending / C-C torsion,delta(H21-C9-H22),angle,0.16363314887348349,+,0.038265310135065025,0.2785469590691626
46,1489.8014273347626,,,mixed C-H bending / C-C torsion,delta(H19-C8-H20),angle,0.1499930902511646,-,-0.03818974604159631,0.25633937495241976
46,1489.8014273347626,,,mixed C-H bending / C-C torsion,tau(C9-C6-C8-H20),dihedral,0.07960943737177126,-,-0.03349295504785133,0.1768867206031556
46,1489.8014273347626,,,mixed C-H bending / C-C torsion,"gamma(H18;C8,H19,H20)",oop,0.04334243977208592,-,-0.021770637961731235,0.2279337585365519
46,1489.8014273347626,,,mixed C-H bending / C-C torsion,tau(C7-C6-C8-H18),dihedral,0.03329602779242707,+,0.021809709437863336,0.17447382206388093
46,1489.8014273347626,,,mixed C-H bending / C-C torsion,nu(C1-H12),bond,0.031770459241281856,-,-0.015300668927363118,0.3382519160366286
46,1489.8014273347626,,,mixed C-H bending / C-C torsion,nu(C1-H11),bond,0.03175246127654529,+,0.015296252226918158,0.33825555025336085
46,1489.8014273347626,,,mixed C-H bending / C-C torsion,delta(C6-C8-H19),angle,0.020301821945571195,+,0.011424307010771507,0.38771525788471284
46,1489.8014273347626,,,mixed C-H bending / C-C torsion,delta(H16-C7-H17),angle,0.017120328656887104,-,-0.012237522419403483,0.28494609231836865
46,1489.8014273347626,,,mixed C-H bending / C-C torsion,delta(C6-C9-H22),angle,0.016521817753044475,-,-0.011527387714074737,0.3099086049953738
46,1489.8014273347626,,,mixed C-H bending / C-C torsion,delta(C1-C2-H14),angle,0.015635258789683155,+,0.011467548400566612,0.2963476715215922
46,1489.8014273347626,,,mixed C-H bending / C-C torsion,delta(H15-C7-H16),angle,0.015312537126175035,+,0.011902693774894094,0.26939792272256335
46,1489.8014273347626,,,mixed C-H bending / C-C torsion,delta(C6-C8-H18),angle,0.012975545019674625,-,-0.010073910191843248,0.318688996065421
46,1489.8014273347626,,,mixed C-H bending / C-C torsion,delta(H22-C9-H23),angle,0.012023570532828383,+,0.010590473866844844,0.2672023531774869
46,1489.8014273347626,,,mixed C-H bending / C-C torsion,"gamma(H13;C2,O3,H14)",oop,0.0034343378515778234,-,-0.006046777611849585,0.23411682864784614
46,1489.8014273347626,,,mixed C-H bending / C-C torsion,delta(C6-C9-H21),angle,0.002498252518760801,+,0.004463832000668277,0.312505928233909
46,1489.8014273347626,,,mixed C-H bending / C-C torsion,tau(C2-O3-C4-C6),dihedral,0.001898510257381565,-,-0.01070777703053768,0.041271658217058235
46,1489.8014273347626,,,mixed C-H bending / C-C torsion,delta(C6-C7-H17),angle,0.0014793598541283945,+,0.0034142841484923686,0.3163094116269633
46,1489.8014273347626,,,mixed C-H bending / C-C torsion,tau(C4-C6-C9-H22),dihedral,0.0009779738589447307,+,0.009692410036819504,0.02594784517579504
46,1489.8014273347626,,,mixed C-H bending / C-C torsion,nu(C2-H14),bond,0.0009190093358383773,+,0.0026161709441699077,0.33467655984368183
46,1489.8014273347626,,,mixed C-H bending / C-C torsion,nu(C2-H13),bond,0.0009141566383425817,-,-0.0026093047297959925,0.33466371155807756
46,1489.8014273347626,,,mixed C-H bending / C-C torsion,delta(C7-C6-C9),angle,0.0006255862507137287,-,-0.0013580244266849133,0.845492268834399
46,1489.8014273347626,,,mixed C-H bending / C-C torsion,delta(C7-C6-C8),angle,0.0004954829835999538,+,0.0013692175128843576,0.6587512652548063
46,1489.8014273347626,,,mixed C-H bending / C-C torsion,tau(C1-C2-O3-C4),dihedral,0.00041101805285239176,+,0.010741751908323357,0.008878677288367255
46,1489.8014273347626,,,mixed C-H bending / C-C torsion,nu(C9-H22),bond,0.0003960960925657904,-,-0.0017181390416286047,0.33444257153457424
46,1489.8014273347626,,,mixed C-H bending / C-C torsion,nu(C8-H19),bond,0.00038987379022352865,+,0.0017045637483595745,0.3344530442205115
46,1489.8014273347626,,,mixed C-H bending / C-C torsion,nu(C9-H23),bond,0.00023927644666495528,+,0.0013219269030951464,0.34128930359837056
46,1489.8014273347626,,,mixed C-H bending / C-C torsion,nu(C8-H18),bond,0.00023899827203737194,-,-0.0013211175826215106,0.3413103237507323
46,1489.8014273347626,,,mixed C-H bending / C-C torsion,delta(C4-C6-C8),angle,0.00015589164897775626,-,-0.0008133021076400233,0.5874307333618307
46,1489.8014273347626,,,mixed C-H bending / C-C torsion,delta(C4-C6-C9),angle,0.00015372845511292584,+,0.0008206365555404534,0.5689710296933157
46,1489.8014273347626,,,mixed C-H bending / C-C torsion,tau(C8-C6-C7-H17),dihedral,0.00013943636849234503,-,-0.003679280352725094,0.02567366734023094
46,1489.8014273347626,,,mixed C-H bending / C-C torsion,nu(C6-C9),bond,5.2165412636609383e-05,+,0.0007036808305601642,0.2625843359756791
46,1489.8014273347626,,,mixed C-H bending / C-C torsion,nu(C6-C8),bond,5.197094251969804e-05,-,-0.0007023268846543144,0.2626150526130056
46,1489.8014273347626,,,mixed C-H bending / C-C torsion,"gamma(O3;C4,O5,C6)",oop,1.9295751903120215e-05,-,-0.0006295948153767791,0.12133246739127751
46,1489.8014273347626,,,mixed C-H bending / C-C torsion,delta(H15-C7-H17),angle,1.8044575929315884e-05,+,0.000405235097326258,0.2738862211420583
46,1489.8014273347626,,,mixed C-H bending / C-C torsion,nu(C9-H21),bond,1.4548443197831521e-05,+,0.0003292403214547435,0.3345246288966813
46,1489.8014273347626,,,mixed C-H bending / C-C torsion,nu(C8-H20),bond,1.3529973163118419e-05,-,-0.00031750500358611604,0.3345287105692625
46,1489.8014273347626,,,mixed C-H bending / C-C torsion,nu(C7-H15),bond,5.346907230158587e-06,-,-0.00019810594531389857,0.3395824516930801
46,1489.8014273347626,,,mixed C-H bending / C-C torsion,nu(C7-H17),bond,4.490742586426875e-06,+,0.00018154949307805664,0.339598442129758
46,1489.8014273347626,,,mixed C-H bending / C-C torsion,tau(O3-C4-C6-C7),dihedral,1.0943886159234215e-06,-,-0.00044395255916514193,0.013839998659108788
46,1489.8014273347626,,,mixed C-H bending / C-C torsion,delta(C6-C7-H16),angle,6.533416919755778e-07,+,7.093948673524103e-05,0.3235950711183532
46,1489.8014273347626,,,mixed C-H bending / C-C torsion,delta(O3-C4-O5),angle,2.5255042401327086e-08,+,1.023458049760776e-05,0.6009600723599223
46,1489.8014273347626,,,mixed C-H bending / C-C torsion,nu(C7-H16),bond,2.162842542562764e-08,+,1.2682229324813662e-05,0.33517476100026466
46,1489.8014273347626,,,mixed C-H bending / C-C torsion,delta(C8-C6-C9),angle,1.93297322515889e-08,-,-8.288324293378732e-06,0.7013422090875111
46,1489.8014273347626,,,mixed C-H bending / C-C torsion,nu(C4-C6),bond,1.919747788741361e-08,+,1.3733653243760661e-05,0.2536936689040973
46,1489.8014273347626,,,mixed C-H bending / C-C torsion,nu(O3-C4),bond,1.7412426977297652e-08,-,-1.0775650865121699e-05,0.3737746932579269
46,1489.8014273347626,,,mixed C-H bending / C-C torsion,nu(C4-O5),bond,1.1437524998676705e-08,-,-5.8659791544257635e-06,0.8284926016642041
46,1489.8014273347626,,,mixed C-H bending / C-C torsion,delta(C1-C2-O3),angle,1.0031176178088148e-08,+,7.67001252218089e-06,0.4250082114162513
46,1489.8014273347626,,,mixed C-H bending / C-C torsion,nu(C2-O3),bond,5.952932809613869e-09,-,-7.148865864665096e-06,0.29033159021092214
46,1489.8014273347626,,,mixed C-H bending / C-C torsion,nu(C6-C7),bond,5.951420497135334e-09,+,7.358006080852692e-06,0.273992049202674
46,1489.8014273347626,,,mixed C-H bending / C-C torsion,nu(C1-C2),bond,5.321910625002538e-09,+,6.705894401458817e-06,0.2949794525157423
46,1489.8014273347626,,,mixed C-H bending / C-C torsion,delta(C2-O3-C4),angle,2.9670170903406347e-09,-,-5.039418108838431e-06,0.2912036889642517
46,1489.8014273347626,,,mixed C-H bending / C-C torsion,delta(O3-C4-C6),angle,2.0208814352278837e-09,-,-3.159747152924636e-06,0.5045146489337415
46,1489.8014273347626,,,mixed C-H bending / C-C torsion,delta(C2-C1-H10),angle,2.8276797128238824e-10,+,1.366789773339139e-06,0.3772805214315562
46,1489.8014273347626,,,mixed C-H bending / C-C torsion,nu(C1-H10),bond,2.1545838059296718e-11,+,3.992079447743991e-07,0.33697885380249765
47,1490.9109541318178,,,C-H bending,delta(H15-C7-H17),angle,52.10831797321855,+,0.5540397984365294,0.2738862211420583
47,1490.9109541318178,,,C-H bending,delta(H16-C7-H17),angle,11.535054515316718,-,-0.25556477868907007,0.28494609231836865
47,1490.9109541318178,,,C-H bending,delta(H15-C7-H16),angle,10.717710115064524,-,-0.25335320881831724,0.26939792272256335
47,1490.9109541318178,,,C-H bending,delta(H21-C9-H23),angle,8.256193233883486,-,-0.22135663334560166,0.2718565628519554
47,1490.9109541318178,,,C-H bending,delta(H22-C9-H23),angle,5.116199664007856,+,0.1757624632560553,0.2672023531774869
47,1490.9109541318178,,,C-H bending,delta(C6-C7-H16),angle,3.057116572913913,+,0.1234603710917705,0.3235950711183532
47,1490.9109541318178,,,C-H bending,tau(C7-C6-C8-H18),dihedral,2.635829135463366,-,-0.15612268689152142,0.17447382206388093
47,1490.9109541318178,,,C-H bending,delta(C6-C7-H17),angle,1.4911411983659704,-,-0.08721192142519969,0.3163094116269633
47,1490.9109541318178,,,C-H bending,tau(C8-C6-C7-H17),dihedral,1.40481025813433,-,-0.2971237771893614,0.02567366734023094
47,1490.9109541318178,,,C-H bending,tau(C9-C6-C8-H20),dihedral,0.8513626747983937,+,0.08812156777977675,0.1768867206031556
47,1490.9109541318178,,,C-H bending,delta(C6-C8-H19),angle,0.6202894332059197,-,-0.05080579746833112,0.38771525788471284
47,1490.9109541318178,,,C-H bending,delta(C6-C9-H22),angle,0.5103287318820086,-,-0.051544308753287756,0.3099086049953738
47,1490.9109541318178,,,C-H bending,delta(H21-C9-H22),angle,0.3723679819770861,+,0.04644184686225386,0.2785469590691626
47,1490.9109541318178,,,C-H bending,delta(C6-C9-H21),angle,0.3271060835828298,+,0.04109487916471216,0.312505928233909
47,1490.9109541318178,,,C-H bending,delta(H19-C8-H20),angle,0.3078730087948595,+,0.044020064523422324,0.25633937495241976
47,1490.9109541318178,,,C-H bending,delta(C8-C6-C9),angle,0.08090123599477579,-,-0.013642222146318396,0.7013422090875111
47,1490.9109541318178,,,C-H bending,tau(H11-C1-C2-H13),dihedral,0.07665967182364954,+,0.018217084325067263,0.37269560643401184
47,1490.9109541318178,,,C-H bending,nu(C7-H16),bond,0.07024838874538461,+,0.018388870604817184,0.33517476100026466
47,1490.9109541318178,,,C-H bending,"gamma(H18;C8,H19,H20)",oop,0.06779947839926,+,0.021906922795740674,0.2279337585365519
47,1490.9109541318178,,,C-H bending,nu(C4-O5),bond,0.059978838385873895,-,-0.010807549547846684,0.8284926016642041
47,1490.9109541318178,,,C-H bending,delta(C6-C8-H18),angle,0.03459796113011912,+,0.013234704423910327,0.318688996065421
47,1490.9109541318178,,,C-H bending,tau(C4-C6-C9-H22),dihedral,0.03158620656954554,-,-0.044317026575237325,0.02594784517579504
47,1490.9109541318178,,,C-H bending,delta(H10-C1-H12),angle,0.029828098651493707,+,0.010353822705098135,0.44892023061146324
47,1490.9109541318178,,,C-H bending,nu(C7-H15),bond,0.022973952784591422,-,-0.010447629659912949,0.3395824516930801
47,1490.9109541318178,,,C-H bending,nu(C7-H17),bond,0.022699835616646118,-,-0.010384869388861727,0.339598442129758
47,1490.9109541318178,,,C-H bending,delta(O3-C4-O5),angle,0.02145736496268275,+,0.007589932473547911,0.6009600723599223
47,1490.9109541318178,,,C-H bending,delta(C7-C6-C9),angle,0.020676868014559258,+,0.006281452567694749,0.845492268834399
47,1490.9109541318178,,,C-H bending,delta(C4-C6-C8),angle,0.016847609477199408,+,0.0068024183672032845,0.5874307333618307
47,1490.9109541318178,,,C-H bending,delta(C4-C6-C9),angle,0.016494299621080483,+,0.006839028128566355,0.5689710296933157
47,1490.9109541318178,,,C-H bending,delta(C7-C6-C8),angle,0.016389164126380872,+,0.006335635714970497,0.6587512652548063
47,1490.9109541318178,,,C-H bending,nu(C9-H22),bond,0.013603521469076812,-,-0.008100977453313637,0.33444257153457424
47,1490.9109541318178,,,C-H bending,nu(C8-H19),bond,0.013247011069171569,-,-0.007993995514872593,0.3344530442205115
47,1490.9109541318178,,,C-H bending,nu(C9-H21),bond,0.012813253207110457,+,0.007861188003739417,0.3345246288966813
47,1490.9109541318178,,,C-H bending,nu(C8-H20),bond,0.012775054745315047,+,0.007849413609251508,0.3345287105692625
47,1490.9109541318178,,,C-H bending,nu(O3-C4),bond,0.010260491459693492,-,-0.006655055199670059,0.3737746932579269
47,1490.9109541318178,,,C-H bending,"gamma(H13;C2,O3,H14)",oop,0.006865713863558511,-,-0.006878584249358638,0.23411682864784614
47,1490.9109541318178,,,C-H bending,delta(C2-C1-H10),angle,0.006379282320053958,-,-0.005223074816142503,0.3772805214315562
47,1490.9109541318178,,,C-H bending,nu(C4-C6),bond,0.005463241068638766,+,0.005894444662873557,0.2536936689040973
47,1490.9109541318178,,,C-H bending,tau(H12-C1-C2-H13),dihedral,0.004149907319384941,-,-0.00401482410001751,0.4153846152199703
47,1490.9109541318178,,,C-H bending,tau(H11-C1-C2-H14),dihedral,0.0026712629483610665,+,0.004513014924153158,0.21160608660854546
47,1490.9109541318178,,,C-H bending,nu(C6-C9),bond,0.0017564604321165193,+,0.0032851658910296824,0.2625843359756791
47,1490.9109541318178,,,C-H bending,nu(C6-C8),bond,0.0016392159357369693,+,0.003173443739407692,0.2626150526130056
47,1490.9109541318178,,,C-H bending,nu(C6-C7),bond,0.0014214811031270983,+,0.0028931709275484305,0.273992049202674
47,1490.9109541318178,,,C-H bending,"gamma(H11;C1,H10,H12)",oop,0.0012471336541278074,-,-0.002449328923357115,0.3354005971942054
47,1490.9109541318178,,,C-H bending,delta(C2-O3-C4),angle,0.0011455176540434027,-,-0.0025192715630361364,0.2912036889642517
47,1490.9109541318178,,,C-H bending,delta(O3-C4-C6),angle,0.0010201413281389067,-,-0.0018061998753394451,0.5045146489337415
47,1490.9109541318178,,,C-H bending,delta(C1-C2-O3),angle,0.0009351383715699509,+,0.0018841340826096147,0.4250082114162513
47,1490.9109541318178,,,C-H bending,delta(C1-C2-H14),angle,0.0006367049238476541,+,0.001861833635426073,0.2963476715215922
47,1490.9109541318178,,,C-H bending,nu(C2-O3),bond,0.0004309529863971035,+,0.0015475344587826004,0.29033159021092214
47,1490.9109541318178,,,C-H bending,delta(C2-C1-H11),angle,0.0003206570293405963,+,0.0010922728346045034,0.4336342271090426
47,1490.9109541318178,,,C-H bending,nu(C1-H10),bond,8.788017638813003e-05,-,-0.0006486593206594553,0.33697885380249765
47,1490.9109541318178,,,C-H bending,nu(C9-H23),bond,8.405462158795844e-05,+,0.000630364848619024,0.34128930359837056
47,1490.9109541318178,,,C-H bending,nu(C8-H18),bond,6.597257332713303e-05,+,0.0005584438688368616,0.3413103237507323
47,1490.9109541318178,,,C-H bending,tau(H10-C1-C2-O3),dihedral,3.6086257669027255e-05,-,-0.0004734710907945686,0.25971675406989986
47,1490.9109541318178,,,C-H bending,nu(C2-H13),bond,2.6884308140434788e-05,+,0.0003600125561700572,0.33466371155807756
47,1490.9109541318178,,,C-H bending,nu(C1-H12),bond,2.6409798028118445e-05,+,0.0003549236462944096,0.3382519160366286
47,1490.9109541318178,,,C-H bending,nu(C2-H14),bond,2.5804518969662714e-05,+,0.00035270187061378297,0.33467655984368183
47,1490.9109541318178,,,C-H bending,nu(C1-H11),bond,2.1203625741570918e-05,+,0.000318020507721442,0.33825555025336085
47,1490.9109541318178,,,C-H bending,nu(C1-C2),bond,3.841748423298494e-06,+,0.00014495763857411104,0.2949794525157423
47,1490.9109541318178,,,C-H bending,"gamma(O3;C4,O5,C6)",oop,1.487617084043454e-07,-,-4.447639629174577e-05,0.12133246739127751
47,1490.9109541318178,,,C-H bending,tau(O3-C4-C6-C7),dihedral,8.541354707305976e-09,+,3.155497803018475e-05,0.013839998659108788
47,1490.9109541318178,,,C-H bending,tau(C2-O3-C4-C6),dihedral,4.853239831065807e-09,-,-1.3774075042758837e-05,0.041271658217058235
47,1490.9109541318178,,,C-H bending,tau(C1-C2-O3-C4),dihedral,2.4135426207329176e-09,-,-2.094237239905505e-05,0.008878677288367255
48,1495.377105327638,,,C-H bending,delta(H21-C9-H23),angle,36.01969128355422,+,0.4345601747385231,0.2718565628519554
48,1495.377105327638,,,C-H bending,delta(H21-C9-H22),angle,14.80317084610069,-,-0.275218742096188,0.2785469590691626
48,1495.377105327638,,,C-H bending,delta(H19-C8-H20),angle,13.596128327006074,+,0.2749475205562899,0.25633937495241976
48,1495.377105327638,,,C-H bending,tau(C9-C6-C8-H20),dihedral,8.804644464505992,+,0.2663533339627169,0.1768867206031556
48,1495.377105327638,,,C-H bending,tau(C7-C6-C8-H18),dihedral,5.575102649479214,-,-0.21340821692680326,0.17447382206388093
48,1495.377105327638,,,C-H bending,delta(H22-C9-H23),angle,4.159437643138352,-,-0.14895223026386872,0.2672023531774869
48,1495.377105327638,,,C-H bending,"gamma(H18;C8,H19,H20)",oop,3.7271833892817803,+,0.15266373929534402,0.2279337585365519
48,1495.377105327638,,,C-H bending,delta(C6-C8-H19),angle,2.6341808476822086,-,-0.0984047785589525,0.38771525788471284
48,1495.377105327638,,,C-H bending,delta(H16-C7-H17),angle,2.1421349681319577,-,-0.10351228680770573,0.28494609231836865
48,1495.377105327638,,,C-H bending,delta(C6-C9-H22),angle,2.1086580133369095,+,0.09847729218889618,0.3099086049953738
48,1495.377105327638,,,C-H bending,delta(H15-C7-H16),angle,1.9451939412921948,+,0.10144582384144948,0.26939792272256335
48,1495.377105327638,,,C-H bending,delta(C6-C8-H18),angle,1.3122414830335434,+,0.07660783481191201,0.318688996065421
48,1495.377105327638,,,C-H bending,delta(H10-C1-H12),angle,1.1035942211672578,+,0.059192946774806895,0.44892023061146324
48,1495.377105327638,,,C-H bending,delta(C6-C9-H21),angle,0.3638230449841058,-,-0.04073482103577348,0.312505928233909
48,1495.377105327638,,,C-H bending,tau(H10-C1-C2-O3),dihedral,0.33389949106101036,+,0.04280630444649214,0.25971675406989986
48,1495.377105327638,,,C-H bending,"gamma(H11;C1,H10,H12)",oop,0.22038216304973685,-,-0.03060244636999248,0.3354005971942054
48,1495.377105327638,,,C-H bending,delta(C6-C7-H17),angle,0.18760962742717477,+,0.0290751084924279,0.3163094116269633
48,1495.377105327638,,,C-H bending,tau(H12-C1-C2-H13),dihedral,0.14214128830575815,-,-0.022084357082140113,0.4153846152199703
48,1495.377105327638,,,C-H bending,tau(H11-C1-C2-H13),dihedral,0.12895405055622916,-,-0.02220701562891434,0.37269560643401184
48,1495.377105327638,,,C-H bending,delta(C2-C1-H11),angle,0.08921012441300152,+,0.017123602434270226,0.4336342271090426
48,1495.377105327638,,,C-H bending,delta(C4-C6-C8),angle,0.07886832853269662,+,0.013833205443173544,0.5874307333618307
48,1495.377105327638,,,C-H bending,delta(C4-C6-C9),angle,0.07564753614878178,-,-0.013765822248207995,0.5689710296933157
48,1495.377105327638,,,C-H bending,tau(H11-C1-C2-H14),dihedral,0.07290496105795519,-,-0.022159721809743273,0.21160608660854546
48,1495.377105327638,,,C-H bending,nu(C8-H19),bond,0.05906451574261796,-,-0.015865201333696316,0.3344530442205115
48,1495.377105327638,,,C-H bending,nu(C9-H22),bond,0.058885410797841514,+,0.01584137658162331,0.33444257153457424
48,1495.377105327638,,,C-H bending,delta(C7-C6-C9),angle,0.05372952905414452,+,0.009517032167017566,0.845492268834399
48,1495.377105327638,,,C-H bending,tau(C8-C6-C7-H17),dihedral,0.04255547081196857,-,-0.048605295257792384,0.02567366734023094
48,1495.377105327638,,,C-H bending,delta(C7-C6-C8),angle,0.04164882625892019,-,-0.009492716104837767,0.6587512652548063
48,1495.377105327638,,,C-H bending,tau(C4-C6-C9-H22),dihedral,0.03805924755423283,-,-0.04572242862004945,0.02594784517579504
48,1495.377105327638,,,C-H bending,nu(C9-H23),bond,0.021413559349104126,-,-0.009456554563694056,0.34128930359837056
48,1495.377105327638,,,C-H bending,nu(C8-H18),bond,0.021413250651551474,+,0.009456195199629034,0.3413103237507323
48,1495.377105327638,,,C-H bending,nu(C8-H20),bond,0.006813408060666467,+,0.0053878480900501225,0.3345287105692625
48,1495.377105327638,,,C-H bending,nu(C9-H21),bond,0.006669276315437928,-,-0.0053305883691228025,0.3345246288966813
48,1495.377105327638,,,C-H bending,nu(C6-C9),bond,0.006374332683743062,+,0.005882105314387535,0.2625843359756791
48,1495.377105327638,,,C-H bending,nu(C6-C8),bond,0.006312779528218746,-,-0.0058532940733498524,0.2626150526130056
48,1495.377105327638,,,C-H bending,nu(C7-H15),bond,0.004559065162981464,-,-0.004374366033946687,0.3395824516930801
48,1495.377105327638,,,C-H bending,nu(C7-H17),bond,0.00442215357212637,+,0.004308081456678319,0.339598442129758
48,1495.377105327638,,,C-H bending,delta(H15-C7-H17),angle,0.000746035242219206,+,0.0019703547286240275,0.2738862211420583
48,1495.377105327638,,,C-H bending,delta(C1-C2-H14),angle,0.000628540340873472,+,0.001738663989849747,0.2963476715215922
48,1495.377105327638,,,C-H bending,nu(C1-H12),bond,0.0005507413428946738,-,-0.0015233635067288041,0.3382519160366286
48,1495.377105327638,,,C-H bending,nu(C1-H11),bond,0.0005477177695801111,+,0.001519167953134311,0.33825555025336085
48,1495.377105327638,,,C-H bending,"gamma(O3;C4,O5,C6)",oop,0.000430574359871032,+,0.0022489790415087686,0.12133246739127751
48,1495.377105327638,,,C-H bending,tau(C2-O3-C4-C6),dihedral,0.00011268280184060294,-,-0.0019726620966956754,0.041271658217058235
48,1495.377105327638,,,C-H bending,delta(C6-C7-H16),angle,7.85741956582723e-05,+,0.0005882864746714686,0.3235950711183532
48,1495.377105327638,,,C-H bending,nu(C2-H13),bond,5.042430752950783e-05,-,-0.0004634101057817272,0.33466371155807756
48,1495.377105327638,,,C-H bending,nu(C2-H14),bond,4.9721093914305864e-05,+,0.00046015858617823974,0.33467655984368183
48,1495.377105327638,,,C-H bending,tau(C1-C2-O3-C4),dihedral,4.014570446751055e-05,+,0.002538605675749205,0.008878677288367255
48,1495.377105327638,,,C-H bending,"gamma(H13;C2,O3,H14)",oop,3.100655567044248e-05,-,-0.0004344704935129105,0.23411682864784614
48,1495.377105327638,,,C-H bending,tau(O3-C4-C6-C7),dihedral,3.746856190300505e-06,+,0.0006211769455415258,0.013839998659108788
48,1495.377105327638,,,C-H bending,nu(C4-O5),bond,2.9228160705314457e-06,-,-7.090980100522445e-05,0.8284926016642041
48,1495.377105327638,,,C-H bending,delta(C8-C6-C9),angle,1.7072264274402096e-06,-,-5.8902050617649476e-05,0.7013422090875111
48,1495.377105327638,,,C-H bending,nu(C7-H16),bond,1.2201577187367274e-06,+,7.203145248561492e-05,0.33517476100026466
48,1495.377105327638,,,C-H bending,nu(C4-C6),bond,4.322177755686059e-07,-,-4.92772357764886e-05,0.2536936689040973
48,1495.377105327638,,,C-H bending,delta(C2-C1-H10),angle,7.516765721668908e-08,+,1.685129013617753e-05,0.3772805214315562
48,1495.377105327638,,,C-H bending,nu(O3-C4),bond,5.7423431378772474e-08,+,1.479753800310193e-05,0.3737746932579269
48,1495.377105327638,,,C-H bending,delta(O3-C4-O5),angle,5.599249024943016e-08,+,1.1523699449008833e-05,0.6009600723599223
48,1495.377105327638,,,C-H bending,delta(O3-C4-C6),angle,5.279554234394941e-08,-,-1.221269687937969e-05,0.5045146489337415
48,1495.377105327638,,,C-H bending,delta(C2-O3-C4),angle,2.149617338571567e-08,-,-1.025727460926677e-05,0.2912036889642517
48,1495.377105327638,,,C-H bending,nu(C6-C7),bond,1.0309711973345586e-08,-,-7.32325449042452e-06,0.273992049202674
48,1495.377105327638,,,C-H bending,nu(C1-C2),bond,9.339438182791845e-09,+,6.717602997105935e-06,0.2949794525157423
48,1495.377105327638,,,C-H bending,delta(C1-C2-O3),angle,3.320938071130214e-09,-,-3.3371948800253064e-06,0.4250082114162513
48,1495.377105327638,,,C-H bending,nu(C1-H10),bond,1.9158812224304195e-09,+,2.8466416982191434e-06,0.33697885380249765
48,1495.377105327638,,,C-H bending,nu(C2-O3),bond,4.596332728714645e-10,+,1.502133127774119e-06,0.29033159021092214
49,1501.5990740191107,,,mixed C-C torsion / C-H bending,tau(H11-C1-C2-H13),dihedral,45.572739981051065,+,0.4394632189627563,0.37269560643401184
49,1501.5990740191107,,,mixed C-C torsion / C-H bending,delta(H10-C1-H12),angle,15.984470805990533,+,0.23714372721933039,0.44892023061146324
49,1501.5990740191107,,,mixed C-C torsion / C-H bending,"gamma(H11;C1,H10,H12)",oop,10.58956837972066,-,-0.22330801571347858,0.3354005971942054
49,1501.5990740191107,,,mixed C-C torsion / C-H bending,"gamma(H13;C2,O3,H14)",oop,9.079833712310752,-,-0.24749688083104765,0.23411682864784614
49,1501.5990740191107,,,mixed C-C torsion / C-H bending,tau(H12-C1-C2-H13),dihedral,5.708064497397707,-,-0.14732156744136302,0.4153846152199703
49,1501.5990740191107,,,mixed C-C torsion / C-H bending,delta(C2-C1-H11),angle,3.1154870267360293,+,0.10652420341803097,0.4336342271090426
49,1501.5990740191107,,,mixed C-C torsion / C-H bending,tau(H11-C1-C2-H14),dihedral,2.9059223617734045,+,0.14727364119619055,0.21160608660854546
49,1501.5990740191107,,,mixed C-C torsion / C-H bending,delta(C2-C1-H10),angle,2.6740641177418567,-,-0.10580369018047152,0.3772805214315562
49,1501.5990740191107,,,mixed C-C torsion / C-H bending,delta(C1-C2-H14),angle,1.9843784677670249,+,0.10283917692058764,0.2963476715215922
49,1501.5990740191107,,,mixed C-C torsion / C-H bending,nu(C1-C2),bond,0.4885264494003637,-,-0.05114406661298211,0.2949794525157423
49,1501.5990740191107,,,mixed C-C torsion / C-H bending,delta(H21-C9-H22),angle,0.45379186572267743,+,0.05072548888197857,0.2785469590691626
49,1501.5990740191107,,,mixed C-C torsion / C-H bending,delta(H19-C8-H20),angle,0.4212201244941517,+,0.05094411174117444,0.25633937495241976
49,1501.5990740191107,,,mixed C-C torsion / C-H bending,delta(H22-C9-H23),angle,0.2737918278355496,-,-0.04022881130140598,0.2672023531774869
49,1501.5990740191107,,,mixed C-C torsion / C-H bending,delta(C1-C2-O3),angle,0.22325953293762058,+,0.02880404257553121,0.4250082114162513
49,1501.5990740191107,,,mixed C-C torsion / C-H bending,delta(H15-C7-H17),angle,0.05185250508575371,-,-0.017292065746804714,0.2738862211420583
49,1501.5990740191107,,,mixed C-C torsion / C-H bending,"gamma(H18;C8,H19,H20)",oop,0.05053639982349512,+,0.018713064853400133,0.2279337585365519
49,1501.5990740191107,,,mixed C-C torsion / C-H bending,nu(C1-H10),bond,0.04809312461170642,-,-0.015013684020505513,0.33697885380249765
49,1501.5990740191107,,,mixed C-C torsion / C-H bending,tau(C9-C6-C8-H20),dihedral,0.0440842650968911,+,0.019839982566490735,0.1768867206031556
49,1501.5990740191107,,,mixed C-C torsion / C-H bending,delta(C6-C9-H21),angle,0.04309127705378246,-,-0.01475749521570033,0.312505928233909
49,1501.5990740191107,,,mixed C-C torsion / C-H bending,nu(C2-H13),bond,0.0337704315744481,+,0.012624410056436733,0.33466371155807756
49,1501.5990740191107,,,mixed C-C torsion / C-H bending,nu(C2-H14),bond,0.033759047840242105,+,0.012622039796771012,0.33467655984368183
49,1501.5990740191107,,,mixed C-C torsion / C-H bending,delta(C6-C8-H18),angle,0.029160702564091905,+,0.012021607830182844,0.318688996065421
49,1501.5990740191107,,,mixed C-C torsion / C-H bending,nu(C2-O3),bond,0.026727133442433243,+,0.012058023982739094,0.29033159021092214
49,1501.5990740191107,,,mixed C-C torsion / C-H bending,nu(C1-H12),bond,0.023239861771209,+,0.010417025717649965,0.3382519160366286
49,1501.5990740191107,,,mixed C-C torsion / C-H bending,nu(C1-H11),bond,0.023236150205635266,+,0.010416137893221033,0.33825555025336085
49,1501.5990740191107,,,mixed C-C torsion / C-H bending,tau(C7-C6-C8-H18),dihedral,0.02205597235049193,+,0.014130094475604447,0.17447382206388093
49,1501.5990740191107,,,mixed C-C torsion / C-H bending,tau(C4-C6-C9-H22),dihedral,0.018934010403273267,+,0.033948278433419396,0.02594784517579504
49,1501.5990740191107,,,mixed C-C torsion / C-H bending,delta(C2-O3-C4),angle,0.016009155027755725,+,0.009318218024169267,0.2912036889642517
49,1501.5990740191107,,,mixed C-C torsion / C-H bending,nu(C4-O5),bond,0.008502988277969015,+,0.0040261372114356085,0.8284926016642041
49,1501.5990740191107,,,mixed C-C torsion / C-H bending,nu(C6-C7),bond,0.00637189637316712,-,-0.006060556029266182,0.273992049202674
49,1501.5990740191107,,,mixed C-C torsion / C-H bending,delta(H16-C7-H17),angle,0.006214452525650096,+,0.005869041538744655,0.28494609231836865
49,1501.5990740191107,,,mixed C-C torsion / C-H bending,delta(H15-C7-H16),angle,0.005996755811931223,+,0.005929364649110053,0.26939792272256335
49,1501.5990740191107,,,mixed C-C torsion / C-H bending,delta(O3-C4-O5),angle,0.005690840495175083,+,0.00386734125571176,0.6009600723599223
49,1501.5990740191107,,,mixed C-C torsion / C-H bending,delta(C6-C8-H19),angle,0.005604868629863026,-,-0.00477829954406712,0.38771525788471284
49,1501.5990740191107,,,mixed C-C torsion / C-H bending,delta(C6-C9-H22),angle,0.0043614098174811254,-,-0.004714587816874316,0.3099086049953738
49,1501.5990740191107,,,mixed C-C torsion / C-H bending,nu(O3-C4),bond,0.0034643144419102302,-,-0.0038260514341556663,0.3737746932579269
49,1501.5990740191107,,,mixed C-C torsion / C-H bending,delta(C6-C7-H17),angle,0.00298233670089531,+,0.00385895201333347,0.3163094116269633
49,1501.5990740191107,,,mixed C-C torsion / C-H bending,nu(C6-C9),bond,0.0014135895350108271,+,0.002915911587382227,0.2625843359756791
49,1501.5990740191107,,,mixed C-C torsion / C-H bending,nu(C6-C8),bond,0.0014082656398205799,+,0.0029102452064662565,0.2626150526130056
49,1501.5990740191107,,,mixed C-C torsion / C-H bending,tau(C8-C6-C7-H17),dihedral,0.0012413894153512565,+,0.008738907912912439,0.02567366734023094
49,1501.5990740191107,,,mixed C-C torsion / C-H bending,delta(C4-C6-C8),angle,0.0011919171718602285,-,-0.0017901598188360482,0.5874307333618307
49,1501.5990740191107,,,mixed C-C torsion / C-H bending,delta(C4-C6-C9),angle,0.001166740548027172,-,-0.0017996546272048897,0.5689710296933157
49,1501.5990740191107,,,mixed C-C torsion / C-H bending,delta(C6-C7-H16),angle,0.000997405462574321,-,-0.0022063886815136993,0.3235950711183532
49,1501.5990740191107,,,mixed C-C torsion / C-H bending,delta(H21-C9-H23),angle,0.0009819555620935738,-,-0.002388488227822467,0.2718565628519554
49,1501.5990740191107,,,mixed C-C torsion / C-H bending,nu(C9-H21),bond,0.0007103204732096853,-,-0.0018313030389500438,0.3345246288966813
49,1501.5990740191107,,,mixed C-C torsion / C-H bending,nu(C8-H20),bond,0.0007086551826731021,-,-0.0018291439472208737,0.3345287105692625
49,1501.5990740191107,,,mixed C-C torsion / C-H bending,nu(C8-H18),bond,0.00034617936348506963,+,0.0012656772499213822,0.3413103237507323
49,1501.5990740191107,,,mixed C-C torsion / C-H bending,nu(C9-H23),bond,0.0003418993311553271,+,0.001257867469597782,0.34128930359837056
49,1501.5990740191107,,,mixed C-C torsion / C-H bending,nu(C4-C6),bond,0.0003005654927554586,+,0.0013679236039028412,0.2536936689040973
49,1501.5990740191107,,,mixed C-C torsion / C-H bending,delta(C8-C6-C9),angle,0.00016480932966400286,+,0.0006092183930423783,0.7013422090875111
49,1501.5990740191107,,,mixed C-C torsion / C-H bending,nu(C7-H16),bond,9.543949782169304e-05,-,-0.000670618480544452,0.33517476100026466
49,1501.5990740191107,,,mixed C-C torsion / C-H bending,nu(C7-H17),bond,2.4598820510697543e-05,+,0.0003382372198084312,0.339598442129758
49,1501.5990740191107,,,mixed C-C torsion / C-H bending,nu(C7-H15),bond,2.4228234285062148e-05,+,0.0003356876480770299,0.3395824516930801
49,1501.5990740191107,,,mixed C-C torsion / C-H bending,delta(O3-C4-C6),angle,1.438182823483019e-05,-,-0.0002121862595817166,0.5045146489337415
49,1501.5990740191107,,,mixed C-C torsion / C-H bending,nu(C8-H19),bond,4.5953009041343375e-06,-,-0.0001473114483266233,0.3344530442205115
49,1501.5990740191107,,,mixed C-C torsion / C-H bending,nu(C9-H22),bond,3.8086668063039164e-06,-,-0.00013411359745805435,0.33444257153457424
49,1501.5990740191107,,,mixed C-C torsion / C-H bending,tau(H10-C1-C2-O3),dihedral,9.903449495968285e-08,+,2.4540892955657268e-05,0.25971675406989986
49,1501.5990740191107,,,mixed C-C torsion / C-H bending,delta(C7-C6-C9),angle,7.952677158616747e-08,+,1.2188463317203189e-05,0.845492268834399
49,1501.5990740191107,,,mixed C-C torsion / C-H bending,delta(C7-C6-C8),angle,2.353768209073841e-08,+,7.512218545786356e-06,0.6587512652548063
49,1501.5990740191107,,,mixed C-C torsion / C-H bending,tau(C2-O3-C4-C6),dihedral,1.5327690777082729e-09,-,-7.658778416494001e-06,0.041271658217058235
49,1501.5990740191107,,,mixed C-C torsion / C-H bending,"gamma(O3;C4,O5,C6)",oop,6.5899583700213e-10,-,-2.9288688126553417e-06,0.12133246739127751
49,1501.5990740191107,,,mixed C-C torsion / C-H bending,tau(C1-C2-O3-C4),dihedral,4.787244209788686e-11,+,2.9182047127110943e-06,0.008878677288367255
49,1501.5990740191107,,,mixed C-C torsion / C-H bending,tau(O3-C4-C6-C7),dihedral,5.036121350142561e-13,+,2.397326399378911e-07,0.013839998659108788
50,1504.2026415177231,,,C-H bending,delta(H16-C7-H17),angle,31.011000410541964,+,0.40352501264053176,0.28494609231836865
50,1504.2026415177231,,,C-H bending,delta(H15-C7-H16),angle,29.581422859733806,-,-0.4053277451220646,0.26939792272256335
50,1504.2026415177231,,,C-H bending,delta(H22-C9-H23),angle,15.208416963531773,-,-0.2918204953922431,0.2672023531774869
50,1504.2026415177231,,,C-H bending,delta(H21-C9-H22),angle,5.829043678340978,+,0.17694706693849852,0.2785469590691626
50,1504.2026415177231,,,C-H bending,delta(H19-C8-H20),angle,5.181647275344659,-,-0.17390825079161337,0.25633937495241976
50,1504.2026415177231,,,C-H bending,delta(C6-C7-H17),angle,3.1361704553498257,-,-0.1217973099967934,0.3163094116269633
50,1504.2026415177231,,,C-H bending,tau(C7-C6-C8-H18),dihedral,2.441556379653064,-,-0.1446978790556116,0.17447382206388093
50,1504.2026415177231,,,C-H bending,delta(H21-C9-H23),angle,2.192232082649215,+,0.10984170813679027,0.2718565628519554
50,1504.2026415177231,,,C-H bending,"gamma(H18;C8,H19,H20)",oop,1.3841506992800532,-,-0.09531939703885937,0.2279337585365519
50,1504.2026415177231,,,C-H bending,delta(C6-C9-H21),angle,1.3669585458814326,-,-0.08089887201981792,0.312505928233909
50,1504.2026415177231,,,C-H bending,delta(C6-C8-H18),angle,0.5595282218458046,-,-0.051253247520211216,0.318688996065421
50,1504.2026415177231,,,C-H bending,tau(C4-C6-C9-H22),dihedral,0.5022003867085578,+,0.17016952892538256,0.02594784517579504
50,1504.2026415177231,,,C-H bending,tau(C8-C6-C7-H17),dihedral,0.3446768506011098,+,0.14172812034708468,0.02567366734023094
50,1504.2026415177231,,,C-H bending,delta(C6-C8-H19),angle,0.2693497697170645,-,-0.032240055617694066,0.38771525788471284
50,1504.2026415177231,,,C-H bending,delta(C6-C9-H22),angle,0.21650710179589638,+,0.032330556482956484,0.3099086049953738
50,1504.2026415177231,,,C-H bending,nu(C6-C8),bond,0.19473189398269608,+,0.03330831478794448,0.2626150526130056
50,1504.2026415177231,,,C-H bending,nu(C6-C9),bond,0.1913312860464438,-,-0.03301813294144984,0.2625843359756791
50,1504.2026415177231,,,C-H bending,tau(C9-C6-C8-H20),dihedral,0.07449784786243713,-,-0.02510256916611926,0.1768867206031556
50,1504.2026415177231,,,C-H bending,delta(H10-C1-H12),angle,0.04779211752200618,+,0.012620817073873481,0.44892023061146324
50,1504.2026415177231,,,C-H bending,delta(C4-C6-C8),angle,0.044532372864421015,-,-0.010650095702288705,0.5874307333618307
50,1504.2026415177231,,,C-H bending,delta(C4-C6-C9),angle,0.04319503463726061,+,0.01065775568758488,0.5689710296933157
50,1504.2026415177231,,,C-H bending,nu(C7-H17),bond,0.03152353715104581,-,-0.01178497188237587,0.339598442129758
50,1504.2026415177231,,,C-H bending,nu(C7-H15),bond,0.03130188519577272,+,0.011743743351507635,0.3395824516930801
50,1504.2026415177231,,,C-H bending,"gamma(O3;C4,O5,C6)",oop,0.01970015179430499,+,0.015586198241306219,0.12133246739127751
50,1504.2026415177231,,,C-H bending,nu(C9-H21),bond,0.019300709212728466,-,-0.009291086624837788,0.3345246288966813
50,1504.2026415177231,,,C-H bending,nu(C8-H20),bond,0.018931714209693758,+,0.009201787416794697,0.3345287105692625
50,1504.2026415177231,,,C-H bending,tau(H10-C1-C2-O3),dihedral,0.014365505836308363,+,0.009097130031606603,0.25971675406989986
50,1504.2026415177231,,,C-H bending,"gamma(H11;C1,H10,H12)",oop,0.009553227986265445,-,-0.006528104224499312,0.3354005971942054
50,1504.2026415177231,,,C-H bending,nu(C9-H23),bond,0.006421272109862438,+,0.0053057052849835185,0.34128930359837056
50,1504.2026415177231,,,C-H bending,nu(C8-H18),bond,0.006214080646354601,-,-0.005219244646551984,0.3413103237507323
50,1504.2026415177231,,,C-H bending,tau(C2-O3-C4-C6),dihedral,0.004955895042135224,+,0.013403833210291025,0.041271658217058235
50,1504.2026415177231,,,C-H bending,tau(H11-C1-C2-H13),dihedral,0.003726463182360816,-,-0.0038678106512041407,0.37269560643401184
50,1504.2026415177231,,,C-H bending,tau(H12-C1-C2-H13),dihedral,0.003422742573204471,-,-0.003511202191568422,0.4153846152199703
50,1504.2026415177231,,,C-H bending,delta(C2-C1-H11),angle,0.0033955732775897826,+,0.003422856567461096,0.4336342271090426
50,1504.2026415177231,,,C-H bending,tau(H11-C1-C2-H14),dihedral,0.0021833138498894788,-,-0.0039290533992491295,0.21160608660854546
50,1504.2026415177231,,,C-H bending,nu(C8-H19),bond,0.0012241106685044296,-,-0.002340112244451423,0.3344530442205115
50,1504.2026415177231,,,C-H bending,nu(C9-H22),bond,0.0012227181532123068,+,0.0023388174592384623,0.33444257153457424
50,1504.2026415177231,,,C-H bending,delta(H15-C7-H17),angle,0.0005074541663093347,+,0.0016649731850330333,0.2738862211420583
50,1504.2026415177231,,,C-H bending,delta(C7-C6-C9),angle,0.00045832268825497574,-,-0.0009005851512534254,0.845492268834399
50,1504.2026415177231,,,C-H bending,delta(C7-C6-C8),angle,0.0003388983865348051,+,0.0008773400268455544,0.6587512652548063
50,1504.2026415177231,,,C-H bending,delta(C1-C2-H14),angle,9.422207947048651e-05,+,0.0006897147392559641,0.2963476715215922
50,1504.2026415177231,,,C-H bending,delta(C6-C7-H16),angle,7.367675509854298e-05,+,0.0005836577012373105,0.3235950711183532
50,1504.2026415177231,,,C-H bending,tau(O3-C4-C6-C7),dihedral,3.659098253565738e-05,-,-0.001988899945200674,0.013839998659108788
50,1504.2026415177231,,,C-H bending,"gamma(H13;C2,O3,H14)",oop,3.209804003518919e-05,+,0.0004529151677971958,0.23411682864784614
50,1504.2026415177231,,,C-H bending,nu(C1-H12),bond,2.175737982638796e-05,-,-0.00031022521072460705,0.3382519160366286
50,1504.2026415177231,,,C-H bending,nu(C1-H11),bond,2.0120146300136594e-05,+,0.00029832319775226825,0.33825555025336085
50,1504.2026415177231,,,C-H bending,tau(C1-C2-O3-C4),dihedral,1.6489260348972972e-05,+,0.0016669415666241316,0.008878677288367255
50,1504.2026415177231,,,C-H bending,nu(C6-C7),bond,5.494208994324423e-06,-,-0.0001732118226713162,0.273992049202674
50,1504.2026415177231,,,C-H bending,nu(C4-C6),bond,3.235618533989321e-06,-,-0.00013813946407436155,0.2536936689040973
50,1504.2026415177231,,,C-H bending,delta(C2-C1-H10),angle,1.6527951254463242e-06,+,8.096013879369065e-05,0.3772805214315562
50,1504.2026415177231,,,C-H bending,delta(O3-C4-C6),angle,1.6257138053778779e-06,+,6.943510245354585e-05,0.5045146489337415
50,1504.2026415177231,,,C-H bending,delta(C8-C6-C9),angle,9.226671139339146e-07,-,-4.4366120711959934e-05,0.7013422090875111
50,1504.2026415177231,,,C-H bending,nu(O3-C4),bond,6.265941286053325e-07,+,5.008205465724049e-05,0.3737746932579269
50,1504.2026415177231,,,C-H bending,nu(C4-O5),bond,4.569790501373508e-07,-,-2.872749463477279e-05,0.8284926016642041
50,1504.2026415177231,,,C-H bending,nu(C7-H16),bond,3.7592862798612714e-07,+,4.0964812353739266e-05,0.33517476100026466
50,1504.2026415177231,,,C-H bending,delta(O3-C4-O5),angle,2.590730225529733e-07,-,-2.5396987832552196e-05,0.6009600723599223
50,1504.2026415177231,,,C-H bending,nu(C2-H13),bond,2.2241366143397747e-07,+,3.15333667838186e-05,0.33466371155807756
50,1504.2026415177231,,,C-H bending,nu(C2-H14),bond,1.2803969780981732e-07,-,-2.39250908909672e-05,0.33467655984368183
50,1504.2026415177231,,,C-H bending,nu(C1-C2),bond,1.1194106996466307e-07,-,-2.382828404274368e-05,0.2949794525157423
50,1504.2026415177231,,,C-H bending,nu(C2-O3),bond,6.365652018542886e-08,-,-1.8112075704987887e-05,0.29033159021092214
50,1504.2026415177231,,,C-H bending,delta(C2-O3-C4),angle,4.372440724176085e-08,+,1.4988475188331114e-05,0.2912036889642517
50,1504.2026415177231,,,C-H bending,nu(C1-H10),bond,1.5958224133747602e-08,+,8.417534015176457e-06,0.33697885380249765
50,1504.2026415177231,,,C-H bending,delta(C1-C2-O3),angle,2.3619131239038483e-11,-,-2.8835482537742067e-07,0.4250082114162513
51,1507.5860336942208,,,C-H bending,delta(H21-C9-H22),angle,29.796741085210734,+,0.3994826527267859,0.2785469590691626
51,1507.5860336942208,,,C-H bending,delta(H19-C8-H20),angle,27.684877482640864,+,0.4013991003082103,0.25633937495241976
51,1507.5860336942208,,,C-H bending,delta(H22-C9-H23),angle,20.429098669264313,-,-0.33772811497956795,0.2672023531774869
51,1507.5860336942208,,,C-H bending,"gamma(H18;C8,H19,H20)",oop,4.709507108766505,+,0.17556832052283983,0.2279337585365519
51,1507.5860336942208,,,C-H bending,tau(C9-C6-C8-H20),dihedral,2.892433718030349,+,0.1561877055005266,0.1768867206031556
51,1507.5860336942208,,,C-H bending,delta(C6-C9-H21),angle,2.8015064744987983,-,-0.11564568618738913,0.312505928233909
51,1507.5860336942208,,,C-H bending,delta(C6-C8-H18),angle,2.3762226064072425,+,0.10546850254084993,0.318688996065421
51,1507.5860336942208,,,C-H bending,tau(C7-C6-C8-H18),dihedral,1.5770705970137544,+,0.11612431955815518,0.17447382206388093
51,1507.5860336942208,,,C-H bending,tau(C4-C6-C9-H22),dihedral,1.2571242372957427,+,0.26884452908978956,0.02594784517579504
51,1507.5860336942208,,,C-H bending,delta(H15-C7-H17),angle,1.2055693748541003,+,0.0810352103497859,0.2738862211420583
51,1507.5860336942208,,,C-H bending,tau(H12-C1-C2-H13),dihedral,0.7635871613737479,+,0.052368104847766196,0.4153846152199703
51,1507.5860336942208,,,C-H bending,delta(H16-C7-H17),angle,0.6032803462715663,-,-0.056200604645359954,0.28494609231836865
51,1507.5860336942208,,,C-H bending,delta(H10-C1-H12),angle,0.5262794947335233,-,-0.04182022722180083,0.44892023061146324
51,1507.5860336942208,,,C-H bending,delta(H15-C7-H16),angle,0.5100379713779134,-,-0.05314554754300813,0.26939792272256335
51,1507.5860336942208,,,C-H bending,tau(H11-C1-C2-H13),dihedral,0.4609447807300373,-,-0.04295463832605433,0.37269560643401184
51,1507.5860336942208,,,C-H bending,nu(C6-C7),bond,0.40059789176937916,-,-0.046703357355209606,0.273992049202674
51,1507.5860336942208,,,C-H bending,tau(H11-C1-C2-H14),dihedral,0.3887852223602508,-,-0.05235444367466908,0.21160608660854546
51,1507.5860336942208,,,C-H bending,delta(C6-C7-H16),angle,0.3364131923907985,+,0.03938204938216149,0.3235950711183532
51,1507.5860336942208,,,C-H bending,"gamma(H11;C1,H10,H12)",oop,0.19319260018974965,+,0.029314067285415447,0.3354005971942054
51,1507.5860336942208,,,C-H bending,delta(H21-C9-H23),angle,0.13562749227921664,-,-0.02728140339752754,0.2718565628519554
51,1507.5860336942208,,,C-H bending,nu(C6-C9),bond,0.1281126764192531,+,0.02697890983275673,0.2625843359756791
51,1507.5860336942208,,,C-H bending,nu(C6-C8),bond,0.12555396098497087,+,0.026706572449555405,0.2626150526130056
51,1507.5860336942208,,,C-H bending,delta(C2-C1-H10),angle,0.11369398416720027,+,0.021203097153230266,0.3772805214315562
51,1507.5860336942208,,,C-H bending,delta(C6-C8-H19),angle,0.10299540489117302,-,-0.019907431533303606,0.38771525788471284
51,1507.5860336942208,,,C-H bending,delta(C6-C9-H22),angle,0.08470420372588267,-,-0.02019288708548136,0.3099086049953738
51,1507.5860336942208,,,C-H bending,delta(O3-C4-C6),angle,0.0844452847007463,+,0.015802054815969982,0.5045146489337415
51,1507.5860336942208,,,C-H bending,delta(C2-C1-H11),angle,0.06519611042201184,-,-0.014976551303383863,0.4336342271090426
51,1507.5860336942208,,,C-H bending,tau(C8-C6-C7-H17),dihedral,0.039964870400377765,-,-0.048190119354329396,0.02567366734023094
51,1507.5860336942208,,,C-H bending,nu(C8-H20),bond,0.03350233571824028,-,-0.01222316282741566,0.3345287105692625
51,1507.5860336942208,,,C-H bending,nu(C9-H21),bond,0.0330009080098586,-,-0.012131420268597176,0.3345246288966813
51,1507.5860336942208,,,C-H bending,nu(C8-H18),bond,0.026560846239900345,+,0.010774794446446384,0.3413103237507323
51,1507.5860336942208,,,C-H bending,nu(C9-H23),bond,0.026244154238275634,+,0.010710696282089305,0.34128930359837056
51,1507.5860336942208,,,C-H bending,delta(C4-C6-C8),angle,0.021465186750116605,-,-0.007383321091240232,0.5874307333618307
51,1507.5860336942208,,,C-H bending,delta(C4-C6-C9),angle,0.021294341906807766,-,-0.007472222351508097,0.5689710296933157
51,1507.5860336942208,,,C-H bending,"gamma(H13;C2,O3,H14)",oop,0.010605318961388081,-,-0.00822069060559818,0.23411682864784614
51,1507.5860336942208,,,C-H bending,delta(C6-C7-H17),angle,0.008701456219058226,-,-0.006406232034598315,0.3163094116269633
51,1507.5860336942208,,,C-H bending,nu(C2-O3),bond,0.005420540033607773,-,-0.005277605017905846,0.29033159021092214
51,1507.5860336942208,,,C-H bending,nu(C4-C6),bond,0.004276634963952301,-,-0.005014862487985944,0.2536936689040973
51,1507.5860336942208,,,C-H bending,delta(C1-C2-H14),angle,0.0031748318981620724,+,0.003997811935239192,0.2963476715215922
51,1507.5860336942208,,,C-H bending,delta(O3-C4-O5),angle,0.002740483318177951,-,-0.0026082758748484677,0.6009600723599223
51,1507.5860336942208,,,C-H bending,nu(C4-O5),bond,0.002198791100060625,+,0.001989804552705319,0.8284926016642041
51,1507.5860336942208,,,C-H bending,delta(C2-O3-C4),angle,0.0016410207016371132,+,0.0028994882023671473,0.2912036889642517
51,1507.5860336942208,,,C-H bending,nu(C1-H10),bond,0.0011621187555378894,+,0.0022682278737389135,0.33697885380249765
51,1507.5860336942208,,,C-H bending,nu(O3-C4),bond,0.0009303632855497506,+,0.001927010527482166,0.3737746932579269
51,1507.5860336942208,,,C-H bending,nu(C1-H11),bond,0.0006490056571854528,-,-0.0016918604094089858,0.33825555025336085
51,1507.5860336942208,,,C-H bending,nu(C1-H12),bond,0.00064830516744936,-,-0.0016909562109079254,0.3382519160366286
51,1507.5860336942208,,,C-H bending,delta(C8-C6-C9),angle,0.0006017445877336995,-,-0.0011313679201606867,0.7013422090875111
51,1507.5860336942208,,,C-H bending,nu(C1-C2),bond,0.0003604039743642386,-,-0.0013500866890284757,0.2949794525157423
51,1507.5860336942208,,,C-H bending,nu(C7-H16),bond,0.0003372122322132754,+,0.0012251203621383333,0.33517476100026466
51,1507.5860336942208,,,C-H bending,nu(C7-H15),bond,0.00024565406329673335,-,-0.0010388482405480578,0.3395824516930801
51,1507.5860336942208,,,C-H bending,nu(C7-H17),bond,0.000204784237784225,-,-0.0009484799847206727,0.339598442129758
51,1507.5860336942208,,,C-H bending,nu(C9-H22),bond,0.00015015020418679068,-,-0.0008183987150092991,0.33444257153457424
51,1507.5860336942208,,,C-H bending,nu(C8-H19),bond,0.0001491589764746617,-,-0.0008156801110654975,0.3344530442205115
51,1507.5860336942208,,,C-H bending,delta(C7-C6-C9),angle,4.5940156407215776e-05,-,-0.0002847109474837253,0.845492268834399
51,1507.5860336942208,,,C-H bending,delta(C7-C6-C8),angle,3.7993788082642514e-05,-,-0.00029333124066229936,0.6587512652548063
51,1507.5860336942208,,,C-H bending,delta(C1-C2-O3),angle,3.453308933799472e-05,-,-0.00034816235226287973,0.4250082114162513
51,1507.5860336942208,,,C-H bending,nu(C2-H14),bond,2.5580805110042988e-05,+,0.0003376814536328842,0.33467655984368183
51,1507.5860336942208,,,C-H bending,nu(C2-H13),bond,2.5444866507670482e-05,+,0.00033678948905345555,0.33466371155807756
51,1507.5860336942208,,,C-H bending,"gamma(O3;C4,O5,C6)",oop,5.329387221987488e-07,-,-8.094925864600105e-05,0.12133246739127751
51,1507.5860336942208,,,C-H bending,tau(C2-O3-C4-C6),dihedral,1.3206345056283547e-07,-,-6.909205551164187e-05,0.041271658217058235
51,1507.5860336942208,,,C-H bending,tau(H10-C1-C2-O3),dihedral,8.730262974778578e-08,-,-2.239372970746604e-05,0.25971675406989986
51,1507.5860336942208,,,C-H bending,tau(C1-C2-O3-C4),dihedral,3.099727760541328e-10,-,-7.216895106853924e-06,0.008878677288367255
51,1507.5860336942208,,,C-H bending,tau(O3-C4-C6-C7),dihedral,3.085634877182067e-10,+,5.767226334814053e-06,0.013839998659108788
52,1522.7870822950863,,,C-C torsion,tau(H12-C1-C2-H13),dihedral,43.29147354777016,-,-0.44471973775174833,0.4153846152199703
52,1522.7870822950863,,,C-C torsion,tau(H11-C1-C2-H14),dihedral,22.049774256142754,+,0.4446808430625786,0.21160608660854546
52,1522.7870822950863,,,C-C torsion,"gamma(H13;C2,O3,H14)",oop,10.061496459955775,+,0.28557842721888316,0.23411682864784614
52,1522.7870822950863,,,C-C torsion,tau(H11-C1-C2-H13),dihedral,6.738294193485879,-,-0.1852286971340452,0.37269560643401184
52,1522.7870822950863,,,C-C torsion,delta(H10-C1-H12),angle,2.893456588876103,+,0.1105947015932567,0.44892023061146324
52,1522.7870822950863,,,C-C torsion,"gamma(H11;C1,H10,H12)",oop,2.308390876442502,-,-0.11428340808600343,0.3354005971942054
52,1522.7870822950863,,,C-C torsion,delta(H21-C9-H23),angle,2.3038967696179884,-,-0.12681540745051936,0.2718565628519554
52,1522.7870822950863,,,C-C torsion,delta(C1-C2-H14),angle,1.3280237819225935,-,-0.09221734000480136,0.2963476715215922
52,1522.7870822950863,,,C-C torsion,delta(C2-C1-H10),angle,1.2643791974620375,-,-0.0797474680855087,0.3772805214315562
52,1522.7870822950863,,,C-C torsion,delta(H15-C7-H17),angle,1.2423210564016238,-,-0.09277741234958428,0.2738862211420583
52,1522.7870822950863,,,C-C torsion,delta(C2-C1-H11),angle,1.1143876369704573,+,0.06983397932300438,0.4336342271090426
52,1522.7870822950863,,,C-C torsion,delta(H21-C9-H22),angle,0.9972147505077861,+,0.0824243555996856,0.2785469590691626
52,1522.7870822950863,,,C-C torsion,delta(H19-C8-H20),angle,0.9173557176293161,+,0.0824084318280927,0.25633937495241976
52,1522.7870822950863,,,C-C torsion,tau(C9-C6-C8-H20),dihedral,0.5161396596325101,+,0.07441259066282767,0.1768867206031556
52,1522.7870822950863,,,C-C torsion,"gamma(H18;C8,H19,H20)",oop,0.384368792229011,+,0.05656921575201869,0.2279337585365519
52,1522.7870822950863,,,C-C torsion,tau(C7-C6-C8-H18),dihedral,0.29937565249571757,-,-0.057062858786455166,0.17447382206388093
52,1522.7870822950863,,,C-C torsion,delta(C6-C8-H19),angle,0.2507530716776081,-,-0.035032982253371765,0.38771525788471284
52,1522.7870822950863,,,C-C torsion,nu(C2-O3),bond,0.2202019605374557,+,0.03793795076663153,0.29033159021092214
52,1522.7870822950863,,,C-C torsion,delta(C1-C2-O3),angle,0.21905384995921917,-,-0.03127427200695057,0.4250082114162513
52,1522.7870822950863,,,C-C torsion,delta(C6-C9-H22),angle,0.1994471828043599,-,-0.03494681169905024,0.3099086049953738
52,1522.7870822950863,,,C-C torsion,delta(C6-C8-H18),angle,0.1975782314617671,+,0.03430018300342551,0.318688996065421
52,1522.7870822950863,,,C-C torsion,delta(H16-C7-H17),angle,0.192278172280861,+,0.03578442673297244,0.28494609231836865
52,1522.7870822950863,,,C-C torsion,delta(H15-C7-H16),angle,0.17948286454244206,+,0.03555697440804819,0.26939792272256335
52,1522.7870822950863,,,C-C torsion,delta(H22-C9-H23),angle,0.12522960290767787,+,0.02982248211616152,0.2672023531774869
52,1522.7870822950863,,,C-C torsion,delta(C6-C7-H16),angle,0.10076861631719433,-,-0.02430928151071575,0.3235950711183532
52,1522.7870822950863,,,C-C torsion,delta(C6-C7-H17),angle,0.08840584344545638,+,0.02303004853142955,0.3163094116269633
52,1522.7870822950863,,,C-C torsion,nu(C4-O5),bond,0.08363066767470352,+,0.013840407880363207,0.8284926016642041
52,1522.7870822950863,,,C-C torsion,delta(O3-C4-O5),angle,0.06916986922507232,-,-0.014779035501287686,0.6009600723599223
52,1522.7870822950863,,,C-C torsion,nu(C1-C2),bond,0.06086403558090611,+,0.019787681624704307,0.2949794525157423
52,1522.7870822950863,,,C-C torsion,nu(C2-H13),bond,0.0601592465223202,-,-0.018469592212703438,0.33466371155807756
52,1522.7870822950863,,,C-C torsion,nu(C2-H14),bond,0.06011480716642821,-,-0.018462414853767005,0.33467655984368183
52,1522.7870822950863,,,C-C torsion,delta(C6-C9-H21),angle,0.04720377248648323,+,0.016930494710952967,0.312505928233909
52,1522.7870822950863,,,C-C torsion,delta(O3-C4-C6),angle,0.03586833716693642,+,0.011615265885842366,0.5045146489337415
52,1522.7870822950863,,,C-C torsion,tau(C8-C6-C7-H17),dihedral,0.027689981877750826,+,0.0452405426222538,0.02567366734023094
52,1522.7870822950863,,,C-C torsion,nu(C6-C7),bond,0.0212990651207379,-,-0.012145676647735177,0.273992049202674
52,1522.7870822950863,,,C-C torsion,nu(O3-C4),bond,0.009653658925967866,+,0.007000860965454006,0.3737746932579269
52,1522.7870822950863,,,C-C torsion,tau(C4-C6-C9-H22),dihedral,0.005443485699627116,+,0.019952545899548882,0.02594784517579504
52,1522.7870822950863,,,C-C torsion,delta(C2-O3-C4),angle,0.004382384380428499,-,-0.005344009502329854,0.2912036889642517
52,1522.7870822950863,,,C-C torsion,nu(C6-C9),bond,0.0036972087314084945,-,-0.005169077000633449,0.2625843359756791
52,1522.7870822950863,,,C-C torsion,nu(C6-C8),bond,0.0036713005207610738,-,-0.00515063274559422,0.2626150526130056
52,1522.7870822950863,,,C-C torsion,nu(C1-H11),bond,0.003456786968711691,+,0.004403766330531044,0.33825555025336085
52,1522.7870822950863,,,C-C torsion,nu(C1-H12),bond,0.00344980421458645,+,0.004399339883095063,0.3382519160366286
52,1522.7870822950863,,,C-C torsion,delta(C7-C6-C9),angle,0.0020763735898447124,+,0.0021587798320628964,0.845492268834399
52,1522.7870822950863,,,C-C torsion,nu(C1-H10),bond,0.001934306598126418,-,-0.003300439351355572,0.33697885380249765
52,1522.7870822950863,,,C-C torsion,delta(C4-C6-C8),angle,0.0018183664314352773,-,-0.0024236661361726934,0.5874307333618307
52,1522.7870822950863,,,C-C torsion,nu(C8-H19),bond,0.0017886587955428781,-,-0.0031857126419060603,0.3344530442205115
52,1522.7870822950863,,,C-C torsion,nu(C9-H22),bond,0.00177049919148898,-,-0.003169549317573519,0.33444257153457424
52,1522.7870822950863,,,C-C torsion,delta(C4-C6-C9),angle,0.0017619591019011232,-,-0.002424171042259666,0.5689710296933157
52,1522.7870822950863,,,C-C torsion,delta(C7-C6-C8),angle,0.0016118844503711983,+,0.0021548480247414363,0.6587512652548063
52,1522.7870822950863,,,C-C torsion,nu(C8-H18),bond,0.00086833591687005,+,0.002197250613990344,0.3413103237507323
52,1522.7870822950863,,,C-C torsion,nu(C9-H23),bond,0.00086394525724421,+,0.002191755969982249,0.34128930359837056
52,1522.7870822950863,,,C-C torsion,nu(C7-H16),bond,0.0006191063218931481,-,-0.0018722221953727447,0.33517476100026466
52,1522.7870822950863,,,C-C torsion,nu(C4-C6),bond,0.0003177646991452844,+,0.001541730394339956,0.2536936689040973
52,1522.7870822950863,,,C-C torsion,delta(C8-C6-C9),angle,0.00029197855455014786,+,0.0008888345197438661,0.7013422090875111
52,1522.7870822950863,,,C-C torsion,nu(C7-H15),bond,0.00026266973318451754,+,0.0012115541263423653,0.3395824516930801
52,1522.7870822950863,,,C-C torsion,nu(C7-H17),bond,0.00025931345244342913,+,0.0012037605415833345,0.339598442129758
52,1522.7870822950863,,,C-C torsion,nu(C8-H20),bond,0.0002290198606284198,+,0.0011398043210926465,0.3345287105692625
52,1522.7870822950863,,,C-C torsion,nu(C9-H21),bond,0.00022249436623546193,+,0.0011234555263659998,0.3345246288966813
52,1522.7870822950863,,,C-C torsion,tau(H10-C1-C2-O3),dihedral,5.729967610428542e-07,+,6.470480379918034e-05,0.25971675406989986
52,1522.7870822950863,,,C-C torsion,"gamma(O3;C4,O5,C6)",oop,2.9533008074671132e-09,+,6.796350243236881e-06,0.12133246739127751
52,1522.7870822950863,,,C-C torsion,tau(C2-O3-C4-C6),dihedral,1.9848300889375492e-09,+,9.553139787511093e-06,0.041271658217058235
52,1522.7870822950863,,,C-C torsion,tau(O3-C4-C6-C7),dihedral,4.779163254572171e-12,-,-8.095027591984784e-07,0.013839998659108788
52,1522.7870822950863,,,C-C torsion,tau(C1-C2-O3-C4),dihedral,3.4497606680688e-13,-,-2.715380982171099e-07,0.008878677288367255
53,1526.5059407061406,,,mixed C-H bending / C-C torsion,delta(H21-C9-H23),angle,23.710063420316036,-,-0.3570482608382216,0.2718565628519554
53,1526.5059407061406,,,mixed C-H bending / C-C torsion,delta(H15-C7-H17),angle,16.838654883558863,-,-0.29977753280136205,0.2738862211420583
53,1526.5059407061406,,,mixed C-H bending / C-C torsion,tau(H12-C1-C2-H13),dihedral,6.447636559807083,+,0.15062794321136774,0.4153846152199703
53,1526.5059407061406,,,mixed C-H bending / C-C torsion,delta(H22-C9-H23),angle,6.063331135080815,+,0.1821234963660699,0.2672023531774869
53,1526.5059407061406,,,mixed C-H bending / C-C torsion,delta(H21-C9-H22),angle,4.929206782440144,+,0.16083100765119093,0.2785469590691626
53,1526.5059407061406,,,mixed C-H bending / C-C torsion,tau(C7-C6-C8-H18),dihedral,4.75898180070897,-,-0.19967438687327813,0.17447382206388093
53,1526.5059407061406,,,mixed C-H bending / C-C torsion,delta(H19-C8-H20),angle,4.531384138879468,+,0.16074528929277554,0.25633937495241976
53,1526.5059407061406,,,mixed C-H bending / C-C torsion,tau(C9-C6-C8-H20),dihedral,4.2423856357677145,+,0.18723538655375213,0.1768867206031556
53,1526.5059407061406,,,mixed C-H bending / C-C torsion,delta(C6-C8-H19),angle,3.6804200909617073,-,-0.11779387948142794,0.38771525788471284
53,1526.5059407061406,,,mixed C-H bending / C-C torsion,delta(H16-C7-H17),angle,3.3843605277943145,+,0.1317611670446669,0.28494609231836865
53,1526.5059407061406,,,mixed C-H bending / C-C torsion,tau(H11-C1-C2-H14),dihedral,3.2851518617725017,-,-0.15064132343282743,0.21160608660854546
53,1526.5059407061406,,,mixed C-H bending / C-C torsion,delta(H15-C7-H16),angle,3.167013914332358,+,0.13108661211705572,0.26939792272256335
53,1526.5059407061406,,,mixed C-H bending / C-C torsion,delta(C6-C9-H22),angle,2.9280609750290685,-,-0.11751781705730419,0.3099086049953738
53,1526.5059407061406,,,mixed C-H bending / C-C torsion,delta(C6-C7-H16),angle,2.0352028454132416,-,-0.09588118141330278,0.3235950711183532
53,1526.5059407061406,,,mixed C-H bending / C-C torsion,"gamma(H18;C8,H19,H20)",oop,1.4535422694925613,+,0.09654726641766936,0.2279337585365519
53,1526.5059407061406,,,mixed C-H bending / C-C torsion,delta(C6-C8-H18),angle,1.0185364763099531,+,0.06834948307642216,0.318688996065421
53,1526.5059407061406,,,mixed C-H bending / C-C torsion,delta(C6-C9-H21),angle,1.0174401380881404,+,0.06898517624168773,0.312505928233909
53,1526.5059407061406,,,mixed C-H bending / C-C torsion,delta(C6-C7-H17),angle,0.9927085744174374,+,0.06773065950070846,0.3163094116269633
53,1526.5059407061406,,,mixed C-H bending / C-C torsion,tau(H11-C1-C2-H13),dihedral,0.8727573580738957,+,0.058505958394671154,0.37269560643401184
53,1526.5059407061406,,,mixed C-H bending / C-C torsion,nu(C4-C6),bond,0.8144564878516272,+,0.06850300200649903,0.2536936689040973
53,1526.5059407061406,,,mixed C-H bending / C-C torsion,"gamma(H13;C2,O3,H14)",oop,0.8131868248265541,-,-0.07125401249183907,0.23411682864784614
53,1526.5059407061406,,,mixed C-H bending / C-C torsion,"gamma(H11;C1,H10,H12)",oop,0.5432634068049963,+,0.04865794751730154,0.3354005971942054
53,1526.5059407061406,,,mixed C-H bending / C-C torsion,tau(C8-C6-C7-H17),dihedral,0.4248635794978979,+,0.1555289614783159,0.02567366734023094
53,1526.5059407061406,,,mixed C-H bending / C-C torsion,delta(H10-C1-H12),angle,0.4165365800436139,-,-0.03682751879501103,0.44892023061146324
53,1526.5059407061406,,,mixed C-H bending / C-C torsion,delta(C2-C1-H11),angle,0.2565388142329313,-,-0.029406628799799342,0.4336342271090426
53,1526.5059407061406,,,mixed C-H bending / C-C torsion,delta(C2-C1-H10),angle,0.2054766460043363,+,0.028214965090206785,0.3772805214315562
53,1526.5059407061406,,,mixed C-H bending / C-C torsion,nu(O3-C4),bond,0.18673214355839599,-,-0.02702309384685314,0.3737746932579269
53,1526.5059407061406,,,mixed C-H bending / C-C torsion,nu(C6-C7),bond,0.15305979138464615,-,-0.02857538255865606,0.273992049202674
53,1526.5059407061406,,,mixed C-H bending / C-C torsion,delta(O3-C4-O5),angle,0.12077800119338578,+,0.017139635618168086,0.6009600723599223
53,1526.5059407061406,,,mixed C-H bending / C-C torsion,nu(C6-C9),bond,0.07721357262376795,-,-0.020732080717665535,0.2625843359756791
53,1526.5059407061406,,,mixed C-H bending / C-C torsion,nu(C6-C8),bond,0.07683598703862284,-,-0.020680117624682606,0.2626150526130056
53,1526.5059407061406,,,mixed C-H bending / C-C torsion,delta(C7-C6-C9),angle,0.07103469772830599,+,0.011081815695456592,0.845492268834399
53,1526.5059407061406,,,mixed C-H bending / C-C torsion,delta(C4-C6-C8),angle,0.06603643984299717,-,-0.012818699554459887,0.5874307333618307
53,1526.5059407061406,,,mixed C-H bending / C-C torsion,delta(C4-C6-C9),angle,0.06394401956257344,-,-0.012816969901475524,0.5689710296933157
53,1526.5059407061406,,,mixed C-H bending / C-C torsion,nu(C4-O5),bond,0.05991071918784789,+,0.010281072560090466,0.8284926016642041
53,1526.5059407061406,,,mixed C-H bending / C-C torsion,delta(C1-C2-H14),angle,0.058554001403662945,+,0.016994484864158808,0.2963476715215922
53,1526.5059407061406,,,mixed C-H bending / C-C torsion,delta(C7-C6-C8),angle,0.05526068373020868,+,0.011073320520343533,0.6587512652548063
53,1526.5059407061406,,,mixed C-H bending / C-C torsion,nu(C2-O3),bond,0.0344258514581185,-,-0.013165145821679512,0.29033159021092214
53,1526.5059407061406,,,mixed C-H bending / C-C torsion,delta(C1-C2-O3),angle,0.03232247824264226,+,0.010543483930007706,0.4250082114162513
53,1526.5059407061406,,,mixed C-H bending / C-C torsion,nu(C8-H19),bond,0.020373248767510125,-,-0.0094361110320496,0.3344530442205115
53,1526.5059407061406,,,mixed C-H bending / C-C torsion,nu(C9-H22),bond,0.020167071688662164,-,-0.009388389932013274,0.33444257153457424
53,1526.5059407061406,,,mixed C-H bending / C-C torsion,delta(C8-C6-C9),angle,0.019482600539714744,+,0.006372193416941225,0.7013422090875111
53,1526.5059407061406,,,mixed C-H bending / C-C torsion,nu(C7-H16),bond,0.008817270762711008,-,-0.006201002544330268,0.33517476100026466
53,1526.5059407061406,,,mixed C-H bending / C-C torsion,nu(C8-H20),bond,0.0069287501893540195,+,0.005502261521436993,0.3345287105692625
53,1526.5059407061406,,,mixed C-H bending / C-C torsion,nu(C9-H21),bond,0.006800951595166841,+,0.005451314874743845,0.3345246288966813
53,1526.5059407061406,,,mixed C-H bending / C-C torsion,nu(C2-H13),bond,0.0060118432049057775,+,0.005124246179709934,0.33466371155807756
53,1526.5059407061406,,,mixed C-H bending / C-C torsion,nu(C2-H14),bond,0.006007977629406244,+,0.005122500156944677,0.33467655984368183
53,1526.5059407061406,,,mixed C-H bending / C-C torsion,nu(C8-H18),bond,0.003895038019221668,+,0.004084243374677499,0.3413103237507323
53,1526.5059407061406,,,mixed C-H bending / C-C torsion,nu(C9-H23),bond,0.0038746131945154093,+,0.00407364625197333,0.34128930359837056
53,1526.5059407061406,,,mixed C-H bending / C-C torsion,nu(C7-H15),bond,0.0037698616998427087,+,0.004028288479625943,0.3395824516930801
53,1526.5059407061406,,,mixed C-H bending / C-C torsion,nu(C7-H17),bond,0.003727465020883363,+,0.004005478626955517,0.339598442129758
53,1526.5059407061406,,,mixed C-H bending / C-C torsion,delta(O3-C4-C6),angle,0.0006179115001914562,+,0.0013380018800974829,0.5045146489337415
53,1526.5059407061406,,,mixed C-H bending / C-C torsion,nu(C1-H11),bond,0.0006134955736905213,-,-0.0016282224036285645,0.33825555025336085
53,1526.5059407061406,,,mixed C-H bending / C-C torsion,nu(C1-H12),bond,0.0006131170096129552,-,-0.0016277287141683641,0.3382519160366286
53,1526.5059407061406,,,mixed C-H bending / C-C torsion,delta(C2-O3-C4),angle,0.0004688098204850035,-,-0.0015340177652798973,0.2912036889642517
53,1526.5059407061406,,,mixed C-H bending / C-C torsion,nu(C1-H10),bond,0.0002938318960776182,+,0.001128960168116974,0.33697885380249765
53,1526.5059407061406,,,mixed C-H bending / C-C torsion,nu(C1-C2),bond,0.0002651278092836688,+,0.001146204829642304,0.2949794525157423
53,1526.5059407061406,,,mixed C-H bending / C-C torsion,tau(C4-C6-C9-H22),dihedral,8.66388183264207e-07,-,-0.0002209205349581331,0.02594784517579504
53,1526.5059407061406,,,mixed C-H bending / C-C torsion,"gamma(O3;C4,O5,C6)",oop,1.9859218989682506e-08,+,1.5467603927463315e-05,0.12133246739127751
53,1526.5059407061406,,,mixed C-H bending / C-C torsion,tau(H10-C1-C2-O3),dihedral,9.385451794974179e-09,+,7.267885614040476e-06,0.25971675406989986
53,1526.5059407061406,,,mixed C-H bending / C-C torsion,tau(C2-O3-C4-C6),dihedral,3.8693500816142e-09,+,1.1706404542582443e-05,0.041271658217058235
53,1526.5059407061406,,,mixed C-H bending / C-C torsion,tau(C1-C2-O3-C4),dihedral,9.277581848646382e-11,+,3.908172610256416e-06,0.008878677288367255
53,1526.5059407061406,,,mixed C-H bending / C-C torsion,tau(O3-C4-C6-C7),dihedral,2.2362013360668764e-11,+,1.5368019478567054e-06,0.013839998659108788
54,1777.56869321465,,,C-O stretching,nu(C4-O5),bond,78.34292224370014,+,0.37702823996724344,0.8284926016642041
54,1777.56869321465,,,C-O stretching,delta(O3-C4-C6),angle,7.240272076578899,+,0.14687871601989613,0.5045146489337415
54,1777.56869321465,,,C-O stretching,nu(C4-C6),bond,4.486406059189179,-,-0.16304699127668576,0.2536936689040973
54,1777.56869321465,,,C-O stretching,delta(O3-C4-O5),angle,3.3299009157467307,-,-0.09126645054832733,0.6009600723599223
54,1777.56869321465,,,C-O stretching,nu(O3-C4),bond,3.298043018913584,-,-0.11517057251440381,0.3737746932579269
54,1777.56869321465,,,C-O stretching,delta(C2-O3-C4),angle,1.4861001274683556,+,0.08758785970657428,0.2912036889642517
54,1777.56869321465,,,C-O stretching,delta(C4-C6-C8),angle,0.2818215560027419,-,-0.02685511933411492,0.5874307333618307
54,1777.56869321465,,,C-O stretching,delta(C4-C6-C9),angle,0.27089466136285356,-,-0.026753059821843415,0.5689710296933157
54,1777.56869321465,,,C-O stretching,delta(C6-C7-H16),angle,0.1972830089831275,+,0.030273470257738935,0.3235950711183532
54,1777.56869321465,,,C-O stretching,tau(H11-C1-C2-H13),dihedral,0.14244434810601975,+,0.02396976570481648,0.37269560643401184
54,1777.56869321465,,,C-O stretching,tau(H12-C1-C2-H13),dihedral,0.0843370397306237,+,0.01747037742036729,0.4153846152199703
54,1777.56869321465,,,C-O stretching,delta(H16-C7-H17),angle,0.08145578013489212,-,-0.020729933812664286,0.28494609231836865
54,1777.56869321465,,,C-O stretching,delta(H15-C7-H16),angle,0.07679456835361788,-,-0.020700767375996045,0.26939792272256335
54,1777.56869321465,,,C-O stretching,delta(C1-C2-H14),angle,0.06862938749445355,-,-0.01865832340116317,0.2963476715215922
54,1777.56869321465,,,C-O stretching,nu(C2-O3),bond,0.06738629568222779,-,-0.018679143551566624,0.29033159021092214
54,1777.56869321465,,,C-O stretching,delta(C2-C1-H10),angle,0.057877145095181076,+,0.015185869832739365,0.3772805214315562
54,1777.56869321465,,,C-O stretching,"gamma(H13;C2,O3,H14)",oop,0.053737734256073096,+,0.018575549672646345,0.23411682864784614
54,1777.56869321465,,,C-O stretching,tau(C4-C6-C9-H22),dihedral,0.051596423808391696,+,0.05467357420876672,0.02594784517579504
54,1777.56869321465,,,C-O stretching,tau(H11-C1-C2-H14),dihedral,0.04294684132609779,-,-0.017467061548596192,0.21160608660854546
54,1777.56869321465,,,C-O stretching,delta(C6-C8-H19),angle,0.04292850711333646,+,0.012901338232157934,0.38771525788471284
54,1777.56869321465,,,C-O stretching,delta(C8-C6-C9),angle,0.038297648484342195,-,-0.009060233289585275,0.7013422090875111
54,1777.56869321465,,,C-O stretching,delta(C6-C9-H22),angle,0.034458819527320605,+,0.012928605827395431,0.3099086049953738
54,1777.56869321465,,,C-O stretching,delta(H21-C9-H22),angle,0.03427112544127521,-,-0.01359982396789375,0.2785469590691626
54,1777.56869321465,,,C-O stretching,delta(H19-C8-H20),angle,0.0313668622651611,-,-0.013562701154432453,0.25633937495241976
54,1777.56869321465,,,C-O stretching,delta(C1-C2-O3),angle,0.02615167722419045,+,0.009617660170787017,0.4250082114162513
54,1777.56869321465,,,C-O stretching,delta(H15-C7-H17),angle,0.017653343276155135,+,0.009843435630943684,0.2738862211420583
54,1777.56869321465,,,C-O stretching,delta(C2-C1-H11),angle,0.015763450370003103,-,-0.0073923441858299655,0.4336342271090426
54,1777.56869321465,,,C-O stretching,"gamma(H18;C8,H19,H20)",oop,0.01514803385441925,+,0.009995214579526691,0.2279337585365519
54,1777.56869321465,,,C-O stretching,delta(C7-C6-C9),angle,0.009777717489891292,-,-0.004169483279724411,0.845492268834399
54,1777.56869321465,,,C-O stretching,nu(C2-H14),bond,0.008902400720935755,-,-0.00632352494328029,0.33467655984368183
54,1777.56869321465,,,C-O stretching,nu(C2-H13),bond,0.008895444026076902,-,-0.006321175068351058,0.33466371155807756
54,1777.56869321465,,,C-O stretching,delta(C7-C6-C8),angle,0.00766616722727892,-,-0.004182603799325529,0.6587512652548063
54,1777.56869321465,,,C-O stretching,tau(C9-C6-C8-H20),dihedral,0.006042524623137284,-,-0.0071660513144584615,0.1768867206031556
54,1777.56869321465,,,C-O stretching,nu(C6-C8),bond,0.0060385433666890285,+,0.005879286196001815,0.2626150526130056
54,1777.56869321465,,,C-O stretching,nu(C6-C9),bond,0.005980495157605865,+,0.00585130152365364,0.2625843359756791
54,1777.56869321465,,,C-O stretching,tau(C7-C6-C8-H18),dihedral,0.004100164276885498,+,0.005943657914588088,0.17447382206388093
54,1777.56869321465,,,C-O stretching,tau(C8-C6-C7-H17),dihedral,0.0035630631864263618,-,-0.014443954834080022,0.02567366734023094
54,1777.56869321465,,,C-O stretching,nu(C7-H17),bond,0.0033975627903148386,-,-0.0038781018945858755,0.339598442129758
54,1777.56869321465,,,C-O stretching,nu(C7-H15),bond,0.003395338384917597,-,-0.003876923454146292,0.3395824516930801
54,1777.56869321465,,,C-O stretching,nu(C6-C7),bond,0.003162236987911729,-,-0.004165302445998099,0.273992049202674
54,1777.56869321465,,,C-O stretching,nu(C8-H19),bond,0.0028622400228511392,-,-0.003586771935262233,0.3344530442205115
54,1777.56869321465,,,C-O stretching,nu(C9-H22),bond,0.002855957397047656,-,-0.003582889380649121,0.33444257153457424
54,1777.56869321465,,,C-O stretching,delta(C6-C9-H21),angle,0.0014336307505911814,+,0.002626079311242937,0.312505928233909
54,1777.56869321465,,,C-O stretching,delta(H21-C9-H23),angle,0.0013342900704648713,-,-0.0027162737128808455,0.2718565628519554
54,1777.56869321465,,,C-O stretching,delta(H10-C1-H12),angle,0.0007064853922883768,-,-0.0015381026454097358,0.44892023061146324
54,1777.56869321465,,,C-O stretching,nu(C7-H16),bond,0.0006628836156503486,+,0.0017242542404363524,0.33517476100026466
54,1777.56869321465,,,C-O stretching,delta(C6-C8-H18),angle,0.0005155929256792998,+,0.0015595103285339469,0.318688996065421
54,1777.56869321465,,,C-O stretching,delta(H22-C9-H23),angle,0.0004417812577703009,-,-0.0015765284735181739,0.2672023531774869
54,1777.56869321465,,,C-O stretching,nu(C1-H10),bond,0.0003747372135212586,-,-0.0012929460440227714,0.33697885380249765
54,1777.56869321465,,,C-O stretching,nu(C9-H21),bond,0.0002670681132440784,-,-0.0010955073226706963,0.3345246288966813
54,1777.56869321465,,,C-O stretching,nu(C8-H20),bond,0.00026320441140636396,-,-0.0010875474093584316,0.3345287105692625
54,1777.56869321465,,,C-O stretching,nu(C8-H18),bond,0.00016842091085591713,+,0.0008612745374738575,0.3413103237507323
54,1777.56869321465,,,C-O stretching,nu(C9-H23),bond,0.0001676294894654531,+,0.0008592750209458601,0.34128930359837056
54,1777.56869321465,,,C-O stretching,"gamma(H11;C1,H10,H12)",oop,6.341691527536238e-05,+,0.0005331371614518243,0.3354005971942054
54,1777.56869321465,,,C-O stretching,nu(C1-C2),bond,5.328228281401016e-05,+,0.0005210913254578799,0.2949794525157423
54,1777.56869321465,,,C-O stretching,delta(C6-C7-H17),angle,9.146316486690015e-06,-,-0.00020849006746404873,0.3163094116269633
54,1777.56869321465,,,C-O stretching,nu(C1-H11),bond,4.947951027879215e-06,+,0.00014828886635420143,0.33825555025336085
54,1777.56869321465,,,C-O stretching,nu(C1-H12),bond,4.919364967213934e-06,+,0.00014786068159764007,0.3382519160366286
54,1777.56869321465,,,C-O stretching,tau(C2-O3-C4-C6),dihedral,3.840788741523663e-09,+,1.1827761681009718e-05,0.041271658217058235
54,1777.56869321465,,,C-O stretching,"gamma(O3;C4,O5,C6)",oop,1.999790562833669e-09,+,4.977623648610604e-06,0.12133246739127751
54,1777.56869321465,,,C-O stretching,tau(O3-C4-C6-C7),dihedral,1.274368002239355e-09,+,1.1765156801523212e-05,0.013839998659108788
54,1777.56869321465,,,C-O stretching,tau(H10-C1-C2-O3),dihedral,6.974917018276753e-10,-,-2.009267936173938e-06,0.25971675406989986
54,1777.56869321465,,,C-O stretching,tau(C1-C2-O3-C4),dihedral,5.868683821276514e-11,+,3.1522055918904376e-06,0.008878677288367255
55,3031.2158353873383,,,mixed-phase C-H stretching,nu(C9-H22),bond,21.172877319441472,-,-0.4673594542360737,0.33444257153457424
55,3031.2158353873383,,,mixed-phase C-H stretching,nu(C8-H19),bond,20.301097967919336,+,0.45762954568727393,0.3344530442205115
55,3031.2158353873383,,,mixed-phase C-H stretching,nu(C9-H21),bond,20.154207292061475,-,-0.45592213816484395,0.3345246288966813
55,3031.2158353873383,,,mixed-phase C-H stretching,nu(C8-H20),bond,19.319526693846903,+,0.4463786474459903,0.3345287105692625
55,3031.2158353873383,,,mixed-phase C-H stretching,nu(C9-H23),bond,9.573635578624973,-,-0.3110992587695967,0.34128930359837056
55,3031.2158353873383,,,mixed-phase C-H stretching,nu(C8-H18),bond,9.175355486263994,+,0.3045500017021297,0.3413103237507323
55,3031.2158353873383,,,mixed-phase C-H stretching,nu(C6-C9),bond,0.08587547478891046,+,0.033590930691409844,0.2625843359756791
55,3031.2158353873383,,,mixed-phase C-H stretching,nu(C6-C8),bond,0.08229418132445943,-,-0.03288112179564781,0.2626150526130056
55,3031.2158353873383,,,mixed-phase C-H stretching,"gamma(H18;C8,H19,H20)",oop,0.03080551982005419,+,0.021593936194668487,0.2279337585365519
55,3031.2158353873383,,,mixed-phase C-H stretching,delta(C6-C8-H18),angle,0.022124809680045206,+,0.015476690818648949,0.318688996065421
55,3031.2158353873383,,,mixed-phase C-H stretching,delta(H21-C9-H22),angle,0.016364855488871923,+,0.014237336360161426,0.2785469590691626
55,3031.2158353873383,,,mixed-phase C-H stretching,delta(H19-C8-H20),angle,0.014362106900886894,-,-0.013903472618981172,0.25633937495241976
55,3031.2158353873383,,,mixed-phase C-H stretching,nu(C7-H17),bond,0.011903731257504852,+,0.010997160945307288,0.339598442129758
55,3031.2158353873383,,,mixed-phase C-H stretching,delta(H22-C9-H23),angle,0.005707604896109322,+,0.008584770324354807,0.2672023531774869
55,3031.2158353873383,,,mixed-phase C-H stretching,delta(H21-C9-H23),angle,0.005169538214882645,+,0.00809986598067951,0.2718565628519554
55,3031.2158353873383,,,mixed-phase C-H stretching,nu(C7-H15),bond,0.004870571140929743,-,-0.007034596551110366,0.3395824516930801
55,3031.2158353873383,,,mixed-phase C-H stretching,delta(C6-C9-H21),angle,0.00480572743224486,-,-0.007284039737315919,0.312505928233909
55,3031.2158353873383,,,mixed-phase C-H stretching,delta(C6-C8-H19),angle,0.004278883926130486,+,0.006170646613788899,0.38771525788471284
55,3031.2158353873383,,,mixed-phase C-H stretching,delta(C6-C9-H22),angle,0.0036055388825593283,-,-0.00633563490915992,0.3099086049953738
55,3031.2158353873383,,,mixed-phase C-H stretching,delta(C7-C6-C9),angle,0.003090461707683774,-,-0.0035512294368748054,0.845492268834399
55,3031.2158353873383,,,mixed-phase C-H stretching,tau(C9-C6-C8-H20),dihedral,0.0026734264785187307,-,-0.007221183419896603,0.1768867206031556
55,3031.2158353873383,,,mixed-phase C-H stretching,delta(C7-C6-C8),angle,0.0023444857650044945,+,0.003504168149480272,0.6587512652548063
55,3031.2158353873383,,,mixed-phase C-H stretching,nu(C7-H16),bond,0.0008165927236293433,+,0.0028992720422174904,0.33517476100026466
55,3031.2158353873383,,,mixed-phase C-H stretching,delta(C4-C6-C9),angle,0.0006373247093368697,+,0.001965880750857432,0.5689710296933157
55,3031.2158353873383,,,mixed-phase C-H stretching,delta(C4-C6-C8),angle,0.0006341493386996778,-,-0.0019299200086805763,0.5874307333618307
55,3031.2158353873383,,,mixed-phase C-H stretching,nu(C2-H13),bond,0.00033882725271990917,+,0.0018689889105852086,0.33466371155807756
55,3031.2158353873383,,,mixed-phase C-H stretching,nu(C2-H14),bond,0.00031783960745361024,-,-0.0018101444317600837,0.33467655984368183
55,3031.2158353873383,,,mixed-phase C-H stretching,delta(H16-C7-H17),angle,7.192723740211305e-05,-,-0.0009332268087496406,0.28494609231836865
55,3031.2158353873383,,,mixed-phase C-H stretching,tau(C4-C6-C9-H22),dihedral,6.625730547284567e-05,+,0.002968165447025557,0.02594784517579504
55,3031.2158353873383,,,mixed-phase C-H stretching,delta(H15-C7-H16),angle,5.06617700953058e-05,+,0.000805498855165945,0.26939792272256335
55,3031.2158353873383,,,mixed-phase C-H stretching,nu(C1-H11),bond,3.888438138231023e-05,+,0.000629777296548955,0.33825555025336085
55,3031.2158353873383,,,mixed-phase C-H stretching,nu(C1-H12),bond,2.287253731231271e-05,-,-0.0004830130989489668,0.3382519160366286
55,3031.2158353873383,,,mixed-phase C-H stretching,"gamma(O3;C4,O5,C6)",oop,8.973654012323446e-06,-,-0.0005051472751724052,0.12133246739127751
55,3031.2158353873383,,,mixed-phase C-H stretching,tau(C7-C6-C8-H18),dihedral,7.037694570116267e-06,+,0.0003730542043965957,0.17447382206388093
55,3031.2158353873383,,,mixed-phase C-H stretching,nu(C6-C7),bond,2.995231837532085e-06,-,-0.00019420844475874987,0.273992049202674
55,3031.2158353873383,,,mixed-phase C-H stretching,tau(H12-C1-C2-H13),dihedral,1.8106013941496246e-06,-,-0.0001226332083516969,0.4153846152199703
55,3031.2158353873383,,,mixed-phase C-H stretching,tau(H11-C1-C2-H13),dihedral,1.6777239128307004e-06,-,-0.00012462494502552413,0.37269560643401184
55,3031.2158353873383,,,mixed-phase C-H stretching,tau(H11-C1-C2-H14),dihedral,9.220036976724136e-07,-,-0.00012260950033682414,0.21160608660854546
55,3031.2158353873383,,,mixed-phase C-H stretching,tau(O3-C4-C6-C7),dihedral,7.703738813296384e-07,+,0.0004382325379500165,0.013839998659108788
55,3031.2158353873383,,,mixed-phase C-H stretching,tau(C2-O3-C4-C6),dihedral,7.474841536817732e-07,-,-0.00024997518870585307,0.041271658217058235
55,3031.2158353873383,,,mixed-phase C-H stretching,nu(C1-H10),bond,6.707293752068741e-07,+,8.286940261227606e-05,0.33697885380249765
55,3031.2158353873383,,,mixed-phase C-H stretching,delta(C6-C7-H17),angle,3.0559711109551576e-07,-,-5.773516801530929e-05,0.3163094116269633
55,3031.2158353873383,,,mixed-phase C-H stretching,tau(H10-C1-C2-O3),dihedral,2.5504601207832623e-07,+,5.8207795871381026e-05,0.25971675406989986
55,3031.2158353873383,,,mixed-phase C-H stretching,"gamma(H13;C2,O3,H14)",oop,2.3447867156338783e-07,-,-5.878374154550467e-05,0.23411682864784614
55,3031.2158353873383,,,mixed-phase C-H stretching,delta(C8-C6-C9),angle,1.90799904094959e-07,+,3.063698024309218e-05,0.7013422090875111
55,3031.2158353873383,,,mixed-phase C-H stretching,delta(C1-C2-H14),angle,1.9050000642711047e-07,+,4.709432826500697e-05,0.2963476715215922
55,3031.2158353873383,,,mixed-phase C-H stretching,delta(C2-C1-H11),angle,1.3684756531100675e-07,+,3.299731703814176e-05,0.4336342271090426
55,3031.2158353873383,,,mixed-phase C-H stretching,delta(H10-C1-H12),angle,1.3103335620551076e-07,+,3.173424809871495e-05,0.44892023061146324
55,3031.2158353873383,,,mixed-phase C-H stretching,tau(C1-C2-O3-C4),dihedral,1.1870249541961457e-07,-,-0.00021477199828347302,0.008878677288367255
55,3031.2158353873383,,,mixed-phase C-H stretching,"gamma(H11;C1,H10,H12)",oop,5.1017062526573225e-08,-,-2.290855402945089e-05,0.3354005971942054
55,3031.2158353873383,,,mixed-phase C-H stretching,tau(C8-C6-C7-H17),dihedral,3.362938260656786e-08,-,-6.722601394876305e-05,0.02567366734023094
55,3031.2158353873383,,,mixed-phase C-H stretching,nu(C4-O5),bond,3.1659211819485236e-08,-,-1.1482265930307351e-05,0.8284926016642041
55,3031.2158353873383,,,mixed-phase C-H stretching,nu(C4-C6),bond,2.9434823931515717e-08,+,2.000772804020945e-05,0.2536936689040973
55,3031.2158353873383,,,mixed-phase C-H stretching,delta(H15-C7-H17),angle,2.7959511188847924e-08,-,-1.8767289966313596e-05,0.2738862211420583
55,3031.2158353873383,,,mixed-phase C-H stretching,delta(O3-C4-O5),angle,2.4634187019350167e-08,+,1.1892363540416677e-05,0.6009600723599223
55,3031.2158353873383,,,mixed-phase C-H stretching,delta(C6-C7-H16),angle,2.191886919355545e-08,+,1.5287271984184108e-05,0.3235950711183532
55,3031.2158353873383,,,mixed-phase C-H stretching,nu(O3-C4),bond,1.0471236795377034e-08,-,-9.831412367416987e-06,0.3737746932579269
55,3031.2158353873383,,,mixed-phase C-H stretching,nu(C1-C2),bond,5.895233104359498e-09,-,-8.303792294256496e-06,0.2949794525157423
55,3031.2158353873383,,,mixed-phase C-H stretching,delta(C2-O3-C4),angle,9.557400303056438e-10,-,-3.365063942212847e-06,0.2912036889642517
55,3031.2158353873383,,,mixed-phase C-H stretching,delta(C2-C1-H10),angle,4.683634339731728e-10,+,2.069574992055751e-06,0.3772805214315562
55,3031.2158353873383,,,mixed-phase C-H stretching,delta(C1-C2-O3),angle,3.9897245240273947e-10,+,1.7996774028984359e-06,0.4250082114162513
55,3031.2158353873383,,,mixed-phase C-H stretching,delta(O3-C4-C6),angle,2.951151425176209e-10,-,-1.4206291623738438e-06,0.5045146489337415
55,3031.2158353873383,,,mixed-phase C-H stretching,nu(C2-O3),bond,3.390571783951068e-11,+,6.347624011539373e-07,0.29033159021092214
56,3033.192936647432,,,mixed-phase C-H stretching,nu(C8-H19),bond,17.10501823138907,-,-0.420302149111385,0.3344530442205115
56,3033.192936647432,,,mixed-phase C-H stretching,nu(C8-H20),bond,17.02249975398528,-,-0.41923968559156877,0.3345287105692625
56,3033.192936647432,,,mixed-phase C-H stretching,nu(C9-H22),bond,16.267565386489075,-,-0.4098905634835037,0.33444257153457424
56,3033.192936647432,,,mixed-phase C-H stretching,nu(C9-H21),bond,16.19862747543754,-,-0.408970965495974,0.3345246288966813
56,3033.192936647432,,,mixed-phase C-H stretching,nu(C7-H16),bond,9.394936984794168,+,0.3111563713341957,0.33517476100026466
56,3033.192936647432,,,mixed-phase C-H stretching,nu(C8-H18),bond,7.472014364931225,-,-0.2749866139153108,0.3413103237507323
56,3033.192936647432,,,mixed-phase C-H stretching,nu(C9-H23),bond,7.109650752089218,-,-0.2682441205132581,0.34128930359837056
56,3033.192936647432,,,mixed-phase C-H stretching,nu(C7-H15),bond,4.566773669708536,+,0.21552593660331862,0.3395824516930801
56,3033.192936647432,,,mixed-phase C-H stretching,nu(C7-H17),bond,4.550624323583026,+,0.21513945488163147,0.339598442129758
56,3033.192936647432,,,mixed-phase C-H stretching,nu(C6-C8),bond,0.07120654436089019,+,0.030603250975405647,0.2626150526130056
56,3033.192936647432,,,mixed-phase C-H stretching,nu(C6-C9),bond,0.06776780381465153,+,0.02985690007470615,0.2625843359756791
56,3033.192936647432,,,mixed-phase C-H stretching,nu(C6-C7),bond,0.03469186093593261,-,-0.020912802440646985,0.273992049202674
56,3033.192936647432,,,mixed-phase C-H stretching,"gamma(H18;C8,H19,H20)",oop,0.029074590087048602,-,-0.020990360182569216,0.2279337585365519
56,3033.192936647432,,,mixed-phase C-H stretching,delta(C6-C8-H18),angle,0.019112384535531542,-,-0.014392668411342449,0.318688996065421
56,3033.192936647432,,,mixed-phase C-H stretching,delta(H21-C9-H22),angle,0.015844698600125853,+,0.014017165369433645,0.2785469590691626
56,3033.192936647432,,,mixed-phase C-H stretching,delta(H19-C8-H20),angle,0.015268732707909117,+,0.01434370194870561,0.25633937495241976
56,3033.192936647432,,,mixed-phase C-H stretching,nu(C1-H10),bond,0.0065050533449461856,+,0.008165664334095981,0.33697885380249765
56,3033.192936647432,,,mixed-phase C-H stretching,delta(C6-C8-H19),angle,0.00506023754747302,-,-0.006714233226357674,0.38771525788471284
56,3033.192936647432,,,mixed-phase C-H stretching,nu(C1-H12),bond,0.005042063646222143,+,0.007175488052910199,0.3382519160366286
56,3033.192936647432,,,mixed-phase C-H stretching,nu(C1-H11),bond,0.005021063064221867,+,0.007160490764857012,0.33825555025336085
56,3033.192936647432,,,mixed-phase C-H stretching,delta(H21-C9-H23),angle,0.004621894125497482,+,0.007663153097576796,0.2718565628519554
56,3033.192936647432,,,mixed-phase C-H stretching,delta(C6-C9-H21),angle,0.004595066810252457,-,-0.007126629833497706,0.312505928233909
56,3033.192936647432,,,mixed-phase C-H stretching,delta(C6-C7-H17),angle,0.004507522266086393,+,0.007015850074819514,0.3163094116269633
56,3033.192936647432,,,mixed-phase C-H stretching,delta(H16-C7-H17),angle,0.004342079496845998,-,-0.007254958776451979,0.28494609231836865
56,3033.192936647432,,,mixed-phase C-H stretching,delta(H22-C9-H23),angle,0.004287941506678937,+,0.0074451200247765605,0.2672023531774869
56,3033.192936647432,,,mixed-phase C-H stretching,delta(H15-C7-H16),angle,0.004138796137560776,-,-0.007284626893784022,0.26939792272256335
56,3033.192936647432,,,mixed-phase C-H stretching,delta(C6-C9-H22),angle,0.0038758017135803904,-,-0.006572511796198706,0.3099086049953738
56,3033.192936647432,,,mixed-phase C-H stretching,delta(C8-C6-C9),angle,0.002033545638668091,+,0.0031646769944632456,0.7013422090875111
56,3033.192936647432,,,mixed-phase C-H stretching,delta(C7-C6-C9),angle,0.0009978851838252415,-,-0.0020190770085190936,0.845492268834399
56,3033.192936647432,,,mixed-phase C-H stretching,delta(C7-C6-C8),angle,0.0008394745375610257,-,-0.0020980239877110246,0.6587512652548063
56,3033.192936647432,,,mixed-phase C-H stretching,delta(H15-C7-H17),angle,0.0004761777574987931,-,-0.002450568672634942,0.2738862211420583
56,3033.192936647432,,,mixed-phase C-H stretching,delta(C6-C7-H16),angle,0.00043958526927411715,+,0.002166147535357561,0.3235950711183532
56,3033.192936647432,,,mixed-phase C-H stretching,delta(C4-C6-C8),angle,0.00040060380125956057,+,0.0015347817182747724,0.5874307333618307
56,3033.192936647432,,,mixed-phase C-H stretching,delta(C4-C6-C9),angle,0.0003660365252858969,+,0.0014906804356539767,0.5689710296933157
56,3033.192936647432,,,mixed-phase C-H stretching,nu(C2-H14),bond,0.00034333760182688833,+,0.0018824153394500227,0.33467655984368183
56,3033.192936647432,,,mixed-phase C-H stretching,nu(C2-H13),bond,0.0003288377460607909,+,0.0018422727843352632,0.33466371155807756
56,3033.192936647432,,,mixed-phase C-H stretching,tau(C7-C6-C8-H18),dihedral,0.0002858500321028034,-,-0.0023788737924191044,0.17447382206388093
56,3033.192936647432,,,mixed-phase C-H stretching,nu(C4-C6),bond,0.00017500882832154898,+,0.0015436277615851878,0.2536936689040973
56,3033.192936647432,,,mixed-phase C-H stretching,nu(C4-O5),bond,0.0001544898868159186,-,-0.0008025518992009676,0.8284926016642041
56,3033.192936647432,,,mixed-phase C-H stretching,delta(O3-C4-O5),angle,0.00013972531770930227,+,0.0008961529943093645,0.6009600723599223
56,3033.192936647432,,,mixed-phase C-H stretching,tau(C4-C6-C9-H22),dihedral,9.291842248509643e-05,+,0.003516962046542702,0.02594784517579504
56,3033.192936647432,,,mixed-phase C-H stretching,nu(O3-C4),bond,7.4201099171748e-05,-,-0.0008280711214048619,0.3737746932579269
56,3033.192936647432,,,mixed-phase C-H stretching,nu(C1-C2),bond,4.8420435706157305e-05,-,-0.0007529842296669072,0.2949794525157423
56,3033.192936647432,,,mixed-phase C-H stretching,tau(C8-C6-C7-H17),dihedral,4.799128518986977e-05,-,-0.0025409999233833957,0.02567366734023094
56,3033.192936647432,,,mixed-phase C-H stretching,tau(C9-C6-C8-H20),dihedral,2.6163410407681916e-05,+,0.0007147710896616716,0.1768867206031556
56,3033.192936647432,,,mixed-phase C-H stretching,"gamma(H11;C1,H10,H12)",oop,2.212930965441457e-05,-,-0.0004773857309163892,0.3354005971942054
56,3033.192936647432,,,mixed-phase C-H stretching,delta(H10-C1-H12),angle,1.0410859242671807e-05,-,-0.00028302585778364675,0.44892023061146324
56,3033.192936647432,,,mixed-phase C-H stretching,delta(C2-C1-H11),angle,5.877875944769224e-06,+,0.00021637936775429536,0.4336342271090426
56,3033.192936647432,,,mixed-phase C-H stretching,delta(C2-C1-H10),angle,3.916498230808073e-06,+,0.00018935823292188687,0.3772805214315562
56,3033.192936647432,,,mixed-phase C-H stretching,tau(H11-C1-C2-H13),dihedral,3.769233054220807e-06,-,-0.00018690321657457464,0.37269560643401184
56,3033.192936647432,,,mixed-phase C-H stretching,delta(C2-O3-C4),angle,3.7413853864407168e-06,-,-0.00021066151504895944,0.2912036889642517
56,3033.192936647432,,,mixed-phase C-H stretching,"gamma(H13;C2,O3,H14)",oop,2.329795993809724e-06,-,-0.0001854001355878867,0.23411682864784614
56,3033.192936647432,,,mixed-phase C-H stretching,delta(C1-C2-O3),angle,2.008569057559316e-06,+,0.00012776507085131462,0.4250082114162513
56,3033.192936647432,,,mixed-phase C-H stretching,delta(C1-C2-H14),angle,4.164929003994719e-07,+,6.96739541456264e-05,0.2963476715215922
56,3033.192936647432,,,mixed-phase C-H stretching,delta(O3-C4-C6),angle,3.6357641492520934e-08,+,1.5777143573613693e-05,0.5045146489337415
56,3033.192936647432,,,mixed-phase C-H stretching,nu(C2-O3),bond,3.116774559378058e-08,+,1.9256305409633086e-05,0.29033159021092214
56,3033.192936647432,,,mixed-phase C-H stretching,"gamma(O3;C4,O5,C6)",oop,1.0198597039053452e-09,+,5.388267128778785e-06,0.12133246739127751
56,3033.192936647432,,,mixed-phase C-H stretching,tau(H11-C1-C2-H14),dihedral,9.153319098202903e-10,+,3.865383960703242e-06,0.21160608660854546
56,3033.192936647432,,,mixed-phase C-H stretching,tau(O3-C4-C6-C7),dihedral,2.877130513077506e-10,-,-8.47381881982331e-06,0.013839998659108788
56,3033.192936647432,,,mixed-phase C-H stretching,tau(H12-C1-C2-H13),dihedral,2.2761667942087098e-10,-,-1.37576499361238e-06,0.4153846152199703
56,3033.192936647432,,,mixed-phase C-H stretching,tau(C2-O3-C4-C6),dihedral,7.432006577167515e-11,+,2.493988807319642e-06,0.041271658217058235
56,3033.192936647432,,,mixed-phase C-H stretching,tau(H10-C1-C2-O3),dihedral,2.773235275097137e-11,-,-6.07310501947573e-07,0.25971675406989986
56,3033.192936647432,,,mixed-phase C-H stretching,tau(C1-C2-O3-C4),dihedral,1.4785092826975997e-11,+,2.3983099479040096e-06,0.008878677288367255
57,3041.206381105584,,,in-phase C-H stretching,nu(C1-H10),bond,36.14068463788915,+,0.6101903351730777,0.33697885380249765
57,3041.206381105584,,,in-phase C-H stretching,nu(C1-H12),bond,30.624687192293266,+,0.5606401020950403,0.3382519160366286
57,3041.206381105584,,,in-phase C-H stretching,nu(C1-H11),bond,30.611597920566993,+,0.5605172668112933,0.33825555025336085
57,3041.206381105584,,,in-phase C-H stretching,nu(C7-H16),bond,0.9403664022161453,-,-0.09869186569600341,0.33517476100026466
57,3041.206381105584,,,in-phase C-H stretching,nu(C7-H15),bond,0.46488267532929045,-,-0.06893940365653711,0.3395824516930801
57,3041.206381105584,,,in-phase C-H stretching,nu(C7-H17),bond,0.4640400896302279,-,-0.06887527843829416,0.339598442129758
57,3041.206381105584,,,in-phase C-H stretching,nu(C1-C2),bond,0.20938620196351207,-,-0.049641695724346714,0.2949794525157423
57,3041.206381105584,,,in-phase C-H stretching,"gamma(H11;C1,H10,H12)",oop,0.15938724318797637,-,-0.04061751269992714,0.3354005971942054
57,3041.206381105584,,,in-phase C-H stretching,nu(C8-H19),bond,0.05269375817079649,-,-0.02338732073093659,0.3344530442205115
57,3041.206381105584,,,in-phase C-H stretching,nu(C9-H22),bond,0.05221952931660963,-,-0.02328220777568687,0.33444257153457424
57,3041.206381105584,,,in-phase C-H stretching,nu(C8-H20),bond,0.05185870612245279,-,-0.02319864405288327,0.3345287105692625
57,3041.206381105584,,,in-phase C-H stretching,nu(C9-H21),bond,0.05126639392368138,-,-0.02306592085610922,0.3345246288966813
57,3041.206381105584,,,in-phase C-H stretching,delta(H10-C1-H12),angle,0.04750374894038871,-,-0.01916672073224434,0.44892023061146324
57,3041.206381105584,,,in-phase C-H stretching,delta(C2-C1-H11),angle,0.036906342127274075,+,0.017189260205921035,0.4336342271090426
57,3041.206381105584,,,in-phase C-H stretching,delta(C2-C1-H10),angle,0.02845342097342683,+,0.016180931303243634,0.3772805214315562
57,3041.206381105584,,,in-phase C-H stretching,nu(C8-H18),bond,0.02592341279360724,-,-0.016238272925201722,0.3413103237507323
57,3041.206381105584,,,in-phase C-H stretching,nu(C9-H23),bond,0.025712953588267622,-,-0.01617272141294708,0.34128930359837056
57,3041.206381105584,,,in-phase C-H stretching,nu(C6-C7),bond,0.0033767707239876965,+,0.0065410921569073344,0.273992049202674
57,3041.206381105584,,,in-phase C-H stretching,nu(C2-H13),bond,0.0015057784749132168,+,0.003952252582344744,0.33466371155807756
57,3041.206381105584,,,in-phase C-H stretching,nu(C2-H14),bond,0.0014868826752787317,+,0.003927300778895595,0.33467655984368183
57,3041.206381105584,,,in-phase C-H stretching,tau(H11-C1-C2-H13),dihedral,0.0010647474209600242,-,-0.003149304277681112,0.37269560643401184
57,3041.206381105584,,,in-phase C-H stretching,delta(C6-C7-H17),angle,0.000642700106000761,-,-0.002655929787707529,0.3163094116269633
57,3041.206381105584,,,in-phase C-H stretching,"gamma(H13;C2,O3,H14)",oop,0.0006131718392269836,-,-0.003015388300585843,0.23411682864784614
57,3041.206381105584,,,in-phase C-H stretching,delta(H16-C7-H17),angle,0.0006001074721287784,+,0.0027039684853087573,0.28494609231836865
57,3041.206381105584,,,in-phase C-H stretching,delta(H15-C7-H16),angle,0.0005685861435380292,+,0.0027068829448081144,0.26939792272256335
57,3041.206381105584,,,in-phase C-H stretching,tau(H12-C1-C2-H13),dihedral,0.000454108493790879,+,0.0019481530381969426,0.4153846152199703
57,3041.206381105584,,,in-phase C-H stretching,delta(C1-C2-H14),angle,0.00042563057717766637,+,0.002232976289417402,0.2963476715215922
57,3041.206381105584,,,in-phase C-H stretching,tau(H11-C1-C2-H14),dihedral,0.00023071542386232294,-,-0.0019455513505569394,0.21160608660854546
57,3041.206381105584,,,in-phase C-H stretching,nu(C6-C8),bond,0.00022363021116252548,+,0.001719387996277812,0.2626150526130056
57,3041.206381105584,,,in-phase C-H stretching,nu(C6-C9),bond,0.00022149524583485792,+,0.0017112610204376817,0.2625843359756791
57,3041.206381105584,,,in-phase C-H stretching,"gamma(H18;C8,H19,H20)",oop,0.00014745363009788663,-,-0.0014986211918547045,0.2279337585365519
57,3041.206381105584,,,in-phase C-H stretching,delta(H15-C7-H17),angle,0.00012442741929178088,+,0.0012558605434919773,0.2738862211420583
57,3041.206381105584,,,in-phase C-H stretching,delta(C6-C7-H16),angle,0.00010227146412143497,-,-0.001047477610673645,0.3235950711183532
57,3041.206381105584,,,in-phase C-H stretching,delta(C1-C2-O3),angle,9.862273846255366e-05,-,-0.0008975493349221566,0.4250082114162513
57,3041.206381105584,,,in-phase C-H stretching,delta(C6-C8-H18),angle,8.778044918444408e-05,-,-0.0009778760883111766,0.318688996065421
57,3041.206381105584,,,in-phase C-H stretching,delta(C7-C6-C9),angle,6.99265463981037e-05,-,-0.00053583944518692,0.845492268834399
57,3041.206381105584,,,in-phase C-H stretching,delta(H21-C9-H22),angle,5.9310143710138e-05,+,0.0008597728733447934,0.2785469590691626
57,3041.206381105584,,,in-phase C-H stretching,delta(C7-C6-C8),angle,5.521220511910788e-05,-,-0.0005394178036900462,0.6587512652548063
57,3041.206381105584,,,in-phase C-H stretching,delta(H19-C8-H20),angle,5.511722935066904e-05,+,0.0008639815926117564,0.25633937495241976
57,3041.206381105584,,,in-phase C-H stretching,delta(H22-C9-H23),angle,3.256433156983359e-05,+,0.0006504582194538295,0.2672023531774869
57,3041.206381105584,,,in-phase C-H stretching,delta(C6-C8-H19),angle,2.402307880166147e-05,-,-0.00046379530505542593,0.38771525788471284
57,3041.206381105584,,,in-phase C-H stretching,delta(C6-C9-H21),angle,2.2719624875262876e-05,-,-0.0005023887541594876,0.312505928233909
57,3041.206381105584,,,in-phase C-H stretching,delta(C2-O3-C4),angle,2.255424613091727e-05,+,0.0005185422918076211,0.2912036889642517
57,3041.206381105584,,,in-phase C-H stretching,delta(H21-C9-H23),angle,2.1507747099262655e-05,+,0.000524078098790333,0.2718565628519554
57,3041.206381105584,,,in-phase C-H stretching,delta(C6-C9-H22),angle,1.9032068263799117e-05,-,-0.0004617369575810131,0.3099086049953738
57,3041.206381105584,,,in-phase C-H stretching,nu(O3-C4),bond,1.7897393884351213e-05,-,-0.00040771661734210053,0.3737746932579269
57,3041.206381105584,,,in-phase C-H stretching,tau(C7-C6-C8-H18),dihedral,1.7216933612033883e-05,+,0.0005853036415749911,0.17447382206388093
57,3041.206381105584,,,in-phase C-H stretching,nu(C2-O3),bond,9.183145319768983e-06,+,0.00033137294176830795,0.29033159021092214
57,3041.206381105584,,,in-phase C-H stretching,delta(O3-C4-O5),angle,7.949666585597238e-06,+,0.00021429898257629257,0.6009600723599223
57,3041.206381105584,,,in-phase C-H stretching,delta(C8-C6-C9),angle,7.6127280564287055e-06,+,0.0001941214965492716,0.7013422090875111
57,3041.206381105584,,,in-phase C-H stretching,nu(C4-C6),bond,6.5709875126656975e-06,+,0.0002998672021087946,0.2536936689040973
57,3041.206381105584,,,in-phase C-H stretching,tau(C8-C6-C7-H17),dihedral,4.405946604548482e-06,+,0.0007718699280619315,0.02567366734023094
57,3041.206381105584,,,in-phase C-H stretching,delta(C4-C6-C8),angle,5.100176641771374e-07,+,5.490131388455162e-05,0.5874307333618307
57,3041.206381105584,,,in-phase C-H stretching,delta(C4-C6-C9),angle,4.928642577589713e-07,+,5.483868681310358e-05,0.5689710296933157
57,3041.206381105584,,,in-phase C-H stretching,tau(C4-C6-C9-H22),dihedral,2.9194965548684657e-07,+,0.00019763861226190733,0.02594784517579504
57,3041.206381105584,,,in-phase C-H stretching,nu(C4-O5),bond,2.3448334508490569e-07,+,3.134585674172421e-05,0.8284926016642041
57,3041.206381105584,,,in-phase C-H stretching,tau(C9-C6-C8-H20),dihedral,1.0629639939287394e-07,+,4.5675164790542003e-05,0.1768867206031556
57,3041.206381105584,,,in-phase C-H stretching,delta(O3-C4-C6),angle,5.014889735849201e-08,+,1.8576430413010317e-05,0.5045146489337415
57,3041.206381105584,,,in-phase C-H stretching,tau(H10-C1-C2-O3),dihedral,6.356084117376621e-10,-,-2.9148304383749668e-06,0.25971675406989986
57,3041.206381105584,,,in-phase C-H stretching,tau(C1-C2-O3-C4),dihedral,2.469133312942306e-11,-,-3.1071813044283492e-06,0.008878677288367255
57,3041.206381105584,,,in-phase C-H stretching,tau(C2-O3-C4-C6),dihedral,7.868335722126049e-12,-,-8.135494259639471e-07,0.041271658217058235
57,3041.206381105584,,,in-phase C-H stretching,tau(O3-C4-C6-C7),dihedral,6.580803094759619e-12,+,1.2848128909830537e-06,0.013839998659108788
57,3041.206381105584,,,in-phase C-H stretching,"gamma(O3;C4,O5,C6)",oop,5.952615206380042e-14,-,-4.126994130656983e-08,0.12133246739127751
58,3042.366139307842,,,C-H stretching,nu(C7-H16),bond,39.191825898758346,+,0.6365582996511234,0.33517476100026466
58,3042.366139307842,,,C-H stretching,nu(C7-H15),bond,20.11119177823005,+,0.4530252143595825,0.3395824516930801
58,3042.366139307842,,,C-H stretching,nu(C7-H17),bond,20.07502466418949,+,0.4526070242185512,0.339598442129758
58,3042.366139307842,,,C-H stretching,nu(C8-H20),bond,4.005892716075963,+,0.20370845236249854,0.3345287105692625
58,3042.366139307842,,,C-H stretching,nu(C9-H21),bond,3.9671587609542693,+,0.20272244343322376,0.3345246288966813
58,3042.366139307842,,,C-H stretching,nu(C8-H19),bond,3.350527430844366,+,0.18632241424171042,0.3344530442205115
58,3042.366139307842,,,C-H stretching,nu(C9-H22),bond,3.321403645108648,+,0.18551376628220004,0.33444257153457424
58,3042.366139307842,,,C-H stretching,nu(C8-H18),bond,1.7580280825788277,+,0.1336024069267737,0.3413103237507323
58,3042.366139307842,,,C-H stretching,nu(C9-H23),bond,1.7453049095589428,+,0.13312217576179627,0.34128930359837056
58,3042.366139307842,,,C-H stretching,nu(C1-H10),bond,0.8071382340853863,+,0.09110636647458079,0.33697885380249765
58,3042.366139307842,,,C-H stretching,nu(C1-H12),bond,0.6552671934527587,+,0.08193419110119066,0.3382519160366286
58,3042.366139307842,,,C-H stretching,nu(C1-H11),bond,0.6550688988499137,+,0.08192135276298984,0.33825555025336085
58,3042.366139307842,,,C-H stretching,nu(C6-C7),bond,0.14490608240002587,-,-0.04281051161294042,0.273992049202674
58,3042.366139307842,,,C-H stretching,delta(C6-C7-H17),angle,0.0265269063034018,+,0.017047603472077073,0.3163094116269633
58,3042.366139307842,,,C-H stretching,delta(H16-C7-H17),angle,0.025131160354807197,-,-0.01748239821698607,0.28494609231836865
58,3042.366139307842,,,C-H stretching,delta(H15-C7-H16),angle,0.02381143067208629,-,-0.017501356616526322,0.26939792272256335
58,3042.366139307842,,,C-H stretching,nu(C2-H13),bond,0.02052322883329562,-,-0.014577888451219692,0.33466371155807756
58,3042.366139307842,,,C-H stretching,nu(C2-H14),bond,0.020506039302746415,-,-0.014571502501304553,0.33467655984368183
58,3042.366139307842,,,C-H stretching,nu(C6-C8),bond,0.015420080072543368,-,-0.014264599980033125,0.2626150526130056
58,3042.366139307842,,,C-H stretching,nu(C6-C9),bond,0.015287730020679641,-,-0.01420408246818885,0.2625843359756791
58,3042.366139307842,,,C-H stretching,"gamma(H18;C8,H19,H20)",oop,0.010028140046242811,+,0.012347583161045797,0.2279337585365519
58,3042.366139307842,,,C-H stretching,delta(H15-C7-H17),angle,0.0063905492858225095,-,-0.008992078567872944,0.2738862211420583
58,3042.366139307842,,,C-H stretching,delta(C6-C8-H18),angle,0.005782334620691833,+,0.007929470116869475,0.318688996065421
58,3042.366139307842,,,C-H stretching,delta(C6-C7-H16),angle,0.005773720306326477,+,0.007863266817346075,0.3235950711183532
58,3042.366139307842,,,C-H stretching,delta(H21-C9-H22),angle,0.0040027802681405315,-,-0.007056799119974196,0.2785469590691626
58,3042.366139307842,,,C-H stretching,delta(H19-C8-H20),angle,0.0037171220517192116,-,-0.007088785590689173,0.25633937495241976
58,3042.366139307842,,,C-H stretching,"gamma(H11;C1,H10,H12)",oop,0.0035051283024686336,-,-0.006017916182586813,0.3354005971942054
58,3042.366139307842,,,C-H stretching,nu(C1-C2),bond,0.003483414497807176,-,-0.006397094782257388,0.2949794525157423
58,3042.366139307842,,,C-H stretching,delta(C7-C6-C9),angle,0.003234723693727006,+,0.0036411608542093084,0.845492268834399
58,3042.366139307842,,,C-H stretching,delta(C7-C6-C8),angle,0.0025545257115757473,+,0.0036658146164935124,0.6587512652548063
58,3042.366139307842,,,C-H stretching,delta(C6-C8-H19),angle,0.002465306786315235,+,0.0046941301857870545,0.38771525788471284
58,3042.366139307842,,,C-H stretching,delta(H21-C9-H23),angle,0.001992502546463983,-,-0.00503971087862264,0.2718565628519554
58,3042.366139307842,,,C-H stretching,delta(C6-C9-H22),angle,0.001958290564219137,+,0.004679482620699328,0.3099086049953738
58,3042.366139307842,,,C-H stretching,delta(H22-C9-H23),angle,0.0016696935040710545,-,-0.004653442265746952,0.2672023531774869
58,3042.366139307842,,,C-H stretching,delta(C8-C6-C9),angle,0.0012418860017492173,-,-0.0024771480755361656,0.7013422090875111
58,3042.366139307842,,,C-H stretching,delta(C6-C9-H21),angle,0.0010446043464433855,+,0.003403477427949921,0.312505928233909
58,3042.366139307842,,,C-H stretching,delta(H10-C1-H12),angle,0.0010237594437637382,-,-0.0028111917031468734,0.44892023061146324
58,3042.366139307842,,,C-H stretching,delta(C2-C1-H11),angle,0.0009227830170965896,+,0.0027155894332565648,0.4336342271090426
58,3042.366139307842,,,C-H stretching,tau(C7-C6-C8-H18),dihedral,0.0008364400902598063,-,-0.004075945545558913,0.17447382206388093
58,3042.366139307842,,,C-H stretching,nu(C4-O5),bond,0.0006402023232518604,+,0.0016364034867852673,0.8284926016642041
58,3042.366139307842,,,C-H stretching,delta(C2-C1-H10),angle,0.0004532938327702166,+,0.002040486867121194,0.3772805214315562
58,3042.366139307842,,,C-H stretching,nu(C4-C6),bond,0.000381646737742267,-,-0.0022832425705888205,0.2536936689040973
58,3042.366139307842,,,C-H stretching,delta(O3-C4-O5),angle,0.0002902126273540941,-,-0.0012936340368584717,0.6009600723599223
58,3042.366139307842,,,C-H stretching,tau(C8-C6-C7-H17),dihedral,0.00018514753995375806,-,-0.004999091763365849,0.02567366734023094
58,3042.366139307842,,,C-H stretching,delta(O3-C4-C6),angle,0.00013058562607362045,+,0.0009470804851633183,0.5045146489337415
58,3042.366139307842,,,C-H stretching,delta(C1-C2-O3),angle,0.00011039184429187129,-,-0.0009487371891161748,0.4250082114162513
58,3042.366139307842,,,C-H stretching,nu(O3-C4),bond,6.386437648317996e-05,+,0.0007694855733943763,0.3737746932579269
58,3042.366139307842,,,C-H stretching,tau(H11-C1-C2-H13),dihedral,6.128350786393059e-05,-,-0.000754867559990037,0.37269560643401184
58,3042.366139307842,,,C-H stretching,delta(C4-C6-C8),angle,3.1451931841310136e-05,-,-0.00043074616677849924,0.5874307333618307
58,3042.366139307842,,,C-H stretching,delta(C4-C6-C9),angle,3.0153702133150446e-05,-,-0.000428549836554605,0.5689710296933157
58,3042.366139307842,,,C-H stretching,tau(C4-C6-C9-H22),dihedral,1.1401462225995807e-05,-,-0.0012339731726705519,0.02594784517579504
58,3042.366139307842,,,C-H stretching,delta(C2-O3-C4),angle,1.0019439790613371e-05,+,0.0003453022230459951,0.2912036889642517
58,3042.366139307842,,,C-H stretching,"gamma(H13;C2,O3,H14)",oop,9.755181829481619e-06,+,0.00037999462945632965,0.23411682864784614
58,3042.366139307842,,,C-H stretching,nu(C2-O3),bond,6.240755985287254e-06,+,0.00027292765585849193,0.29033159021092214
58,3042.366139307842,,,C-H stretching,delta(C1-C2-H14),angle,4.952171883863407e-06,+,0.0002406429738987002,0.2963476715215922
58,3042.366139307842,,,C-H stretching,tau(H12-C1-C2-H13),dihedral,3.7824501203798114e-06,+,0.00017763866133651372,0.4153846152199703
58,3042.366139307842,,,C-H stretching,tau(H11-C1-C2-H14),dihedral,1.911114953459183e-06,-,-0.00017691123656828897,0.21160608660854546
58,3042.366139307842,,,C-H stretching,tau(C9-C6-C8-H20),dihedral,1.1273544000077512e-06,-,-0.00014861365231122744,0.1768867206031556
58,3042.366139307842,,,C-H stretching,tau(O3-C4-C6-C7),dihedral,2.512592242347056e-10,-,-7.931751033022749e-06,0.013839998659108788
58,3042.366139307842,,,C-H stretching,tau(H10-C1-C2-O3),dihedral,3.2300500560649964e-11,-,-6.564939583543449e-07,0.25971675406989986
58,3042.366139307842,,,C-H stretching,"gamma(O3;C4,O5,C6)",oop,2.274495839333287e-12,-,-2.548767080639031e-07,0.12133246739127751
58,3042.366139307842,,,C-H stretching,tau(C2-O3-C4-C6),dihedral,1.4488419033949288e-12,+,3.4878727381826156e-07,0.041271658217058235
58,3042.366139307842,,,C-H stretching,tau(C1-C2-O3-C4),dihedral,3.2924903244387934e-13,-,-3.584794039038186e-07,0.008878677288367255
59,3053.562529390168,,,in-phase C-H stretching,nu(C2-H13),bond,48.75912650981936,+,0.7181512136818216,0.33466371155807756
59,3053.562529390168,,,in-phase C-H stretching,nu(C2-H14),bond,48.60720953749353,+,0.717017818962165,0.33467655984368183
59,3053.562529390168,,,in-phase C-H stretching,nu(C1-H10),bond,1.1751826381798147,-,-0.11110756016150866,0.33697885380249765
59,3053.562529390168,,,in-phase C-H stretching,nu(C1-H12),bond,0.32207207688074335,+,0.058056206684045424,0.3382519160366286
59,3053.562529390168,,,in-phase C-H stretching,nu(C1-H11),bond,0.31910665192452164,+,0.05778800675920188,0.33825555025336085
59,3053.562529390168,,,in-phase C-H stretching,delta(C1-C2-O3),angle,0.208189553714052,+,0.04164118295465394,0.4250082114162513
59,3053.562529390168,,,in-phase C-H stretching,nu(C1-C2),bond,0.1610056192754187,-,-0.0439558705951671,0.2949794525157423
59,3053.562529390168,,,in-phase C-H stretching,tau(H11-C1-C2-H13),dihedral,0.09624142146354056,+,0.03023403627638979,0.37269560643401184
59,3053.562529390168,,,in-phase C-H stretching,"gamma(H13;C2,O3,H14)",oop,0.08464659722068019,-,-0.03577508611281804,0.23411682864784614
59,3053.562529390168,,,in-phase C-H stretching,nu(C2-O3),bond,0.07426325681890336,-,-0.030090686859176832,0.29033159021092214
59,3053.562529390168,,,in-phase C-H stretching,delta(C2-C1-H10),angle,0.072285732580783,+,0.026042720712380073,0.3772805214315562
59,3053.562529390168,,,in-phase C-H stretching,delta(C2-O3-C4),angle,0.03446617447300297,+,0.02046870452787037,0.2912036889642517
59,3053.562529390168,,,in-phase C-H stretching,nu(C7-H16),bond,0.0192252796974224,+,0.014249280350507713,0.33517476100026466
59,3053.562529390168,,,in-phase C-H stretching,delta(C2-C1-H11),angle,0.017199673361818994,-,-0.0118492421442598,0.4336342271090426
59,3053.562529390168,,,in-phase C-H stretching,tau(H12-C1-C2-H13),dihedral,0.008768151190453533,+,0.008644125492180712,0.4153846152199703
59,3053.562529390168,,,in-phase C-H stretching,nu(C9-H23),bond,0.006575648517280981,+,0.008258481665137278,0.34128930359837056
59,3053.562529390168,,,in-phase C-H stretching,nu(C8-H18),bond,0.006560595890634446,+,0.008248769791111945,0.3413103237507323
59,3053.562529390168,,,in-phase C-H stretching,nu(C7-H15),bond,0.0057168276700291995,+,0.007719642397184172,0.3395824516930801
59,3053.562529390168,,,in-phase C-H stretching,nu(C7-H17),bond,0.005699945742082033,+,0.007708054347959173,0.339598442129758
59,3053.562529390168,,,in-phase C-H stretching,tau(H11-C1-C2-H14),dihedral,0.004503244161045518,-,-0.008679424335705016,0.21160608660854546
59,3053.562529390168,,,in-phase C-H stretching,nu(C4-O5),bond,0.003147053343869435,+,0.003666907771319256,0.8284926016642041
59,3053.562529390168,,,in-phase C-H stretching,nu(C8-H20),bond,0.002355031171851757,+,0.004991992033950163,0.3345287105692625
59,3053.562529390168,,,in-phase C-H stretching,nu(C9-H21),bond,0.0023205608111220443,+,0.004955353943189075,0.3345246288966813
59,3053.562529390168,,,in-phase C-H stretching,nu(O3-C4),bond,0.0021700813148171675,-,-0.004533413241928302,0.3737746932579269
59,3053.562529390168,,,in-phase C-H stretching,"gamma(H11;C1,H10,H12)",oop,0.0005972634466126953,-,-0.002510691222299258,0.3354005971942054
59,3053.562529390168,,,in-phase C-H stretching,nu(C9-H22),bond,0.00035401675327675474,+,0.0019357237666298866,0.33444257153457424
59,3053.562529390168,,,in-phase C-H stretching,nu(C8-H19),bond,0.00034906043031647304,+,0.001922095602815773,0.3344530442205115
59,3053.562529390168,,,in-phase C-H stretching,delta(H10-C1-H12),angle,0.00016969808402381476,+,0.0011567676448022983,0.44892023061146324
59,3053.562529390168,,,in-phase C-H stretching,delta(O3-C4-C6),angle,0.0001169539316088304,+,0.0009058635282941144,0.5045146489337415
59,3053.562529390168,,,in-phase C-H stretching,nu(C6-C7),bond,7.784735223033067e-05,-,-0.0010028712807743261,0.273992049202674
59,3053.562529390168,,,in-phase C-H stretching,delta(O3-C4-O5),angle,6.187951458933731e-05,+,0.0006037301874541925,0.6009600723599223
59,3053.562529390168,,,in-phase C-H stretching,delta(C1-C2-H14),angle,5.456616962867228e-05,-,-0.0008073339702707725,0.2963476715215922
59,3053.562529390168,,,in-phase C-H stretching,delta(C4-C6-C8),angle,2.913563514471345e-05,-,-0.00041901171437720263,0.5874307333618307
59,3053.562529390168,,,in-phase C-H stretching,delta(C4-C6-C9),angle,2.8133802375361143e-05,-,-0.0004183708247156297,0.5689710296933157
59,3053.562529390168,,,in-phase C-H stretching,delta(H16-C7-H17),angle,1.6826967236306064e-05,-,-0.0004572080030309354,0.28494609231836865
59,3053.562529390168,,,in-phase C-H stretching,delta(H15-C7-H16),angle,1.5953374413761135e-05,-,-0.0004578480929401418,0.26939792272256335
59,3053.562529390168,,,in-phase C-H stretching,nu(C4-C6),bond,1.4479138597101338e-05,-,-0.0004494783728062393,0.2536936689040973
59,3053.562529390168,,,in-phase C-H stretching,delta(C6-C7-H17),angle,1.1887227902464205e-05,+,0.00036473420139764755,0.3163094116269633
59,3053.562529390168,,,in-phase C-H stretching,nu(C6-C8),bond,8.450925788745297e-06,-,-0.0003375084016268807,0.2626150526130056
59,3053.562529390168,,,in-phase C-H stretching,nu(C6-C9),bond,8.428905878868308e-06,-,-0.0003370881195786409,0.2625843359756791
59,3053.562529390168,,,in-phase C-H stretching,delta(C6-C8-H19),angle,8.424648262789456e-06,+,0.00027733947855273063,0.38771525788471284
59,3053.562529390168,,,in-phase C-H stretching,delta(H21-C9-H23),angle,6.964683434771397e-06,-,-0.0003011431797148204,0.2718565628519554
59,3053.562529390168,,,in-phase C-H stretching,delta(C6-C9-H22),angle,6.686768827960439e-06,+,0.0002763653485002678,0.3099086049953738
59,3053.562529390168,,,in-phase C-H stretching,tau(C4-C6-C9-H22),dihedral,6.214990760214532e-06,+,0.0009207926556214123,0.02594784517579504
59,3053.562529390168,,,in-phase C-H stretching,delta(C6-C7-H16),angle,4.942368967418175e-06,+,0.0002325192347681529,0.3235950711183532
59,3053.562529390168,,,in-phase C-H stretching,tau(C7-C6-C8-H18),dihedral,3.917666698828698e-06,-,-0.0002819297180300052,0.17447382206388093
59,3053.562529390168,,,in-phase C-H stretching,"gamma(H18;C8,H19,H20)",oop,3.468124864658907e-06,+,0.00023207870295202632,0.2279337585365519
59,3053.562529390168,,,in-phase C-H stretching,delta(C8-C6-C9),angle,1.5984665098302128e-06,-,-8.982123751542239e-05,0.7013422090875111
59,3053.562529390168,,,in-phase C-H stretching,delta(C6-C9-H21),angle,1.2355764126387347e-06,+,0.00011830359067820671,0.312505928233909
59,3053.562529390168,,,in-phase C-H stretching,delta(C6-C8-H18),angle,1.065211077469399e-06,-,-0.00010877436458117735,0.318688996065421
59,3053.562529390168,,,in-phase C-H stretching,delta(H15-C7-H17),angle,6.960935464900126e-07,-,-9.48507924527154e-05,0.2738862211420583
59,3053.562529390168,,,in-phase C-H stretching,delta(H22-C9-H23),angle,6.913616109756391e-07,+,9.57028218013012e-05,0.2672023531774869
59,3053.562529390168,,,in-phase C-H stretching,delta(H21-C9-H22),angle,5.572132627836845e-07,-,-8.414993088977973e-05,0.2785469590691626
59,3053.562529390168,,,in-phase C-H stretching,delta(H19-C8-H20),angle,5.187271862843438e-07,-,-8.46357985796932e-05,0.25633937495241976
59,3053.562529390168,,,in-phase C-H stretching,tau(C8-C6-C7-H17),dihedral,4.207734797988528e-07,-,-0.0002408643231052546,0.02567366734023094
59,3053.562529390168,,,in-phase C-H stretching,tau(C9-C6-C8-H20),dihedral,1.0145105770522625e-07,+,4.5058105378192725e-05,0.1768867206031556
59,3053.562529390168,,,in-phase C-H stretching,tau(H10-C1-C2-O3),dihedral,3.1345989263835697e-08,+,2.0669656483324836e-05,0.25971675406989986
59,3053.562529390168,,,in-phase C-H stretching,tau(C2-O3-C4-C6),dihedral,1.5783171893373168e-08,-,-3.679285051583098e-05,0.041271658217058235
59,3053.562529390168,,,in-phase C-H stretching,delta(C7-C6-C8),angle,1.8370832651028258e-09,+,3.14192592134689e-06,0.6587512652548063
59,3053.562529390168,,,in-phase C-H stretching,tau(C1-C2-O3-C4),dihedral,1.3755750182631844e-09,-,-2.3418563748332526e-05,0.008878677288367255
59,3053.562529390168,,,in-phase C-H stretching,delta(C7-C6-C9),angle,1.1553574188019775e-09,+,2.199356394440969e-06,0.845492268834399
59,3053.562529390168,,,in-phase C-H stretching,tau(O3-C4-C6-C7),dihedral,2.9144260848609044e-13,-,-2.73023953152844e-07,0.013839998659108788
59,3053.562529390168,,,in-phase C-H stretching,"gamma(O3;C4,O5,C6)",oop,1.7506288956091117e-13,+,7.146621532475313e-08,0.12133246739127751
60,3088.2224177132966,,,mixed-phase C-H stretching,nu(C2-H14),bond,38.173154510720806,-,-0.6507521045750758,0.33467655984368183
60,3088.2224177132966,,,mixed-phase C-H stretching,nu(C2-H13),bond,38.044569523121034,+,0.6496676322898262,0.33466371155807756
60,3088.2224177132966,,,mixed-phase C-H stretching,nu(C1-H11),bond,11.451133075357676,-,-0.35452835002388344,0.33825555025336085
60,3088.2224177132966,,,mixed-phase C-H stretching,nu(C1-H12),bond,11.440772125714126,+,0.3543698293321354,0.3382519160366286
60,3088.2224177132966,,,mixed-phase C-H stretching,delta(C2-C1-H11),angle,0.24061719392758,+,0.04538901479737017,0.4336342271090426
60,3088.2224177132966,,,mixed-phase C-H stretching,delta(C1-C2-H14),angle,0.17528708811230903,+,0.0468622792877771,0.2963476715215922
60,3088.2224177132966,,,mixed-phase C-H stretching,nu(C9-H22),bond,0.08820061916029097,+,0.031291345961060285,0.33444257153457424
60,3088.2224177132966,,,mixed-phase C-H stretching,nu(C8-H19),bond,0.08702925822307739,-,-0.031082380214984193,0.3344530442205115
60,3088.2224177132966,,,mixed-phase C-H stretching,nu(C9-H21),bond,0.07977696823829197,-,-0.02975595679441255,0.3345246288966813
60,3088.2224177132966,,,mixed-phase C-H stretching,nu(C8-H20),bond,0.07866060760781927,+,0.02954684775715937,0.3345287105692625
60,3088.2224177132966,,,mixed-phase C-H stretching,delta(H10-C1-H12),angle,0.031640224743365024,-,-0.016176493795214606,0.44892023061146324
60,3088.2224177132966,,,mixed-phase C-H stretching,"gamma(H13;C2,O3,H14)",oop,0.025564877702589382,-,-0.020135144367673007,0.23411682864784614
60,3088.2224177132966,,,mixed-phase C-H stretching,tau(H12-C1-C2-H13),dihedral,0.020462503632005063,-,-0.013523944674026681,0.4153846152199703
60,3088.2224177132966,,,mixed-phase C-H stretching,tau(H11-C1-C2-H13),dihedral,0.018405155170963125,-,-0.013540721613792635,0.37269560643401184
60,3088.2224177132966,,,mixed-phase C-H stretching,tau(C2-O3-C4-C6),dihedral,0.011968682899217618,-,-0.032813036799391786,0.041271658217058235
60,3088.2224177132966,,,mixed-phase C-H stretching,tau(H11-C1-C2-H14),dihedral,0.010397598964541458,-,-0.013506774769693253,0.21160608660854546
60,3088.2224177132966,,,mixed-phase C-H stretching,tau(H10-C1-C2-O3),dihedral,0.010385476639822484,+,0.012184632576581735,0.25971675406989986
60,3088.2224177132966,,,mixed-phase C-H stretching,"gamma(H11;C1,H10,H12)",oop,0.006340370802484472,+,0.008377696387769718,0.3354005971942054
60,3088.2224177132966,,,mixed-phase C-H stretching,tau(C1-C2-O3-C4),dihedral,0.0037355468255669886,-,-0.039523205562974735,0.008878677288367255
60,3088.2224177132966,,,mixed-phase C-H stretching,delta(C6-C8-H19),angle,0.00033497961896744626,+,0.0017910262467926246,0.38771525788471284
60,3088.2224177132966,,,mixed-phase C-H stretching,delta(C6-C9-H22),angle,0.00027115098876987886,-,-0.0018023452362343037,0.3099086049953738
60,3088.2224177132966,,,mixed-phase C-H stretching,delta(C6-C9-H21),angle,0.00024599118913714565,+,0.001709542295719897,0.312505928233909
60,3088.2224177132966,,,mixed-phase C-H stretching,delta(C4-C6-C8),angle,0.0002411490602187282,+,0.001234564143022135,0.5874307333618307
60,3088.2224177132966,,,mixed-phase C-H stretching,delta(C4-C6-C9),angle,0.00023617718182891207,-,-0.0012414324560185083,0.5689710296933157
60,3088.2224177132966,,,mixed-phase C-H stretching,delta(H21-C9-H23),angle,0.0001650404049590541,+,0.0015013240226010233,0.2718565628519554
60,3088.2224177132966,,,mixed-phase C-H stretching,delta(H22-C9-H23),angle,0.0001462242262025483,-,-0.0014254064871454812,0.2672023531774869
60,3088.2224177132966,,,mixed-phase C-H stretching,tau(C9-C6-C8-H20),dihedral,0.00011413301482385364,+,0.0015477728838735815,0.1768867206031556
60,3088.2224177132966,,,mixed-phase C-H stretching,tau(C7-C6-C8-H18),dihedral,0.00010767257791697232,-,-0.001513688886806872,0.17447382206388093
60,3088.2224177132966,,,mixed-phase C-H stretching,tau(C8-C6-C7-H17),dihedral,1.2400280402088379e-05,-,-0.0013391246438023508,0.02567366734023094
60,3088.2224177132966,,,mixed-phase C-H stretching,nu(C9-H23),bond,8.182606300816389e-06,-,-0.00029835525647036636,0.34128930359837056
60,3088.2224177132966,,,mixed-phase C-H stretching,nu(C8-H18),bond,6.8654082839620245e-06,+,0.0002732798916453863,0.3413103237507323
60,3088.2224177132966,,,mixed-phase C-H stretching,tau(C4-C6-C9-H22),dihedral,3.0037576447144427e-06,+,0.0006555880065710548,0.02594784517579504
60,3088.2224177132966,,,mixed-phase C-H stretching,nu(C6-C9),bond,1.3355433387455968e-06,+,0.00013741805250339526,0.2625843359756791
60,3088.2224177132966,,,mixed-phase C-H stretching,nu(C6-C8),bond,1.3080287064813897e-06,-,-0.000135987200809984,0.2626150526130056
60,3088.2224177132966,,,mixed-phase C-H stretching,"gamma(O3;C4,O5,C6)",oop,5.654494243715141e-07,-,-0.0001315399198127694,0.12133246739127751
60,3088.2224177132966,,,mixed-phase C-H stretching,nu(C7-H15),bond,4.794822081958147e-07,+,7.240404555645376e-05,0.3395824516930801
60,3088.2224177132966,,,mixed-phase C-H stretching,nu(C1-H10),bond,3.3833948790981703e-07,+,6.105542009638516e-05,0.33697885380249765
60,3088.2224177132966,,,mixed-phase C-H stretching,delta(C7-C6-C9),angle,1.820582411802833e-07,-,-2.8274800891664634e-05,0.845492268834399
60,3088.2224177132966,,,mixed-phase C-H stretching,"gamma(H18;C8,H19,H20)",oop,1.7856722168659408e-07,+,5.393190354644684e-05,0.2279337585365519
60,3088.2224177132966,,,mixed-phase C-H stretching,nu(C7-H16),bond,1.3214761801632827e-07,-,-3.825984619260221e-05,0.33517476100026466
60,3088.2224177132966,,,mixed-phase C-H stretching,delta(C7-C6-C8),angle,1.3025763558628479e-07,+,2.7095056969459637e-05,0.6587512652548063
60,3088.2224177132966,,,mixed-phase C-H stretching,delta(C1-C2-O3),angle,1.2891020355789227e-07,-,-3.3557854827610767e-05,0.4250082114162513
60,3088.2224177132966,,,mixed-phase C-H stretching,delta(C6-C7-H17),angle,1.1068797215838511e-07,+,3.6044861633255375e-05,0.3163094116269633
60,3088.2224177132966,,,mixed-phase C-H stretching,nu(C1-C2),bond,1.0522065401567591e-07,+,3.63918237230656e-05,0.2949794525157423
60,3088.2224177132966,,,mixed-phase C-H stretching,delta(H21-C9-H22),angle,1.025411312395349e-07,-,-3.696996553383451e-05,0.2785469590691626
60,3088.2224177132966,,,mixed-phase C-H stretching,delta(H16-C7-H17),angle,9.03626559880648e-08,+,3.4313288779616697e-05,0.28494609231836865
60,3088.2224177132966,,,mixed-phase C-H stretching,nu(C7-H17),bond,8.987679867585853e-08,-,-3.1346579431200104e-05,0.339598442129758
60,3088.2224177132966,,,mixed-phase C-H stretching,delta(H19-C8-H20),angle,8.695584955024761e-08,+,3.54887698035967e-05,0.25633937495241976
60,3088.2224177132966,,,mixed-phase C-H stretching,delta(H15-C7-H16),angle,7.798998467829081e-08,-,-3.278472163265901e-05,0.26939792272256335
60,3088.2224177132966,,,mixed-phase C-H stretching,delta(C2-O3-C4),angle,5.2441940297278457e-08,-,-2.585771497876905e-05,0.2912036889642517
60,3088.2224177132966,,,mixed-phase C-H stretching,nu(C2-O3),bond,4.759756850319896e-08,+,2.467143676053351e-05,0.29033159021092214
60,3088.2224177132966,,,mixed-phase C-H stretching,delta(C2-C1-H10),angle,4.2944556485720994e-08,-,-2.0557536662236453e-05,0.3772805214315562
60,3088.2224177132966,,,mixed-phase C-H stretching,tau(O3-C4-C6-C7),dihedral,2.0836143149604396e-08,-,-7.476353824886799e-05,0.013839998659108788
60,3088.2224177132966,,,mixed-phase C-H stretching,delta(C8-C6-C9),angle,9.21010258120749e-09,+,6.9825885113742854e-06,0.7013422090875111
60,3088.2224177132966,,,mixed-phase C-H stretching,delta(C6-C8-H18),angle,2.7653333688855833e-09,-,-5.675961192008712e-06,0.318688996065421
60,3088.2224177132966,,,mixed-phase C-H stretching,nu(C4-O5),bond,2.039114910803577e-09,-,-3.022913619176839e-06,0.8284926016642041
60,3088.2224177132966,,,mixed-phase C-H stretching,nu(O3-C4),bond,1.0296119066204198e-09,+,3.1980189699003183e-06,0.3737746932579269
60,3088.2224177132966,,,mixed-phase C-H stretching,delta(C6-C7-H16),angle,5.555413726499604e-10,+,2.524680694427325e-06,0.3235950711183532
60,3088.2224177132966,,,mixed-phase C-H stretching,delta(H15-C7-H17),angle,1.7216736686704364e-10,-,-1.5277051090603805e-06,0.2738862211420583
60,3088.2224177132966,,,mixed-phase C-H stretching,delta(O3-C4-C6),angle,1.0147437026012181e-10,-,-8.641527101959745e-07,0.5045146489337415
60,3088.2224177132966,,,mixed-phase C-H stretching,nu(C4-C6),bond,7.391074261902658e-12,+,3.288881096565233e-07,0.2536936689040973
60,3088.2224177132966,,,mixed-phase C-H stretching,nu(C6-C7),bond,8.861178775250518e-13,-,-1.0957865699400739e-07,0.273992049202674
60,3088.2224177132966,,,mixed-phase C-H stretching,delta(O3-C4-O5),angle,1.0565161495820237e-14,+,8.07912755701481e-09,0.6009600723599223
61,3091.3934625473535,,,mixed-phase C-H stretching,nu(C9-H21),bond,25.109133025149482,-,-0.5268738085836675,0.3345246288966813
61,3091.3934625473535,,,mixed-phase C-H stretching,nu(C9-H22),bond,24.91906906551476,+,0.5249403177350762,0.33444257153457424
61,3091.3934625473535,,,mixed-phase C-H stretching,nu(C8-H20),bond,24.40463361685991,+,0.519426673494872,0.3345287105692625
61,3091.3934625473535,,,mixed-phase C-H stretching,nu(C8-H19),bond,24.21569967627923,-,-0.5174706640354193,0.3344530442205115
61,3091.3934625473535,,,mixed-phase C-H stretching,nu(C7-H17),bond,0.24044747362745328,+,0.05117196149678219,0.339598442129758
61,3091.3934625473535,,,mixed-phase C-H stretching,nu(C7-H15),bond,0.22629491952680583,-,-0.04964432180183638,0.3395824516930801
61,3091.3934625473535,,,mixed-phase C-H stretching,nu(C2-H14),bond,0.10541530354782369,+,0.034130604764122136,0.33467655984368183
61,3091.3934625473535,,,mixed-phase C-H stretching,nu(C2-H13),bond,0.10502177665652641,-,-0.03406749248566635,0.33466371155807756
61,3091.3934625473535,,,mixed-phase C-H stretching,delta(C6-C8-H19),angle,0.09176385292327592,+,0.02958585836707667,0.38771525788471284
61,3091.3934625473535,,,mixed-phase C-H stretching,delta(C6-C9-H22),angle,0.07531910705930699,-,-0.029980616814229175,0.3099086049953738
61,3091.3934625473535,,,mixed-phase C-H stretching,nu(C1-H11),bond,0.067288590391867,+,0.02712395714045569,0.33825555025336085
61,3091.3934625473535,,,mixed-phase C-H stretching,nu(C1-H12),bond,0.06719266340395824,-,-0.027104761820081792,0.3382519160366286
61,3091.3934625473535,,,mixed-phase C-H stretching,delta(C6-C9-H21),angle,0.06600505903089494,+,0.027948871804541572,0.312505928233909
61,3091.3934625473535,,,mixed-phase C-H stretching,delta(C4-C6-C8),angle,0.05462785181865153,+,0.018545285736751366,0.5874307333618307
61,3091.3934625473535,,,mixed-phase C-H stretching,delta(C4-C6-C9),angle,0.054425216572144275,-,-0.018808744452327483,0.5689710296933157
61,3091.3934625473535,,,mixed-phase C-H stretching,delta(H21-C9-H23),angle,0.04604836574042044,+,0.025028913645570094,0.2718565628519554
61,3091.3934625473535,,,mixed-phase C-H stretching,delta(H22-C9-H23),angle,0.04191116601099702,-,-0.0240851598170371,0.2672023531774869
61,3091.3934625473535,,,mixed-phase C-H stretching,tau(C7-C6-C8-H18),dihedral,0.03376718784840612,-,-0.026753900612465614,0.17447382206388093
61,3091.3934625473535,,,mixed-phase C-H stretching,tau(C9-C6-C8-H20),dihedral,0.030335548449411203,+,0.025184487084891263,0.1768867206031556
61,3091.3934625473535,,,mixed-phase C-H stretching,nu(C9-H23),bond,0.01733244180825466,-,-0.013704820027060513,0.34128930359837056
61,3091.3934625473535,,,mixed-phase C-H stretching,nu(C8-H18),bond,0.01685179226021202,+,0.013513042289977283,0.3413103237507323
61,3091.3934625473535,,,mixed-phase C-H stretching,tau(C8-C6-C7-H17),dihedral,0.0037508591162237095,-,-0.023244821803390887,0.02567366734023094
61,3091.3934625473535,,,mixed-phase C-H stretching,delta(C7-C6-C9),angle,0.0014558497755230132,+,0.002523528776392047,0.845492268834399
61,3091.3934625473535,,,mixed-phase C-H stretching,delta(C7-C6-C8),angle,0.0011753143987289095,-,-0.0025687456105470277,0.6587512652548063
61,3091.3934625473535,,,mixed-phase C-H stretching,tau(C4-C6-C9-H22),dihedral,0.001141604572777728,+,0.012755926284163102,0.02594784517579504
61,3091.3934625473535,,,mixed-phase C-H stretching,delta(C6-C7-H17),angle,0.0011262862362334152,-,-0.003628884378714411,0.3163094116269633
61,3091.3934625473535,,,mixed-phase C-H stretching,delta(C2-C1-H11),angle,0.0009841104814557458,-,-0.002897109775669539,0.4336342271090426
61,3091.3934625473535,,,mixed-phase C-H stretching,delta(C1-C2-H14),angle,0.0006290411867535606,-,-0.0028018416140908704,0.2963476715215922
61,3091.3934625473535,,,mixed-phase C-H stretching,delta(H16-C7-H17),angle,0.0002103953581753675,-,-0.0016525002131105835,0.28494609231836865
61,3091.3934625473535,,,mixed-phase C-H stretching,delta(H15-C7-H16),angle,0.0002066644483373225,+,0.0016843818969855232,0.26939792272256335
61,3091.3934625473535,,,mixed-phase C-H stretching,delta(H10-C1-H12),angle,0.00018205852419087034,+,0.0012246887268403848,0.44892023061146324
61,3091.3934625473535,,,mixed-phase C-H stretching,nu(C7-H16),bond,9.214437183978423e-05,-,-0.0010083320060818408,0.33517476100026466
61,3091.3934625473535,,,mixed-phase C-H stretching,"gamma(H18;C8,H19,H20)",oop,7.634993410911521e-05,+,0.0011130247129775416,0.2279337585365519
61,3091.3934625473535,,,mixed-phase C-H stretching,"gamma(H13;C2,O3,H14)",oop,6.844115129037998e-05,+,0.0010397935925973998,0.23411682864784614
61,3091.3934625473535,,,mixed-phase C-H stretching,tau(C2-O3-C4-C6),dihedral,3.921737664456239e-05,+,0.0018746409963576838,0.041271658217058235
61,3091.3934625473535,,,mixed-phase C-H stretching,"gamma(H11;C1,H10,H12)",oop,3.658584950259921e-05,-,-0.0006351546119821428,0.3354005971942054
61,3091.3934625473535,,,mixed-phase C-H stretching,nu(C6-C9),bond,3.56310645542258e-05,+,0.0007084101763534955,0.2625843359756791
61,3091.3934625473535,,,mixed-phase C-H stretching,nu(C6-C8),bond,3.247053722533375e-05,-,-0.000676222674824907,0.2626150526130056
61,3091.3934625473535,,,mixed-phase C-H stretching,tau(O3-C4-C6-C7),dihedral,2.7644365458083976e-05,+,0.002717941398992607,0.013839998659108788
61,3091.3934625473535,,,mixed-phase C-H stretching,delta(H19-C8-H20),angle,2.5512629295017764e-05,-,-0.0006067010530708306,0.25633937495241976
61,3091.3934625473535,,,mixed-phase C-H stretching,delta(H21-C9-H22),angle,2.4915634879153743e-05,+,0.0005751638314890098,0.2785469590691626
61,3091.3934625473535,,,mixed-phase C-H stretching,tau(H12-C1-C2-H13),dihedral,2.3282686577151806e-05,+,0.00045529841895202474,0.4153846152199703
61,3091.3934625473535,,,mixed-phase C-H stretching,tau(H11-C1-C2-H13),dihedral,2.0860639379662073e-05,+,0.0004549791249725394,0.37269560643401184
61,3091.3934625473535,,,mixed-phase C-H stretching,delta(C8-C6-C9),angle,1.2203758388605287e-05,+,0.0002536802236320013,0.7013422090875111
61,3091.3934625473535,,,mixed-phase C-H stretching,tau(H11-C1-C2-H14),dihedral,1.1765248841279767e-05,+,0.00045346239843693076,0.21160608660854546
61,3091.3934625473535,,,mixed-phase C-H stretching,tau(C1-C2-O3-C4),dihedral,1.1689955458917523e-05,+,0.0022066684851214605,0.008878677288367255
61,3091.3934625473535,,,mixed-phase C-H stretching,"gamma(O3;C4,O5,C6)",oop,5.280655270383735e-06,-,-0.0004011993250420945,0.12133246739127751
61,3091.3934625473535,,,mixed-phase C-H stretching,tau(H10-C1-C2-O3),dihedral,4.960053290975325e-06,-,-0.0002657651237186946,0.25971675406989986
61,3091.3934625473535,,,mixed-phase C-H stretching,delta(C6-C8-H18),angle,4.278150531254105e-06,+,0.0002228174997608326,0.318688996065421
61,3091.3934625473535,,,mixed-phase C-H stretching,delta(C6-C7-H16),angle,6.255871247449594e-07,+,8.455664674981293e-05,0.3235950711183532
61,3091.3934625473535,,,mixed-phase C-H stretching,delta(H15-C7-H17),angle,1.785320819084632e-07,-,-4.909958740225113e-05,0.2738862211420583
61,3091.3934625473535,,,mixed-phase C-H stretching,nu(C1-H10),bond,3.1189379243241526e-08,+,1.8501495786364777e-05,0.33697885380249765
61,3091.3934625473535,,,mixed-phase C-H stretching,nu(C6-C7),bond,2.132855630827659e-08,-,-1.6967448887293844e-05,0.273992049202674
61,3091.3934625473535,,,mixed-phase C-H stretching,nu(C4-C6),bond,1.3121620792835082e-08,-,-1.3830686162203946e-05,0.2536936689040973
61,3091.3934625473535,,,mixed-phase C-H stretching,nu(C4-O5),bond,5.662700105378443e-09,+,5.0277336655777804e-06,0.8284926016642041
61,3091.3934625473535,,,mixed-phase C-H stretching,delta(O3-C4-C6),angle,2.5225852717181e-09,+,4.300221610742031e-06,0.5045146489337415
61,3091.3934625473535,,,mixed-phase C-H stretching,delta(C2-O3-C4),angle,8.606318874710412e-10,+,3.3060931089322614e-06,0.2912036889642517
61,3091.3934625473535,,,mixed-phase C-H stretching,nu(O3-C4),bond,7.644267020890431e-10,-,-2.7502221627214587e-06,0.3737746932579269
61,3091.3934625473535,,,mixed-phase C-H stretching,nu(C1-C2),bond,6.254731878264775e-10,-,-2.8003561341076433e-06,0.2949794525157423
61,3091.3934625473535,,,mixed-phase C-H stretching,delta(O3-C4-O5),angle,4.1338212411056854e-10,-,-1.5949895312683968e-06,0.6009600723599223
61,3091.3934625473535,,,mixed-phase C-H stretching,delta(C1-C2-O3),angle,4.0032060014337724e-10,+,1.8664231347155028e-06,0.4250082114162513
61,3091.3934625473535,,,mixed-phase C-H stretching,delta(C2-C1-H10),angle,1.9616777299068037e-10,+,1.3867125275461887e-06,0.3772805214315562
61,3091.3934625473535,,,mixed-phase C-H stretching,nu(C2-O3),bond,1.5480790623984913e-10,-,-1.4042816534892103e-06,0.29033159021092214
62,3092.963837563279,,,mixed-phase C-H stretching,nu(C8-H19),bond,23.686505821034274,-,-0.5123304507333459,0.3344530442205115
62,3092.963837563279,,,mixed-phase C-H stretching,nu(C8-H20),bond,23.579213178385107,+,0.511110970079175,0.3345287105692625
62,3092.963837563279,,,mixed-phase C-H stretching,nu(C9-H22),bond,22.991362141718515,-,-0.5047645195557955,0.33444257153457424
62,3092.963837563279,,,mixed-phase C-H stretching,nu(C9-H21),bond,22.88764113717852,+,0.5035628874531076,0.3345246288966813
62,3092.963837563279,,,mixed-phase C-H stretching,nu(C7-H16),bond,2.7770775044911087,+,0.17523691232232053,0.33517476100026466
62,3092.963837563279,,,mixed-phase C-H stretching,nu(C7-H15),bond,1.7011019876841966,-,-0.13625730739238984,0.3395824516930801
62,3092.963837563279,,,mixed-phase C-H stretching,nu(C7-H17),bond,1.67411191950066,-,-0.13516885839517942,0.339598442129758
62,3092.963837563279,,,mixed-phase C-H stretching,delta(C8-C6-C9),angle,0.22739770860332217,-,-0.03466532688495491,0.7013422090875111
62,3092.963837563279,,,mixed-phase C-H stretching,delta(C6-C8-H19),angle,0.0766183068541343,+,0.027063070903091225,0.38771525788471284
62,3092.963837563279,,,mixed-phase C-H stretching,delta(C6-C9-H21),angle,0.06247483384121608,-,-0.027220159830386673,0.312505928233909
62,3092.963837563279,,,mixed-phase C-H stretching,delta(C6-C9-H22),angle,0.05934783588169549,+,0.026641144135493518,0.3099086049953738
62,3092.963837563279,,,mixed-phase C-H stretching,delta(C4-C6-C8),angle,0.05109372034368944,+,0.01795447362621189,0.5874307333618307
62,3092.963837563279,,,mixed-phase C-H stretching,tau(C7-C6-C8-H18),dihedral,0.04827547442399269,-,-0.032023248391063026,0.17447382206388093
62,3092.963837563279,,,mixed-phase C-H stretching,delta(C4-C6-C9),angle,0.04802079121751511,+,0.01768629338681618,0.5689710296933157
62,3092.963837563279,,,mixed-phase C-H stretching,delta(H21-C9-H23),angle,0.03987442176733896,-,-0.02331548932688027,0.2718565628519554
62,3092.963837563279,,,mixed-phase C-H stretching,delta(H22-C9-H23),angle,0.038189650861390013,+,0.023015475452550074,0.2672023531774869
62,3092.963837563279,,,mixed-phase C-H stretching,delta(C6-C7-H16),angle,0.017383111460965505,-,-0.014110098798803148,0.3235950711183532
62,3092.963837563279,,,mixed-phase C-H stretching,delta(H15-C7-H17),angle,0.006396186179105341,+,0.009303421607818054,0.2738862211420583
62,3092.963837563279,,,mixed-phase C-H stretching,tau(C8-C6-C7-H17),dihedral,0.0057381963840881485,-,-0.028781339020199897,0.02567366734023094
62,3092.963837563279,,,mixed-phase C-H stretching,delta(C7-C6-C9),angle,0.0037208560327353177,+,0.004038628067273631,0.845492268834399
62,3092.963837563279,,,mixed-phase C-H stretching,nu(C8-H18),bond,0.003404279462144388,-,-0.006080021796894381,0.3413103237507323
62,3092.963837563279,,,mixed-phase C-H stretching,nu(C9-H23),bond,0.0033419521912313806,-,-0.006024292136854519,0.34128930359837056
62,3092.963837563279,,,mixed-phase C-H stretching,delta(C7-C6-C8),angle,0.0028285863734073997,+,0.003989249850884958,0.6587512652548063
62,3092.963837563279,,,mixed-phase C-H stretching,delta(C6-C7-H17),angle,0.00254929186728663,+,0.005465387627719653,0.3163094116269633
62,3092.963837563279,,,mixed-phase C-H stretching,tau(C4-C6-C9-H22),dihedral,0.001049746260976584,-,-0.01224499932386641,0.02594784517579504
62,3092.963837563279,,,mixed-phase C-H stretching,nu(C6-C7),bond,0.0007727000233674894,+,0.003232985290686868,0.273992049202674
62,3092.963837563279,,,mixed-phase C-H stretching,delta(H16-C7-H17),angle,0.0007435141801411992,-,-0.0031097861235216085,0.28494609231836865
62,3092.963837563279,,,mixed-phase C-H stretching,delta(H15-C7-H16),angle,0.0006862330934435495,-,-0.003072599488432843,0.26939792272256335
62,3092.963837563279,,,mixed-phase C-H stretching,nu(C1-H12),bond,0.0005226868980193051,-,-0.0023931389790116143,0.3382519160366286
62,3092.963837563279,,,mixed-phase C-H stretching,nu(C1-H11),bond,0.00041629290444584425,-,-0.0021357198532912258,0.33825555025336085
62,3092.963837563279,,,mixed-phase C-H stretching,nu(C2-H13),bond,0.0003862464033338953,-,-0.0020682125008555847,0.33466371155807756
62,3092.963837563279,,,mixed-phase C-H stretching,nu(C2-H14),bond,0.0003065518703264682,-,-0.001842496125289109,0.33467655984368183
62,3092.963837563279,,,mixed-phase C-H stretching,nu(C4-C6),bond,0.00028190171107272,+,0.002029370241277642,0.2536936689040973
62,3092.963837563279,,,mixed-phase C-H stretching,nu(C4-O5),bond,0.00024486079063043445,-,-0.0010466043914732156,0.8284926016642041
62,3092.963837563279,,,mixed-phase C-H stretching,nu(C6-C8),bond,0.00021240290650662277,-,-0.0017313611420868562,0.2626150526130056
62,3092.963837563279,,,mixed-phase C-H stretching,nu(C6-C9),bond,0.0002121565242200794,-,-0.001730457886004051,0.2625843359756791
62,3092.963837563279,,,mixed-phase C-H stretching,tau(C9-C6-C8-H20),dihedral,0.00015778702684368068,+,0.0018182570388604663,0.1768867206031556
62,3092.963837563279,,,mixed-phase C-H stretching,delta(O3-C4-C6),angle,8.086278718511261e-05,-,-0.0007707343395480973,0.5045146489337415
62,3092.963837563279,,,mixed-phase C-H stretching,delta(C6-C8-H18),angle,6.600153350504145e-05,+,0.0008761142119023393,0.318688996065421
62,3092.963837563279,,,mixed-phase C-H stretching,delta(H21-C9-H22),angle,4.62325027224609e-05,+,0.0007843171968468052,0.2785469590691626
62,3092.963837563279,,,mixed-phase C-H stretching,delta(H19-C8-H20),angle,4.073387261719122e-05,+,0.000767427638796683,0.25633937495241976
62,3092.963837563279,,,mixed-phase C-H stretching,nu(O3-C4),bond,3.6677591649856706e-05,+,0.0006030630292045148,0.3737746932579269
62,3092.963837563279,,,mixed-phase C-H stretching,nu(C1-H10),bond,2.0460435355392267e-05,+,0.0004743767081247406,0.33697885380249765
62,3092.963837563279,,,mixed-phase C-H stretching,delta(C2-O3-C4),angle,1.313801291532985e-05,-,-0.00040891557481037344,0.2912036889642517
62,3092.963837563279,,,mixed-phase C-H stretching,delta(O3-C4-O5),angle,1.1383156536900712e-05,+,0.00026495723991378834,0.6009600723599223
62,3092.963837563279,,,mixed-phase C-H stretching,delta(C2-C1-H10),angle,6.573499743864434e-06,-,-0.00025411680105457855,0.3772805214315562
62,3092.963837563279,,,mixed-phase C-H stretching,delta(C1-C2-O3),angle,6.306889356707765e-06,-,-0.00023451800540518598,0.4250082114162513
62,3092.963837563279,,,mixed-phase C-H stretching,nu(C1-C2),bond,3.33025256801577e-06,+,0.00020455492934793486,0.2949794525157423
62,3092.963837563279,,,mixed-phase C-H stretching,tau(H11-C1-C2-H13),dihedral,3.2521982479652487e-06,-,-0.00017983682041772118,0.37269560643401184
62,3092.963837563279,,,mixed-phase C-H stretching,delta(C1-C2-H14),angle,8.604262216616206e-07,+,0.00010373452082835274,0.2963476715215922
62,3092.963837563279,,,mixed-phase C-H stretching,"gamma(H11;C1,H10,H12)",oop,6.272811206354471e-07,+,8.325617200966128e-05,0.3354005971942054
62,3092.963837563279,,,mixed-phase C-H stretching,nu(C2-O3),bond,5.687523516103807e-07,+,8.520826110401729e-05,0.29033159021092214
62,3092.963837563279,,,mixed-phase C-H stretching,delta(C2-C1-H11),angle,5.295008795798776e-07,+,6.727269281449927e-05,0.4336342271090426
62,3092.963837563279,,,mixed-phase C-H stretching,"gamma(H18;C8,H19,H20)",oop,3.7890439815944247e-07,-,-7.849242442168822e-05,0.2279337585365519
62,3092.963837563279,,,mixed-phase C-H stretching,tau(H12-C1-C2-H13),dihedral,4.5331926693610546e-08,+,2.0111484632804988e-05,0.4153846152199703
62,3092.963837563279,,,mixed-phase C-H stretching,delta(H10-C1-H12),angle,3.606149233379387e-08,+,1.725458447831974e-05,0.44892023061146324
62,3092.963837563279,,,mixed-phase C-H stretching,tau(H11-C1-C2-H14),dihedral,2.138831234366056e-08,-,-1.9354922082637192e-05,0.21160608660854546
62,3092.963837563279,,,mixed-phase C-H stretching,tau(O3-C4-C6-C7),dihedral,3.0936200928394713e-09,+,2.8782778271529166e-05,0.013839998659108788
62,3092.963837563279,,,mixed-phase C-H stretching,"gamma(H13;C2,O3,H14)",oop,1.2422808952055266e-09,+,4.434665151916035e-06,0.23411682864784614
62,3092.963837563279,,,mixed-phase C-H stretching,tau(C2-O3-C4-C6),dihedral,5.845626893694226e-10,+,7.2453076842363716e-06,0.041271658217058235
62,3092.963837563279,,,mixed-phase C-H stretching,"gamma(O3;C4,O5,C6)",oop,1.6908400706379893e-10,-,-2.2726366037397854e-06,0.12133246739127751
62,3092.963837563279,,,mixed-phase C-H stretching,tau(C1-C2-O3-C4),dihedral,1.5672391327828262e-10,+,8.088365056577674e-06,0.008878677288367255
62,3092.963837563279,,,mixed-phase C-H stretching,tau(H10-C1-C2-O3),dihedral,4.362221360871142e-11,+,7.889892991916207e-07,0.25971675406989986
63,3106.3451641908955,,,mixed-phase C-H stretching,nu(C7-H16),bond,46.70855800054963,-,-0.7206519226025715,0.33517476100026466
63,3106.3451641908955,,,mixed-phase C-H stretching,nu(C7-H15),bond,22.437630826925567,+,0.4962252431571292,0.3395824516930801
63,3106.3451641908955,,,mixed-phase C-H stretching,nu(C7-H17),bond,22.088284120024298,+,0.4923354630152391,0.339598442129758
63,3106.3451641908955,,,mixed-phase C-H stretching,nu(C8-H20),bond,1.584244533020123,+,0.13284872300532374,0.3345287105692625
63,3106.3451641908955,,,mixed-phase C-H stretching,nu(C9-H21),bond,1.5731915887028556,+,0.13238529055498646,0.3345246288966813
63,3106.3451641908955,,,mixed-phase C-H stretching,nu(C1-H10),bond,1.3996689532190292,-,-0.124415449856277,0.33697885380249765
63,3106.3451641908955,,,mixed-phase C-H stretching,nu(C8-H19),bond,1.3905615351434666,-,-0.1244773984971408,0.3344530442205115
63,3106.3451641908955,,,mixed-phase C-H stretching,nu(C9-H22),bond,1.3744978647796775,-,-0.12375827051687475,0.33444257153457424
63,3106.3451641908955,,,mixed-phase C-H stretching,nu(C1-H12),bond,0.39288348711588045,+,0.06579224851722767,0.3382519160366286
63,3106.3451641908955,,,mixed-phase C-H stretching,nu(C1-H11),bond,0.39273502700176655,+,0.06577946341114294,0.33825555025336085
63,3106.3451641908955,,,mixed-phase C-H stretching,delta(C6-C7-H16),angle,0.18619572771217446,+,0.04630702502161652,0.3235950711183532
63,3106.3451641908955,,,mixed-phase C-H stretching,delta(H15-C7-H17),angle,0.12366110656888635,-,-0.041019885717755916,0.2738862211420583
63,3106.3451641908955,,,mixed-phase C-H stretching,nu(C9-H23),bond,0.05015054366197495,-,-0.02340127164459855,0.34128930359837056
63,3106.3451641908955,,,mixed-phase C-H stretching,nu(C8-H18),bond,0.04827006381323042,-,-0.02295763770432898,0.3413103237507323
63,3106.3451641908955,,,mixed-phase C-H stretching,delta(C7-C6-C9),angle,0.03906969823990932,-,-0.013122850521754532,0.845492268834399
63,3106.3451641908955,,,mixed-phase C-H stretching,delta(C6-C7-H17),angle,0.030090545920739366,-,-0.018828769992509327,0.3163094116269633
63,3106.3451641908955,,,mixed-phase C-H stretching,delta(C7-C6-C8),angle,0.029876393601204088,-,-0.013000687789450288,0.6587512652548063
63,3106.3451641908955,,,mixed-phase C-H stretching,delta(H16-C7-H17),angle,0.020799405496706194,+,0.016493281903958042,0.28494609231836865
63,3106.3451641908955,,,mixed-phase C-H stretching,delta(H15-C7-H16),angle,0.01924202126414932,+,0.01631515475890082,0.26939792272256335
63,3106.3451641908955,,,mixed-phase C-H stretching,tau(C7-C6-C8-H18),dihedral,0.017635182688495635,+,0.019408314359958375,0.17447382206388093
63,3106.3451641908955,,,mixed-phase C-H stretching,nu(C2-H13),bond,0.015149499877089932,-,-0.012988464455964962,0.33466371155807756
63,3106.3451641908955,,,mixed-phase C-H stretching,nu(C2-H14),bond,0.01503389763806858,-,-0.012938565246961789,0.33467655984368183
63,3106.3451641908955,,,mixed-phase C-H stretching,delta(C8-C6-C9),angle,0.014328531820662136,-,-0.008725670953628991,0.7013422090875111
63,3106.3451641908955,,,mixed-phase C-H stretching,nu(C6-C7),bond,0.006182553804529358,-,-0.009170181804485696,0.273992049202674
63,3106.3451641908955,,,mixed-phase C-H stretching,tau(H11-C1-C2-H13),dihedral,0.004968574179492948,+,0.00704858151167731,0.37269560643401184
63,3106.3451641908955,,,mixed-phase C-H stretching,tau(C8-C6-C7-H17),dihedral,0.0043070353054448845,+,0.025003927727791694,0.02567366734023094
63,3106.3451641908955,,,mixed-phase C-H stretching,delta(H22-C9-H23),angle,0.004038501513791986,+,0.007505039107421459,0.2672023531774869
63,3106.3451641908955,,,mixed-phase C-H stretching,delta(C2-C1-H10),angle,0.0038049292084897804,+,0.006130615410792962,0.3772805214315562
63,3106.3451641908955,,,mixed-phase C-H stretching,delta(C6-C9-H21),angle,0.0037164889343024327,-,-0.0066573327673568146,0.312505928233909
63,3106.3451641908955,,,mixed-phase C-H stretching,tau(H12-C1-C2-H13),dihedral,0.0027355539722728585,-,-0.0049540503263041024,0.4153846152199703
63,3106.3451641908955,,,mixed-phase C-H stretching,delta(H21-C9-H23),angle,0.0027082183507494894,-,-0.006093052234863502,0.2718565628519554
63,3106.3451641908955,,,mixed-phase C-H stretching,delta(C6-C8-H19),angle,0.002465540241018663,+,0.004868134574543261,0.38771525788471284
63,3106.3451641908955,,,mixed-phase C-H stretching,delta(C4-C6-C8),angle,0.0019951673104454527,+,0.0035577407812898043,0.5874307333618307
63,3106.3451641908955,,,mixed-phase C-H stretching,delta(C6-C9-H22),angle,0.0019334423084608247,+,0.004821828562467656,0.3099086049953738
63,3106.3451641908955,,,mixed-phase C-H stretching,delta(C4-C6-C9),angle,0.0019063209183902638,+,0.0035335879368243836,0.5689710296933157
63,3106.3451641908955,,,mixed-phase C-H stretching,delta(C1-C2-O3),angle,0.0016683302712264807,+,0.0038247700362880454,0.4250082114162513
63,3106.3451641908955,,,mixed-phase C-H stretching,tau(H11-C1-C2-H14),dihedral,0.0013945906458975187,+,0.004955896981048874,0.21160608660854546
63,3106.3451641908955,,,mixed-phase C-H stretching,delta(H10-C1-H12),angle,0.0012353500046021837,+,0.003202383915583629,0.44892023061146324
63,3106.3451641908955,,,mixed-phase C-H stretching,delta(C2-C1-H11),angle,0.0011064930577839754,-,-0.0030837243035145125,0.4336342271090426
63,3106.3451641908955,,,mixed-phase C-H stretching,nu(C4-O5),bond,0.0004874434178956514,+,0.001480746660180047,0.8284926016642041
63,3106.3451641908955,,,mixed-phase C-H stretching,delta(C1-C2-H14),angle,0.0004380783972685034,-,-0.0023471353428966804,0.2963476715215922
63,3106.3451641908955,,,mixed-phase C-H stretching,"gamma(H11;C1,H10,H12)",oop,0.00018914288932348071,-,-0.0014496930858503157,0.3354005971942054
63,3106.3451641908955,,,mixed-phase C-H stretching,nu(C4-C6),bond,0.00018467893617003605,+,0.001647088144968717,0.2536936689040973
63,3106.3451641908955,,,mixed-phase C-H stretching,delta(C6-C8-H18),angle,0.0001408931369401294,+,0.0012835841898446838,0.318688996065421
63,3106.3451641908955,,,mixed-phase C-H stretching,nu(O3-C4),bond,0.00012474437789449885,-,-0.0011152404622502183,0.3737746932579269
63,3106.3451641908955,,,mixed-phase C-H stretching,tau(C4-C6-C9-H22),dihedral,9.917200284431869e-05,-,-0.003774043199516266,0.02594784517579504
63,3106.3451641908955,,,mixed-phase C-H stretching,"gamma(H18;C8,H19,H20)",oop,6.561665260679073e-05,-,-0.0010357756180578636,0.2279337585365519
63,3106.3451641908955,,,mixed-phase C-H stretching,nu(C2-O3),bond,5.752284809765036e-05,+,0.0008592826004973766,0.29033159021092214
63,3106.3451641908955,,,mixed-phase C-H stretching,nu(C6-C9),bond,5.4058417673304054e-05,-,-0.0008759115052091096,0.2625843359756791
63,3106.3451641908955,,,mixed-phase C-H stretching,nu(C6-C8),bond,5.3862189339584755e-05,-,-0.0008742691769775719,0.2626150526130056
63,3106.3451641908955,,,mixed-phase C-H stretching,"gamma(H13;C2,O3,H14)",oop,5.093953866383386e-05,+,0.0009004801864420542,0.23411682864784614
63,3106.3451641908955,,,mixed-phase C-H stretching,delta(H21-C9-H22),angle,3.519267495865967e-05,-,-0.0006861829177571109,0.2785469590691626
63,3106.3451641908955,,,mixed-phase C-H stretching,delta(H19-C8-H20),angle,3.0801402625283433e-05,-,-0.0006691763137717822,0.25633937495241976
63,3106.3451641908955,,,mixed-phase C-H stretching,delta(O3-C4-C6),angle,2.649872738492325e-05,+,0.00044242391254556743,0.5045146489337415
63,3106.3451641908955,,,mixed-phase C-H stretching,tau(C9-C6-C8-H20),dihedral,2.108881473183396e-05,+,0.0006665633707014662,0.1768867206031556
63,3106.3451641908955,,,mixed-phase C-H stretching,nu(C1-C2),bond,1.264963639387383e-05,+,0.0003997662371452343,0.2949794525157423
63,3106.3451641908955,,,mixed-phase C-H stretching,delta(O3-C4-O5),angle,1.3935398560839103e-06,+,9.296080198190213e-05,0.6009600723599223
63,3106.3451641908955,,,mixed-phase C-H stretching,delta(C2-O3-C4),angle,5.487041910562346e-07,-,-8.379800442539358e-05,0.2912036889642517
63,3106.3451641908955,,,mixed-phase C-H stretching,tau(O3-C4-C6-C7),dihedral,2.8594282397600305e-08,-,-8.774745937605373e-05,0.013839998659108788
63,3106.3451641908955,,,mixed-phase C-H stretching,tau(H10-C1-C2-O3),dihedral,1.5403553461362043e-10,-,-1.4867003743173688e-06,0.25971675406989986
63,3106.3451641908955,,,mixed-phase C-H stretching,tau(C2-O3-C4-C6),dihedral,1.1064841564582099e-10,+,3.160891688902509e-06,0.041271658217058235
63,3106.3451641908955,,,mixed-phase C-H stretching,"gamma(O3;C4,O5,C6)",oop,2.3665263412667534e-11,+,8.525701646298195e-07,0.12133246739127751
63,3106.3451641908955,,,mixed-phase C-H stretching,tau(C1-C2-O3-C4),dihedral,2.7267540237562863e-14,+,1.0698227270212403e-07,0.008878677288367255
64,3106.726755800415,,,mixed-phase C-H stretching,nu(C1-H10),bond,60.0312727378195,+,0.816089439165834,0.33697885380249765
64,3106.726755800415,,,mixed-phase C-H stretching,nu(C1-H12),bond,17.712453723846856,-,-0.4424554391182708,0.3382519160366286
64,3106.726755800415,,,mixed-phase C-H stretching,nu(C1-H11),bond,17.649611894490906,-,-0.4416674775342785,0.33825555025336085
64,3106.726755800415,,,mixed-phase C-H stretching,nu(C7-H16),bond,1.0619020317365246,-,-0.10883206717638841,0.33517476100026466
64,3106.726755800415,,,mixed-phase C-H stretching,nu(C2-H13),bond,0.8011153773091025,+,0.09460052117592892,0.33466371155807756
64,3106.726755800415,,,mixed-phase C-H stretching,nu(C2-H14),bond,0.7942984133522668,+,0.09419535908571512,0.33467655984368183
64,3106.726755800415,,,mixed-phase C-H stretching,nu(C7-H15),bond,0.521651973801027,+,0.07578235799623596,0.3395824516930801
64,3106.726755800415,,,mixed-phase C-H stretching,nu(C7-H17),bond,0.513002158463261,+,0.07514966660149104,0.339598442129758
64,3106.726755800415,,,mixed-phase C-H stretching,tau(H11-C1-C2-H13),dihedral,0.21447556436172763,-,-0.04638334655577532,0.37269560643401184
64,3106.726755800415,,,mixed-phase C-H stretching,delta(C2-C1-H10),angle,0.16719249527216368,-,-0.04070300793158266,0.3772805214315562
64,3106.726755800415,,,mixed-phase C-H stretching,tau(H12-C1-C2-H13),dihedral,0.11880860209570314,+,0.03270009737882021,0.4153846152199703
64,3106.726755800415,,,mixed-phase C-H stretching,delta(C1-C2-O3),angle,0.06786551520723155,-,-0.024432967728697682,0.4250082114162513
64,3106.726755800415,,,mixed-phase C-H stretching,tau(H11-C1-C2-H14),dihedral,0.06065057120857502,-,-0.032734346604051404,0.21160608660854546
64,3106.726755800415,,,mixed-phase C-H stretching,delta(H10-C1-H12),angle,0.051820677576294154,-,-0.02077386292346704,0.44892023061146324
64,3106.726755800415,,,mixed-phase C-H stretching,delta(C2-C1-H11),angle,0.04642739303408999,+,0.02000671007370977,0.4336342271090426
64,3106.726755800415,,,mixed-phase C-H stretching,nu(C8-H19),bond,0.04132688745147959,-,-0.02149310096082729,0.3344530442205115
64,3106.726755800415,,,mixed-phase C-H stretching,nu(C9-H22),bond,0.04115018591461912,-,-0.021447438463900566,0.33444257153457424
64,3106.726755800415,,,mixed-phase C-H stretching,nu(C8-H20),bond,0.022042438093933102,+,0.015695076007775893,0.3345287105692625
64,3106.726755800415,,,mixed-phase C-H stretching,nu(C9-H21),bond,0.02182005563029183,+,0.015615798075385256,0.3345246288966813
64,3106.726755800415,,,mixed-phase C-H stretching,delta(C1-C2-H14),angle,0.01858854597174376,+,0.015313422217733609,0.2963476715215922
64,3106.726755800415,,,mixed-phase C-H stretching,"gamma(H11;C1,H10,H12)",oop,0.009475539519058157,+,0.01027709484337192,0.3354005971942054
64,3106.726755800415,,,mixed-phase C-H stretching,nu(C9-H23),bond,0.0069677271512781705,+,0.008736440751056262,0.34128930359837056
64,3106.726755800415,,,mixed-phase C-H stretching,nu(C8-H18),bond,0.0069203150484697,+,0.008706398220062405,0.3413103237507323
64,3106.726755800415,,,mixed-phase C-H stretching,delta(C6-C7-H16),angle,0.004290828342655925,+,0.007040766278904259,0.3235950711183532
64,3106.726755800415,,,mixed-phase C-H stretching,delta(H15-C7-H17),angle,0.00283623651828857,-,-0.006222092123034552,0.2738862211420583
64,3106.726755800415,,,mixed-phase C-H stretching,nu(C2-O3),bond,0.0027995163934357104,-,-0.006004055079909731,0.29033159021092214
64,3106.726755800415,,,mixed-phase C-H stretching,"gamma(H13;C2,O3,H14)",oop,0.002473018104705522,-,-0.006284165849661936,0.23411682864784614
64,3106.726755800415,,,mixed-phase C-H stretching,delta(C7-C6-C9),angle,0.0012464455512190122,-,-0.002347643468276166,0.845492268834399
64,3106.726755800415,,,mixed-phase C-H stretching,delta(C7-C6-C8),angle,0.0009519777844571702,-,-0.002324357801788874,0.6587512652548063
64,3106.726755800415,,,mixed-phase C-H stretching,delta(C2-O3-C4),angle,0.000733140703062398,+,0.0030679306363910674,0.2912036889642517
64,3106.726755800415,,,mixed-phase C-H stretching,delta(C6-C7-H17),angle,0.0006804748879434611,-,-0.0028359613049456452,0.3163094116269633
64,3106.726755800415,,,mixed-phase C-H stretching,nu(C1-C2),bond,0.0006043068537887537,-,-0.002767471670986635,0.2949794525157423
64,3106.726755800415,,,mixed-phase C-H stretching,delta(H16-C7-H17),angle,0.000466567402042036,+,0.0024741507067193237,0.28494609231836865
64,3106.726755800415,,,mixed-phase C-H stretching,delta(H15-C7-H16),angle,0.0004308322168657926,+,0.002445159935288141,0.26939792272256335
64,3106.726755800415,,,mixed-phase C-H stretching,tau(C7-C6-C8-H18),dihedral,0.00039632968301187525,+,0.0029141605126712495,0.17447382206388093
64,3106.726755800415,,,mixed-phase C-H stretching,nu(C4-O5),bond,0.00021818253288887713,+,0.0009922382824702472,0.8284926016642041
64,3106.726755800415,,,mixed-phase C-H stretching,nu(C6-C7),bond,0.00016146864936112879,-,-0.0014843128001692089,0.273992049202674
64,3106.726755800415,,,mixed-phase C-H stretching,delta(C8-C6-C9),angle,0.00014885732992874076,-,-0.000890779944488414,0.7013422090875111
64,3106.726755800415,,,mixed-phase C-H stretching,delta(H21-C9-H23),angle,0.00010156826783160602,-,-0.0011818419972765685,0.2718565628519554
64,3106.726755800415,,,mixed-phase C-H stretching,tau(C8-C6-C7-H17),dihedral,0.00010028681241087963,+,0.0038214507389760107,0.02567366734023094
64,3106.726755800415,,,mixed-phase C-H stretching,delta(C6-C8-H19),angle,9.919227208733268e-05,+,0.0009779863192985062,0.38771525788471284
64,3106.726755800415,,,mixed-phase C-H stretching,delta(C6-C9-H22),angle,7.88681002518639e-05,+,0.0009754032065919852,0.3099086049953738
64,3106.726755800415,,,mixed-phase C-H stretching,nu(O3-C4),bond,6.830705826980148e-05,-,-0.0008265671683691692,0.3737746932579269
64,3106.726755800415,,,mixed-phase C-H stretching,delta(H22-C9-H23),angle,6.531561646436368e-05,+,0.0009559577149224244,0.2672023531774869
64,3106.726755800415,,,mixed-phase C-H stretching,delta(C4-C6-C8),angle,4.956138969933041e-05,+,0.0005616214833316704,0.5874307333618307
64,3106.726755800415,,,mixed-phase C-H stretching,delta(C4-C6-C9),angle,4.784723940609265e-05,+,0.0005607040235277547,0.5689710296933157
64,3106.726755800415,,,mixed-phase C-H stretching,delta(C6-C9-H21),angle,3.3246377139215555e-05,-,-0.0006306571734890698,0.312505928233909
64,3106.726755800415,,,mixed-phase C-H stretching,delta(O3-C4-C6),angle,2.7961248865211024e-05,+,0.00045518893736694007,0.5045146489337415
64,3106.726755800415,,,mixed-phase C-H stretching,delta(C6-C8-H18),angle,1.3761426812767567e-05,-,-0.0004017894277239239,0.318688996065421
64,3106.726755800415,,,mixed-phase C-H stretching,nu(C4-C6),bond,8.092027534566127e-06,+,0.0003453219367076215,0.2536936689040973
64,3106.726755800415,,,mixed-phase C-H stretching,delta(H21-C9-H22),angle,8.07748802940351e-06,+,0.0003292602149652466,0.2785469590691626
64,3106.726755800415,,,mixed-phase C-H stretching,delta(H19-C8-H20),angle,7.379477970261069e-06,+,0.000328061651180148,0.25633937495241976
64,3106.726755800415,,,mixed-phase C-H stretching,nu(C6-C9),bond,4.775132505382376e-06,-,-0.0002607405712040203,0.2625843359756791
64,3106.726755800415,,,mixed-phase C-H stretching,nu(C6-C8),bond,4.735265042910627e-06,-,-0.00025963464617204904,0.2626150526130056
64,3106.726755800415,,,mixed-phase C-H stretching,tau(C9-C6-C8-H20),dihedral,1.129035048752052e-06,+,0.00015447435959492245,0.1768867206031556
64,3106.726755800415,,,mixed-phase C-H stretching,delta(O3-C4-O5),angle,5.194511046462803e-07,+,5.68459900153734e-05,0.6009600723599223
64,3106.726755800415,,,mixed-phase C-H stretching,"gamma(H18;C8,H19,H20)",oop,3.0916233224229953e-07,+,7.120971836078557e-05,0.2279337585365519
64,3106.726755800415,,,mixed-phase C-H stretching,tau(H10-C1-C2-O3),dihedral,5.7204438589601815e-08,+,2.8695591899036825e-05,0.25971675406989986
64,3106.726755800415,,,mixed-phase C-H stretching,tau(C2-O3-C4-C6),dihedral,1.420937210674022e-09,-,-1.1345190462267796e-05,0.041271658217058235
64,3106.726755800415,,,mixed-phase C-H stretching,tau(O3-C4-C6-C7),dihedral,7.572243248571377e-10,-,-1.4301927130698874e-05,0.013839998659108788
64,3106.726755800415,,,mixed-phase C-H stretching,tau(C1-C2-O3-C4),dihedral,3.463634841951074e-10,+,1.2076531568753461e-05,0.008878677288367255
64,3106.726755800415,,,mixed-phase C-H stretching,tau(C4-C6-C9-H22),dihedral,1.1201381423862598e-10,-,-4.017310969230212e-06,0.02594784517579504
64,3106.726755800415,,,mixed-phase C-H stretching,"gamma(O3;C4,O5,C6)",oop,4.566626689152242e-13,+,1.1862044452330575e-07,0.12133246739127751
65,3115.4888858360505,,,mixed-phase C-H stretching,nu(C9-H23),bond,26.077053794614752,+,0.5354131493931656,0.34128930359837056
65,3115.4888858360505,,,mixed-phase C-H stretching,nu(C8-H18),bond,25.1744541500444,-,-0.5260492782303029,0.3413103237507323
65,3115.4888858360505,,,mixed-phase C-H stretching,nu(C7-H17),bond,18.1670707113417,+,0.44800279012545,0.339598442129758
65,3115.4888858360505,,,mixed-phase C-H stretching,nu(C7-H15),bond,17.981754153704962,-,-0.44572245942100347,0.3395824516930801
65,3115.4888858360505,,,mixed-phase C-H stretching,nu(C9-H22),bond,3.4446760381739194,-,-0.19657782477514923,0.33444257153457424
65,3115.4888858360505,,,mixed-phase C-H stretching,nu(C8-H19),bond,3.3175737818371402,+,0.19291403665494083,0.3344530442205115
65,3115.4888858360505,,,mixed-phase C-H stretching,nu(C9-H21),bond,2.4941885353016526,-,-0.16725214667667104,0.3345246288966813
65,3115.4888858360505,,,mixed-phase C-H stretching,nu(C8-H20),bond,2.4052285869265106,+,0.16424138183883785,0.3345287105692625
65,3115.4888858360505,,,mixed-phase C-H stretching,nu(C1-H12),bond,0.20014932226505655,+,0.04711704435071332,0.3382519160366286
65,3115.4888858360505,,,mixed-phase C-H stretching,nu(C1-H11),bond,0.1993194889609908,-,-0.047019015003990236,0.33825555025336085
65,3115.4888858360505,,,mixed-phase C-H stretching,tau(C9-C6-C8-H20),dihedral,0.05348276472377588,-,-0.033680646535877976,0.1768867206031556
65,3115.4888858360505,,,mixed-phase C-H stretching,delta(C6-C8-H18),angle,0.053285254521948815,+,0.02504615698593239,0.318688996065421
65,3115.4888858360505,,,mixed-phase C-H stretching,delta(C6-C7-H17),angle,0.05266999296858541,-,-0.02499462832779674,0.3163094116269633
65,3115.4888858360505,,,mixed-phase C-H stretching,nu(C2-H13),bond,0.049859042288203176,-,-0.0236422477781704,0.33466371155807756
65,3115.4888858360505,,,mixed-phase C-H stretching,nu(C2-H14),bond,0.049525304535645846,+,0.02356253644987275,0.33467655984368183
65,3115.4888858360505,,,mixed-phase C-H stretching,delta(H16-C7-H17),angle,0.03652591956819083,-,-0.02193008608953514,0.28494609231836865
65,3115.4888858360505,,,mixed-phase C-H stretching,delta(H15-C7-H16),angle,0.034741866069821374,+,0.021996346871253503,0.26939792272256335
65,3115.4888858360505,,,mixed-phase C-H stretching,delta(H21-C9-H22),angle,0.03390404782078403,+,0.021369663093634115,0.2785469590691626
65,3115.4888858360505,,,mixed-phase C-H stretching,delta(H19-C8-H20),angle,0.030070466941282754,-,-0.020978939744948806,0.25633937495241976
65,3115.4888858360505,,,mixed-phase C-H stretching,delta(C6-C8-H19),angle,0.025876593959200608,-,-0.015824070879639943,0.38771525788471284
65,3115.4888858360505,,,mixed-phase C-H stretching,delta(C6-C9-H22),angle,0.0213724108587343,+,0.016085369800917366,0.3099086049953738
65,3115.4888858360505,,,mixed-phase C-H stretching,delta(C6-C9-H21),angle,0.019071546307612604,+,0.015131602823138728,0.312505928233909
65,3115.4888858360505,,,mixed-phase C-H stretching,"gamma(H18;C8,H19,H20)",oop,0.015094832296096086,-,-0.01576271162598623,0.2279337585365519
65,3115.4888858360505,,,mixed-phase C-H stretching,delta(H21-C9-H23),angle,0.014269728486201007,-,-0.01403327559095436,0.2718565628519554
65,3115.4888858360505,,,mixed-phase C-H stretching,delta(C4-C6-C9),angle,0.011351315987942808,+,0.008651653943062537,0.5689710296933157
65,3115.4888858360505,,,mixed-phase C-H stretching,delta(C4-C6-C8),angle,0.011322658733086395,-,-0.008503877331385811,0.5874307333618307
65,3115.4888858360505,,,mixed-phase C-H stretching,delta(H22-C9-H23),angle,0.01120675297770422,-,-0.012544139367366513,0.2672023531774869
65,3115.4888858360505,,,mixed-phase C-H stretching,tau(C7-C6-C8-H18),dihedral,0.0032606263728740844,-,-0.00837348971287961,0.17447382206388093
65,3115.4888858360505,,,mixed-phase C-H stretching,tau(C4-C6-C9-H22),dihedral,0.0021243363828708493,+,0.017525971645931882,0.02594784517579504
65,3115.4888858360505,,,mixed-phase C-H stretching,nu(C6-C9),bond,0.0018250807917013522,-,-0.005106551892792217,0.2625843359756791
65,3115.4888858360505,,,mixed-phase C-H stretching,nu(C6-C8),bond,0.0017659469506033938,+,0.005022849076843677,0.2626150526130056
65,3115.4888858360505,,,mixed-phase C-H stretching,tau(O3-C4-C6-C7),dihedral,0.001358390090868868,+,0.019189574212557597,0.013839998659108788
65,3115.4888858360505,,,mixed-phase C-H stretching,tau(H10-C1-C2-O3),dihedral,0.0008155981549019216,-,-0.00343248971181792,0.25971675406989986
65,3115.4888858360505,,,mixed-phase C-H stretching,tau(C8-C6-C7-H17),dihedral,0.0007604714778728615,-,-0.010541893401080252,0.02567366734023094
65,3115.4888858360505,,,mixed-phase C-H stretching,delta(H10-C1-H12),angle,0.0006660264281343952,-,-0.0023592950290807985,0.44892023061146324
65,3115.4888858360505,,,mixed-phase C-H stretching,tau(H12-C1-C2-H13),dihedral,0.0005005302602698094,+,0.002126234083924152,0.4153846152199703
65,3115.4888858360505,,,mixed-phase C-H stretching,tau(H11-C1-C2-H13),dihedral,0.0004527421140182868,+,0.002134860101674262,0.37269560643401184
65,3115.4888858360505,,,mixed-phase C-H stretching,delta(C2-C1-H11),angle,0.00030500013407369544,+,0.0016244612203395905,0.4336342271090426
65,3115.4888858360505,,,mixed-phase C-H stretching,delta(C7-C6-C9),angle,0.0002884706997199278,-,-0.001131402525192783,0.845492268834399
65,3115.4888858360505,,,mixed-phase C-H stretching,tau(H11-C1-C2-H14),dihedral,0.0002579006181160311,+,0.002138371826469657,0.21160608660854546
65,3115.4888858360505,,,mixed-phase C-H stretching,nu(C7-H16),bond,0.00018918739961484325,-,-0.0014552297339367583,0.33517476100026466
65,3115.4888858360505,,,mixed-phase C-H stretching,"gamma(H11;C1,H10,H12)",oop,0.0001334195294657529,+,0.001221655899766536,0.3354005971942054
65,3115.4888858360505,,,mixed-phase C-H stretching,delta(C7-C6-C8),angle,0.00010739035578779826,+,0.0007820653049252774,0.6587512652548063
65,3115.4888858360505,,,mixed-phase C-H stretching,"gamma(H13;C2,O3,H14)",oop,4.3586878747356164e-05,+,0.0008357621117059499,0.23411682864784614
65,3115.4888858360505,,,mixed-phase C-H stretching,delta(C1-C2-H14),angle,2.2617445094413976e-05,+,0.0005351088366390916,0.2963476715215922
65,3115.4888858360505,,,mixed-phase C-H stretching,tau(C2-O3-C4-C6),dihedral,1.3087857046240975e-05,+,0.001090760550129378,0.041271658217058235
65,3115.4888858360505,,,mixed-phase C-H stretching,delta(C8-C6-C9),angle,3.756469220282372e-06,+,0.00014175749786785684,0.7013422090875111
65,3115.4888858360505,,,mixed-phase C-H stretching,tau(C1-C2-O3-C4),dihedral,2.3395813408491333e-06,-,-0.0009942968169269644,0.008878677288367255
65,3115.4888858360505,,,mixed-phase C-H stretching,"gamma(O3;C4,O5,C6)",oop,1.9696441503104143e-06,+,0.00024678938782502743,0.12133246739127751
65,3115.4888858360505,,,mixed-phase C-H stretching,nu(C1-H10),bond,9.444609902239108e-07,-,-0.00010254436452109522,0.33697885380249765
65,3115.4888858360505,,,mixed-phase C-H stretching,delta(C6-C7-H16),angle,8.069187185860984e-07,+,9.67241799173729e-05,0.3235950711183532
65,3115.4888858360505,,,mixed-phase C-H stretching,delta(H15-C7-H17),angle,5.544933464617716e-07,-,-8.715337058348784e-05,0.2738862211420583
65,3115.4888858360505,,,mixed-phase C-H stretching,nu(C6-C7),bond,1.3826831176246004e-07,-,-4.351244225710532e-05,0.273992049202674
65,3115.4888858360505,,,mixed-phase C-H stretching,nu(C4-C6),bond,5.9614898065740644e-09,+,9.38952663734037e-06,0.2536936689040973
65,3115.4888858360505,,,mixed-phase C-H stretching,nu(C4-O5),bond,4.887300636025343e-09,-,-4.704476682146578e-06,0.8284926016642041
65,3115.4888858360505,,,mixed-phase C-H stretching,nu(O3-C4),bond,3.981953884615271e-09,+,6.32214243824738e-06,0.3737746932579269
65,3115.4888858360505,,,mixed-phase C-H stretching,nu(C2-O3),bond,1.2264504752502672e-09,+,3.981062278615111e-06,0.29033159021092214
65,3115.4888858360505,,,mixed-phase C-H stretching,delta(C2-C1-H10),angle,1.18673437146805e-09,+,3.435307984636114e-06,0.3772805214315562
65,3115.4888858360505,,,mixed-phase C-H stretching,delta(C2-O3-C4),angle,5.717585668187991e-10,-,-2.7141198055774822e-06,0.2912036889642517
65,3115.4888858360505,,,mixed-phase C-H stretching,nu(C1-C2),bond,1.2686551130762094e-10,+,1.270272846239361e-06,0.2949794525157423
65,3115.4888858360505,,,mixed-phase C-H stretching,delta(O3-C4-C6),angle,4.8170927335572006e-11,+,5.985173208050719e-07,0.5045146489337415
65,3115.4888858360505,,,mixed-phase C-H stretching,delta(C1-C2-O3),angle,1.3607061899150706e-11,+,3.465809037337402e-07,0.4250082114162513
65,3115.4888858360505,,,mixed-phase C-H stretching,delta(O3-C4-O5),angle,1.8929118644819313e-12,+,1.0870849856761647e-07,0.6009600723599223
66,3117.102195030592,,,mixed-phase C-H stretching,nu(C7-H17),bond,31.126184900220828,-,-0.5874411128664899,0.339598442129758
66,3117.102195030592,,,mixed-phase C-H stretching,nu(C7-H15),bond,30.905751198003312,+,0.585371087926917,0.3395824516930801
66,3117.102195030592,,,mixed-phase C-H stretching,nu(C9-H23),bond,14.944361115408425,+,0.4060332264478338,0.34128930359837056
66,3117.102195030592,,,mixed-phase C-H stretching,nu(C8-H18),bond,14.11999200407276,-,-0.394663305605595,0.3413103237507323
66,3117.102195030592,,,mixed-phase C-H stretching,nu(C9-H21),bond,2.8797026065216484,-,-0.18002963751650142,0.3345246288966813
66,3117.102195030592,,,mixed-phase C-H stretching,nu(C8-H20),bond,2.7445185184549294,+,0.1757521395026046,0.3345287105692625
66,3117.102195030592,,,mixed-phase C-H stretching,nu(C9-H22),bond,1.1511590450254578,-,-0.11383901365094536,0.33444257153457424
66,3117.102195030592,,,mixed-phase C-H stretching,nu(C8-H19),bond,1.0772027123314363,+,0.11011979103228021,0.3344530442205115
66,3117.102195030592,,,mixed-phase C-H stretching,delta(C7-C6-C9),angle,0.24880006078760739,-,-0.03328546717103871,0.845492268834399
66,3117.102195030592,,,mixed-phase C-H stretching,delta(C7-C6-C8),angle,0.1903344528168465,+,0.03298239654492751,0.6587512652548063
66,3117.102195030592,,,mixed-phase C-H stretching,nu(C1-H11),bond,0.10069600863403796,+,0.03347864703235772,0.33825555025336085
66,3117.102195030592,,,mixed-phase C-H stretching,nu(C1-H12),bond,0.09938724099434955,-,-0.03326054956231682,0.3382519160366286
66,3117.102195030592,,,mixed-phase C-H stretching,delta(C6-C7-H17),angle,0.08506748230648627,+,0.03182071754931789,0.3163094116269633
66,3117.102195030592,,,mixed-phase C-H stretching,delta(H16-C7-H17),angle,0.05896193339415605,+,0.027911857630539116,0.28494609231836865
66,3117.102195030592,,,mixed-phase C-H stretching,delta(H15-C7-H16),angle,0.0559157828036351,-,-0.027954666753284403,0.26939792272256335
66,3117.102195030592,,,mixed-phase C-H stretching,delta(C6-C8-H18),angle,0.030894805376391412,+,0.019104841276303727,0.318688996065421
66,3117.102195030592,,,mixed-phase C-H stretching,tau(C9-C6-C8-H20),dihedral,0.025177637897381627,-,-0.023149633115425956,0.1768867206031556
66,3117.102195030592,,,mixed-phase C-H stretching,nu(C2-H14),bond,0.021759704357168872,-,-0.01564581112649543,0.33467655984368183
66,3117.102195030592,,,mixed-phase C-H stretching,nu(C2-H13),bond,0.021308790011809606,+,0.015483149930935141,0.33466371155807756
66,3117.102195030592,,,mixed-phase C-H stretching,delta(H21-C9-H22),angle,0.019873984711989416,+,0.016389945181520215,0.2785469590691626
66,3117.102195030592,,,mixed-phase C-H stretching,delta(H19-C8-H20),angle,0.017256151233475354,-,-0.015920200931289024,0.25633937495241976
66,3117.102195030592,,,mixed-phase C-H stretching,delta(C6-C9-H21),angle,0.01303827007875547,+,0.012533290107882651,0.312505928233909
66,3117.102195030592,,,mixed-phase C-H stretching,delta(H22-C9-H23),angle,0.009367455478570747,-,-0.011488806520182674,0.2672023531774869
66,3117.102195030592,,,mixed-phase C-H stretching,delta(C6-C8-H19),angle,0.009328569122317346,-,-0.00951777221753162,0.38771525788471284
66,3117.102195030592,,,mixed-phase C-H stretching,delta(C6-C9-H22),angle,0.007924972588203414,+,0.009812197992127732,0.3099086049953738
66,3117.102195030592,,,mixed-phase C-H stretching,"gamma(H18;C8,H19,H20)",oop,0.00651902113446339,-,-0.010376982985611892,0.2279337585365519
66,3117.102195030592,,,mixed-phase C-H stretching,delta(C4-C6-C9),angle,0.005220871829898705,+,0.0058777441093514566,0.5689710296933157
66,3117.102195030592,,,mixed-phase C-H stretching,tau(C7-C6-C8-H18),dihedral,0.00510478096249751,+,0.010495609274514348,0.17447382206388093
66,3117.102195030592,,,mixed-phase C-H stretching,delta(C4-C6-C8),angle,0.005100126783092495,-,-0.005717371205327072,0.5874307333618307
66,3117.102195030592,,,mixed-phase C-H stretching,delta(H21-C9-H23),angle,0.0037730088419662814,-,-0.0072286672993136705,0.2718565628519554
66,3117.102195030592,,,mixed-phase C-H stretching,tau(O3-C4-C6-C7),dihedral,0.002302334334777836,-,-0.025026516720939994,0.013839998659108788
66,3117.102195030592,,,mixed-phase C-H stretching,nu(C6-C9),bond,0.0019449535299877853,-,-0.005280857433521405,0.2625843359756791
66,3117.102195030592,,,mixed-phase C-H stretching,nu(C6-C8),bond,0.0018757642541248057,+,0.005185773643170187,0.2626150526130056
66,3117.102195030592,,,mixed-phase C-H stretching,tau(C4-C6-C9-H22),dihedral,0.001447156084679644,+,0.014490763704056612,0.02594784517579504
66,3117.102195030592,,,mixed-phase C-H stretching,tau(C8-C6-C7-H17),dihedral,0.001106108266420127,+,0.01273617741850087,0.02567366734023094
66,3117.102195030592,,,mixed-phase C-H stretching,tau(H10-C1-C2-O3),dihedral,0.0004217800728097616,+,0.00247273332355668,0.25971675406989986
66,3117.102195030592,,,mixed-phase C-H stretching,delta(H10-C1-H12),angle,0.00033851757503304764,+,0.0016849625706525252,0.44892023061146324
66,3117.102195030592,,,mixed-phase C-H stretching,tau(H12-C1-C2-H13),dihedral,0.00019688925670678797,-,-0.0013358879798644756,0.4153846152199703
66,3117.102195030592,,,mixed-phase C-H stretching,delta(C2-C1-H11),angle,0.0001784237778694511,-,-0.001244654530862216,0.4336342271090426
66,3117.102195030592,,,mixed-phase C-H stretching,tau(H11-C1-C2-H13),dihedral,0.00017215916894346207,-,-0.0013187794720239128,0.37269560643401184
66,3117.102195030592,,,mixed-phase C-H stretching,tau(H11-C1-C2-H14),dihedral,9.713117399439444e-05,-,-0.0013146177060221768,0.21160608660854546
66,3117.102195030592,,,mixed-phase C-H stretching,nu(C7-H16),bond,9.589380108859346e-05,+,0.0010378721271390248,0.33517476100026466
66,3117.102195030592,,,mixed-phase C-H stretching,"gamma(H11;C1,H10,H12)",oop,6.78453310198448e-05,-,-0.0008726946291779126,0.3354005971942054
66,3117.102195030592,,,mixed-phase C-H stretching,"gamma(O3;C4,O5,C6)",oop,2.5287504239565348e-05,+,0.0008858265762494128,0.12133246739127751
66,3117.102195030592,,,mixed-phase C-H stretching,"gamma(H13;C2,O3,H14)",oop,1.6450472551763263e-05,-,-0.0005143480631599124,0.23411682864784614
66,3117.102195030592,,,mixed-phase C-H stretching,delta(C1-C2-H14),angle,1.5572879232083467e-05,-,-0.0004448032320862933,0.2963476715215922
66,3117.102195030592,,,mixed-phase C-H stretching,delta(C8-C6-C9),angle,6.9382146441531724e-06,+,0.00019299369152574436,0.7013422090875111
66,3117.102195030592,,,mixed-phase C-H stretching,nu(C1-H10),bond,3.213117055082621e-06,-,-0.00018947249997220667,0.33697885380249765
66,3117.102195030592,,,mixed-phase C-H stretching,tau(C1-C2-O3-C4),dihedral,2.7760060584969944e-06,+,0.001084976434228794,0.008878677288367255
66,3117.102195030592,,,mixed-phase C-H stretching,delta(C6-C7-H16),angle,7.116371418048215e-07,-,-9.099396519809116e-05,0.3235950711183532
66,3117.102195030592,,,mixed-phase C-H stretching,delta(H15-C7-H17),angle,5.156864363124784e-07,+,8.41961044908168e-05,0.2738862211420583
66,3117.102195030592,,,mixed-phase C-H stretching,tau(C2-O3-C4-C6),dihedral,2.7319038844887813e-07,-,-0.00015786686505057563,0.041271658217058235
66,3117.102195030592,,,mixed-phase C-H stretching,nu(C4-O5),bond,4.761275818640269e-08,-,-1.4709624592916444e-05,0.8284926016642041
66,3117.102195030592,,,mixed-phase C-H stretching,nu(O3-C4),bond,1.8668470622837067e-08,+,1.3713037371512324e-05,0.3737746932579269
66,3117.102195030592,,,mixed-phase C-H stretching,nu(C6-C7),bond,8.718523325099241e-09,+,1.0945528162650604e-05,0.273992049202674
66,3117.102195030592,,,mixed-phase C-H stretching,delta(C2-C1-H10),angle,5.979484645386302e-09,+,7.724740906436034e-06,0.3772805214315562
66,3117.102195030592,,,mixed-phase C-H stretching,delta(C2-O3-C4),angle,3.9758637487880074e-09,-,-7.169709284858375e-06,0.2912036889642517
66,3117.102195030592,,,mixed-phase C-H stretching,nu(C2-O3),bond,3.5214257424895646e-09,+,6.757660308486928e-06,0.29033159021092214
66,3117.102195030592,,,mixed-phase C-H stretching,nu(C4-C6),bond,2.7459060781359965e-09,+,6.383696933657128e-06,0.2536936689040973
66,3117.102195030592,,,mixed-phase C-H stretching,delta(O3-C4-C6),angle,5.870842825939535e-10,-,-2.093136603806265e-06,0.5045146489337415
66,3117.102195030592,,,mixed-phase C-H stretching,nu(C1-C2),bond,5.121161278141407e-10,+,2.5566576642932095e-06,0.2949794525157423
66,3117.102195030592,,,mixed-phase C-H stretching,delta(C1-C2-O3),angle,1.5908146500265806e-10,+,1.187122035598152e-06,0.4250082114162513
66,3117.102195030592,,,mixed-phase C-H stretching,delta(O3-C4-O5),angle,1.5973461197602193e-13,+,3.163449765377543e-08,0.6009600723599223
67,3118.036378541359,,,mixed-phase C-H stretching,nu(C1-H11),bond,38.112817972184374,-,-0.6489952740134352,0.33825555025336085
67,3118.036378541359,,,mixed-phase C-H stretching,nu(C1-H12),bond,38.043906666587304,+,0.648411771753874,0.3382519160366286
67,3118.036378541359,,,mixed-phase C-H stretching,nu(C2-H14),bond,11.243020210277749,+,0.3543703008038473,0.33467655984368183
67,3118.036378541359,,,mixed-phase C-H stretching,nu(C2-H13),bond,11.21638458344718,-,-0.3539570801998264,0.33466371155807756
67,3118.036378541359,,,mixed-phase C-H stretching,nu(C7-H17),bond,0.33306587622890893,-,-0.0605495186512233,0.339598442129758
67,3118.036378541359,,,mixed-phase C-H stretching,nu(C7-H15),bond,0.33075864387343923,+,0.0603408538338732,0.3395824516930801
67,3118.036378541359,,,mixed-phase C-H stretching,tau(H10-C1-C2-O3),dihedral,0.17105937140264568,-,-0.04961944728570042,0.25971675406989986
67,3118.036378541359,,,mixed-phase C-H stretching,delta(H10-C1-H12),angle,0.12997976866803082,-,-0.0328989290594142,0.44892023061146324
67,3118.036378541359,,,mixed-phase C-H stretching,tau(H12-C1-C2-H13),dihedral,0.09402412569362555,+,0.029088606575747813,0.4153846152199703
67,3118.036378541359,,,mixed-phase C-H stretching,tau(H11-C1-C2-H13),dihedral,0.08410877164319397,+,0.02904503996187085,0.37269560643401184
67,3118.036378541359,,,mixed-phase C-H stretching,delta(C2-C1-H11),angle,0.05336817755243627,+,0.021449040974544573,0.4336342271090426
67,3118.036378541359,,,mixed-phase C-H stretching,tau(H11-C1-C2-H14),dihedral,0.047750489105830095,+,0.02904379107970306,0.21160608660854546
67,3118.036378541359,,,mixed-phase C-H stretching,nu(C9-H23),bond,0.03230332626114876,-,-0.018810084778023407,0.34128930359837056
67,3118.036378541359,,,mixed-phase C-H stretching,nu(C8-H18),bond,0.030817025069730983,+,0.018371690190210774,0.3413103237507323
67,3118.036378541359,,,mixed-phase C-H stretching,"gamma(H11;C1,H10,H12)",oop,0.026026564795932947,+,0.017031581572107633,0.3354005971942054
67,3118.036378541359,,,mixed-phase C-H stretching,nu(C9-H22),bond,0.01465969422248497,+,0.012800594746374922,0.33444257153457424
67,3118.036378541359,,,mixed-phase C-H stretching,nu(C8-H19),bond,0.014264703227617456,-,-0.012626769814787634,0.3344530442205115
67,3118.036378541359,,,mixed-phase C-H stretching,"gamma(H13;C2,O3,H14)",oop,0.009124949481541062,+,0.012070559127471124,0.23411682864784614
67,3118.036378541359,,,mixed-phase C-H stretching,tau(C2-O3-C4-C6),dihedral,0.003722607945891355,+,0.018362261183937734,0.041271658217058235
67,3118.036378541359,,,mixed-phase C-H stretching,delta(C1-C2-H14),angle,0.002803697722571257,+,0.005946936544442,0.2963476715215922
67,3118.036378541359,,,mixed-phase C-H stretching,nu(C8-H20),bond,0.0009414387957974308,+,0.0032434545527309237,0.3345287105692625
67,3118.036378541359,,,mixed-phase C-H stretching,delta(C6-C7-H17),angle,0.0008921198834119218,+,0.0032470129594008713,0.3163094116269633
67,3118.036378541359,,,mixed-phase C-H stretching,nu(C9-H21),bond,0.0008638738887669896,-,-0.0031069881332609424,0.3345246288966813
67,3118.036378541359,,,mixed-phase C-H stretching,delta(H16-C7-H17),angle,0.0006571388958755435,+,0.0029361328616046584,0.28494609231836865
67,3118.036378541359,,,mixed-phase C-H stretching,delta(H15-C7-H16),angle,0.0006235453802229928,-,-0.0029414764880046932,0.26939792272256335
67,3118.036378541359,,,mixed-phase C-H stretching,tau(C1-C2-O3-C4),dihedral,0.0005570621968006686,-,-0.01531461833204908,0.008878677288367255
67,3118.036378541359,,,mixed-phase C-H stretching,delta(C7-C6-C9),angle,0.0005012339321729599,-,-0.0014886543856336288,0.845492268834399
67,3118.036378541359,,,mixed-phase C-H stretching,delta(C7-C6-C8),angle,0.00040036943325233464,+,0.0015072947799667522,0.6587512652548063
67,3118.036378541359,,,mixed-phase C-H stretching,delta(C6-C8-H19),angle,9.391608940730911e-05,+,0.0009515728093335321,0.38771525788471284
67,3118.036378541359,,,mixed-phase C-H stretching,tau(C9-C6-C8-H20),dihedral,9.357876366604323e-05,+,0.0014062725709581196,0.1768867206031556
67,3118.036378541359,,,mixed-phase C-H stretching,delta(C6-C9-H22),angle,7.70086877319552e-05,-,-0.0009637879974782216,0.3099086049953738
67,3118.036378541359,,,mixed-phase C-H stretching,delta(C6-C8-H18),angle,5.479136392005023e-05,-,-0.0008016798933373512,0.318688996065421
67,3118.036378541359,,,mixed-phase C-H stretching,delta(H21-C9-H23),angle,4.3140039630240926e-05,+,0.0007701916903285832,0.2718565628519554
67,3118.036378541359,,,mixed-phase C-H stretching,tau(C7-C6-C8-H18),dihedral,4.2019378765718577e-05,+,0.0009488294278849638,0.17447382206388093
67,3118.036378541359,,,mixed-phase C-H stretching,delta(H21-C9-H22),angle,2.8894073244535032e-05,-,-0.0006227068505819226,0.2785469590691626
67,3118.036378541359,,,mixed-phase C-H stretching,"gamma(H18;C8,H19,H20)",oop,2.7815884198749e-05,+,0.0006754148088141559,0.2279337585365519
67,3118.036378541359,,,mixed-phase C-H stretching,delta(H19-C8-H20),angle,2.5019050969603743e-05,+,0.0006040268234697696,0.25633937495241976
67,3118.036378541359,,,mixed-phase C-H stretching,delta(C4-C6-C9),angle,2.473645053400392e-05,-,-0.0004031364654934385,0.5689710296933157
67,3118.036378541359,,,mixed-phase C-H stretching,delta(C4-C6-C8),angle,2.4637381166875967e-05,+,0.00039595643806391185,0.5874307333618307
67,3118.036378541359,,,mixed-phase C-H stretching,tau(O3-C4-C6-C7),dihedral,2.160756181626858e-05,-,-0.002415813076392893,0.013839998659108788
67,3118.036378541359,,,mixed-phase C-H stretching,nu(C1-H10),bond,1.6693127020063634e-05,+,0.00043032442218537086,0.33697885380249765
67,3118.036378541359,,,mixed-phase C-H stretching,tau(C8-C6-C7-H17),dihedral,9.63786411307147e-06,+,0.0011846086900640898,0.02567366734023094
67,3118.036378541359,,,mixed-phase C-H stretching,delta(C6-C9-H21),angle,5.627408695655421e-06,-,-0.00025944993615619806,0.312505928233909
67,3118.036378541359,,,mixed-phase C-H stretching,delta(H22-C9-H23),angle,4.0190273372669e-06,+,0.0002371203408176342,0.2672023531774869
67,3118.036378541359,,,mixed-phase C-H stretching,nu(C7-H16),bond,1.2737928951241724e-06,+,0.00011919066053206482,0.33517476100026466
67,3118.036378541359,,,mixed-phase C-H stretching,tau(C4-C6-C9-H22),dihedral,9.82567994536223e-07,-,-0.00037623494222764717,0.02594784517579504
67,3118.036378541359,,,mixed-phase C-H stretching,nu(C6-C9),bond,2.48581173104817e-07,+,5.948783706144311e-05,0.2625843359756791
67,3118.036378541359,,,mixed-phase C-H stretching,nu(C6-C8),bond,2.1557920510924002e-07,-,-5.539519494514434e-05,0.2626150526130056
67,3118.036378541359,,,mixed-phase C-H stretching,delta(C2-C1-H10),angle,4.543426257718867e-08,-,-2.121719753004471e-05,0.3772805214315562
67,3118.036378541359,,,mixed-phase C-H stretching,"gamma(O3;C4,O5,C6)",oop,3.225450407233424e-08,+,3.152355145537146e-05,0.12133246739127751
67,3118.036378541359,,,mixed-phase C-H stretching,delta(C2-O3-C4),angle,1.1043451685025316e-08,+,1.190645435121179e-05,0.2912036889642517
67,3118.036378541359,,,mixed-phase C-H stretching,nu(C2-O3),bond,9.584323407869876e-09,-,-1.1108669682758193e-05,0.29033159021092214
67,3118.036378541359,,,mixed-phase C-H stretching,delta(C8-C6-C9),angle,8.019387607437568e-09,-,-6.5378369259423575e-06,0.7013422090875111
67,3118.036378541359,,,mixed-phase C-H stretching,delta(C6-C7-H16),angle,6.5826908112509285e-09,-,-8.720256288774599e-06,0.3235950711183532
67,3118.036378541359,,,mixed-phase C-H stretching,delta(C1-C2-O3),angle,5.801752608582036e-09,-,-7.14347307721941e-06,0.4250082114162513
67,3118.036378541359,,,mixed-phase C-H stretching,delta(H15-C7-H17),angle,4.713348588871071e-09,+,8.020624007232704e-06,0.2738862211420583
67,3118.036378541359,,,mixed-phase C-H stretching,nu(C1-C2),bond,4.3807191597496084e-09,-,-7.450840956057843e-06,0.2949794525157423
67,3118.036378541359,,,mixed-phase C-H stretching,nu(C6-C7),bond,9.775609286745555e-10,+,3.6520053665890967e-06,0.273992049202674
67,3118.036378541359,,,mixed-phase C-H stretching,nu(C4-O5),bond,4.68933803730161e-10,+,1.4545877395270905e-06,0.8284926016642041
67,3118.036378541359,,,mixed-phase C-H stretching,nu(O3-C4),bond,1.939877857653981e-10,-,-1.3928704207675024e-06,0.3737746932579269
67,3118.036378541359,,,mixed-phase C-H stretching,nu(C4-C6),bond,3.7051590060689625e-11,-,-7.388853915133848e-07,0.2536936689040973
67,3118.036378541359,,,mixed-phase C-H stretching,delta(O3-C4-C6),angle,3.326854236973509e-11,+,4.96487668053624e-07,0.5045146489337415
67,3118.036378541359,,,mixed-phase C-H stretching,delta(O3-C4-O5),angle,3.309000429411615e-12,-,-1.4346767891328492e-07,0.6009600723599223
68,3119.884068678722,,,mixed-phase C-H stretching,nu(C8-H18),bond,41.25755463992635,+,0.6741353328830507,0.3413103237507323
68,3119.884068678722,,,mixed-phase C-H stretching,nu(C9-H23),bond,39.500829278695726,+,0.6596473600597741,0.34128930359837056
68,3119.884068678722,,,mixed-phase C-H stretching,nu(C8-H19),bond,5.020487173884596,-,-0.23756114781439172,0.3344530442205115
68,3119.884068678722,,,mixed-phase C-H stretching,nu(C9-H22),bond,4.821191125833453,-,-0.2328018664553218,0.33444257153457424
68,3119.884068678722,,,mixed-phase C-H stretching,nu(C8-H20),bond,4.42643618900428,-,-0.22303882388006657,0.3345287105692625
68,3119.884068678722,,,mixed-phase C-H stretching,nu(C9-H21),bond,4.227259517236738,-,-0.21796435023098568,0.3345246288966813
68,3119.884068678722,,,mixed-phase C-H stretching,delta(C7-C6-C9),angle,0.09426750770301902,-,-0.020473696112467514,0.845492268834399
68,3119.884068678722,,,mixed-phase C-H stretching,delta(C8-C6-C9),angle,0.08393367303196449,+,0.021211588170216965,0.7013422090875111
68,3119.884068678722,,,mixed-phase C-H stretching,delta(C7-C6-C8),angle,0.07763946980205037,-,-0.021049927770307335,0.6587512652548063
68,3119.884068678722,,,mixed-phase C-H stretching,delta(C6-C8-H18),angle,0.0771960599896787,-,-0.030177558056077317,0.318688996065421
68,3119.884068678722,,,mixed-phase C-H stretching,nu(C7-H16),bond,0.05611808287782281,-,-0.02508914257776124,0.33517476100026466
68,3119.884068678722,,,mixed-phase C-H stretching,delta(H21-C9-H22),angle,0.053101114486110816,+,0.026771497699681856,0.2785469590691626
68,3119.884068678722,,,mixed-phase C-H stretching,delta(H19-C8-H20),angle,0.050984725176929716,+,0.02734528420827365,0.25633937495241976
68,3119.884068678722,,,mixed-phase C-H stretching,delta(C6-C8-H19),angle,0.03547231678436337,+,0.018546347449666812,0.38771525788471284
68,3119.884068678722,,,mixed-phase C-H stretching,delta(C6-C9-H21),angle,0.02852567164555012,+,0.018525027865128017,0.312505928233909
68,3119.884068678722,,,mixed-phase C-H stretching,delta(C6-C9-H22),angle,0.027125736271839555,+,0.018140281019133155,0.3099086049953738
68,3119.884068678722,,,mixed-phase C-H stretching,"gamma(H18;C8,H19,H20)",oop,0.025550636717351458,+,0.020528943445352596,0.2279337585365519
68,3119.884068678722,,,mixed-phase C-H stretching,delta(H21-C9-H23),angle,0.022544152029837554,-,-0.017657007523658123,0.2718565628519554
68,3119.884068678722,,,mixed-phase C-H stretching,delta(H22-C9-H23),angle,0.0173888320489863,-,-0.015641742346053814,0.2672023531774869
68,3119.884068678722,,,mixed-phase C-H stretching,nu(C1-H10),bond,0.01676421614788706,-,-0.01367603999372914,0.33697885380249765
68,3119.884068678722,,,mixed-phase C-H stretching,delta(C4-C6-C8),angle,0.01569249687516579,+,0.010021615910999628,0.5874307333618307
68,3119.884068678722,,,mixed-phase C-H stretching,delta(C4-C6-C9),angle,0.01451898247543708,+,0.009794743653768936,0.5689710296933157
68,3119.884068678722,,,mixed-phase C-H stretching,nu(C7-H17),bond,0.013377151036819551,+,0.01216939621708434,0.339598442129758
68,3119.884068678722,,,mixed-phase C-H stretching,nu(C7-H15),bond,0.006636813842932742,+,0.00857190321962671,0.3395824516930801
68,3119.884068678722,,,mixed-phase C-H stretching,nu(C1-H12),bond,0.005282127333223175,+,0.007662215478410259,0.3382519160366286
68,3119.884068678722,,,mixed-phase C-H stretching,nu(C1-H11),bond,0.004815685520892578,+,0.00731604981888283,0.33825555025336085
68,3119.884068678722,,,mixed-phase C-H stretching,nu(C2-H13),bond,0.0042233205604495306,-,-0.006887994194350443,0.33466371155807756
68,3119.884068678722,,,mixed-phase C-H stretching,nu(C2-H14),bond,0.00401562508898523,-,-0.006716360395578479,0.33467655984368183
68,3119.884068678722,,,mixed-phase C-H stretching,tau(C4-C6-C9-H22),dihedral,0.0032297916377747224,+,0.021632497618972426,0.02594784517579504
68,3119.884068678722,,,mixed-phase C-H stretching,nu(C6-C8),bond,0.0027699976402986532,-,-0.006297235752732947,0.2626150526130056
68,3119.884068678722,,,mixed-phase C-H stretching,nu(C6-C9),bond,0.0026200249905721025,-,-0.006124750048974643,0.2625843359756791
68,3119.884068678722,,,mixed-phase C-H stretching,tau(C9-C6-C8-H20),dihedral,0.001058518583107967,+,0.004743202747163993,0.1768867206031556
68,3119.884068678722,,,mixed-phase C-H stretching,nu(C6-C7),bond,0.0004359787151955881,-,-0.0024458719926596516,0.273992049202674
68,3119.884068678722,,,mixed-phase C-H stretching,nu(C4-O5),bond,0.0003095112392050625,-,-0.0011851244428564309,0.8284926016642041
68,3119.884068678722,,,mixed-phase C-H stretching,nu(O3-C4),bond,0.0001512047607662647,+,0.0012332406926198818,0.3737746932579269
68,3119.884068678722,,,mixed-phase C-H stretching,tau(H12-C1-C2-H13),dihedral,8.038219787865255e-05,-,-0.0008529523997968153,0.4153846152199703
68,3119.884068678722,,,mixed-phase C-H stretching,nu(C4-C6),bond,7.828561175829768e-05,+,0.0010771004836285293,0.2536936689040973
68,3119.884068678722,,,mixed-phase C-H stretching,delta(C6-C7-H17),angle,4.983481324567003e-05,-,-0.0007696272230610096,0.3163094116269633
68,3119.884068678722,,,mixed-phase C-H stretching,tau(H11-C1-C2-H14),dihedral,4.214709038248614e-05,+,0.000865345983371959,0.21160608660854546
68,3119.884068678722,,,mixed-phase C-H stretching,nu(C2-O3),bond,3.714485720649721e-05,+,0.0006935411924569516,0.29033159021092214
68,3119.884068678722,,,mixed-phase C-H stretching,delta(H15-C7-H16),angle,3.494253687542236e-05,+,0.0006983130456022388,0.26939792272256335
68,3119.884068678722,,,mixed-phase C-H stretching,delta(C2-O3-C4),angle,2.9301959441527545e-05,-,-0.0006150635010027806,0.2912036889642517
68,3119.884068678722,,,mixed-phase C-H stretching,delta(C6-C7-H16),angle,2.9216189398017824e-05,+,0.0005826139744399276,0.3235950711183532
68,3119.884068678722,,,mixed-phase C-H stretching,delta(C2-C1-H10),angle,2.4064976730100793e-05,+,0.0004897005501027273,0.3772805214315562
68,3119.884068678722,,,mixed-phase C-H stretching,delta(H16-C7-H17),angle,2.182446315384131e-05,+,0.0005366121387814413,0.28494609231836865
68,3119.884068678722,,,mixed-phase C-H stretching,tau(C7-C6-C8-H18),dihedral,1.5410891069982445e-05,-,-0.0005762604294580203,0.17447382206388093
68,3119.884068678722,,,mixed-phase C-H stretching,delta(H15-C7-H17),angle,1.2620652526647566e-05,-,-0.00041622280682737954,0.2738862211420583
68,3119.884068678722,,,mixed-phase C-H stretching,delta(H10-C1-H12),angle,1.186108880746783e-05,+,0.0003151720893766329,0.44892023061146324
68,3119.884068678722,,,mixed-phase C-H stretching,tau(H11-C1-C2-H13),dihedral,9.35061051754863e-06,+,0.0003071234006947255,0.37269560643401184
68,3119.884068678722,,,mixed-phase C-H stretching,delta(C2-C1-H11),angle,5.321786226072934e-06,-,-0.00021480134488680223,0.4336342271090426
68,3119.884068678722,,,mixed-phase C-H stretching,"gamma(H11;C1,H10,H12)",oop,3.363491868669083e-06,-,-0.00019417053889621253,0.3354005971942054
68,3119.884068678722,,,mixed-phase C-H stretching,nu(C1-C2),bond,2.817811743231588e-06,+,0.00018950914202447072,0.2949794525157423
68,3119.884068678722,,,mixed-phase C-H stretching,"gamma(H13;C2,O3,H14)",oop,1.9882637722315877e-06,+,0.00017868608933287622,0.23411682864784614
68,3119.884068678722,,,mixed-phase C-H stretching,tau(C8-C6-C7-H17),dihedral,1.622804773575935e-06,+,0.00048748274067757875,0.02567366734023094
68,3119.884068678722,,,mixed-phase C-H stretching,delta(O3-C4-C6),angle,8.928995559101845e-07,-,-8.157075344074596e-05,0.5045146489337415
68,3119.884068678722,,,mixed-phase C-H stretching,delta(C1-C2-H14),angle,1.0797459836504626e-07,-,-3.701093866116624e-05,0.2963476715215922
68,3119.884068678722,,,mixed-phase C-H stretching,delta(C1-C2-O3),angle,6.414536319280285e-08,-,-2.3820673388221746e-05,0.4250082114162513
68,3119.884068678722,,,mixed-phase C-H stretching,delta(O3-C4-O5),angle,4.618376710083181e-08,+,1.699776922407858e-05,0.6009600723599223
68,3119.884068678722,,,mixed-phase C-H stretching,tau(O3-C4-C6-C7),dihedral,2.1100831906239876e-08,+,7.570975234416806e-05,0.013839998659108788
68,3119.884068678722,,,mixed-phase C-H stretching,tau(H10-C1-C2-O3),dihedral,1.2818978872218926e-08,-,-1.3622185604646464e-05,0.25971675406989986
68,3119.884068678722,,,mixed-phase C-H stretching,"gamma(O3;C4,O5,C6)",oop,3.0463876460574305e-09,-,-9.71570072640183e-06,0.12133246739127751
68,3119.884068678722,,,mixed-phase C-H stretching,tau(C1-C2-O3-C4),dihedral,1.325875692743087e-10,-,-7.492855020952928e-06,0.008878677288367255
68,3119.884068678722,,,mixed-phase C-H stretching,tau(C2-O3-C4-C6),dihedral,5.219415413050679e-12,-,-6.895329645366117e-07,0.041271658217058235
