mode,harmonic_frequency_cm-1,vpt2_fundamental_cm-1,harmonic_intensity_km_mol,assignment,internal_coordinate,type,percent,phase,D_value,F_diagonal
6,197.59139926180495,,,mixed cyclic-ring torsional/out-of-plane deformation / cyclic-ring torsional/out-of-plane deformation,tau(O3-C2-C6-C7),dihedral,29.69213658478664,+,0.06442057392800543,0.6226147219080224
6,197.59139926180495,,,mixed cyclic-ring torsional/out-of-plane deformation / cyclic-ring torsional/out-of-plane deformation,tau(C1-C2-O3-C4),dihedral,24.99284198129756,-,-0.0870816614357016,0.28680673515252064
6,197.59139926180495,,,mixed cyclic-ring torsional/out-of-plane deformation / cyclic-ring torsional/out-of-plane deformation,tau(N5-C6-C7-C9),dihedral,17.43634415311011,-,-0.05297852275705527,0.5406084863476108
6,197.59139926180495,,,mixed cyclic-ring torsional/out-of-plane deformation / cyclic-ring torsional/out-of-plane deformation,tau(H11-C1-C2-C6),dihedral,8.445797282666339,-,-0.02949264446800362,0.8449681468376289
6,197.59139926180495,,,mixed cyclic-ring torsional/out-of-plane deformation / cyclic-ring torsional/out-of-plane deformation,delta(C2-C9-O8),angle,5.655885725985551,+,0.022817147364807326,0.9453770317224727
6,197.59139926180495,,,mixed cyclic-ring torsional/out-of-plane deformation / cyclic-ring torsional/out-of-plane deformation,tau(C2-O3-C4-H13),dihedral,4.8520282095794505,+,0.04435472235140544,0.21462025290396103
6,197.59139926180495,,,mixed cyclic-ring torsional/out-of-plane deformation / cyclic-ring torsional/out-of-plane deformation,delta(C1-C2-O3),angle,3.3700638514116754,+,0.01859138986791648,0.8484798402288911
6,197.59139926180495,,,mixed cyclic-ring torsional/out-of-plane deformation / cyclic-ring torsional/out-of-plane deformation,delta(C6-C7-O8),angle,1.414982149558384,-,-0.01153033174158749,0.9261780218445965
6,197.59139926180495,,,mixed cyclic-ring torsional/out-of-plane deformation / cyclic-ring torsional/out-of-plane deformation,delta(N5-C6-C7),angle,1.1528635776936176,-,-0.013157650276675639,0.5794932160067546
6,197.59139926180495,,,mixed cyclic-ring torsional/out-of-plane deformation / cyclic-ring torsional/out-of-plane deformation,tau(H12-C1-C2-C9),dihedral,1.0403130109681902,+,0.010136206483513698,0.8811305263997591
6,197.59139926180495,,,mixed cyclic-ring torsional/out-of-plane deformation / cyclic-ring torsional/out-of-plane deformation,"gamma(C2;C9,O8,H16)",oop,0.6585325417260425,+,0.021263224545731606,0.1267494562515593
6,197.59139926180495,,,mixed cyclic-ring torsional/out-of-plane deformation / cyclic-ring torsional/out-of-plane deformation,delta(C2-C1-H12),angle,0.5714527763286273,+,0.009190762789531157,0.5887139782225514
6,197.59139926180495,,,mixed cyclic-ring torsional/out-of-plane deformation / cyclic-ring torsional/out-of-plane deformation,delta(C2-C1-H10),angle,0.16372595491390124,-,-0.008108845533077114,0.2166838743068714
6,197.59139926180495,,,mixed cyclic-ring torsional/out-of-plane deformation / cyclic-ring torsional/out-of-plane deformation,"gamma(C6;C7,O8,H15)",oop,0.13399481398893648,+,0.009615641762684214,0.12611262203061205
6,197.59139926180495,,,mixed cyclic-ring torsional/out-of-plane deformation / cyclic-ring torsional/out-of-plane deformation,nu(O3-C4),bond,0.06509938528292866,+,0.0037887833585460514,0.39464304780317283
6,197.59139926180495,,,mixed cyclic-ring torsional/out-of-plane deformation / cyclic-ring torsional/out-of-plane deformation,tau(H10-C1-C2-O3),dihedral,0.05748366040985349,+,0.005424926374511108,0.16997452388979203
6,197.59139926180495,,,mixed cyclic-ring torsional/out-of-plane deformation / cyclic-ring torsional/out-of-plane deformation,delta(H11-C1-H12),angle,0.04986771690063572,+,0.0017133862031586899,1.4782097740250923
6,197.59139926180495,,,mixed cyclic-ring torsional/out-of-plane deformation / cyclic-ring torsional/out-of-plane deformation,nu(N5-C6),bond,0.03532150495810778,+,0.0031363388225684134,0.3124786623234075
6,197.59139926180495,,,mixed cyclic-ring torsional/out-of-plane deformation / cyclic-ring torsional/out-of-plane deformation,"gamma(C2;C6,N5,H14)",oop,0.0340969510286819,-,-0.003932817096470526,0.19183823175155254
6,197.59139926180495,,,mixed cyclic-ring torsional/out-of-plane deformation / cyclic-ring torsional/out-of-plane deformation,delta(O8-C7-H15),angle,0.033764961197523743,+,0.0038152981263305233,0.20185355922397827
6,197.59139926180495,,,mixed cyclic-ring torsional/out-of-plane deformation / cyclic-ring torsional/out-of-plane deformation,delta(N5-C6-H14),angle,0.03278959804407324,-,-0.0035370416307918804,0.22807772116185696
6,197.59139926180495,,,mixed cyclic-ring torsional/out-of-plane deformation / cyclic-ring torsional/out-of-plane deformation,delta(O8-C9-H16),angle,0.02584818104498436,-,-0.0033396617038304313,0.2016750387366806
6,197.59139926180495,,,mixed cyclic-ring torsional/out-of-plane deformation / cyclic-ring torsional/out-of-plane deformation,nu(C2-O3),bond,0.02484761398804416,-,-0.0027287711376580734,0.2903872748020396
6,197.59139926180495,,,mixed cyclic-ring torsional/out-of-plane deformation / cyclic-ring torsional/out-of-plane deformation,nu(C7-O8),bond,0.01774218161804813,-,-0.002320027903977901,0.2868452872636431
6,197.59139926180495,,,mixed cyclic-ring torsional/out-of-plane deformation / cyclic-ring torsional/out-of-plane deformation,nu(C2-C9),bond,0.009412260152622297,-,-0.001688823963696854,0.2871787309625498
6,197.59139926180495,,,mixed cyclic-ring torsional/out-of-plane deformation / cyclic-ring torsional/out-of-plane deformation,nu(C4-N5),bond,0.008956002940489281,-,-0.0010417671408477717,0.718124978197118
6,197.59139926180495,,,mixed cyclic-ring torsional/out-of-plane deformation / cyclic-ring torsional/out-of-plane deformation,nu(C6-C7),bond,0.008115038074123544,-,-0.0015566968765594684,0.29141343418307836
6,197.59139926180495,,,mixed cyclic-ring torsional/out-of-plane deformation / cyclic-ring torsional/out-of-plane deformation,"gamma(N5;C4,O3,H13)",oop,0.0038553475338514577,+,0.0011271462490696925,0.2640767143320028
6,197.59139926180495,,,mixed cyclic-ring torsional/out-of-plane deformation / cyclic-ring torsional/out-of-plane deformation,delta(C2-C1-H11),angle,0.003531851745466381,-,-0.0007135530525275388,0.6036386561693722
6,197.59139926180495,,,mixed cyclic-ring torsional/out-of-plane deformation / cyclic-ring torsional/out-of-plane deformation,nu(C1-C2),bond,0.002201677176150005,+,0.0008096779354541311,0.29225109464701776
6,197.59139926180495,,,mixed cyclic-ring torsional/out-of-plane deformation / cyclic-ring torsional/out-of-plane deformation,nu(O8-C9),bond,0.0018794044866083529,-,-0.0007457679544515103,0.2940626988285609
6,197.59139926180495,,,mixed cyclic-ring torsional/out-of-plane deformation / cyclic-ring torsional/out-of-plane deformation,nu(C2-C6),bond,0.0012964960893071323,+,0.0005958331641692323,0.31779640598064146
6,197.59139926180495,,,mixed cyclic-ring torsional/out-of-plane deformation / cyclic-ring torsional/out-of-plane deformation,delta(O3-C4-N5),angle,0.0008495779998834353,-,-0.0002785309468720405,0.9529792878238377
6,197.59139926180495,,,mixed cyclic-ring torsional/out-of-plane deformation / cyclic-ring torsional/out-of-plane deformation,nu(C1-H12),bond,0.0007923475275762351,-,-0.00045120436819618104,0.33868520952195924
6,197.59139926180495,,,mixed cyclic-ring torsional/out-of-plane deformation / cyclic-ring torsional/out-of-plane deformation,nu(C7-C9),bond,0.00048043381415696564,+,0.00032862199953767227,0.38713943691768804
6,197.59139926180495,,,mixed cyclic-ring torsional/out-of-plane deformation / cyclic-ring torsional/out-of-plane deformation,nu(C9-H16),bond,0.0003785195088683533,+,0.00030448520732960727,0.3552900019598891
6,197.59139926180495,,,mixed cyclic-ring torsional/out-of-plane deformation / cyclic-ring torsional/out-of-plane deformation,nu(C7-H15),bond,0.0002026598871603216,-,-0.00022181016742588942,0.3584528290766376
6,197.59139926180495,,,mixed cyclic-ring torsional/out-of-plane deformation / cyclic-ring torsional/out-of-plane deformation,nu(C6-H14),bond,9.10381739127446e-05,-,-0.0001531832426752339,0.33761997675065536
6,197.59139926180495,,,mixed cyclic-ring torsional/out-of-plane deformation / cyclic-ring torsional/out-of-plane deformation,nu(C1-H11),bond,8.991909312832285e-05,+,0.00015256421856034807,0.33618137997364117
6,197.59139926180495,,,mixed cyclic-ring torsional/out-of-plane deformation / cyclic-ring torsional/out-of-plane deformation,nu(C1-H10),bond,3.912268936069315e-05,+,0.00010062132632776494,0.3362604123431611
6,197.59139926180495,,,mixed cyclic-ring torsional/out-of-plane deformation / cyclic-ring torsional/out-of-plane deformation,delta(O3-C4-H13),angle,2.437586342827512e-06,+,2.8731820164098843e-05,0.25695723134917164
6,197.59139926180495,,,mixed cyclic-ring torsional/out-of-plane deformation / cyclic-ring torsional/out-of-plane deformation,nu(C4-H13),bond,1.4970330793307294e-06,-,-1.892246017401446e-05,0.3638340261674659
7,220.37713090184104,,,C-C torsion,tau(H11-C1-C2-C6),dihedral,45.98660636452419,-,-0.30265430541818183,0.8449681468376289
7,220.37713090184104,,,C-C torsion,tau(H12-C1-C2-C9),dihedral,44.84546173272039,-,-0.2926782641279452,0.8811305263997591
7,220.37713090184104,,,C-C torsion,tau(H10-C1-C2-O3),dihedral,9.03905010754701,-,-0.2991719172343348,0.16997452388979203
7,220.37713090184104,,,C-C torsion,delta(C2-C1-H11),angle,0.052372427710572385,+,0.012084096243264975,0.6036386561693722
7,220.37713090184104,,,C-C torsion,delta(C1-C2-O3),angle,0.03611931479095342,+,0.008464480947248219,0.8484798402288911
7,220.37713090184104,,,C-C torsion,delta(C2-C1-H12),angle,0.01692682417378575,-,-0.006956437891630896,0.5887139782225514
7,220.37713090184104,,,C-C torsion,delta(N5-C6-C7),angle,0.0038494050288396015,-,-0.0033436743291866936,0.5794932160067546
7,220.37713090184104,,,C-C torsion,tau(C1-C2-O3-C4),dihedral,0.0038425748934445944,-,-0.004748624642296705,0.28680673515252064
7,220.37713090184104,,,C-C torsion,delta(C2-C1-H10),angle,0.003201419865005308,-,-0.0049866554964433495,0.2166838743068714
7,220.37713090184104,,,C-C torsion,nu(C2-C9),bond,0.0022743645391218054,-,-0.0036509446259416862,0.2871787309625498
7,220.37713090184104,,,C-C torsion,tau(O3-C2-C6-C7),dihedral,0.001771730957222614,-,-0.0021884697017598063,0.6226147219080224
7,220.37713090184104,,,C-C torsion,delta(C6-C7-O8),angle,0.00145612297128005,-,-0.0016266837769966485,0.9261780218445965
7,220.37713090184104,,,C-C torsion,nu(C2-C6),bond,0.0012596890996754045,+,0.002582905632428331,0.31779640598064146
7,220.37713090184104,,,C-C torsion,nu(N5-C6),bond,0.0008804028591528494,-,-0.0021776189294869107,0.3124786623234075
7,220.37713090184104,,,C-C torsion,"gamma(C2;C9,O8,H16)",oop,0.0007718952678487071,-,-0.0032015293024946012,0.1267494562515593
7,220.37713090184104,,,C-C torsion,"gamma(C2;C6,N5,H14)",oop,0.0007449189950707875,-,-0.0025564557940022784,0.19183823175155254
7,220.37713090184104,,,C-C torsion,nu(O3-C4),bond,0.0007178483470022125,+,0.0017497075605614142,0.39464304780317283
7,220.37713090184104,,,C-C torsion,delta(H11-C1-H12),angle,0.0005583679652936437,+,0.0007973400087336989,1.4782097740250923
7,220.37713090184104,,,C-C torsion,delta(C2-C9-O8),angle,0.0005044235757877097,-,-0.0009476468191497553,0.9453770317224727
7,220.37713090184104,,,C-C torsion,tau(N5-C6-C7-C9),dihedral,0.0002766519471547801,-,-0.0009280615510736933,0.5406084863476108
7,220.37713090184104,,,C-C torsion,delta(O3-C4-N5),angle,0.00026893679482023144,+,0.000689183269137441,0.9529792878238377
7,220.37713090184104,,,C-C torsion,nu(C7-C9),bond,0.00019157319999082474,-,-0.0009126095605220884,0.38713943691768804
7,220.37713090184104,,,C-C torsion,nu(C1-H12),bond,0.00016483723026890673,-,-0.0009050673183597412,0.33868520952195924
7,220.37713090184104,,,C-C torsion,nu(C1-H11),bond,0.00014650470609693718,+,0.0008564269088572358,0.33618137997364117
7,220.37713090184104,,,C-C torsion,delta(N5-C6-H14),angle,0.00014552514374768037,+,0.0010362843280708957,0.22807772116185696
7,220.37713090184104,,,C-C torsion,nu(C6-C7),bond,0.00013493307640189493,+,0.0008827866786173538,0.29141343418307836
7,220.37713090184104,,,C-C torsion,delta(O3-C4-H13),angle,7.351413501340414e-05,-,-0.0006939151158724291,0.25695723134917164
7,220.37713090184104,,,C-C torsion,"gamma(C6;C7,O8,H15)",oop,7.09567285511306e-05,+,0.0009731255128903992,0.12611262203061205
7,220.37713090184104,,,C-C torsion,delta(O8-C9-H16),angle,4.5317260840196413e-05,+,0.0006149744822838991,0.2016750387366806
7,220.37713090184104,,,C-C torsion,nu(C1-C2),bond,3.797571632846891e-05,-,-0.0004676557283279064,0.29225109464701776
7,220.37713090184104,,,C-C torsion,tau(C2-O3-C4-H13),dihedral,2.613237666557199e-05,+,0.00045269473954425116,0.21462025290396103
7,220.37713090184104,,,C-C torsion,nu(O8-C9),bond,9.222337337190709e-06,+,0.00022974807272335015,0.2940626988285609
7,220.37713090184104,,,C-C torsion,nu(C6-H14),bond,9.02434628608124e-06,-,-0.00021210218988027303,0.33761997675065536
7,220.37713090184104,,,C-C torsion,nu(C7-O8),bond,8.04806179201013e-06,+,0.00021730670962434478,0.2868452872636431
7,220.37713090184104,,,C-C torsion,delta(O8-C7-H15),angle,7.304902575703902e-06,+,0.0002467972707361574,0.20185355922397827
7,220.37713090184104,,,C-C torsion,nu(C4-N5),bond,6.236086766497729e-06,-,-0.00012089473914215747,0.718124978197118
7,220.37713090184104,,,C-C torsion,nu(C9-H16),bond,2.774171909451149e-06,+,0.00011463745502778163,0.3552900019598891
7,220.37713090184104,,,C-C torsion,"gamma(N5;C4,O3,H13)",oop,1.710180648769995e-06,+,0.0001044016312366562,0.2640767143320028
7,220.37713090184104,,,C-C torsion,nu(C7-H15),bond,1.139371580712197e-06,-,-7.314220175267267e-05,0.3584528290766376
7,220.37713090184104,,,C-C torsion,nu(C2-O3),bond,9.377377967477967e-07,-,-7.372304495521379e-05,0.2903872748020396
7,220.37713090184104,,,C-C torsion,nu(C4-H13),bond,5.013875086823515e-07,-,-4.81599961087102e-05,0.3638340261674659
7,220.37713090184104,,,C-C torsion,nu(C1-H10),bond,3.072682689379382e-07,+,3.9216816006507115e-05,0.3362604123431611
8,233.26146035257187,,,mixed cyclic-ring deformation (N-C-C bend) / cyclic-ring torsional/out-of-plane deformation / cyclic-ring torsional/out-of-plane deformation,delta(N5-C6-C7),angle,23.577096735173804,+,0.05549166246185591,0.5794932160067546
8,233.26146035257187,,,mixed cyclic-ring deformation (N-C-C bend) / cyclic-ring torsional/out-of-plane deformation / cyclic-ring torsional/out-of-plane deformation,tau(C1-C2-O3-C4),dihedral,22.53153050457163,+,0.07710941796628505,0.28680673515252064
8,233.26146035257187,,,mixed cyclic-ring deformation (N-C-C bend) / cyclic-ring torsional/out-of-plane deformation / cyclic-ring torsional/out-of-plane deformation,tau(O3-C2-C6-C7),dihedral,18.481941811519498,+,0.0473991832052596,0.6226147219080224
8,233.26146035257187,,,mixed cyclic-ring deformation (N-C-C bend) / cyclic-ring torsional/out-of-plane deformation / cyclic-ring torsional/out-of-plane deformation,tau(C2-O3-C4-H13),dihedral,7.278644349735121,-,-0.05066367042071663,0.21462025290396103
8,233.26146035257187,,,mixed cyclic-ring deformation (N-C-C bend) / cyclic-ring torsional/out-of-plane deformation / cyclic-ring torsional/out-of-plane deformation,delta(C2-C9-O8),angle,6.608239332686531,+,0.023001020748137126,0.9453770317224727
8,233.26146035257187,,,mixed cyclic-ring deformation (N-C-C bend) / cyclic-ring torsional/out-of-plane deformation / cyclic-ring torsional/out-of-plane deformation,delta(C6-C7-O8),angle,4.243525066476001,+,0.018621853332062108,0.9261780218445965
8,233.26146035257187,,,mixed cyclic-ring deformation (N-C-C bend) / cyclic-ring torsional/out-of-plane deformation / cyclic-ring torsional/out-of-plane deformation,tau(H10-C1-C2-O3),dihedral,3.711848551936335,-,-0.04065462492959704,0.16997452388979203
8,233.26146035257187,,,mixed cyclic-ring deformation (N-C-C bend) / cyclic-ring torsional/out-of-plane deformation / cyclic-ring torsional/out-of-plane deformation,tau(H11-C1-C2-C6),dihedral,2.8725809672790485,-,-0.01604067803805186,0.8449681468376289
8,233.26146035257187,,,mixed cyclic-ring deformation (N-C-C bend) / cyclic-ring torsional/out-of-plane deformation / cyclic-ring torsional/out-of-plane deformation,"gamma(C2;C6,N5,H14)",oop,2.2371978151831553,+,0.029709227760986945,0.19183823175155254
8,233.26146035257187,,,mixed cyclic-ring deformation (N-C-C bend) / cyclic-ring torsional/out-of-plane deformation / cyclic-ring torsional/out-of-plane deformation,tau(H12-C1-C2-C9),dihedral,1.9923030238962434,+,0.01308170419700434,0.8811305263997591
8,233.26146035257187,,,mixed cyclic-ring deformation (N-C-C bend) / cyclic-ring torsional/out-of-plane deformation / cyclic-ring torsional/out-of-plane deformation,"gamma(C2;C9,O8,H16)",oop,1.4796408199127011,+,0.029724314714155427,0.1267494562515593
8,233.26146035257187,,,mixed cyclic-ring deformation (N-C-C bend) / cyclic-ring torsional/out-of-plane deformation / cyclic-ring torsional/out-of-plane deformation,"gamma(C6;C7,O8,H15)",oop,1.1951524390274955,-,-0.026781760670052685,0.12611262203061205
8,233.26146035257187,,,mixed cyclic-ring deformation (N-C-C bend) / cyclic-ring torsional/out-of-plane deformation / cyclic-ring torsional/out-of-plane deformation,nu(C2-C6),bond,1.1642792152605352,-,-0.0166517864582175,0.31779640598064146
8,233.26146035257187,,,mixed cyclic-ring deformation (N-C-C bend) / cyclic-ring torsional/out-of-plane deformation / cyclic-ring torsional/out-of-plane deformation,delta(N5-C6-H14),angle,0.739624652565709,-,-0.015666464824346436,0.22807772116185696
8,233.26146035257187,,,mixed cyclic-ring deformation (N-C-C bend) / cyclic-ring torsional/out-of-plane deformation / cyclic-ring torsional/out-of-plane deformation,delta(C2-C1-H11),angle,0.6546602511606456,+,0.00905995865757616,0.6036386561693722
8,233.26146035257187,,,mixed cyclic-ring deformation (N-C-C bend) / cyclic-ring torsional/out-of-plane deformation / cyclic-ring torsional/out-of-plane deformation,"gamma(N5;C4,O3,H13)",oop,0.42264981629459936,-,-0.011006064146671603,0.2640767143320028
8,233.26146035257187,,,mixed cyclic-ring deformation (N-C-C bend) / cyclic-ring torsional/out-of-plane deformation / cyclic-ring torsional/out-of-plane deformation,delta(C2-C1-H12),angle,0.26761332711886776,-,-0.005865546015666708,0.5887139782225514
8,233.26146035257187,,,mixed cyclic-ring deformation (N-C-C bend) / cyclic-ring torsional/out-of-plane deformation / cyclic-ring torsional/out-of-plane deformation,nu(N5-C6),bond,0.11004363236775637,+,0.0051627254071438585,0.3124786623234075
8,233.26146035257187,,,mixed cyclic-ring deformation (N-C-C bend) / cyclic-ring torsional/out-of-plane deformation / cyclic-ring torsional/out-of-plane deformation,nu(C7-C9),bond,0.10063624363619819,+,0.004435578331634847,0.38713943691768804
8,233.26146035257187,,,mixed cyclic-ring deformation (N-C-C bend) / cyclic-ring torsional/out-of-plane deformation / cyclic-ring torsional/out-of-plane deformation,nu(C2-O3),bond,0.09453260573793369,+,0.004963737145404065,0.2903872748020396
8,233.26146035257187,,,mixed cyclic-ring deformation (N-C-C bend) / cyclic-ring torsional/out-of-plane deformation / cyclic-ring torsional/out-of-plane deformation,nu(C2-C9),bond,0.04622865376880712,+,0.0034904887174084377,0.2871787309625498
8,233.26146035257187,,,mixed cyclic-ring deformation (N-C-C bend) / cyclic-ring torsional/out-of-plane deformation / cyclic-ring torsional/out-of-plane deformation,nu(C7-O8),bond,0.04220864013700532,-,-0.003337210274672208,0.2868452872636431
8,233.26146035257187,,,mixed cyclic-ring deformation (N-C-C bend) / cyclic-ring torsional/out-of-plane deformation / cyclic-ring torsional/out-of-plane deformation,delta(C2-C1-H10),angle,0.03184098447516943,-,-0.003334929817297391,0.2166838743068714
8,233.26146035257187,,,mixed cyclic-ring deformation (N-C-C bend) / cyclic-ring torsional/out-of-plane deformation / cyclic-ring torsional/out-of-plane deformation,nu(C6-C7),bond,0.03100563694123696,+,0.002837737998149728,0.29141343418307836
8,233.26146035257187,,,mixed cyclic-ring deformation (N-C-C bend) / cyclic-ring torsional/out-of-plane deformation / cyclic-ring torsional/out-of-plane deformation,delta(C1-C2-O3),angle,0.025758239841598817,-,-0.0015158075946392704,0.8484798402288911
8,233.26146035257187,,,mixed cyclic-ring deformation (N-C-C bend) / cyclic-ring torsional/out-of-plane deformation / cyclic-ring torsional/out-of-plane deformation,tau(N5-C6-C7-C9),dihedral,0.01126099885044419,+,0.0012556071466705478,0.5406084863476108
8,233.26146035257187,,,mixed cyclic-ring deformation (N-C-C bend) / cyclic-ring torsional/out-of-plane deformation / cyclic-ring torsional/out-of-plane deformation,nu(C1-C2),bond,0.009493870794650468,-,-0.0015680154462940651,0.29225109464701776
8,233.26146035257187,,,mixed cyclic-ring deformation (N-C-C bend) / cyclic-ring torsional/out-of-plane deformation / cyclic-ring torsional/out-of-plane deformation,delta(H11-C1-H12),angle,0.008580021291513742,+,0.0006628006098290996,1.4782097740250923
8,233.26146035257187,,,mixed cyclic-ring deformation (N-C-C bend) / cyclic-ring torsional/out-of-plane deformation / cyclic-ring torsional/out-of-plane deformation,delta(O3-C4-N5),angle,0.007834172344690452,+,0.0007887903360456708,0.9529792878238377
8,233.26146035257187,,,mixed cyclic-ring deformation (N-C-C bend) / cyclic-ring torsional/out-of-plane deformation / cyclic-ring torsional/out-of-plane deformation,nu(C6-H14),bond,0.007341479601712945,+,0.001282875412999082,0.33761997675065536
8,233.26146035257187,,,mixed cyclic-ring deformation (N-C-C bend) / cyclic-ring torsional/out-of-plane deformation / cyclic-ring torsional/out-of-plane deformation,delta(O8-C7-H15),angle,0.006017545794098083,+,0.0015020979295925633,0.20185355922397827
8,233.26146035257187,,,mixed cyclic-ring deformation (N-C-C bend) / cyclic-ring torsional/out-of-plane deformation / cyclic-ring torsional/out-of-plane deformation,delta(O8-C9-H16),angle,0.0043333574253507845,-,-0.0012752429546783878,0.2016750387366806
8,233.26146035257187,,,mixed cyclic-ring deformation (N-C-C bend) / cyclic-ring torsional/out-of-plane deformation / cyclic-ring torsional/out-of-plane deformation,nu(O8-C9),bond,0.0008255234384238149,-,-0.00046094752360945225,0.2940626988285609
8,233.26146035257187,,,mixed cyclic-ring deformation (N-C-C bend) / cyclic-ring torsional/out-of-plane deformation / cyclic-ring torsional/out-of-plane deformation,nu(C4-H13),bond,0.0007744446608273374,+,0.0004013749737338335,0.3638340261674659
8,233.26146035257187,,,mixed cyclic-ring deformation (N-C-C bend) / cyclic-ring torsional/out-of-plane deformation / cyclic-ring torsional/out-of-plane deformation,delta(O3-C4-H13),angle,0.0005738240310065891,+,0.00041111724579210473,0.25695723134917164
8,233.26146035257187,,,mixed cyclic-ring deformation (N-C-C bend) / cyclic-ring torsional/out-of-plane deformation / cyclic-ring torsional/out-of-plane deformation,nu(C4-N5),bond,0.000515233635205246,+,0.00023302839193023987,0.718124978197118
8,233.26146035257187,,,mixed cyclic-ring deformation (N-C-C bend) / cyclic-ring torsional/out-of-plane deformation / cyclic-ring torsional/out-of-plane deformation,nu(O3-C4),bond,0.00044868656990327497,+,0.0002933432222954831,0.39464304780317283
8,233.26146035257187,,,mixed cyclic-ring deformation (N-C-C bend) / cyclic-ring torsional/out-of-plane deformation / cyclic-ring torsional/out-of-plane deformation,nu(C1-H11),bond,0.00036254056582236033,-,-0.0002856920975492277,0.33618137997364117
8,233.26146035257187,,,mixed cyclic-ring deformation (N-C-C bend) / cyclic-ring torsional/out-of-plane deformation / cyclic-ring torsional/out-of-plane deformation,nu(C1-H12),bond,0.00029131069714446827,+,0.0002551448765835138,0.33868520952195924
8,233.26146035257187,,,mixed cyclic-ring deformation (N-C-C bend) / cyclic-ring torsional/out-of-plane deformation / cyclic-ring torsional/out-of-plane deformation,nu(C7-H15),bond,0.00026190767529562413,+,0.00023516076158171606,0.3584528290766376
8,233.26146035257187,,,mixed cyclic-ring deformation (N-C-C bend) / cyclic-ring torsional/out-of-plane deformation / cyclic-ring torsional/out-of-plane deformation,nu(C9-H16),bond,0.00015405365660855203,-,-0.00018115539140894522,0.3552900019598891
8,233.26146035257187,,,mixed cyclic-ring deformation (N-C-C bend) / cyclic-ring torsional/out-of-plane deformation / cyclic-ring torsional/out-of-plane deformation,nu(C1-H10),bond,0.00014771226367768487,+,0.0001823379877028245,0.3362604123431611
9,264.30043327349233,,,mixed C-C torsion / cyclic-ring torsional/out-of-plane deformation / C-H bending,tau(C1-C2-O3-C4),dihedral,27.75835931428235,-,-0.0743010028380888,0.28680673515252064
9,264.30043327349233,,,mixed C-C torsion / cyclic-ring torsional/out-of-plane deformation / C-H bending,tau(H12-C1-C2-C9),dihedral,20.417089033262453,-,-0.036355426120395176,0.8811305263997591
9,264.30043327349233,,,mixed C-C torsion / cyclic-ring torsional/out-of-plane deformation / C-H bending,delta(C2-C1-H11),angle,10.653479353688677,-,-0.0317285090165843,0.6036386561693722
9,264.30043327349233,,,mixed C-C torsion / cyclic-ring torsional/out-of-plane deformation / C-H bending,delta(C6-C7-O8),angle,8.345123263636609,+,0.022670525870384137,0.9261780218445965
9,264.30043327349233,,,mixed C-C torsion / cyclic-ring torsional/out-of-plane deformation / C-H bending,delta(C1-C2-O3),angle,6.465796060403607,-,-0.020848878043245176,0.8484798402288911
9,264.30043327349233,,,mixed C-C torsion / cyclic-ring torsional/out-of-plane deformation / C-H bending,tau(N5-C6-C7-C9),dihedral,6.196391740499413,+,0.02556939519203805,0.5406084863476108
9,264.30043327349233,,,mixed C-C torsion / cyclic-ring torsional/out-of-plane deformation / C-H bending,delta(C2-C1-H12),angle,5.608034119575565,+,0.023310178627092632,0.5887139782225514
9,264.30043327349233,,,mixed C-C torsion / cyclic-ring torsional/out-of-plane deformation / C-H bending,tau(H11-C1-C2-C6),dihedral,4.018864621952977,-,-0.01647115186840506,0.8449681468376289
9,264.30043327349233,,,mixed C-C torsion / cyclic-ring torsional/out-of-plane deformation / C-H bending,tau(H10-C1-C2-O3),dihedral,3.4409742316369485,+,0.033981398267552504,0.16997452388979203
9,264.30043327349233,,,mixed C-C torsion / cyclic-ring torsional/out-of-plane deformation / C-H bending,delta(C2-C9-O8),angle,1.4650140742829707,+,0.00940179606987852,0.9453770317224727
9,264.30043327349233,,,mixed C-C torsion / cyclic-ring torsional/out-of-plane deformation / C-H bending,nu(C2-C6),bond,1.3734815635642146,+,0.015701074640874176,0.31779640598064146
9,264.30043327349233,,,mixed C-C torsion / cyclic-ring torsional/out-of-plane deformation / C-H bending,"gamma(C6;C7,O8,H15)",oop,0.7456971873066575,-,-0.01836514774878813,0.12611262203061205
9,264.30043327349233,,,mixed C-C torsion / cyclic-ring torsional/out-of-plane deformation / C-H bending,"gamma(C2;C6,N5,H14)",oop,0.6912069046034997,-,-0.014336030104119482,0.19183823175155254
9,264.30043327349233,,,mixed C-C torsion / cyclic-ring torsional/out-of-plane deformation / C-H bending,nu(O8-C9),bond,0.6680607052977392,-,-0.011383621474330315,0.2940626988285609
9,264.30043327349233,,,mixed C-C torsion / cyclic-ring torsional/out-of-plane deformation / C-H bending,tau(C2-O3-C4-H13),dihedral,0.5486380784046818,-,-0.012075359633425441,0.21462025290396103
9,264.30043327349233,,,mixed C-C torsion / cyclic-ring torsional/out-of-plane deformation / C-H bending,delta(N5-C6-C7),angle,0.3679074757178906,+,0.0060177976446175495,0.5794932160067546
9,264.30043327349233,,,mixed C-C torsion / cyclic-ring torsional/out-of-plane deformation / C-H bending,nu(C7-O8),bond,0.2401937995007683,+,0.006911136780388556,0.2868452872636431
9,264.30043327349233,,,mixed C-C torsion / cyclic-ring torsional/out-of-plane deformation / C-H bending,delta(C2-C1-H10),angle,0.2103433642202632,+,0.007441210043168779,0.2166838743068714
9,264.30043327349233,,,mixed C-C torsion / cyclic-ring torsional/out-of-plane deformation / C-H bending,delta(O8-C9-H16),angle,0.20623253737506053,+,0.007637390028078522,0.2016750387366806
9,264.30043327349233,,,mixed C-C torsion / cyclic-ring torsional/out-of-plane deformation / C-H bending,delta(O8-C7-H15),angle,0.1435356509385458,-,-0.0063687490645827904,0.20185355922397827
9,264.30043327349233,,,mixed C-C torsion / cyclic-ring torsional/out-of-plane deformation / C-H bending,nu(C6-C7),bond,0.063111175729455,+,0.003514720567341495,0.29141343418307836
9,264.30043327349233,,,mixed C-C torsion / cyclic-ring torsional/out-of-plane deformation / C-H bending,nu(O3-C4),bond,0.058412295129869195,-,-0.002905643702619994,0.39464304780317283
9,264.30043327349233,,,mixed C-C torsion / cyclic-ring torsional/out-of-plane deformation / C-H bending,nu(C7-C9),bond,0.0530163223333141,-,-0.002794882431737656,0.38713943691768804
9,264.30043327349233,,,mixed C-C torsion / cyclic-ring torsional/out-of-plane deformation / C-H bending,nu(N5-C6),bond,0.05295527991432922,+,0.0031091158328995653,0.3124786623234075
9,264.30043327349233,,,mixed C-C torsion / cyclic-ring torsional/out-of-plane deformation / C-H bending,tau(O3-C2-C6-C7),dihedral,0.04841046718455721,+,0.0021059710457776784,0.6226147219080224
9,264.30043327349233,,,mixed C-C torsion / cyclic-ring torsional/out-of-plane deformation / C-H bending,delta(N5-C6-H14),angle,0.03758396707265027,-,-0.003065860066667307,0.22807772116185696
9,264.30043327349233,,,mixed C-C torsion / cyclic-ring torsional/out-of-plane deformation / C-H bending,delta(H11-C1-H12),angle,0.031233776120832075,-,-0.0010978339664416382,1.4782097740250923
9,264.30043327349233,,,mixed C-C torsion / cyclic-ring torsional/out-of-plane deformation / C-H bending,nu(C2-O3),bond,0.021027783051658987,+,0.002032358906625822,0.2903872748020396
9,264.30043327349233,,,mixed C-C torsion / cyclic-ring torsional/out-of-plane deformation / C-H bending,"gamma(C2;C9,O8,H16)",oop,0.019349330679122912,+,0.002950885597317924,0.1267494562515593
9,264.30043327349233,,,mixed C-C torsion / cyclic-ring torsional/out-of-plane deformation / C-H bending,"gamma(N5;C4,O3,H13)",oop,0.011803479183099031,-,-0.0015967334266489901,0.2640767143320028
9,264.30043327349233,,,mixed C-C torsion / cyclic-ring torsional/out-of-plane deformation / C-H bending,nu(C1-H11),bond,0.011141971331576999,+,0.001374949167282069,0.33618137997364117
9,264.30043327349233,,,mixed C-C torsion / cyclic-ring torsional/out-of-plane deformation / C-H bending,nu(C1-H12),bond,0.00806915268436965,-,-0.001165757726944388,0.33868520952195924
9,264.30043327349233,,,mixed C-C torsion / cyclic-ring torsional/out-of-plane deformation / C-H bending,nu(C1-C2),bond,0.0063893081878204,+,0.0011167122928611407,0.29225109464701776
9,264.30043327349233,,,mixed C-C torsion / cyclic-ring torsional/out-of-plane deformation / C-H bending,delta(O3-C4-N5),angle,0.004657194172561637,-,-0.0005279744343679655,0.9529792878238377
9,264.30043327349233,,,mixed C-C torsion / cyclic-ring torsional/out-of-plane deformation / C-H bending,nu(C9-H16),bond,0.0034177964599672915,+,0.0007407540871176134,0.3552900019598891
9,264.30043327349233,,,mixed C-C torsion / cyclic-ring torsional/out-of-plane deformation / C-H bending,nu(C4-N5),bond,0.00276650242140636,-,-0.00046876800578609014,0.718124978197118
9,264.30043327349233,,,mixed C-C torsion / cyclic-ring torsional/out-of-plane deformation / C-H bending,delta(O3-C4-H13),angle,0.0006943109026044682,-,-0.0003925898092826538,0.25695723134917164
9,264.30043327349233,,,mixed C-C torsion / cyclic-ring torsional/out-of-plane deformation / C-H bending,nu(C1-H10),bond,0.0005421292589630886,-,-0.0003032536275653244,0.3362604123431611
9,264.30043327349233,,,mixed C-C torsion / cyclic-ring torsional/out-of-plane deformation / C-H bending,nu(C7-H15),bond,0.00036760083311020007,-,-0.00024186035671286673,0.3584528290766376
9,264.30043327349233,,,mixed C-C torsion / cyclic-ring torsional/out-of-plane deformation / C-H bending,nu(C2-C9),bond,0.0003466320853949562,-,-0.00026239206399132517,0.2871787309625498
9,264.30043327349233,,,mixed C-C torsion / cyclic-ring torsional/out-of-plane deformation / C-H bending,nu(C4-H13),bond,0.0002439928662592045,+,0.00019558221488740382,0.3638340261674659
9,264.30043327349233,,,mixed C-C torsion / cyclic-ring torsional/out-of-plane deformation / C-H bending,nu(C6-H14),bond,3.6452246202473294e-05,+,7.847666368470448e-05,0.33761997675065536
10,328.72028583949543,,,mixed C-C-O bending / C-C torsion,delta(C1-C2-O3),angle,46.720395010913606,-,-0.09314625919025579,0.8484798402288911
10,328.72028583949543,,,mixed C-C-O bending / C-C torsion,tau(H12-C1-C2-C9),dihedral,25.238482587706756,-,-0.06718068464651199,0.8811305263997591
10,328.72028583949543,,,mixed C-C-O bending / C-C torsion,tau(H11-C1-C2-C6),dihedral,5.619556472026783,+,0.03237157129414264,0.8449681468376289
10,328.72028583949543,,,mixed C-C-O bending / C-C torsion,tau(O3-C2-C6-C7),dihedral,4.647219960979229,+,0.034294134811933476,0.6226147219080224
10,328.72028583949543,,,mixed C-C-O bending / C-C torsion,tau(N5-C6-C7-C9),dihedral,3.8182051245947477,-,-0.03335962251808103,0.5406084863476108
10,328.72028583949543,,,mixed C-C-O bending / C-C torsion,delta(C2-C1-H12),angle,3.0142857021276264,-,-0.02840357214002149,0.5887139782225514
10,328.72028583949543,,,mixed C-C-O bending / C-C torsion,delta(C2-C1-H10),angle,2.485820041272932,+,0.04251620334521192,0.2166838743068714
10,328.72028583949543,,,mixed C-C-O bending / C-C torsion,tau(H10-C1-C2-O3),dihedral,1.5934528261011254,-,-0.03843356034381325,0.16997452388979203
10,328.72028583949543,,,mixed C-C-O bending / C-C torsion,delta(C2-C1-H11),angle,1.165874804810103,-,-0.017444975577744756,0.6036386561693722
10,328.72028583949543,,,mixed C-C-O bending / C-C torsion,delta(C6-C7-O8),angle,1.1627457748303232,-,-0.014064622453551084,0.9261780218445965
10,328.72028583949543,,,mixed C-C-O bending / C-C torsion,delta(H11-C1-H12),angle,0.663441053510455,-,-0.008409420423589027,1.4782097740250923
10,328.72028583949543,,,mixed C-C-O bending / C-C torsion,nu(C2-C9),bond,0.6480181563671421,+,0.018856035196184995,0.2871787309625498
10,328.72028583949543,,,mixed C-C-O bending / C-C torsion,nu(O8-C9),bond,0.5313986715902714,+,0.016874199986359164,0.2940626988285609
10,328.72028583949543,,,mixed C-C-O bending / C-C torsion,tau(C1-C2-O3-C4),dihedral,0.5248981423476162,-,-0.01698148923210181,0.28680673515252064
10,328.72028583949543,,,mixed C-C-O bending / C-C torsion,delta(C2-C9-O8),angle,0.47834982695973655,+,0.008929008086494203,0.9453770317224727
10,328.72028583949543,,,mixed C-C-O bending / C-C torsion,delta(N5-C6-C7),angle,0.376749885262582,-,-0.010121277105323885,0.5794932160067546
10,328.72028583949543,,,mixed C-C-O bending / C-C torsion,nu(O3-C4),bond,0.2562273560397419,-,-0.010114477401854722,0.39464304780317283
10,328.72028583949543,,,mixed C-C-O bending / C-C torsion,nu(C2-C6),bond,0.22544926691416556,+,0.01057262557438502,0.31779640598064146
10,328.72028583949543,,,mixed C-C-O bending / C-C torsion,delta(O8-C9-H16),angle,0.21331747175056096,-,-0.012909816475366757,0.2016750387366806
10,328.72028583949543,,,mixed C-C-O bending / C-C torsion,nu(C7-O8),bond,0.17719357982499076,-,-0.009865817117046701,0.2868452872636431
10,328.72028583949543,,,mixed C-C-O bending / C-C torsion,"gamma(C6;C7,O8,H15)",oop,0.10184110584334856,+,0.011280158567384901,0.12611262203061205
10,328.72028583949543,,,mixed C-C-O bending / C-C torsion,delta(O8-C7-H15),angle,0.08550292724335885,+,0.008169683179622456,0.20185355922397827
10,328.72028583949543,,,mixed C-C-O bending / C-C torsion,"gamma(N5;C4,O3,H13)",oop,0.05543615981249376,-,-0.005751279106572776,0.2640767143320028
10,328.72028583949543,,,mixed C-C-O bending / C-C torsion,nu(C1-C2),bond,0.04337195808352223,+,0.004835700228076423,0.29225109464701776
10,328.72028583949543,,,mixed C-C-O bending / C-C torsion,delta(N5-C6-H14),angle,0.03411153680214342,-,-0.004854473553172287,0.22807772116185696
10,328.72028583949543,,,mixed C-C-O bending / C-C torsion,tau(C2-O3-C4-H13),dihedral,0.02688998257597266,-,-0.0044431690611197025,0.21462025290396103
10,328.72028583949543,,,mixed C-C-O bending / C-C torsion,nu(N5-C6),bond,0.023176310558259975,+,0.0034185733013168476,0.3124786623234075
10,328.72028583949543,,,mixed C-C-O bending / C-C torsion,"gamma(C2;C9,O8,H16)",oop,0.01667165796441263,+,0.004552492850956269,0.1267494562515593
10,328.72028583949543,,,mixed C-C-O bending / C-C torsion,nu(C6-C7),bond,0.013608271452663431,-,-0.002712561706748166,0.29141343418307836
10,328.72028583949543,,,mixed C-C-O bending / C-C torsion,nu(C2-O3),bond,0.009470245301239353,-,-0.0022668602796020072,0.2903872748020396
10,328.72028583949543,,,mixed C-C-O bending / C-C torsion,nu(C1-H10),bond,0.008549926733681644,-,-0.0020015952192310757,0.3362604123431611
10,328.72028583949543,,,mixed C-C-O bending / C-C torsion,"gamma(C2;C6,N5,H14)",oop,0.007860164232427492,+,0.002540862466504831,0.19183823175155254
10,328.72028583949543,,,mixed C-C-O bending / C-C torsion,delta(O3-C4-N5),angle,0.006545475050315287,+,0.001040307630742629,0.9529792878238377
10,328.72028583949543,,,mixed C-C-O bending / C-C torsion,delta(O3-C4-H13),angle,0.0038433869303621713,+,0.0015351809104847641,0.25695723134917164
10,328.72028583949543,,,mixed C-C-O bending / C-C torsion,nu(C4-N5),bond,0.0009065602262641374,-,-0.00044599628710923265,0.718124978197118
10,328.72028583949543,,,mixed C-C-O bending / C-C torsion,nu(C1-H12),bond,0.00034885781688218987,+,0.0004028645401292341,0.33868520952195924
10,328.72028583949543,,,mixed C-C-O bending / C-C torsion,nu(C7-H15),bond,0.0003215862824335316,+,0.0003759808111315371,0.3584528290766376
10,328.72028583949543,,,mixed C-C-O bending / C-C torsion,nu(C1-H11),bond,0.00018342751956601757,+,0.00029320970966772064,0.33618137997364117
10,328.72028583949543,,,mixed C-C-O bending / C-C torsion,nu(C9-H16),bond,0.0001535095930333629,-,-0.0002609210971556874,0.3552900019598891
10,328.72028583949543,,,mixed C-C-O bending / C-C torsion,nu(C6-H14),bond,9.236960618063994e-05,+,0.0002076267984213112,0.33761997675065536
10,328.72028583949543,,,mixed C-C-O bending / C-C torsion,nu(C7-C9),bond,1.8198971114345477e-05,-,-8.606422054985984e-05,0.38713943691768804
10,328.72028583949543,,,mixed C-C-O bending / C-C torsion,nu(C4-H13),bond,1.4665469829434797e-05,+,7.969466754935677e-05,0.3638340261674659
11,470.7578813475426,,,mixed cyclic-ring deformation (C-C-O bend) / ring-site C-H out-of-plane bending,tau(C2-O3-C4-H13),dihedral,21.907558924026045,-,-0.13779074911044503,0.21462025290396103
11,470.7578813475426,,,mixed cyclic-ring deformation (C-C-O bend) / ring-site C-H out-of-plane bending,delta(C6-C7-O8),angle,21.272042269294236,-,-0.0653605617716822,0.9261780218445965
11,470.7578813475426,,,mixed cyclic-ring deformation (C-C-O bend) / ring-site C-H out-of-plane bending,tau(N5-C6-C7-C9),dihedral,14.4457863914862,-,-0.07049975099162323,0.5406084863476108
11,470.7578813475426,,,mixed cyclic-ring deformation (C-C-O bend) / ring-site C-H out-of-plane bending,tau(H12-C1-C2-C9),dihedral,6.4013495708888195,-,-0.0367598784352119,0.8811305263997591
11,470.7578813475426,,,mixed cyclic-ring deformation (C-C-O bend) / ring-site C-H out-of-plane bending,delta(C2-C9-O8),angle,5.692778870462618,-,-0.03346709773431158,0.9453770317224727
11,470.7578813475426,,,mixed cyclic-ring deformation (C-C-O bend) / ring-site C-H out-of-plane bending,nu(C2-C9),bond,5.321037232373193,-,-0.0587057216428044,0.2871787309625498
11,470.7578813475426,,,mixed cyclic-ring deformation (C-C-O bend) / ring-site C-H out-of-plane bending,delta(N5-C6-C7),angle,5.106901565922527,+,0.040486756302530694,0.5794932160067546
11,470.7578813475426,,,mixed cyclic-ring deformation (C-C-O bend) / ring-site C-H out-of-plane bending,tau(C1-C2-O3-C4),dihedral,4.919034654937921,+,0.05648117024252921,0.28680673515252064
11,470.7578813475426,,,mixed cyclic-ring deformation (C-C-O bend) / ring-site C-H out-of-plane bending,tau(H10-C1-C2-O3),dihedral,3.794823840840704,+,0.06444100599729928,0.16997452388979203
11,470.7578813475426,,,mixed cyclic-ring deformation (C-C-O bend) / ring-site C-H out-of-plane bending,"gamma(C2;C9,O8,H16)",oop,1.2495522486447908,-,-0.04282156898921407,0.1267494562515593
11,470.7578813475426,,,mixed cyclic-ring deformation (C-C-O bend) / ring-site C-H out-of-plane bending,delta(C2-C1-H11),angle,1.151749268613786,-,-0.018838610586556535,0.6036386561693722
11,470.7578813475426,,,mixed cyclic-ring deformation (C-C-O bend) / ring-site C-H out-of-plane bending,"gamma(C6;C7,O8,H15)",oop,1.1315128077160044,+,0.04085158181915269,0.12611262203061205
11,470.7578813475426,,,mixed cyclic-ring deformation (C-C-O bend) / ring-site C-H out-of-plane bending,delta(C2-C1-H12),angle,1.1077749823842866,+,0.0187082007189457,0.5887139782225514
11,470.7578813475426,,,mixed cyclic-ring deformation (C-C-O bend) / ring-site C-H out-of-plane bending,"gamma(N5;C4,O3,H13)",oop,1.000122769389419,-,-0.02654116742714645,0.2640767143320028
11,470.7578813475426,,,mixed cyclic-ring deformation (C-C-O bend) / ring-site C-H out-of-plane bending,nu(N5-C6),bond,0.9905056412423598,+,0.02428156706097985,0.3124786623234075
11,470.7578813475426,,,mixed cyclic-ring deformation (C-C-O bend) / ring-site C-H out-of-plane bending,"gamma(C2;C6,N5,H14)",oop,0.9658574224525855,+,0.03060182643308893,0.19183823175155254
11,470.7578813475426,,,mixed cyclic-ring deformation (C-C-O bend) / ring-site C-H out-of-plane bending,delta(N5-C6-H14),angle,0.724260170327927,-,-0.024303246219885295,0.22807772116185696
11,470.7578813475426,,,mixed cyclic-ring deformation (C-C-O bend) / ring-site C-H out-of-plane bending,delta(C1-C2-O3),angle,0.45543367873123897,+,0.00999194938973514,0.8484798402288911
11,470.7578813475426,,,mixed cyclic-ring deformation (C-C-O bend) / ring-site C-H out-of-plane bending,tau(O3-C2-C6-C7),dihedral,0.3579252581727942,-,-0.010340579998698791,0.6226147219080224
11,470.7578813475426,,,mixed cyclic-ring deformation (C-C-O bend) / ring-site C-H out-of-plane bending,nu(O3-C4),bond,0.3570254492003793,-,-0.012971965262408163,0.39464304780317283
11,470.7578813475426,,,mixed cyclic-ring deformation (C-C-O bend) / ring-site C-H out-of-plane bending,delta(O3-C4-N5),angle,0.34473816562573284,+,0.008202785791106178,0.9529792878238377
11,470.7578813475426,,,mixed cyclic-ring deformation (C-C-O bend) / ring-site C-H out-of-plane bending,nu(C1-C2),bond,0.2715125279170018,-,-0.013145444668935654,0.29225109464701776
11,470.7578813475426,,,mixed cyclic-ring deformation (C-C-O bend) / ring-site C-H out-of-plane bending,delta(O8-C7-H15),angle,0.22939010890653658,+,0.014538766316203976,0.20185355922397827
11,470.7578813475426,,,mixed cyclic-ring deformation (C-C-O bend) / ring-site C-H out-of-plane bending,nu(C2-C6),bond,0.18872130544521176,+,0.010509798594410237,0.31779640598064146
11,470.7578813475426,,,mixed cyclic-ring deformation (C-C-O bend) / ring-site C-H out-of-plane bending,nu(C6-C7),bond,0.1249451245783561,+,0.008930243293737409,0.29141343418307836
11,470.7578813475426,,,mixed cyclic-ring deformation (C-C-O bend) / ring-site C-H out-of-plane bending,nu(C2-O3),bond,0.11958138899517386,-,-0.008751881414187701,0.2903872748020396
11,470.7578813475426,,,mixed cyclic-ring deformation (C-C-O bend) / ring-site C-H out-of-plane bending,tau(H11-C1-C2-C6),dihedral,0.11631439333726541,-,-0.0050600519932221056,0.8449681468376289
11,470.7578813475426,,,mixed cyclic-ring deformation (C-C-O bend) / ring-site C-H out-of-plane bending,delta(O8-C9-H16),angle,0.060243822611526165,+,0.0074539865392543175,0.2016750387366806
11,470.7578813475426,,,mixed cyclic-ring deformation (C-C-O bend) / ring-site C-H out-of-plane bending,nu(C7-O8),bond,0.05483568370052948,-,-0.005963018956448858,0.2868452872636431
11,470.7578813475426,,,mixed cyclic-ring deformation (C-C-O bend) / ring-site C-H out-of-plane bending,nu(O8-C9),bond,0.04767335177252122,-,-0.005491314181212308,0.2940626988285609
11,470.7578813475426,,,mixed cyclic-ring deformation (C-C-O bend) / ring-site C-H out-of-plane bending,nu(C7-C9),bond,0.04376834613168621,-,-0.004585690917265015,0.38713943691768804
11,470.7578813475426,,,mixed cyclic-ring deformation (C-C-O bend) / ring-site C-H out-of-plane bending,nu(C4-N5),bond,0.022100191332585135,+,0.0023925246364373954,0.718124978197118
11,470.7578813475426,,,mixed cyclic-ring deformation (C-C-O bend) / ring-site C-H out-of-plane bending,delta(O3-C4-H13),angle,0.007550102798288158,-,-0.002337784250141749,0.25695723134917164
11,470.7578813475426,,,mixed cyclic-ring deformation (C-C-O bend) / ring-site C-H out-of-plane bending,delta(H11-C1-H12),angle,0.0063126540628128626,+,0.0008912435063045021,1.4782097740250923
11,470.7578813475426,,,mixed cyclic-ring deformation (C-C-O bend) / ring-site C-H out-of-plane bending,delta(C2-C1-H10),angle,0.0040098789640003445,-,-0.0018552855155016719,0.2166838743068714
11,470.7578813475426,,,mixed cyclic-ring deformation (C-C-O bend) / ring-site C-H out-of-plane bending,nu(C7-H15),bond,0.0010244231685885292,+,0.0007290916222703404,0.3584528290766376
11,470.7578813475426,,,mixed cyclic-ring deformation (C-C-O bend) / ring-site C-H out-of-plane bending,nu(C4-H13),bond,0.0009310609732317844,+,0.0006899153749726172,0.3638340261674659
11,470.7578813475426,,,mixed cyclic-ring deformation (C-C-O bend) / ring-site C-H out-of-plane bending,nu(C6-H14),bond,0.0009117860528842705,-,-0.0007087463293879804,0.33761997675065536
11,470.7578813475426,,,mixed cyclic-ring deformation (C-C-O bend) / ring-site C-H out-of-plane bending,nu(C9-H16),bond,0.0009073358013624511,-,-0.0006892090137153321,0.3552900019598891
11,470.7578813475426,,,mixed cyclic-ring deformation (C-C-O bend) / ring-site C-H out-of-plane bending,nu(C1-H12),bond,0.0009006314172342767,-,-0.0007032890389360723,0.33868520952195924
11,470.7578813475426,,,mixed cyclic-ring deformation (C-C-O bend) / ring-site C-H out-of-plane bending,nu(C1-H11),bond,0.0005603019088947464,+,0.0005567787368377,0.33618137997364117
11,470.7578813475426,,,mixed cyclic-ring deformation (C-C-O bend) / ring-site C-H out-of-plane bending,nu(C1-H10),bond,3.439739074980063e-05,+,0.0001379378007814059,0.3362604123431611
12,512.2022057461595,,,mixed C-C torsion / cyclic-ring deformation (C-C-O bend) / cyclic-ring torsional/out-of-plane deformation,tau(H12-C1-C2-C9),dihedral,27.80938995899512,-,-0.08351703882333457,0.8811305263997591
12,512.2022057461595,,,mixed C-C torsion / cyclic-ring deformation (C-C-O bend) / cyclic-ring torsional/out-of-plane deformation,delta(C2-C9-O8),angle,18.745764907600975,+,0.06619855963013994,0.9453770317224727
12,512.2022057461595,,,mixed C-C torsion / cyclic-ring deformation (C-C-O bend) / cyclic-ring torsional/out-of-plane deformation,tau(N5-C6-C7-C9),dihedral,14.714068084835857,-,-0.07755761250414077,0.5406084863476108
12,512.2022057461595,,,mixed C-C torsion / cyclic-ring deformation (C-C-O bend) / cyclic-ring torsional/out-of-plane deformation,delta(N5-C6-C7),angle,7.336055449799909,+,0.052894023626721555,0.5794932160067546
12,512.2022057461595,,,mixed C-C torsion / cyclic-ring deformation (C-C-O bend) / cyclic-ring torsional/out-of-plane deformation,nu(C6-C7),bond,6.515227257724443,+,0.07029257943048765,0.29141343418307836
12,512.2022057461595,,,mixed C-C torsion / cyclic-ring deformation (C-C-O bend) / cyclic-ring torsional/out-of-plane deformation,tau(C1-C2-O3-C4),dihedral,4.823327899710666,-,-0.06096466630490881,0.28680673515252064
12,512.2022057461595,,,mixed C-C torsion / cyclic-ring deformation (C-C-O bend) / cyclic-ring torsional/out-of-plane deformation,delta(C6-C7-O8),angle,4.1108851678130245,+,0.031319867605635425,0.9261780218445965
12,512.2022057461595,,,mixed C-C torsion / cyclic-ring deformation (C-C-O bend) / cyclic-ring torsional/out-of-plane deformation,tau(C2-O3-C4-H13),dihedral,3.3586284869893097,+,0.058809178492229774,0.21462025290396103
12,512.2022057461595,,,mixed C-C torsion / cyclic-ring deformation (C-C-O bend) / cyclic-ring torsional/out-of-plane deformation,"gamma(N5;C4,O3,H13)",oop,1.450370184233818,+,0.03483965598310944,0.2640767143320028
12,512.2022057461595,,,mixed C-C torsion / cyclic-ring deformation (C-C-O bend) / cyclic-ring torsional/out-of-plane deformation,tau(H10-C1-C2-O3),dihedral,1.3828400515770518,+,0.04240270265419388,0.16997452388979203
12,512.2022057461595,,,mixed C-C torsion / cyclic-ring deformation (C-C-O bend) / cyclic-ring torsional/out-of-plane deformation,delta(C2-C1-H11),angle,1.2700402752949806,-,-0.021563522446500692,0.6036386561693722
12,512.2022057461595,,,mixed C-C torsion / cyclic-ring deformation (C-C-O bend) / cyclic-ring torsional/out-of-plane deformation,"gamma(C6;C7,O8,H15)",oop,1.1357451906710625,-,-0.04461292064973228,0.12611262203061205
12,512.2022057461595,,,mixed C-C torsion / cyclic-ring deformation (C-C-O bend) / cyclic-ring torsional/out-of-plane deformation,nu(C2-C9),bond,1.127506807999109,-,-0.029456621253131924,0.2871787309625498
12,512.2022057461595,,,mixed C-C torsion / cyclic-ring deformation (C-C-O bend) / cyclic-ring torsional/out-of-plane deformation,nu(C2-O3),bond,1.1273059525197278,-,-0.029290824041218067,0.2903872748020396
12,512.2022057461595,,,mixed C-C torsion / cyclic-ring deformation (C-C-O bend) / cyclic-ring torsional/out-of-plane deformation,tau(O3-C2-C6-C7),dihedral,1.021491252727248,-,-0.01904176116203374,0.6226147219080224
12,512.2022057461595,,,mixed C-C torsion / cyclic-ring deformation (C-C-O bend) / cyclic-ring torsional/out-of-plane deformation,delta(C1-C2-O3),angle,0.8667762721504285,-,-0.015025613843813344,0.8484798402288911
12,512.2022057461595,,,mixed C-C torsion / cyclic-ring deformation (C-C-O bend) / cyclic-ring torsional/out-of-plane deformation,"gamma(C2;C9,O8,H16)",oop,0.6008682687527732,+,0.032368014712328974,0.1267494562515593
12,512.2022057461595,,,mixed C-C torsion / cyclic-ring deformation (C-C-O bend) / cyclic-ring torsional/out-of-plane deformation,nu(O8-C9),bond,0.5450582838410453,+,0.020239556098339908,0.2940626988285609
12,512.2022057461595,,,mixed C-C torsion / cyclic-ring deformation (C-C-O bend) / cyclic-ring torsional/out-of-plane deformation,nu(O3-C4),bond,0.49211652641719217,-,-0.01660088446203169,0.39464304780317283
12,512.2022057461595,,,mixed C-C torsion / cyclic-ring deformation (C-C-O bend) / cyclic-ring torsional/out-of-plane deformation,delta(O8-C9-H16),angle,0.3916984949701327,-,-0.020718072916092727,0.2016750387366806
12,512.2022057461595,,,mixed C-C torsion / cyclic-ring deformation (C-C-O bend) / cyclic-ring torsional/out-of-plane deformation,nu(N5-C6),bond,0.361901568642501,+,0.0159986939170879,0.3124786623234075
12,512.2022057461595,,,mixed C-C torsion / cyclic-ring deformation (C-C-O bend) / cyclic-ring torsional/out-of-plane deformation,delta(C2-C1-H10),angle,0.3391554882594423,+,0.01859882931545803,0.2166838743068714
12,512.2022057461595,,,mixed C-C torsion / cyclic-ring deformation (C-C-O bend) / cyclic-ring torsional/out-of-plane deformation,nu(C4-N5),bond,0.1875145249062709,+,0.007596559098109197,0.718124978197118
12,512.2022057461595,,,mixed C-C torsion / cyclic-ring deformation (C-C-O bend) / cyclic-ring torsional/out-of-plane deformation,nu(C7-O8),bond,0.1408053211330504,-,-0.010415620662859735,0.2868452872636431
12,512.2022057461595,,,mixed C-C torsion / cyclic-ring deformation (C-C-O bend) / cyclic-ring torsional/out-of-plane deformation,delta(H11-C1-H12),angle,0.024860972956624244,-,-0.0019279266473968706,1.4782097740250923
12,512.2022057461595,,,mixed C-C torsion / cyclic-ring deformation (C-C-O bend) / cyclic-ring torsional/out-of-plane deformation,tau(H11-C1-C2-C6),dihedral,0.023456658553108956,-,-0.0024769223082697065,0.8449681468376289
12,512.2022057461595,,,mixed C-C torsion / cyclic-ring deformation (C-C-O bend) / cyclic-ring torsional/out-of-plane deformation,delta(O3-C4-N5),angle,0.02163290970712701,-,-0.0022398308303423166,0.9529792878238377
12,512.2022057461595,,,mixed C-C torsion / cyclic-ring deformation (C-C-O bend) / cyclic-ring torsional/out-of-plane deformation,nu(C1-C2),bond,0.020270736306003186,+,0.003915219987310603,0.29225109464701776
12,512.2022057461595,,,mixed C-C torsion / cyclic-ring deformation (C-C-O bend) / cyclic-ring torsional/out-of-plane deformation,delta(N5-C6-H14),angle,0.012578525073441805,+,0.003491185359460736,0.22807772116185696
12,512.2022057461595,,,mixed C-C torsion / cyclic-ring deformation (C-C-O bend) / cyclic-ring torsional/out-of-plane deformation,nu(C2-C6),bond,0.011571465703282416,+,0.0028367376699353435,0.31779640598064146
12,512.2022057461595,,,mixed C-C torsion / cyclic-ring deformation (C-C-O bend) / cyclic-ring torsional/out-of-plane deformation,delta(O8-C7-H15),angle,0.007527076395432509,+,0.0028707438059638875,0.20185355922397827
12,512.2022057461595,,,mixed C-C torsion / cyclic-ring deformation (C-C-O bend) / cyclic-ring torsional/out-of-plane deformation,delta(C2-C1-H12),angle,0.005780730023017879,-,-0.001473121777975277,0.5887139782225514
12,512.2022057461595,,,mixed C-C torsion / cyclic-ring deformation (C-C-O bend) / cyclic-ring torsional/out-of-plane deformation,"gamma(C2;C6,N5,H14)",oop,0.004355454047357063,+,0.0022400030875960367,0.19183823175155254
12,512.2022057461595,,,mixed C-C torsion / cyclic-ring deformation (C-C-O bend) / cyclic-ring torsional/out-of-plane deformation,nu(C7-H15),bond,0.004265202878069557,+,0.001621635790357037,0.3584528290766376
12,512.2022057461595,,,mixed C-C torsion / cyclic-ring deformation (C-C-O bend) / cyclic-ring torsional/out-of-plane deformation,nu(C9-H16),bond,0.0037439434956012888,-,-0.0015260635871352107,0.3552900019598891
12,512.2022057461595,,,mixed C-C torsion / cyclic-ring deformation (C-C-O bend) / cyclic-ring torsional/out-of-plane deformation,nu(C1-H10),bond,0.0033744674130321015,-,-0.0014892384103050882,0.3362604123431611
12,512.2022057461595,,,mixed C-C torsion / cyclic-ring deformation (C-C-O bend) / cyclic-ring torsional/out-of-plane deformation,nu(C6-H14),bond,0.0014396987812444312,-,-0.0009707809177406463,0.33761997675065536
12,512.2022057461595,,,mixed C-C torsion / cyclic-ring deformation (C-C-O bend) / cyclic-ring torsional/out-of-plane deformation,nu(C1-H11),bond,0.0002659723266156333,+,0.0004181488230061124,0.33618137997364117
12,512.2022057461595,,,mixed C-C torsion / cyclic-ring deformation (C-C-O bend) / cyclic-ring torsional/out-of-plane deformation,delta(O3-C4-H13),angle,0.00018299975925098835,+,0.0003967293378150948,0.25695723134917164
12,512.2022057461595,,,mixed C-C torsion / cyclic-ring deformation (C-C-O bend) / cyclic-ring torsional/out-of-plane deformation,nu(C1-H12),bond,8.411254066358943e-05,-,-0.0002342781253817397,0.33868520952195924
12,512.2022057461595,,,mixed C-C torsion / cyclic-ring deformation (C-C-O bend) / cyclic-ring torsional/out-of-plane deformation,nu(C4-H13),bond,5.016810952379655e-05,-,-0.0001745668165541673,0.3638340261674659
12,512.2022057461595,,,mixed C-C torsion / cyclic-ring deformation (C-C-O bend) / cyclic-ring torsional/out-of-plane deformation,nu(C7-C9),bond,1.7228365466889348e-05,-,-9.917171216263375e-05,0.38713943691768804
13,589.55100518873,,,mixed C-C-O bending / exocyclic C-C stretching,delta(C1-C2-O3),angle,19.488342579180266,+,0.06860636831789028,0.8484798402288911
13,589.55100518873,,,mixed C-C-O bending / exocyclic C-C stretching,nu(C1-C2),bond,17.1273018656825,+,0.10958828857771151,0.29225109464701776
13,589.55100518873,,,mixed C-C-O bending / exocyclic C-C stretching,tau(O3-C2-C6-C7),dihedral,13.637314303612733,-,-0.06699655538158622,0.6226147219080224
13,589.55100518873,,,mixed C-C-O bending / exocyclic C-C stretching,delta(C2-C9-O8),angle,10.629203079562654,+,0.04800047895267731,0.9453770317224727
13,589.55100518873,,,mixed C-C-O bending / exocyclic C-C stretching,tau(C2-O3-C4-H13),dihedral,10.327488579867836,-,-0.09930240171533715,0.21462025290396103
13,589.55100518873,,,mixed C-C-O bending / exocyclic C-C stretching,nu(C2-C6),bond,3.9147245243251274,+,0.05024280232304375,0.31779640598064146
13,589.55100518873,,,mixed C-C-O bending / exocyclic C-C stretching,tau(C1-C2-O3-C4),dihedral,3.7189053462707924,+,0.05154785893785598,0.28680673515252064
13,589.55100518873,,,mixed C-C-O bending / exocyclic C-C stretching,nu(C2-C9),bond,3.2164793828068765,+,0.047908435839840204,0.2871787309625498
13,589.55100518873,,,mixed C-C-O bending / exocyclic C-C stretching,nu(O8-C9),bond,3.2068722116918997,+,0.04727359167618071,0.2940626988285609
13,589.55100518873,,,mixed C-C-O bending / exocyclic C-C stretching,delta(C6-C7-O8),angle,2.8277003110938157,+,0.02501308138491579,0.9261780218445965
13,589.55100518873,,,mixed C-C-O bending / exocyclic C-C stretching,tau(H11-C1-C2-C6),dihedral,2.1927384789058375,-,-0.02306062067060961,0.8449681468376289
13,589.55100518873,,,mixed C-C-O bending / exocyclic C-C stretching,tau(H12-C1-C2-C9),dihedral,1.4457301358745467,+,0.018336702337221945,0.8811305263997591
13,589.55100518873,,,mixed C-C-O bending / exocyclic C-C stretching,delta(O8-C9-H16),angle,1.0779885792189048,-,-0.03309624685771554,0.2016750387366806
13,589.55100518873,,,mixed C-C-O bending / exocyclic C-C stretching,delta(C2-C1-H11),angle,0.8956359185866638,+,0.017437128625964454,0.6036386561693722
13,589.55100518873,,,mixed C-C-O bending / exocyclic C-C stretching,"gamma(N5;C4,O3,H13)",oop,0.8864904546767169,-,-0.026228274471458306,0.2640767143320028
13,589.55100518873,,,mixed C-C-O bending / exocyclic C-C stretching,nu(C2-O3),bond,0.8269023189750059,+,0.02415661380759906,0.2903872748020396
13,589.55100518873,,,mixed C-C-O bending / exocyclic C-C stretching,nu(C7-O8),bond,0.6963588216249336,-,-0.02230439374534889,0.2868452872636431
13,589.55100518873,,,mixed C-C-O bending / exocyclic C-C stretching,delta(C2-C1-H12),angle,0.6333363909998394,+,0.014847823266419834,0.5887139782225514
13,589.55100518873,,,mixed C-C-O bending / exocyclic C-C stretching,"gamma(C2;C6,N5,H14)",oop,0.4850761864364643,-,-0.02276329558424311,0.19183823175155254
13,589.55100518873,,,mixed C-C-O bending / exocyclic C-C stretching,"gamma(C2;C9,O8,H16)",oop,0.48071984526489625,+,0.027878584229137693,0.1267494562515593
13,589.55100518873,,,mixed C-C-O bending / exocyclic C-C stretching,delta(C2-C1-H10),angle,0.44142223738353414,-,-0.020432031506974615,0.2166838743068714
13,589.55100518873,,,mixed C-C-O bending / exocyclic C-C stretching,tau(N5-C6-C7-C9),dihedral,0.3487881090267274,+,0.01149839298572726,0.5406084863476108
13,589.55100518873,,,mixed C-C-O bending / exocyclic C-C stretching,tau(H10-C1-C2-O3),dihedral,0.30931045732187246,+,0.019310927205155842,0.16997452388979203
13,589.55100518873,,,mixed C-C-O bending / exocyclic C-C stretching,nu(C7-C9),bond,0.23924132212230212,-,-0.011253357910506856,0.38713943691768804
13,589.55100518873,,,mixed C-C-O bending / exocyclic C-C stretching,delta(N5-C6-H14),angle,0.2010565681063157,-,-0.013440500517094984,0.22807772116185696
13,589.55100518873,,,mixed C-C-O bending / exocyclic C-C stretching,nu(O3-C4),bond,0.17605547551686804,+,0.00956137346433026,0.39464304780317283
13,589.55100518873,,,mixed C-C-O bending / exocyclic C-C stretching,delta(N5-C6-C7),angle,0.1623967510492041,-,-0.00757813315512348,0.5794932160067546
13,589.55100518873,,,mixed C-C-O bending / exocyclic C-C stretching,delta(O8-C7-H15),angle,0.1512547506202353,+,0.012391790087065929,0.20185355922397827
13,589.55100518873,,,mixed C-C-O bending / exocyclic C-C stretching,delta(O3-C4-N5),angle,0.07191681694129953,+,0.003932522712297662,0.9529792878238377
13,589.55100518873,,,mixed C-C-O bending / exocyclic C-C stretching,"gamma(C6;C7,O8,H15)",oop,0.06098110621202455,-,-0.00995442349978817,0.12611262203061205
13,589.55100518873,,,mixed C-C-O bending / exocyclic C-C stretching,nu(C4-N5),bond,0.03744729434750799,-,-0.003268947514019945,0.718124978197118
13,589.55100518873,,,mixed C-C-O bending / exocyclic C-C stretching,delta(O3-C4-H13),angle,0.03207957222618719,-,-0.005058032365225627,0.25695723134917164
13,589.55100518873,,,mixed C-C-O bending / exocyclic C-C stretching,delta(H11-C1-H12),angle,0.01530494795811506,+,0.0014566178768656028,1.4782097740250923
13,589.55100518873,,,mixed C-C-O bending / exocyclic C-C stretching,nu(N5-C6),bond,0.01372905615841799,+,0.0030005985786495,0.3124786623234075
13,589.55100518873,,,mixed C-C-O bending / exocyclic C-C stretching,nu(C6-C7),bond,0.011199073072184746,-,-0.0028062993558931144,0.29141343418307836
13,589.55100518873,,,mixed C-C-O bending / exocyclic C-C stretching,nu(C1-H10),bond,0.00498013873622848,+,0.0017421301303408476,0.3362604123431611
13,589.55100518873,,,mixed C-C-O bending / exocyclic C-C stretching,nu(C9-H16),bond,0.003739642613743756,-,-0.001468660108010333,0.3552900019598891
13,589.55100518873,,,mixed C-C-O bending / exocyclic C-C stretching,nu(C1-H12),bond,0.0015538648517289912,+,0.0009696304550530627,0.33868520952195924
13,589.55100518873,,,mixed C-C-O bending / exocyclic C-C stretching,nu(C7-H15),bond,0.00152513780322208,+,0.0009337621775151297,0.3584528290766376
13,589.55100518873,,,mixed C-C-O bending / exocyclic C-C stretching,nu(C4-H13),bond,0.0006765313866072462,+,0.0006172911642013029,0.3638340261674659
13,589.55100518873,,,mixed C-C-O bending / exocyclic C-C stretching,nu(C1-H11),bond,1.6499943237226514e-05,-,-0.00010028873172529431,0.33618137997364117
13,589.55100518873,,,mixed C-C-O bending / exocyclic C-C stretching,nu(C6-H14),bond,1.5331944124145928e-05,-,-9.646778081829619e-05,0.33761997675065536
14,665.8114795978378,,,mixed C-C torsion / cyclic C-N stretching,tau(H11-C1-C2-C6),dihedral,31.334291886356905,+,0.08039981265150896,0.8449681468376289
14,665.8114795978378,,,mixed C-C torsion / cyclic C-N stretching,nu(N5-C6),bond,9.935079326708093,+,0.07444589394637004,0.3124786623234075
14,665.8114795978378,,,mixed C-C torsion / cyclic C-N stretching,tau(O3-C2-C6-C7),dihedral,9.250172918324928,+,0.050889770937989284,0.6226147219080224
14,665.8114795978378,,,mixed C-C torsion / cyclic C-N stretching,delta(C2-C9-O8),angle,6.415240008583607,-,-0.03439293146215045,0.9453770317224727
14,665.8114795978378,,,mixed C-C torsion / cyclic C-N stretching,nu(C2-O3),bond,5.814738296169874,-,-0.05908014591402224,0.2903872748020396
14,665.8114795978378,,,mixed C-C torsion / cyclic C-N stretching,tau(H12-C1-C2-C9),dihedral,5.472621906986118,-,-0.03290355793512286,0.8811305263997591
14,665.8114795978378,,,mixed C-C torsion / cyclic C-N stretching,delta(C2-C1-H12),angle,5.250372383325685,-,-0.0394283082091952,0.5887139782225514
14,665.8114795978378,,,mixed C-C torsion / cyclic C-N stretching,tau(H10-C1-C2-O3),dihedral,3.9577556157547615,-,-0.06370856652808578,0.16997452388979203
14,665.8114795978378,,,mixed C-C torsion / cyclic C-N stretching,"gamma(C6;C7,O8,H15)",oop,3.3493362130359983,+,0.06804016498760132,0.12611262203061205
14,665.8114795978378,,,mixed C-C torsion / cyclic C-N stretching,nu(C2-C9),bond,3.2836193951089454,+,0.044644250184604294,0.2871787309625498
14,665.8114795978378,,,mixed C-C torsion / cyclic C-N stretching,"gamma(C2;C9,O8,H16)",oop,2.0760173584990707,+,0.053432771475473026,0.1267494562515593
14,665.8114795978378,,,mixed C-C torsion / cyclic C-N stretching,nu(C7-O8),bond,1.9713547479311542,+,0.034611768894250924,0.2868452872636431
14,665.8114795978378,,,mixed C-C torsion / cyclic C-N stretching,nu(O8-C9),bond,1.2000289545270943,-,-0.026671114032676305,0.2940626988285609
14,665.8114795978378,,,mixed C-C torsion / cyclic C-N stretching,tau(C2-O3-C4-H13),dihedral,1.182640154691525,+,0.030992472344981484,0.21462025290396103
14,665.8114795978378,,,mixed C-C torsion / cyclic C-N stretching,delta(N5-C6-H14),angle,1.1089247644039917,-,-0.029112189645732617,0.22807772116185696
14,665.8114795978378,,,mixed C-C torsion / cyclic C-N stretching,delta(C2-C1-H10),angle,1.0640052726765326,+,0.0292566002089294,0.2166838743068714
14,665.8114795978378,,,mixed C-C torsion / cyclic C-N stretching,"gamma(C2;C6,N5,H14)",oop,1.0509394977155369,-,-0.030901996504271032,0.19183823175155254
14,665.8114795978378,,,mixed C-C torsion / cyclic C-N stretching,delta(O8-C7-H15),angle,0.8394173472650174,-,-0.026923779638939185,0.20185355922397827
14,665.8114795978378,,,mixed C-C torsion / cyclic C-N stretching,tau(C1-C2-O3-C4),dihedral,0.8300428459599616,+,0.02246057373172077,0.28680673515252064
14,665.8114795978378,,,mixed C-C torsion / cyclic C-N stretching,nu(C6-C7),bond,0.7684147390382028,-,-0.021439187473512405,0.29141343418307836
14,665.8114795978378,,,mixed C-C torsion / cyclic C-N stretching,delta(C6-C7-O8),angle,0.7341906151200345,+,0.011754994818841383,0.9261780218445965
14,665.8114795978378,,,mixed C-C torsion / cyclic C-N stretching,delta(O3-C4-H13),angle,0.6417557737808808,-,-0.020865064585717696,0.25695723134917164
14,665.8114795978378,,,mixed C-C torsion / cyclic C-N stretching,delta(N5-C6-C7),angle,0.5360625911753806,+,0.01269839510171932,0.5794932160067546
14,665.8114795978378,,,mixed C-C torsion / cyclic C-N stretching,delta(O8-C9-H16),angle,0.4909779515457481,+,0.02060014054822378,0.2016750387366806
14,665.8114795978378,,,mixed C-C torsion / cyclic C-N stretching,delta(C1-C2-O3),angle,0.37878912656014885,-,-0.008821516505024643,0.8484798402288911
14,665.8114795978378,,,mixed C-C torsion / cyclic C-N stretching,nu(C1-C2),bond,0.37611153107383244,+,0.014977713333818836,0.29225109464701776
14,665.8114795978378,,,mixed C-C torsion / cyclic C-N stretching,delta(O3-C4-N5),angle,0.2568799790460816,-,-0.006854703290278609,0.9529792878238377
14,665.8114795978378,,,mixed C-C torsion / cyclic C-N stretching,delta(H11-C1-H12),angle,0.18511891320633395,-,-0.004672212902048734,1.4782097740250923
14,665.8114795978378,,,mixed C-C torsion / cyclic C-N stretching,delta(C2-C1-H11),angle,0.15491494327989272,+,0.006688417854154081,0.6036386561693722
14,665.8114795978378,,,mixed C-C torsion / cyclic C-N stretching,tau(N5-C6-C7-C9),dihedral,0.027328157608360822,+,0.0029684450268554524,0.5406084863476108
14,665.8114795978378,,,mixed C-C torsion / cyclic C-N stretching,nu(C6-H14),bond,0.013925068524947173,-,-0.0026813275213140642,0.33761997675065536
14,665.8114795978378,,,mixed C-C torsion / cyclic C-N stretching,nu(C2-C6),bond,0.013403617433186401,-,-0.0027114511486539612,0.31779640598064146
14,665.8114795978378,,,mixed C-C torsion / cyclic C-N stretching,nu(C9-H16),bond,0.009460979390076367,+,0.002154476781684932,0.3552900019598891
14,665.8114795978378,,,mixed C-C torsion / cyclic C-N stretching,nu(C4-N5),bond,0.006012668609609796,-,-0.0012080888633052588,0.718124978197118
14,665.8114795978378,,,mixed C-C torsion / cyclic C-N stretching,"gamma(N5;C4,O3,H13)",oop,0.005994311648219067,+,0.001989160691787588,0.2640767143320028
14,665.8114795978378,,,mixed C-C torsion / cyclic C-N stretching,nu(C7-H15),bond,0.0058637032280949505,-,-0.0016886329053882776,0.3584528290766376
14,665.8114795978378,,,mixed C-C torsion / cyclic C-N stretching,nu(C7-C9),bond,0.003871561543865236,+,0.0013203061304481545,0.38713943691768804
14,665.8114795978378,,,mixed C-C torsion / cyclic C-N stretching,nu(C1-H10),bond,0.002346109809529575,-,-0.0011028121957869907,0.3362604123431611
14,665.8114795978378,,,mixed C-C torsion / cyclic C-N stretching,nu(C4-H13),bond,0.0010742523348609078,+,0.0007174088999950991,0.3638340261674659
14,665.8114795978378,,,mixed C-C torsion / cyclic C-N stretching,nu(C1-H12),bond,0.00044441954288539483,+,0.00047825962795082445,0.33868520952195924
14,665.8114795978378,,,mixed C-C torsion / cyclic C-N stretching,nu(O3-C4),bond,0.0003156441168405487,+,0.0003733893137427226,0.39464304780317283
14,665.8114795978378,,,mixed C-C torsion / cyclic C-N stretching,nu(C1-H11),bond,0.0001444483581881098,-,-0.0002736747565046628,0.33618137997364117
15,708.0834306435169,,,mixed cyclic-ring deformation (C-C-O bend) / cyclic-ring deformation (N-C-C bend),delta(C6-C7-O8),angle,26.202057086391363,-,-0.0910209521862604,0.9261780218445965
15,708.0834306435169,,,mixed cyclic-ring deformation (C-C-O bend) / cyclic-ring deformation (N-C-C bend),delta(C2-C9-O8),angle,17.091936172416634,-,-0.07276357414691194,0.9453770317224727
15,708.0834306435169,,,mixed cyclic-ring deformation (C-C-O bend) / cyclic-ring deformation (N-C-C bend),delta(N5-C6-C7),angle,13.393783760778456,+,0.0822713036615956,0.5794932160067546
15,708.0834306435169,,,mixed cyclic-ring deformation (C-C-O bend) / cyclic-ring deformation (N-C-C bend),nu(C2-O3),bond,8.460077318029322,+,0.09236752168907138,0.2903872748020396
15,708.0834306435169,,,mixed cyclic-ring deformation (C-C-O bend) / cyclic-ring deformation (N-C-C bend),tau(O3-C2-C6-C7),dihedral,4.569382491797542,+,0.046359631965544726,0.6226147219080224
15,708.0834306435169,,,mixed cyclic-ring deformation (C-C-O bend) / cyclic-ring deformation (N-C-C bend),nu(C7-O8),bond,3.4228403627421207,-,-0.059114004249467535,0.2868452872636431
15,708.0834306435169,,,mixed cyclic-ring deformation (C-C-O bend) / cyclic-ring deformation (N-C-C bend),nu(N5-C6),bond,3.3790537546111756,+,0.056274064316765834,0.3124786623234075
15,708.0834306435169,,,mixed cyclic-ring deformation (C-C-O bend) / cyclic-ring deformation (N-C-C bend),"gamma(N5;C4,O3,H13)",oop,3.131085464223419,+,0.058925506301471434,0.2640767143320028
15,708.0834306435169,,,mixed cyclic-ring deformation (C-C-O bend) / cyclic-ring deformation (N-C-C bend),nu(C6-C7),bond,2.7778954317371793,+,0.052835287871154865,0.29141343418307836
15,708.0834306435169,,,mixed cyclic-ring deformation (C-C-O bend) / cyclic-ring deformation (N-C-C bend),"gamma(C2;C9,O8,H16)",oop,2.7178065041530637,-,-0.07924231051613052,0.1267494562515593
15,708.0834306435169,,,mixed cyclic-ring deformation (C-C-O bend) / cyclic-ring deformation (N-C-C bend),"gamma(C2;C6,N5,H14)",oop,2.266301071131308,+,0.05881825506485857,0.19183823175155254
15,708.0834306435169,,,mixed cyclic-ring deformation (C-C-O bend) / cyclic-ring deformation (N-C-C bend),tau(C2-O3-C4-H13),dihedral,1.9590091917599237,+,0.051701578339778995,0.21462025290396103
15,708.0834306435169,,,mixed cyclic-ring deformation (C-C-O bend) / cyclic-ring deformation (N-C-C bend),nu(C1-C2),bond,1.8079819169204636,+,0.04256374999504571,0.29225109464701776
15,708.0834306435169,,,mixed cyclic-ring deformation (C-C-O bend) / cyclic-ring deformation (N-C-C bend),"gamma(C6;C7,O8,H15)",oop,1.3892493505223438,+,0.05679782944203922,0.12611262203061205
15,708.0834306435169,,,mixed cyclic-ring deformation (C-C-O bend) / cyclic-ring deformation (N-C-C bend),nu(C2-C9),bond,1.2339835752273567,+,0.03547312662903819,0.2871787309625498
15,708.0834306435169,,,mixed cyclic-ring deformation (C-C-O bend) / cyclic-ring deformation (N-C-C bend),nu(C2-C6),bond,1.1317192442223538,+,0.032293548972859874,0.31779640598064146
15,708.0834306435169,,,mixed cyclic-ring deformation (C-C-O bend) / cyclic-ring deformation (N-C-C bend),tau(H12-C1-C2-C9),dihedral,0.8631961258915785,+,0.01693774277646956,0.8811305263997591
15,708.0834306435169,,,mixed cyclic-ring deformation (C-C-O bend) / cyclic-ring deformation (N-C-C bend),delta(N5-C6-H14),angle,0.8477315255557264,-,-0.032992000498563,0.22807772116185696
15,708.0834306435169,,,mixed cyclic-ring deformation (C-C-O bend) / cyclic-ring deformation (N-C-C bend),tau(H10-C1-C2-O3),dihedral,0.6438871668601404,-,-0.0333068747336337,0.16997452388979203
15,708.0834306435169,,,mixed cyclic-ring deformation (C-C-O bend) / cyclic-ring deformation (N-C-C bend),delta(C1-C2-O3),angle,0.5851614390443929,-,-0.014211437234003489,0.8484798402288911
15,708.0834306435169,,,mixed cyclic-ring deformation (C-C-O bend) / cyclic-ring deformation (N-C-C bend),tau(C1-C2-O3-C4),dihedral,0.5293505962496428,-,-0.023248661064820913,0.28680673515252064
15,708.0834306435169,,,mixed cyclic-ring deformation (C-C-O bend) / cyclic-ring deformation (N-C-C bend),nu(C7-C9),bond,0.2919310557249262,+,0.014860292489554967,0.38713943691768804
15,708.0834306435169,,,mixed cyclic-ring deformation (C-C-O bend) / cyclic-ring deformation (N-C-C bend),delta(O8-C7-H15),angle,0.27596936653174736,+,0.02000935770918856,0.20185355922397827
15,708.0834306435169,,,mixed cyclic-ring deformation (C-C-O bend) / cyclic-ring deformation (N-C-C bend),delta(O3-C4-N5),angle,0.2286381503300463,-,-0.008382113434835171,0.9529792878238377
15,708.0834306435169,,,mixed cyclic-ring deformation (C-C-O bend) / cyclic-ring deformation (N-C-C bend),delta(O8-C9-H16),angle,0.2230308541975767,-,-0.0179960551332611,0.2016750387366806
15,708.0834306435169,,,mixed cyclic-ring deformation (C-C-O bend) / cyclic-ring deformation (N-C-C bend),tau(N5-C6-C7-C9),dihedral,0.1273036166243861,+,0.008304239330665911,0.5406084863476108
15,708.0834306435169,,,mixed cyclic-ring deformation (C-C-O bend) / cyclic-ring deformation (N-C-C bend),delta(C2-C1-H12),angle,0.09673170414270142,+,0.006936703974649451,0.5887139782225514
15,708.0834306435169,,,mixed cyclic-ring deformation (C-C-O bend) / cyclic-ring deformation (N-C-C bend),nu(O8-C9),bond,0.09477529540010154,+,0.009715127837020157,0.2940626988285609
15,708.0834306435169,,,mixed cyclic-ring deformation (C-C-O bend) / cyclic-ring deformation (N-C-C bend),nu(C4-N5),bond,0.062200351547606246,+,0.00503636641158739,0.718124978197118
15,708.0834306435169,,,mixed cyclic-ring deformation (C-C-O bend) / cyclic-ring deformation (N-C-C bend),nu(C7-H15),bond,0.03437023969266345,+,0.005299027701968559,0.3584528290766376
15,708.0834306435169,,,mixed cyclic-ring deformation (C-C-O bend) / cyclic-ring deformation (N-C-C bend),delta(C2-C1-H11),angle,0.03289028918167785,+,0.003994535083331761,0.6036386561693722
15,708.0834306435169,,,mixed cyclic-ring deformation (C-C-O bend) / cyclic-ring deformation (N-C-C bend),delta(O3-C4-H13),angle,0.03214928388545236,+,0.006053076259171068,0.25695723134917164
15,708.0834306435169,,,mixed cyclic-ring deformation (C-C-O bend) / cyclic-ring deformation (N-C-C bend),delta(H11-C1-H12),angle,0.0321113314488348,-,-0.0025222146131220753,1.4782097740250923
15,708.0834306435169,,,mixed cyclic-ring deformation (C-C-O bend) / cyclic-ring deformation (N-C-C bend),nu(O3-C4),bond,0.020950519621855464,+,0.003942902944124232,0.39464304780317283
15,708.0834306435169,,,mixed cyclic-ring deformation (C-C-O bend) / cyclic-ring deformation (N-C-C bend),nu(C4-H13),bond,0.017723475298054688,+,0.0037769714467912564,0.3638340261674659
15,708.0834306435169,,,mixed cyclic-ring deformation (C-C-O bend) / cyclic-ring deformation (N-C-C bend),tau(H11-C1-C2-C6),dihedral,0.009238850754097817,-,-0.0017894094341020616,0.8449681468376289
15,708.0834306435169,,,mixed cyclic-ring deformation (C-C-O bend) / cyclic-ring deformation (N-C-C bend),nu(C9-H16),bond,0.005677085124708789,+,0.002163177343514251,0.3552900019598891
15,708.0834306435169,,,mixed cyclic-ring deformation (C-C-O bend) / cyclic-ring deformation (N-C-C bend),delta(C2-C1-H10),angle,0.005418566726840634,-,-0.002706137331768992,0.2166838743068714
15,708.0834306435169,,,mixed cyclic-ring deformation (C-C-O bend) / cyclic-ring deformation (N-C-C bend),nu(C6-H14),bond,0.0038157421303332295,-,-0.0018192666423016788,0.33761997675065536
15,708.0834306435169,,,mixed cyclic-ring deformation (C-C-O bend) / cyclic-ring deformation (N-C-C bend),nu(C1-H10),bond,0.0008692736936728664,+,0.0008700842626664628,0.3362604123431611
15,708.0834306435169,,,mixed cyclic-ring deformation (C-C-O bend) / cyclic-ring deformation (N-C-C bend),nu(C1-H11),bond,0.0004152601578268364,+,0.0006014426476780946,0.33618137997364117
15,708.0834306435169,,,mixed cyclic-ring deformation (C-C-O bend) / cyclic-ring deformation (N-C-C bend),nu(C1-H12),bond,0.0003001375193696004,-,-0.0005094281557040538,0.33868520952195924
16,805.4305177773364,,,mixed mixed-phase cyclic C-O stretching / mixed-phase cyclic C-C stretching,nu(C7-O8),bond,33.80537376135956,+,0.20212327859910134,0.2868452872636431
16,805.4305177773364,,,mixed mixed-phase cyclic C-O stretching / mixed-phase cyclic C-C stretching,tau(N5-C6-C7-C9),dihedral,13.724113453434116,-,-0.09380976393672615,0.5406084863476108
16,805.4305177773364,,,mixed mixed-phase cyclic C-O stretching / mixed-phase cyclic C-C stretching,nu(C6-C7),bond,9.873927932997848,+,0.10837709726601669,0.29141343418307836
16,805.4305177773364,,,mixed mixed-phase cyclic C-O stretching / mixed-phase cyclic C-C stretching,nu(O8-C9),bond,8.970111235150277,-,-0.102831522915457,0.2940626988285609
16,805.4305177773364,,,mixed mixed-phase cyclic C-O stretching / mixed-phase cyclic C-C stretching,nu(C2-O3),bond,7.19075750267882,+,0.09265009175925887,0.2903872748020396
16,805.4305177773364,,,mixed mixed-phase cyclic C-O stretching / mixed-phase cyclic C-C stretching,nu(C2-C9),bond,3.9741568195687917,+,0.0692617861122295,0.2871787309625498
16,805.4305177773364,,,mixed mixed-phase cyclic C-O stretching / mixed-phase cyclic C-C stretching,nu(C7-C9),bond,3.7066694102762416,-,-0.05761101711511656,0.38713943691768804
16,805.4305177773364,,,mixed mixed-phase cyclic C-O stretching / mixed-phase cyclic C-C stretching,delta(C6-C7-O8),angle,3.2282258940536073,-,-0.03476018231339119,0.9261780218445965
16,805.4305177773364,,,mixed mixed-phase cyclic C-O stretching / mixed-phase cyclic C-C stretching,delta(C2-C9-O8),angle,2.382144839976328,+,0.029554858294931468,0.9453770317224727
16,805.4305177773364,,,mixed mixed-phase cyclic C-O stretching / mixed-phase cyclic C-C stretching,delta(O8-C7-H15),angle,2.0455393181809822,-,-0.059269741455827425,0.20185355922397827
16,805.4305177773364,,,mixed mixed-phase cyclic C-O stretching / mixed-phase cyclic C-C stretching,delta(N5-C6-C7),angle,1.8920535784816606,-,-0.03364262385131359,0.5794932160067546
16,805.4305177773364,,,mixed mixed-phase cyclic C-O stretching / mixed-phase cyclic C-C stretching,tau(H11-C1-C2-C6),dihedral,1.3129042517741651,+,0.02320831879464209,0.8449681468376289
16,805.4305177773364,,,mixed mixed-phase cyclic C-O stretching / mixed-phase cyclic C-C stretching,tau(H12-C1-C2-C9),dihedral,1.2972129212080696,-,-0.022590863527016995,0.8811305263997591
16,805.4305177773364,,,mixed mixed-phase cyclic C-O stretching / mixed-phase cyclic C-C stretching,delta(O3-C4-N5),angle,0.9854598170757842,-,-0.01893324487898249,0.9529792878238377
16,805.4305177773364,,,mixed mixed-phase cyclic C-O stretching / mixed-phase cyclic C-C stretching,nu(C2-C6),bond,0.7878976921186259,-,-0.029316204750417924,0.31779640598064146
16,805.4305177773364,,,mixed mixed-phase cyclic C-O stretching / mixed-phase cyclic C-C stretching,nu(O3-C4),bond,0.6370725487343659,-,-0.023655903529044318,0.39464304780317283
16,805.4305177773364,,,mixed mixed-phase cyclic C-O stretching / mixed-phase cyclic C-C stretching,"gamma(N5;C4,O3,H13)",oop,0.620281179997169,-,-0.028534914200059873,0.2640767143320028
16,805.4305177773364,,,mixed mixed-phase cyclic C-O stretching / mixed-phase cyclic C-C stretching,delta(O3-C4-H13),angle,0.6199354974788532,+,0.02891945824863776,0.25695723134917164
16,805.4305177773364,,,mixed mixed-phase cyclic C-O stretching / mixed-phase cyclic C-C stretching,nu(C1-C2),bond,0.5981054841197865,+,0.026635333672733828,0.29225109464701776
16,805.4305177773364,,,mixed mixed-phase cyclic C-O stretching / mixed-phase cyclic C-C stretching,nu(N5-C6),bond,0.5954521929385894,+,0.025701625363406325,0.3124786623234075
16,805.4305177773364,,,mixed mixed-phase cyclic C-O stretching / mixed-phase cyclic C-C stretching,delta(O8-C9-H16),angle,0.466046064130619,+,0.028303208490385007,0.2016750387366806
16,805.4305177773364,,,mixed mixed-phase cyclic C-O stretching / mixed-phase cyclic C-C stretching,delta(C1-C2-O3),angle,0.24893123848814025,-,-0.010084776056258142,0.8484798402288911
16,805.4305177773364,,,mixed mixed-phase cyclic C-O stretching / mixed-phase cyclic C-C stretching,delta(N5-C6-H14),angle,0.24505109646685277,-,-0.01929897374306997,0.22807772116185696
16,805.4305177773364,,,mixed mixed-phase cyclic C-O stretching / mixed-phase cyclic C-C stretching,delta(C2-C1-H10),angle,0.16742431182056008,+,0.01636602792640599,0.2166838743068714
16,805.4305177773364,,,mixed mixed-phase cyclic C-O stretching / mixed-phase cyclic C-C stretching,tau(O3-C2-C6-C7),dihedral,0.13995555039361898,+,0.008827397699846518,0.6226147219080224
16,805.4305177773364,,,mixed mixed-phase cyclic C-O stretching / mixed-phase cyclic C-C stretching,"gamma(C6;C7,O8,H15)",oop,0.11532190913396322,-,-0.017804261191332004,0.12611262203061205
16,805.4305177773364,,,mixed mixed-phase cyclic C-O stretching / mixed-phase cyclic C-C stretching,tau(H10-C1-C2-O3),dihedral,0.09437229083945474,+,0.013873232185667871,0.16997452388979203
16,805.4305177773364,,,mixed mixed-phase cyclic C-O stretching / mixed-phase cyclic C-C stretching,delta(H11-C1-H12),angle,0.0673536527900104,-,-0.003974292845095409,1.4782097740250923
16,805.4305177773364,,,mixed mixed-phase cyclic C-O stretching / mixed-phase cyclic C-C stretching,delta(C2-C1-H12),angle,0.04607479812409582,-,-0.005208670314745899,0.5887139782225514
16,805.4305177773364,,,mixed mixed-phase cyclic C-O stretching / mixed-phase cyclic C-C stretching,"gamma(C2;C6,N5,H14)",oop,0.0429009688553321,+,0.008804674222652395,0.19183823175155254
16,805.4305177773364,,,mixed mixed-phase cyclic C-O stretching / mixed-phase cyclic C-C stretching,delta(C2-C1-H11),angle,0.034207813089232104,-,-0.004432221501222035,0.6036386561693722
16,805.4305177773364,,,mixed mixed-phase cyclic C-O stretching / mixed-phase cyclic C-C stretching,tau(C1-C2-O3-C4),dihedral,0.024116655098165678,-,-0.005398973378885172,0.28680673515252064
16,805.4305177773364,,,mixed mixed-phase cyclic C-O stretching / mixed-phase cyclic C-C stretching,nu(C9-H16),bond,0.019752303311921248,+,0.004390001842303668,0.3552900019598891
16,805.4305177773364,,,mixed mixed-phase cyclic C-O stretching / mixed-phase cyclic C-C stretching,"gamma(C2;C9,O8,H16)",oop,0.011004319359296522,-,-0.005486000756138636,0.1267494562515593
16,805.4305177773364,,,mixed mixed-phase cyclic C-O stretching / mixed-phase cyclic C-C stretching,nu(C6-H14),bond,0.007032977888506236,+,0.0026872178825552637,0.33761997675065536
16,805.4305177773364,,,mixed mixed-phase cyclic C-O stretching / mixed-phase cyclic C-C stretching,nu(C4-N5),bond,0.006774380389764697,-,-0.0018083483569510583,0.718124978197118
16,805.4305177773364,,,mixed mixed-phase cyclic C-O stretching / mixed-phase cyclic C-C stretching,nu(C4-H13),bond,0.006747950269187448,+,0.0025356050217372975,0.3638340261674659
16,805.4305177773364,,,mixed mixed-phase cyclic C-O stretching / mixed-phase cyclic C-C stretching,tau(C2-O3-C4-H13),dihedral,0.003358275134761201,+,0.0023290033248903005,0.21462025290396103
16,805.4305177773364,,,mixed mixed-phase cyclic C-O stretching / mixed-phase cyclic C-C stretching,nu(C7-H15),bond,0.002989121277078793,-,-0.0017002120291456605,0.3584528290766376
16,805.4305177773364,,,mixed mixed-phase cyclic C-O stretching / mixed-phase cyclic C-C stretching,nu(C1-H12),bond,0.001424734209927066,+,0.0012075806165156042,0.33868520952195924
16,805.4305177773364,,,mixed mixed-phase cyclic C-O stretching / mixed-phase cyclic C-C stretching,nu(C1-H11),bond,0.0012097602172240123,-,-0.0011168893359290528,0.33618137997364117
16,805.4305177773364,,,mixed mixed-phase cyclic C-O stretching / mixed-phase cyclic C-C stretching,nu(C1-H10),bond,0.000554497108659118,+,0.0007560649322417185,0.3362604123431611
17,831.0260305238643,,,mixed mixed-phase cyclic C-C stretching / C-C torsion,nu(C2-C6),bond,26.522569367999168,-,-0.21244577643717094,0.31779640598064146
17,831.0260305238643,,,mixed mixed-phase cyclic C-C stretching / C-C torsion,tau(H12-C1-C2-C9),dihedral,22.37442550415689,-,-0.11718462050625264,0.8811305263997591
17,831.0260305238643,,,mixed mixed-phase cyclic C-C stretching / C-C torsion,delta(O3-C4-N5),angle,12.225317195564976,-,-0.08329196967435608,0.9529792878238377
17,831.0260305238643,,,mixed mixed-phase cyclic C-C stretching / C-C torsion,delta(C2-C1-H11),angle,10.227126850215582,-,-0.095720089209931,0.6036386561693722
17,831.0260305238643,,,mixed mixed-phase cyclic C-C stretching / C-C torsion,nu(C7-C9),bond,3.14125060876001,+,0.06624183903505297,0.38713943691768804
17,831.0260305238643,,,mixed mixed-phase cyclic C-C stretching / C-C torsion,delta(N5-C6-C7),angle,3.139799086448053,-,-0.05413043865372102,0.5794932160067546
17,831.0260305238643,,,mixed mixed-phase cyclic C-C stretching / C-C torsion,delta(C2-C1-H12),angle,2.9048628496153928,+,0.05165655476554034,0.5887139782225514
17,831.0260305238643,,,mixed mixed-phase cyclic C-C stretching / C-C torsion,tau(O3-C2-C6-C7),dihedral,2.8364940534571823,-,-0.04963591602395506,0.6226147219080224
17,831.0260305238643,,,mixed mixed-phase cyclic C-C stretching / C-C torsion,nu(C7-O8),bond,2.732673954498742,-,-0.07177692428005955,0.2868452872636431
17,831.0260305238643,,,mixed mixed-phase cyclic C-C stretching / C-C torsion,tau(N5-C6-C7-C9),dihedral,2.5190141482465283,+,0.05019826063071868,0.5406084863476108
17,831.0260305238643,,,mixed mixed-phase cyclic C-C stretching / C-C torsion,nu(O3-C4),bond,1.8422959366769351,-,-0.05024493214258477,0.39464304780317283
17,831.0260305238643,,,mixed mixed-phase cyclic C-C stretching / C-C torsion,nu(C2-O3),bond,1.6281928887052712,+,0.05506541687880647,0.2903872748020396
17,831.0260305238643,,,mixed mixed-phase cyclic C-C stretching / C-C torsion,tau(H10-C1-C2-O3),dihedral,1.3176989200580702,+,0.06474868810957204,0.16997452388979203
17,831.0260305238643,,,mixed mixed-phase cyclic C-C stretching / C-C torsion,delta(O3-C4-H13),angle,1.1692739182984866,+,0.04960694752143322,0.25695723134917164
17,831.0260305238643,,,mixed mixed-phase cyclic C-C stretching / C-C torsion,"gamma(C6;C7,O8,H15)",oop,1.1328709693207302,+,0.06969887069309375,0.12611262203061205
17,831.0260305238643,,,mixed mixed-phase cyclic C-C stretching / C-C torsion,"gamma(C2;C9,O8,H16)",oop,0.826101264318271,-,-0.05936881576836651,0.1267494562515593
17,831.0260305238643,,,mixed mixed-phase cyclic C-C stretching / C-C torsion,"gamma(N5;C4,O3,H13)",oop,0.5308014536897506,-,-0.03296976055358086,0.2640767143320028
17,831.0260305238643,,,mixed mixed-phase cyclic C-C stretching / C-C torsion,delta(C2-C9-O8),angle,0.5294030223027026,-,-0.017402253066231874,0.9453770317224727
17,831.0260305238643,,,mixed mixed-phase cyclic C-C stretching / C-C torsion,nu(C2-C9),bond,0.5006688604745175,+,0.030705342752039674,0.2871787309625498
17,831.0260305238643,,,mixed mixed-phase cyclic C-C stretching / C-C torsion,delta(C2-C1-H10),angle,0.47128190045088186,+,0.03429587436709743,0.2166838743068714
17,831.0260305238643,,,mixed mixed-phase cyclic C-C stretching / C-C torsion,nu(C6-C7),bond,0.363697705701044,+,0.025979470270145015,0.29141343418307836
17,831.0260305238643,,,mixed mixed-phase cyclic C-C stretching / C-C torsion,nu(C4-N5),bond,0.2705265499092121,-,-0.014273146574244753,0.718124978197118
17,831.0260305238643,,,mixed mixed-phase cyclic C-C stretching / C-C torsion,delta(O8-C9-H16),angle,0.26635302814794704,-,-0.026724989297094392,0.2016750387366806
17,831.0260305238643,,,mixed mixed-phase cyclic C-C stretching / C-C torsion,nu(O8-C9),bond,0.2288019756283316,+,0.02051278890882198,0.2940626988285609
17,831.0260305238643,,,mixed mixed-phase cyclic C-C stretching / C-C torsion,tau(C1-C2-O3-C4),dihedral,0.07895612006773646,-,-0.012201494308759301,0.28680673515252064
17,831.0260305238643,,,mixed mixed-phase cyclic C-C stretching / C-C torsion,tau(C2-O3-C4-H13),dihedral,0.05776591920186348,-,-0.012064665580680112,0.21462025290396103
17,831.0260305238643,,,mixed mixed-phase cyclic C-C stretching / C-C torsion,delta(H11-C1-H12),angle,0.05583088416024739,-,-0.004519433632294225,1.4782097740250923
17,831.0260305238643,,,mixed mixed-phase cyclic C-C stretching / C-C torsion,nu(C1-C2),bond,0.03190323088741975,-,-0.007683410829057235,0.29225109464701776
17,831.0260305238643,,,mixed mixed-phase cyclic C-C stretching / C-C torsion,nu(N5-C6),bond,0.02108116107462503,+,0.006040207733741557,0.3124786623234075
17,831.0260305238643,,,mixed mixed-phase cyclic C-C stretching / C-C torsion,delta(C6-C7-O8),angle,0.020677599191761133,+,0.0034747024148627107,0.9261780218445965
17,831.0260305238643,,,mixed mixed-phase cyclic C-C stretching / C-C torsion,"gamma(C2;C6,N5,H14)",oop,0.00575533246408612,-,-0.004027934706389493,0.19183823175155254
17,831.0260305238643,,,mixed mixed-phase cyclic C-C stretching / C-C torsion,delta(C1-C2-O3),angle,0.005553282277602748,-,-0.0018813470031401477,0.8484798402288911
17,831.0260305238643,,,mixed mixed-phase cyclic C-C stretching / C-C torsion,delta(O8-C7-H15),angle,0.005350103395398873,-,-0.0037859744344243087,0.20185355922397827
17,831.0260305238643,,,mixed mixed-phase cyclic C-C stretching / C-C torsion,tau(H11-C1-C2-C6),dihedral,0.0043144253877012975,-,-0.001661713345820792,0.8449681468376289
17,831.0260305238643,,,mixed mixed-phase cyclic C-C stretching / C-C torsion,nu(C4-H13),bond,0.0040503939252257365,+,0.0024536452399651913,0.3638340261674659
17,831.0260305238643,,,mixed mixed-phase cyclic C-C stretching / C-C torsion,nu(C6-H14),bond,0.0028378072004246824,-,-0.0021320243991701034,0.33761997675065536
17,831.0260305238643,,,mixed mixed-phase cyclic C-C stretching / C-C torsion,delta(N5-C6-H14),angle,0.002243341954252668,+,0.0023063281607340535,0.22807772116185696
17,831.0260305238643,,,mixed mixed-phase cyclic C-C stretching / C-C torsion,nu(C7-H15),bond,0.0007310527162415194,+,0.0010502027145447871,0.3584528290766376
17,831.0260305238643,,,mixed mixed-phase cyclic C-C stretching / C-C torsion,nu(C1-H10),bond,0.0007251789075252244,-,-0.0010799396993679423,0.3362604123431611
17,831.0260305238643,,,mixed mixed-phase cyclic C-C stretching / C-C torsion,nu(C1-H12),bond,0.0006088627069668083,-,-0.0009859987551039673,0.33868520952195924
17,831.0260305238643,,,mixed mixed-phase cyclic C-C stretching / C-C torsion,nu(C9-H16),bond,0.00011304949842844711,-,-0.00041481802733936825,0.3552900019598891
17,831.0260305238643,,,mixed mixed-phase cyclic C-C stretching / C-C torsion,nu(C1-H11),bond,2.423378088303109e-07,-,-1.974415518190959e-05,0.33618137997364117
18,847.3794481483365,,,mixed cyclic C-C stretching / cyclic C-O stretching,nu(O8-C9),bond,24.67687678118147,-,-0.16932769957158506,0.2940626988285609
18,847.3794481483365,,,mixed cyclic C-C stretching / cyclic C-O stretching,nu(C7-C9),bond,22.999735951535513,+,0.14247235380028048,0.38713943691768804
18,847.3794481483365,,,mixed cyclic C-C stretching / cyclic C-O stretching,nu(C2-C6),bond,7.406436044932195,+,0.08923454820905641,0.31779640598064146
18,847.3794481483365,,,mixed cyclic C-C stretching / cyclic C-O stretching,delta(C2-C9-O8),angle,6.2752906859210364,+,0.04762305831828192,0.9453770317224727
18,847.3794481483365,,,mixed cyclic C-C stretching / cyclic C-O stretching,"gamma(C2;C9,O8,H16)",oop,5.655312806263484,-,-0.12346906083048914,0.1267494562515593
18,847.3794481483365,,,mixed cyclic C-C stretching / cyclic C-O stretching,delta(C2-C1-H12),angle,5.592180239425009,-,-0.05696935307516687,0.5887139782225514
18,847.3794481483365,,,mixed cyclic C-C stretching / cyclic C-O stretching,delta(C2-C1-H11),angle,4.577976808216366,+,0.05090391132250025,0.6036386561693722
18,847.3794481483365,,,mixed cyclic C-C stretching / cyclic C-O stretching,tau(H11-C1-C2-C6),dihedral,3.6853649564228985,+,0.038603169484762216,0.8449681468376289
18,847.3794481483365,,,mixed cyclic C-C stretching / cyclic C-O stretching,"gamma(C6;C7,O8,H15)",oop,3.2864064967350255,+,0.09435919864393882,0.12611262203061205
18,847.3794481483365,,,mixed cyclic C-C stretching / cyclic C-O stretching,tau(N5-C6-C7-C9),dihedral,3.2656583008681963,-,-0.04543042737018539,0.5406084863476108
18,847.3794481483365,,,mixed cyclic C-C stretching / cyclic C-O stretching,delta(O3-C4-N5),angle,3.253588943926982,+,0.034154072210168133,0.9529792878238377
18,847.3794481483365,,,mixed cyclic C-C stretching / cyclic C-O stretching,delta(O8-C7-H15),angle,1.9935167271413456,-,-0.058089095957227645,0.20185355922397827
18,847.3794481483365,,,mixed cyclic C-C stretching / cyclic C-O stretching,nu(C2-C9),bond,1.3143735722775085,-,-0.039544505988939715,0.2871787309625498
18,847.3794481483365,,,mixed cyclic C-C stretching / cyclic C-O stretching,nu(C1-C2),bond,1.25961217109566,+,0.03837454439187948,0.29225109464701776
18,847.3794481483365,,,mixed cyclic C-C stretching / cyclic C-O stretching,tau(H10-C1-C2-O3),dihedral,0.990698972241909,-,-0.04462536906660149,0.16997452388979203
18,847.3794481483365,,,mixed cyclic C-C stretching / cyclic C-O stretching,tau(O3-C2-C6-C7),dihedral,0.8318523529434301,+,0.02136566001353427,0.6226147219080224
18,847.3794481483365,,,mixed cyclic C-C stretching / cyclic C-O stretching,nu(C7-O8),bond,0.4603332333477063,+,0.0234161335631901,0.2868452872636431
18,847.3794481483365,,,mixed cyclic C-C stretching / cyclic C-O stretching,delta(O8-C9-H16),angle,0.31033445888928757,-,-0.02292935337850726,0.2016750387366806
18,847.3794481483365,,,mixed cyclic C-C stretching / cyclic C-O stretching,delta(H11-C1-H12),angle,0.29418469634928657,-,-0.008246029515220434,1.4782097740250923
18,847.3794481483365,,,mixed cyclic C-C stretching / cyclic C-O stretching,nu(C2-O3),bond,0.28541808504445393,+,0.018325457884416186,0.2903872748020396
18,847.3794481483365,,,mixed cyclic C-C stretching / cyclic C-O stretching,delta(C6-C7-O8),angle,0.24136913512080777,-,-0.009436186437849079,0.9261780218445965
18,847.3794481483365,,,mixed cyclic C-C stretching / cyclic C-O stretching,delta(C1-C2-O3),angle,0.18714108820940945,-,-0.008680938762622738,0.8484798402288911
18,847.3794481483365,,,mixed cyclic C-C stretching / cyclic C-O stretching,tau(C2-O3-C4-H13),dihedral,0.18408189464404,+,0.017118790143069107,0.21462025290396103
18,847.3794481483365,,,mixed cyclic C-C stretching / cyclic C-O stretching,tau(C1-C2-O3-C4),dihedral,0.1746579676869109,+,0.014424554525137424,0.28680673515252064
18,847.3794481483365,,,mixed cyclic C-C stretching / cyclic C-O stretching,nu(C6-C7),bond,0.15856617832301564,-,-0.013634944561805177,0.29141343418307836
18,847.3794481483365,,,mixed cyclic C-C stretching / cyclic C-O stretching,delta(C2-C1-H10),angle,0.12681115718841343,+,0.01414061565063141,0.2166838743068714
18,847.3794481483365,,,mixed cyclic C-C stretching / cyclic C-O stretching,delta(O3-C4-H13),angle,0.11483984772782975,-,-0.0123571626544172,0.25695723134917164
18,847.3794481483365,,,mixed cyclic C-C stretching / cyclic C-O stretching,nu(C4-N5),bond,0.10187841055805412,+,0.0069621591272316955,0.718124978197118
18,847.3794481483365,,,mixed cyclic C-C stretching / cyclic C-O stretching,nu(O3-C4),bond,0.092641259385136,+,0.00895576890000161,0.39464304780317283
18,847.3794481483365,,,mixed cyclic C-C stretching / cyclic C-O stretching,tau(H12-C1-C2-C9),dihedral,0.07547239895857624,-,-0.005409745507798665,0.8811305263997591
18,847.3794481483365,,,mixed cyclic C-C stretching / cyclic C-O stretching,"gamma(N5;C4,O3,H13)",oop,0.054767449912215715,-,-0.008417809386055292,0.2640767143320028
18,847.3794481483365,,,mixed cyclic C-C stretching / cyclic C-O stretching,nu(N5-C6),bond,0.05351316930064436,-,-0.0076493236073919765,0.3124786623234075
18,847.3794481483365,,,mixed cyclic C-C stretching / cyclic C-O stretching,nu(C9-H16),bond,0.013730515156086823,+,0.003633747986096245,0.3552900019598891
18,847.3794481483365,,,mixed cyclic C-C stretching / cyclic C-O stretching,"gamma(C2;C6,N5,H14)",oop,0.0018374157914985176,+,0.0018090018969648808,0.19183823175155254
18,847.3794481483365,,,mixed cyclic C-C stretching / cyclic C-O stretching,nu(C1-H12),bond,0.0011164329295374436,+,0.001061258262579933,0.33868520952195924
18,847.3794481483365,,,mixed cyclic C-C stretching / cyclic C-O stretching,nu(C6-H14),bond,0.0008188346941060929,+,0.0009103050064993053,0.33761997675065536
18,847.3794481483365,,,mixed cyclic C-C stretching / cyclic C-O stretching,delta(N5-C6-C7),angle,0.0006765997929617894,-,-0.0006316036535625657,0.5794932160067546
18,847.3794481483365,,,mixed cyclic C-C stretching / cyclic C-O stretching,nu(C7-H15),bond,0.0004451266370762548,+,0.000651371371791441,0.3584528290766376
18,847.3794481483365,,,mixed cyclic C-C stretching / cyclic C-O stretching,nu(C1-H10),bond,0.0002295142571078165,-,-0.00048291405439637014,0.3362604123431611
18,847.3794481483365,,,mixed cyclic C-C stretching / cyclic C-O stretching,delta(N5-C6-H14),angle,0.00020308438602755234,-,-0.0005515688305374109,0.22807772116185696
18,847.3794481483365,,,mixed cyclic C-C stretching / cyclic C-O stretching,nu(C1-H11),bond,2.651945047783092e-05,+,0.00016417170700504233,0.33618137997364117
18,847.3794481483365,,,mixed cyclic C-C stretching / cyclic C-O stretching,nu(C4-H13),bond,2.3715131311525573e-05,-,-0.00014923269844606727,0.3638340261674659
19,879.9775823183986,,,mixed C-C torsion / cyclic C-O stretching,tau(H12-C1-C2-C9),dihedral,19.73855352477105,+,0.10210954589071801,0.8811305263997591
19,879.9775823183986,,,mixed C-C torsion / cyclic C-O stretching,nu(C2-O3),bond,17.040191318809583,-,-0.1652636154058414,0.2903872748020396
19,879.9775823183986,,,mixed C-C torsion / cyclic C-O stretching,delta(C6-C7-O8),angle,11.22416374749794,-,-0.07510322184091932,0.9261780218445965
19,879.9775823183986,,,mixed C-C torsion / cyclic C-O stretching,nu(C6-C7),bond,8.872893454790772,+,0.11904376544947125,0.29141343418307836
19,879.9775823183986,,,mixed C-C torsion / cyclic C-O stretching,delta(C2-C1-H11),angle,8.311125902418816,+,0.08005163666368836,0.6036386561693722
19,879.9775823183986,,,mixed C-C torsion / cyclic C-O stretching,tau(N5-C6-C7-C9),dihedral,4.517601037628403,+,0.06236505568774814,0.5406084863476108
19,879.9775823183986,,,mixed C-C torsion / cyclic C-O stretching,"gamma(C2;C9,O8,H16)",oop,4.198755339070524,-,-0.12416981634223644,0.1267494562515593
19,879.9775823183986,,,mixed C-C torsion / cyclic C-O stretching,nu(C2-C9),bond,4.0895134203505,-,-0.08141201229586745,0.2871787309625498
19,879.9775823183986,,,mixed C-C torsion / cyclic C-O stretching,delta(C2-C9-O8),angle,3.0439306101462407,+,0.03871182601982221,0.9453770317224727
19,879.9775823183986,,,mixed C-C torsion / cyclic C-O stretching,"gamma(C2;C6,N5,H14)",oop,2.574491993734823,+,0.07903273258841281,0.19183823175155254
19,879.9775823183986,,,mixed C-C torsion / cyclic C-O stretching,nu(N5-C6),bond,2.419902614634398,+,0.060036804376636325,0.3124786623234075
19,879.9775823183986,,,mixed C-C torsion / cyclic C-O stretching,delta(O3-C4-N5),angle,2.406804711867258,-,-0.03428526434786331,0.9529792878238377
19,879.9775823183986,,,mixed C-C torsion / cyclic C-O stretching,"gamma(C6;C7,O8,H15)",oop,1.7062570775522383,-,-0.07935453697943275,0.12611262203061205
19,879.9775823183986,,,mixed C-C torsion / cyclic C-O stretching,delta(C2-C1-H10),angle,1.451058234758752,-,-0.05582875353723544,0.2166838743068714
19,879.9775823183986,,,mixed C-C torsion / cyclic C-O stretching,tau(H10-C1-C2-O3),dihedral,1.3386740915284234,-,-0.06054444732047248,0.16997452388979203
19,879.9775823183986,,,mixed C-C torsion / cyclic C-O stretching,nu(C2-C6),bond,1.328241843328513,-,-0.04410551472395616,0.31779640598064146
19,879.9775823183986,,,mixed C-C torsion / cyclic C-O stretching,delta(C1-C2-O3),angle,1.029563191000305,+,0.023764820935667293,0.8484798402288911
19,879.9775823183986,,,mixed C-C torsion / cyclic C-O stretching,tau(H11-C1-C2-C6),dihedral,0.8620164028184465,-,-0.021790460225739,0.8449681468376289
19,879.9775823183986,,,mixed C-C torsion / cyclic C-O stretching,delta(N5-C6-C7),angle,0.7845068488048081,-,-0.025101692106315566,0.5794932160067546
19,879.9775823183986,,,mixed C-C torsion / cyclic C-O stretching,delta(C2-C1-H12),angle,0.46679791141696847,-,-0.0192106068854041,0.5887139782225514
19,879.9775823183986,,,mixed C-C torsion / cyclic C-O stretching,nu(C7-O8),bond,0.44798246606825104,+,0.02696096640376875,0.2868452872636431
19,879.9775823183986,,,mixed C-C torsion / cyclic C-O stretching,tau(O3-C2-C6-C7),dihedral,0.4441550094125978,+,0.01822159527883591,0.6226147219080224
19,879.9775823183986,,,mixed C-C torsion / cyclic C-O stretching,nu(C1-C2),bond,0.381201208817562,+,0.024639271779390563,0.29225109464701776
19,879.9775823183986,,,mixed C-C torsion / cyclic C-O stretching,delta(O3-C4-H13),angle,0.3508027279515949,-,-0.02520750520431902,0.25695723134917164
19,879.9775823183986,,,mixed C-C torsion / cyclic C-O stretching,delta(H11-C1-H12),angle,0.32126666723680236,+,0.010057582551788334,1.4782097740250923
19,879.9775823183986,,,mixed C-C torsion / cyclic C-O stretching,delta(O8-C9-H16),angle,0.21800211102061828,-,-0.02243019667912497,0.2016750387366806
19,879.9775823183986,,,mixed C-C torsion / cyclic C-O stretching,tau(C2-O3-C4-H13),dihedral,0.12004203174033734,+,0.016134671371969382,0.21462025290396103
19,879.9775823183986,,,mixed C-C torsion / cyclic C-O stretching,tau(C1-C2-O3-C4),dihedral,0.11951276506980929,+,0.013926477473348011,0.28680673515252064
19,879.9775823183986,,,mixed C-C torsion / cyclic C-O stretching,nu(C4-N5),bond,0.06922571447972607,-,-0.0066982679047659635,0.718124978197118
19,879.9775823183986,,,mixed C-C torsion / cyclic C-O stretching,"gamma(N5;C4,O3,H13)",oop,0.038807362656906694,-,-0.008270291501714096,0.2640767143320028
19,879.9775823183986,,,mixed C-C torsion / cyclic C-O stretching,delta(O8-C7-H15),angle,0.03178910075981685,+,0.008561497265857384,0.20185355922397827
19,879.9775823183986,,,mixed C-C torsion / cyclic C-O stretching,nu(C7-C9),bond,0.019470899147536636,-,-0.0048382477496355415,0.38713943691768804
19,879.9775823183986,,,mixed C-C torsion / cyclic C-O stretching,nu(C7-H15),bond,0.010416876067766265,+,0.0036777444529215277,0.3584528290766376
19,879.9775823183986,,,mixed C-C torsion / cyclic C-O stretching,nu(C9-H16),bond,0.005751588964791563,-,-0.002744929751143041,0.3552900019598891
19,879.9775823183986,,,mixed C-C torsion / cyclic C-O stretching,nu(C6-H14),bond,0.005436224105189323,-,-0.002737558539564505,0.33761997675065536
19,879.9775823183986,,,mixed C-C torsion / cyclic C-O stretching,nu(O3-C4),bond,0.004282117995187427,+,0.002247273308324518,0.39464304780317283
19,879.9775823183986,,,mixed C-C torsion / cyclic C-O stretching,delta(N5-C6-H14),angle,0.0022964089804298404,-,-0.0021647711549309424,0.22807772116185696
19,879.9775823183986,,,mixed C-C torsion / cyclic C-O stretching,nu(C1-H11),bond,0.0014280366952981408,-,-0.001406085282705526,0.33618137997364117
19,879.9775823183986,,,mixed C-C torsion / cyclic C-O stretching,nu(C1-H10),bond,0.0013570866930031882,+,0.0013705495206699702,0.3362604123431611
19,879.9775823183986,,,mixed C-C torsion / cyclic C-O stretching,nu(C1-H12),bond,0.0008900754808671577,+,0.0011059719434168864,0.33868520952195924
19,879.9775823183986,,,mixed C-C torsion / cyclic C-O stretching,nu(C4-H13),bond,0.0007784308401113739,-,-0.0009979003324469375,0.3638340261674659
19,879.9775823183986,,,mixed C-C torsion / cyclic C-O stretching,nu(O8-C9),bond,6.181288702422685e-05,-,-0.00031278675273950735,0.2940626988285609
20,903.5403535107384,,,mixed C-C torsion / C-H bending,tau(H11-C1-C2-C6),dihedral,30.93812140511934,-,-0.1947029721817901,0.8449681468376289
20,903.5403535107384,,,mixed C-C torsion / C-H bending,delta(C2-C1-H12),angle,17.37756793062918,+,0.17481878752946903,0.5887139782225514
20,903.5403535107384,,,mixed C-C torsion / C-H bending,nu(C2-C9),bond,10.51603885602831,+,0.19471335290700761,0.2871787309625498
20,903.5403535107384,,,mixed C-C torsion / C-H bending,delta(C2-C1-H10),angle,7.728235280658934,-,-0.19216427504206188,0.2166838743068714
20,903.5403535107384,,,mixed C-C torsion / C-H bending,nu(C2-O3),bond,6.9711135523020005,-,-0.1576551159239992,0.2903872748020396
20,903.5403535107384,,,mixed C-C torsion / C-H bending,tau(H12-C1-C2-C9),dihedral,5.549862333952146,+,0.08075450543275765,0.8811305263997591
20,903.5403535107384,,,mixed C-C torsion / C-H bending,"gamma(C6;C7,O8,H15)",oop,3.079832760563623,+,0.15901206213728422,0.12611262203061205
20,903.5403535107384,,,mixed C-C torsion / C-H bending,delta(H11-C1-H12),angle,2.583012058769619,+,0.04253446379388992,1.4782097740250923
20,903.5403535107384,,,mixed C-C torsion / C-H bending,tau(C2-O3-C4-H13),dihedral,2.1115967733687118,-,-0.10092898922101912,0.21462025290396103
20,903.5403535107384,,,mixed C-C torsion / C-H bending,"gamma(N5;C4,O3,H13)",oop,2.0881096975136746,+,0.09048099784967317,0.2640767143320028
20,903.5403535107384,,,mixed C-C torsion / C-H bending,tau(N5-C6-C7-C9),dihedral,1.3575696633531043,-,-0.0509900470914242,0.5406084863476108
20,903.5403535107384,,,mixed C-C torsion / C-H bending,delta(C2-C9-O8),angle,1.3053409767887836,-,-0.03780987508543136,0.9453770317224727
20,903.5403535107384,,,mixed C-C torsion / C-H bending,nu(C6-C7),bond,1.1974581919455596,-,-0.06522606448131303,0.29141343418307836
20,903.5403535107384,,,mixed C-C torsion / C-H bending,delta(N5-C6-C7),angle,1.0433450808534106,+,0.04317532233143333,0.5794932160067546
20,903.5403535107384,,,mixed C-C torsion / C-H bending,nu(C7-O8),bond,0.9759285718972956,+,0.05935139582529168,0.2868452872636431
20,903.5403535107384,,,mixed C-C torsion / C-H bending,delta(C1-C2-O3),angle,0.9476405447130531,+,0.0340053174184503,0.8484798402288911
20,903.5403535107384,,,mixed C-C torsion / C-H bending,delta(O3-C4-N5),angle,0.709724384003219,-,-0.027768275700408875,0.9529792878238377
20,903.5403535107384,,,mixed C-C torsion / C-H bending,tau(H10-C1-C2-O3),dihedral,0.6338565630019783,+,0.062136868046316414,0.16997452388979203
20,903.5403535107384,,,mixed C-C torsion / C-H bending,nu(O8-C9),bond,0.5731719930822389,-,-0.044922952453538584,0.2940626988285609
20,903.5403535107384,,,mixed C-C torsion / C-H bending,nu(C2-C6),bond,0.41533610614033606,+,0.03678503156311258,0.31779640598064146
20,903.5403535107384,,,mixed C-C torsion / C-H bending,delta(C2-C1-H11),angle,0.33648106390059923,+,0.024023571487495867,0.6036386561693722
20,903.5403535107384,,,mixed C-C torsion / C-H bending,delta(O8-C7-H15),angle,0.28505462019017375,-,-0.038237687242977096,0.20185355922397827
20,903.5403535107384,,,mixed C-C torsion / C-H bending,nu(O3-C4),bond,0.2778328780197899,-,-0.026998234850281688,0.39464304780317283
20,903.5403535107384,,,mixed C-C torsion / C-H bending,"gamma(C2;C6,N5,H14)",oop,0.2043097398492434,+,0.033206471812668455,0.19183823175155254
20,903.5403535107384,,,mixed C-C torsion / C-H bending,tau(O3-C2-C6-C7),dihedral,0.17643499206414118,-,-0.0171288595605319,0.6226147219080224
20,903.5403535107384,,,mixed C-C torsion / C-H bending,nu(C1-C2),bond,0.12193041334704893,-,-0.020783741395555493,0.29225109464701776
20,903.5403535107384,,,mixed C-C torsion / C-H bending,tau(C1-C2-O3-C4),dihedral,0.11528230467039577,-,-0.020400106391957797,0.28680673515252064
20,903.5403535107384,,,mixed C-C torsion / C-H bending,delta(O8-C9-H16),angle,0.10027145942883688,-,-0.022688635271729766,0.2016750387366806
20,903.5403535107384,,,mixed C-C torsion / C-H bending,delta(C6-C7-O8),angle,0.07902095255074615,-,-0.009398740849083678,0.9261780218445965
20,903.5403535107384,,,mixed C-C torsion / C-H bending,delta(N5-C6-H14),angle,0.0628463026807245,-,-0.01689056643179202,0.22807772116185696
20,903.5403535107384,,,mixed C-C torsion / C-H bending,"gamma(C2;C9,O8,H16)",oop,0.06233105001219312,-,-0.022564460236745305,0.1267494562515593
20,903.5403535107384,,,mixed C-C torsion / C-H bending,nu(C4-N5),bond,0.034959666358950675,-,-0.007099526807768328,0.718124978197118
20,903.5403535107384,,,mixed C-C torsion / C-H bending,nu(C9-H16),bond,0.016065817743265893,+,0.006842356609141978,0.3552900019598891
20,903.5403535107384,,,mixed C-C torsion / C-H bending,nu(C1-H10),bond,0.009663978435165737,+,0.005454888598367358,0.3362604123431611
20,903.5403535107384,,,mixed C-C torsion / C-H bending,nu(C7-C9),bond,0.005332655330832161,-,-0.0037764507949882248,0.38713943691768804
20,903.5403535107384,,,mixed C-C torsion / C-H bending,nu(N5-C6),bond,0.0032700176458667846,+,0.003291627219142886,0.3124786623234075
20,903.5403535107384,,,mixed C-C torsion / C-H bending,delta(O3-C4-H13),angle,0.0031149215641963785,-,-0.003542737021965683,0.25695723134917164
20,903.5403535107384,,,mixed C-C torsion / C-H bending,nu(C4-H13),bond,0.0015851738813927115,-,-0.0021238927283832023,0.3638340261674659
20,903.5403535107384,,,mixed C-C torsion / C-H bending,nu(C6-H14),bond,0.0006612713180432663,+,0.001424037924445948,0.33761997675065536
20,903.5403535107384,,,mixed C-C torsion / C-H bending,nu(C1-H12),bond,0.00038853804280032065,-,-0.0010898442536124051,0.33868520952195924
20,903.5403535107384,,,mixed C-C torsion / C-H bending,nu(C7-H15),bond,0.00029868075511667807,-,-0.0009288239265852568,0.3584528290766376
20,903.5403535107384,,,mixed C-C torsion / C-H bending,nu(C1-H11),bond,7.775259680059797e-07,+,4.893464068427123e-05,0.33618137997364117
21,927.7761961215205,,,mixed cyclic-ring out-of-plane deformation / cyclic C-C stretching,"gamma(N5;C4,O3,H13)",oop,16.115562550546834,+,0.18722611901293632,0.2640767143320028
21,927.7761961215205,,,mixed cyclic-ring out-of-plane deformation / cyclic C-C stretching,nu(C6-C7),bond,13.892510418356572,-,-0.16547955140709075,0.29141343418307836
21,927.7761961215205,,,mixed cyclic-ring out-of-plane deformation / cyclic C-C stretching,delta(O3-C4-N5),angle,10.90596079307854,-,-0.08107724611802772,0.9529792878238377
21,927.7761961215205,,,mixed cyclic-ring out-of-plane deformation / cyclic C-C stretching,nu(O8-C9),bond,7.365558614471896,-,-0.11994761841584482,0.2940626988285609
21,927.7761961215205,,,mixed cyclic-ring out-of-plane deformation / cyclic C-C stretching,tau(C2-O3-C4-H13),dihedral,6.987422390692667,-,-0.13675143781946603,0.21462025290396103
21,927.7761961215205,,,mixed cyclic-ring out-of-plane deformation / cyclic C-C stretching,delta(N5-C6-C7),angle,6.46410076001055,+,0.08004581566668,0.5794932160067546
21,927.7761961215205,,,mixed cyclic-ring out-of-plane deformation / cyclic C-C stretching,delta(C2-C1-H12),angle,4.491512641378797,-,-0.06619922316756914,0.5887139782225514
21,927.7761961215205,,,mixed cyclic-ring out-of-plane deformation / cyclic C-C stretching,delta(C2-C9-O8),angle,4.161405170424018,+,0.050283584793179556,0.9453770317224727
21,927.7761961215205,,,mixed cyclic-ring out-of-plane deformation / cyclic C-C stretching,"gamma(C2;C9,O8,H16)",oop,3.9704232018326526,+,0.1341387025617593,0.1267494562515593
21,927.7761961215205,,,mixed cyclic-ring out-of-plane deformation / cyclic C-C stretching,nu(C2-C9),bond,2.52209772962116,-,-0.07102538121088818,0.2871787309625498
21,927.7761961215205,,,mixed cyclic-ring out-of-plane deformation / cyclic C-C stretching,"gamma(C6;C7,O8,H15)",oop,2.509684875188964,-,-0.10691510648454464,0.12611262203061205
21,927.7761961215205,,,mixed cyclic-ring out-of-plane deformation / cyclic C-C stretching,nu(O3-C4),bond,2.303712901364194,-,-0.057905618237338,0.39464304780317283
21,927.7761961215205,,,mixed cyclic-ring out-of-plane deformation / cyclic C-C stretching,nu(N5-C6),bond,2.147222165170783,-,-0.06282566022185748,0.3124786623234075
21,927.7761961215205,,,mixed cyclic-ring out-of-plane deformation / cyclic C-C stretching,delta(O8-C7-H15),angle,1.9599972973570279,+,0.07468240313298119,0.20185355922397827
21,927.7761961215205,,,mixed cyclic-ring out-of-plane deformation / cyclic C-C stretching,tau(O3-C2-C6-C7),dihedral,1.6284752888802814,+,0.03876052469963666,0.6226147219080224
21,927.7761961215205,,,mixed cyclic-ring out-of-plane deformation / cyclic C-C stretching,tau(N5-C6-C7-C9),dihedral,1.613413060034376,-,-0.0414037910698597,0.5406084863476108
21,927.7761961215205,,,mixed cyclic-ring out-of-plane deformation / cyclic C-C stretching,nu(C7-O8),bond,1.606630334482953,+,0.05672086895493102,0.2868452872636431
21,927.7761961215205,,,mixed cyclic-ring out-of-plane deformation / cyclic C-C stretching,delta(C6-C7-O8),angle,1.3344376149798705,-,-0.028768065306568277,0.9261780218445965
21,927.7761961215205,,,mixed cyclic-ring out-of-plane deformation / cyclic C-C stretching,tau(H11-C1-C2-C6),dihedral,1.1586333241137488,+,0.028064776807630764,0.8449681468376289
21,927.7761961215205,,,mixed cyclic-ring out-of-plane deformation / cyclic C-C stretching,tau(H10-C1-C2-O3),dihedral,1.1454835234274947,-,-0.06221731433323517,0.16997452388979203
21,927.7761961215205,,,mixed cyclic-ring out-of-plane deformation / cyclic C-C stretching,delta(O8-C9-H16),angle,0.9704248368468529,+,0.05257310541398439,0.2016750387366806
21,927.7761961215205,,,mixed cyclic-ring out-of-plane deformation / cyclic C-C stretching,delta(C2-C1-H10),angle,0.8541313345973144,+,0.047583653573899,0.2166838743068714
21,927.7761961215205,,,mixed cyclic-ring out-of-plane deformation / cyclic C-C stretching,delta(O3-C4-H13),angle,0.7603411071926144,+,0.04122707915643938,0.25695723134917164
21,927.7761961215205,,,mixed cyclic-ring out-of-plane deformation / cyclic C-C stretching,nu(C1-C2),bond,0.6403108807052268,+,0.03547530364568452,0.29225109464701776
21,927.7761961215205,,,mixed cyclic-ring out-of-plane deformation / cyclic C-C stretching,nu(C4-N5),bond,0.4855925876575902,-,-0.01970810020570839,0.718124978197118
21,927.7761961215205,,,mixed cyclic-ring out-of-plane deformation / cyclic C-C stretching,delta(C2-C1-H11),angle,0.4519718826692926,+,0.020738433147638284,0.6036386561693722
21,927.7761961215205,,,mixed cyclic-ring out-of-plane deformation / cyclic C-C stretching,tau(H12-C1-C2-C9),dihedral,0.42880728084816067,-,-0.016719362170246468,0.8811305263997591
21,927.7761961215205,,,mixed cyclic-ring out-of-plane deformation / cyclic C-C stretching,nu(C2-C6),bond,0.32629090719534676,-,-0.02428492400663044,0.31779640598064146
21,927.7761961215205,,,mixed cyclic-ring out-of-plane deformation / cyclic C-C stretching,delta(H11-C1-H12),angle,0.2965576228425073,-,-0.01073483231642837,1.4782097740250923
21,927.7761961215205,,,mixed cyclic-ring out-of-plane deformation / cyclic C-C stretching,delta(N5-C6-H14),angle,0.17718634434473235,-,-0.021124305773432904,0.22807772116185696
21,927.7761961215205,,,mixed cyclic-ring out-of-plane deformation / cyclic C-C stretching,tau(C1-C2-O3-C4),dihedral,0.16568105430292063,-,-0.01821589463964193,0.28680673515252064
21,927.7761961215205,,,mixed cyclic-ring out-of-plane deformation / cyclic C-C stretching,delta(C1-C2-O3),angle,0.061061536120676746,+,0.006429420825357702,0.8484798402288911
21,927.7761961215205,,,mixed cyclic-ring out-of-plane deformation / cyclic C-C stretching,"gamma(C2;C6,N5,H14)",oop,0.03531518469240536,+,0.010283049191770003,0.19183823175155254
21,927.7761961215205,,,mixed cyclic-ring out-of-plane deformation / cyclic C-C stretching,nu(C2-O3),bond,0.026905581111120333,-,-0.007295266331582063,0.2903872748020396
21,927.7761961215205,,,mixed cyclic-ring out-of-plane deformation / cyclic C-C stretching,nu(C7-H15),bond,0.017718399278953054,-,-0.005328500240007945,0.3584528290766376
21,927.7761961215205,,,mixed cyclic-ring out-of-plane deformation / cyclic C-C stretching,nu(C7-C9),bond,0.011742755184461775,+,0.004174073095952543,0.38713943691768804
21,927.7761961215205,,,mixed cyclic-ring out-of-plane deformation / cyclic C-C stretching,nu(C9-H16),bond,0.002287777773290746,-,-0.0019231987974168603,0.3552900019598891
21,927.7761961215205,,,mixed cyclic-ring out-of-plane deformation / cyclic C-C stretching,nu(C6-H14),bond,0.0011343379203316722,-,-0.0013892036357675322,0.33761997675065536
21,927.7761961215205,,,mixed cyclic-ring out-of-plane deformation / cyclic C-C stretching,nu(C1-H10),bond,0.0010274505650328955,-,-0.0013248031462821223,0.3362604123431611
21,927.7761961215205,,,mixed cyclic-ring out-of-plane deformation / cyclic C-C stretching,nu(C4-H13),bond,0.0008751097712371235,+,0.0011754072473391583,0.3638340261674659
21,927.7761961215205,,,mixed cyclic-ring out-of-plane deformation / cyclic C-C stretching,nu(C1-H12),bond,0.00038625060962977107,+,0.0008093665042521089,0.33868520952195924
21,927.7761961215205,,,mixed cyclic-ring out-of-plane deformation / cyclic C-C stretching,nu(C1-H11),bond,5.122356906924704e-06,-,-9.355281148544319e-05,0.33618137997364117
22,929.9065194935902,,,mixed C-H bending / C-C torsion,delta(C2-C1-H11),angle,29.14103610464117,-,-0.18996037986780792,0.6036386561693722
22,929.9065194935902,,,mixed C-H bending / C-C torsion,tau(H12-C1-C2-C9),dihedral,12.16318282820733,-,-0.10157867659087358,0.8811305263997591
22,929.9065194935902,,,mixed C-H bending / C-C torsion,delta(C2-C1-H12),angle,7.644956270186523,+,0.09852226455483938,0.5887139782225514
22,929.9065194935902,,,mixed C-H bending / C-C torsion,nu(C2-C6),bond,6.4433926516226965,-,-0.12310674959880823,0.31779640598064146
22,929.9065194935902,,,mixed C-H bending / C-C torsion,delta(O3-C4-N5),angle,6.179782794477197,+,0.0696215890220133,0.9529792878238377
22,929.9065194935902,,,mixed C-H bending / C-C torsion,delta(C6-C7-O8),angle,5.199504611332348,-,-0.06477878604205463,0.9261780218445965
22,929.9065194935902,,,mixed C-H bending / C-C torsion,tau(H10-C1-C2-O3),dihedral,3.842321069110552,+,0.12998821083008338,0.16997452388979203
22,929.9065194935902,,,mixed C-H bending / C-C torsion,"gamma(C2;C6,N5,H14)",oop,3.768706792140447,+,0.12117907987204282,0.19183823175155254
22,929.9065194935902,,,mixed C-H bending / C-C torsion,delta(N5-C6-C7),angle,3.206576484648051,+,0.06431254267678237,0.5794932160067546
22,929.9065194935902,,,mixed C-H bending / C-C torsion,nu(O3-C4),bond,3.0256418922691353,+,0.07570169275035263,0.39464304780317283
22,929.9065194935902,,,mixed C-H bending / C-C torsion,nu(C6-C7),bond,3.0118137076768043,-,-0.08789381697149987,0.29141343418307836
22,929.9065194935902,,,mixed C-H bending / C-C torsion,nu(C7-O8),bond,2.9034837709369103,+,0.08698310343495072,0.2868452872636431
22,929.9065194935902,,,mixed C-H bending / C-C torsion,delta(C2-C1-H10),angle,2.4555989010117454,+,0.09203742843189815,0.2166838743068714
22,929.9065194935902,,,mixed C-H bending / C-C torsion,tau(N5-C6-C7-C9),dihedral,2.2486384411058844,+,0.05575931664402344,0.5406084863476108
22,929.9065194935902,,,mixed C-H bending / C-C torsion,nu(O8-C9),bond,1.8160709689603198,-,-0.0679431214379121,0.2940626988285609
22,929.9065194935902,,,mixed C-H bending / C-C torsion,tau(H11-C1-C2-C6),dihedral,1.3372647927426036,-,-0.034394388565361714,0.8449681468376289
22,929.9065194935902,,,mixed C-H bending / C-C torsion,delta(H11-C1-H12),angle,1.2012134081493138,-,-0.0246456971518096,1.4782097740250923
22,929.9065194935902,,,mixed C-H bending / C-C torsion,nu(N5-C6),bond,0.7323908673511569,+,0.041856251647852984,0.3124786623234075
22,929.9065194935902,,,mixed C-H bending / C-C torsion,delta(O3-C4-H13),angle,0.6419187287290148,-,-0.043212426916584834,0.25695723134917164
22,929.9065194935902,,,mixed C-H bending / C-C torsion,nu(C2-C9),bond,0.5073682538245299,+,0.036339970094724956,0.2871787309625498
22,929.9065194935902,,,mixed C-H bending / C-C torsion,nu(C1-C2),bond,0.48297267078241035,+,0.03514651446172034,0.29225109464701776
22,929.9065194935902,,,mixed C-H bending / C-C torsion,tau(O3-C2-C6-C7),dihedral,0.42712233730333055,+,0.02264464445309291,0.6226147219080224
22,929.9065194935902,,,mixed C-H bending / C-C torsion,nu(C4-N5),bond,0.3619303677387448,+,0.019409375061801133,0.718124978197118
22,929.9065194935902,,,mixed C-H bending / C-C torsion,delta(O8-C7-H15),angle,0.3140479468029361,+,0.0341019199091081,0.20185355922397827
22,929.9065194935902,,,mixed C-H bending / C-C torsion,"gamma(N5;C4,O3,H13)",oop,0.23337051958807803,-,-0.025701412936731456,0.2640767143320028
22,929.9065194935902,,,mixed C-H bending / C-C torsion,tau(C2-O3-C4-H13),dihedral,0.18996565870961363,+,0.0257217939258773,0.21462025290396103
22,929.9065194935902,,,mixed C-H bending / C-C torsion,delta(C2-C9-O8),angle,0.1854334058723915,+,0.012108504872473353,0.9453770317224727
22,929.9065194935902,,,mixed C-H bending / C-C torsion,"gamma(C2;C9,O8,H16)",oop,0.1249079071701911,+,0.02714069534818583,0.1267494562515593
22,929.9065194935902,,,mixed C-H bending / C-C torsion,delta(C1-C2-O3),angle,0.11713499795566729,-,-0.010158313925736195,0.8484798402288911
22,929.9065194935902,,,mixed C-H bending / C-C torsion,"gamma(C6;C7,O8,H15)",oop,0.03249327886504644,+,0.013877669739488006,0.12611262203061205
22,929.9065194935902,,,mixed C-H bending / C-C torsion,tau(C1-C2-O3-C4),dihedral,0.028970994133094084,-,-0.008689325836288592,0.28680673515252064
22,929.9065194935902,,,mixed C-H bending / C-C torsion,delta(O8-C9-H16),angle,0.006714120731483034,+,0.00498847218903135,0.2016750387366806
22,929.9065194935902,,,mixed C-H bending / C-C torsion,nu(C1-H11),bond,0.006235073867968655,+,0.0037233428669649488,0.33618137997364117
22,929.9065194935902,,,mixed C-H bending / C-C torsion,nu(C6-H14),bond,0.005266090056706454,-,-0.0034145158244506223,0.33761997675065536
22,929.9065194935902,,,mixed C-H bending / C-C torsion,nu(C7-H15),bond,0.004226146794559561,-,-0.002968624993582377,0.3584528290766376
22,929.9065194935902,,,mixed C-H bending / C-C torsion,nu(C1-H10),bond,0.003917226584618319,-,-0.0029508730952333105,0.3362604123431611
22,929.9065194935902,,,mixed C-H bending / C-C torsion,nu(C4-H13),bond,0.001388669240122234,-,-0.0016890667330754577,0.3638340261674659
22,929.9065194935902,,,mixed C-H bending / C-C torsion,delta(N5-C6-H14),angle,0.001305737997176154,+,0.0020686434638737703,0.22807772116185696
22,929.9065194935902,,,mixed C-H bending / C-C torsion,nu(C7-C9),bond,0.0008536962582987833,-,-0.0012838581389646414,0.38713943691768804
22,929.9065194935902,,,mixed C-H bending / C-C torsion,nu(C9-H16),bond,0.0005293704843951939,+,0.0010553279126019484,0.3552900019598891
22,929.9065194935902,,,mixed C-H bending / C-C torsion,nu(C1-H12),bond,0.000269818873943575,-,-0.0007716797498272576,0.33868520952195924
22,929.9065194935902,,,mixed C-H bending / C-C torsion,nu(C2-O3),bond,8.062506549909132e-05,-,-0.00045555970852594985,0.2903872748020396
23,964.2943852825559,,,mixed cyclic-ring out-of-plane deformation / ring-site C-H out-of-plane bending,"gamma(N5;C4,O3,H13)",oop,54.95407882734428,+,0.5271084008261085,0.2640767143320028
23,964.2943852825559,,,mixed cyclic-ring out-of-plane deformation / ring-site C-H out-of-plane bending,tau(C2-O3-C4-H13),dihedral,35.75958583131064,-,-0.47165659839099255,0.21462025290396103
23,964.2943852825559,,,mixed cyclic-ring out-of-plane deformation / ring-site C-H out-of-plane bending,"gamma(C2;C9,O8,H16)",oop,1.5345746416640615,-,-0.12714110505779658,0.1267494562515593
23,964.2943852825559,,,mixed cyclic-ring out-of-plane deformation / ring-site C-H out-of-plane bending,nu(O8-C9),bond,1.2379240969050676,+,0.07497078609957748,0.2940626988285609
23,964.2943852825559,,,mixed cyclic-ring out-of-plane deformation / ring-site C-H out-of-plane bending,"gamma(C6;C7,O8,H15)",oop,0.9346423040893109,+,0.09947374419638658,0.12611262203061205
23,964.2943852825559,,,mixed cyclic-ring out-of-plane deformation / ring-site C-H out-of-plane bending,tau(C1-C2-O3-C4),dihedral,0.913156387521866,-,-0.06519930005335627,0.28680673515252064
23,964.2943852825559,,,mixed cyclic-ring out-of-plane deformation / ring-site C-H out-of-plane bending,tau(H11-C1-C2-C6),dihedral,0.8563713243999187,+,0.036785436612735284,0.8449681468376289
23,964.2943852825559,,,mixed cyclic-ring out-of-plane deformation / ring-site C-H out-of-plane bending,nu(C6-C7),bond,0.7327258974055956,+,0.05794033633419758,0.29141343418307836
23,964.2943852825559,,,mixed cyclic-ring out-of-plane deformation / ring-site C-H out-of-plane bending,delta(O3-C4-N5),angle,0.28277675552521503,+,0.019904219316559578,0.9529792878238377
23,964.2943852825559,,,mixed cyclic-ring out-of-plane deformation / ring-site C-H out-of-plane bending,delta(C2-C1-H11),angle,0.27098186396499996,-,-0.024481984389593668,0.6036386561693722
23,964.2943852825559,,,mixed cyclic-ring out-of-plane deformation / ring-site C-H out-of-plane bending,nu(N5-C6),bond,0.2627474751985389,-,-0.03350611833222209,0.3124786623234075
23,964.2943852825559,,,mixed cyclic-ring out-of-plane deformation / ring-site C-H out-of-plane bending,tau(N5-C6-C7-C9),dihedral,0.25267234747534484,+,0.02498057632756293,0.5406084863476108
23,964.2943852825559,,,mixed cyclic-ring out-of-plane deformation / ring-site C-H out-of-plane bending,delta(N5-C6-H14),angle,0.22362984925120802,-,-0.036181659195556395,0.22807772116185696
23,964.2943852825559,,,mixed cyclic-ring out-of-plane deformation / ring-site C-H out-of-plane bending,nu(C7-C9),bond,0.2117736896646782,-,-0.027025100657354445,0.38713943691768804
23,964.2943852825559,,,mixed cyclic-ring out-of-plane deformation / ring-site C-H out-of-plane bending,tau(O3-C2-C6-C7),dihedral,0.20637729750724118,+,0.021037120443060317,0.6226147219080224
23,964.2943852825559,,,mixed cyclic-ring out-of-plane deformation / ring-site C-H out-of-plane bending,delta(C2-C1-H10),angle,0.19034786115022992,+,0.0342472520543345,0.2166838743068714
23,964.2943852825559,,,mixed cyclic-ring out-of-plane deformation / ring-site C-H out-of-plane bending,nu(O3-C4),bond,0.17765791256675673,+,0.024516308341167522,0.39464304780317283
23,964.2943852825559,,,mixed cyclic-ring out-of-plane deformation / ring-site C-H out-of-plane bending,delta(O8-C7-H15),angle,0.15911415711765825,-,-0.03244152275034417,0.20185355922397827
23,964.2943852825559,,,mixed cyclic-ring out-of-plane deformation / ring-site C-H out-of-plane bending,nu(C7-O8),bond,0.143825184551103,+,0.02587370582546658,0.2868452872636431
23,964.2943852825559,,,mixed cyclic-ring out-of-plane deformation / ring-site C-H out-of-plane bending,nu(C2-O3),bond,0.10949751510585912,+,0.022437701540710873,0.2903872748020396
23,964.2943852825559,,,mixed cyclic-ring out-of-plane deformation / ring-site C-H out-of-plane bending,delta(C1-C2-O3),angle,0.10511585613752297,-,-0.01286110777296007,0.8484798402288911
23,964.2943852825559,,,mixed cyclic-ring out-of-plane deformation / ring-site C-H out-of-plane bending,delta(O8-C9-H16),angle,0.09500943930508092,-,-0.025079699504874816,0.2016750387366806
23,964.2943852825559,,,mixed cyclic-ring out-of-plane deformation / ring-site C-H out-of-plane bending,delta(H11-C1-H12),angle,0.06721287509452874,-,-0.007791538615477057,1.4782097740250923
23,964.2943852825559,,,mixed cyclic-ring out-of-plane deformation / ring-site C-H out-of-plane bending,delta(C2-C1-H12),angle,0.05723112035575239,-,-0.011392760708388704,0.5887139782225514
23,964.2943852825559,,,mixed cyclic-ring out-of-plane deformation / ring-site C-H out-of-plane bending,nu(C2-C9),bond,0.056200471959439925,-,-0.016164373279371598,0.2871787309625498
23,964.2943852825559,,,mixed cyclic-ring out-of-plane deformation / ring-site C-H out-of-plane bending,tau(H12-C1-C2-C9),dihedral,0.050728058415172354,-,-0.008767363681331502,0.8811305263997591
23,964.2943852825559,,,mixed cyclic-ring out-of-plane deformation / ring-site C-H out-of-plane bending,delta(C2-C9-O8),angle,0.044923073050249826,-,-0.007965210010845549,0.9453770317224727
23,964.2943852825559,,,mixed cyclic-ring out-of-plane deformation / ring-site C-H out-of-plane bending,delta(O3-C4-H13),angle,0.035603170525010046,-,-0.013601253676003235,0.25695723134917164
23,964.2943852825559,,,mixed cyclic-ring out-of-plane deformation / ring-site C-H out-of-plane bending,nu(C2-C6),bond,0.022637666318100054,-,-0.009752284491676628,0.31779640598064146
23,964.2943852825559,,,mixed cyclic-ring out-of-plane deformation / ring-site C-H out-of-plane bending,"gamma(C2;C6,N5,H14)",oop,0.019668068813750137,+,0.011699796388773357,0.19183823175155254
23,964.2943852825559,,,mixed cyclic-ring out-of-plane deformation / ring-site C-H out-of-plane bending,delta(N5-C6-C7),angle,0.0094099790570593,+,0.004656238054880148,0.5794932160067546
23,964.2943852825559,,,mixed cyclic-ring out-of-plane deformation / ring-site C-H out-of-plane bending,delta(C6-C7-O8),angle,0.007790411008910515,-,-0.003351181698284104,0.9261780218445965
23,964.2943852825559,,,mixed cyclic-ring out-of-plane deformation / ring-site C-H out-of-plane bending,nu(C4-N5),bond,0.006565461466712567,+,0.00349379675846761,0.718124978197118
23,964.2943852825559,,,mixed cyclic-ring out-of-plane deformation / ring-site C-H out-of-plane bending,tau(H10-C1-C2-O3),dihedral,0.0061013903132101895,+,0.006922891307164021,0.16997452388979203
23,964.2943852825559,,,mixed cyclic-ring out-of-plane deformation / ring-site C-H out-of-plane bending,nu(C1-C2),bond,0.00043568060365784276,+,0.0014108182378052745,0.29225109464701776
23,964.2943852825559,,,mixed cyclic-ring out-of-plane deformation / ring-site C-H out-of-plane bending,nu(C4-H13),bond,0.0002664196318034794,-,-0.0009887727324777815,0.3638340261674659
23,964.2943852825559,,,mixed cyclic-ring out-of-plane deformation / ring-site C-H out-of-plane bending,nu(C1-H10),bond,0.00021767580562358173,-,-0.0009296773178634931,0.3362604123431611
23,964.2943852825559,,,mixed cyclic-ring out-of-plane deformation / ring-site C-H out-of-plane bending,nu(C7-H15),bond,0.0001763946386457314,+,0.0008105722095938081,0.3584528290766376
23,964.2943852825559,,,mixed cyclic-ring out-of-plane deformation / ring-site C-H out-of-plane bending,nu(C9-H16),bond,0.0001659567314576984,-,-0.0007897160575885153,0.3552900019598891
23,964.2943852825559,,,mixed cyclic-ring out-of-plane deformation / ring-site C-H out-of-plane bending,nu(C1-H11),bond,7.607506707077608e-05,+,0.0005496666272402183,0.33618137997364117
23,964.2943852825559,,,mixed cyclic-ring out-of-plane deformation / ring-site C-H out-of-plane bending,nu(C1-H12),bond,2.870736860030364e-06,-,-0.00010638088593177715,0.33868520952195924
23,964.2943852825559,,,mixed cyclic-ring out-of-plane deformation / ring-site C-H out-of-plane bending,nu(C6-H14),bond,6.652448407718943e-07,-,-5.1291064829324384e-05,0.33761997675065536
24,1008.267154901765,,,mixed cyclic-ring out-of-plane deformation / in-phase cyclic C-O stretching,"gamma(C6;C7,O8,H15)",oop,18.11984068325769,+,0.3190649375472949,0.12611262203061205
24,1008.267154901765,,,mixed cyclic-ring out-of-plane deformation / in-phase cyclic C-O stretching,"gamma(C2;C9,O8,H16)",oop,17.891434490172514,-,-0.3162501212502708,0.1267494562515593
24,1008.267154901765,,,mixed cyclic-ring out-of-plane deformation / in-phase cyclic C-O stretching,nu(C7-O8),bond,10.546110365353279,+,0.16139997692611469,0.2868452872636431
24,1008.267154901765,,,mixed cyclic-ring out-of-plane deformation / in-phase cyclic C-O stretching,nu(O8-C9),bond,7.975281439104136,+,0.13862265463408988,0.2940626988285609
24,1008.267154901765,,,mixed cyclic-ring out-of-plane deformation / in-phase cyclic C-O stretching,"gamma(N5;C4,O3,H13)",oop,7.201955227737757,-,-0.13900849023868855,0.2640767143320028
24,1008.267154901765,,,mixed cyclic-ring out-of-plane deformation / in-phase cyclic C-O stretching,tau(C2-O3-C4-H13),dihedral,6.2595722960146025,+,0.14375340838336495,0.21462025290396103
24,1008.267154901765,,,mixed cyclic-ring out-of-plane deformation / in-phase cyclic C-O stretching,nu(C7-C9),bond,5.857264142856541,-,-0.10353683134937564,0.38713943691768804
24,1008.267154901765,,,mixed cyclic-ring out-of-plane deformation / in-phase cyclic C-O stretching,delta(N5-C6-C7),angle,5.482658990421349,+,0.08187524471327184,0.5794932160067546
24,1008.267154901765,,,mixed cyclic-ring out-of-plane deformation / in-phase cyclic C-O stretching,delta(C2-C1-H12),angle,4.836395596068684,-,-0.07629391594259945,0.5887139782225514
24,1008.267154901765,,,mixed cyclic-ring out-of-plane deformation / in-phase cyclic C-O stretching,nu(C6-C7),bond,2.5049900290848726,-,-0.07804217925482632,0.29141343418307836
24,1008.267154901765,,,mixed cyclic-ring out-of-plane deformation / in-phase cyclic C-O stretching,tau(O3-C2-C6-C7),dihedral,2.4126582668688017,+,0.05239856399482709,0.6226147219080224
24,1008.267154901765,,,mixed cyclic-ring out-of-plane deformation / in-phase cyclic C-O stretching,tau(H12-C1-C2-C9),dihedral,2.324230660164064,+,0.04323153549657853,0.8811305263997591
24,1008.267154901765,,,mixed cyclic-ring out-of-plane deformation / in-phase cyclic C-O stretching,tau(H11-C1-C2-C6),dihedral,1.3840428579465884,+,0.03406714762054661,0.8449681468376289
24,1008.267154901765,,,mixed cyclic-ring out-of-plane deformation / in-phase cyclic C-O stretching,delta(C2-C1-H11),angle,1.380730702606408,+,0.040257531471764134,0.6036386561693722
24,1008.267154901765,,,mixed cyclic-ring out-of-plane deformation / in-phase cyclic C-O stretching,delta(C6-C7-O8),angle,1.03753053490173,-,-0.0281730833324419,0.9261780218445965
24,1008.267154901765,,,mixed cyclic-ring out-of-plane deformation / in-phase cyclic C-O stretching,nu(N5-C6),bond,0.9411418193673105,-,-0.04619537790569536,0.3124786623234075
24,1008.267154901765,,,mixed cyclic-ring out-of-plane deformation / in-phase cyclic C-O stretching,nu(C2-C9),bond,0.7998430529723304,-,-0.044422952962671264,0.2871787309625498
24,1008.267154901765,,,mixed cyclic-ring out-of-plane deformation / in-phase cyclic C-O stretching,delta(O8-C9-H16),angle,0.6348196436023182,-,-0.04722590354735963,0.2016750387366806
24,1008.267154901765,,,mixed cyclic-ring out-of-plane deformation / in-phase cyclic C-O stretching,delta(O3-C4-N5),angle,0.5189391900971553,-,-0.019642541339455675,0.9529792878238377
24,1008.267154901765,,,mixed cyclic-ring out-of-plane deformation / in-phase cyclic C-O stretching,delta(C2-C1-H10),angle,0.43782669227599774,+,0.03783720023199345,0.2166838743068714
24,1008.267154901765,,,mixed cyclic-ring out-of-plane deformation / in-phase cyclic C-O stretching,tau(H10-C1-C2-O3),dihedral,0.42885903260933084,-,-0.04228112515928695,0.16997452388979203
24,1008.267154901765,,,mixed cyclic-ring out-of-plane deformation / in-phase cyclic C-O stretching,"gamma(C2;C6,N5,H14)",oop,0.21034297786363806,-,-0.027872607523160273,0.19183823175155254
24,1008.267154901765,,,mixed cyclic-ring out-of-plane deformation / in-phase cyclic C-O stretching,delta(H11-C1-H12),angle,0.2023932631329222,-,-0.009849431481060173,1.4782097740250923
24,1008.267154901765,,,mixed cyclic-ring out-of-plane deformation / in-phase cyclic C-O stretching,delta(N5-C6-H14),angle,0.20150711827212783,-,-0.025019863468224213,0.22807772116185696
24,1008.267154901765,,,mixed cyclic-ring out-of-plane deformation / in-phase cyclic C-O stretching,delta(O3-C4-H13),angle,0.10985223995894143,+,0.01740424579955515,0.25695723134917164
24,1008.267154901765,,,mixed cyclic-ring out-of-plane deformation / in-phase cyclic C-O stretching,nu(C4-N5),bond,0.06897164990279239,-,-0.008249287942189246,0.718124978197118
24,1008.267154901765,,,mixed cyclic-ring out-of-plane deformation / in-phase cyclic C-O stretching,nu(C2-C6),bond,0.047208833499904214,+,0.010259313850851201,0.31779640598064146
24,1008.267154901765,,,mixed cyclic-ring out-of-plane deformation / in-phase cyclic C-O stretching,tau(N5-C6-C7-C9),dihedral,0.04574794205626046,-,-0.007743289980802716,0.5406084863476108
24,1008.267154901765,,,mixed cyclic-ring out-of-plane deformation / in-phase cyclic C-O stretching,tau(C1-C2-O3-C4),dihedral,0.04451015542966051,+,0.01048614972389961,0.28680673515252064
24,1008.267154901765,,,mixed cyclic-ring out-of-plane deformation / in-phase cyclic C-O stretching,delta(C1-C2-O3),angle,0.03579344920829731,+,0.005467165026511265,0.8484798402288911
24,1008.267154901765,,,mixed cyclic-ring out-of-plane deformation / in-phase cyclic C-O stretching,delta(C2-C9-O8),angle,0.024396543834633282,-,-0.004276050261991825,0.9453770317224727
24,1008.267154901765,,,mixed cyclic-ring out-of-plane deformation / in-phase cyclic C-O stretching,nu(O3-C4),bond,0.02225324831487532,+,0.006320852422117664,0.39464304780317283
24,1008.267154901765,,,mixed cyclic-ring out-of-plane deformation / in-phase cyclic C-O stretching,nu(C1-C2),bond,0.0027180907415127087,-,-0.002567054412094938,0.29225109464701776
24,1008.267154901765,,,mixed cyclic-ring out-of-plane deformation / in-phase cyclic C-O stretching,delta(O8-C7-H15),angle,0.0019475237715293249,-,-0.0026145945389343087,0.20185355922397827
24,1008.267154901765,,,mixed cyclic-ring out-of-plane deformation / in-phase cyclic C-O stretching,nu(C6-H14),bond,0.0016013892060761559,+,0.0018332240768845764,0.33761997675065536
24,1008.267154901765,,,mixed cyclic-ring out-of-plane deformation / in-phase cyclic C-O stretching,nu(C2-O3),bond,0.0015813111570330406,-,-0.001964269389955765,0.2903872748020396
24,1008.267154901765,,,mixed cyclic-ring out-of-plane deformation / in-phase cyclic C-O stretching,nu(C7-H15),bond,0.0013293480000052553,-,-0.0016210055765646016,0.3584528290766376
24,1008.267154901765,,,mixed cyclic-ring out-of-plane deformation / in-phase cyclic C-O stretching,nu(C9-H16),bond,0.0005993259899372534,-,-0.0010932544010926533,0.3552900019598891
24,1008.267154901765,,,mixed cyclic-ring out-of-plane deformation / in-phase cyclic C-O stretching,nu(C1-H12),bond,0.0005187922910426333,+,0.001041789109706866,0.33868520952195924
24,1008.267154901765,,,mixed cyclic-ring out-of-plane deformation / in-phase cyclic C-O stretching,nu(C1-H10),bond,0.000489611710534537,-,-0.001015708763641308,0.3362604123431611
24,1008.267154901765,,,mixed cyclic-ring out-of-plane deformation / in-phase cyclic C-O stretching,nu(C4-H13),bond,0.0001074373138846771,-,-0.0004574115077041624,0.3638340261674659
24,1008.267154901765,,,mixed cyclic-ring out-of-plane deformation / in-phase cyclic C-O stretching,nu(C1-H11),bond,4.03486093055873e-06,-,-9.221649881075582e-05,0.33618137997364117
25,1039.965994302957,,,mixed cyclic C-N stretching / cyclic-ring out-of-plane deformation,nu(N5-C6),bond,36.92294221354277,-,-0.2504333304197096,0.3124786623234075
25,1039.965994302957,,,mixed cyclic C-N stretching / cyclic-ring out-of-plane deformation,"gamma(C6;C7,O8,H15)",oop,8.772844611447779,-,-0.19215208578434984,0.12611262203061205
25,1039.965994302957,,,mixed cyclic C-N stretching / cyclic-ring out-of-plane deformation,"gamma(C2;C9,O8,H16)",oop,8.399241335059818,-,-0.18754312128927095,0.1267494562515593
25,1039.965994302957,,,mixed cyclic C-N stretching / cyclic-ring out-of-plane deformation,delta(C2-C1-H12),angle,7.157402018688404,+,0.08033035644936921,0.5887139782225514
25,1039.965994302957,,,mixed cyclic C-N stretching / cyclic-ring out-of-plane deformation,delta(O8-C9-H16),angle,6.460618343371191,-,-0.13039625864907742,0.2016750387366806
25,1039.965994302957,,,mixed cyclic C-N stretching / cyclic-ring out-of-plane deformation,nu(C6-C7),bond,4.64140220774883,+,0.09194412411839635,0.29141343418307836
25,1039.965994302957,,,mixed cyclic C-N stretching / cyclic-ring out-of-plane deformation,delta(C6-C7-O8),angle,3.5273300740992077,-,-0.04496038042261346,0.9261780218445965
25,1039.965994302957,,,mixed cyclic C-N stretching / cyclic-ring out-of-plane deformation,delta(O8-C7-H15),angle,3.02006743196102,+,0.08911365904618933,0.20185355922397827
25,1039.965994302957,,,mixed cyclic C-N stretching / cyclic-ring out-of-plane deformation,tau(O3-C2-C6-C7),dihedral,2.9224446904673966,+,0.049913453507134185,0.6226147219080224
25,1039.965994302957,,,mixed cyclic C-N stretching / cyclic-ring out-of-plane deformation,delta(N5-C6-H14),angle,2.068212793380782,-,-0.06937617309230579,0.22807772116185696
25,1039.965994302957,,,mixed cyclic C-N stretching / cyclic-ring out-of-plane deformation,tau(C2-O3-C4-H13),dihedral,2.0576130577451894,+,0.07133467134288905,0.21462025290396103
25,1039.965994302957,,,mixed cyclic C-N stretching / cyclic-ring out-of-plane deformation,delta(C2-C1-H11),angle,2.0141069839379413,-,-0.042083020926301215,0.6036386561693722
25,1039.965994302957,,,mixed cyclic C-N stretching / cyclic-ring out-of-plane deformation,"gamma(N5;C4,O3,H13)",oop,1.9334070797185787,-,-0.06233769798245543,0.2640767143320028
25,1039.965994302957,,,mixed cyclic C-N stretching / cyclic-ring out-of-plane deformation,delta(N5-C6-C7),angle,1.5676787939510384,+,0.03789295952125406,0.5794932160067546
25,1039.965994302957,,,mixed cyclic C-N stretching / cyclic-ring out-of-plane deformation,tau(H11-C1-C2-C6),dihedral,1.5349577165812336,+,0.031051472635167988,0.8449681468376289
25,1039.965994302957,,,mixed cyclic C-N stretching / cyclic-ring out-of-plane deformation,nu(O3-C4),bond,1.4388181318977427,-,-0.0439900934924707,0.39464304780317283
25,1039.965994302957,,,mixed cyclic C-N stretching / cyclic-ring out-of-plane deformation,tau(N5-C6-C7-C9),dihedral,1.427214166486355,+,0.03743323034222364,0.5406084863476108
25,1039.965994302957,,,mixed cyclic C-N stretching / cyclic-ring out-of-plane deformation,delta(O3-C4-H13),angle,0.596496464075554,+,0.03510166174564936,0.25695723134917164
25,1039.965994302957,,,mixed cyclic C-N stretching / cyclic-ring out-of-plane deformation,delta(C2-C9-O8),angle,0.5870940682077379,-,-0.018155385923490752,0.9453770317224727
25,1039.965994302957,,,mixed cyclic C-N stretching / cyclic-ring out-of-plane deformation,nu(C4-N5),bond,0.5545893037472784,-,-0.02024603066629188,0.718124978197118
25,1039.965994302957,,,mixed cyclic C-N stretching / cyclic-ring out-of-plane deformation,delta(C2-C1-H10),angle,0.4372247430188934,-,-0.03272602302952039,0.2166838743068714
25,1039.965994302957,,,mixed cyclic C-N stretching / cyclic-ring out-of-plane deformation,tau(H12-C1-C2-C9),dihedral,0.39620080941669744,+,0.015448692103642256,0.8811305263997591
25,1039.965994302957,,,mixed cyclic C-N stretching / cyclic-ring out-of-plane deformation,nu(C2-C6),bond,0.3692759006971628,+,0.024834484782351667,0.31779640598064146
25,1039.965994302957,,,mixed cyclic C-N stretching / cyclic-ring out-of-plane deformation,tau(C1-C2-O3-C4),dihedral,0.3686452794236864,+,0.02611943797742876,0.28680673515252064
25,1039.965994302957,,,mixed cyclic C-N stretching / cyclic-ring out-of-plane deformation,nu(O8-C9),bond,0.22811487558976332,-,-0.020291352537618212,0.2940626988285609
25,1039.965994302957,,,mixed cyclic C-N stretching / cyclic-ring out-of-plane deformation,nu(C2-C9),bond,0.13870138691169284,+,0.016010998911992057,0.2871787309625498
25,1039.965994302957,,,mixed cyclic C-N stretching / cyclic-ring out-of-plane deformation,delta(H11-C1-H12),angle,0.13834001242864027,+,0.007047904855098692,1.4782097740250923
25,1039.965994302957,,,mixed cyclic C-N stretching / cyclic-ring out-of-plane deformation,tau(H10-C1-C2-O3),dihedral,0.1353153858473081,+,0.020555868730130742,0.16997452388979203
25,1039.965994302957,,,mixed cyclic C-N stretching / cyclic-ring out-of-plane deformation,nu(C1-C2),bond,0.058362472965875066,+,0.01029539305819899,0.29225109464701776
25,1039.965994302957,,,mixed cyclic C-N stretching / cyclic-ring out-of-plane deformation,nu(C7-C9),bond,0.034252852404222295,+,0.0068528121448890875,0.38713943691768804
25,1039.965994302957,,,mixed cyclic C-N stretching / cyclic-ring out-of-plane deformation,nu(C4-H13),bond,0.026183330583987932,-,-0.006180376756337973,0.3638340261674659
25,1039.965994302957,,,mixed cyclic C-N stretching / cyclic-ring out-of-plane deformation,delta(C1-C2-O3),angle,0.02299502128475551,-,-0.003792715845741155,0.8484798402288911
25,1039.965994302957,,,mixed cyclic C-N stretching / cyclic-ring out-of-plane deformation,nu(C2-O3),bond,0.010967755837821119,-,-0.0044773831292367295,0.2903872748020396
25,1039.965994302957,,,mixed cyclic C-N stretching / cyclic-ring out-of-plane deformation,delta(O3-C4-N5),angle,0.009224507764196537,-,-0.0022666477403207133,0.9529792878238377
25,1039.965994302957,,,mixed cyclic C-N stretching / cyclic-ring out-of-plane deformation,nu(C7-O8),bond,0.005038290423298968,-,-0.0030533170415991255,0.2868452872636431
25,1039.965994302957,,,mixed cyclic C-N stretching / cyclic-ring out-of-plane deformation,nu(C7-H15),bond,0.00502309676162834,+,0.002727243579925584,0.3584528290766376
25,1039.965994302957,,,mixed cyclic C-N stretching / cyclic-ring out-of-plane deformation,nu(C1-H11),bond,0.0029000162958559422,+,0.0021397722625121486,0.33618137997364117
25,1039.965994302957,,,mixed cyclic C-N stretching / cyclic-ring out-of-plane deformation,nu(C6-H14),bond,0.0024562341345957476,-,-0.0019650562001539357,0.33761997675065536
25,1039.965994302957,,,mixed cyclic C-N stretching / cyclic-ring out-of-plane deformation,nu(C9-H16),bond,0.0024218030645143905,+,0.001902094462277944,0.3552900019598891
25,1039.965994302957,,,mixed cyclic C-N stretching / cyclic-ring out-of-plane deformation,"gamma(C2;C6,N5,H14)",oop,0.0016330186078997448,+,0.002125602966678787,0.19183823175155254
25,1039.965994302957,,,mixed cyclic C-N stretching / cyclic-ring out-of-plane deformation,nu(C1-H12),bond,0.0014296428420099859,-,-0.0014968208484621665,0.33868520952195924
25,1039.965994302957,,,mixed cyclic C-N stretching / cyclic-ring out-of-plane deformation,nu(C1-H10),bond,0.0008120775796596097,+,0.0011321788867656904,0.3362604123431611
26,1054.9786564648648,,,mixed cyclic-ring out-of-plane deformation / ring-site C-H in-plane bending / cyclic C-N stretching,"gamma(C6;C7,O8,H15)",oop,15.117364746082087,-,-0.2842561523051523,0.12611262203061205
26,1054.9786564648648,,,mixed cyclic-ring out-of-plane deformation / ring-site C-H in-plane bending / cyclic C-N stretching,nu(N5-C6),bond,14.686854986535968,+,0.17799398442533668,0.3124786623234075
26,1054.9786564648648,,,mixed cyclic-ring out-of-plane deformation / ring-site C-H in-plane bending / cyclic C-N stretching,"gamma(C2;C9,O8,H16)",oop,12.59275057378073,-,-0.25878455516960047,0.1267494562515593
26,1054.9786564648648,,,mixed cyclic-ring out-of-plane deformation / ring-site C-H in-plane bending / cyclic C-N stretching,delta(O8-C7-H15),angle,9.521539664998102,+,0.17831442997610078,0.20185355922397827
26,1054.9786564648648,,,mixed cyclic-ring out-of-plane deformation / ring-site C-H in-plane bending / cyclic C-N stretching,delta(O8-C9-H16),angle,6.070934646650931,-,-0.14244683667145658,0.2016750387366806
26,1054.9786564648648,,,mixed cyclic-ring out-of-plane deformation / ring-site C-H in-plane bending / cyclic C-N stretching,delta(N5-C6-C7),angle,3.434273182721548,-,-0.0632039682354209,0.5794932160067546
26,1054.9786564648648,,,mixed cyclic-ring out-of-plane deformation / ring-site C-H in-plane bending / cyclic C-N stretching,delta(O3-C4-N5),angle,3.2609682849875457,+,0.048026690606009184,0.9529792878238377
26,1054.9786564648648,,,mixed cyclic-ring out-of-plane deformation / ring-site C-H in-plane bending / cyclic C-N stretching,tau(H12-C1-C2-C9),dihedral,3.144958672120121,+,0.04904993684897338,0.8811305263997591
26,1054.9786564648648,,,mixed cyclic-ring out-of-plane deformation / ring-site C-H in-plane bending / cyclic C-N stretching,nu(C2-O3),bond,2.7812398516495547,+,0.08034919614811654,0.2903872748020396
26,1054.9786564648648,,,mixed cyclic-ring out-of-plane deformation / ring-site C-H in-plane bending / cyclic C-N stretching,nu(C6-C7),bond,2.688055074404975,-,-0.07885248813458307,0.29141343418307836
26,1054.9786564648648,,,mixed cyclic-ring out-of-plane deformation / ring-site C-H in-plane bending / cyclic C-N stretching,tau(O3-C2-C6-C7),dihedral,2.6117995872462343,-,-0.05317546993301088,0.6226147219080224
26,1054.9786564648648,,,mixed cyclic-ring out-of-plane deformation / ring-site C-H in-plane bending / cyclic C-N stretching,delta(C6-C7-O8),angle,2.568943091524972,+,0.043239544595045414,0.9261780218445965
26,1054.9786564648648,,,mixed cyclic-ring out-of-plane deformation / ring-site C-H in-plane bending / cyclic C-N stretching,"gamma(C2;C6,N5,H14)",oop,2.5214379576465618,-,-0.09412558031036358,0.19183823175155254
26,1054.9786564648648,,,mixed cyclic-ring out-of-plane deformation / ring-site C-H in-plane bending / cyclic C-N stretching,tau(H11-C1-C2-C6),dihedral,2.4938978889465826,-,-0.04460363671971827,0.8449681468376289
26,1054.9786564648648,,,mixed cyclic-ring out-of-plane deformation / ring-site C-H in-plane bending / cyclic C-N stretching,delta(C2-C1-H10),angle,1.975326084181884,-,-0.07838937614186958,0.2166838743068714
26,1054.9786564648648,,,mixed cyclic-ring out-of-plane deformation / ring-site C-H in-plane bending / cyclic C-N stretching,tau(N5-C6-C7-C9),dihedral,1.9476574838081198,+,0.049279463091734296,0.5406084863476108
26,1054.9786564648648,,,mixed cyclic-ring out-of-plane deformation / ring-site C-H in-plane bending / cyclic C-N stretching,delta(H11-C1-H12),angle,1.8858171342126742,+,0.029324651449009403,1.4782097740250923
26,1054.9786564648648,,,mixed cyclic-ring out-of-plane deformation / ring-site C-H in-plane bending / cyclic C-N stretching,delta(C2-C1-H11),angle,1.826174730757288,+,0.04515790105283569,0.6036386561693722
26,1054.9786564648648,,,mixed cyclic-ring out-of-plane deformation / ring-site C-H in-plane bending / cyclic C-N stretching,nu(C1-C2),bond,1.465168553929464,-,-0.0581322089888728,0.29225109464701776
26,1054.9786564648648,,,mixed cyclic-ring out-of-plane deformation / ring-site C-H in-plane bending / cyclic C-N stretching,delta(N5-C6-H14),angle,1.387465326324264,+,0.0640354906778575,0.22807772116185696
26,1054.9786564648648,,,mixed cyclic-ring out-of-plane deformation / ring-site C-H in-plane bending / cyclic C-N stretching,nu(O3-C4),bond,1.1799550063740234,-,-0.04489330721178888,0.39464304780317283
26,1054.9786564648648,,,mixed cyclic-ring out-of-plane deformation / ring-site C-H in-plane bending / cyclic C-N stretching,tau(C2-O3-C4-H13),dihedral,1.0491819848361026,-,-0.057403869200887726,0.21462025290396103
26,1054.9786564648648,,,mixed cyclic-ring out-of-plane deformation / ring-site C-H in-plane bending / cyclic C-N stretching,"gamma(N5;C4,O3,H13)",oop,0.9902576082803376,+,0.0502759337085435,0.2640767143320028
26,1054.9786564648648,,,mixed cyclic-ring out-of-plane deformation / ring-site C-H in-plane bending / cyclic C-N stretching,nu(C2-C6),bond,0.5763537359624442,-,-0.0349640047481466,0.31779640598064146
26,1054.9786564648648,,,mixed cyclic-ring out-of-plane deformation / ring-site C-H in-plane bending / cyclic C-N stretching,nu(C4-N5),bond,0.5669895544280842,+,0.023069523139986954,0.718124978197118
26,1054.9786564648648,,,mixed cyclic-ring out-of-plane deformation / ring-site C-H in-plane bending / cyclic C-N stretching,delta(O3-C4-H13),angle,0.5596841306205743,-,-0.038317060025040116,0.25695723134917164
26,1054.9786564648648,,,mixed cyclic-ring out-of-plane deformation / ring-site C-H in-plane bending / cyclic C-N stretching,delta(C2-C1-H12),angle,0.38069572469775004,+,0.020877953736029943,0.5887139782225514
26,1054.9786564648648,,,mixed cyclic-ring out-of-plane deformation / ring-site C-H in-plane bending / cyclic C-N stretching,nu(C7-O8),bond,0.2401646524749308,+,0.02375646347255073,0.2868452872636431
26,1054.9786564648648,,,mixed cyclic-ring out-of-plane deformation / ring-site C-H in-plane bending / cyclic C-N stretching,delta(C1-C2-O3),angle,0.18202587868280226,-,-0.012025327393183818,0.8484798402288911
26,1054.9786564648648,,,mixed cyclic-ring out-of-plane deformation / ring-site C-H in-plane bending / cyclic C-N stretching,delta(C2-C9-O8),angle,0.1455211712666782,+,0.010186187646595141,0.9453770317224727
26,1054.9786564648648,,,mixed cyclic-ring out-of-plane deformation / ring-site C-H in-plane bending / cyclic C-N stretching,nu(O8-C9),bond,0.04399883113775518,-,-0.010042728112817183,0.2940626988285609
26,1054.9786564648648,,,mixed cyclic-ring out-of-plane deformation / ring-site C-H in-plane bending / cyclic C-N stretching,nu(C2-C9),bond,0.028643616647245913,+,0.008199528792958845,0.2871787309625498
26,1054.9786564648648,,,mixed cyclic-ring out-of-plane deformation / ring-site C-H in-plane bending / cyclic C-N stretching,nu(C7-C9),bond,0.02263218841085853,-,-0.0062774125722208605,0.38713943691768804
26,1054.9786564648648,,,mixed cyclic-ring out-of-plane deformation / ring-site C-H in-plane bending / cyclic C-N stretching,tau(C1-C2-O3-C4),dihedral,0.01612731063839303,-,-0.006156549953912146,0.28680673515252064
26,1054.9786564648648,,,mixed cyclic-ring out-of-plane deformation / ring-site C-H in-plane bending / cyclic C-N stretching,tau(H10-C1-C2-O3),dihedral,0.013640325830032482,-,-0.007354811737911742,0.16997452388979203
26,1054.9786564648648,,,mixed cyclic-ring out-of-plane deformation / ring-site C-H in-plane bending / cyclic C-N stretching,nu(C4-H13),bond,0.008526360892753356,+,0.003974489044667493,0.3638340261674659
26,1054.9786564648648,,,mixed cyclic-ring out-of-plane deformation / ring-site C-H in-plane bending / cyclic C-N stretching,nu(C7-H15),bond,0.006062454363041554,-,-0.0033764423577485594,0.3584528290766376
26,1054.9786564648648,,,mixed cyclic-ring out-of-plane deformation / ring-site C-H in-plane bending / cyclic C-N stretching,nu(C1-H10),bond,0.0028533828173422167,+,0.0023916259396533648,0.3362604123431611
26,1054.9786564648648,,,mixed cyclic-ring out-of-plane deformation / ring-site C-H in-plane bending / cyclic C-N stretching,nu(C1-H11),bond,0.002219489712629778,-,-0.0021095549641011314,0.33618137997364117
26,1054.9786564648648,,,mixed cyclic-ring out-of-plane deformation / ring-site C-H in-plane bending / cyclic C-N stretching,nu(C6-H14),bond,0.0009367432279815274,+,0.0013675629241162257,0.33761997675065536
26,1054.9786564648648,,,mixed cyclic-ring out-of-plane deformation / ring-site C-H in-plane bending / cyclic C-N stretching,nu(C1-H12),bond,0.0008678283189684814,-,-0.0013142255261727057,0.33868520952195924
26,1054.9786564648648,,,mixed cyclic-ring out-of-plane deformation / ring-site C-H in-plane bending / cyclic C-N stretching,nu(C9-H16),bond,3.4497869652722094e-05,-,-0.0002558325208458014,0.3552900019598891
27,1079.1060840330097,,,mixed mixed-phase cyclic C-O stretching / cyclic-ring deformation (O-C-N bend),nu(O3-C4),bond,44.42332416940174,-,-0.29405972238846895,0.39464304780317283
27,1079.1060840330097,,,mixed mixed-phase cyclic C-O stretching / cyclic-ring deformation (O-C-N bend),delta(O3-C4-N5),angle,24.153181847599196,+,0.13953324332881203,0.9529792878238377
27,1079.1060840330097,,,mixed mixed-phase cyclic C-O stretching / cyclic-ring deformation (O-C-N bend),nu(C2-O3),bond,7.6877470556221095,+,0.14260770695100167,0.2903872748020396
27,1079.1060840330097,,,mixed mixed-phase cyclic C-O stretching / cyclic-ring deformation (O-C-N bend),delta(C2-C1-H11),angle,3.2234737624446717,+,0.06404803239745907,0.6036386561693722
27,1079.1060840330097,,,mixed mixed-phase cyclic C-O stretching / cyclic-ring deformation (O-C-N bend),"gamma(C2;C6,N5,H14)",oop,2.8194779309111917,+,0.10625491124433276,0.19183823175155254
27,1079.1060840330097,,,mixed mixed-phase cyclic C-O stretching / cyclic-ring deformation (O-C-N bend),delta(C2-C1-H10),angle,2.59600799180656,-,-0.09593386923057476,0.2166838743068714
27,1079.1060840330097,,,mixed mixed-phase cyclic C-O stretching / cyclic-ring deformation (O-C-N bend),delta(H11-C1-H12),angle,2.557783142217033,+,0.03645827110308159,1.4782097740250923
27,1079.1060840330097,,,mixed mixed-phase cyclic C-O stretching / cyclic-ring deformation (O-C-N bend),delta(O8-C9-H16),angle,1.8687286216419061,+,0.08436829811981826,0.2016750387366806
27,1079.1060840330097,,,mixed mixed-phase cyclic C-O stretching / cyclic-ring deformation (O-C-N bend),delta(O3-C4-H13),angle,1.2167658490384812,-,-0.06031222191551659,0.25695723134917164
27,1079.1060840330097,,,mixed mixed-phase cyclic C-O stretching / cyclic-ring deformation (O-C-N bend),"gamma(C6;C7,O8,H15)",oop,1.1769491824289675,+,0.08467044115676833,0.12611262203061205
27,1079.1060840330097,,,mixed mixed-phase cyclic C-O stretching / cyclic-ring deformation (O-C-N bend),delta(C2-C1-H12),angle,1.0879212119410755,+,0.03767721495467416,0.5887139782225514
27,1079.1060840330097,,,mixed mixed-phase cyclic C-O stretching / cyclic-ring deformation (O-C-N bend),"gamma(C2;C9,O8,H16)",oop,0.9071757620427886,+,0.07414893388016373,0.1267494562515593
27,1079.1060840330097,,,mixed mixed-phase cyclic C-O stretching / cyclic-ring deformation (O-C-N bend),nu(C2-C9),bond,0.8584222598325011,-,-0.04791887283146278,0.2871787309625498
27,1079.1060840330097,,,mixed mixed-phase cyclic C-O stretching / cyclic-ring deformation (O-C-N bend),delta(O8-C7-H15),angle,0.6415968469329391,-,-0.04941344683156928,0.20185355922397827
27,1079.1060840330097,,,mixed mixed-phase cyclic C-O stretching / cyclic-ring deformation (O-C-N bend),delta(N5-C6-C7),angle,0.5720592523093769,+,0.027537757643079388,0.5794932160067546
27,1079.1060840330097,,,mixed mixed-phase cyclic C-O stretching / cyclic-ring deformation (O-C-N bend),tau(H12-C1-C2-C9),dihedral,0.5600854195569738,+,0.022097302156448385,0.8811305263997591
27,1079.1060840330097,,,mixed mixed-phase cyclic C-O stretching / cyclic-ring deformation (O-C-N bend),delta(N5-C6-H14),angle,0.5261767044302856,+,0.04209753049092421,0.22807772116185696
27,1079.1060840330097,,,mixed mixed-phase cyclic C-O stretching / cyclic-ring deformation (O-C-N bend),nu(C4-N5),bond,0.470669215073892,+,0.02243830901588358,0.718124978197118
27,1079.1060840330097,,,mixed mixed-phase cyclic C-O stretching / cyclic-ring deformation (O-C-N bend),tau(O3-C2-C6-C7),dihedral,0.429531207758599,+,0.023020773573974966,0.6226147219080224
27,1079.1060840330097,,,mixed mixed-phase cyclic C-O stretching / cyclic-ring deformation (O-C-N bend),nu(C2-C6),bond,0.3861662946052293,-,-0.030552372207315794,0.31779640598064146
27,1079.1060840330097,,,mixed mixed-phase cyclic C-O stretching / cyclic-ring deformation (O-C-N bend),tau(H10-C1-C2-O3),dihedral,0.33583069075292393,-,-0.03895834678580977,0.16997452388979203
27,1079.1060840330097,,,mixed mixed-phase cyclic C-O stretching / cyclic-ring deformation (O-C-N bend),delta(C1-C2-O3),angle,0.33393481528811647,-,-0.01738770768604926,0.8484798402288911
27,1079.1060840330097,,,mixed mixed-phase cyclic C-O stretching / cyclic-ring deformation (O-C-N bend),nu(O8-C9),bond,0.3236893063509305,+,0.029078798030614923,0.2940626988285609
27,1079.1060840330097,,,mixed mixed-phase cyclic C-O stretching / cyclic-ring deformation (O-C-N bend),delta(C6-C7-O8),angle,0.17564407668036003,-,-0.012069846951552473,0.9261780218445965
27,1079.1060840330097,,,mixed mixed-phase cyclic C-O stretching / cyclic-ring deformation (O-C-N bend),tau(H11-C1-C2-C6),dihedral,0.1352164895285673,-,-0.01108732821556866,0.8449681468376289
27,1079.1060840330097,,,mixed mixed-phase cyclic C-O stretching / cyclic-ring deformation (O-C-N bend),nu(C6-C7),bond,0.1280956774788975,-,-0.01837573408064635,0.29141343418307836
27,1079.1060840330097,,,mixed mixed-phase cyclic C-O stretching / cyclic-ring deformation (O-C-N bend),nu(C7-O8),bond,0.1246811281347814,+,0.018272953393450045,0.2868452872636431
27,1079.1060840330097,,,mixed mixed-phase cyclic C-O stretching / cyclic-ring deformation (O-C-N bend),delta(C2-C9-O8),angle,0.09284976914452431,+,0.008686006203515088,0.9453770317224727
27,1079.1060840330097,,,mixed mixed-phase cyclic C-O stretching / cyclic-ring deformation (O-C-N bend),tau(C2-O3-C4-H13),dihedral,0.07890600899307601,+,0.016805519112530417,0.21462025290396103
27,1079.1060840330097,,,mixed mixed-phase cyclic C-O stretching / cyclic-ring deformation (O-C-N bend),nu(C7-C9),bond,0.04058667441171627,+,0.008974086910729491,0.38713943691768804
27,1079.1060840330097,,,mixed mixed-phase cyclic C-O stretching / cyclic-ring deformation (O-C-N bend),nu(C1-C2),bond,0.02547445479915357,+,0.008182888249193436,0.29225109464701776
27,1079.1060840330097,,,mixed mixed-phase cyclic C-O stretching / cyclic-ring deformation (O-C-N bend),nu(N5-C6),bond,0.013863678512428786,+,0.00583796249325737,0.3124786623234075
27,1079.1060840330097,,,mixed mixed-phase cyclic C-O stretching / cyclic-ring deformation (O-C-N bend),"gamma(N5;C4,O3,H13)",oop,0.010756617710303111,-,-0.005593775823500152,0.2640767143320028
27,1079.1060840330097,,,mixed mixed-phase cyclic C-O stretching / cyclic-ring deformation (O-C-N bend),nu(C1-H10),bond,0.006700557644402226,+,0.003912459434702077,0.3362604123431611
27,1079.1060840330097,,,mixed mixed-phase cyclic C-O stretching / cyclic-ring deformation (O-C-N bend),nu(C4-H13),bond,0.004588686726450862,-,-0.0031126106049169573,0.3638340261674659
27,1079.1060840330097,,,mixed mixed-phase cyclic C-O stretching / cyclic-ring deformation (O-C-N bend),tau(C1-C2-O3-C4),dihedral,0.0025654533637098566,+,0.0026213175409383078,0.28680673515252064
27,1079.1060840330097,,,mixed mixed-phase cyclic C-O stretching / cyclic-ring deformation (O-C-N bend),nu(C1-H11),bond,0.0011868940936182132,-,-0.0016468399771408103,0.33618137997364117
27,1079.1060840330097,,,mixed mixed-phase cyclic C-O stretching / cyclic-ring deformation (O-C-N bend),tau(N5-C6-C7-C9),dihedral,0.0007180796403615166,-,-0.0010101296562841035,0.5406084863476108
27,1079.1060840330097,,,mixed mixed-phase cyclic C-O stretching / cyclic-ring deformation (O-C-N bend),nu(C1-H12),bond,0.0006438026201403675,-,-0.0012083993937239133,0.33868520952195924
27,1079.1060840330097,,,mixed mixed-phase cyclic C-O stretching / cyclic-ring deformation (O-C-N bend),nu(C9-H16),bond,0.0006061512033284605,-,-0.001144804260616837,0.3552900019598891
27,1079.1060840330097,,,mixed mixed-phase cyclic C-O stretching / cyclic-ring deformation (O-C-N bend),nu(C6-H14),bond,0.00017928124007063041,-,-0.0006386833585358326,0.33761997675065536
27,1079.1060840330097,,,mixed mixed-phase cyclic C-O stretching / cyclic-ring deformation (O-C-N bend),nu(C7-H15),bond,3.797808660485998e-05,-,-0.0002852875231460585,0.3584528290766376
28,1141.8627833349408,,,mixed C-H bending / cyclic-ring out-of-plane deformation,delta(C2-C1-H11),angle,16.707352108872286,-,-0.14964714876133808,0.6036386561693722
28,1141.8627833349408,,,mixed C-H bending / cyclic-ring out-of-plane deformation,"gamma(C2;C6,N5,H14)",oop,10.490283915217118,+,0.21034354815125111,0.19183823175155254
28,1141.8627833349408,,,mixed C-H bending / cyclic-ring out-of-plane deformation,nu(C1-C2),bond,10.271317348751213,+,0.16863128764025223,0.29225109464701776
28,1141.8627833349408,,,mixed C-H bending / cyclic-ring out-of-plane deformation,delta(H11-C1-H12),angle,8.209126268741525,-,-0.06703221784388898,1.4782097740250923
28,1141.8627833349408,,,mixed C-H bending / cyclic-ring out-of-plane deformation,nu(C2-C6),bond,6.641863566377673,+,0.13003900569244473,0.31779640598064146
28,1141.8627833349408,,,mixed C-H bending / cyclic-ring out-of-plane deformation,delta(C2-C1-H12),angle,5.644482406428467,+,0.08807710748846431,0.5887139782225514
28,1141.8627833349408,,,mixed C-H bending / cyclic-ring out-of-plane deformation,nu(C2-O3),bond,5.375691326529826,-,-0.12238593972796964,0.2903872748020396
28,1141.8627833349408,,,mixed C-H bending / cyclic-ring out-of-plane deformation,delta(C6-C7-O8),angle,4.707029937294227,+,0.06412529859744989,0.9261780218445965
28,1141.8627833349408,,,mixed C-H bending / cyclic-ring out-of-plane deformation,delta(C2-C1-H10),angle,4.256245460075998,+,0.12606751509610456,0.2166838743068714
28,1141.8627833349408,,,mixed C-H bending / cyclic-ring out-of-plane deformation,delta(C2-C9-O8),angle,4.208249235859167,-,-0.06001383209689403,0.9453770317224727
28,1141.8627833349408,,,mixed C-H bending / cyclic-ring out-of-plane deformation,delta(N5-C6-H14),angle,3.8685834279653157,+,0.11714876286989206,0.22807772116185696
28,1141.8627833349408,,,mixed C-H bending / cyclic-ring out-of-plane deformation,"gamma(C2;C9,O8,H16)",oop,3.718860130504765,-,-0.15407601076056393,0.1267494562515593
28,1141.8627833349408,,,mixed C-H bending / cyclic-ring out-of-plane deformation,nu(C6-C7),bond,2.9638649617782047,-,-0.09071468096277178,0.29141343418307836
28,1141.8627833349408,,,mixed C-H bending / cyclic-ring out-of-plane deformation,tau(N5-C6-C7-C9),dihedral,2.0434776057308026,-,-0.055302742343786994,0.5406084863476108
28,1141.8627833349408,,,mixed C-H bending / cyclic-ring out-of-plane deformation,tau(H12-C1-C2-C9),dihedral,1.5200375801486445,-,-0.03736028620328509,0.8811305263997591
28,1141.8627833349408,,,mixed C-H bending / cyclic-ring out-of-plane deformation,nu(O8-C9),bond,1.354895810426179,+,0.061057094831964594,0.2940626988285609
28,1141.8627833349408,,,mixed C-H bending / cyclic-ring out-of-plane deformation,"gamma(C6;C7,O8,H15)",oop,1.0964715981172808,-,-0.08387307609894291,0.12611262203061205
28,1141.8627833349408,,,mixed C-H bending / cyclic-ring out-of-plane deformation,nu(O3-C4),bond,1.0093516072353723,-,-0.04549065256713205,0.39464304780317283
28,1141.8627833349408,,,mixed C-H bending / cyclic-ring out-of-plane deformation,tau(H11-C1-C2-C6),dihedral,0.8469380836939471,-,-0.02847795621122512,0.8449681468376289
28,1141.8627833349408,,,mixed C-H bending / cyclic-ring out-of-plane deformation,delta(O3-C4-N5),angle,0.7279032415008977,-,-0.024859835553992054,0.9529792878238377
28,1141.8627833349408,,,mixed C-H bending / cyclic-ring out-of-plane deformation,nu(C2-C9),bond,0.717751317591859,-,-0.04496908167794574,0.2871787309625498
28,1141.8627833349408,,,mixed C-H bending / cyclic-ring out-of-plane deformation,tau(C1-C2-O3-C4),dihedral,0.6826529064961289,+,0.04388422717510064,0.28680673515252064
28,1141.8627833349408,,,mixed C-H bending / cyclic-ring out-of-plane deformation,tau(C2-O3-C4-H13),dihedral,0.6000138747239485,+,0.04756072333940238,0.21462025290396103
28,1141.8627833349408,,,mixed C-H bending / cyclic-ring out-of-plane deformation,tau(O3-C2-C6-C7),dihedral,0.48570196404078525,+,0.025123398828658428,0.6226147219080224
28,1141.8627833349408,,,mixed C-H bending / cyclic-ring out-of-plane deformation,delta(O8-C7-H15),angle,0.47495857165687916,-,-0.04363277301489651,0.20185355922397827
28,1141.8627833349408,,,mixed C-H bending / cyclic-ring out-of-plane deformation,nu(N5-C6),bond,0.26465197226086745,+,0.02617764293936367,0.3124786623234075
28,1141.8627833349408,,,mixed C-H bending / cyclic-ring out-of-plane deformation,tau(H10-C1-C2-O3),dihedral,0.258123463331689,+,0.035052982881401046,0.16997452388979203
28,1141.8627833349408,,,mixed C-H bending / cyclic-ring out-of-plane deformation,nu(C7-C9),bond,0.21108443799508,+,0.021003784652059546,0.38713943691768804
28,1141.8627833349408,,,mixed C-H bending / cyclic-ring out-of-plane deformation,delta(C1-C2-O3),angle,0.18787657436589567,+,0.013385010250521837,0.8484798402288911
28,1141.8627833349408,,,mixed C-H bending / cyclic-ring out-of-plane deformation,delta(O8-C9-H16),angle,0.13352756996229034,+,0.023145286120290168,0.2016750387366806
28,1141.8627833349408,,,mixed C-H bending / cyclic-ring out-of-plane deformation,nu(C7-O8),bond,0.11289178706329733,+,0.017844750087236443,0.2868452872636431
28,1141.8627833349408,,,mixed C-H bending / cyclic-ring out-of-plane deformation,delta(N5-C6-C7),angle,0.09372888705865383,-,-0.011439728243595107,0.5794932160067546
28,1141.8627833349408,,,mixed C-H bending / cyclic-ring out-of-plane deformation,delta(O3-C4-H13),angle,0.05242099409316417,-,-0.012847699193464153,0.25695723134917164
28,1141.8627833349408,,,mixed C-H bending / cyclic-ring out-of-plane deformation,nu(C1-H11),bond,0.0336536295677887,+,0.008999788075254533,0.33618137997364117
28,1141.8627833349408,,,mixed C-H bending / cyclic-ring out-of-plane deformation,nu(C4-N5),bond,0.013127301149576732,-,-0.003845836911892378,0.718124978197118
28,1141.8627833349408,,,mixed C-H bending / cyclic-ring out-of-plane deformation,"gamma(N5;C4,O3,H13)",oop,0.005300842563114974,-,-0.0040300511156948285,0.2640767143320028
28,1141.8627833349408,,,mixed C-H bending / cyclic-ring out-of-plane deformation,nu(C7-H15),bond,0.00367402514753654,-,-0.0028797727095551708,0.3584528290766376
28,1141.8627833349408,,,mixed C-H bending / cyclic-ring out-of-plane deformation,nu(C9-H16),bond,0.003115044216208118,+,0.0026634452281590086,0.3552900019598891
28,1141.8627833349408,,,mixed C-H bending / cyclic-ring out-of-plane deformation,nu(C1-H10),bond,0.0017825562811104646,-,-0.0020710324823368965,0.3362604123431611
28,1141.8627833349408,,,mixed C-H bending / cyclic-ring out-of-plane deformation,nu(C6-H14),bond,0.0015918074468865312,+,0.001953144405115681,0.33761997675065536
28,1141.8627833349408,,,mixed C-H bending / cyclic-ring out-of-plane deformation,nu(C1-H12),bond,0.0002785021400095549,+,0.0008156790506633199,0.33868520952195924
28,1141.8627833349408,,,mixed C-H bending / cyclic-ring out-of-plane deformation,nu(C4-H13),bond,6.634959832112841e-05,+,0.0003841232975801769,0.3638340261674659
29,1177.2521922213245,,,mixed C-H bending / ring-site C-H in-plane bending,delta(C1-C2-O3),angle,13.186126244840175,+,0.12036803931080765,0.8484798402288911
29,1177.2521922213245,,,mixed C-H bending / ring-site C-H in-plane bending,delta(H11-C1-H12),angle,11.934309304249467,-,-0.08675688404468296,1.4782097740250923
29,1177.2521922213245,,,mixed C-H bending / ring-site C-H in-plane bending,delta(C2-C1-H10),angle,10.919167044375605,+,0.2167478481436368,0.2166838743068714
29,1177.2521922213245,,,mixed C-H bending / ring-site C-H in-plane bending,delta(O8-C9-H16),angle,9.615717039696104,-,-0.21083276215526017,0.2016750387366806
29,1177.2521922213245,,,mixed C-H bending / ring-site C-H in-plane bending,delta(C2-C1-H11),angle,9.510563198888892,-,-0.12119590101552688,0.6036386561693722
29,1177.2521922213245,,,mixed C-H bending / ring-site C-H in-plane bending,delta(C2-C1-H12),angle,8.83284248481007,-,-0.11826913069622348,0.5887139782225514
29,1177.2521922213245,,,mixed C-H bending / ring-site C-H in-plane bending,nu(O3-C4),bond,6.318247402136164,-,-0.12217136356439155,0.39464304780317283
29,1177.2521922213245,,,mixed C-H bending / ring-site C-H in-plane bending,nu(C7-C9),bond,3.342910525952711,-,-0.08972263197594693,0.38713943691768804
29,1177.2521922213245,,,mixed C-H bending / ring-site C-H in-plane bending,tau(H11-C1-C2-C6),dihedral,3.0607382680817063,+,0.05811205902687607,0.8449681468376289
29,1177.2521922213245,,,mixed C-H bending / ring-site C-H in-plane bending,delta(O3-C4-H13),angle,3.047711998255038,-,-0.10515498745292556,0.25695723134917164
29,1177.2521922213245,,,mixed C-H bending / ring-site C-H in-plane bending,"gamma(C2;C6,N5,H14)",oop,3.023560064760736,-,-0.12121742511001178,0.19183823175155254
29,1177.2521922213245,,,mixed C-H bending / ring-site C-H in-plane bending,tau(H12-C1-C2-C9),dihedral,2.9233071441605727,-,-0.055614807182015474,0.8811305263997591
29,1177.2521922213245,,,mixed C-H bending / ring-site C-H in-plane bending,delta(O3-C4-N5),angle,2.3321854782776823,+,0.04776537021259823,0.9529792878238377
29,1177.2521922213245,,,mixed C-H bending / ring-site C-H in-plane bending,nu(C2-O3),bond,2.087854320821905,-,-0.08187185706787535,0.2903872748020396
29,1177.2521922213245,,,mixed C-H bending / ring-site C-H in-plane bending,nu(C2-C9),bond,1.920069481585519,+,0.07895064310992686,0.2871787309625498
29,1177.2521922213245,,,mixed C-H bending / ring-site C-H in-plane bending,delta(O8-C7-H15),angle,1.6167382021546062,-,-0.08641218366398923,0.20185355922397827
29,1177.2521922213245,,,mixed C-H bending / ring-site C-H in-plane bending,nu(C1-C2),bond,1.3801610056151499,-,-0.06635293514705133,0.29225109464701776
29,1177.2521922213245,,,mixed C-H bending / ring-site C-H in-plane bending,nu(C2-C6),bond,1.027679892273214,+,0.054907007465632096,0.31779640598064146
29,1177.2521922213245,,,mixed C-H bending / ring-site C-H in-plane bending,nu(O8-C9),bond,0.6940491630572184,-,-0.04690816927088947,0.2940626988285609
29,1177.2521922213245,,,mixed C-H bending / ring-site C-H in-plane bending,tau(O3-C2-C6-C7),dihedral,0.6891524737266731,-,-0.03212338498464079,0.6226147219080224
29,1177.2521922213245,,,mixed C-H bending / ring-site C-H in-plane bending,nu(C7-O8),bond,0.5166129992043533,-,-0.04097624341659952,0.2868452872636431
29,1177.2521922213245,,,mixed C-H bending / ring-site C-H in-plane bending,nu(C6-C7),bond,0.5087401514972366,+,0.04034284843715349,0.29141343418307836
29,1177.2521922213245,,,mixed C-H bending / ring-site C-H in-plane bending,delta(C2-C9-O8),angle,0.47800446046284445,+,0.02171134791806595,0.9453770317224727
29,1177.2521922213245,,,mixed C-H bending / ring-site C-H in-plane bending,"gamma(C6;C7,O8,H15)",oop,0.2691931544366136,+,0.04460936731489268,0.12611262203061205
29,1177.2521922213245,,,mixed C-H bending / ring-site C-H in-plane bending,tau(C2-O3-C4-H13),dihedral,0.25636475924337165,-,-0.033370840648613315,0.21462025290396103
29,1177.2521922213245,,,mixed C-H bending / ring-site C-H in-plane bending,tau(C1-C2-O3-C4),dihedral,0.12139082228947189,+,0.0198642233350993,0.28680673515252064
29,1177.2521922213245,,,mixed C-H bending / ring-site C-H in-plane bending,nu(N5-C6),bond,0.10011900377518722,+,0.017283090815519216,0.3124786623234075
29,1177.2521922213245,,,mixed C-H bending / ring-site C-H in-plane bending,delta(N5-C6-C7),angle,0.07461284270752094,-,-0.010956099074910176,0.5794932160067546
29,1177.2521922213245,,,mixed C-H bending / ring-site C-H in-plane bending,"gamma(C2;C9,O8,H16)",oop,0.05546313866927872,-,-0.02019772731213204,0.1267494562515593
29,1177.2521922213245,,,mixed C-H bending / ring-site C-H in-plane bending,nu(C1-H10),bond,0.05089606594530903,-,-0.011878936813863747,0.3362604123431611
29,1177.2521922213245,,,mixed C-H bending / ring-site C-H in-plane bending,nu(C4-N5),bond,0.03755295635020391,-,-0.006982249850619664,0.718124978197118
29,1177.2521922213245,,,mixed C-H bending / ring-site C-H in-plane bending,tau(H10-C1-C2-O3),dihedral,0.031815578353964244,-,-0.01320995475499046,0.16997452388979203
29,1177.2521922213245,,,mixed C-H bending / ring-site C-H in-plane bending,delta(C6-C7-O8),angle,0.008129200940723964,+,0.002860553202555825,0.9261780218445965
29,1177.2521922213245,,,mixed C-H bending / ring-site C-H in-plane bending,nu(C4-H13),bond,0.006987000278076944,-,-0.004231234155149348,0.3638340261674659
29,1177.2521922213245,,,mixed C-H bending / ring-site C-H in-plane bending,tau(N5-C6-C7-C9),dihedral,0.006567335434255125,+,0.0033653210781361105,0.5406084863476108
29,1177.2521922213245,,,mixed C-H bending / ring-site C-H in-plane bending,nu(C9-H16),bond,0.004427944344393707,-,-0.003408653994916116,0.3552900019598891
29,1177.2521922213245,,,mixed C-H bending / ring-site C-H in-plane bending,nu(C1-H11),bond,0.004412605794338897,+,0.0034981149239292726,0.33618137997364117
29,1177.2521922213245,,,mixed C-H bending / ring-site C-H in-plane bending,nu(C1-H12),bond,0.003650834684285491,+,0.003170087895674925,0.33868520952195924
29,1177.2521922213245,,,mixed C-H bending / ring-site C-H in-plane bending,nu(C7-H15),bond,0.0008030089515733339,-,-0.0014451652919884326,0.3584528290766376
29,1177.2521922213245,,,mixed C-H bending / ring-site C-H in-plane bending,nu(C6-H14),bond,0.000496043630687027,+,0.001170359289411707,0.33761997675065536
29,1177.2521922213245,,,mixed C-H bending / ring-site C-H in-plane bending,"gamma(N5;C4,O3,H13)",oop,0.0003380828818525219,-,-0.0010924960427730922,0.2640767143320028
29,1177.2521922213245,,,mixed C-H bending / ring-site C-H in-plane bending,delta(N5-C6-H14),angle,0.00033127240527188774,+,0.0011636557868040822,0.22807772116185696
30,1194.7910221298296,,,mixed C-H bending / cyclic-ring out-of-plane deformation,delta(C2-C1-H12),angle,29.954901128609936,+,0.22125470183303908,0.5887139782225514
30,1194.7910221298296,,,mixed C-H bending / cyclic-ring out-of-plane deformation,delta(C2-C1-H11),angle,27.362669748251214,-,-0.2088341167225427,0.6036386561693722
30,1194.7910221298296,,,mixed C-H bending / cyclic-ring out-of-plane deformation,"gamma(C2;C6,N5,H14)",oop,13.784916196654866,-,-0.26293307524474346,0.19183823175155254
30,1194.7910221298296,,,mixed C-H bending / cyclic-ring out-of-plane deformation,nu(C2-C9),bond,4.46367036368537,-,-0.12228710357554075,0.2871787309625498
30,1194.7910221298296,,,mixed C-H bending / cyclic-ring out-of-plane deformation,delta(O8-C9-H16),angle,3.550031471950439,+,0.13013699201986298,0.2016750387366806
30,1194.7910221298296,,,mixed C-H bending / cyclic-ring out-of-plane deformation,tau(C1-C2-O3-C4),dihedral,3.383881090620137,+,0.10654267855977621,0.28680673515252064
30,1194.7910221298296,,,mixed C-H bending / cyclic-ring out-of-plane deformation,nu(C2-C6),bond,2.849312017759397,+,0.09287658778990823,0.31779640598064146
30,1194.7910221298296,,,mixed C-H bending / cyclic-ring out-of-plane deformation,delta(C2-C9-O8),angle,2.7026317877804265,+,0.05244470586922115,0.9453770317224727
30,1194.7910221298296,,,mixed C-H bending / cyclic-ring out-of-plane deformation,delta(N5-C6-H14),angle,1.791945404307017,-,-0.0869424134157801,0.22807772116185696
30,1194.7910221298296,,,mixed C-H bending / cyclic-ring out-of-plane deformation,nu(C1-C2),bond,1.6262770378917928,-,-0.07316947331599635,0.29225109464701776
30,1194.7910221298296,,,mixed C-H bending / cyclic-ring out-of-plane deformation,delta(H11-C1-H12),angle,0.9321968454716334,+,0.024631820829701456,1.4782097740250923
30,1194.7910221298296,,,mixed C-H bending / cyclic-ring out-of-plane deformation,tau(O3-C2-C6-C7),dihedral,0.9226213347920762,+,0.03775833114407921,0.6226147219080224
30,1194.7910221298296,,,mixed C-H bending / cyclic-ring out-of-plane deformation,nu(C2-O3),bond,0.9130653950996966,+,0.055001291625156726,0.2903872748020396
30,1194.7910221298296,,,mixed C-H bending / cyclic-ring out-of-plane deformation,tau(H10-C1-C2-O3),dihedral,0.8804802952144478,+,0.0705957637439843,0.16997452388979203
30,1194.7910221298296,,,mixed C-H bending / cyclic-ring out-of-plane deformation,tau(H11-C1-C2-C6),dihedral,0.785570684279206,-,-0.029907712869939724,0.8449681468376289
30,1194.7910221298296,,,mixed C-H bending / cyclic-ring out-of-plane deformation,delta(O8-C7-H15),angle,0.6632583861093719,-,-0.056225575098883526,0.20185355922397827
30,1194.7910221298296,,,mixed C-H bending / cyclic-ring out-of-plane deformation,nu(C7-O8),bond,0.4224032942524537,+,0.037640078970168266,0.2868452872636431
30,1194.7910221298296,,,mixed C-H bending / cyclic-ring out-of-plane deformation,delta(C2-C1-H10),angle,0.3317949282696079,-,-0.03838241640265118,0.2166838743068714
30,1194.7910221298296,,,mixed C-H bending / cyclic-ring out-of-plane deformation,tau(H12-C1-C2-C9),dihedral,0.3235710897381037,-,-0.018796434221292225,0.8811305263997591
30,1194.7910221298296,,,mixed C-H bending / cyclic-ring out-of-plane deformation,nu(N5-C6),bond,0.31601385091214046,+,0.0311927462912553,0.3124786623234075
30,1194.7910221298296,,,mixed C-H bending / cyclic-ring out-of-plane deformation,nu(C7-C9),bond,0.2960418530698602,+,0.02712399072137579,0.38713943691768804
30,1194.7910221298296,,,mixed C-H bending / cyclic-ring out-of-plane deformation,delta(O3-C4-H13),angle,0.29452271851952716,-,-0.03320777022014698,0.25695723134917164
30,1194.7910221298296,,,mixed C-H bending / cyclic-ring out-of-plane deformation,tau(C2-O3-C4-H13),dihedral,0.27662379138596965,+,0.03521438845880537,0.21462025290396103
30,1194.7910221298296,,,mixed C-H bending / cyclic-ring out-of-plane deformation,nu(C6-C7),bond,0.2712983385816464,+,0.029928125737182606,0.29141343418307836
30,1194.7910221298296,,,mixed C-H bending / cyclic-ring out-of-plane deformation,delta(C6-C7-O8),angle,0.23798019194391415,-,-0.015722945422560357,0.9261780218445965
30,1194.7910221298296,,,mixed C-H bending / cyclic-ring out-of-plane deformation,delta(N5-C6-C7),angle,0.23483184154362208,-,-0.019745359761535523,0.5794932160067546
30,1194.7910221298296,,,mixed C-H bending / cyclic-ring out-of-plane deformation,"gamma(C2;C9,O8,H16)",oop,0.11390963445283592,-,-0.029404778601118283,0.1267494562515593
30,1194.7910221298296,,,mixed C-H bending / cyclic-ring out-of-plane deformation,tau(N5-C6-C7-C9),dihedral,0.053392608369020246,+,0.009747873320505026,0.5406084863476108
30,1194.7910221298296,,,mixed C-H bending / cyclic-ring out-of-plane deformation,nu(C4-N5),bond,0.05253271471732518,-,-0.008389298414304643,0.718124978197118
30,1194.7910221298296,,,mixed C-H bending / cyclic-ring out-of-plane deformation,nu(O3-C4),bond,0.05244732046761456,-,-0.011307592820444325,0.39464304780317283
30,1194.7910221298296,,,mixed C-H bending / cyclic-ring out-of-plane deformation,nu(O8-C9),bond,0.04157477671716477,+,0.011662877941594934,0.2940626988285609
30,1194.7910221298296,,,mixed C-H bending / cyclic-ring out-of-plane deformation,nu(C1-H12),bond,0.03643641862633195,-,-0.010173735981883798,0.33868520952195924
30,1194.7910221298296,,,mixed C-H bending / cyclic-ring out-of-plane deformation,"gamma(C6;C7,O8,H15)",oop,0.022777054050106695,-,-0.013181967474467338,0.12611262203061205
30,1194.7910221298296,,,mixed C-H bending / cyclic-ring out-of-plane deformation,nu(C1-H11),bond,0.021357447661463535,+,0.007818052540804157,0.33618137997364117
30,1194.7910221298296,,,mixed C-H bending / cyclic-ring out-of-plane deformation,delta(O3-C4-N5),angle,0.01685039795342757,+,0.004124526395710062,0.9529792878238377
30,1194.7910221298296,,,mixed C-H bending / cyclic-ring out-of-plane deformation,delta(C1-C2-O3),angle,0.007307447068661727,+,0.0028785436025403938,0.8484798402288911
30,1194.7910221298296,,,mixed C-H bending / cyclic-ring out-of-plane deformation,nu(C7-H15),bond,0.005186577726891712,+,0.003731085285635389,0.3584528290766376
30,1194.7910221298296,,,mixed C-H bending / cyclic-ring out-of-plane deformation,"gamma(N5;C4,O3,H13)",oop,0.0015781846794155683,-,-0.002397864260955811,0.2640767143320028
30,1194.7910221298296,,,mixed C-H bending / cyclic-ring out-of-plane deformation,nu(C4-H13),bond,0.0015017575109983752,+,0.001992778309100678,0.3638340261674659
30,1194.7910221298296,,,mixed C-H bending / cyclic-ring out-of-plane deformation,nu(C9-H16),bond,0.00036123082566852144,-,-0.0009890349662170373,0.3552900019598891
30,1194.7910221298296,,,mixed C-H bending / cyclic-ring out-of-plane deformation,nu(C6-H14),bond,0.00018611445410872133,+,0.0007282604426421615,0.33761997675065536
30,1194.7910221298296,,,mixed C-H bending / cyclic-ring out-of-plane deformation,nu(C1-H10),bond,8.922802508201786e-05,+,0.0005052699927769756,0.3362604123431611
31,1224.2985455145013,,,mixed ring-site C-H in-plane bending / mixed-phase cyclic C-C stretching,delta(O8-C9-H16),angle,23.32752683962542,-,-0.31381802653828533,0.2016750387366806
31,1224.2985455145013,,,mixed ring-site C-H in-plane bending / mixed-phase cyclic C-C stretching,"gamma(C2;C6,N5,H14)",oop,11.268176380416202,+,0.2236293746987389,0.19183823175155254
31,1224.2985455145013,,,mixed ring-site C-H in-plane bending / mixed-phase cyclic C-C stretching,delta(C2-C9-O8),angle,10.215907155411491,+,0.09591920219886614,0.9453770317224727
31,1224.2985455145013,,,mixed ring-site C-H in-plane bending / mixed-phase cyclic C-C stretching,nu(C2-C9),bond,6.876996094100385,-,-0.1427883796997149,0.2871787309625498
31,1224.2985455145013,,,mixed ring-site C-H in-plane bending / mixed-phase cyclic C-C stretching,delta(H11-C1-H12),angle,6.298220758298221,+,0.06022967466994186,1.4782097740250923
31,1224.2985455145013,,,mixed ring-site C-H in-plane bending / mixed-phase cyclic C-C stretching,nu(C2-C6),bond,5.641536475298713,+,0.1229401736270034,0.31779640598064146
31,1224.2985455145013,,,mixed ring-site C-H in-plane bending / mixed-phase cyclic C-C stretching,nu(C1-C2),bond,4.7155691304620895,-,-0.11720836218710634,0.29225109464701776
31,1224.2985455145013,,,mixed ring-site C-H in-plane bending / mixed-phase cyclic C-C stretching,delta(O8-C7-H15),angle,4.44735299283194,-,-0.13696266804693355,0.20185355922397827
31,1224.2985455145013,,,mixed ring-site C-H in-plane bending / mixed-phase cyclic C-C stretching,delta(C2-C1-H12),angle,3.9863673326052322,+,0.07592872310449067,0.5887139782225514
31,1224.2985455145013,,,mixed ring-site C-H in-plane bending / mixed-phase cyclic C-C stretching,nu(C2-O3),bond,3.116080201579938,+,0.09558398562475044,0.2903872748020396
31,1224.2985455145013,,,mixed ring-site C-H in-plane bending / mixed-phase cyclic C-C stretching,delta(C2-C1-H10),angle,2.1947288810638175,-,-0.09286386517258471,0.2166838743068714
31,1224.2985455145013,,,mixed ring-site C-H in-plane bending / mixed-phase cyclic C-C stretching,nu(C6-C7),bond,1.8639918399190696,-,-0.07379668128189412,0.29141343418307836
31,1224.2985455145013,,,mixed ring-site C-H in-plane bending / mixed-phase cyclic C-C stretching,"gamma(C2;C9,O8,H16)",oop,1.7085821052864936,+,0.10713083426132887,0.1267494562515593
31,1224.2985455145013,,,mixed ring-site C-H in-plane bending / mixed-phase cyclic C-C stretching,tau(N5-C6-C7-C9),dihedral,1.6893127219900268,-,-0.051580222300175574,0.5406084863476108
31,1224.2985455145013,,,mixed ring-site C-H in-plane bending / mixed-phase cyclic C-C stretching,delta(N5-C6-H14),angle,1.6281078447487043,+,0.07795962914759609,0.22807772116185696
31,1224.2985455145013,,,mixed ring-site C-H in-plane bending / mixed-phase cyclic C-C stretching,delta(C6-C7-O8),angle,1.4742230290138585,+,0.036813234107790485,0.9261780218445965
31,1224.2985455145013,,,mixed ring-site C-H in-plane bending / mixed-phase cyclic C-C stretching,delta(O3-C4-N5),angle,1.4146156198884092,-,-0.035550614035922704,0.9529792878238377
31,1224.2985455145013,,,mixed ring-site C-H in-plane bending / mixed-phase cyclic C-C stretching,delta(O3-C4-H13),angle,1.31569887180526,+,0.06602637309927689,0.25695723134917164
31,1224.2985455145013,,,mixed ring-site C-H in-plane bending / mixed-phase cyclic C-C stretching,delta(C2-C1-H11),angle,1.1526717125080317,-,-0.040321242690954245,0.6036386561693722
31,1224.2985455145013,,,mixed ring-site C-H in-plane bending / mixed-phase cyclic C-C stretching,nu(C7-C9),bond,1.1168161571300284,-,-0.04955948100796962,0.38713943691768804
31,1224.2985455145013,,,mixed ring-site C-H in-plane bending / mixed-phase cyclic C-C stretching,tau(H11-C1-C2-C6),dihedral,0.8722828095973634,-,-0.029646818921378784,0.8449681468376289
31,1224.2985455145013,,,mixed ring-site C-H in-plane bending / mixed-phase cyclic C-C stretching,"gamma(C6;C7,O8,H15)",oop,0.8625355078990157,+,0.0763095383675724,0.12611262203061205
31,1224.2985455145013,,,mixed ring-site C-H in-plane bending / mixed-phase cyclic C-C stretching,delta(N5-C6-C7),angle,0.8212765822146827,+,0.03473682768785881,0.5794932160067546
31,1224.2985455145013,,,mixed ring-site C-H in-plane bending / mixed-phase cyclic C-C stretching,tau(C1-C2-O3-C4),dihedral,0.5251792380778114,+,0.039484688315916526,0.28680673515252064
31,1224.2985455145013,,,mixed ring-site C-H in-plane bending / mixed-phase cyclic C-C stretching,nu(O3-C4),bond,0.510923036097178,+,0.0332005383964491,0.39464304780317283
31,1224.2985455145013,,,mixed ring-site C-H in-plane bending / mixed-phase cyclic C-C stretching,tau(H12-C1-C2-C9),dihedral,0.2892550967003275,+,0.01671821857367317,0.8811305263997591
31,1224.2985455145013,,,mixed ring-site C-H in-plane bending / mixed-phase cyclic C-C stretching,delta(C1-C2-O3),angle,0.17976387041657088,-,-0.01343074345794884,0.8484798402288911
31,1224.2985455145013,,,mixed ring-site C-H in-plane bending / mixed-phase cyclic C-C stretching,nu(O8-C9),bond,0.16126438494774611,+,0.02160821416007728,0.2940626988285609
31,1224.2985455145013,,,mixed ring-site C-H in-plane bending / mixed-phase cyclic C-C stretching,tau(H10-C1-C2-O3),dihedral,0.11887155038400414,+,0.024401507613649454,0.16997452388979203
31,1224.2985455145013,,,mixed ring-site C-H in-plane bending / mixed-phase cyclic C-C stretching,nu(C7-O8),bond,0.06914689122369533,+,0.014326235396041893,0.2868452872636431
31,1224.2985455145013,,,mixed ring-site C-H in-plane bending / mixed-phase cyclic C-C stretching,nu(C9-H16),bond,0.058148254990852855,-,-0.011804469177630445,0.3552900019598891
31,1224.2985455145013,,,mixed ring-site C-H in-plane bending / mixed-phase cyclic C-C stretching,nu(N5-C6),bond,0.022962773129626916,-,-0.007909910995802242,0.3124786623234075
31,1224.2985455145013,,,mixed ring-site C-H in-plane bending / mixed-phase cyclic C-C stretching,nu(C7-H15),bond,0.01902097314582411,-,-0.006721558342732486,0.3584528290766376
31,1224.2985455145013,,,mixed ring-site C-H in-plane bending / mixed-phase cyclic C-C stretching,nu(C1-H12),bond,0.015319049409179804,-,-0.006205651826030013,0.33868520952195924
31,1224.2985455145013,,,mixed ring-site C-H in-plane bending / mixed-phase cyclic C-C stretching,nu(C4-H13),bond,0.011115449311212035,+,0.00510013260132224,0.3638340261674659
31,1224.2985455145013,,,mixed ring-site C-H in-plane bending / mixed-phase cyclic C-C stretching,tau(O3-C2-C6-C7),dihedral,0.0062417271211951736,+,0.0029215431759216995,0.6226147219080224
31,1224.2985455145013,,,mixed ring-site C-H in-plane bending / mixed-phase cyclic C-C stretching,nu(C1-H10),bond,0.002332944510748773,+,0.0024304346412788295,0.3362604123431611
31,1224.2985455145013,,,mixed ring-site C-H in-plane bending / mixed-phase cyclic C-C stretching,tau(C2-O3-C4-H13),dihedral,0.000877314090221368,-,-0.0018655711357676125,0.21462025290396103
31,1224.2985455145013,,,mixed ring-site C-H in-plane bending / mixed-phase cyclic C-C stretching,"gamma(N5;C4,O3,H13)",oop,0.0008197684195123033,+,0.0016257364783084168,0.2640767143320028
31,1224.2985455145013,,,mixed ring-site C-H in-plane bending / mixed-phase cyclic C-C stretching,nu(C4-N5),bond,0.00016516036982679795,+,0.0004425094192632732,0.718124978197118
31,1224.2985455145013,,,mixed ring-site C-H in-plane bending / mixed-phase cyclic C-C stretching,nu(C1-H11),bond,8.248885359879507e-06,-,-0.00014453746011927358,0.33618137997364117
31,1224.2985455145013,,,mixed ring-site C-H in-plane bending / mixed-phase cyclic C-C stretching,nu(C6-H14),bond,7.22507472189651e-06,-,-0.0001349822665385702,0.33761997675065536
32,1237.1784996241527,,,mixed ring-site C-H in-plane bending / cyclic C-C stretching,delta(O8-C7-H15),angle,35.818866124266066,-,-0.3461845357837978,0.20185355922397827
32,1237.1784996241527,,,mixed ring-site C-H in-plane bending / cyclic C-C stretching,nu(C7-C9),bond,13.406298065116616,-,-0.15292929314950793,0.38713943691768804
32,1237.1784996241527,,,mixed ring-site C-H in-plane bending / cyclic C-C stretching,delta(N5-C6-H14),angle,8.325365078325284,+,0.15701103040276287,0.22807772116185696
32,1237.1784996241527,,,mixed ring-site C-H in-plane bending / cyclic C-C stretching,"gamma(C2;C6,N5,H14)",oop,7.05400365747953,-,-0.1575869360514768,0.19183823175155254
32,1237.1784996241527,,,mixed ring-site C-H in-plane bending / cyclic C-C stretching,"gamma(C2;C9,O8,H16)",oop,4.582459284315217,-,-0.15625941991929573,0.1267494562515593
32,1237.1784996241527,,,mixed ring-site C-H in-plane bending / cyclic C-C stretching,nu(C2-C6),bond,4.241637940827668,-,-0.09494284898637942,0.31779640598064146
32,1237.1784996241527,,,mixed ring-site C-H in-plane bending / cyclic C-C stretching,tau(H12-C1-C2-C9),dihedral,3.3641226872129693,+,0.050779186838827754,0.8811305263997591
32,1237.1784996241527,,,mixed ring-site C-H in-plane bending / cyclic C-C stretching,delta(C1-C2-O3),angle,3.3601978105694723,-,-0.051716795967322225,0.8484798402288911
32,1237.1784996241527,,,mixed ring-site C-H in-plane bending / cyclic C-C stretching,nu(O8-C9),bond,3.314961094579676,-,-0.08725477465785575,0.2940626988285609
32,1237.1784996241527,,,mixed ring-site C-H in-plane bending / cyclic C-C stretching,delta(C2-C1-H11),angle,2.8220044659362404,+,0.056190161367594,0.6036386561693722
32,1237.1784996241527,,,mixed ring-site C-H in-plane bending / cyclic C-C stretching,nu(C1-C2),bond,2.7660399554996684,+,0.0799504852708278,0.29225109464701776
32,1237.1784996241527,,,mixed ring-site C-H in-plane bending / cyclic C-C stretching,delta(H11-C1-H12),angle,1.173358025686652,+,0.023153528876178896,1.4782097740250923
32,1237.1784996241527,,,mixed ring-site C-H in-plane bending / cyclic C-C stretching,tau(O3-C2-C6-C7),dihedral,1.121306166941827,+,0.03487565439827646,0.6226147219080224
32,1237.1784996241527,,,mixed ring-site C-H in-plane bending / cyclic C-C stretching,"gamma(C6;C7,O8,H15)",oop,1.0385855551710819,-,-0.07457818574896201,0.12611262203061205
32,1237.1784996241527,,,mixed ring-site C-H in-plane bending / cyclic C-C stretching,nu(C6-C7),bond,0.9561084126208845,-,-0.047072659757866196,0.29141343418307836
32,1237.1784996241527,,,mixed ring-site C-H in-plane bending / cyclic C-C stretching,delta(C6-C7-O8),angle,0.9238325271996413,+,0.025954898919976866,0.9261780218445965
32,1237.1784996241527,,,mixed ring-site C-H in-plane bending / cyclic C-C stretching,nu(C7-O8),bond,0.8802073518555713,-,-0.04552380863585662,0.2868452872636431
32,1237.1784996241527,,,mixed ring-site C-H in-plane bending / cyclic C-C stretching,delta(O3-C4-H13),angle,0.8716264773146599,+,0.04786353138168316,0.25695723134917164
32,1237.1784996241527,,,mixed ring-site C-H in-plane bending / cyclic C-C stretching,delta(O8-C9-H16),angle,0.834915851559928,+,0.052876808145189684,0.2016750387366806
32,1237.1784996241527,,,mixed ring-site C-H in-plane bending / cyclic C-C stretching,delta(C2-C1-H10),angle,0.7592455598480932,-,-0.048646072986618785,0.2166838743068714
32,1237.1784996241527,,,mixed ring-site C-H in-plane bending / cyclic C-C stretching,nu(N5-C6),bond,0.7092704585039686,-,-0.03915305957158588,0.3124786623234075
32,1237.1784996241527,,,mixed ring-site C-H in-plane bending / cyclic C-C stretching,delta(C2-C1-H12),angle,0.4458220910870421,+,0.022615103058607575,0.5887139782225514
32,1237.1784996241527,,,mixed ring-site C-H in-plane bending / cyclic C-C stretching,nu(C4-N5),bond,0.2882106929555061,+,0.016463606642415158,0.718124978197118
32,1237.1784996241527,,,mixed ring-site C-H in-plane bending / cyclic C-C stretching,nu(O3-C4),bond,0.2534220084390039,+,0.02082523394042537,0.39464304780317283
32,1237.1784996241527,,,mixed ring-site C-H in-plane bending / cyclic C-C stretching,tau(C1-C2-O3-C4),dihedral,0.16243846084117494,-,-0.019557787033756137,0.28680673515252064
32,1237.1784996241527,,,mixed ring-site C-H in-plane bending / cyclic C-C stretching,tau(N5-C6-C7-C9),dihedral,0.13698920445907445,+,0.0130819262099008,0.5406084863476108
32,1237.1784996241527,,,mixed ring-site C-H in-plane bending / cyclic C-C stretching,delta(O3-C4-N5),angle,0.09905608652305983,-,-0.008378548826847394,0.9529792878238377
32,1237.1784996241527,,,mixed ring-site C-H in-plane bending / cyclic C-C stretching,nu(C7-H15),bond,0.08986236123222331,-,-0.01301196419447246,0.3584528290766376
32,1237.1784996241527,,,mixed ring-site C-H in-plane bending / cyclic C-C stretching,delta(N5-C6-C7),angle,0.06752769062548729,+,0.008871288917878566,0.5794932160067546
32,1237.1784996241527,,,mixed ring-site C-H in-plane bending / cyclic C-C stretching,tau(C2-O3-C4-H13),dihedral,0.03172987451640493,+,0.009992376259811855,0.21462025290396103
32,1237.1784996241527,,,mixed ring-site C-H in-plane bending / cyclic C-C stretching,nu(C9-H16),bond,0.025059794940919266,-,-0.00690187701057087,0.3552900019598891
32,1237.1784996241527,,,mixed ring-site C-H in-plane bending / cyclic C-C stretching,nu(C2-O3),bond,0.02360093378852201,+,0.0074087639075083155,0.2903872748020396
32,1237.1784996241527,,,mixed ring-site C-H in-plane bending / cyclic C-C stretching,nu(C2-C9),bond,0.015772149874646185,-,-0.006090308112073357,0.2871787309625498
32,1237.1784996241527,,,mixed ring-site C-H in-plane bending / cyclic C-C stretching,tau(H11-C1-C2-C6),dihedral,0.015144465155945605,+,0.003479178846921222,0.8449681468376289
32,1237.1784996241527,,,mixed ring-site C-H in-plane bending / cyclic C-C stretching,nu(C1-H10),bond,0.008330379110365244,+,0.004090387620369264,0.3362604123431611
32,1237.1784996241527,,,mixed ring-site C-H in-plane bending / cyclic C-C stretching,"gamma(N5;C4,O3,H13)",oop,0.004402861741781548,+,0.0033556172852846748,0.2640767143320028
32,1237.1784996241527,,,mixed ring-site C-H in-plane bending / cyclic C-C stretching,delta(C2-C9-O8),angle,0.004067021763259745,+,0.0017045340358573212,0.9453770317224727
32,1237.1784996241527,,,mixed ring-site C-H in-plane bending / cyclic C-C stretching,nu(C1-H11),bond,0.0015494378178479266,-,-0.0017642909275287358,0.33618137997364117
32,1237.1784996241527,,,mixed ring-site C-H in-plane bending / cyclic C-C stretching,tau(H10-C1-C2-O3),dihedral,0.0013899233215731587,-,-0.0023500302741721675,0.16997452388979203
32,1237.1784996241527,,,mixed ring-site C-H in-plane bending / cyclic C-C stretching,nu(C6-H14),bond,0.0009837835201706232,-,-0.0014028319758744605,0.33761997675065536
32,1237.1784996241527,,,mixed ring-site C-H in-plane bending / cyclic C-C stretching,nu(C1-H12),bond,0.00018497240584712442,+,0.0006073308047105416,0.33868520952195924
32,1237.1784996241527,,,mixed ring-site C-H in-plane bending / cyclic C-C stretching,nu(C4-H13),bond,4.325504944262266e-05,-,-0.000283358798906738,0.3638340261674659
33,1279.4374004304939,,,mixed ring-site C-H in-plane bending / mixed-phase cyclic C-C stretching / cyclic-ring out-of-plane deformation,delta(N5-C6-H14),angle,27.170591556561686,-,-0.318934044762412,0.22807772116185696
33,1279.4374004304939,,,mixed ring-site C-H in-plane bending / mixed-phase cyclic C-C stretching / cyclic-ring out-of-plane deformation,nu(C6-C7),bond,14.102804385577342,-,-0.20327816084930223,0.29141343418307836
33,1279.4374004304939,,,mixed ring-site C-H in-plane bending / mixed-phase cyclic C-C stretching / cyclic-ring out-of-plane deformation,delta(O8-C7-H15),angle,12.609145888555418,-,-0.2309496961621208,0.20185355922397827
33,1279.4374004304939,,,mixed ring-site C-H in-plane bending / mixed-phase cyclic C-C stretching / cyclic-ring out-of-plane deformation,"gamma(C2;C6,N5,H14)",oop,10.083789103331926,+,0.2118541920166452,0.19183823175155254
33,1279.4374004304939,,,mixed ring-site C-H in-plane bending / mixed-phase cyclic C-C stretching / cyclic-ring out-of-plane deformation,"gamma(C6;C7,O8,H15)",oop,6.314011022852055,-,-0.20675982526550488,0.12611262203061205
33,1279.4374004304939,,,mixed ring-site C-H in-plane bending / mixed-phase cyclic C-C stretching / cyclic-ring out-of-plane deformation,nu(C2-C9),bond,4.036322544405919,+,0.10954928869760278,0.2871787309625498
33,1279.4374004304939,,,mixed ring-site C-H in-plane bending / mixed-phase cyclic C-C stretching / cyclic-ring out-of-plane deformation,nu(C1-C2),bond,3.895299634152674,-,-0.10668052100477335,0.29225109464701776
33,1279.4374004304939,,,mixed ring-site C-H in-plane bending / mixed-phase cyclic C-C stretching / cyclic-ring out-of-plane deformation,delta(C2-C1-H12),angle,3.8526387238260775,-,-0.07475146958906598,0.5887139782225514
33,1279.4374004304939,,,mixed ring-site C-H in-plane bending / mixed-phase cyclic C-C stretching / cyclic-ring out-of-plane deformation,nu(N5-C6),bond,3.028641493434089,+,0.09097174322586622,0.3124786623234075
33,1279.4374004304939,,,mixed ring-site C-H in-plane bending / mixed-phase cyclic C-C stretching / cyclic-ring out-of-plane deformation,tau(O3-C2-C6-C7),dihedral,2.853282681882281,-,-0.06255405587777428,0.6226147219080224
33,1279.4374004304939,,,mixed ring-site C-H in-plane bending / mixed-phase cyclic C-C stretching / cyclic-ring out-of-plane deformation,delta(C1-C2-O3),angle,2.465909901729606,+,0.049815053892062484,0.8484798402288911
33,1279.4374004304939,,,mixed ring-site C-H in-plane bending / mixed-phase cyclic C-C stretching / cyclic-ring out-of-plane deformation,nu(C7-C9),bond,1.6982553908164528,+,0.06120128772357046,0.38713943691768804
33,1279.4374004304939,,,mixed ring-site C-H in-plane bending / mixed-phase cyclic C-C stretching / cyclic-ring out-of-plane deformation,delta(O8-C9-H16),angle,1.6564502991739956,+,0.08374442337262424,0.2016750387366806
33,1279.4374004304939,,,mixed ring-site C-H in-plane bending / mixed-phase cyclic C-C stretching / cyclic-ring out-of-plane deformation,delta(C6-C7-O8),angle,1.1275902384560716,+,0.03224194141477886,0.9261780218445965
33,1279.4374004304939,,,mixed ring-site C-H in-plane bending / mixed-phase cyclic C-C stretching / cyclic-ring out-of-plane deformation,"gamma(C2;C9,O8,H16)",oop,1.0689159223638476,-,-0.08485774504623778,0.1267494562515593
33,1279.4374004304939,,,mixed ring-site C-H in-plane bending / mixed-phase cyclic C-C stretching / cyclic-ring out-of-plane deformation,nu(C7-O8),bond,0.8042792059670117,+,0.04892967453496257,0.2868452872636431
33,1279.4374004304939,,,mixed ring-site C-H in-plane bending / mixed-phase cyclic C-C stretching / cyclic-ring out-of-plane deformation,tau(H11-C1-C2-C6),dihedral,0.6573993757780078,-,-0.025774321484710306,0.8449681468376289
33,1279.4374004304939,,,mixed ring-site C-H in-plane bending / mixed-phase cyclic C-C stretching / cyclic-ring out-of-plane deformation,nu(O8-C9),bond,0.4635179249313336,+,0.03668648166194332,0.2940626988285609
33,1279.4374004304939,,,mixed ring-site C-H in-plane bending / mixed-phase cyclic C-C stretching / cyclic-ring out-of-plane deformation,tau(N5-C6-C7-C9),dihedral,0.4603750116352954,+,0.026965421191671942,0.5406084863476108
33,1279.4374004304939,,,mixed ring-site C-H in-plane bending / mixed-phase cyclic C-C stretching / cyclic-ring out-of-plane deformation,delta(N5-C6-C7),angle,0.3569545106145862,+,0.02293374742938676,0.5794932160067546
33,1279.4374004304939,,,mixed ring-site C-H in-plane bending / mixed-phase cyclic C-C stretching / cyclic-ring out-of-plane deformation,nu(C4-N5),bond,0.343182276382583,-,-0.02020017701228731,0.718124978197118
33,1279.4374004304939,,,mixed ring-site C-H in-plane bending / mixed-phase cyclic C-C stretching / cyclic-ring out-of-plane deformation,delta(H11-C1-H12),angle,0.1622716108956603,-,-0.009681574801025323,1.4782097740250923
33,1279.4374004304939,,,mixed ring-site C-H in-plane bending / mixed-phase cyclic C-C stretching / cyclic-ring out-of-plane deformation,delta(O3-C4-N5),angle,0.1363455746753918,+,0.011052780841253064,0.9529792878238377
33,1279.4374004304939,,,mixed ring-site C-H in-plane bending / mixed-phase cyclic C-C stretching / cyclic-ring out-of-plane deformation,delta(O3-C4-H13),angle,0.13175018668771077,-,-0.020923674908802856,0.25695723134917164
33,1279.4374004304939,,,mixed ring-site C-H in-plane bending / mixed-phase cyclic C-C stretching / cyclic-ring out-of-plane deformation,tau(H12-C1-C2-C9),dihedral,0.0912286009160301,-,-0.009402387587114069,0.8811305263997591
33,1279.4374004304939,,,mixed ring-site C-H in-plane bending / mixed-phase cyclic C-C stretching / cyclic-ring out-of-plane deformation,delta(C2-C1-H10),angle,0.06996754588976625,+,0.016604576019159146,0.2166838743068714
33,1279.4374004304939,,,mixed ring-site C-H in-plane bending / mixed-phase cyclic C-C stretching / cyclic-ring out-of-plane deformation,tau(H10-C1-C2-O3),dihedral,0.0637215197945183,-,-0.01789138298101037,0.16997452388979203
33,1279.4374004304939,,,mixed ring-site C-H in-plane bending / mixed-phase cyclic C-C stretching / cyclic-ring out-of-plane deformation,tau(C2-O3-C4-H13),dihedral,0.05708503732994336,-,-0.015070184170233208,0.21462025290396103
33,1279.4374004304939,,,mixed ring-site C-H in-plane bending / mixed-phase cyclic C-C stretching / cyclic-ring out-of-plane deformation,tau(C1-C2-O3-C4),dihedral,0.05440474533226553,-,-0.012726719850476131,0.28680673515252064
33,1279.4374004304939,,,mixed ring-site C-H in-plane bending / mixed-phase cyclic C-C stretching / cyclic-ring out-of-plane deformation,nu(C7-H15),bond,0.031226478296443417,-,-0.00862458613297279,0.3584528290766376
33,1279.4374004304939,,,mixed ring-site C-H in-plane bending / mixed-phase cyclic C-C stretching / cyclic-ring out-of-plane deformation,"gamma(N5;C4,O3,H13)",oop,0.03114390008667858,-,-0.010034926850549764,0.2640767143320028
33,1279.4374004304939,,,mixed ring-site C-H in-plane bending / mixed-phase cyclic C-C stretching / cyclic-ring out-of-plane deformation,nu(C6-H14),bond,0.029793753932619675,-,-0.008680431448910805,0.33761997675065536
33,1279.4374004304939,,,mixed ring-site C-H in-plane bending / mixed-phase cyclic C-C stretching / cyclic-ring out-of-plane deformation,nu(O3-C4),bond,0.023180741081729368,+,0.00708197184832231,0.39464304780317283
33,1279.4374004304939,,,mixed ring-site C-H in-plane bending / mixed-phase cyclic C-C stretching / cyclic-ring out-of-plane deformation,nu(C9-H16),bond,0.020961018514993133,+,0.007097533708972576,0.3552900019598891
33,1279.4374004304939,,,mixed ring-site C-H in-plane bending / mixed-phase cyclic C-C stretching / cyclic-ring out-of-plane deformation,delta(C2-C1-H11),angle,0.016325963370369078,+,0.004805556119439445,0.6036386561693722
33,1279.4374004304939,,,mixed ring-site C-H in-plane bending / mixed-phase cyclic C-C stretching / cyclic-ring out-of-plane deformation,nu(C2-O3),bond,0.012983616638935734,+,0.0061787669894802595,0.2903872748020396
33,1279.4374004304939,,,mixed ring-site C-H in-plane bending / mixed-phase cyclic C-C stretching / cyclic-ring out-of-plane deformation,nu(C2-C6),bond,0.007881071939583331,+,0.004601621796181315,0.31779640598064146
33,1279.4374004304939,,,mixed ring-site C-H in-plane bending / mixed-phase cyclic C-C stretching / cyclic-ring out-of-plane deformation,nu(C1-H10),bond,0.006125152280877376,-,-0.003943785998888671,0.3362604123431611
33,1279.4374004304939,,,mixed ring-site C-H in-plane bending / mixed-phase cyclic C-C stretching / cyclic-ring out-of-plane deformation,nu(C1-H12),bond,0.0015733364980803743,+,0.0019916153246847886,0.33868520952195924
33,1279.4374004304939,,,mixed ring-site C-H in-plane bending / mixed-phase cyclic C-C stretching / cyclic-ring out-of-plane deformation,nu(C1-H11),bond,0.0015138617754560353,-,-0.0019608711195516324,0.33618137997364117
33,1279.4374004304939,,,mixed ring-site C-H in-plane bending / mixed-phase cyclic C-C stretching / cyclic-ring out-of-plane deformation,delta(C2-C9-O8),angle,0.0009503497439686369,+,0.000926471307452274,0.9453770317224727
33,1279.4374004304939,,,mixed ring-site C-H in-plane bending / mixed-phase cyclic C-C stretching / cyclic-ring out-of-plane deformation,nu(C4-H13),bond,0.00020884189066175897,+,0.0007000836227537395,0.3638340261674659
34,1321.2924349438922,,,mixed ring-site C-H in-plane bending / in-phase cyclic C-C stretching,delta(N5-C6-H14),angle,27.530016684602884,+,0.3208141243476829,0.22807772116185696
34,1321.2924349438922,,,mixed ring-site C-H in-plane bending / in-phase cyclic C-C stretching,nu(C1-C2),bond,10.287209060687,-,-0.17324566860524615,0.29225109464701776
34,1321.2924349438922,,,mixed ring-site C-H in-plane bending / in-phase cyclic C-C stretching,nu(C2-C9),bond,7.9041185260708975,+,0.15319417840028204,0.2871787309625498
34,1321.2924349438922,,,mixed ring-site C-H in-plane bending / in-phase cyclic C-C stretching,nu(C2-C6),bond,7.506468949143117,+,0.1419171991128478,0.31779640598064146
34,1321.2924349438922,,,mixed ring-site C-H in-plane bending / in-phase cyclic C-C stretching,delta(C1-C2-O3),angle,7.37013936385357,+,0.08606147038019524,0.8484798402288911
34,1321.2924349438922,,,mixed ring-site C-H in-plane bending / in-phase cyclic C-C stretching,nu(C7-C9),bond,6.28929064592571,+,0.11769521357407127,0.38713943691768804
34,1321.2924349438922,,,mixed ring-site C-H in-plane bending / in-phase cyclic C-C stretching,delta(O8-C9-H16),angle,5.703274434320032,+,0.15528436703727566,0.2016750387366806
34,1321.2924349438922,,,mixed ring-site C-H in-plane bending / in-phase cyclic C-C stretching,delta(C2-C1-H12),angle,4.319330434007638,-,-0.0790947607327916,0.5887139782225514
34,1321.2924349438922,,,mixed ring-site C-H in-plane bending / in-phase cyclic C-C stretching,nu(N5-C6),bond,3.2748273996836765,-,-0.09453131516646193,0.3124786623234075
34,1321.2924349438922,,,mixed ring-site C-H in-plane bending / in-phase cyclic C-C stretching,tau(H11-C1-C2-C6),dihedral,3.1689568946798823,+,0.05654961765935192,0.8449681468376289
34,1321.2924349438922,,,mixed ring-site C-H in-plane bending / in-phase cyclic C-C stretching,delta(O3-C4-H13),angle,2.2290927201799255,+,0.08600532086440718,0.25695723134917164
34,1321.2924349438922,,,mixed ring-site C-H in-plane bending / in-phase cyclic C-C stretching,nu(C7-O8),bond,2.1442610070036174,+,0.07983744689808686,0.2868452872636431
34,1321.2924349438922,,,mixed ring-site C-H in-plane bending / in-phase cyclic C-C stretching,tau(H12-C1-C2-C9),dihedral,1.8726457301223365,-,-0.042569579903694026,0.8811305263997591
34,1321.2924349438922,,,mixed ring-site C-H in-plane bending / in-phase cyclic C-C stretching,delta(C6-C7-O8),angle,1.661072738511901,-,-0.03910558306401746,0.9261780218445965
34,1321.2924349438922,,,mixed ring-site C-H in-plane bending / in-phase cyclic C-C stretching,delta(C2-C1-H11),angle,1.3840475262682277,-,-0.044215918970365545,0.6036386561693722
34,1321.2924349438922,,,mixed ring-site C-H in-plane bending / in-phase cyclic C-C stretching,tau(C2-O3-C4-H13),dihedral,1.2059574495187573,-,-0.06921852123756937,0.21462025290396103
34,1321.2924349438922,,,mixed ring-site C-H in-plane bending / in-phase cyclic C-C stretching,nu(C6-C7),bond,0.9546151041221722,+,0.05285073629588241,0.29141343418307836
34,1321.2924349438922,,,mixed ring-site C-H in-plane bending / in-phase cyclic C-C stretching,delta(H11-C1-H12),angle,0.9233093612426875,-,-0.023077951717196146,1.4782097740250923
34,1321.2924349438922,,,mixed ring-site C-H in-plane bending / in-phase cyclic C-C stretching,"gamma(C2;C6,N5,H14)",oop,0.6312790705991156,+,0.05297058751913738,0.19183823175155254
34,1321.2924349438922,,,mixed ring-site C-H in-plane bending / in-phase cyclic C-C stretching,delta(O3-C4-N5),angle,0.566206787136659,-,-0.02250802974344591,0.9529792878238377
34,1321.2924349438922,,,mixed ring-site C-H in-plane bending / in-phase cyclic C-C stretching,"gamma(C6;C7,O8,H15)",oop,0.5633283384885067,-,-0.06171535019989592,0.12611262203061205
34,1321.2924349438922,,,mixed ring-site C-H in-plane bending / in-phase cyclic C-C stretching,nu(O8-C9),bond,0.550251532660673,+,0.03994407208934012,0.2940626988285609
34,1321.2924349438922,,,mixed ring-site C-H in-plane bending / in-phase cyclic C-C stretching,tau(O3-C2-C6-C7),dihedral,0.5099813197490359,-,-0.026427684732133604,0.6226147219080224
34,1321.2924349438922,,,mixed ring-site C-H in-plane bending / in-phase cyclic C-C stretching,tau(N5-C6-C7-C9),dihedral,0.31171161532060143,-,-0.022173116517972793,0.5406084863476108
34,1321.2924349438922,,,mixed ring-site C-H in-plane bending / in-phase cyclic C-C stretching,delta(C2-C1-H10),angle,0.23465831755718172,+,0.030387596846329055,0.2166838743068714
34,1321.2924349438922,,,mixed ring-site C-H in-plane bending / in-phase cyclic C-C stretching,delta(N5-C6-C7),angle,0.18936017777778566,+,0.016692132522879457,0.5794932160067546
34,1321.2924349438922,,,mixed ring-site C-H in-plane bending / in-phase cyclic C-C stretching,delta(O8-C7-H15),angle,0.16076454455654818,-,-0.026059651721821245,0.20185355922397827
34,1321.2924349438922,,,mixed ring-site C-H in-plane bending / in-phase cyclic C-C stretching,"gamma(C2;C9,O8,H16)",oop,0.15957841904173878,-,-0.032764662773940315,0.1267494562515593
34,1321.2924349438922,,,mixed ring-site C-H in-plane bending / in-phase cyclic C-C stretching,nu(C9-H16),bond,0.12281986311187001,+,0.017168584371823954,0.3552900019598891
34,1321.2924349438922,,,mixed ring-site C-H in-plane bending / in-phase cyclic C-C stretching,nu(C7-H15),bond,0.05385232089227289,+,0.011318213503003226,0.3584528290766376
34,1321.2924349438922,,,mixed ring-site C-H in-plane bending / in-phase cyclic C-C stretching,nu(C4-N5),bond,0.044181808810507456,+,0.007242915280465755,0.718124978197118
34,1321.2924349438922,,,mixed ring-site C-H in-plane bending / in-phase cyclic C-C stretching,nu(C2-O3),bond,0.03623901977531425,-,-0.010315519544698592,0.2903872748020396
34,1321.2924349438922,,,mixed ring-site C-H in-plane bending / in-phase cyclic C-C stretching,nu(O3-C4),bond,0.03278522699830416,-,-0.008416442195411154,0.39464304780317283
34,1321.2924349438922,,,mixed ring-site C-H in-plane bending / in-phase cyclic C-C stretching,tau(C1-C2-O3-C4),dihedral,0.029636861312246937,+,0.00938670364892938,0.28680673515252064
34,1321.2924349438922,,,mixed ring-site C-H in-plane bending / in-phase cyclic C-C stretching,nu(C6-H14),bond,0.02448056495741936,+,0.007863000911789274,0.33761997675065536
34,1321.2924349438922,,,mixed ring-site C-H in-plane bending / in-phase cyclic C-C stretching,"gamma(N5;C4,O3,H13)",oop,0.022833117161644417,+,0.00858636259484931,0.2640767143320028
34,1321.2924349438922,,,mixed ring-site C-H in-plane bending / in-phase cyclic C-C stretching,nu(C1-H10),bond,0.013996969148369096,-,-0.005957592688477297,0.3362604123431611
34,1321.2924349438922,,,mixed ring-site C-H in-plane bending / in-phase cyclic C-C stretching,tau(H10-C1-C2-O3),dihedral,0.012766166581339753,-,-0.008002579783519596,0.16997452388979203
34,1321.2924349438922,,,mixed ring-site C-H in-plane bending / in-phase cyclic C-C stretching,nu(C1-H12),bond,0.0004605663735975331,+,0.0010768114711147694,0.33868520952195924
34,1321.2924349438922,,,mixed ring-site C-H in-plane bending / in-phase cyclic C-C stretching,nu(C1-H11),bond,0.0001523940724953753,+,0.0006217114782182315,0.33618137997364117
34,1321.2924349438922,,,mixed ring-site C-H in-plane bending / in-phase cyclic C-C stretching,nu(C4-H13),bond,3.871722293640331e-05,+,0.0003012257672177566,0.3638340261674659
34,1321.2924349438922,,,mixed ring-site C-H in-plane bending / in-phase cyclic C-C stretching,delta(C2-C9-O8),angle,2.2507498020002477e-06,+,4.5056013442450695e-05,0.9453770317224727
35,1341.737838782307,,,ring-site C-H in-plane bending,delta(O3-C4-H13),angle,73.74703766044126,-,-0.4372386705768576,0.25695723134917164
35,1341.737838782307,,,ring-site C-H in-plane bending,nu(N5-C6),bond,6.129695740002383,-,-0.11431046013343725,0.3124786623234075
35,1341.737838782307,,,ring-site C-H in-plane bending,delta(O3-C4-N5),angle,5.056317661208968,-,-0.05945003870880993,0.9529792878238377
35,1341.737838782307,,,ring-site C-H in-plane bending,nu(C4-N5),bond,4.7956381156037455,+,0.06669601444730558,0.718124978197118
35,1341.737838782307,,,ring-site C-H in-plane bending,nu(O3-C4),bond,3.3975311299028528,+,0.0757279484369618,0.39464304780317283
35,1341.737838782307,,,ring-site C-H in-plane bending,nu(C2-O3),bond,1.8573190550140537,+,0.06527263783530143,0.2903872748020396
35,1341.737838782307,,,ring-site C-H in-plane bending,delta(H11-C1-H12),angle,1.6111443018663978,+,0.026944856958199048,1.4782097740250923
35,1341.737838782307,,,ring-site C-H in-plane bending,delta(N5-C6-H14),angle,0.562671360529464,+,0.04053803282945832,0.22807772116185696
35,1341.737838782307,,,ring-site C-H in-plane bending,delta(C2-C1-H11),angle,0.5409804417801568,+,0.024433121669254983,0.6036386561693722
35,1341.737838782307,,,ring-site C-H in-plane bending,delta(C1-C2-O3),angle,0.36632603844023465,-,-0.016958593415491056,0.8484798402288911
35,1341.737838782307,,,ring-site C-H in-plane bending,delta(C2-C1-H10),angle,0.2410471924568258,-,-0.027221649637784825,0.2166838743068714
35,1341.737838782307,,,ring-site C-H in-plane bending,delta(O8-C7-H15),angle,0.21293937914221156,-,-0.026508581160798274,0.20185355922397827
35,1341.737838782307,,,ring-site C-H in-plane bending,nu(C7-C9),bond,0.2126362682355563,+,0.019127651973185222,0.38713943691768804
35,1341.737838782307,,,ring-site C-H in-plane bending,nu(C1-C2),bond,0.19165529367695622,-,-0.020900613476347356,0.29225109464701776
35,1341.737838782307,,,ring-site C-H in-plane bending,nu(C7-O8),bond,0.1538698855600925,+,0.01890295294364604,0.2868452872636431
35,1341.737838782307,,,ring-site C-H in-plane bending,delta(N5-C6-C7),angle,0.15370742931781398,+,0.013292294319020813,0.5794932160067546
35,1341.737838782307,,,ring-site C-H in-plane bending,tau(N5-C6-C7-C9),dihedral,0.1500223680073446,+,0.013596066372255971,0.5406084863476108
35,1341.737838782307,,,ring-site C-H in-plane bending,tau(H12-C1-C2-C9),dihedral,0.13779006561806384,+,0.010206234137169149,0.8811305263997591
35,1341.737838782307,,,ring-site C-H in-plane bending,"gamma(C2;C6,N5,H14)",oop,0.0649633986113494,+,0.015019085326808753,0.19183823175155254
35,1341.737838782307,,,ring-site C-H in-plane bending,nu(C4-H13),bond,0.051241751385666466,+,0.00968583404535714,0.3638340261674659
35,1341.737838782307,,,ring-site C-H in-plane bending,delta(C6-C7-O8),angle,0.044751470919814434,-,-0.005673265640688844,0.9261780218445965
35,1341.737838782307,,,ring-site C-H in-plane bending,nu(O8-C9),bond,0.04387942467995161,+,0.00996981708251488,0.2940626988285609
35,1341.737838782307,,,ring-site C-H in-plane bending,tau(O3-C2-C6-C7),dihedral,0.04332089887687815,+,0.006807940230585471,0.6226147219080224
35,1341.737838782307,,,ring-site C-H in-plane bending,tau(H11-C1-C2-C6),dihedral,0.041275293358524257,+,0.005704290216132497,0.8449681468376289
35,1341.737838782307,,,ring-site C-H in-plane bending,delta(O8-C9-H16),angle,0.03837046166554747,+,0.011257686103158313,0.2016750387366806
35,1341.737838782307,,,ring-site C-H in-plane bending,"gamma(N5;C4,O3,H13)",oop,0.03410603091444894,-,-0.009275284383507401,0.2640767143320028
35,1341.737838782307,,,ring-site C-H in-plane bending,tau(C1-C2-O3-C4),dihedral,0.027468140454163202,-,-0.007987238526742043,0.28680673515252064
35,1341.737838782307,,,ring-site C-H in-plane bending,nu(C2-C6),bond,0.02410280406435693,+,0.007107812974035707,0.31779640598064146
35,1341.737838782307,,,ring-site C-H in-plane bending,"gamma(C2;C9,O8,H16)",oop,0.018812454896625013,+,0.009943204710103098,0.1267494562515593
35,1341.737838782307,,,ring-site C-H in-plane bending,"gamma(C6;C7,O8,H15)",oop,0.01685472956945539,-,-0.009435356502873188,0.12611262203061205
35,1341.737838782307,,,ring-site C-H in-plane bending,delta(C2-C9-O8),angle,0.011027178136162523,+,0.0027874453992287884,0.9453770317224727
35,1341.737838782307,,,ring-site C-H in-plane bending,delta(C2-C1-H12),angle,0.006434339574691195,+,0.002698214750312719,0.5887139782225514
35,1341.737838782307,,,ring-site C-H in-plane bending,nu(C1-H10),bond,0.00353986886316467,+,0.002648088001575351,0.3362604123431611
35,1341.737838782307,,,ring-site C-H in-plane bending,tau(C2-O3-C4-H13),dihedral,0.002933598901612738,+,0.003017461331513406,0.21462025290396103
35,1341.737838782307,,,ring-site C-H in-plane bending,nu(C6-H14),bond,0.00246940140578506,+,0.0022072853205562736,0.33761997675065536
35,1341.737838782307,,,ring-site C-H in-plane bending,nu(C6-C7),bond,0.002267200211422653,+,0.0022764957800163075,0.29141343418307836
35,1341.737838782307,,,ring-site C-H in-plane bending,nu(C9-H16),bond,0.0015634363605937702,+,0.0017120849441937013,0.3552900019598891
35,1341.737838782307,,,ring-site C-H in-plane bending,nu(C1-H11),bond,0.0012672110796076177,-,-0.0015845806573065416,0.33618137997364117
35,1341.737838782307,,,ring-site C-H in-plane bending,nu(C2-C9),bond,0.000476008935231761,+,0.0010507710859882287,0.2871787309625498
35,1341.737838782307,,,ring-site C-H in-plane bending,nu(C7-H15),bond,0.0002423217852592,+,0.0006710531527351042,0.3584528290766376
35,1341.737838782307,,,ring-site C-H in-plane bending,tau(H10-C1-C2-O3),dihedral,0.00023804420750310706,-,-0.0009658586856442751,0.16997452388979203
35,1341.737838782307,,,ring-site C-H in-plane bending,nu(C1-H12),bond,6.51443378401414e-05,-,-0.0003579455096980179,0.33868520952195924
36,1369.9719560550448,,,mixed mixed-phase cyclic C-C stretching / in-phase cyclic C-O stretching,nu(C7-C9),bond,28.320179528284616,+,0.25676472696543634,0.38713943691768804
36,1369.9719560550448,,,mixed mixed-phase cyclic C-C stretching / in-phase cyclic C-O stretching,nu(O8-C9),bond,11.800809351938527,+,0.19017656375851424,0.2940626988285609
36,1369.9719560550448,,,mixed mixed-phase cyclic C-C stretching / in-phase cyclic C-O stretching,nu(C7-O8),bond,10.992403728850245,+,0.18584186030474864,0.2868452872636431
36,1369.9719560550448,,,mixed mixed-phase cyclic C-C stretching / in-phase cyclic C-O stretching,delta(O8-C9-H16),angle,8.853241743811976,-,-0.1989052083533455,0.2016750387366806
36,1369.9719560550448,,,mixed mixed-phase cyclic C-C stretching / in-phase cyclic C-O stretching,"gamma(C2;C6,N5,H14)",oop,6.510298322737117,-,-0.17488555187367652,0.19183823175155254
36,1369.9719560550448,,,mixed mixed-phase cyclic C-C stretching / in-phase cyclic C-O stretching,delta(O8-C7-H15),angle,5.427149825571304,-,-0.15566420861632105,0.20185355922397827
36,1369.9719560550448,,,mixed mixed-phase cyclic C-C stretching / in-phase cyclic C-O stretching,"gamma(C2;C9,O8,H16)",oop,4.602276024954224,+,0.18089824226200688,0.1267494562515593
36,1369.9719560550448,,,mixed mixed-phase cyclic C-C stretching / in-phase cyclic C-O stretching,nu(C2-C6),bond,3.5240528314051778,-,-0.0999695605196065,0.31779640598064146
36,1369.9719560550448,,,mixed mixed-phase cyclic C-C stretching / in-phase cyclic C-O stretching,nu(C1-C2),bond,3.2935285603781983,+,0.10077985100654639,0.29225109464701776
36,1369.9719560550448,,,mixed mixed-phase cyclic C-C stretching / in-phase cyclic C-O stretching,delta(C2-C9-O8),angle,2.9266452837529497,-,-0.052820631480396965,0.9453770317224727
36,1369.9719560550448,,,mixed mixed-phase cyclic C-C stretching / in-phase cyclic C-O stretching,nu(C2-C9),bond,2.8558728186144697,-,-0.09467043306116692,0.2871787309625498
36,1369.9719560550448,,,mixed mixed-phase cyclic C-C stretching / in-phase cyclic C-O stretching,"gamma(C6;C7,O8,H15)",oop,2.7575888447286814,-,-0.14038042323108077,0.12611262203061205
36,1369.9719560550448,,,mixed mixed-phase cyclic C-C stretching / in-phase cyclic C-O stretching,delta(C6-C7-O8),angle,1.8837869172772534,-,-0.04281438608036976,0.9261780218445965
36,1369.9719560550448,,,mixed mixed-phase cyclic C-C stretching / in-phase cyclic C-O stretching,tau(O3-C2-C6-C7),dihedral,1.459592807282897,+,0.0459649966517141,0.6226147219080224
36,1369.9719560550448,,,mixed mixed-phase cyclic C-C stretching / in-phase cyclic C-O stretching,tau(N5-C6-C7-C9),dihedral,1.3368460120329306,+,0.04720851411727225,0.5406084863476108
36,1369.9719560550448,,,mixed mixed-phase cyclic C-C stretching / in-phase cyclic C-O stretching,delta(C1-C2-O3),angle,1.1715559075685449,-,-0.035276201401431166,0.8484798402288911
36,1369.9719560550448,,,mixed mixed-phase cyclic C-C stretching / in-phase cyclic C-O stretching,delta(H11-C1-H12),angle,0.6609824861026865,+,0.020074651271904158,1.4782097740250923
36,1369.9719560550448,,,mixed mixed-phase cyclic C-C stretching / in-phase cyclic C-O stretching,delta(C2-C1-H11),angle,0.24695663665157008,+,0.019201842245234416,0.6036386561693722
36,1369.9719560550448,,,mixed mixed-phase cyclic C-C stretching / in-phase cyclic C-O stretching,tau(H12-C1-C2-C9),dihedral,0.21985018612299903,-,-0.01499561781873625,0.8811305263997591
36,1369.9719560550448,,,mixed mixed-phase cyclic C-C stretching / in-phase cyclic C-O stretching,nu(C6-C7),bond,0.21242844209752546,-,-0.025631416977934845,0.29141343418307836
36,1369.9719560550448,,,mixed mixed-phase cyclic C-C stretching / in-phase cyclic C-O stretching,delta(C2-C1-H12),angle,0.18595228519909235,-,-0.016872119953027356,0.5887139782225514
36,1369.9719560550448,,,mixed mixed-phase cyclic C-C stretching / in-phase cyclic C-O stretching,tau(C1-C2-O3-C4),dihedral,0.12453839118174231,-,-0.019782356358513154,0.28680673515252064
36,1369.9719560550448,,,mixed mixed-phase cyclic C-C stretching / in-phase cyclic C-O stretching,nu(C2-O3),bond,0.09883299247515859,-,-0.017513915513978497,0.2903872748020396
36,1369.9719560550448,,,mixed mixed-phase cyclic C-C stretching / in-phase cyclic C-O stretching,delta(N5-C6-H14),angle,0.07755456234920188,+,0.01750585437715647,0.22807772116185696
36,1369.9719560550448,,,mixed mixed-phase cyclic C-C stretching / in-phase cyclic C-O stretching,delta(O3-C4-N5),angle,0.07492060568099232,+,0.008417438989715167,0.9529792878238377
36,1369.9719560550448,,,mixed mixed-phase cyclic C-C stretching / in-phase cyclic C-O stretching,tau(H11-C1-C2-C6),dihedral,0.07169044680510533,+,0.008744430756678077,0.8449681468376289
36,1369.9719560550448,,,mixed mixed-phase cyclic C-C stretching / in-phase cyclic C-O stretching,delta(C2-C1-H10),angle,0.06157499682462045,-,-0.016003315646333328,0.2166838743068714
36,1369.9719560550448,,,mixed mixed-phase cyclic C-C stretching / in-phase cyclic C-O stretching,nu(C7-H15),bond,0.05396656072385055,+,0.011648431036599188,0.3584528290766376
36,1369.9719560550448,,,mixed mixed-phase cyclic C-C stretching / in-phase cyclic C-O stretching,tau(H10-C1-C2-O3),dihedral,0.046438834075935166,-,-0.015691693093240863,0.16997452388979203
36,1369.9719560550448,,,mixed mixed-phase cyclic C-C stretching / in-phase cyclic C-O stretching,delta(O3-C4-H13),angle,0.04340789649080287,+,0.012338859430565147,0.25695723134917164
36,1369.9719560550448,,,mixed mixed-phase cyclic C-C stretching / in-phase cyclic C-O stretching,tau(C2-O3-C4-H13),dihedral,0.04240435070721824,+,0.013344150332509913,0.21462025290396103
36,1369.9719560550448,,,mixed mixed-phase cyclic C-C stretching / in-phase cyclic C-O stretching,nu(C9-H16),bond,0.017362041276378297,+,0.006636360462818478,0.3552900019598891
36,1369.9719560550448,,,mixed mixed-phase cyclic C-C stretching / in-phase cyclic C-O stretching,delta(N5-C6-C7),angle,0.012946458265640557,-,-0.004487168497897605,0.5794932160067546
36,1369.9719560550448,,,mixed mixed-phase cyclic C-C stretching / in-phase cyclic C-O stretching,nu(C4-N5),bond,0.012012323040231528,+,0.0038827064155018743,0.718124978197118
36,1369.9719560550448,,,mixed mixed-phase cyclic C-C stretching / in-phase cyclic C-O stretching,nu(O3-C4),bond,0.007396359424875543,-,-0.004109867718647465,0.39464304780317283
36,1369.9719560550448,,,mixed mixed-phase cyclic C-C stretching / in-phase cyclic C-O stretching,"gamma(N5;C4,O3,H13)",oop,0.0048586484561423705,+,0.004072056103614336,0.2640767143320028
36,1369.9719560550448,,,mixed mixed-phase cyclic C-C stretching / in-phase cyclic C-O stretching,nu(C1-H11),bond,0.0038477339363443236,-,-0.003211713205394649,0.33618137997364117
36,1369.9719560550448,,,mixed mixed-phase cyclic C-C stretching / in-phase cyclic C-O stretching,nu(N5-C6),bond,0.0025072513051568705,+,0.002689117741152413,0.3124786623234075
36,1369.9719560550448,,,mixed mixed-phase cyclic C-C stretching / in-phase cyclic C-O stretching,nu(C4-H13),bond,0.0014494710488926654,-,-0.0018948471584988532,0.3638340261674659
36,1369.9719560550448,,,mixed mixed-phase cyclic C-C stretching / in-phase cyclic C-O stretching,nu(C1-H10),bond,0.00011430079301760173,+,0.0005534875028936204,0.3362604123431611
36,1369.9719560550448,,,mixed mixed-phase cyclic C-C stretching / in-phase cyclic C-O stretching,nu(C1-H12),bond,0.00010923249715855868,-,-0.0005391366847060407,0.33868520952195924
36,1369.9719560550448,,,mixed mixed-phase cyclic C-C stretching / in-phase cyclic C-O stretching,nu(C6-H14),bond,6.799727854137334e-05,+,0.0004260423446725533,0.33761997675065536
37,1420.0587175842766,,,C-H bending,delta(H11-C1-H12),angle,47.1030857221557,-,-0.28638432335359976,1.4782097740250923
37,1420.0587175842766,,,C-H bending,delta(C2-C1-H11),angle,21.199959617522474,+,0.300657188179281,0.6036386561693722
37,1420.0587175842766,,,C-H bending,delta(C2-C1-H12),angle,19.267506874110186,+,0.29023727238075575,0.5887139782225514
37,1420.0587175842766,,,C-H bending,delta(C2-C1-H10),angle,8.504111879687636,+,0.31782919136762167,0.2166838743068714
37,1420.0587175842766,,,C-H bending,nu(C1-C2),bond,3.416001640380468,-,-0.17344970219126807,0.29225109464701776
37,1420.0587175842766,,,C-H bending,tau(H11-C1-C2-C6),dihedral,0.10139877580011022,-,-0.01757473493425285,0.8449681468376289
37,1420.0587175842766,,,C-H bending,nu(C7-C9),bond,0.05369435617283794,+,0.018893969463043673,0.38713943691768804
37,1420.0587175842766,,,C-H bending,delta(C1-C2-O3),angle,0.053363314732417455,+,0.012723108528574688,0.8484798402288911
37,1420.0587175842766,,,C-H bending,delta(C2-C9-O8),angle,0.03965226931553503,+,0.01039020453079088,0.9453770317224727
37,1420.0587175842766,,,C-H bending,nu(C2-C6),bond,0.02893653214850072,+,0.01530880697185841,0.31779640598064146
37,1420.0587175842766,,,C-H bending,tau(O3-C2-C6-C7),dihedral,0.025766891189040245,-,-0.010320813147808553,0.6226147219080224
37,1420.0587175842766,,,C-H bending,nu(C2-C9),bond,0.02462860059642952,+,0.014857178062060687,0.2871787309625498
37,1420.0587175842766,,,C-H bending,nu(C7-O8),bond,0.017952645926831823,+,0.01269208493567589,0.2868452872636431
37,1420.0587175842766,,,C-H bending,nu(C2-O3),bond,0.01608811393074833,+,0.011941430972367079,0.2903872748020396
37,1420.0587175842766,,,C-H bending,nu(C1-H11),bond,0.01582798125679322,+,0.011008256296739773,0.33618137997364117
37,1420.0587175842766,,,C-H bending,tau(H12-C1-C2-C9),dihedral,0.014788353116239782,+,0.006572526999087922,0.8811305263997591
37,1420.0587175842766,,,C-H bending,delta(O8-C7-H15),angle,0.014464901101609345,-,-0.013581011751795546,0.20185355922397827
37,1420.0587175842766,,,C-H bending,nu(C1-H12),bond,0.014013345999739942,+,0.01031966034508242,0.33868520952195924
37,1420.0587175842766,,,C-H bending,tau(C2-O3-C4-H13),dihedral,0.013878059098462668,-,-0.012900947610648817,0.21462025290396103
37,1420.0587175842766,,,C-H bending,nu(O8-C9),bond,0.012256982442190882,+,0.010357725784180215,0.2940626988285609
37,1420.0587175842766,,,C-H bending,nu(C1-H10),bond,0.010508607033490058,+,0.008968654663243486,0.3362604123431611
37,1420.0587175842766,,,C-H bending,"gamma(C2;C9,O8,H16)",oop,0.01021917594995442,+,0.014405471659829848,0.1267494562515593
37,1420.0587175842766,,,C-H bending,"gamma(C6;C7,O8,H15)",oop,0.006351741275502686,-,-0.011385699534286241,0.12611262203061205
37,1420.0587175842766,,,C-H bending,nu(C4-N5),bond,0.00517117969431503,-,-0.004305141148001452,0.718124978197118
37,1420.0587175842766,,,C-H bending,delta(C6-C7-O8),angle,0.005161338386896542,-,-0.0037872722660166613,0.9261780218445965
37,1420.0587175842766,,,C-H bending,tau(H10-C1-C2-O3),dihedral,0.005091974132044438,+,0.008780995895597107,0.16997452388979203
37,1420.0587175842766,,,C-H bending,delta(O8-C9-H16),angle,0.004176343918695682,-,-0.007300702467878342,0.2016750387366806
37,1420.0587175842766,,,C-H bending,"gamma(C2;C6,N5,H14)",oop,0.0038359619458037957,+,0.00717401301452414,0.19183823175155254
37,1420.0587175842766,,,C-H bending,delta(O3-C4-H13),angle,0.0034946974550776463,+,0.005916528573277685,0.25695723134917164
37,1420.0587175842766,,,C-H bending,delta(N5-C6-H14),angle,0.0031818307426906586,+,0.005992246918933689,0.22807772116185696
37,1420.0587175842766,,,C-H bending,delta(N5-C6-C7),angle,0.0012748448073359288,+,0.002379562291282377,0.5794932160067546
37,1420.0587175842766,,,C-H bending,nu(O3-C4),bond,0.0010956355989296526,+,0.002673150654537201,0.39464304780317283
37,1420.0587175842766,,,C-H bending,nu(C6-C7),bond,0.0010846469107395713,-,-0.0030951521580602345,0.29141343418307836
37,1420.0587175842766,,,C-H bending,tau(C1-C2-O3-C4),dihedral,0.0006159286038635283,+,0.002351056738961114,0.28680673515252064
37,1420.0587175842766,,,C-H bending,nu(C6-H14),bond,0.000615524535819379,-,-0.0021662132768229944,0.33761997675065536
37,1420.0587175842766,,,C-H bending,tau(N5-C6-C7-C9),dihedral,0.0003870882933996468,+,0.0013575510990667108,0.5406084863476108
37,1420.0587175842766,,,C-H bending,"gamma(N5;C4,O3,H13)",oop,0.0002596726906765252,+,0.0015908919401073467,0.2640767143320028
37,1420.0587175842766,,,C-H bending,nu(C7-H15),bond,5.925192576088524e-05,+,0.0006522706321791585,0.3584528290766376
37,1420.0587175842766,,,C-H bending,delta(O3-C4-N5),angle,3.477966112349213e-05,-,-0.0003064880448358293,0.9529792878238377
37,1420.0587175842766,,,C-H bending,nu(C9-H16),bond,1.5903906616690001e-06,-,-0.00010733787959890321,0.3552900019598891
37,1420.0587175842766,,,C-H bending,nu(C4-H13),bond,8.560794167088377e-07,+,7.782120798485318e-05,0.3638340261674659
37,1420.0587175842766,,,C-H bending,nu(N5-C6),bond,4.732838623806471e-07,+,6.243717735416159e-05,0.3124786623234075
38,1488.104503740647,,,mixed C-C torsion / C-H bending,tau(H12-C1-C2-C9),dihedral,39.010715020069334,-,-0.24968925258929833,0.8811305263997591
38,1488.104503740647,,,mixed C-C torsion / C-H bending,tau(H10-C1-C2-O3),dihedral,18.39092197543308,+,0.39033532119887954,0.16997452388979203
38,1488.104503740647,,,mixed C-C torsion / C-H bending,delta(C2-C1-H11),angle,11.646604395069664,+,0.16483110040555418,0.6036386561693722
38,1488.104503740647,,,mixed C-C torsion / C-H bending,tau(H11-C1-C2-C6),dihedral,11.394865404083768,-,-0.13780419832861227,0.8449681468376289
38,1488.104503740647,,,mixed C-C torsion / C-H bending,delta(H11-C1-H12),angle,9.91924143619854,-,-0.09720737457958321,1.4782097740250923
38,1488.104503740647,,,mixed C-C torsion / C-H bending,delta(C2-C1-H12),angle,8.793276098783272,-,-0.14502777992074453,0.5887139782225514
38,1488.104503740647,,,mixed C-C torsion / C-H bending,nu(C2-C6),bond,0.29049650935098376,-,-0.035877649785667536,0.31779640598064146
38,1488.104503740647,,,mixed C-C torsion / C-H bending,delta(C2-C1-H10),angle,0.1553169715425354,-,-0.03177050943115645,0.2166838743068714
38,1488.104503740647,,,mixed C-C torsion / C-H bending,nu(C2-C9),bond,0.0960092632928813,+,0.02169743771946505,0.2871787309625498
38,1488.104503740647,,,mixed C-C torsion / C-H bending,nu(C1-H11),bond,0.06135555926192125,+,0.016031278157895255,0.33618137997364117
38,1488.104503740647,,,mixed C-C torsion / C-H bending,delta(C2-C9-O8),angle,0.053412276212708276,-,-0.008919613528866697,0.9453770317224727
38,1488.104503740647,,,mixed C-C torsion / C-H bending,nu(C1-H12),bond,0.03780718262506833,-,-0.012537676496312884,0.33868520952195924
38,1488.104503740647,,,mixed C-C torsion / C-H bending,tau(O3-C2-C6-C7),dihedral,0.021777957585225428,-,-0.007018218723346759,0.6226147219080224
38,1488.104503740647,,,mixed C-C torsion / C-H bending,nu(C1-C2),bond,0.020575270277645896,+,0.009956867297277882,0.29225109464701776
38,1488.104503740647,,,mixed C-C torsion / C-H bending,nu(C7-C9),bond,0.014872941942844026,+,0.007355170628523806,0.38713943691768804
38,1488.104503740647,,,mixed C-C torsion / C-H bending,tau(N5-C6-C7-C9),dihedral,0.014786590094223962,+,0.006206126238284072,0.5406084863476108
38,1488.104503740647,,,mixed C-C torsion / C-H bending,nu(C4-N5),bond,0.01460118343767338,+,0.005350840801056035,0.718124978197118
38,1488.104503740647,,,mixed C-C torsion / C-H bending,"gamma(C2;C9,O8,H16)",oop,0.012886314896024665,+,0.011965182724523156,0.1267494562515593
38,1488.104503740647,,,mixed C-C torsion / C-H bending,delta(N5-C6-H14),angle,0.008324870698567372,-,-0.007169276556154395,0.22807772116185696
38,1488.104503740647,,,mixed C-C torsion / C-H bending,tau(C2-O3-C4-H13),dihedral,0.007465149505074194,-,-0.006998612072551457,0.21462025290396103
38,1488.104503740647,,,mixed C-C torsion / C-H bending,delta(O8-C7-H15),angle,0.005334177851424825,-,-0.006100192751976565,0.20185355922397827
38,1488.104503740647,,,mixed C-C torsion / C-H bending,"gamma(C6;C7,O8,H15)",oop,0.004881084009875264,-,-0.007382558235008741,0.12611262203061205
38,1488.104503740647,,,mixed C-C torsion / C-H bending,delta(C6-C7-O8),angle,0.004233624096208848,-,-0.0025370961689328534,0.9261780218445965
38,1488.104503740647,,,mixed C-C torsion / C-H bending,nu(C6-C7),bond,0.0035387514373519235,-,-0.004135216602082781,0.29141343418307836
38,1488.104503740647,,,mixed C-C torsion / C-H bending,nu(C7-O8),bond,0.003043861635219966,+,0.0038655973220596265,0.2868452872636431
38,1488.104503740647,,,mixed C-C torsion / C-H bending,nu(O8-C9),bond,0.0026886813053180274,+,0.003588208843352801,0.2940626988285609
38,1488.104503740647,,,mixed C-C torsion / C-H bending,delta(O3-C4-H13),angle,0.0025061948790526603,-,-0.0037059965855810477,0.25695723134917164
38,1488.104503740647,,,mixed C-C torsion / C-H bending,delta(O8-C9-H16),angle,0.0013315253132957173,+,0.0030491350264338856,0.2016750387366806
38,1488.104503740647,,,mixed C-C torsion / C-H bending,nu(C1-H10),bond,0.0009773249315238488,-,-0.002023064065861031,0.3362604123431611
38,1488.104503740647,,,mixed C-C torsion / C-H bending,tau(C1-C2-O3-C4),dihedral,0.0008970888275074217,+,0.002098703413661009,0.28680673515252064
38,1488.104503740647,,,mixed C-C torsion / C-H bending,delta(C1-C2-O3),angle,0.0008433706970273523,-,-0.001183086523936911,0.8484798402288911
38,1488.104503740647,,,mixed C-C torsion / C-H bending,"gamma(C2;C6,N5,H14)",oop,0.0007903122814839524,+,0.0024085729352934875,0.19183823175155254
38,1488.104503740647,,,mixed C-C torsion / C-H bending,nu(C9-H16),bond,0.0006713913938202782,+,0.0016312645922778482,0.3552900019598891
38,1488.104503740647,,,mixed C-C torsion / C-H bending,nu(N5-C6),bond,0.0005934626662829078,-,-0.0016353643876730732,0.3124786623234075
38,1488.104503740647,,,mixed C-C torsion / C-H bending,delta(N5-C6-C7),angle,0.0005924051191734189,+,0.00119981211020881,0.5794932160067546
38,1488.104503740647,,,mixed C-C torsion / C-H bending,nu(C6-H14),bond,0.0005661052691753865,-,-0.0015366060848446626,0.33761997675065536
38,1488.104503740647,,,mixed C-C torsion / C-H bending,delta(O3-C4-N5),angle,0.00042498466258095814,+,0.0007924519080645794,0.9529792878238377
38,1488.104503740647,,,mixed C-C torsion / C-H bending,nu(O3-C4),bond,0.00040489867378572464,+,0.0012019847751017407,0.39464304780317283
38,1488.104503740647,,,mixed C-C torsion / C-H bending,nu(C2-O3),bond,0.0003324722190954508,+,0.0012697461608550615,0.2903872748020396
38,1488.104503740647,,,mixed C-C torsion / C-H bending,"gamma(N5;C4,O3,H13)",oop,1.935505826435532e-05,-,-0.0003212626263484056,0.2640767143320028
38,1488.104503740647,,,mixed C-C torsion / C-H bending,nu(C7-H15),bond,1.5399745377956293e-05,-,-0.0002459624337996563,0.3584528290766376
38,1488.104503740647,,,mixed C-C torsion / C-H bending,nu(C4-H13),bond,1.1575661233340336e-06,-,-6.693438322929008e-05,0.3638340261674659
39,1498.2316609969441,,,mixed C-H bending / C-C torsion,delta(H11-C1-H12),angle,73.32919187206414,-,-0.632906309110139,1.4782097740250923
39,1498.2316609969441,,,mixed C-H bending / C-C torsion,tau(H11-C1-C2-C6),dihedral,14.030817427967595,+,0.36617638116142054,0.8449681468376289
39,1498.2316609969441,,,mixed C-H bending / C-C torsion,tau(H12-C1-C2-C9),dihedral,9.95678835239607,-,-0.3020706460083525,0.8811305263997591
39,1498.2316609969441,,,mixed C-H bending / C-C torsion,delta(C2-C1-H12),angle,1.3046166003202984,+,0.1337698643303639,0.5887139782225514
39,1498.2316609969441,,,mixed C-H bending / C-C torsion,delta(C2-C1-H10),angle,0.6808985179347617,-,-0.15929307964328793,0.2166838743068714
39,1498.2316609969441,,,mixed C-H bending / C-C torsion,delta(C2-C1-H11),angle,0.47430835708266367,+,0.07965460289767504,0.6036386561693722
39,1498.2316609969441,,,mixed C-H bending / C-C torsion,tau(H10-C1-C2-O3),dihedral,0.082610275441035,-,-0.06264611288299171,0.16997452388979203
39,1498.2316609969441,,,mixed C-H bending / C-C torsion,nu(C2-C9),bond,0.043982913884074146,-,-0.035166963716305615,0.2871787309625498
39,1498.2316609969441,,,mixed C-H bending / C-C torsion,nu(C2-O3),bond,0.032065633709703924,+,0.02986071025066042,0.2903872748020396
39,1498.2316609969441,,,mixed C-H bending / C-C torsion,nu(C1-H10),bond,0.009987806640837598,-,-0.015486960929088514,0.3362604123431611
39,1498.2316609969441,,,mixed C-H bending / C-C torsion,nu(C2-C6),bond,0.008372250305562023,-,-0.014585308570175011,0.31779640598064146
39,1498.2316609969441,,,mixed C-H bending / C-C torsion,nu(C4-N5),bond,0.007289829770105185,+,0.009053733095538951,0.718124978197118
39,1498.2316609969441,,,mixed C-H bending / C-C torsion,tau(O3-C2-C6-C7),dihedral,0.0065022943995909945,+,0.009183170166138744,0.6226147219080224
39,1498.2316609969441,,,mixed C-H bending / C-C torsion,nu(C1-H12),bond,0.006133274422235873,+,0.012092527760515018,0.33868520952195924
39,1498.2316609969441,,,mixed C-H bending / C-C torsion,delta(C2-C9-O8),angle,0.0057031416046189045,+,0.006979487991543545,0.9453770317224727
39,1498.2316609969441,,,mixed C-H bending / C-C torsion,"gamma(C2;C6,N5,H14)",oop,0.004408382540879876,-,-0.013622005954802504,0.19183823175155254
39,1498.2316609969441,,,mixed C-H bending / C-C torsion,"gamma(C2;C9,O8,H16)",oop,0.003255210402879753,+,0.014400762573829341,0.1267494562515593
39,1498.2316609969441,,,mixed C-H bending / C-C torsion,delta(O8-C9-H16),angle,0.0030376492128738374,-,-0.01102838060639839,0.2016750387366806
39,1498.2316609969441,,,mixed C-H bending / C-C torsion,nu(C1-H11),bond,0.002286322682514922,+,0.007410558585150693,0.33618137997364117
39,1498.2316609969441,,,mixed C-H bending / C-C torsion,tau(C2-O3-C4-H13),dihedral,0.0015830036999206203,+,0.007717464210042749,0.21462025290396103
39,1498.2316609969441,,,mixed C-H bending / C-C torsion,nu(C7-C9),bond,0.0012993754311345768,-,-0.005205981598096286,0.38713943691768804
39,1498.2316609969441,,,mixed C-H bending / C-C torsion,delta(O3-C4-N5),angle,0.0007508557950446214,-,-0.0025223511558214533,0.9529792878238377
39,1498.2316609969441,,,mixed C-H bending / C-C torsion,delta(O3-C4-H13),angle,0.0005687829217651769,-,-0.004227774958857439,0.25695723134917164
39,1498.2316609969441,,,mixed C-H bending / C-C torsion,delta(N5-C6-H14),angle,0.0005427025879966797,-,-0.00438337396746678,0.22807772116185696
39,1498.2316609969441,,,mixed C-H bending / C-C torsion,nu(O3-C4),bond,0.0004907898625982816,+,0.003168944067534634,0.39464304780317283
39,1498.2316609969441,,,mixed C-H bending / C-C torsion,"gamma(C6;C7,O8,H15)",oop,0.0004569383694296504,+,0.005409019491658906,0.12611262203061205
39,1498.2316609969441,,,mixed C-H bending / C-C torsion,nu(C9-H16),bond,0.00042834036914761995,-,-0.0031201251947910527,0.3552900019598891
39,1498.2316609969441,,,mixed C-H bending / C-C torsion,delta(C1-C2-O3),angle,0.00036349913814670966,-,-0.0018599443021282834,0.8484798402288911
39,1498.2316609969441,,,mixed C-H bending / C-C torsion,tau(N5-C6-C7-C9),dihedral,0.00035729802028195004,+,0.0023101643934285293,0.5406084863476108
39,1498.2316609969441,,,mixed C-H bending / C-C torsion,delta(O8-C7-H15),angle,0.00019972330304072732,-,-0.002826605335581383,0.20185355922397827
39,1498.2316609969441,,,mixed C-H bending / C-C torsion,nu(N5-C6),bond,0.0001933875662674042,-,-0.0022354919013765425,0.3124786623234075
39,1498.2316609969441,,,mixed C-H bending / C-C torsion,delta(C6-C7-O8),angle,0.00016373176563273025,+,0.0011947808342291208,0.9261780218445965
39,1498.2316609969441,,,mixed C-H bending / C-C torsion,tau(C1-C2-O3-C4),dihedral,9.314847061335284e-05,-,-0.0016194300798744962,0.28680673515252064
39,1498.2316609969441,,,mixed C-H bending / C-C torsion,nu(C4-H13),bond,8.696553322547202e-05,+,0.0013892836868507213,0.3638340261674659
39,1498.2316609969441,,,mixed C-H bending / C-C torsion,nu(C6-C7),bond,6.357504233508708e-05,-,-0.0013272647330989425,0.29141343418307836
39,1498.2316609969441,,,mixed C-H bending / C-C torsion,nu(C7-H15),bond,2.731704996435524e-05,-,-0.0007844583725367277,0.3584528290766376
39,1498.2316609969441,,,mixed C-H bending / C-C torsion,nu(C6-H14),bond,2.6368260298598335e-05,-,-0.0007941374574926771,0.33761997675065536
39,1498.2316609969441,,,mixed C-H bending / C-C torsion,nu(O8-C9),bond,2.232194136396794e-05,+,0.0007829157364818494,0.2940626988285609
39,1498.2316609969441,,,mixed C-H bending / C-C torsion,"gamma(N5;C4,O3,H13)",oop,1.0645933565788703e-05,+,0.0005705527884501843,0.2640767143320028
39,1498.2316609969441,,,mixed C-H bending / C-C torsion,nu(C1-C2),bond,8.390492801763715e-06,+,0.00048148711729889863,0.29225109464701776
39,1498.2316609969441,,,mixed C-H bending / C-C torsion,delta(N5-C6-C7),angle,6.620831291580672e-06,+,0.0003037393736222785,0.5794932160067546
39,1498.2316609969441,,,mixed C-H bending / C-C torsion,nu(C7-O8),bond,1.0483170823612198e-07,-,-5.43239676760431e-05,0.2868452872636431
40,1663.0944180469219,,,cyclic C-N stretching,nu(C4-N5),bond,75.53088694783692,-,-0.3783859266459249,0.718124978197118
40,1663.0944180469219,,,cyclic C-N stretching,delta(O3-C4-H13),angle,10.865658800107774,-,-0.2399221303184859,0.25695723134917164
40,1663.0944180469219,,,cyclic C-N stretching,nu(O3-C4),bond,4.491089243869371,+,0.12446473354906411,0.39464304780317283
40,1663.0944180469219,,,cyclic C-N stretching,delta(O3-C4-N5),angle,4.095130469327909,+,0.07648298685797197,0.9529792878238377
40,1663.0944180469219,,,cyclic C-N stretching,tau(N5-C6-C7-C9),dihedral,1.9341570685359009,-,-0.06978741944986902,0.5406084863476108
40,1663.0944180469219,,,cyclic C-N stretching,delta(N5-C6-H14),angle,1.4870217787493554,+,0.09420846583490682,0.22807772116185696
40,1663.0944180469219,,,cyclic C-N stretching,nu(N5-C6),bond,0.5808261677496819,+,0.05030204056601157,0.3124786623234075
40,1663.0944180469219,,,cyclic C-N stretching,nu(C2-O3),bond,0.21982414688270227,+,0.03210122510646835,0.2903872748020396
40,1663.0944180469219,,,cyclic C-N stretching,nu(C4-H13),bond,0.1972880958864966,-,-0.02716886425210063,0.3638340261674659
40,1663.0944180469219,,,cyclic C-N stretching,"gamma(C2;C6,N5,H14)",oop,0.16797669256215736,+,0.03452467753836601,0.19183823175155254
40,1663.0944180469219,,,cyclic C-N stretching,delta(C1-C2-O3),angle,0.12229330254416283,-,-0.01400726264622693,0.8484798402288911
40,1663.0944180469219,,,cyclic C-N stretching,delta(C2-C1-H11),angle,0.08722071481211258,+,0.01402471350755295,0.6036386561693722
40,1663.0944180469219,,,cyclic C-N stretching,delta(C2-C1-H10),angle,0.08470857444176094,-,-0.02306869833280514,0.2166838743068714
40,1663.0944180469219,,,cyclic C-N stretching,tau(H12-C1-C2-C9),dihedral,0.038870236805982554,-,-0.007749276710076061,0.8811305263997591
40,1663.0944180469219,,,cyclic C-N stretching,tau(H11-C1-C2-C6),dihedral,0.02672442492165586,+,0.006561554114614448,0.8449681468376289
40,1663.0944180469219,,,cyclic C-N stretching,delta(H11-C1-H12),angle,0.012154426549544961,-,-0.003345583713969651,1.4782097740250923
40,1663.0944180469219,,,cyclic C-N stretching,nu(C2-C6),bond,0.011636103409948358,-,-0.00705995600640074,0.31779640598064146
40,1663.0944180469219,,,cyclic C-N stretching,nu(C2-C9),bond,0.006466044993550561,-,-0.005536252947685694,0.2871787309625498
40,1663.0944180469219,,,cyclic C-N stretching,tau(H10-C1-C2-O3),dihedral,0.006295570738144657,+,0.007100653768869322,0.16997452388979203
40,1663.0944180469219,,,cyclic C-N stretching,nu(C6-H14),bond,0.006159906646652969,-,-0.004983628913637287,0.33761997675065536
40,1663.0944180469219,,,cyclic C-N stretching,nu(C6-C7),bond,0.0044385302839733305,+,0.0045534178808182835,0.29141343418307836
40,1663.0944180469219,,,cyclic C-N stretching,delta(O8-C7-H15),angle,0.004103169945564505,-,-0.005260345215359359,0.20185355922397827
40,1663.0944180469219,,,cyclic C-N stretching,delta(N5-C6-C7),angle,0.003992622173588272,+,0.003062510797018387,0.5794932160067546
40,1663.0944180469219,,,cyclic C-N stretching,tau(C1-C2-O3-C4),dihedral,0.002439245811933276,-,-0.003402560143519732,0.28680673515252064
40,1663.0944180469219,,,cyclic C-N stretching,delta(O8-C9-H16),angle,0.0018647207821198357,+,0.003547754261477878,0.2016750387366806
40,1663.0944180469219,,,cyclic C-N stretching,nu(C1-C2),bond,0.0018451536078245311,+,0.0029316416931334625,0.29225109464701776
40,1663.0944180469219,,,cyclic C-N stretching,tau(O3-C2-C6-C7),dihedral,0.0016067401041380436,+,0.0018742858373585114,0.6226147219080224
40,1663.0944180469219,,,cyclic C-N stretching,"gamma(C2;C9,O8,H16)",oop,0.0015414867115936739,+,0.004068829949475713,0.1267494562515593
40,1663.0944180469219,,,cyclic C-N stretching,nu(C1-H10),bond,0.0012982125103174797,+,0.002292491445478112,0.3362604123431611
40,1663.0944180469219,,,cyclic C-N stretching,delta(C2-C1-H12),angle,0.0012487745210056312,+,0.0016992705867738573,0.5887139782225514
40,1663.0944180469219,,,cyclic C-N stretching,nu(C7-O8),bond,0.0012335740104843583,+,0.002419532417822278,0.2868452872636431
40,1663.0944180469219,,,cyclic C-N stretching,tau(C2-O3-C4-H13),dihedral,0.0005037618851537507,+,0.0017875162599045441,0.21462025290396103
40,1663.0944180469219,,,cyclic C-N stretching,nu(C7-C9),bond,0.0004431474933275377,+,0.001248283243937992,0.38713943691768804
40,1663.0944180469219,,,cyclic C-N stretching,nu(C1-H11),bond,0.0002911954295093444,-,-0.0010858707849145841,0.33618137997364117
40,1663.0944180469219,,,cyclic C-N stretching,"gamma(N5;C4,O3,H13)",oop,0.00025392419413474,-,-0.0011440886756046108,0.2640767143320028
40,1663.0944180469219,,,cyclic C-N stretching,nu(O8-C9),bond,0.00024072200777124197,-,-0.0010556273373797768,0.2940626988285609
40,1663.0944180469219,,,cyclic C-N stretching,delta(C2-C9-O8),angle,0.00013658091382545508,+,0.00044347095701908725,0.9453770317224727
40,1663.0944180469219,,,cyclic C-N stretching,delta(C6-C7-O8),angle,9.377563582130337e-05,+,0.00037125342815840857,0.9261780218445965
40,1663.0944180469219,,,cyclic C-N stretching,nu(C9-H16),bond,2.254231325561418e-05,-,-0.0002938870479624688,0.3552900019598891
40,1663.0944180469219,,,cyclic C-N stretching,nu(C7-H15),bond,8.48263742028014e-06,-,-0.0001794825144850131,0.3584528290766376
40,1663.0944180469219,,,cyclic C-N stretching,"gamma(C6;C7,O8,H15)",oop,3.878297770568892e-06,-,-0.00020460394212087283,0.12611262203061205
40,1663.0944180469219,,,cyclic C-N stretching,nu(C1-H12),bond,1.0413577220798376e-06,-,-6.46955716535607e-05,0.33868520952195924
41,3035.870725312476,,,in-phase C-H stretching,nu(C1-H10),bond,36.68465296050018,-,-0.6144258792888407,0.3362604123431611
41,3035.870725312476,,,in-phase C-H stretching,nu(C1-H11),bond,36.1214632536148,-,-0.6097629077868807,0.33618137997364117
41,3035.870725312476,,,in-phase C-H stretching,nu(C1-H12),bond,26.701862973244268,-,-0.5223214107208586,0.33868520952195924
41,3035.870725312476,,,in-phase C-H stretching,nu(C1-C2),bond,0.20255809739434555,+,0.04897358469886188,0.29225109464701776
41,3035.870725312476,,,in-phase C-H stretching,delta(H11-C1-H12),angle,0.10201184012774979,+,0.01545334209495455,1.4782097740250923
41,3035.870725312476,,,in-phase C-H stretching,delta(C2-C1-H12),angle,0.06430977874579545,-,-0.019442472647576644,0.5887139782225514
41,3035.870725312476,,,in-phase C-H stretching,nu(C6-H14),bond,0.05547080731536473,+,0.023844231970911702,0.33761997675065536
41,3035.870725312476,,,in-phase C-H stretching,delta(C2-C1-H11),angle,0.03990351744462703,-,-0.015124541953194568,0.6036386561693722
41,3035.870725312476,,,in-phase C-H stretching,delta(C2-C1-H10),angle,0.017050950421874062,-,-0.016501604062749645,0.2166838743068714
41,3035.870725312476,,,in-phase C-H stretching,nu(C9-H16),bond,0.008456960792658624,+,0.009075714553930834,0.3552900019598891
41,3035.870725312476,,,in-phase C-H stretching,tau(H11-C1-C2-C6),dihedral,0.0006246181489563719,+,0.001599382329691453,0.8449681468376289
41,3035.870725312476,,,in-phase C-H stretching,tau(C1-C2-O3-C4),dihedral,0.0002812377928183788,-,-0.0018420750926255063,0.28680673515252064
41,3035.870725312476,,,in-phase C-H stretching,delta(C1-C2-O3),angle,0.00026959741090640824,+,0.0010485816595754605,0.8484798402288911
41,3035.870725312476,,,in-phase C-H stretching,delta(N5-C6-C7),angle,0.00015395142816651024,+,0.0009588106421124975,0.5794932160067546
41,3035.870725312476,,,in-phase C-H stretching,tau(H10-C1-C2-O3),dihedral,0.00013701848662188483,-,-0.0016701782712808945,0.16997452388979203
41,3035.870725312476,,,in-phase C-H stretching,nu(C7-C9),bond,0.0001101512575158657,-,-0.0009922616018253393,0.38713943691768804
41,3035.870725312476,,,in-phase C-H stretching,nu(N5-C6),bond,8.881574813563101e-05,-,-0.000991744883485734,0.3124786623234075
41,3035.870725312476,,,in-phase C-H stretching,"gamma(C2;C6,N5,H14)",oop,8.102058665732846e-05,+,0.001208913627428744,0.19183823175155254
41,3035.870725312476,,,in-phase C-H stretching,nu(C7-H15),bond,7.93691832949131e-05,+,0.0008753366494364884,0.3584528290766376
41,3035.870725312476,,,in-phase C-H stretching,nu(C6-C7),bond,6.880608283609727e-05,-,-0.0009039070949998308,0.29141343418307836
41,3035.870725312476,,,in-phase C-H stretching,tau(O3-C2-C6-C7),dihedral,6.644840201369978e-05,+,0.0006077119000374769,0.6226147219080224
41,3035.870725312476,,,in-phase C-H stretching,delta(C6-C7-O8),angle,4.9620839010292376e-05,-,-0.00043057615862566486,0.9261780218445965
41,3035.870725312476,,,in-phase C-H stretching,"gamma(C2;C9,O8,H16)",oop,4.192882518206075e-05,-,-0.0010699129823304198,0.1267494562515593
41,3035.870725312476,,,in-phase C-H stretching,nu(O8-C9),bond,3.521097852735523e-05,-,-0.0006437010842049369,0.2940626988285609
41,3035.870725312476,,,in-phase C-H stretching,tau(H12-C1-C2-C9),dihedral,3.0176576824609603e-05,-,-0.0003442548166219168,0.8811305263997591
41,3035.870725312476,,,in-phase C-H stretching,delta(O8-C9-H16),angle,2.611274898954976e-05,+,0.0006693686762913008,0.2016750387366806
41,3035.870725312476,,,in-phase C-H stretching,nu(C2-C6),bond,2.248434548103544e-05,-,-0.0004948012601065175,0.31779640598064146
41,3035.870725312476,,,in-phase C-H stretching,nu(C4-N5),bond,1.988175434878686e-05,-,-0.0003095226949983335,0.718124978197118
41,3035.870725312476,,,in-phase C-H stretching,nu(C2-O3),bond,1.5184524077074786e-05,-,-0.00042537989971502333,0.2903872748020396
41,3035.870725312476,,,in-phase C-H stretching,nu(C2-C9),bond,1.2680470707642766e-05,-,-0.0003908919388702718,0.2871787309625498
41,3035.870725312476,,,in-phase C-H stretching,tau(N5-C6-C7-C9),dihedral,1.246100437720085e-05,+,0.00028242312724830935,0.5406084863476108
41,3035.870725312476,,,in-phase C-H stretching,delta(O3-C4-H13),angle,6.933795037938544e-06,-,-0.00030557670285009654,0.25695723134917164
41,3035.870725312476,,,in-phase C-H stretching,nu(C4-H13),bond,6.432182596079543e-06,+,0.0002473390503030656,0.3638340261674659
41,3035.870725312476,,,in-phase C-H stretching,"gamma(C6;C7,O8,H15)",oop,4.010629294892201e-06,+,0.00033173565035691247,0.12611262203061205
41,3035.870725312476,,,in-phase C-H stretching,nu(O3-C4),bond,3.4105429140250495e-06,+,0.00017293173303739814,0.39464304780317283
41,3035.870725312476,,,in-phase C-H stretching,nu(C7-O8),bond,3.4066603571233598e-06,-,-0.00020272425898379032,0.2868452872636431
41,3035.870725312476,,,in-phase C-H stretching,delta(O8-C7-H15),angle,3.057227524597532e-06,+,0.00022893428517454663,0.20185355922397827
41,3035.870725312476,,,in-phase C-H stretching,tau(C2-O3-C4-H13),dihedral,2.398088084167147e-06,+,0.00019663570390617468,0.21462025290396103
41,3035.870725312476,,,in-phase C-H stretching,delta(N5-C6-H14),angle,1.0280368695609204e-06,-,-0.00012489011786875103,0.22807772116185696
41,3035.870725312476,,,in-phase C-H stretching,delta(C2-C9-O8),angle,7.287337712257504e-07,+,5.164723637092035e-05,0.9453770317224727
41,3035.870725312476,,,in-phase C-H stretching,"gamma(N5;C4,O3,H13)",oop,3.5520772477978337e-07,-,-6.822464897033377e-05,0.2640767143320028
41,3035.870725312476,,,in-phase C-H stretching,delta(O3-C4-N5),angle,3.226987415305926e-07,-,-3.423119557476989e-05,0.9529792878238377
42,3091.4562293702597,,,ring-site C-H stretching,nu(C6-H14),bond,96.61355245317895,-,-1.0244283013300466,0.33761997675065536
42,3091.4562293702597,,,ring-site C-H stretching,nu(C1-H11),bond,1.3357841738077747,-,-0.12071408010620512,0.33618137997364117
42,3091.4562293702597,,,ring-site C-H stretching,nu(C1-H10),bond,0.8445838106184803,+,0.09597544087021638,0.3362604123431611
42,3091.4562293702597,,,ring-site C-H stretching,delta(N5-C6-C7),angle,0.2114552611515175,-,-0.03658151433635448,0.5794932160067546
42,3091.4562293702597,,,ring-site C-H stretching,nu(C7-H15),bond,0.18157269926801609,+,0.04310085435103439,0.3584528290766376
42,3091.4562293702597,,,ring-site C-H stretching,delta(C6-C7-O8),angle,0.18090765190600194,+,0.026764420407141006,0.9261780218445965
42,3091.4562293702597,,,ring-site C-H stretching,tau(N5-C6-C7-C9),dihedral,0.1349947156851907,-,-0.03026171696157294,0.5406084863476108
42,3091.4562293702597,,,ring-site C-H stretching,nu(C2-C6),bond,0.13061111800602304,+,0.03882327721046759,0.31779640598064146
42,3091.4562293702597,,,ring-site C-H stretching,nu(C6-C7),bond,0.07911713976944909,+,0.031554195710987054,0.29141343418307836
42,3091.4562293702597,,,ring-site C-H stretching,nu(N5-C6),bond,0.07372178410443761,+,0.02941469470227069,0.3124786623234075
42,3091.4562293702597,,,ring-site C-H stretching,delta(N5-C6-H14),angle,0.06090588965389776,+,0.03129426985889559,0.22807772116185696
42,3091.4562293702597,,,ring-site C-H stretching,tau(O3-C2-C6-C7),dihedral,0.05000434491519073,-,-0.017162114237936902,0.6226147219080224
42,3091.4562293702597,,,ring-site C-H stretching,nu(C1-H12),bond,0.02420299540390817,-,-0.01618874020709446,0.33868520952195924
42,3091.4562293702597,,,ring-site C-H stretching,delta(H11-C1-H12),angle,0.018556324671398193,+,0.006785073501645294,1.4782097740250923
42,3091.4562293702597,,,ring-site C-H stretching,nu(C4-H13),bond,0.01778387177280905,+,0.01338869083422198,0.3638340261674659
42,3091.4562293702597,,,ring-site C-H stretching,"gamma(C2;C6,N5,H14)",oop,0.012504658128194013,-,-0.015461262021494341,0.19183823175155254
42,3091.4562293702597,,,ring-site C-H stretching,tau(H12-C1-C2-C9),dihedral,0.007981844662988149,+,0.005763789642151965,0.8811305263997591
42,3091.4562293702597,,,ring-site C-H stretching,nu(C9-H16),bond,0.007575589910839707,+,0.00884287213786423,0.3552900019598891
42,3091.4562293702597,,,ring-site C-H stretching,tau(H11-C1-C2-C6),dihedral,0.003688465351890131,-,-0.004001098983252365,0.8449681468376289
42,3091.4562293702597,,,ring-site C-H stretching,delta(C2-C1-H11),angle,0.0028516675032732165,+,0.004162339799165407,0.6036386561693722
42,3091.4562293702597,,,ring-site C-H stretching,delta(C1-C2-O3),angle,0.00263214504054797,-,-0.0033729566109076195,0.8484798402288911
42,3091.4562293702597,,,ring-site C-H stretching,delta(C2-C1-H10),angle,0.002363701599254191,-,-0.006324987019838278,0.2166838743068714
42,3091.4562293702597,,,ring-site C-H stretching,nu(C7-C9),bond,0.0007645348437401306,-,-0.002691172552471117,0.38713943691768804
42,3091.4562293702597,,,ring-site C-H stretching,tau(H10-C1-C2-O3),dihedral,0.0004724256931326927,-,-0.0031926510078936895,0.16997452388979203
42,3091.4562293702597,,,ring-site C-H stretching,nu(C4-N5),bond,0.0004330065644918021,+,0.0014870440511237466,0.718124978197118
42,3091.4562293702597,,,ring-site C-H stretching,tau(C1-C2-O3-C4),dihedral,0.00028131803765520536,-,-0.0018966217512880494,0.28680673515252064
42,3091.4562293702597,,,ring-site C-H stretching,"gamma(C6;C7,O8,H15)",oop,0.00020656676589614006,-,-0.0024509110933975085,0.12611262203061205
42,3091.4562293702597,,,ring-site C-H stretching,nu(O3-C4),bond,0.00016944046048108477,-,-0.0012548243667049313,0.39464304780317283
42,3091.4562293702597,,,ring-site C-H stretching,delta(C2-C1-H12),angle,0.0001261770696406432,-,-0.0008865733140341831,0.5887139782225514
42,3091.4562293702597,,,ring-site C-H stretching,delta(C2-C9-O8),angle,5.393649669175858e-05,+,0.0004574203207013926,0.9453770317224727
42,3091.4562293702597,,,ring-site C-H stretching,nu(C1-C2),bond,4.47470691073415e-05,+,0.000749343309788759,0.29225109464701776
42,3091.4562293702597,,,ring-site C-H stretching,nu(C7-O8),bond,3.31343072675734e-05,-,-0.0006508661691744138,0.2868452872636431
42,3091.4562293702597,,,ring-site C-H stretching,delta(O3-C4-H13),angle,2.40350865763816e-05,+,0.0005856916513178855,0.25695723134917164
42,3091.4562293702597,,,ring-site C-H stretching,tau(C2-O3-C4-H13),dihedral,1.208381661370304e-05,-,-0.0004544052306245194,0.21462025290396103
42,3091.4562293702597,,,ring-site C-H stretching,"gamma(C2;C9,O8,H16)",oop,8.995784250141366e-06,-,-0.0005101795814954615,0.1267494562515593
42,3091.4562293702597,,,ring-site C-H stretching,nu(C2-O3),bond,7.253596001168436e-06,-,-0.0003026666021957823,0.2903872748020396
42,3091.4562293702597,,,ring-site C-H stretching,delta(O8-C7-H15),angle,4.57790610530698e-06,+,0.0002883977347112137,0.20185355922397827
42,3091.4562293702597,,,ring-site C-H stretching,delta(O3-C4-N5),angle,2.548842377302265e-06,+,9.903902787776379e-05,0.9529792878238377
42,3091.4562293702597,,,ring-site C-H stretching,nu(C2-C9),bond,1.05768307706155e-06,+,0.00011621929910880384,0.2871787309625498
42,3091.4562293702597,,,ring-site C-H stretching,"gamma(N5;C4,O3,H13)",oop,9.881125201855769e-07,-,-0.00011714257256818939,0.2640767143320028
42,3091.4562293702597,,,ring-site C-H stretching,nu(O8-C9),bond,8.494400989359448e-07,-,-0.00010292550820966094,0.2940626988285609
42,3091.4562293702597,,,ring-site C-H stretching,delta(O8-C9-H16),angle,1.631429129184385e-08,+,1.7224024787675584e-05,0.2016750387366806
43,3100.753902502597,,,opposite-phase C-H stretching,nu(C1-H11),bond,48.52413156953369,+,0.7355127232644425,0.33618137997364117
43,3100.753902502597,,,opposite-phase C-H stretching,nu(C1-H10),bond,48.091643421018425,-,-0.7321415769382978,0.3362604123431611
43,3100.753902502597,,,opposite-phase C-H stretching,nu(C6-H14),bond,2.060233954986856,-,-0.15123152592592212,0.33761997675065536
43,3100.753902502597,,,opposite-phase C-H stretching,delta(H11-C1-H12),angle,0.493601873549497,-,-0.035376795956828425,1.4782097740250923
43,3100.753902502597,,,opposite-phase C-H stretching,delta(C2-C1-H11),angle,0.2434957588134378,-,-0.03888260115444477,0.6036386561693722
43,3100.753902502597,,,opposite-phase C-H stretching,tau(H12-C1-C2-C9),dihedral,0.2424742801009444,-,-0.03211521599909295,0.8811305263997591
43,3100.753902502597,,,opposite-phase C-H stretching,delta(C1-C2-O3),angle,0.14647813890592332,+,0.025436876090185436,0.8484798402288911
43,3100.753902502597,,,opposite-phase C-H stretching,delta(C2-C1-H10),angle,0.07961182179671886,+,0.03710851855170455,0.2166838743068714
43,3100.753902502597,,,opposite-phase C-H stretching,tau(H11-C1-C2-C6),dihedral,0.048862599339529224,+,0.014721980773142147,0.8449681468376289
43,3100.753902502597,,,opposite-phase C-H stretching,tau(C1-C2-O3-C4),dihedral,0.020864459182356708,+,0.01651227925936588,0.28680673515252064
43,3100.753902502597,,,opposite-phase C-H stretching,tau(H10-C1-C2-O3),dihedral,0.015466580343071249,+,0.018467298371183872,0.16997452388979203
43,3100.753902502597,,,opposite-phase C-H stretching,nu(C9-H16),bond,0.007644373944050962,+,0.008980026128685713,0.3552900019598891
43,3100.753902502597,,,opposite-phase C-H stretching,delta(N5-C6-C7),angle,0.004808431002312015,-,-0.0055766790160332366,0.5794932160067546
43,3100.753902502597,,,opposite-phase C-H stretching,delta(C6-C7-O8),angle,0.003831265541891215,+,0.003937513203127395,0.9261780218445965
43,3100.753902502597,,,opposite-phase C-H stretching,nu(C7-H15),bond,0.0036093200555795263,+,0.006143202381117746,0.3584528290766376
43,3100.753902502597,,,opposite-phase C-H stretching,tau(N5-C6-C7-C9),dihedral,0.0028781415062175304,-,-0.00446696730334942,0.5406084863476108
43,3100.753902502597,,,opposite-phase C-H stretching,nu(C6-C7),bond,0.0017307249142266804,+,0.004717993845726633,0.29141343418307836
43,3100.753902502597,,,opposite-phase C-H stretching,nu(N5-C6),bond,0.0017303970188642522,+,0.004555759898571525,0.3124786623234075
43,3100.753902502597,,,opposite-phase C-H stretching,nu(C1-H12),bond,0.0016504327354241297,-,-0.004273649791779949,0.33868520952195924
43,3100.753902502597,,,opposite-phase C-H stretching,delta(N5-C6-H14),angle,0.0014036676651242893,+,0.004802737463259045,0.22807772116185696
43,3100.753902502597,,,opposite-phase C-H stretching,nu(C2-C6),bond,0.0012114005915164888,+,0.0037797887820216563,0.31779640598064146
43,3100.753902502597,,,opposite-phase C-H stretching,tau(O3-C2-C6-C7),dihedral,0.0010674359079341884,-,-0.0025348913128915764,0.6226147219080224
43,3100.753902502597,,,opposite-phase C-H stretching,nu(C4-H13),bond,0.0007731819349362291,+,0.002822196992817198,0.3638340261674659
43,3100.753902502597,,,opposite-phase C-H stretching,"gamma(C2;C6,N5,H14)",oop,0.00028378830665325605,-,-0.0023546577903505944,0.19183823175155254
43,3100.753902502597,,,opposite-phase C-H stretching,nu(C2-O3),bond,0.00017481612355948472,+,0.0015021042819410315,0.2903872748020396
43,3100.753902502597,,,opposite-phase C-H stretching,nu(C7-C9),bond,8.664816366091962e-05,-,-0.0009158916639590226,0.38713943691768804
43,3100.753902502597,,,opposite-phase C-H stretching,nu(C2-C9),bond,6.001062135662575e-05,-,-0.0008849853011376406,0.2871787309625498
43,3100.753902502597,,,opposite-phase C-H stretching,nu(C4-N5),bond,3.676231577533738e-05,-,-0.00043802565317643106,0.718124978197118
43,3100.753902502597,,,opposite-phase C-H stretching,nu(C1-C2),bond,3.097363825454924e-05,+,0.0006302548108608137,0.29225109464701776
43,3100.753902502597,,,opposite-phase C-H stretching,delta(C2-C9-O8),angle,2.7275455029130395e-05,+,0.000328837706584467,0.9453770317224727
43,3100.753902502597,,,opposite-phase C-H stretching,nu(O3-C4),bond,2.429292628574129e-05,+,0.0004803256948362766,0.39464304780317283
43,3100.753902502597,,,opposite-phase C-H stretching,delta(O3-C4-H13),angle,2.1332375695815185e-05,-,-0.0005578113175076524,0.25695723134917164
43,3100.753902502597,,,opposite-phase C-H stretching,"gamma(C2;C9,O8,H16)",oop,2.0509769625562414e-05,+,0.0007787632885814203,0.1267494562515593
43,3100.753902502597,,,opposite-phase C-H stretching,delta(O8-C9-H16),angle,1.0757033596954668e-05,-,-0.0004471140525810841,0.2016750387366806
43,3100.753902502597,,,opposite-phase C-H stretching,"gamma(C6;C7,O8,H15)",oop,7.0721998307226735e-06,-,-0.00045845436902290665,0.12611262203061205
43,3100.753902502597,,,opposite-phase C-H stretching,nu(O8-C9),bond,6.348430359144801e-06,-,-0.00028445353960355243,0.2940626988285609
43,3100.753902502597,,,opposite-phase C-H stretching,delta(C2-C1-H12),angle,4.03374474669292e-06,+,0.00016025078451952505,0.5887139782225514
43,3100.753902502597,,,opposite-phase C-H stretching,tau(C2-O3-C4-H13),dihedral,1.021828824908494e-06,-,-0.00013358320386628534,0.21462025290396103
43,3100.753902502597,,,opposite-phase C-H stretching,delta(O3-C4-N5),angle,9.072294088202736e-07,+,5.9733087166538736e-05,0.9529792878238377
43,3100.753902502597,,,opposite-phase C-H stretching,"gamma(N5;C4,O3,H13)",oop,1.8161514536980016e-07,-,-5.077022746476604e-05,0.2640767143320028
43,3100.753902502597,,,opposite-phase C-H stretching,delta(O8-C7-H15),angle,1.9935377088166922e-08,-,-1.9239427884257644e-05,0.20185355922397827
43,3100.753902502597,,,opposite-phase C-H stretching,nu(C7-O8),bond,1.789833029810447e-08,-,-1.529257191213973e-05,0.2868452872636431
44,3110.84178063117,,,mixed-phase C-H stretching,nu(C1-H12),bond,72.2849540336358,-,-0.8953389403636796,0.33868520952195924
44,3110.84178063117,,,mixed-phase C-H stretching,nu(C1-H10),bond,13.586728040341242,+,0.3895661425565487,0.3362604123431611
44,3110.84178063117,,,mixed-phase C-H stretching,nu(C1-H11),bond,13.185157398232258,+,0.3838110428606822,0.33618137997364117
44,3110.84178063117,,,mixed-phase C-H stretching,delta(C2-C1-H12),angle,0.31225920433541426,+,0.04463413112688022,0.5887139782225514
44,3110.84178063117,,,mixed-phase C-H stretching,delta(H11-C1-H12),angle,0.19038544478832703,+,0.021994316542549523,1.4782097740250923
44,3110.84178063117,,,mixed-phase C-H stretching,tau(H11-C1-C2-C6),dihedral,0.14692498074177293,-,-0.025555788599199564,0.8449681468376289
44,3110.84178063117,,,mixed-phase C-H stretching,delta(C2-C1-H11),angle,0.0929975567574763,-,-0.024055195014754224,0.6036386561693722
44,3110.84178063117,,,mixed-phase C-H stretching,tau(C1-C2-O3-C4),dihedral,0.060439251493289534,+,0.02813367720049594,0.28680673515252064
44,3110.84178063117,,,mixed-phase C-H stretching,delta(C1-C2-O3),angle,0.0525631848086053,-,-0.015253928489442736,0.8484798402288911
44,3110.84178063117,,,mixed-phase C-H stretching,tau(H10-C1-C2-O3),dihedral,0.046229845014463616,+,0.03196177842890124,0.16997452388979203
44,3110.84178063117,,,mixed-phase C-H stretching,delta(C2-C1-H10),angle,0.03191681899113297,-,-0.023521127639390623,0.2166838743068714
44,3110.84178063117,,,mixed-phase C-H stretching,tau(H12-C1-C2-C9),dihedral,0.003051369311855705,+,0.0036065245911105397,0.8811305263997591
44,3110.84178063117,,,mixed-phase C-H stretching,nu(C6-H14),bond,0.0025193085945370212,+,0.005294052584694934,0.33761997675065536
44,3110.84178063117,,,mixed-phase C-H stretching,nu(C9-H16),bond,0.001615446450645984,-,-0.0041325338961824805,0.3552900019598891
44,3110.84178063117,,,mixed-phase C-H stretching,nu(C1-C2),bond,0.0009352345760625878,+,0.0034669201445669405,0.29225109464701776
44,3110.84178063117,,,mixed-phase C-H stretching,nu(C7-H15),bond,0.00043858491969749275,-,-0.0021437417973829828,0.3584528290766376
44,3110.84178063117,,,mixed-phase C-H stretching,nu(C2-C9),bond,0.00041456235036367334,+,0.0023285224387453907,0.2871787309625498
44,3110.84178063117,,,mixed-phase C-H stretching,nu(C2-O3),bond,0.00011382228207636285,-,-0.0012133511002584533,0.2903872748020396
44,3110.84178063117,,,mixed-phase C-H stretching,nu(C2-C6),bond,8.776741962666133e-05,-,-0.0010184830574141268,0.31779640598064146
44,3110.84178063117,,,mixed-phase C-H stretching,delta(C2-C9-O8),angle,7.138373291685544e-05,-,-0.0005325479761716665,0.9453770317224727
44,3110.84178063117,,,mixed-phase C-H stretching,"gamma(C2;C6,N5,H14)",oop,5.552726681105656e-05,+,0.001042670776617399,0.19183823175155254
44,3110.84178063117,,,mixed-phase C-H stretching,tau(O3-C2-C6-C7),dihedral,4.618120411833435e-05,-,-0.0005278184510932446,0.6226147219080224
44,3110.84178063117,,,mixed-phase C-H stretching,nu(C4-H13),bond,2.83719136446039e-05,-,-0.0005411956446888479,0.3638340261674659
44,3110.84178063117,,,mixed-phase C-H stretching,tau(N5-C6-C7-C9),dihedral,1.3632602498338557e-05,+,0.0003077581699545512,0.5406084863476108
44,3110.84178063117,,,mixed-phase C-H stretching,tau(C2-O3-C4-H13),dihedral,1.3411846265873032e-05,-,-0.00048447410223187947,0.21462025290396103
44,3110.84178063117,,,mixed-phase C-H stretching,delta(C6-C7-O8),angle,1.2622185454203669e-05,-,-0.00022624639992623554,0.9261780218445965
44,3110.84178063117,,,mixed-phase C-H stretching,nu(C7-C9),bond,7.706635639534786e-06,+,0.00027343892669216716,0.38713943691768804
44,3110.84178063117,,,mixed-phase C-H stretching,nu(C4-N5),bond,3.4161566252183275e-06,+,0.00013366894030748724,0.718124978197118
44,3110.84178063117,,,mixed-phase C-H stretching,"gamma(C6;C7,O8,H15)",oop,3.324060042472406e-06,-,-0.00031464206718831347,0.12611262203061205
44,3110.84178063117,,,mixed-phase C-H stretching,nu(O8-C9),bond,2.302243956859117e-06,-,-0.00017148152453192096,0.2940626988285609
44,3110.84178063117,,,mixed-phase C-H stretching,delta(N5-C6-H14),angle,2.0522252424667206e-06,-,-0.00018383691120653988,0.22807772116185696
44,3110.84178063117,,,mixed-phase C-H stretching,delta(N5-C6-C7),angle,1.7960447483573729e-06,+,0.00010789368663054255,0.5794932160067546
44,3110.84178063117,,,mixed-phase C-H stretching,delta(O3-C4-H13),angle,1.5005181220504795e-06,+,0.00014809890065780272,0.25695723134917164
44,3110.84178063117,,,mixed-phase C-H stretching,nu(C6-C7),bond,1.1992854254548434e-06,-,-0.00012432776539022047,0.29141343418307836
44,3110.84178063117,,,mixed-phase C-H stretching,nu(O3-C4),bond,1.0946601848397324e-06,-,-0.00010207022385746496,0.39464304780317283
44,3110.84178063117,,,mixed-phase C-H stretching,nu(C7-O8),bond,9.812014081036949e-07,+,0.00011334878162890749,0.2868452872636431
44,3110.84178063117,,,mixed-phase C-H stretching,"gamma(N5;C4,O3,H13)",oop,8.243903753649007e-07,-,-0.00010828368752071396,0.2640767143320028
44,3110.84178063117,,,mixed-phase C-H stretching,delta(O8-C9-H16),angle,5.868884066208449e-07,+,0.00010454742128508779,0.2016750387366806
44,3110.84178063117,,,mixed-phase C-H stretching,delta(O8-C7-H15),angle,2.2142746328222121e-07,-,-6.418878733301962e-05,0.20185355922397827
44,3110.84178063117,,,mixed-phase C-H stretching,nu(N5-C6),bond,8.302734270531164e-09,-,-9.989920228159584e-06,0.3124786623234075
44,3110.84178063117,,,mixed-phase C-H stretching,"gamma(C2;C9,O8,H16)",oop,8.492314540655749e-11,+,1.5863595142341735e-06,0.1267494562515593
44,3110.84178063117,,,mixed-phase C-H stretching,delta(O3-C4-N5),angle,7.83735854506426e-11,-,-5.557823634622096e-07,0.9529792878238377
45,3176.68404553811,,,mixed-phase ring-site C-H stretching,nu(C9-H16),bond,86.62982208450873,-,-0.970541269495813,0.3552900019598891
45,3176.68404553811,,,mixed-phase ring-site C-H stretching,nu(C7-H15),bond,12.31385311035,+,0.36429462825305936,0.3584528290766376
45,3176.68404553811,,,mixed-phase ring-site C-H stretching,delta(C2-C9-O8),angle,0.43472808744830016,-,-0.04214811109466534,0.9453770317224727
45,3176.68404553811,,,mixed-phase ring-site C-H stretching,nu(C2-C9),bond,0.2061363649213386,+,0.05265904271530343,0.2871787309625498
45,3176.68404553811,,,mixed-phase ring-site C-H stretching,nu(C7-C9),bond,0.12148736500391547,+,0.03481798536954323,0.38713943691768804
45,3176.68404553811,,,mixed-phase ring-site C-H stretching,nu(O8-C9),bond,0.09162051396857221,+,0.034693505314222786,0.2940626988285609
45,3176.68404553811,,,mixed-phase ring-site C-H stretching,delta(C6-C7-O8),angle,0.05031766429172532,+,0.014487211162667457,0.9261780218445965
45,3176.68404553811,,,mixed-phase ring-site C-H stretching,delta(O8-C9-H16),angle,0.04613785373332103,+,0.02972859664982808,0.2016750387366806
45,3176.68404553811,,,mixed-phase ring-site C-H stretching,nu(C6-C7),bond,0.029768626648046047,-,-0.01986535838310722,0.29141343418307836
45,3176.68404553811,,,mixed-phase ring-site C-H stretching,tau(H12-C1-C2-C9),dihedral,0.02572784072134717,-,-0.0106207047215321,0.8811305263997591
45,3176.68404553811,,,mixed-phase ring-site C-H stretching,tau(N5-C6-C7-C9),dihedral,0.015274754724962999,+,0.010447622750061194,0.5406084863476108
45,3176.68404553811,,,mixed-phase ring-site C-H stretching,nu(C1-H10),bond,0.010757187458642898,-,-0.011116889453314202,0.3362604123431611
45,3176.68404553811,,,mixed-phase ring-site C-H stretching,nu(C7-O8),bond,0.006889553310240938,-,-0.00963259857821311,0.2868452872636431
45,3176.68404553811,,,mixed-phase ring-site C-H stretching,delta(O8-C7-H15),angle,0.005828713268626525,-,-0.01056184839268885,0.20185355922397827
45,3176.68404553811,,,mixed-phase ring-site C-H stretching,nu(C6-H14),bond,0.003303109242535214,+,0.006147792347183899,0.33761997675065536
45,3176.68404553811,,,mixed-phase ring-site C-H stretching,tau(O3-C2-C6-C7),dihedral,0.0029517940173964708,-,-0.004279619134014266,0.6226147219080224
45,3176.68404553811,,,mixed-phase ring-site C-H stretching,nu(C4-H13),bond,0.0018616052138387897,+,0.0044459433675591515,0.3638340261674659
45,3176.68404553811,,,mixed-phase ring-site C-H stretching,"gamma(C2;C9,O8,H16)",oop,0.0007396524362791192,+,0.004748020471615054,0.1267494562515593
45,3176.68404553811,,,mixed-phase ring-site C-H stretching,delta(C2-C1-H12),angle,0.0006085815413797191,-,-0.001998384273371144,0.5887139782225514
45,3176.68404553811,,,mixed-phase ring-site C-H stretching,delta(C1-C2-O3),angle,0.0004977072016520145,+,0.0015053517357008536,0.8484798402288911
45,3176.68404553811,,,mixed-phase ring-site C-H stretching,tau(H11-C1-C2-C6),dihedral,0.00039096686822156417,-,-0.0013369698026323826,0.8449681468376289
45,3176.68404553811,,,mixed-phase ring-site C-H stretching,"gamma(C2;C6,N5,H14)",oop,0.0002692539874272556,+,0.0023285484549737455,0.19183823175155254
45,3176.68404553811,,,mixed-phase ring-site C-H stretching,delta(N5-C6-C7),angle,0.00021112121279528266,-,-0.0011863519464950594,0.5794932160067546
45,3176.68404553811,,,mixed-phase ring-site C-H stretching,nu(C1-H12),bond,0.0001519126493246392,-,-0.0013163477712854407,0.33868520952195924
45,3176.68404553811,,,mixed-phase ring-site C-H stretching,delta(H11-C1-H12),angle,0.00014677757707540017,+,0.0006193463914997194,1.4782097740250923
45,3176.68404553811,,,mixed-phase ring-site C-H stretching,nu(C2-O3),bond,0.00014657087621175834,-,-0.0013963903560096416,0.2903872748020396
45,3176.68404553811,,,mixed-phase ring-site C-H stretching,nu(C2-C6),bond,6.259965447055809e-05,+,0.0008723349374778454,0.31779640598064146
45,3176.68404553811,,,mixed-phase ring-site C-H stretching,delta(C2-C1-H11),angle,5.335322669969104e-05,-,-0.0005843373037948027,0.6036386561693722
45,3176.68404553811,,,mixed-phase ring-site C-H stretching,delta(C2-C1-H10),angle,5.2032965434440345e-05,+,0.0009631585449565051,0.2166838743068714
45,3176.68404553811,,,mixed-phase ring-site C-H stretching,nu(C1-H11),bond,4.734302893927796e-05,-,-0.0007375865376792069,0.33618137997364117
45,3176.68404553811,,,mixed-phase ring-site C-H stretching,nu(C1-C2),bond,4.253727209371928e-05,-,-0.0007498571442775507,0.29225109464701776
45,3176.68404553811,,,mixed-phase ring-site C-H stretching,tau(C1-C2-O3-C4),dihedral,2.958426354559164e-05,-,-0.0006312588759537607,0.28680673515252064
45,3176.68404553811,,,mixed-phase ring-site C-H stretching,tau(C2-O3-C4-H13),dihedral,2.762666910066852e-05,-,-0.0007051811601612608,0.21462025290396103
45,3176.68404553811,,,mixed-phase ring-site C-H stretching,tau(H10-C1-C2-O3),dihedral,2.732340080385331e-05,+,0.0007880381611396599,0.16997452388979203
45,3176.68404553811,,,mixed-phase ring-site C-H stretching,nu(N5-C6),bond,1.0077027917111413e-05,-,-0.00035296190657784686,0.3124786623234075
45,3176.68404553811,,,mixed-phase ring-site C-H stretching,nu(C4-N5),bond,8.260875727560745e-06,-,-0.0002108068977728926,0.718124978197118
45,3176.68404553811,,,mixed-phase ring-site C-H stretching,delta(O3-C4-N5),angle,5.964295286835697e-06,+,0.00015549256465702876,0.9529792878238377
45,3176.68404553811,,,mixed-phase ring-site C-H stretching,"gamma(C6;C7,O8,H15)",oop,2.004243388599555e-06,-,-0.0002477808516926023,0.12611262203061205
45,3176.68404553811,,,mixed-phase ring-site C-H stretching,nu(O3-C4),bond,1.1331721159588665e-06,-,-0.00010532161273198169,0.39464304780317283
45,3176.68404553811,,,mixed-phase ring-site C-H stretching,delta(O3-C4-H13),angle,9.584240865100067e-07,-,-0.00012003840797584171,0.25695723134917164
45,3176.68404553811,,,mixed-phase ring-site C-H stretching,delta(N5-C6-H14),angle,4.1399617118262995e-07,+,8.37391443567429e-05,0.22807772116185696
45,3176.68404553811,,,mixed-phase ring-site C-H stretching,"gamma(N5;C4,O3,H13)",oop,1.4302271233763848e-08,-,-1.4464693655507595e-05,0.2640767143320028
46,3196.5015799608427,,,ring-site C-H stretching,nu(C7-H15),bond,86.25866228684394,+,0.9695014558574695,0.3584528290766376
46,3196.5015799608427,,,ring-site C-H stretching,nu(C9-H16),bond,12.035858860198257,+,0.3637559973110482,0.3552900019598891
46,3196.5015799608427,,,ring-site C-H stretching,nu(C7-C9),bond,0.5760207143541799,-,-0.0762339558119944,0.38713943691768804
46,3196.5015799608427,,,ring-site C-H stretching,delta(C6-C7-O8),angle,0.41849996207405565,+,0.04201105504976899,0.9261780218445965
46,3196.5015799608427,,,ring-site C-H stretching,nu(C6-C7),bond,0.22018241597067914,-,-0.054324988657269056,0.29141343418307836
46,3196.5015799608427,,,ring-site C-H stretching,nu(C6-H14),bond,0.16641789213169658,+,0.0438782252242716,0.33761997675065536
46,3196.5015799608427,,,ring-site C-H stretching,nu(C7-O8),bond,0.10439604918304851,-,-0.037703466757727545,0.2868452872636431
46,3196.5015799608427,,,ring-site C-H stretching,delta(C2-C9-O8),angle,0.07205730611177832,+,0.017254389594305936,0.9453770317224727
46,3196.5015799608427,,,ring-site C-H stretching,delta(O8-C7-H15),angle,0.04407379212946875,-,-0.02920351425077838,0.20185355922397827
46,3196.5015799608427,,,ring-site C-H stretching,nu(C2-C9),bond,0.029263910382248858,-,-0.019950471104877094,0.2871787309625498
46,3196.5015799608427,,,ring-site C-H stretching,nu(O8-C9),bond,0.022796789301838375,-,-0.017401231536395428,0.2940626988285609
46,3196.5015799608427,,,ring-site C-H stretching,tau(O3-C2-C6-C7),dihedral,0.014839597462897378,-,-0.00964860394507239,0.6226147219080224
46,3196.5015799608427,,,ring-site C-H stretching,nu(C4-H13),bond,0.01349285707430814,-,-0.012035480019965373,0.3638340261674659
46,3196.5015799608427,,,ring-site C-H stretching,delta(O8-C9-H16),angle,0.006906368567528762,-,-0.011565433439851005,0.2016750387366806
46,3196.5015799608427,,,ring-site C-H stretching,tau(H12-C1-C2-C9),dihedral,0.004522074578509316,+,0.004477255193658151,0.8811305263997591
46,3196.5015799608427,,,ring-site C-H stretching,nu(C1-H10),bond,0.0030930251278782537,+,0.005994003137239633,0.3362604123431611
46,3196.5015799608427,,,ring-site C-H stretching,"gamma(C6;C7,O8,H15)",oop,0.0018702695287799742,+,0.007610898564667387,0.12611262203061205
46,3196.5015799608427,,,ring-site C-H stretching,delta(N5-C6-H14),angle,0.0011935052227779526,-,-0.004520993074596366,0.22807772116185696
46,3196.5015799608427,,,ring-site C-H stretching,delta(N5-C6-C7),angle,0.001131084534060852,-,-0.0027611275313789148,0.5794932160067546
46,3196.5015799608427,,,ring-site C-H stretching,nu(C2-C6),bond,0.0009596395322475799,-,-0.003434335245346887,0.31779640598064146
46,3196.5015799608427,,,ring-site C-H stretching,"gamma(C2;C9,O8,H16)",oop,0.0007893715308718923,-,-0.004932087690531142,0.1267494562515593
46,3196.5015799608427,,,ring-site C-H stretching,tau(N5-C6-C7-C9),dihedral,0.0006905998716159918,-,-0.0022337518726273805,0.5406084863476108
46,3196.5015799608427,,,ring-site C-H stretching,"gamma(C2;C6,N5,H14)",oop,0.0005993024674757345,+,0.003493160687759632,0.19183823175155254
46,3196.5015799608427,,,ring-site C-H stretching,nu(C1-H11),bond,0.0004847021802970834,+,0.0023730876066583154,0.33618137997364117
46,3196.5015799608427,,,ring-site C-H stretching,delta(C1-C2-O3),angle,0.0004025411067561253,-,-0.0013612800083691412,0.8484798402288911
46,3196.5015799608427,,,ring-site C-H stretching,delta(C2-C1-H12),angle,0.00017848326477609857,+,0.0010882024246687309,0.5887139782225514
46,3196.5015799608427,,,ring-site C-H stretching,nu(C2-O3),bond,0.00011280472153906154,+,0.0012317936495667614,0.2903872748020396
46,3196.5015799608427,,,ring-site C-H stretching,delta(C2-C1-H11),angle,0.00010593797363052046,+,0.0008279429670068174,0.6036386561693722
46,3196.5015799608427,,,ring-site C-H stretching,delta(O3-C4-N5),angle,8.497113320397838e-05,-,-0.0005901427642831167,0.9529792878238377
46,3196.5015799608427,,,ring-site C-H stretching,delta(H11-C1-H12),angle,6.911291592558569e-05,-,-0.00042734112197509645,1.4782097740250923
46,3196.5015799608427,,,ring-site C-H stretching,nu(N5-C6),bond,5.403891051847009e-05,+,0.0008218758537319314,0.3124786623234075
46,3196.5015799608427,,,ring-site C-H stretching,nu(C1-C2),bond,4.9522779434436336e-05,+,0.0008135561730411544,0.29225109464701776
46,3196.5015799608427,,,ring-site C-H stretching,nu(C4-N5),bond,3.547680854687432e-05,+,0.0004392738678571527,0.718124978197118
46,3196.5015799608427,,,ring-site C-H stretching,nu(O3-C4),bond,3.360703874449777e-05,+,0.0005767346009139785,0.39464304780317283
46,3196.5015799608427,,,ring-site C-H stretching,delta(C2-C1-H10),angle,3.053803524851037e-05,-,-0.0007419426934817283,0.2166838743068714
46,3196.5015799608427,,,ring-site C-H stretching,tau(H11-C1-C2-C6),dihedral,2.7424225790238388e-05,-,-0.00035604929618453246,0.8449681468376289
46,3196.5015799608427,,,ring-site C-H stretching,nu(C1-H12),bond,4.98045268756343e-06,-,-0.00023966212523185814,0.33868520952195924
46,3196.5015799608427,,,ring-site C-H stretching,"gamma(N5;C4,O3,H13)",oop,3.741513474766102e-06,+,0.00023524571164384124,0.2640767143320028
46,3196.5015799608427,,,ring-site C-H stretching,delta(O3-C4-H13),angle,2.200264109336764e-06,+,0.00018288163577716992,0.25695723134917164
46,3196.5015799608427,,,ring-site C-H stretching,tau(C2-O3-C4-H13),dihedral,2.0730076092224176e-06,+,0.00019423532176208848,0.21462025290396103
46,3196.5015799608427,,,ring-site C-H stretching,tau(C1-C2-O3-C4),dihedral,1.5356751608424736e-07,-,-4.573178145254607e-05,0.28680673515252064
46,3196.5015799608427,,,ring-site C-H stretching,tau(H10-C1-C2-O3),dihedral,1.5920042407500907e-08,+,1.9126843564237654e-05,0.16997452388979203
47,3215.913490744961,,,ring-site C-H stretching,nu(C4-H13),bond,98.37227871340461,-,-1.0363296603751682,0.3638340261674659
47,3215.913490744961,,,ring-site C-H stretching,delta(O3-C4-N5),angle,0.8427314566256865,-,-0.05926742928243467,0.9529792878238377
47,3215.913490744961,,,ring-site C-H stretching,nu(C4-N5),bond,0.5909576195467862,+,0.0571730512251049,0.718124978197118
47,3215.913490744961,,,ring-site C-H stretching,nu(O3-C4),bond,0.0986526413087955,+,0.03151122951655239,0.39464304780317283
47,3215.913490744961,,,ring-site C-H stretching,delta(O3-C4-H13),angle,0.06389596907734911,+,0.03142820135974069,0.25695723134917164
47,3215.913490744961,,,ring-site C-H stretching,nu(C6-H14),bond,0.016586314893684728,-,-0.013969282617239183,0.33761997675065536
47,3215.913490744961,,,ring-site C-H stretching,nu(C7-H15),bond,0.007583344155400707,-,-0.009167007682317145,0.3584528290766376
47,3215.913490744961,,,ring-site C-H stretching,nu(C9-H16),bond,0.006127306584781053,-,-0.008276686982641288,0.3552900019598891
47,3215.913490744961,,,ring-site C-H stretching,nu(C2-O3),bond,0.0002144021536435402,+,0.0017125332000609977,0.2903872748020396
47,3215.913490744961,,,ring-site C-H stretching,tau(N5-C6-C7-C9),dihedral,0.00014704499841003828,+,0.0010394339976090873,0.5406084863476108
47,3215.913490744961,,,ring-site C-H stretching,nu(C1-H10),bond,0.00012945456517425775,-,-0.001236613641470247,0.3362604123431611
47,3215.913490744961,,,ring-site C-H stretching,nu(C2-C6),bond,0.00010924016344762118,+,0.0011685031794325966,0.31779640598064146
47,3215.913490744961,,,ring-site C-H stretching,nu(C7-C9),bond,9.90456486522081e-05,+,0.0010080851371838532,0.38713943691768804
47,3215.913490744961,,,ring-site C-H stretching,delta(N5-C6-C7),angle,8.262913569340504e-05,-,-0.000752585151462475,0.5794932160067546
47,3215.913490744961,,,ring-site C-H stretching,delta(N5-C6-H14),angle,8.18039637369254e-05,-,-0.0011936004110908068,0.22807772116185696
47,3215.913490744961,,,ring-site C-H stretching,nu(C1-C2),bond,7.86308694835308e-05,-,-0.0010337884703014628,0.29225109464701776
47,3215.913490744961,,,ring-site C-H stretching,tau(O3-C2-C6-C7),dihedral,4.427980999837059e-05,-,-0.0005315038320695629,0.6226147219080224
47,3215.913490744961,,,ring-site C-H stretching,delta(C2-C1-H12),angle,3.5752708700924496e-05,+,0.0004911515510337747,0.5887139782225514
47,3215.913490744961,,,ring-site C-H stretching,delta(C6-C7-O8),angle,2.7311549950837697e-05,+,0.0003422466112502306,0.9261780218445965
47,3215.913490744961,,,ring-site C-H stretching,tau(H12-C1-C2-C9),dihedral,2.45224722313923e-05,-,-0.0003324874219024017,0.8811305263997591
47,3215.913490744961,,,ring-site C-H stretching,delta(C2-C1-H10),angle,1.3725769225808926e-05,-,-0.0005016124056849364,0.2166838743068714
47,3215.913490744961,,,ring-site C-H stretching,nu(C7-O8),bond,1.1242777858463646e-05,+,0.000394571918806597,0.2868452872636431
47,3215.913490744961,,,ring-site C-H stretching,delta(C1-C2-O3),angle,1.077554728414683e-05,-,-0.00022460122621166236,0.8484798402288911
47,3215.913490744961,,,ring-site C-H stretching,nu(N5-C6),bond,9.697132011483004e-06,+,0.00035109503587541283,0.3124786623234075
47,3215.913490744961,,,ring-site C-H stretching,nu(C2-C9),bond,9.409988170354326e-06,-,-0.0003607710008178877,0.2871787309625498
47,3215.913490744961,,,ring-site C-H stretching,tau(C1-C2-O3-C4),dihedral,7.626130252656372e-06,-,-0.00032499049168952513,0.28680673515252064
47,3215.913490744961,,,ring-site C-H stretching,nu(O8-C9),bond,7.323638492631069e-06,+,0.000314526106173746,0.2940626988285609
47,3215.913490744961,,,ring-site C-H stretching,delta(O8-C9-H16),angle,7.055786984843415e-06,+,0.0003727862406735917,0.2016750387366806
47,3215.913490744961,,,ring-site C-H stretching,"gamma(N5;C4,O3,H13)",oop,6.959247903847108e-06,-,-0.0003235409960825581,0.2640767143320028
47,3215.913490744961,,,ring-site C-H stretching,delta(C2-C9-O8),angle,6.050746686719766e-06,+,0.00015944656991017807,0.9453770317224727
47,3215.913490744961,,,ring-site C-H stretching,delta(O8-C7-H15),angle,4.910855773647181e-06,+,0.0003108662701623945,0.20185355922397827
47,3215.913490744961,,,ring-site C-H stretching,"gamma(C6;C7,O8,H15)",oop,4.87134305931382e-06,-,-0.00039170426339698867,0.12611262203061205
47,3215.913490744961,,,ring-site C-H stretching,tau(H11-C1-C2-C6),dihedral,3.790007455493392e-06,+,0.0001334790422765542,0.8449681468376289
47,3215.913490744961,,,ring-site C-H stretching,tau(H10-C1-C2-O3),dihedral,3.05428680071545e-06,-,-0.0002671629371983816,0.16997452388979203
47,3215.913490744961,,,ring-site C-H stretching,"gamma(C2;C9,O8,H16)",oop,2.2347110113267673e-06,+,0.000264637174200426,0.1267494562515593
47,3215.913490744961,,,ring-site C-H stretching,delta(C2-C1-H11),angle,9.951740564980218e-07,-,-8.092341829080558e-05,0.6036386561693722
47,3215.913490744961,,,ring-site C-H stretching,"gamma(C2;C6,N5,H14)",oop,8.379606687066062e-07,-,-0.0001317217386324848,0.19183823175155254
47,3215.913490744961,,,ring-site C-H stretching,delta(H11-C1-H12),angle,6.827673492286242e-07,-,-4.2833302066804697e-05,1.4782097740250923
47,3215.913490744961,,,ring-site C-H stretching,nu(C1-H12),bond,6.115259584353479e-07,+,8.468813156059728e-05,0.33868520952195924
47,3215.913490744961,,,ring-site C-H stretching,nu(C1-H11),bond,5.01615866425342e-07,+,7.698604748210866e-05,0.33618137997364117
47,3215.913490744961,,,ring-site C-H stretching,nu(C6-C7),bond,1.2593748991499164e-07,-,-4.143200501191826e-05,0.29141343418307836
47,3215.913490744961,,,ring-site C-H stretching,tau(C2-O3-C4-H13),dihedral,3.341341498546761e-08,-,-2.486785346505494e-05,0.21462025290396103
