mode,harmonic_frequency_cm-1,vpt2_fundamental_cm-1,harmonic_intensity_km_mol,assignment,internal_coordinate,type,percent,phase,D_value,F_diagonal
6,89.2560883103708,,,cyclic-ring torsional/out-of-plane deformation,tau(N5-C6-C7-C9),dihedral,33.506095870481445,+,0.06459958785840285,1.1082114958962508
6,89.2560883103708,,,cyclic-ring torsional/out-of-plane deformation,tau(C6-C7-C9-C2),dihedral,29.703795858176836,-,-0.07022213040587938,0.8314234474219374
6,89.2560883103708,,,cyclic-ring torsional/out-of-plane deformation,tau(H16-C6-C7-C9),dihedral,9.417739054753277,+,0.07224125547977367,0.2490774446775072
6,89.2560883103708,,,cyclic-ring torsional/out-of-plane deformation,tau(C6-C7-C9-H17),dihedral,6.692418017992632,-,-0.07090545641481759,0.18373084169576953
6,89.2560883103708,,,cyclic-ring torsional/out-of-plane deformation,tau(C3-C6-C7-O8),dihedral,5.823436383927873,+,0.10823837617864837,0.06860805660810879
6,89.2560883103708,,,cyclic-ring torsional/out-of-plane deformation,tau(C4-C3-C6-C7),dihedral,5.745552065201191,-,-0.02424262922365113,1.3493687390108424
6,89.2560883103708,,,cyclic-ring torsional/out-of-plane deformation,tau(C2-C3-C4-H13),dihedral,2.1859805278623123,+,0.03609479681890433,0.23158765474680962
6,89.2560883103708,,,cyclic-ring torsional/out-of-plane deformation,delta(C3-C6-C7),angle,1.8943327847736615,-,-0.011364642079088862,2.0244314202912057
6,89.2560883103708,,,cyclic-ring torsional/out-of-plane deformation,delta(C2-C3-C4),angle,1.713456609778772,+,0.015341774562435479,1.004801410940264
6,89.2560883103708,,,cyclic-ring torsional/out-of-plane deformation,delta(C2-C9-C7),angle,1.6370935077105944,-,-0.012768949344596586,1.385866754545155
6,89.2560883103708,,,cyclic-ring torsional/out-of-plane deformation,delta(N5-C6-C7),angle,0.4678166667905375,-,-0.0075104512139908515,1.1447270624227694
6,89.2560883103708,,,cyclic-ring torsional/out-of-plane deformation,tau(H13-C4-N5-C6),dihedral,0.44565179381392783,-,-0.017131362758012348,0.20958980556226944
6,89.2560883103708,,,cyclic-ring torsional/out-of-plane deformation,tau(H15-N5-C6-H16),dihedral,0.27092055466013165,+,0.017436226041299338,0.12299721945055526
6,89.2560883103708,,,cyclic-ring torsional/out-of-plane deformation,tau(H12-C1-C2-C9),dihedral,0.11849876474812357,-,-0.009997147481175556,0.16365148246706415
6,89.2560883103708,,,cyclic-ring torsional/out-of-plane deformation,nu(N5-C6),bond,0.05678918688860211,-,-0.005226706487128635,0.2869245732116675
6,89.2560883103708,,,cyclic-ring torsional/out-of-plane deformation,delta(C6-C7-O8),angle,0.041981306143874755,+,0.003818874220524528,0.3973228627278992
6,89.2560883103708,,,cyclic-ring torsional/out-of-plane deformation,tau(H10-C1-C2-C3),dihedral,0.04173435751740986,-,-0.005971186036156889,0.16155888472585178
6,89.2560883103708,,,cyclic-ring torsional/out-of-plane deformation,delta(C7-C6-H16),angle,0.039697403401141404,+,0.004416227105826802,0.28094261542051463
6,89.2560883103708,,,cyclic-ring torsional/out-of-plane deformation,"gamma(C2;C9,H17,H18)",oop,0.03639542004648173,+,0.00437242907654307,0.2627601537123469
6,89.2560883103708,,,cyclic-ring torsional/out-of-plane deformation,delta(H17-C9-H18),angle,0.03483355848504523,+,0.004948261521744059,0.19635902741953512
6,89.2560883103708,,,cyclic-ring torsional/out-of-plane deformation,"gamma(C3;C4,H13,H14)",oop,0.033329532811968446,-,-0.0035845441683449767,0.3580302094181095
6,89.2560883103708,,,cyclic-ring torsional/out-of-plane deformation,tau(C1-C2-C3-C6),dihedral,0.01358404799572495,-,-0.0026151781240160753,0.2741479334959476
6,89.2560883103708,,,cyclic-ring torsional/out-of-plane deformation,nu(C2-C9),bond,0.010650642438845604,+,0.0020886614001640862,0.33697527931198995
6,89.2560883103708,,,cyclic-ring torsional/out-of-plane deformation,delta(C7-C9-H17),angle,0.010597950828769392,+,0.0021925141080882233,0.30429542690694594
6,89.2560883103708,,,cyclic-ring torsional/out-of-plane deformation,nu(C7-O8),bond,0.010481775487954545,-,-0.001289399935456425,0.870197604715786
6,89.2560883103708,,,cyclic-ring torsional/out-of-plane deformation,delta(C6-N5-H15),angle,0.010379085833214601,+,0.0029074061350601583,0.16947514613136253
6,89.2560883103708,,,cyclic-ring torsional/out-of-plane deformation,nu(C4-N5),bond,0.009048120688172824,-,-0.0017990590446090298,0.3858565433334769
6,89.2560883103708,,,cyclic-ring torsional/out-of-plane deformation,nu(C7-C9),bond,0.00800826241195302,+,0.0019727045481088786,0.284035433913249
6,89.2560883103708,,,cyclic-ring torsional/out-of-plane deformation,nu(C9-H17),bond,0.0037999816354232045,-,-0.0012552931187709442,0.3328507348586602
6,89.2560883103708,,,cyclic-ring torsional/out-of-plane deformation,delta(H13-C4-H14),angle,0.003712341456224961,-,-0.00121709117242854,0.34590752413408615
6,89.2560883103708,,,cyclic-ring torsional/out-of-plane deformation,delta(N5-C4-H14),angle,0.0032915307948382963,-,-0.000906987271709549,0.5522730570457748
6,89.2560883103708,,,cyclic-ring torsional/out-of-plane deformation,delta(C2-C1-H10),angle,0.0019467588383506478,+,0.000859375668000995,0.36383491014983216
6,89.2560883103708,,,cyclic-ring torsional/out-of-plane deformation,nu(C2-C3),bond,0.0019420574979526852,+,0.0006601165445134196,0.6151473637723944
6,89.2560883103708,,,cyclic-ring torsional/out-of-plane deformation,nu(N5-H15),bond,0.0014299670749138372,-,-0.000671474383469698,0.4377492979794155
6,89.2560883103708,,,cyclic-ring torsional/out-of-plane deformation,nu(C3-C4),bond,0.0012267521651553388,+,0.000745741770256688,0.30446558741359786
6,89.2560883103708,,,cyclic-ring torsional/out-of-plane deformation,delta(C1-C2-C9),angle,0.0007645500028151871,-,-0.0005877319083623433,0.30549610246436376
6,89.2560883103708,,,cyclic-ring torsional/out-of-plane deformation,delta(C2-C1-H12),angle,0.0007351344098640436,+,0.0005139045640297101,0.38420244179789187
6,89.2560883103708,,,cyclic-ring torsional/out-of-plane deformation,nu(C1-C2),bond,0.00031618247615093436,-,-0.00037863614153593376,0.30440514126911583
6,89.2560883103708,,,cyclic-ring torsional/out-of-plane deformation,nu(C4-H14),bond,0.00016921161673912776,+,0.0002644953586458987,0.33385077033221655
6,89.2560883103708,,,cyclic-ring torsional/out-of-plane deformation,"gamma(H12;C1,H10,H11)",oop,0.00016863672744798315,-,-0.0002816266160241182,0.29346958015132085
6,89.2560883103708,,,cyclic-ring torsional/out-of-plane deformation,nu(C6-C7),bond,0.00010214688922961768,-,-0.0002325923558832109,0.26061090755461674
6,89.2560883103708,,,cyclic-ring torsional/out-of-plane deformation,nu(C6-H16),bond,6.756398616611046e-05,+,0.0001717005054947159,0.316322755718694
6,89.2560883103708,,,cyclic-ring torsional/out-of-plane deformation,nu(C1-H11),bond,1.3385075385955028e-05,-,-7.496209611847244e-05,0.32877266060693383
6,89.2560883103708,,,cyclic-ring torsional/out-of-plane deformation,nu(C9-H18),bond,8.536713018935079e-06,+,6.0338845212390674e-05,0.32363464909074685
6,89.2560883103708,,,cyclic-ring torsional/out-of-plane deformation,nu(C1-H12),bond,3.472615071275686e-06,+,3.764389465068322e-05,0.33824070099731823
6,89.2560883103708,,,cyclic-ring torsional/out-of-plane deformation,delta(H10-C1-H11),angle,2.1253756350730323e-06,+,3.839744395285011e-05,0.19897081823552717
6,89.2560883103708,,,cyclic-ring torsional/out-of-plane deformation,nu(C1-H10),bond,5.250367431883864e-07,-,-1.484910387508091e-05,0.32866051035710836
6,89.2560883103708,,,cyclic-ring torsional/out-of-plane deformation,nu(C4-H13),bond,2.796241140233796e-08,-,-3.4636054566339598e-06,0.321718554953058
7,143.33952466055675,,,mixed cyclic-ring torsional/out-of-plane deformation / C-C torsion / cyclic-ring deformation (C-C-C bend),tau(C1-C2-C3-C6),dihedral,23.278511957842426,-,-0.10481266085439896,0.2741479334959476
7,143.33952466055675,,,mixed cyclic-ring torsional/out-of-plane deformation / C-C torsion / cyclic-ring deformation (C-C-C bend),tau(H10-C1-C2-C3),dihedral,21.158542296970563,+,0.1301685526222566,0.16155888472585178
7,143.33952466055675,,,mixed cyclic-ring torsional/out-of-plane deformation / C-C torsion / cyclic-ring deformation (C-C-C bend),delta(C2-C3-C4),angle,16.055608618718008,-,-0.04546758584839434,1.004801410940264
7,143.33952466055675,,,mixed cyclic-ring torsional/out-of-plane deformation / C-C torsion / cyclic-ring deformation (C-C-C bend),tau(N5-C6-C7-C9),dihedral,12.21797308553934,-,-0.03776738223457832,1.1082114958962508
7,143.33952466055675,,,mixed cyclic-ring torsional/out-of-plane deformation / C-C torsion / cyclic-ring deformation (C-C-C bend),tau(C2-C3-C4-H13),dihedral,9.053143291054578,-,-0.07111654048436354,0.23158765474680962
7,143.33952466055675,,,mixed cyclic-ring torsional/out-of-plane deformation / C-C torsion / cyclic-ring deformation (C-C-C bend),tau(H12-C1-C2-C9),dihedral,4.867595772739885,+,0.06203344609195327,0.16365148246706415
7,143.33952466055675,,,mixed cyclic-ring torsional/out-of-plane deformation / C-C torsion / cyclic-ring deformation (C-C-C bend),delta(N5-C6-C7),angle,4.672112576270763,-,-0.022979168061129845,1.1447270624227694
7,143.33952466055675,,,mixed cyclic-ring torsional/out-of-plane deformation / C-C torsion / cyclic-ring deformation (C-C-C bend),tau(H16-C6-C7-C9),dihedral,4.333462592623996,-,-0.047443743831344615,0.2490774446775072
7,143.33952466055675,,,mixed cyclic-ring torsional/out-of-plane deformation / C-C torsion / cyclic-ring deformation (C-C-C bend),tau(C4-C3-C6-C7),dihedral,2.4345239295950822,-,-0.015278134488233359,1.3493687390108424
7,143.33952466055675,,,mixed cyclic-ring torsional/out-of-plane deformation / C-C torsion / cyclic-ring deformation (C-C-C bend),delta(C2-C9-C7),angle,0.5057303907526833,-,-0.006871118127892419,1.385866754545155
7,143.33952466055675,,,mixed cyclic-ring torsional/out-of-plane deformation / C-C torsion / cyclic-ring deformation (C-C-C bend),delta(C7-C6-H16),angle,0.2873826076923922,+,0.011504031365505879,0.28094261542051463
7,143.33952466055675,,,mixed cyclic-ring torsional/out-of-plane deformation / C-C torsion / cyclic-ring deformation (C-C-C bend),delta(C2-C1-H10),angle,0.2862086464625825,+,0.010088296043896515,0.36383491014983216
7,143.33952466055675,,,mixed cyclic-ring torsional/out-of-plane deformation / C-C torsion / cyclic-ring deformation (C-C-C bend),tau(H13-C4-N5-C6),dihedral,0.23007141394294858,+,0.011917217905960837,0.20958980556226944
7,143.33952466055675,,,mixed cyclic-ring torsional/out-of-plane deformation / C-C torsion / cyclic-ring deformation (C-C-C bend),tau(C6-C7-C9-C2),dihedral,0.15456185835873984,-,-0.004904205481771795,0.8314234474219374
7,143.33952466055675,,,mixed cyclic-ring torsional/out-of-plane deformation / C-C torsion / cyclic-ring deformation (C-C-C bend),delta(C6-C7-O8),angle,0.06984301803689387,-,-0.004768901452429704,0.3973228627278992
7,143.33952466055675,,,mixed cyclic-ring torsional/out-of-plane deformation / C-C torsion / cyclic-ring deformation (C-C-C bend),tau(C6-C7-C9-H17),dihedral,0.06101099860483726,-,-0.006554531598877739,0.18373084169576953
7,143.33952466055675,,,mixed cyclic-ring torsional/out-of-plane deformation / C-C torsion / cyclic-ring deformation (C-C-C bend),nu(C3-C4),bond,0.0478268548792704,-,-0.004508119625046088,0.30446558741359786
7,143.33952466055675,,,mixed cyclic-ring torsional/out-of-plane deformation / C-C torsion / cyclic-ring deformation (C-C-C bend),"gamma(C3;C4,H13,H14)",oop,0.045565195741220955,+,0.004057751163653929,0.3580302094181095
7,143.33952466055675,,,mixed cyclic-ring torsional/out-of-plane deformation / C-C torsion / cyclic-ring deformation (C-C-C bend),tau(H15-N5-C6-H16),dihedral,0.04087497940557487,+,0.006557068999106881,0.12299721945055526
7,143.33952466055675,,,mixed cyclic-ring torsional/out-of-plane deformation / C-C torsion / cyclic-ring deformation (C-C-C bend),nu(N5-C6),bond,0.033228788922080345,+,0.003870811400028122,0.2869245732116675
7,143.33952466055675,,,mixed cyclic-ring torsional/out-of-plane deformation / C-C torsion / cyclic-ring deformation (C-C-C bend),"gamma(C2;C9,H17,H18)",oop,0.02906652953131435,+,0.003783079466522597,0.2627601537123469
7,143.33952466055675,,,mixed cyclic-ring torsional/out-of-plane deformation / C-C torsion / cyclic-ring deformation (C-C-C bend),tau(C3-C6-C7-O8),dihedral,0.02764173671971953,-,-0.007219776131534811,0.06860805660810879
7,143.33952466055675,,,mixed cyclic-ring torsional/out-of-plane deformation / C-C torsion / cyclic-ring deformation (C-C-C bend),nu(C2-C9),bond,0.024089730757762245,-,-0.0030412041829250528,0.33697527931198995
7,143.33952466055675,,,mixed cyclic-ring torsional/out-of-plane deformation / C-C torsion / cyclic-ring deformation (C-C-C bend),nu(C6-C7),bond,0.01932025233259964,+,0.003096982347286485,0.26061090755461674
7,143.33952466055675,,,mixed cyclic-ring torsional/out-of-plane deformation / C-C torsion / cyclic-ring deformation (C-C-C bend),delta(N5-C4-H14),angle,0.015772498510419546,+,0.001922214931239214,0.5522730570457748
7,143.33952466055675,,,mixed cyclic-ring torsional/out-of-plane deformation / C-C torsion / cyclic-ring deformation (C-C-C bend),delta(C1-C2-C9),angle,0.00799939929567796,+,0.001840579064556066,0.30549610246436376
7,143.33952466055675,,,mixed cyclic-ring torsional/out-of-plane deformation / C-C torsion / cyclic-ring deformation (C-C-C bend),nu(C6-H16),bond,0.007865227748036432,-,-0.0017935730131778819,0.316322755718694
7,143.33952466055675,,,mixed cyclic-ring torsional/out-of-plane deformation / C-C torsion / cyclic-ring deformation (C-C-C bend),delta(C2-C1-H12),angle,0.007284946031506634,-,-0.001566252351866952,0.38420244179789187
7,143.33952466055675,,,mixed cyclic-ring torsional/out-of-plane deformation / C-C torsion / cyclic-ring deformation (C-C-C bend),delta(H17-C9-H18),angle,0.004895796991032062,+,0.0017960353961379212,0.19635902741953512
7,143.33952466055675,,,mixed cyclic-ring torsional/out-of-plane deformation / C-C torsion / cyclic-ring deformation (C-C-C bend),nu(C7-C9),bond,0.004734256655850898,-,-0.0014684807745953068,0.284035433913249
7,143.33952466055675,,,mixed cyclic-ring torsional/out-of-plane deformation / C-C torsion / cyclic-ring deformation (C-C-C bend),nu(C1-H11),bond,0.0038818910426383223,+,0.0012359544049689577,0.32877266060693383
7,143.33952466055675,,,mixed cyclic-ring torsional/out-of-plane deformation / C-C torsion / cyclic-ring deformation (C-C-C bend),nu(C1-H10),bond,0.0026214404802708388,-,-0.001015838960226894,0.32866051035710836
7,143.33952466055675,,,mixed cyclic-ring torsional/out-of-plane deformation / C-C torsion / cyclic-ring deformation (C-C-C bend),delta(H13-C4-H14),angle,0.00241091267037845,+,0.0009495970622168395,0.34590752413408615
7,143.33952466055675,,,mixed cyclic-ring torsional/out-of-plane deformation / C-C torsion / cyclic-ring deformation (C-C-C bend),delta(C6-N5-H15),angle,0.0017546897075049273,-,-0.001157379492552645,0.16947514613136253
7,143.33952466055675,,,mixed cyclic-ring torsional/out-of-plane deformation / C-C torsion / cyclic-ring deformation (C-C-C bend),delta(C7-C9-H17),angle,0.0017062987567098655,+,0.0008517427615485888,0.30429542690694594
7,143.33952466055675,,,mixed cyclic-ring torsional/out-of-plane deformation / C-C torsion / cyclic-ring deformation (C-C-C bend),nu(N5-H15),bond,0.0010152331101863348,+,0.0005477706825867008,0.4377492979794155
7,143.33952466055675,,,mixed cyclic-ring torsional/out-of-plane deformation / C-C torsion / cyclic-ring deformation (C-C-C bend),nu(C9-H17),bond,0.001005561702406722,-,-0.0006251845390987601,0.3328507348586602
7,143.33952466055675,,,mixed cyclic-ring torsional/out-of-plane deformation / C-C torsion / cyclic-ring deformation (C-C-C bend),nu(C1-C2),bond,0.0008327592696767662,-,-0.0005949252110145795,0.30440514126911583
7,143.33952466055675,,,mixed cyclic-ring torsional/out-of-plane deformation / C-C torsion / cyclic-ring deformation (C-C-C bend),nu(C9-H18),bond,0.0005699518153095026,-,-0.0004773316060444804,0.32363464909074685
7,143.33952466055675,,,mixed cyclic-ring torsional/out-of-plane deformation / C-C torsion / cyclic-ring deformation (C-C-C bend),nu(C1-H12),bond,0.00046963468678894014,-,-0.00042383398472181253,0.33824070099731823
7,143.33952466055675,,,mixed cyclic-ring torsional/out-of-plane deformation / C-C torsion / cyclic-ring deformation (C-C-C bend),nu(C2-C3),bond,0.00034647326558306615,-,-0.000269944142519032,0.6151473637723944
7,143.33952466055675,,,mixed cyclic-ring torsional/out-of-plane deformation / C-C torsion / cyclic-ring deformation (C-C-C bend),delta(C3-C6-C7),angle,0.0003154871631420691,-,-0.00014199332825908626,2.0244314202912057
7,143.33952466055675,,,mixed cyclic-ring torsional/out-of-plane deformation / C-C torsion / cyclic-ring deformation (C-C-C bend),nu(C7-O8),bond,0.00019021713037043554,-,-0.00016816844101481682,0.870197604715786
7,143.33952466055675,,,mixed cyclic-ring torsional/out-of-plane deformation / C-C torsion / cyclic-ring deformation (C-C-C bend),"gamma(H12;C1,H10,H11)",oop,0.00018666699853300137,-,-0.00028686717323113175,0.29346958015132085
7,143.33952466055675,,,mixed cyclic-ring torsional/out-of-plane deformation / C-C torsion / cyclic-ring deformation (C-C-C bend),nu(C4-N5),bond,0.00017835100987704738,+,0.0002445420107037423,0.3858565433334769
7,143.33952466055675,,,mixed cyclic-ring torsional/out-of-plane deformation / C-C torsion / cyclic-ring deformation (C-C-C bend),nu(C4-H13),bond,5.3157374269825506e-05,-,-0.00014620840276826754,0.321718554953058
7,143.33952466055675,,,mixed cyclic-ring torsional/out-of-plane deformation / C-C torsion / cyclic-ring deformation (C-C-C bend),delta(H10-C1-H11),angle,8.565899569204297e-06,+,7.463119974529555e-05,0.19897081823552717
7,143.33952466055675,,,mixed cyclic-ring torsional/out-of-plane deformation / C-C torsion / cyclic-ring deformation (C-C-C bend),nu(C4-H14),bond,3.4591889843932483e-06,+,3.6613359543606296e-05,0.33385077033221655
8,170.18865763061126,,,C-C torsion,tau(H10-C1-C2-C3),dihedral,46.91575911943322,-,-0.2843473518462964,0.16155888472585178
8,170.18865763061126,,,C-C torsion,tau(H12-C1-C2-C9),dihedral,46.351236609258194,-,-0.2808186376034168,0.16365148246706415
8,170.18865763061126,,,C-C torsion,tau(N5-C6-C7-C9),dihedral,1.9220893779557278,-,-0.021975091961219245,1.1082114958962508
8,170.18865763061126,,,C-C torsion,delta(C2-C3-C4),angle,1.9110232367486302,-,-0.023011668184377533,1.004801410940264
8,170.18865763061126,,,C-C torsion,tau(C1-C2-C3-C6),dihedral,0.822538801224744,-,-0.028902868433423008,0.2741479334959476
8,170.18865763061126,,,C-C torsion,tau(C2-C3-C4-H13),dihedral,0.7092472489437409,-,-0.0292009085986538,0.23158765474680962
8,170.18865763061126,,,C-C torsion,tau(H16-C6-C7-C9),dihedral,0.605355089731937,-,-0.02601316140575028,0.2490774446775072
8,170.18865763061126,,,C-C torsion,delta(C1-C2-C9),angle,0.2253070275292347,+,0.014329788133161788,0.30549610246436376
8,170.18865763061126,,,C-C torsion,delta(N5-C6-C7),angle,0.19350025741029206,-,-0.006860330456628728,1.1447270624227694
8,170.18865763061126,,,C-C torsion,delta(C2-C9-C7),angle,0.05770725358182994,-,-0.0034049418695656845,1.385866754545155
8,170.18865763061126,,,C-C torsion,tau(C3-C6-C7-O8),dihedral,0.04609406982634204,-,-0.013676979821227345,0.06860805660810879
8,170.18865763061126,,,C-C torsion,tau(H13-C4-N5-C6),dihedral,0.03503133356576265,+,0.006821792340267896,0.20958980556226944
8,170.18865763061126,,,C-C torsion,nu(C3-C4),bond,0.030508225862935574,-,-0.0052819539099060765,0.30446558741359786
8,170.18865763061126,,,C-C torsion,delta(C2-C1-H12),angle,0.028246460031464794,-,-0.0045243603833980085,0.38420244179789187
8,170.18865763061126,,,C-C torsion,tau(C4-C3-C6-C7),dihedral,0.0274263618568527,-,-0.002378888111156505,1.3493687390108424
8,170.18865763061126,,,C-C torsion,"gamma(C2;C9,H17,H18)",oop,0.021064717349144634,+,0.004724472242216545,0.2627601537123469
8,170.18865763061126,,,C-C torsion,delta(C2-C1-H10),angle,0.014923506352173481,+,0.0033793913721477855,0.36383491014983216
8,170.18865763061126,,,C-C torsion,delta(C6-C7-O8),angle,0.012621768215973581,-,-0.0029740177735572988,0.3973228627278992
8,170.18865763061126,,,C-C torsion,delta(C7-C6-H16),angle,0.010207264777400683,+,0.0031805418688038,0.28094261542051463
8,170.18865763061126,,,C-C torsion,nu(N5-C6),bond,0.009622500530079995,+,0.003055732526335157,0.2869245732116675
8,170.18865763061126,,,C-C torsion,nu(C1-H11),bond,0.008050619803913493,-,-0.002611091240602914,0.32877266060693383
8,170.18865763061126,,,C-C torsion,delta(N5-C4-H14),angle,0.007427343159112077,+,0.0019350627549831467,0.5522730570457748
8,170.18865763061126,,,C-C torsion,nu(C6-C7),bond,0.005527651711999063,+,0.002430128722525579,0.26061090755461674
8,170.18865763061126,,,C-C torsion,nu(C7-C9),bond,0.005432113242237843,+,0.002307562026895394,0.284035433913249
8,170.18865763061126,,,C-C torsion,"gamma(H12;C1,H10,H11)",oop,0.003809913876875225,+,0.0019012151713518996,0.29346958015132085
8,170.18865763061126,,,C-C torsion,tau(H15-N5-C6-H16),dihedral,0.0035857659394232266,+,0.002849040082754711,0.12299721945055526
8,170.18865763061126,,,C-C torsion,nu(C1-H12),bond,0.003218735717199002,+,0.0016277397307159615,0.33824070099731823
8,170.18865763061126,,,C-C torsion,tau(C6-C7-C9-C2),dihedral,0.002986071657801045,+,0.0009999866818788572,0.8314234474219374
8,170.18865763061126,,,C-C torsion,"gamma(C3;C4,H13,H14)",oop,0.001943691609472012,+,0.00122944493186482,0.3580302094181095
8,170.18865763061126,,,C-C torsion,tau(C6-C7-C9-H17),dihedral,0.0018529952882058239,+,0.0016757196506012467,0.18373084169576953
8,170.18865763061126,,,C-C torsion,nu(C1-H10),bond,0.0017936764108668459,+,0.001232689006967637,0.32866051035710836
8,170.18865763061126,,,C-C torsion,delta(H10-C1-H11),angle,0.0012408566796653733,+,0.0013177145937929985,0.19897081823552717
8,170.18865763061126,,,C-C torsion,nu(C6-H16),bond,0.0007795682483562521,-,-0.0008283561303461782,0.316322755718694
8,170.18865763061126,,,C-C torsion,nu(C2-C3),bond,0.0006035238023068918,-,-0.0005226522870736823,0.6151473637723944
8,170.18865763061126,,,C-C torsion,delta(C3-C6-C7),angle,0.0003750485040316244,-,-0.00022711583828167694,2.0244314202912057
8,170.18865763061126,,,C-C torsion,delta(C6-N5-H15),angle,0.00032794179776906554,-,-0.0007340076991770323,0.16947514613136253
8,170.18865763061126,,,C-C torsion,nu(C9-H17),bond,0.0002728407720789034,-,-0.0004777328574605237,0.3328507348586602
8,170.18865763061126,,,C-C torsion,nu(C2-C9),bond,0.00023078858004794094,-,-0.000436680072660419,0.33697527931198995
8,170.18865763061126,,,C-C torsion,delta(H17-C9-H18),angle,0.00023065172997966437,+,0.0005718842806933143,0.19635902741953512
8,170.18865763061126,,,C-C torsion,nu(N5-H15),bond,0.000186292820199554,+,0.0003442235402118809,0.4377492979794155
8,170.18865763061126,,,C-C torsion,nu(C4-H14),bond,0.00015457064365389237,+,0.0003590397672289878,0.33385077033221655
8,170.18865763061126,,,C-C torsion,nu(C1-C2),bond,0.00014079821948637618,-,-0.00035886229245107057,0.30440514126911583
8,170.18865763061126,,,C-C torsion,nu(C7-O8),bond,0.00013314435407126005,-,-0.0002063990400593061,0.870197604715786
8,170.18865763061126,,,C-C torsion,nu(C4-N5),bond,0.0001143788568705673,+,0.0002872864736461024,0.3858565433334769
8,170.18865763061126,,,C-C torsion,nu(C9-H18),bond,5.20299144042354e-05,-,-0.00021157009790116188,0.32363464909074685
8,170.18865763061126,,,C-C torsion,delta(C7-C9-H17),angle,1.1813149186313375e-05,+,0.00010396576865870838,0.30429542690694594
8,170.18865763061126,,,C-C torsion,nu(C4-H13),bond,4.663591597678875e-06,-,-6.352979270215741e-05,0.321718554953058
8,170.18865763061126,,,C-C torsion,delta(H13-C4-H14),angle,2.2797335347358318e-06,+,4.283682526168818e-05,0.34590752413408615
9,212.18739282481673,,,mixed cyclic-ring torsional/out-of-plane deformation / cyclic-ring deformation (N-C-C bend),tau(C4-C3-C6-C7),dihedral,50.06982339705225,-,-0.08017259944426045,1.3493687390108424
9,212.18739282481673,,,mixed cyclic-ring torsional/out-of-plane deformation / cyclic-ring deformation (N-C-C bend),delta(N5-C6-C7),angle,17.778711560719405,-,-0.05186834901525366,1.1447270624227694
9,212.18739282481673,,,mixed cyclic-ring torsional/out-of-plane deformation / cyclic-ring deformation (N-C-C bend),delta(C2-C3-C4),angle,13.723018617281198,-,-0.04863937274731864,1.004801410940264
9,212.18739282481673,,,mixed cyclic-ring torsional/out-of-plane deformation / cyclic-ring deformation (N-C-C bend),tau(C6-C7-C9-C2),dihedral,3.6187427115962536,+,0.02745813125025568,0.8314234474219374
9,212.18739282481673,,,mixed cyclic-ring torsional/out-of-plane deformation / cyclic-ring deformation (N-C-C bend),tau(H13-C4-N5-C6),dihedral,3.1731420997966437,-,-0.051210962770105894,0.20958980556226944
9,212.18739282481673,,,mixed cyclic-ring torsional/out-of-plane deformation / cyclic-ring deformation (N-C-C bend),tau(C6-C7-C9-H17),dihedral,2.362526635277984,+,0.047195498964015994,0.18373084169576953
9,212.18739282481673,,,mixed cyclic-ring torsional/out-of-plane deformation / cyclic-ring deformation (N-C-C bend),tau(N5-C6-C7-C9),dihedral,1.605914240401247,-,-0.015843572175804024,1.1082114958962508
9,212.18739282481673,,,mixed cyclic-ring torsional/out-of-plane deformation / cyclic-ring deformation (N-C-C bend),tau(H16-C6-C7-C9),dihedral,1.196371410923082,-,-0.028844902139632905,0.2490774446775072
9,212.18739282481673,,,mixed cyclic-ring torsional/out-of-plane deformation / cyclic-ring deformation (N-C-C bend),tau(H15-N5-C6-H16),dihedral,1.1311005470643989,+,0.03991225051960596,0.12299721945055526
9,212.18739282481673,,,mixed cyclic-ring torsional/out-of-plane deformation / cyclic-ring deformation (N-C-C bend),delta(C6-C7-O8),angle,1.0802595340430663,-,-0.02170178884319959,0.3973228627278992
9,212.18739282481673,,,mixed cyclic-ring torsional/out-of-plane deformation / cyclic-ring deformation (N-C-C bend),delta(C7-C6-H16),angle,0.8451122731736077,+,0.022827147829038434,0.28094261542051463
9,212.18739282481673,,,mixed cyclic-ring torsional/out-of-plane deformation / cyclic-ring deformation (N-C-C bend),delta(C1-C2-C9),angle,0.7816373482616571,+,0.021052470715749838,0.30549610246436376
9,212.18739282481673,,,mixed cyclic-ring torsional/out-of-plane deformation / cyclic-ring deformation (N-C-C bend),tau(C1-C2-C3-C6),dihedral,0.7715548351213354,+,0.022079750817417722,0.2741479334959476
9,212.18739282481673,,,mixed cyclic-ring torsional/out-of-plane deformation / cyclic-ring deformation (N-C-C bend),tau(C3-C6-C7-O8),dihedral,0.530170102022544,+,0.03658670638243291,0.06860805660810879
9,212.18739282481673,,,mixed cyclic-ring torsional/out-of-plane deformation / cyclic-ring deformation (N-C-C bend),delta(C2-C9-C7),angle,0.2365795839619043,-,-0.0054378991755569235,1.385866754545155
9,212.18739282481673,,,mixed cyclic-ring torsional/out-of-plane deformation / cyclic-ring deformation (N-C-C bend),tau(H12-C1-C2-C9),dihedral,0.22884556199446893,-,-0.015563760276256961,0.16365148246706415
9,212.18739282481673,,,mixed cyclic-ring torsional/out-of-plane deformation / cyclic-ring deformation (N-C-C bend),nu(C6-C7),bond,0.1840726418620234,-,-0.011061183214454083,0.26061090755461674
9,212.18739282481673,,,mixed cyclic-ring torsional/out-of-plane deformation / cyclic-ring deformation (N-C-C bend),tau(C2-C3-C4-H13),dihedral,0.15011758180356125,-,-0.010596472980628931,0.23158765474680962
9,212.18739282481673,,,mixed cyclic-ring torsional/out-of-plane deformation / cyclic-ring deformation (N-C-C bend),delta(C2-C1-H12),angle,0.1494997974032254,-,-0.008210006466986568,0.38420244179789187
9,212.18739282481673,,,mixed cyclic-ring torsional/out-of-plane deformation / cyclic-ring deformation (N-C-C bend),delta(N5-C4-H14),angle,0.09327342630060939,-,-0.0054088544445581735,0.5522730570457748
9,212.18739282481673,,,mixed cyclic-ring torsional/out-of-plane deformation / cyclic-ring deformation (N-C-C bend),nu(C7-C9),bond,0.06479893535553426,+,0.006286384367967899,0.284035433913249
9,212.18739282481673,,,mixed cyclic-ring torsional/out-of-plane deformation / cyclic-ring deformation (N-C-C bend),nu(N5-C6),bond,0.0597380042598254,-,-0.0060054387246982295,0.2869245732116675
9,212.18739282481673,,,mixed cyclic-ring torsional/out-of-plane deformation / cyclic-ring deformation (N-C-C bend),delta(C3-C6-C7),angle,0.030265040912109048,-,-0.0016092456934372796,2.0244314202912057
9,212.18739282481673,,,mixed cyclic-ring torsional/out-of-plane deformation / cyclic-ring deformation (N-C-C bend),delta(C7-C9-H17),angle,0.026587504480396495,-,-0.0038904006823398804,0.30429542690694594
9,212.18739282481673,,,mixed cyclic-ring torsional/out-of-plane deformation / cyclic-ring deformation (N-C-C bend),nu(C3-C4),bond,0.024595808352248918,+,0.0037408018232780115,0.30446558741359786
9,212.18739282481673,,,mixed cyclic-ring torsional/out-of-plane deformation / cyclic-ring deformation (N-C-C bend),tau(H10-C1-C2-C3),dihedral,0.024152058860994568,-,-0.005088794503425439,0.16155888472585178
9,212.18739282481673,,,mixed cyclic-ring torsional/out-of-plane deformation / cyclic-ring deformation (N-C-C bend),nu(C2-C9),bond,0.01587911492021375,+,0.0028570469841327855,0.33697527931198995
9,212.18739282481673,,,mixed cyclic-ring torsional/out-of-plane deformation / cyclic-ring deformation (N-C-C bend),nu(C6-H16),bond,0.007890510201663524,-,-0.0020786940962780297,0.316322755718694
9,212.18739282481673,,,mixed cyclic-ring torsional/out-of-plane deformation / cyclic-ring deformation (N-C-C bend),"gamma(C3;C4,H13,H14)",oop,0.0065881819260530956,+,0.0017853616955340339,0.3580302094181095
9,212.18739282481673,,,mixed cyclic-ring torsional/out-of-plane deformation / cyclic-ring deformation (N-C-C bend),delta(C6-N5-H15),angle,0.005881029163409693,+,0.0024517541296518886,0.16947514613136253
9,212.18739282481673,,,mixed cyclic-ring torsional/out-of-plane deformation / cyclic-ring deformation (N-C-C bend),nu(C4-N5),bond,0.004807806633652989,-,-0.0014691421502034247,0.3858565433334769
9,212.18739282481673,,,mixed cyclic-ring torsional/out-of-plane deformation / cyclic-ring deformation (N-C-C bend),"gamma(C2;C9,H17,H18)",oop,0.004543723875809929,+,0.0017307305890065998,0.2627601537123469
9,212.18739282481673,,,mixed cyclic-ring torsional/out-of-plane deformation / cyclic-ring deformation (N-C-C bend),nu(C4-H13),bond,0.002874496367157073,-,-0.0012440736306442816,0.321718554953058
9,212.18739282481673,,,mixed cyclic-ring torsional/out-of-plane deformation / cyclic-ring deformation (N-C-C bend),nu(C9-H17),bond,0.0022679610501355587,+,0.0010864163510385524,0.3328507348586602
9,212.18739282481673,,,mixed cyclic-ring torsional/out-of-plane deformation / cyclic-ring deformation (N-C-C bend),nu(N5-H15),bond,0.00161152841826075,-,-0.0007985636040478499,0.4377492979794155
9,212.18739282481673,,,mixed cyclic-ring torsional/out-of-plane deformation / cyclic-ring deformation (N-C-C bend),delta(H13-C4-H14),angle,0.0014021764915243386,-,-0.0008379625194814605,0.34590752413408615
9,212.18739282481673,,,mixed cyclic-ring torsional/out-of-plane deformation / cyclic-ring deformation (N-C-C bend),"gamma(H12;C1,H10,H11)",oop,0.0013097746070294767,+,0.0008792654238125254,0.29346958015132085
9,212.18739282481673,,,mixed cyclic-ring torsional/out-of-plane deformation / cyclic-ring deformation (N-C-C bend),delta(H17-C9-H18),angle,0.0013048771730403408,-,-0.0010729083821307789,0.19635902741953512
9,212.18739282481673,,,mixed cyclic-ring torsional/out-of-plane deformation / cyclic-ring deformation (N-C-C bend),delta(H10-C1-H11),angle,0.0008823529006028786,+,0.0008764552027351471,0.19897081823552717
9,212.18739282481673,,,mixed cyclic-ring torsional/out-of-plane deformation / cyclic-ring deformation (N-C-C bend),nu(C9-H18),bond,0.0007449796070280606,-,-0.0006314630512312819,0.32363464909074685
9,212.18739282481673,,,mixed cyclic-ring torsional/out-of-plane deformation / cyclic-ring deformation (N-C-C bend),nu(C2-C3),bond,0.0005119003878195727,+,0.0003796701057044231,0.6151473637723944
9,212.18739282481673,,,mixed cyclic-ring torsional/out-of-plane deformation / cyclic-ring deformation (N-C-C bend),nu(C1-H12),bond,0.00039583571487227355,+,0.0004502438743798995,0.33824070099731823
9,212.18739282481673,,,mixed cyclic-ring torsional/out-of-plane deformation / cyclic-ring deformation (N-C-C bend),nu(C4-H14),bond,0.0003516200757562584,+,0.00042713375900543137,0.33385077033221655
9,212.18739282481673,,,mixed cyclic-ring torsional/out-of-plane deformation / cyclic-ring deformation (N-C-C bend),delta(C2-C1-H10),angle,0.00012535478737425295,-,-0.0002442989138057253,0.36383491014983216
9,212.18739282481673,,,mixed cyclic-ring torsional/out-of-plane deformation / cyclic-ring deformation (N-C-C bend),nu(C7-O8),bond,8.197192797361216e-06,+,4.039493285916449e-05,0.870197604715786
9,212.18739282481673,,,mixed cyclic-ring torsional/out-of-plane deformation / cyclic-ring deformation (N-C-C bend),nu(C1-H11),bond,5.567948668524337e-06,-,-5.4163038611134157e-05,0.32877266060693383
9,212.18739282481673,,,mixed cyclic-ring torsional/out-of-plane deformation / cyclic-ring deformation (N-C-C bend),nu(C1-C2),bond,1.735888508250843e-06,+,3.1429551229889134e-05,0.30440514126911583
9,212.18739282481673,,,mixed cyclic-ring torsional/out-of-plane deformation / cyclic-ring deformation (N-C-C bend),nu(C1-H10),bond,1.638703928127749e-08,-,-2.93886571383832e-06,0.32866051035710836
10,260.86751900705605,,,mixed ring-site C-H out-of-plane bending / cyclic-ring deformation (N-C-C bend),delta(N5-C6-C7),angle,27.978205749284545,-,-0.055074828574756714,1.1447270624227694
10,260.86751900705605,,,mixed ring-site C-H out-of-plane bending / cyclic-ring deformation (N-C-C bend),tau(C2-C3-C4-H13),dihedral,23.535636944505402,-,-0.11230509898470645,0.23158765474680962
10,260.86751900705605,,,mixed ring-site C-H out-of-plane bending / cyclic-ring deformation (N-C-C bend),tau(H13-C4-N5-C6),dihedral,11.041842463158655,+,0.08085928471391626,0.20958980556226944
10,260.86751900705605,,,mixed ring-site C-H out-of-plane bending / cyclic-ring deformation (N-C-C bend),delta(C1-C2-C9),angle,5.645033261422143,-,-0.04788777014474821,0.30549610246436376
10,260.86751900705605,,,mixed ring-site C-H out-of-plane bending / cyclic-ring deformation (N-C-C bend),tau(H15-N5-C6-H16),dihedral,4.58591690245632,-,-0.06802360480244488,0.12299721945055526
10,260.86751900705605,,,mixed ring-site C-H out-of-plane bending / cyclic-ring deformation (N-C-C bend),delta(C2-C3-C4),angle,3.7524470162915753,+,0.021528380741626347,1.004801410940264
10,260.86751900705605,,,mixed ring-site C-H out-of-plane bending / cyclic-ring deformation (N-C-C bend),tau(N5-C6-C7-C9),dihedral,3.1902146268432423,-,-0.018901350028336945,1.1082114958962508
10,260.86751900705605,,,mixed ring-site C-H out-of-plane bending / cyclic-ring deformation (N-C-C bend),delta(C3-C6-C7),angle,2.5990070464926145,+,0.01262252946558399,2.0244314202912057
10,260.86751900705605,,,mixed ring-site C-H out-of-plane bending / cyclic-ring deformation (N-C-C bend),nu(C6-C7),bond,2.207329166386248,-,-0.032421376972571705,0.26061090755461674
10,260.86751900705605,,,mixed ring-site C-H out-of-plane bending / cyclic-ring deformation (N-C-C bend),delta(C6-C7-O8),angle,2.1747168074037466,-,-0.026062962358030923,0.3973228627278992
10,260.86751900705605,,,mixed ring-site C-H out-of-plane bending / cyclic-ring deformation (N-C-C bend),delta(C7-C6-H16),angle,2.123574276998944,+,0.030628033732112214,0.28094261542051463
10,260.86751900705605,,,mixed ring-site C-H out-of-plane bending / cyclic-ring deformation (N-C-C bend),tau(H10-C1-C2-C3),dihedral,1.721326917517873,-,-0.036363062809980244,0.16155888472585178
10,260.86751900705605,,,mixed ring-site C-H out-of-plane bending / cyclic-ring deformation (N-C-C bend),tau(H16-C6-C7-C9),dihedral,1.6908893174026312,-,-0.02902582607960542,0.2490774446775072
10,260.86751900705605,,,mixed ring-site C-H out-of-plane bending / cyclic-ring deformation (N-C-C bend),tau(C6-C7-C9-C2),dihedral,1.27971835903677,+,0.013821025410468986,0.8314234474219374
10,260.86751900705605,,,mixed ring-site C-H out-of-plane bending / cyclic-ring deformation (N-C-C bend),tau(C6-C7-C9-H17),dihedral,1.1549294041245088,+,0.02793063993675545,0.18373084169576953
10,260.86751900705605,,,mixed ring-site C-H out-of-plane bending / cyclic-ring deformation (N-C-C bend),tau(C3-C6-C7-O8),dihedral,0.8762478554866626,+,0.03981256186030561,0.06860805660810879
10,260.86751900705605,,,mixed ring-site C-H out-of-plane bending / cyclic-ring deformation (N-C-C bend),delta(C2-C1-H12),angle,0.776972654351635,+,0.015842255234928524,0.38420244179789187
10,260.86751900705605,,,mixed ring-site C-H out-of-plane bending / cyclic-ring deformation (N-C-C bend),tau(C1-C2-C3-C6),dihedral,0.6517448926573352,+,0.017176731590307387,0.2741479334959476
10,260.86751900705605,,,mixed ring-site C-H out-of-plane bending / cyclic-ring deformation (N-C-C bend),tau(H12-C1-C2-C9),dihedral,0.6255621725609769,-,-0.021780581329499425,0.16365148246706415
10,260.86751900705605,,,mixed ring-site C-H out-of-plane bending / cyclic-ring deformation (N-C-C bend),nu(C7-C9),bond,0.4363949600307339,-,-0.013808541235478084,0.284035433913249
10,260.86751900705605,,,mixed ring-site C-H out-of-plane bending / cyclic-ring deformation (N-C-C bend),delta(C2-C1-H10),angle,0.31310323991362826,-,-0.01033441259097365,0.36383491014983216
10,260.86751900705605,,,mixed ring-site C-H out-of-plane bending / cyclic-ring deformation (N-C-C bend),nu(N5-C6),bond,0.27663349028510037,-,-0.010938624275281786,0.2869245732116675
10,260.86751900705605,,,mixed ring-site C-H out-of-plane bending / cyclic-ring deformation (N-C-C bend),delta(N5-C4-H14),angle,0.25614374121771,+,0.007586808905491897,0.5522730570457748
10,260.86751900705605,,,mixed ring-site C-H out-of-plane bending / cyclic-ring deformation (N-C-C bend),nu(C3-C4),bond,0.255231676625645,+,0.010199816987785555,0.30446558741359786
10,260.86751900705605,,,mixed ring-site C-H out-of-plane bending / cyclic-ring deformation (N-C-C bend),nu(C2-C3),bond,0.21185233239604198,+,0.006537643588847629,0.6151473637723944
10,260.86751900705605,,,mixed ring-site C-H out-of-plane bending / cyclic-ring deformation (N-C-C bend),delta(C6-N5-H15),angle,0.18096224523690854,+,0.01151158643473203,0.16947514613136253
10,260.86751900705605,,,mixed ring-site C-H out-of-plane bending / cyclic-ring deformation (N-C-C bend),"gamma(C2;C9,H17,H18)",oop,0.1732364423883489,-,-0.009045531156369031,0.2627601537123469
10,260.86751900705605,,,mixed ring-site C-H out-of-plane bending / cyclic-ring deformation (N-C-C bend),delta(C2-C9-C7),angle,0.06496626745282341,-,-0.0024120006405488085,1.385866754545155
10,260.86751900705605,,,mixed ring-site C-H out-of-plane bending / cyclic-ring deformation (N-C-C bend),tau(C4-C3-C6-C7),dihedral,0.05737914153017621,+,0.002297237516257646,1.3493687390108424
10,260.86751900705605,,,mixed ring-site C-H out-of-plane bending / cyclic-ring deformation (N-C-C bend),nu(C2-C9),bond,0.055507326102707116,+,0.004521372950727294,0.33697527931198995
10,260.86751900705605,,,mixed ring-site C-H out-of-plane bending / cyclic-ring deformation (N-C-C bend),delta(H13-C4-H14),angle,0.03112545488522586,+,0.0033417353164788355,0.34590752413408615
10,260.86751900705605,,,mixed ring-site C-H out-of-plane bending / cyclic-ring deformation (N-C-C bend),"gamma(C3;C4,H13,H14)",oop,0.01780592491241226,+,0.002484372033815316,0.3580302094181095
10,260.86751900705605,,,mixed ring-site C-H out-of-plane bending / cyclic-ring deformation (N-C-C bend),"gamma(H12;C1,H10,H11)",oop,0.012881155473110245,-,-0.002333942030216838,0.29346958015132085
10,260.86751900705605,,,mixed ring-site C-H out-of-plane bending / cyclic-ring deformation (N-C-C bend),nu(C4-N5),bond,0.011453120499401979,-,-0.001919301397726944,0.3858565433334769
10,260.86751900705605,,,mixed ring-site C-H out-of-plane bending / cyclic-ring deformation (N-C-C bend),nu(C7-O8),bond,0.009607997378277302,+,0.0011705816058167656,0.870197604715786
10,260.86751900705605,,,mixed ring-site C-H out-of-plane bending / cyclic-ring deformation (N-C-C bend),delta(H10-C1-H11),angle,0.008320225073878858,-,-0.0022780698889784553,0.19897081823552717
10,260.86751900705605,,,mixed ring-site C-H out-of-plane bending / cyclic-ring deformation (N-C-C bend),nu(C4-H13),bond,0.004134493741650253,+,0.0012628952042286388,0.321718554953058
10,260.86751900705605,,,mixed ring-site C-H out-of-plane bending / cyclic-ring deformation (N-C-C bend),nu(N5-H15),bond,0.003799212316587119,+,0.0010378348556945988,0.4377492979794155
10,260.86751900705605,,,mixed ring-site C-H out-of-plane bending / cyclic-ring deformation (N-C-C bend),nu(C4-H14),bond,0.00272160135151403,-,-0.0010058431529602937,0.33385077033221655
10,260.86751900705605,,,mixed ring-site C-H out-of-plane bending / cyclic-ring deformation (N-C-C bend),nu(C1-H10),bond,0.0014852660654252204,+,0.000748897819236134,0.32866051035710836
10,260.86751900705605,,,mixed ring-site C-H out-of-plane bending / cyclic-ring deformation (N-C-C bend),nu(C1-C2),bond,0.001467732696239498,+,0.0007735558808986952,0.30440514126911583
10,260.86751900705605,,,mixed ring-site C-H out-of-plane bending / cyclic-ring deformation (N-C-C bend),delta(C7-C9-H17),angle,0.0011313742847676941,-,-0.0006792812673317306,0.30429542690694594
10,260.86751900705605,,,mixed ring-site C-H out-of-plane bending / cyclic-ring deformation (N-C-C bend),nu(C1-H12),bond,0.000518146359100333,-,-0.0004360210855512473,0.33824070099731823
10,260.86751900705605,,,mixed ring-site C-H out-of-plane bending / cyclic-ring deformation (N-C-C bend),nu(C1-H11),bond,0.00038391502875448867,-,-0.0003806833722780056,0.32877266060693383
10,260.86751900705605,,,mixed ring-site C-H out-of-plane bending / cyclic-ring deformation (N-C-C bend),nu(C9-H17),bond,0.00035949079933127095,+,0.0003661114648134363,0.3328507348586602
10,260.86751900705605,,,mixed ring-site C-H out-of-plane bending / cyclic-ring deformation (N-C-C bend),delta(H17-C9-H18),angle,6.450683381480259e-05,-,-0.0002019164146727348,0.19635902741953512
10,260.86751900705605,,,mixed ring-site C-H out-of-plane bending / cyclic-ring deformation (N-C-C bend),nu(C6-H16),bond,1.3533139478764714e-05,-,-7.286655888338452e-05,0.316322755718694
10,260.86751900705605,,,mixed ring-site C-H out-of-plane bending / cyclic-ring deformation (N-C-C bend),nu(C9-H18),bond,1.5159938758087914e-07,-,-7.624571066189378e-06,0.32363464909074685
11,312.3671395283251,,,mixed cyclic-ring torsional/out-of-plane deformation / ring-site C-H out-of-plane bending,tau(C4-C3-C6-C7),dihedral,20.314047637976802,+,0.052718601126600095,1.3493687390108424
11,312.3671395283251,,,mixed cyclic-ring torsional/out-of-plane deformation / ring-site C-H out-of-plane bending,delta(C2-C3-C4),angle,11.979833273391316,+,0.046915487742804796,1.004801410940264
11,312.3671395283251,,,mixed cyclic-ring torsional/out-of-plane deformation / ring-site C-H out-of-plane bending,delta(C1-C2-C9),angle,9.70116351492696,+,0.07656671988087765,0.30549610246436376
11,312.3671395283251,,,mixed cyclic-ring torsional/out-of-plane deformation / ring-site C-H out-of-plane bending,tau(C6-C7-C9-C2),dihedral,8.566623125978401,-,-0.043613873886511,0.8314234474219374
11,312.3671395283251,,,mixed cyclic-ring torsional/out-of-plane deformation / ring-site C-H out-of-plane bending,tau(H12-C1-C2-C9),dihedral,8.13444113977327,+,0.09579323842718769,0.16365148246706415
11,312.3671395283251,,,mixed cyclic-ring torsional/out-of-plane deformation / ring-site C-H out-of-plane bending,tau(H13-C4-N5-C6),dihedral,7.685694091487925,+,0.08227870293813389,0.20958980556226944
11,312.3671395283251,,,mixed cyclic-ring torsional/out-of-plane deformation / ring-site C-H out-of-plane bending,tau(N5-C6-C7-C9),dihedral,7.2031422324124454,+,0.034640219603187465,1.1082114958962508
11,312.3671395283251,,,mixed cyclic-ring torsional/out-of-plane deformation / ring-site C-H out-of-plane bending,tau(C1-C2-C3-C6),dihedral,5.6531394693519745,+,0.06169973924829568,0.2741479334959476
11,312.3671395283251,,,mixed cyclic-ring torsional/out-of-plane deformation / ring-site C-H out-of-plane bending,tau(C6-C7-C9-H17),dihedral,5.343157613199055,-,-0.07327214866773385,0.18373084169576953
11,312.3671395283251,,,mixed cyclic-ring torsional/out-of-plane deformation / ring-site C-H out-of-plane bending,tau(H15-N5-C6-H16),dihedral,3.265985238735547,-,-0.07001489289870652,0.12299721945055526
11,312.3671395283251,,,mixed cyclic-ring torsional/out-of-plane deformation / ring-site C-H out-of-plane bending,tau(H16-C6-C7-C9),dihedral,3.0060031548654824,+,0.04720179149007856,0.2490774446775072
11,312.3671395283251,,,mixed cyclic-ring torsional/out-of-plane deformation / ring-site C-H out-of-plane bending,delta(C2-C1-H12),angle,1.4962186966689535,-,-0.026813187503380534,0.38420244179789187
11,312.3671395283251,,,mixed cyclic-ring torsional/out-of-plane deformation / ring-site C-H out-of-plane bending,delta(C6-C7-O8),angle,1.1518547091465015,-,-0.023134389325595087,0.3973228627278992
11,312.3671395283251,,,mixed cyclic-ring torsional/out-of-plane deformation / ring-site C-H out-of-plane bending,delta(C2-C9-C7),angle,1.1151973126669708,-,-0.01218838280062217,1.385866754545155
11,312.3671395283251,,,mixed cyclic-ring torsional/out-of-plane deformation / ring-site C-H out-of-plane bending,nu(C6-C7),bond,1.044677326827992,-,-0.02720356095804104,0.26061090755461674
11,312.3671395283251,,,mixed cyclic-ring torsional/out-of-plane deformation / ring-site C-H out-of-plane bending,nu(C7-C9),bond,1.0383848231145936,+,0.02597908624032739,0.284035433913249
11,312.3671395283251,,,mixed cyclic-ring torsional/out-of-plane deformation / ring-site C-H out-of-plane bending,nu(C2-C9),bond,0.9945385665017404,+,0.0233422523781047,0.33697527931198995
11,312.3671395283251,,,mixed cyclic-ring torsional/out-of-plane deformation / ring-site C-H out-of-plane bending,tau(C3-C6-C7-O8),dihedral,0.84465051390219,+,0.04767403745445332,0.06860805660810879
11,312.3671395283251,,,mixed cyclic-ring torsional/out-of-plane deformation / ring-site C-H out-of-plane bending,delta(C3-C6-C7),angle,0.3593992805030937,+,0.005724901699526981,2.0244314202912057
11,312.3671395283251,,,mixed cyclic-ring torsional/out-of-plane deformation / ring-site C-H out-of-plane bending,delta(C7-C9-H17),angle,0.2921272622703523,+,0.013312796651978216,0.30429542690694594
11,312.3671395283251,,,mixed cyclic-ring torsional/out-of-plane deformation / ring-site C-H out-of-plane bending,delta(N5-C4-H14),angle,0.2173512192127877,+,0.008523835877385777,0.5522730570457748
11,312.3671395283251,,,mixed cyclic-ring torsional/out-of-plane deformation / ring-site C-H out-of-plane bending,nu(C1-C2),bond,0.09136774159257262,+,0.007443915256872459,0.30440514126911583
11,312.3671395283251,,,mixed cyclic-ring torsional/out-of-plane deformation / ring-site C-H out-of-plane bending,nu(C2-C3),bond,0.09007551628988253,-,-0.005199298639166158,0.6151473637723944
11,312.3671395283251,,,mixed cyclic-ring torsional/out-of-plane deformation / ring-site C-H out-of-plane bending,nu(C3-C4),bond,0.07072525275355698,-,-0.006548609810839943,0.30446558741359786
11,312.3671395283251,,,mixed cyclic-ring torsional/out-of-plane deformation / ring-site C-H out-of-plane bending,delta(C2-C1-H10),angle,0.054215051451432336,+,0.005244918211300497,0.36383491014983216
11,312.3671395283251,,,mixed cyclic-ring torsional/out-of-plane deformation / ring-site C-H out-of-plane bending,delta(C7-C6-H16),angle,0.044819505373853215,+,0.005426948321184147,0.28094261542051463
11,312.3671395283251,,,mixed cyclic-ring torsional/out-of-plane deformation / ring-site C-H out-of-plane bending,delta(C6-N5-H15),angle,0.04022247858851365,+,0.0066193046987109575,0.16947514613136253
11,312.3671395283251,,,mixed cyclic-ring torsional/out-of-plane deformation / ring-site C-H out-of-plane bending,delta(H17-C9-H18),angle,0.029565837070855788,+,0.005272306145105644,0.19635902741953512
11,312.3671395283251,,,mixed cyclic-ring torsional/out-of-plane deformation / ring-site C-H out-of-plane bending,delta(H10-C1-H11),angle,0.02467825947482894,+,0.004785127752839665,0.19897081823552717
11,312.3671395283251,,,mixed cyclic-ring torsional/out-of-plane deformation / ring-site C-H out-of-plane bending,"gamma(C2;C9,H17,H18)",oop,0.021049358269678256,+,0.00384565785914879,0.2627601537123469
11,312.3671395283251,,,mixed cyclic-ring torsional/out-of-plane deformation / ring-site C-H out-of-plane bending,tau(H10-C1-C2-C3),dihedral,0.01954983308287129,-,-0.004726471793670365,0.16155888472585178
11,312.3671395283251,,,mixed cyclic-ring torsional/out-of-plane deformation / ring-site C-H out-of-plane bending,nu(N5-C6),bond,0.017031336298608105,-,-0.003310331273845449,0.2869245732116675
11,312.3671395283251,,,mixed cyclic-ring torsional/out-of-plane deformation / ring-site C-H out-of-plane bending,delta(N5-C6-C7),angle,0.016836034245182017,+,0.0016477825222256269,1.1447270624227694
11,312.3671395283251,,,mixed cyclic-ring torsional/out-of-plane deformation / ring-site C-H out-of-plane bending,delta(H13-C4-H14),angle,0.016504426751276564,+,0.002967913127371591,0.34590752413408615
11,312.3671395283251,,,mixed cyclic-ring torsional/out-of-plane deformation / ring-site C-H out-of-plane bending,"gamma(H12;C1,H10,H11)",oop,0.012011167592033254,+,0.002748792991569008,0.29346958015132085
11,312.3671395283251,,,mixed cyclic-ring torsional/out-of-plane deformation / ring-site C-H out-of-plane bending,nu(C9-H17),bond,0.007732937819860534,-,-0.002070992212512561,0.3328507348586602
11,312.3671395283251,,,mixed cyclic-ring torsional/out-of-plane deformation / ring-site C-H out-of-plane bending,nu(C4-N5),bond,0.0073358573616650056,+,0.001873455886218656,0.3858565433334769
11,312.3671395283251,,,mixed cyclic-ring torsional/out-of-plane deformation / ring-site C-H out-of-plane bending,tau(C2-C3-C4-H13),dihedral,0.007020821293379304,-,-0.002365741148654171,0.23158765474680962
11,312.3671395283251,,,mixed cyclic-ring torsional/out-of-plane deformation / ring-site C-H out-of-plane bending,nu(C6-H16),bond,0.005882289945328083,+,0.0018528444584771679,0.316322755718694
11,312.3671395283251,,,mixed cyclic-ring torsional/out-of-plane deformation / ring-site C-H out-of-plane bending,nu(C4-H13),bond,0.005865446088081773,+,0.0018346086459313992,0.321718554953058
11,312.3671395283251,,,mixed cyclic-ring torsional/out-of-plane deformation / ring-site C-H out-of-plane bending,"gamma(C3;C4,H13,H14)",oop,0.0038949264466371504,+,0.0014171661192637808,0.3580302094181095
11,312.3671395283251,,,mixed cyclic-ring torsional/out-of-plane deformation / ring-site C-H out-of-plane bending,nu(N5-H15),bond,0.002073533042970713,+,0.0009351337209926688,0.4377492979794155
11,312.3671395283251,,,mixed cyclic-ring torsional/out-of-plane deformation / ring-site C-H out-of-plane bending,nu(C4-H14),bond,0.0013218999076006221,-,-0.0008549762712945039,0.33385077033221655
11,312.3671395283251,,,mixed cyclic-ring torsional/out-of-plane deformation / ring-site C-H out-of-plane bending,nu(C9-H18),bond,0.0011011138182281575,+,0.0007925370376111932,0.32363464909074685
11,312.3671395283251,,,mixed cyclic-ring torsional/out-of-plane deformation / ring-site C-H out-of-plane bending,nu(C1-H10),bond,0.0005671803595891436,-,-0.0005644400166738491,0.32866051035710836
11,312.3671395283251,,,mixed cyclic-ring torsional/out-of-plane deformation / ring-site C-H out-of-plane bending,nu(C1-H12),bond,0.00047098709515219485,+,0.0005070170194798563,0.33824070099731823
11,312.3671395283251,,,mixed cyclic-ring torsional/out-of-plane deformation / ring-site C-H out-of-plane bending,nu(C1-H11),bond,0.00033052622194605397,-,-0.0004308103004402534,0.32877266060693383
11,312.3671395283251,,,mixed cyclic-ring torsional/out-of-plane deformation / ring-site C-H out-of-plane bending,nu(C7-O8),bond,0.00012047885004770784,+,0.00015987384939418294,0.870197604715786
12,417.75412632052763,,,mixed cyclic-ring torsional/out-of-plane deformation / C-C torsion,tau(N5-C6-C7-C9),dihedral,27.9699229938217,-,-0.08172659923502806,1.1082114958962508
12,417.75412632052763,,,mixed cyclic-ring torsional/out-of-plane deformation / C-C torsion,tau(C1-C2-C3-C6),dihedral,16.42662678861432,+,0.12592467091647763,0.2741479334959476
12,417.75412632052763,,,mixed cyclic-ring torsional/out-of-plane deformation / C-C torsion,tau(H12-C1-C2-C9),dihedral,8.439256199670906,+,0.11682108394707674,0.16365148246706415
12,417.75412632052763,,,mixed cyclic-ring torsional/out-of-plane deformation / C-C torsion,tau(H10-C1-C2-C3),dihedral,7.57090396121639,-,-0.11136213874035071,0.16155888472585178
12,417.75412632052763,,,mixed cyclic-ring torsional/out-of-plane deformation / C-C torsion,delta(C3-C6-C7),angle,7.145532649405239,-,-0.030562922992830862,2.0244314202912057
12,417.75412632052763,,,mixed cyclic-ring torsional/out-of-plane deformation / C-C torsion,delta(C2-C3-C4),angle,5.312230992192097,-,-0.037404811914852724,1.004801410940264
12,417.75412632052763,,,mixed cyclic-ring torsional/out-of-plane deformation / C-C torsion,tau(C3-C6-C7-O8),dihedral,3.793886330975856,+,0.12097168121996608,0.06860805660810879
12,417.75412632052763,,,mixed cyclic-ring torsional/out-of-plane deformation / C-C torsion,tau(C2-C3-C4-H13),dihedral,2.858804501376777,-,-0.05715623906371861,0.23158765474680962
12,417.75412632052763,,,mixed cyclic-ring torsional/out-of-plane deformation / C-C torsion,delta(C7-C6-H16),angle,2.201604835908633,+,0.045539681876423724,0.28094261542051463
12,417.75412632052763,,,mixed cyclic-ring torsional/out-of-plane deformation / C-C torsion,delta(C6-C7-O8),angle,2.1040276656802686,+,0.03743545041582538,0.3973228627278992
12,417.75412632052763,,,mixed cyclic-ring torsional/out-of-plane deformation / C-C torsion,tau(H13-C4-N5-C6),dihedral,2.0482069054085716,+,0.05085468322311516,0.20958980556226944
12,417.75412632052763,,,mixed cyclic-ring torsional/out-of-plane deformation / C-C torsion,tau(C4-C3-C6-C7),dihedral,2.013479991487075,+,0.01987181130516751,1.3493687390108424
12,417.75412632052763,,,mixed cyclic-ring torsional/out-of-plane deformation / C-C torsion,tau(H15-N5-C6-H16),dihedral,1.9325137834244794,-,-0.06448263425886981,0.12299721945055526
12,417.75412632052763,,,mixed cyclic-ring torsional/out-of-plane deformation / C-C torsion,delta(C2-C1-H10),angle,1.588279231166233,-,-0.03398915458835539,0.36383491014983216
12,417.75412632052763,,,mixed cyclic-ring torsional/out-of-plane deformation / C-C torsion,delta(C7-C9-H17),angle,1.5873983051975051,-,-0.037155607041336726,0.30429542690694594
12,417.75412632052763,,,mixed cyclic-ring torsional/out-of-plane deformation / C-C torsion,delta(C2-C9-C7),angle,1.0857135068222499,-,-0.01439879006838961,1.385866754545155
12,417.75412632052763,,,mixed cyclic-ring torsional/out-of-plane deformation / C-C torsion,nu(C6-C7),bond,1.06151982172224,+,0.032831965107688,0.26061090755461674
12,417.75412632052763,,,mixed cyclic-ring torsional/out-of-plane deformation / C-C torsion,nu(C7-C9),bond,0.9458033718587178,-,-0.029685425995139594,0.284035433913249
12,417.75412632052763,,,mixed cyclic-ring torsional/out-of-plane deformation / C-C torsion,delta(N5-C6-C7),angle,0.711452509123218,-,-0.012824814745287712,1.1447270624227694
12,417.75412632052763,,,mixed cyclic-ring torsional/out-of-plane deformation / C-C torsion,tau(H16-C6-C7-C9),dihedral,0.704416223000197,-,-0.027357511578258865,0.2490774446775072
12,417.75412632052763,,,mixed cyclic-ring torsional/out-of-plane deformation / C-C torsion,nu(C2-C9),bond,0.6832204004635007,-,-0.02316383750076902,0.33697527931198995
12,417.75412632052763,,,mixed cyclic-ring torsional/out-of-plane deformation / C-C torsion,nu(N5-C6),bond,0.3915683442619017,+,0.01900417552531174,0.2869245732116675
12,417.75412632052763,,,mixed cyclic-ring torsional/out-of-plane deformation / C-C torsion,nu(C3-C4),bond,0.3344816658025135,-,-0.017050855344710923,0.30446558741359786
12,417.75412632052763,,,mixed cyclic-ring torsional/out-of-plane deformation / C-C torsion,delta(C1-C2-C9),angle,0.3212408946564531,+,0.01668175329766947,0.30549610246436376
12,417.75412632052763,,,mixed cyclic-ring torsional/out-of-plane deformation / C-C torsion,nu(C1-C2),bond,0.2030388958416401,-,-0.0132859540989893,0.30440514126911583
12,417.75412632052763,,,mixed cyclic-ring torsional/out-of-plane deformation / C-C torsion,tau(C6-C7-C9-H17),dihedral,0.09711347109369592,+,0.011827087888266608,0.18373084169576953
12,417.75412632052763,,,mixed cyclic-ring torsional/out-of-plane deformation / C-C torsion,tau(C6-C7-C9-C2),dihedral,0.08596006404514075,-,-0.005230778728052081,0.8314234474219374
12,417.75412632052763,,,mixed cyclic-ring torsional/out-of-plane deformation / C-C torsion,delta(C6-N5-H15),angle,0.08091407407165602,+,0.011240565059338322,0.16947514613136253
12,417.75412632052763,,,mixed cyclic-ring torsional/out-of-plane deformation / C-C torsion,delta(N5-C4-H14),angle,0.07048645923685783,+,0.005811724745918674,0.5522730570457748
12,417.75412632052763,,,mixed cyclic-ring torsional/out-of-plane deformation / C-C torsion,nu(C2-C3),bond,0.0656408145208243,-,-0.0053140607501305104,0.6151473637723944
12,417.75412632052763,,,mixed cyclic-ring torsional/out-of-plane deformation / C-C torsion,"gamma(C3;C4,H13,H14)",oop,0.06334361591792118,+,0.006842592973176499,0.3580302094181095
12,417.75412632052763,,,mixed cyclic-ring torsional/out-of-plane deformation / C-C torsion,delta(H13-C4-H14),angle,0.02268859903291776,+,0.004166323165020629,0.34590752413408615
12,417.75412632052763,,,mixed cyclic-ring torsional/out-of-plane deformation / C-C torsion,"gamma(C2;C9,H17,H18)",oop,0.021523112990660384,+,0.004655881379022922,0.2627601537123469
12,417.75412632052763,,,mixed cyclic-ring torsional/out-of-plane deformation / C-C torsion,delta(H17-C9-H18),angle,0.015795907223876866,+,0.004613982773768689,0.19635902741953512
12,417.75412632052763,,,mixed cyclic-ring torsional/out-of-plane deformation / C-C torsion,nu(C4-N5),bond,0.015250542603571072,+,0.00323414011341171,0.3858565433334769
12,417.75412632052763,,,mixed cyclic-ring torsional/out-of-plane deformation / C-C torsion,nu(C7-O8),bond,0.008424902732197157,-,-0.0016006730162996103,0.870197604715786
12,417.75412632052763,,,mixed cyclic-ring torsional/out-of-plane deformation / C-C torsion,"gamma(H12;C1,H10,H11)",oop,0.003894152632828138,-,-0.0018739329920024325,0.29346958015132085
12,417.75412632052763,,,mixed cyclic-ring torsional/out-of-plane deformation / C-C torsion,nu(C6-H16),bond,0.0036965469218131737,-,-0.0017585795221555203,0.316322755718694
12,417.75412632052763,,,mixed cyclic-ring torsional/out-of-plane deformation / C-C torsion,nu(N5-H15),bond,0.0031142289322589225,+,0.001372118614806675,0.4377492979794155
12,417.75412632052763,,,mixed cyclic-ring torsional/out-of-plane deformation / C-C torsion,nu(C1-H10),bond,0.0026986246993732847,+,0.0014740988270319632,0.32866051035710836
12,417.75412632052763,,,mixed cyclic-ring torsional/out-of-plane deformation / C-C torsion,nu(C1-H11),bond,0.002051638226085058,-,-0.0012850844272343218,0.32877266060693383
12,417.75412632052763,,,mixed cyclic-ring torsional/out-of-plane deformation / C-C torsion,nu(C4-H13),bond,0.0010795463390473093,+,0.0009423488558734905,0.321718554953058
12,417.75412632052763,,,mixed cyclic-ring torsional/out-of-plane deformation / C-C torsion,nu(C4-H14),bond,0.0004746452605258951,-,-0.0006133911430726668,0.33385077033221655
12,417.75412632052763,,,mixed cyclic-ring torsional/out-of-plane deformation / C-C torsion,nu(C9-H18),bond,0.00033371980971097135,-,-0.0005223872944123313,0.32363464909074685
12,417.75412632052763,,,mixed cyclic-ring torsional/out-of-plane deformation / C-C torsion,nu(C9-H17),bond,0.00023960541061118776,+,0.00043646826086055036,0.3328507348586602
12,417.75412632052763,,,mixed cyclic-ring torsional/out-of-plane deformation / C-C torsion,nu(C1-H12),bond,8.886433044308268e-05,-,-0.0002636816583788519,0.33824070099731823
12,417.75412632052763,,,mixed cyclic-ring torsional/out-of-plane deformation / C-C torsion,delta(C2-C1-H12),angle,3.7147426790224644e-05,-,-0.00015996074759060035,0.38420244179789187
12,417.75412632052763,,,mixed cyclic-ring torsional/out-of-plane deformation / C-C torsion,delta(H10-C1-H11),angle,1.8947442510927966e-05,+,0.00015874853416781264,0.19897081823552717
13,458.78102713805936,,,mixed cyclic-ring torsional/out-of-plane deformation / cyclic-ring deformation (C-C-C bend) / ring-site C-H out-of-plane bending,delta(C2-C3-C4),angle,23.353245380776514,+,0.10448828027847355,1.004801410940264
13,458.78102713805936,,,mixed cyclic-ring torsional/out-of-plane deformation / cyclic-ring deformation (C-C-C bend) / ring-site C-H out-of-plane bending,tau(C4-C3-C6-C7),dihedral,15.301732313517995,+,0.07298591483315159,1.3493687390108424
13,458.78102713805936,,,mixed cyclic-ring torsional/out-of-plane deformation / cyclic-ring deformation (C-C-C bend) / ring-site C-H out-of-plane bending,tau(C6-C7-C9-C2),dihedral,13.214894855871476,+,0.08640816853635154,0.8314234474219374
13,458.78102713805936,,,mixed cyclic-ring torsional/out-of-plane deformation / cyclic-ring deformation (C-C-C bend) / ring-site C-H out-of-plane bending,tau(C6-C7-C9-H17),dihedral,13.038194331390917,+,0.18257939800434325,0.18373084169576953
13,458.78102713805936,,,mixed cyclic-ring torsional/out-of-plane deformation / cyclic-ring deformation (C-C-C bend) / ring-site C-H out-of-plane bending,tau(H10-C1-C2-C3),dihedral,7.439095289804626,+,0.14707156568663926,0.16155888472585178
13,458.78102713805936,,,mixed cyclic-ring torsional/out-of-plane deformation / cyclic-ring deformation (C-C-C bend) / ring-site C-H out-of-plane bending,tau(C2-C3-C4-H13),dihedral,5.983281381533488,+,0.11016562165704867,0.23158765474680962
13,458.78102713805936,,,mixed cyclic-ring torsional/out-of-plane deformation / cyclic-ring deformation (C-C-C bend) / ring-site C-H out-of-plane bending,tau(H12-C1-C2-C9),dihedral,3.4872223409338297,-,-0.10004927029149455,0.16365148246706415
13,458.78102713805936,,,mixed cyclic-ring torsional/out-of-plane deformation / cyclic-ring deformation (C-C-C bend) / ring-site C-H out-of-plane bending,tau(H13-C4-N5-C6),dihedral,3.116543461282522,+,0.08357677225786879,0.20958980556226944
13,458.78102713805936,,,mixed cyclic-ring torsional/out-of-plane deformation / cyclic-ring deformation (C-C-C bend) / ring-site C-H out-of-plane bending,delta(C7-C9-H17),angle,2.7209218889429203,-,-0.06481035533925884,0.30429542690694594
13,458.78102713805936,,,mixed cyclic-ring torsional/out-of-plane deformation / cyclic-ring deformation (C-C-C bend) / ring-site C-H out-of-plane bending,delta(N5-C6-C7),angle,2.7046017544974528,+,0.03331461248084563,1.1447270624227694
13,458.78102713805936,,,mixed cyclic-ring torsional/out-of-plane deformation / cyclic-ring deformation (C-C-C bend) / ring-site C-H out-of-plane bending,delta(C3-C6-C7),angle,2.475941479732902,-,-0.02396915541949934,2.0244314202912057
13,458.78102713805936,,,mixed cyclic-ring torsional/out-of-plane deformation / cyclic-ring deformation (C-C-C bend) / ring-site C-H out-of-plane bending,tau(C1-C2-C3-C6),dihedral,1.783460506044648,-,-0.05528067510955242,0.2741479334959476
13,458.78102713805936,,,mixed cyclic-ring torsional/out-of-plane deformation / cyclic-ring deformation (C-C-C bend) / ring-site C-H out-of-plane bending,tau(C3-C6-C7-O8),dihedral,1.4410895231118281,+,0.0993326449716991,0.06860805660810879
13,458.78102713805936,,,mixed cyclic-ring torsional/out-of-plane deformation / cyclic-ring deformation (C-C-C bend) / ring-site C-H out-of-plane bending,delta(C2-C1-H10),angle,1.228829815325749,+,0.03983160115079113,0.36383491014983216
13,458.78102713805936,,,mixed cyclic-ring torsional/out-of-plane deformation / cyclic-ring deformation (C-C-C bend) / ring-site C-H out-of-plane bending,tau(H15-N5-C6-H16),dihedral,0.8250909779812203,-,-0.05613546836698625,0.12299721945055526
13,458.78102713805936,,,mixed cyclic-ring torsional/out-of-plane deformation / cyclic-ring deformation (C-C-C bend) / ring-site C-H out-of-plane bending,tau(H16-C6-C7-C9),dihedral,0.4678711960403464,+,0.029705032508008634,0.2490774446775072
13,458.78102713805936,,,mixed cyclic-ring torsional/out-of-plane deformation / cyclic-ring deformation (C-C-C bend) / ring-site C-H out-of-plane bending,tau(N5-C6-C7-C9),dihedral,0.29133958556643197,-,-0.011112774500539135,1.1082114958962508
13,458.78102713805936,,,mixed cyclic-ring torsional/out-of-plane deformation / cyclic-ring deformation (C-C-C bend) / ring-site C-H out-of-plane bending,nu(N5-C6),bond,0.26931754222504994,+,0.02099822221073749,0.2869245732116675
13,458.78102713805936,,,mixed cyclic-ring torsional/out-of-plane deformation / cyclic-ring deformation (C-C-C bend) / ring-site C-H out-of-plane bending,delta(C2-C1-H12),angle,0.23315996924541044,-,-0.016884220396101348,0.38420244179789187
13,458.78102713805936,,,mixed cyclic-ring torsional/out-of-plane deformation / cyclic-ring deformation (C-C-C bend) / ring-site C-H out-of-plane bending,delta(C7-C6-H16),angle,0.13700804724082852,+,0.015135553440999707,0.28094261542051463
13,458.78102713805936,,,mixed cyclic-ring torsional/out-of-plane deformation / cyclic-ring deformation (C-C-C bend) / ring-site C-H out-of-plane bending,delta(C2-C9-C7),angle,0.10560998823861482,-,-0.005983094150677575,1.385866754545155
13,458.78102713805936,,,mixed cyclic-ring torsional/out-of-plane deformation / cyclic-ring deformation (C-C-C bend) / ring-site C-H out-of-plane bending,delta(N5-C4-H14),angle,0.0846070188611618,+,0.008483212508580874,0.5522730570457748
13,458.78102713805936,,,mixed cyclic-ring torsional/out-of-plane deformation / cyclic-ring deformation (C-C-C bend) / ring-site C-H out-of-plane bending,"gamma(C2;C9,H17,H18)",oop,0.05703692664924612,+,0.010097930624386528,0.2627601537123469
13,458.78102713805936,,,mixed cyclic-ring torsional/out-of-plane deformation / cyclic-ring deformation (C-C-C bend) / ring-site C-H out-of-plane bending,delta(C1-C2-C9),angle,0.05244557604182353,+,0.008980193014431946,0.30549610246436376
13,458.78102713805936,,,mixed cyclic-ring torsional/out-of-plane deformation / cyclic-ring deformation (C-C-C bend) / ring-site C-H out-of-plane bending,"gamma(C3;C4,H13,H14)",oop,0.03232541222515193,-,-0.006512478129727819,0.3580302094181095
13,458.78102713805936,,,mixed cyclic-ring torsional/out-of-plane deformation / cyclic-ring deformation (C-C-C bend) / ring-site C-H out-of-plane bending,nu(C7-C9),bond,0.025021400646781215,+,0.006432852973427472,0.284035433913249
13,458.78102713805936,,,mixed cyclic-ring torsional/out-of-plane deformation / cyclic-ring deformation (C-C-C bend) / ring-site C-H out-of-plane bending,nu(C9-H17),bond,0.017399511086640704,+,0.004955390006837979,0.3328507348586602
13,458.78102713805936,,,mixed cyclic-ring torsional/out-of-plane deformation / cyclic-ring deformation (C-C-C bend) / ring-site C-H out-of-plane bending,nu(C7-O8),bond,0.01660787037229595,-,-0.002994208987671759,0.870197604715786
13,458.78102713805936,,,mixed cyclic-ring torsional/out-of-plane deformation / cyclic-ring deformation (C-C-C bend) / ring-site C-H out-of-plane bending,nu(C9-H18),bond,0.012976743049851126,-,-0.004339996955428171,0.32363464909074685
13,458.78102713805936,,,mixed cyclic-ring torsional/out-of-plane deformation / cyclic-ring deformation (C-C-C bend) / ring-site C-H out-of-plane bending,delta(C6-N5-H15),angle,0.012337021382304393,-,-0.005847715405662172,0.16947514613136253
13,458.78102713805936,,,mixed cyclic-ring torsional/out-of-plane deformation / cyclic-ring deformation (C-C-C bend) / ring-site C-H out-of-plane bending,nu(C3-C4),bond,0.01222036183333255,+,0.004342171817040665,0.30446558741359786
13,458.78102713805936,,,mixed cyclic-ring torsional/out-of-plane deformation / cyclic-ring deformation (C-C-C bend) / ring-site C-H out-of-plane bending,nu(C2-C9),bond,0.011706354713711918,+,0.0040396700730875364,0.33697527931198995
13,458.78102713805936,,,mixed cyclic-ring torsional/out-of-plane deformation / cyclic-ring deformation (C-C-C bend) / ring-site C-H out-of-plane bending,nu(C4-N5),bond,0.01112370803814135,+,0.0036799840323258966,0.3858565433334769
13,458.78102713805936,,,mixed cyclic-ring torsional/out-of-plane deformation / cyclic-ring deformation (C-C-C bend) / ring-site C-H out-of-plane bending,nu(C2-C3),bond,0.01024958697195923,-,-0.002797677673884019,0.6151473637723944
13,458.78102713805936,,,mixed cyclic-ring torsional/out-of-plane deformation / cyclic-ring deformation (C-C-C bend) / ring-site C-H out-of-plane bending,"gamma(H12;C1,H10,H11)",oop,0.004081561159259471,+,0.002556028471263922,0.29346958015132085
13,458.78102713805936,,,mixed cyclic-ring torsional/out-of-plane deformation / cyclic-ring deformation (C-C-C bend) / ring-site C-H out-of-plane bending,nu(C1-C2),bond,0.0038420631535951736,-,-0.0024349516176190517,0.30440514126911583
13,458.78102713805936,,,mixed cyclic-ring torsional/out-of-plane deformation / cyclic-ring deformation (C-C-C bend) / ring-site C-H out-of-plane bending,nu(C6-C7),bond,0.0035371180497522532,-,-0.0025250068526953447,0.26061090755461674
13,458.78102713805936,,,mixed cyclic-ring torsional/out-of-plane deformation / cyclic-ring deformation (C-C-C bend) / ring-site C-H out-of-plane bending,nu(C4-H13),bond,0.003125374235058493,+,0.0021362252167487273,0.321718554953058
13,458.78102713805936,,,mixed cyclic-ring torsional/out-of-plane deformation / cyclic-ring deformation (C-C-C bend) / ring-site C-H out-of-plane bending,delta(H10-C1-H11),angle,0.0025546470561693033,+,0.002455866974932269,0.19897081823552717
13,458.78102713805936,,,mixed cyclic-ring torsional/out-of-plane deformation / cyclic-ring deformation (C-C-C bend) / ring-site C-H out-of-plane bending,nu(C1-H10),bond,0.0024792517947775155,-,-0.0018824377941635349,0.32866051035710836
13,458.78102713805936,,,mixed cyclic-ring torsional/out-of-plane deformation / cyclic-ring deformation (C-C-C bend) / ring-site C-H out-of-plane bending,nu(C1-H11),bond,0.0016385942975106489,+,0.0015301075202725795,0.32877266060693383
13,458.78102713805936,,,mixed cyclic-ring torsional/out-of-plane deformation / cyclic-ring deformation (C-C-C bend) / ring-site C-H out-of-plane bending,delta(H17-C9-H18),angle,0.0014848668930129507,-,-0.0018847441505912808,0.19635902741953512
13,458.78102713805936,,,mixed cyclic-ring torsional/out-of-plane deformation / cyclic-ring deformation (C-C-C bend) / ring-site C-H out-of-plane bending,delta(C6-C7-O8),angle,0.0012534258965498975,+,0.0012173392693312,0.3973228627278992
13,458.78102713805936,,,mixed cyclic-ring torsional/out-of-plane deformation / cyclic-ring deformation (C-C-C bend) / ring-site C-H out-of-plane bending,nu(N5-H15),bond,0.001066759242766754,+,0.001069928007685844,0.4377492979794155
13,458.78102713805936,,,mixed cyclic-ring torsional/out-of-plane deformation / cyclic-ring deformation (C-C-C bend) / ring-site C-H out-of-plane bending,delta(H13-C4-H14),angle,0.00018412251750800932,+,0.0005000432002370729,0.34590752413408615
13,458.78102713805936,,,mixed cyclic-ring torsional/out-of-plane deformation / cyclic-ring deformation (C-C-C bend) / ring-site C-H out-of-plane bending,nu(C4-H14),bond,9.922251004686349e-05,-,-0.0003736482834926541,0.33385077033221655
13,458.78102713805936,,,mixed cyclic-ring torsional/out-of-plane deformation / cyclic-ring deformation (C-C-C bend) / ring-site C-H out-of-plane bending,nu(C6-H16),bond,7.634225782104841e-05,+,0.00033670639155931073,0.316322755718694
13,458.78102713805936,,,mixed cyclic-ring torsional/out-of-plane deformation / cyclic-ring deformation (C-C-C bend) / ring-site C-H out-of-plane bending,nu(C1-H12),bond,6.752975900919428e-05,+,0.0003062448155952673,0.33824070099731823
14,556.5793003736743,,,mixed cyclic-ring deformation (C-C-C bend) / C-C-O bending,delta(C2-C9-C7),angle,24.230857074807478,-,-0.07118267585746083,1.385866754545155
14,556.5793003736743,,,mixed cyclic-ring deformation (C-C-C bend) / C-C-O bending,delta(C6-C7-O8),angle,15.750842130828525,-,-0.10718420014995297,0.3973228627278992
14,556.5793003736743,,,mixed cyclic-ring deformation (C-C-C bend) / C-C-O bending,delta(N5-C6-C7),angle,11.288090867066156,+,0.0534576586372142,1.1447270624227694
14,556.5793003736743,,,mixed cyclic-ring deformation (C-C-C bend) / C-C-O bending,tau(H15-N5-C6-H16),dihedral,9.386821919492906,+,0.14871757755897788,0.12299721945055526
14,556.5793003736743,,,mixed cyclic-ring deformation (C-C-C bend) / C-C-O bending,delta(C2-C3-C4),angle,6.236414737802914,-,-0.04241095349985522,1.004801410940264
14,556.5793003736743,,,mixed cyclic-ring deformation (C-C-C bend) / C-C-O bending,delta(C3-C6-C7),angle,4.164513492898015,-,-0.024416379260681142,2.0244314202912057
14,556.5793003736743,,,mixed cyclic-ring deformation (C-C-C bend) / C-C-O bending,tau(C4-C3-C6-C7),dihedral,3.9722080353524842,+,0.029207967088533324,1.3493687390108424
14,556.5793003736743,,,mixed cyclic-ring deformation (C-C-C bend) / C-C-O bending,tau(H12-C1-C2-C9),dihedral,2.6597157251984354,+,0.06862909922064203,0.16365148246706415
14,556.5793003736743,,,mixed cyclic-ring deformation (C-C-C bend) / C-C-O bending,nu(N5-C6),bond,2.5944402086321428,+,0.05119041155024079,0.2869245732116675
14,556.5793003736743,,,mixed cyclic-ring deformation (C-C-C bend) / C-C-O bending,delta(C1-C2-C9),angle,2.414646833766848,-,-0.04786021365661748,0.30549610246436376
14,556.5793003736743,,,mixed cyclic-ring deformation (C-C-C bend) / C-C-O bending,delta(C6-N5-H15),angle,2.070981126948806,-,-0.059509420632636936,0.16947514613136253
14,556.5793003736743,,,mixed cyclic-ring deformation (C-C-C bend) / C-C-O bending,nu(C2-C9),bond,1.7203623304904412,-,-0.03846463373323162,0.33697527931198995
14,556.5793003736743,,,mixed cyclic-ring deformation (C-C-C bend) / C-C-O bending,nu(C1-C2),bond,1.6874051758780033,-,-0.04008061316946783,0.30440514126911583
14,556.5793003736743,,,mixed cyclic-ring deformation (C-C-C bend) / C-C-O bending,tau(H13-C4-N5-C6),dihedral,1.602891700011683,-,-0.04707796402801189,0.20958980556226944
14,556.5793003736743,,,mixed cyclic-ring deformation (C-C-C bend) / C-C-O bending,tau(H16-C6-C7-C9),dihedral,1.4625303431953485,-,-0.041251134949516745,0.2490774446775072
14,556.5793003736743,,,mixed cyclic-ring deformation (C-C-C bend) / C-C-O bending,nu(C6-C7),bond,1.052585411805222,-,-0.034212360459887195,0.26061090755461674
14,556.5793003736743,,,mixed cyclic-ring deformation (C-C-C bend) / C-C-O bending,nu(C4-N5),bond,0.9244808569302887,+,0.026350368117832677,0.3858565433334769
14,556.5793003736743,,,mixed cyclic-ring deformation (C-C-C bend) / C-C-O bending,delta(C2-C1-H10),angle,0.8367171759823918,-,-0.02581593259217923,0.36383491014983216
14,556.5793003736743,,,mixed cyclic-ring deformation (C-C-C bend) / C-C-O bending,tau(H10-C1-C2-C3),dihedral,0.768024460736453,-,-0.037116991107963106,0.16155888472585178
14,556.5793003736743,,,mixed cyclic-ring deformation (C-C-C bend) / C-C-O bending,tau(N5-C6-C7-C9),dihedral,0.742660682909554,-,-0.013935884905360863,1.1082114958962508
14,556.5793003736743,,,mixed cyclic-ring deformation (C-C-C bend) / C-C-O bending,nu(C3-C4),bond,0.71111590303091,-,-0.02601667244092737,0.30446558741359786
14,556.5793003736743,,,mixed cyclic-ring deformation (C-C-C bend) / C-C-O bending,nu(C7-C9),bond,0.66780303099157,+,0.026102889914502905,0.284035433913249
14,556.5793003736743,,,mixed cyclic-ring deformation (C-C-C bend) / C-C-O bending,delta(C7-C6-H16),angle,0.5914570848183217,-,-0.024700370560569236,0.28094261542051463
14,556.5793003736743,,,mixed cyclic-ring deformation (C-C-C bend) / C-C-O bending,nu(C7-O8),bond,0.5594534042840998,-,-0.013649717990544583,0.870197604715786
14,556.5793003736743,,,mixed cyclic-ring deformation (C-C-C bend) / C-C-O bending,delta(C2-C1-H12),angle,0.5416836180267697,+,0.020213589907180526,0.38420244179789187
14,556.5793003736743,,,mixed cyclic-ring deformation (C-C-C bend) / C-C-O bending,delta(C7-C9-H17),angle,0.41976379146242626,+,0.01999426455578686,0.30429542690694594
14,556.5793003736743,,,mixed cyclic-ring deformation (C-C-C bend) / C-C-O bending,tau(C6-C7-C9-H17),dihedral,0.3053211706566765,+,0.02194512642830357,0.18373084169576953
14,556.5793003736743,,,mixed cyclic-ring deformation (C-C-C bend) / C-C-O bending,tau(C3-C6-C7-O8),dihedral,0.20827992236308865,-,-0.029661069384076127,0.06860805660810879
14,556.5793003736743,,,mixed cyclic-ring deformation (C-C-C bend) / C-C-O bending,"gamma(C2;C9,H17,H18)",oop,0.18767622634759693,+,0.014387175378077027,0.2627601537123469
14,556.5793003736743,,,mixed cyclic-ring deformation (C-C-C bend) / C-C-O bending,delta(H17-C9-H18),angle,0.09115885072989709,+,0.011599109397567404,0.19635902741953512
14,556.5793003736743,,,mixed cyclic-ring deformation (C-C-C bend) / C-C-O bending,"gamma(C3;C4,H13,H14)",oop,0.04206141939458639,-,-0.00583489151561111,0.3580302094181095
14,556.5793003736743,,,mixed cyclic-ring deformation (C-C-C bend) / C-C-O bending,"gamma(H12;C1,H10,H11)",oop,0.019156524412964816,-,-0.004349381204867203,0.29346958015132085
14,556.5793003736743,,,mixed cyclic-ring deformation (C-C-C bend) / C-C-O bending,tau(C1-C2-C3-C6),dihedral,0.018395466179026085,+,0.004409745958798172,0.2741479334959476
14,556.5793003736743,,,mixed cyclic-ring deformation (C-C-C bend) / C-C-O bending,delta(H10-C1-H11),angle,0.015694363918367392,-,-0.0047810999903501045,0.19897081823552717
14,556.5793003736743,,,mixed cyclic-ring deformation (C-C-C bend) / C-C-O bending,delta(N5-C4-H14),angle,0.010839671845448274,-,-0.002384963842452667,0.5522730570457748
14,556.5793003736743,,,mixed cyclic-ring deformation (C-C-C bend) / C-C-O bending,nu(C6-H16),bond,0.009760128965129795,-,-0.0029902893939407426,0.316322755718694
14,556.5793003736743,,,mixed cyclic-ring deformation (C-C-C bend) / C-C-O bending,nu(N5-H15),bond,0.008995455018437761,+,0.002440335282633805,0.4377492979794155
14,556.5793003736743,,,mixed cyclic-ring deformation (C-C-C bend) / C-C-O bending,tau(C2-C3-C4-H13),dihedral,0.006712890952049176,+,0.0028983294776408408,0.23158765474680962
14,556.5793003736743,,,mixed cyclic-ring deformation (C-C-C bend) / C-C-O bending,nu(C4-H13),bond,0.004370919207553664,-,-0.001984261906314627,0.321718554953058
14,556.5793003736743,,,mixed cyclic-ring deformation (C-C-C bend) / C-C-O bending,nu(C2-C3),bond,0.0031156946736426764,-,-0.0012115421344146317,0.6151473637723944
14,556.5793003736743,,,mixed cyclic-ring deformation (C-C-C bend) / C-C-O bending,nu(C9-H18),bond,0.0024404231188216883,-,-0.0014782766575964896,0.32363464909074685
14,556.5793003736743,,,mixed cyclic-ring deformation (C-C-C bend) / C-C-O bending,nu(C1-H10),bond,0.002403975009042104,+,0.0014559346154900314,0.32866051035710836
14,556.5793003736743,,,mixed cyclic-ring deformation (C-C-C bend) / C-C-O bending,tau(C6-C7-C9-C2),dihedral,0.002115683758446895,-,-0.0008587463458654953,0.8314234474219374
14,556.5793003736743,,,mixed cyclic-ring deformation (C-C-C bend) / C-C-O bending,nu(C1-H12),bond,0.0015560800667473668,-,-0.001154658872216863,0.33824070099731823
14,556.5793003736743,,,mixed cyclic-ring deformation (C-C-C bend) / C-C-O bending,nu(C4-H14),bond,0.0009865170680952867,-,-0.000925394194284919,0.33385077033221655
14,556.5793003736743,,,mixed cyclic-ring deformation (C-C-C bend) / C-C-O bending,nu(C9-H17),bond,0.0002536685619356376,+,0.0004699581910369329,0.3328507348586602
14,556.5793003736743,,,mixed cyclic-ring deformation (C-C-C bend) / C-C-O bending,nu(C1-H11),bond,0.00014019353575482084,+,0.0003515335714664738,0.32877266060693383
14,556.5793003736743,,,mixed cyclic-ring deformation (C-C-C bend) / C-C-O bending,delta(H13-C4-H14),angle,9.763086848963435e-05,-,-0.0002859988138765442,0.34590752413408615
15,579.408022751115,,,mixed cyclic-ring deformation (C-C-C bend) / cyclic-ring torsional/out-of-plane deformation,tau(N5-C6-C7-C9),dihedral,20.596086359587094,-,-0.0647229224943382,1.1082114958962508
15,579.408022751115,,,mixed cyclic-ring deformation (C-C-C bend) / cyclic-ring torsional/out-of-plane deformation,delta(C2-C3-C4),angle,14.086406036149594,-,-0.05621304041199972,1.004801410940264
15,579.408022751115,,,mixed cyclic-ring deformation (C-C-C bend) / cyclic-ring torsional/out-of-plane deformation,nu(C7-C9),bond,8.412084905597965,+,0.08170387511602445,0.284035433913249
15,579.408022751115,,,mixed cyclic-ring deformation (C-C-C bend) / cyclic-ring torsional/out-of-plane deformation,nu(C1-C2),bond,7.993275559505009,+,0.07693314621605776,0.30440514126911583
15,579.408022751115,,,mixed cyclic-ring deformation (C-C-C bend) / cyclic-ring torsional/out-of-plane deformation,delta(C2-C9-C7),angle,7.557947533857583,+,0.03506051496051473,1.385866754545155
15,579.408022751115,,,mixed cyclic-ring deformation (C-C-C bend) / cyclic-ring torsional/out-of-plane deformation,tau(C2-C3-C4-H13),dihedral,7.381556985878318,+,0.08476047437097023,0.23158765474680962
15,579.408022751115,,,mixed cyclic-ring deformation (C-C-C bend) / cyclic-ring torsional/out-of-plane deformation,delta(C3-C6-C7),angle,6.010113250265154,-,-0.0258682402487452,2.0244314202912057
15,579.408022751115,,,mixed cyclic-ring deformation (C-C-C bend) / cyclic-ring torsional/out-of-plane deformation,tau(C4-C3-C6-C7),dihedral,3.559487528434918,+,0.02438403135209679,1.3493687390108424
15,579.408022751115,,,mixed cyclic-ring deformation (C-C-C bend) / cyclic-ring torsional/out-of-plane deformation,delta(N5-C6-C7),angle,3.100241108842196,+,0.02470721832246325,1.1447270624227694
15,579.408022751115,,,mixed cyclic-ring deformation (C-C-C bend) / cyclic-ring torsional/out-of-plane deformation,delta(C7-C9-H17),angle,2.8092815973313146,-,-0.045617031127515306,0.30429542690694594
15,579.408022751115,,,mixed cyclic-ring deformation (C-C-C bend) / cyclic-ring torsional/out-of-plane deformation,nu(C3-C4),bond,2.486355877404062,-,-0.042903194588301795,0.30446558741359786
15,579.408022751115,,,mixed cyclic-ring deformation (C-C-C bend) / cyclic-ring torsional/out-of-plane deformation,tau(H16-C6-C7-C9),dihedral,2.3237739364508725,-,-0.045857125701782755,0.2490774446775072
15,579.408022751115,,,mixed cyclic-ring deformation (C-C-C bend) / cyclic-ring torsional/out-of-plane deformation,nu(N5-C6),bond,2.049745521285272,+,0.0401276007167197,0.2869245732116675
15,579.408022751115,,,mixed cyclic-ring deformation (C-C-C bend) / cyclic-ring torsional/out-of-plane deformation,tau(H15-N5-C6-H16),dihedral,1.712251196383317,+,0.05601614078042119,0.12299721945055526
15,579.408022751115,,,mixed cyclic-ring deformation (C-C-C bend) / cyclic-ring torsional/out-of-plane deformation,tau(C6-C7-C9-H17),dihedral,1.4552390429603284,+,0.04225257966312161,0.18373084169576953
15,579.408022751115,,,mixed cyclic-ring deformation (C-C-C bend) / cyclic-ring torsional/out-of-plane deformation,delta(C2-C1-H12),angle,1.3707610190084851,+,0.028358150631289495,0.38420244179789187
15,579.408022751115,,,mixed cyclic-ring deformation (C-C-C bend) / cyclic-ring torsional/out-of-plane deformation,tau(C6-C7-C9-C2),dihedral,1.2576358658023763,+,0.018464749304501454,0.8314234474219374
15,579.408022751115,,,mixed cyclic-ring deformation (C-C-C bend) / cyclic-ring torsional/out-of-plane deformation,tau(C1-C2-C3-C6),dihedral,0.9342861657186899,-,-0.027715617773614865,0.2741479334959476
15,579.408022751115,,,mixed cyclic-ring deformation (C-C-C bend) / cyclic-ring torsional/out-of-plane deformation,tau(C3-C6-C7-O8),dihedral,0.832304931105842,+,0.052291459982951705,0.06860805660810879
15,579.408022751115,,,mixed cyclic-ring deformation (C-C-C bend) / cyclic-ring torsional/out-of-plane deformation,delta(C6-N5-H15),angle,0.5990586141219899,-,-0.028226611299095795,0.16947514613136253
15,579.408022751115,,,mixed cyclic-ring deformation (C-C-C bend) / cyclic-ring torsional/out-of-plane deformation,"gamma(C3;C4,H13,H14)",oop,0.5027589447830494,-,-0.01779086889585795,0.3580302094181095
15,579.408022751115,,,mixed cyclic-ring deformation (C-C-C bend) / cyclic-ring torsional/out-of-plane deformation,"gamma(C2;C9,H17,H18)",oop,0.46766278223522295,-,-0.020029206468442952,0.2627601537123469
15,579.408022751115,,,mixed cyclic-ring deformation (C-C-C bend) / cyclic-ring torsional/out-of-plane deformation,tau(H10-C1-C2-C3),dihedral,0.4496482085450859,+,0.025046560955607037,0.16155888472585178
15,579.408022751115,,,mixed cyclic-ring deformation (C-C-C bend) / cyclic-ring torsional/out-of-plane deformation,nu(C4-N5),bond,0.4343603110972167,+,0.015929026163664494,0.3858565433334769
15,579.408022751115,,,mixed cyclic-ring deformation (C-C-C bend) / cyclic-ring torsional/out-of-plane deformation,nu(C2-C9),bond,0.327282669264171,+,0.014795838281544795,0.33697527931198995
15,579.408022751115,,,mixed cyclic-ring deformation (C-C-C bend) / cyclic-ring torsional/out-of-plane deformation,nu(C2-C3),bond,0.26462749791756923,+,0.009847023950040721,0.6151473637723944
15,579.408022751115,,,mixed cyclic-ring deformation (C-C-C bend) / cyclic-ring torsional/out-of-plane deformation,delta(C7-C6-H16),angle,0.2486766352300672,+,0.01412491272832576,0.28094261542051463
15,579.408022751115,,,mixed cyclic-ring deformation (C-C-C bend) / cyclic-ring torsional/out-of-plane deformation,delta(C2-C1-H10),angle,0.18258936852437763,-,-0.010635616083578433,0.36383491014983216
15,579.408022751115,,,mixed cyclic-ring deformation (C-C-C bend) / cyclic-ring torsional/out-of-plane deformation,tau(H13-C4-N5-C6),dihedral,0.16110900719689866,-,-0.013162910424310928,0.20958980556226944
15,579.408022751115,,,mixed cyclic-ring deformation (C-C-C bend) / cyclic-ring torsional/out-of-plane deformation,delta(C6-C7-O8),angle,0.15888702464967572,-,-0.009494006632899732,0.3973228627278992
15,579.408022751115,,,mixed cyclic-ring deformation (C-C-C bend) / cyclic-ring torsional/out-of-plane deformation,delta(C1-C2-C9),angle,0.09164900304146939,-,-0.0082231484051133,0.30549610246436376
15,579.408022751115,,,mixed cyclic-ring deformation (C-C-C bend) / cyclic-ring torsional/out-of-plane deformation,nu(C6-C7),bond,0.07148454792323951,-,-0.007862974834846647,0.26061090755461674
15,579.408022751115,,,mixed cyclic-ring deformation (C-C-C bend) / cyclic-ring torsional/out-of-plane deformation,nu(C7-O8),bond,0.04552939219377976,+,0.003434109010790347,0.870197604715786
15,579.408022751115,,,mixed cyclic-ring deformation (C-C-C bend) / cyclic-ring torsional/out-of-plane deformation,delta(H17-C9-H18),angle,0.012852994028269825,-,-0.003841084039566843,0.19635902741953512
15,579.408022751115,,,mixed cyclic-ring deformation (C-C-C bend) / cyclic-ring torsional/out-of-plane deformation,tau(H12-C1-C2-C9),dihedral,0.0118214046607364,+,0.0040350754764047515,0.16365148246706415
15,579.408022751115,,,mixed cyclic-ring deformation (C-C-C bend) / cyclic-ring torsional/out-of-plane deformation,nu(N5-H15),bond,0.009117868453452957,+,0.002166761072243271,0.4377492979794155
15,579.408022751115,,,mixed cyclic-ring deformation (C-C-C bend) / cyclic-ring torsional/out-of-plane deformation,delta(N5-C4-H14),angle,0.007020278919810266,-,-0.0016926896860206774,0.5522730570457748
15,579.408022751115,,,mixed cyclic-ring deformation (C-C-C bend) / cyclic-ring torsional/out-of-plane deformation,"gamma(H12;C1,H10,H11)",oop,0.005815488803219594,+,0.0021134338503194447,0.29346958015132085
15,579.408022751115,,,mixed cyclic-ring deformation (C-C-C bend) / cyclic-ring torsional/out-of-plane deformation,nu(C9-H18),bond,0.005722949717036225,-,-0.0019964551192107596,0.32363464909074685
15,579.408022751115,,,mixed cyclic-ring deformation (C-C-C bend) / cyclic-ring torsional/out-of-plane deformation,nu(C6-H16),bond,0.004751629071378665,-,-0.0018400648963725938,0.316322755718694
15,579.408022751115,,,mixed cyclic-ring deformation (C-C-C bend) / cyclic-ring torsional/out-of-plane deformation,delta(H10-C1-H11),angle,0.004056361741990828,-,-0.002143634502653304,0.19897081823552717
15,579.408022751115,,,mixed cyclic-ring deformation (C-C-C bend) / cyclic-ring torsional/out-of-plane deformation,nu(C9-H17),bond,0.0023624447228446826,+,0.001264832919255932,0.3328507348586602
15,579.408022751115,,,mixed cyclic-ring deformation (C-C-C bend) / cyclic-ring torsional/out-of-plane deformation,nu(C4-H14),bond,0.0009118195195041952,-,-0.0007846127184692015,0.33385077033221655
15,579.408022751115,,,mixed cyclic-ring deformation (C-C-C bend) / cyclic-ring torsional/out-of-plane deformation,nu(C4-H13),bond,0.0006856912614885941,-,-0.0006931118840288799,0.321718554953058
15,579.408022751115,,,mixed cyclic-ring deformation (C-C-C bend) / cyclic-ring torsional/out-of-plane deformation,nu(C1-H10),bond,0.00028899346411405787,-,-0.00044519198847550777,0.32866051035710836
15,579.408022751115,,,mixed cyclic-ring deformation (C-C-C bend) / cyclic-ring torsional/out-of-plane deformation,delta(H13-C4-H14),angle,0.0002519423003142789,-,-0.00040517965775979225,0.34590752413408615
15,579.408022751115,,,mixed cyclic-ring deformation (C-C-C bend) / cyclic-ring torsional/out-of-plane deformation,nu(C1-H11),bond,9.307778254016711e-05,-,-0.00025261100027483395,0.32877266060693383
15,579.408022751115,,,mixed cyclic-ring deformation (C-C-C bend) / cyclic-ring torsional/out-of-plane deformation,nu(C1-H12),bond,8.86272611017698e-05,+,0.0002430232496366626,0.33824070099731823
16,622.4055122084059,,,mixed cyclic-ring deformation (C-C-C bend) / in-phase cyclic C-C stretching,delta(C3-C6-C7),angle,27.4052004395062,+,0.05407005968416852,2.0244314202912057
16,622.4055122084059,,,mixed cyclic-ring deformation (C-C-C bend) / in-phase cyclic C-C stretching,nu(C7-C9),bond,13.476455756556547,+,0.10122632632648135,0.284035433913249
16,622.4055122084059,,,mixed cyclic-ring deformation (C-C-C bend) / in-phase cyclic C-C stretching,nu(C6-C7),bond,11.672079071192917,+,0.0983489456256417,0.26061090755461674
16,622.4055122084059,,,mixed cyclic-ring deformation (C-C-C bend) / in-phase cyclic C-C stretching,tau(C6-C7-C9-H17),dihedral,5.9227157181940235,+,0.0834375039606859,0.18373084169576953
16,622.4055122084059,,,mixed cyclic-ring deformation (C-C-C bend) / in-phase cyclic C-C stretching,tau(H15-N5-C6-H16),dihedral,5.883403081907611,-,-0.10163857024062263,0.12299721945055526
16,622.4055122084059,,,mixed cyclic-ring deformation (C-C-C bend) / in-phase cyclic C-C stretching,tau(C6-C7-C9-C2),dihedral,5.688721285699955,+,0.03844041665015626,0.8314234474219374
16,622.4055122084059,,,mixed cyclic-ring deformation (C-C-C bend) / in-phase cyclic C-C stretching,delta(C1-C2-C9),angle,4.776807245986787,-,-0.05811094174881486,0.30549610246436376
16,622.4055122084059,,,mixed cyclic-ring deformation (C-C-C bend) / in-phase cyclic C-C stretching,"gamma(C2;C9,H17,H18)",oop,3.5207721621877153,-,-0.053793660701860806,0.2627601537123469
16,622.4055122084059,,,mixed cyclic-ring deformation (C-C-C bend) / in-phase cyclic C-C stretching,tau(C3-C6-C7-O8),dihedral,3.4714586949269273,+,0.10453466562434675,0.06860805660810879
16,622.4055122084059,,,mixed cyclic-ring deformation (C-C-C bend) / in-phase cyclic C-C stretching,delta(N5-C6-C7),angle,3.4654154772966126,+,0.02556928432599313,1.1447270624227694
16,622.4055122084059,,,mixed cyclic-ring deformation (C-C-C bend) / in-phase cyclic C-C stretching,tau(N5-C6-C7-C9),dihedral,2.830460671958149,-,-0.023486003925471743,1.1082114958962508
16,622.4055122084059,,,mixed cyclic-ring deformation (C-C-C bend) / in-phase cyclic C-C stretching,tau(C4-C3-C6-C7),dihedral,1.537559304944454,+,0.015687094319951297,1.3493687390108424
16,622.4055122084059,,,mixed cyclic-ring deformation (C-C-C bend) / in-phase cyclic C-C stretching,delta(C6-C7-O8),angle,1.229090647601443,-,-0.025847114767950742,0.3973228627278992
16,622.4055122084059,,,mixed cyclic-ring deformation (C-C-C bend) / in-phase cyclic C-C stretching,nu(C7-O8),bond,0.9408453543828307,+,0.015280658598520853,0.870197604715786
16,622.4055122084059,,,mixed cyclic-ring deformation (C-C-C bend) / in-phase cyclic C-C stretching,nu(C3-C4),bond,0.9289453572510893,+,0.025669527215783656,0.30446558741359786
16,622.4055122084059,,,mixed cyclic-ring deformation (C-C-C bend) / in-phase cyclic C-C stretching,nu(C2-C9),bond,0.776345465777541,+,0.022305932394595655,0.33697527931198995
16,622.4055122084059,,,mixed cyclic-ring deformation (C-C-C bend) / in-phase cyclic C-C stretching,tau(H16-C6-C7-C9),dihedral,0.6740456803388776,-,-0.024175159954946648,0.2490774446775072
16,622.4055122084059,,,mixed cyclic-ring deformation (C-C-C bend) / in-phase cyclic C-C stretching,nu(C4-N5),bond,0.6417018359872813,-,-0.018951587648864374,0.3858565433334769
16,622.4055122084059,,,mixed cyclic-ring deformation (C-C-C bend) / in-phase cyclic C-C stretching,nu(N5-C6),bond,0.6398648020794386,+,0.021945836053810355,0.2869245732116675
16,622.4055122084059,,,mixed cyclic-ring deformation (C-C-C bend) / in-phase cyclic C-C stretching,delta(C2-C1-H12),angle,0.5903422436887599,+,0.018216450691517772,0.38420244179789187
16,622.4055122084059,,,mixed cyclic-ring deformation (C-C-C bend) / in-phase cyclic C-C stretching,delta(C6-N5-H15),angle,0.5678032077979679,+,0.02689910340813995,0.16947514613136253
16,622.4055122084059,,,mixed cyclic-ring deformation (C-C-C bend) / in-phase cyclic C-C stretching,nu(C1-C2),bond,0.493043681326786,-,-0.018702884817496636,0.30440514126911583
16,622.4055122084059,,,mixed cyclic-ring deformation (C-C-C bend) / in-phase cyclic C-C stretching,tau(H12-C1-C2-C9),dihedral,0.4774458569150091,+,0.025101171142069712,0.16365148246706415
16,622.4055122084059,,,mixed cyclic-ring deformation (C-C-C bend) / in-phase cyclic C-C stretching,tau(C2-C3-C4-H13),dihedral,0.4355911988953501,+,0.020154579330398763,0.23158765474680962
16,622.4055122084059,,,mixed cyclic-ring deformation (C-C-C bend) / in-phase cyclic C-C stretching,nu(C2-C3),bond,0.3936562184822059,-,-0.011756034900168019,0.6151473637723944
16,622.4055122084059,,,mixed cyclic-ring deformation (C-C-C bend) / in-phase cyclic C-C stretching,"gamma(C3;C4,H13,H14)",oop,0.32486938003102356,+,0.013998659361596754,0.3580302094181095
16,622.4055122084059,,,mixed cyclic-ring deformation (C-C-C bend) / in-phase cyclic C-C stretching,tau(C1-C2-C3-C6),dihedral,0.29623534639350985,+,0.015276288168555429,0.2741479334959476
16,622.4055122084059,,,mixed cyclic-ring deformation (C-C-C bend) / in-phase cyclic C-C stretching,delta(C2-C3-C4),angle,0.20148516322455742,+,0.006580718441908569,1.004801410940264
16,622.4055122084059,,,mixed cyclic-ring deformation (C-C-C bend) / in-phase cyclic C-C stretching,tau(H10-C1-C2-C3),dihedral,0.17024949147472826,+,0.015085835946281989,0.16155888472585178
16,622.4055122084059,,,mixed cyclic-ring deformation (C-C-C bend) / in-phase cyclic C-C stretching,delta(C7-C9-H17),angle,0.15145234626089085,+,0.010367694276020245,0.30429542690694594
16,622.4055122084059,,,mixed cyclic-ring deformation (C-C-C bend) / in-phase cyclic C-C stretching,delta(C2-C1-H10),angle,0.15133937514811527,-,-0.009477977571254848,0.36383491014983216
16,622.4055122084059,,,mixed cyclic-ring deformation (C-C-C bend) / in-phase cyclic C-C stretching,delta(C7-C6-H16),angle,0.08751735878163938,-,-0.008202196751780006,0.28094261542051463
16,622.4055122084059,,,mixed cyclic-ring deformation (C-C-C bend) / in-phase cyclic C-C stretching,tau(H13-C4-N5-C6),dihedral,0.08523221564991343,-,-0.009371491247219513,0.20958980556226944
16,622.4055122084059,,,mixed cyclic-ring deformation (C-C-C bend) / in-phase cyclic C-C stretching,delta(N5-C4-H14),angle,0.04123751183312781,-,-0.00401569935186422,0.5522730570457748
16,622.4055122084059,,,mixed cyclic-ring deformation (C-C-C bend) / in-phase cyclic C-C stretching,delta(H10-C1-H11),angle,0.01093580896128769,-,-0.0034452651936262087,0.19897081823552717
16,622.4055122084059,,,mixed cyclic-ring deformation (C-C-C bend) / in-phase cyclic C-C stretching,nu(C9-H17),bond,0.009451278462306307,+,0.0024763521951146872,0.3328507348586602
16,622.4055122084059,,,mixed cyclic-ring deformation (C-C-C bend) / in-phase cyclic C-C stretching,"gamma(H12;C1,H10,H11)",oop,0.00897675452998533,-,-0.0025702183597344926,0.29346958015132085
16,622.4055122084059,,,mixed cyclic-ring deformation (C-C-C bend) / in-phase cyclic C-C stretching,nu(C9-H18),bond,0.0063554565171274075,-,-0.002059386028283914,0.32363464909074685
16,622.4055122084059,,,mixed cyclic-ring deformation (C-C-C bend) / in-phase cyclic C-C stretching,nu(C4-H14),bond,0.0038810673895596608,+,0.0015844965309127215,0.33385077033221655
16,622.4055122084059,,,mixed cyclic-ring deformation (C-C-C bend) / in-phase cyclic C-C stretching,nu(N5-H15),bond,0.0036016720633613524,-,-0.0013330033677313039,0.4377492979794155
16,622.4055122084059,,,mixed cyclic-ring deformation (C-C-C bend) / in-phase cyclic C-C stretching,nu(C6-H16),bond,0.002444016605536584,+,0.001291750833932145,0.316322755718694
16,622.4055122084059,,,mixed cyclic-ring deformation (C-C-C bend) / in-phase cyclic C-C stretching,delta(C2-C9-C7),angle,0.002182407805416227,-,-0.0005831752805304181,1.385866754545155
16,622.4055122084059,,,mixed cyclic-ring deformation (C-C-C bend) / in-phase cyclic C-C stretching,delta(H17-C9-H18),angle,0.0007760332164044537,+,0.0009238609514723381,0.19635902741953512
16,622.4055122084059,,,mixed cyclic-ring deformation (C-C-C bend) / in-phase cyclic C-C stretching,nu(C4-H13),bond,0.000651141775616877,+,0.0006611372351001226,0.321718554953058
16,622.4055122084059,,,mixed cyclic-ring deformation (C-C-C bend) / in-phase cyclic C-C stretching,nu(C1-H12),bond,0.0005097966256970879,-,-0.0005705286230707518,0.33824070099731823
16,622.4055122084059,,,mixed cyclic-ring deformation (C-C-C bend) / in-phase cyclic C-C stretching,nu(C1-H11),bond,0.0003366836692164192,+,0.0004702784409798342,0.32877266060693383
16,622.4055122084059,,,mixed cyclic-ring deformation (C-C-C bend) / in-phase cyclic C-C stretching,nu(C1-H10),bond,0.00026501818804387187,+,0.00041730728820472057,0.32866051035710836
16,622.4055122084059,,,mixed cyclic-ring deformation (C-C-C bend) / in-phase cyclic C-C stretching,delta(H13-C4-H14),angle,0.00024421451047487475,+,0.00039047894398259076,0.34590752413408615
17,684.1559535606812,,,mixed ring-site C-H out-of-plane bending / cyclic C-C stretching,tau(C2-C3-C4-H13),dihedral,20.054769177732943,+,0.1745184949993163,0.23158765474680962
17,684.1559535606812,,,mixed ring-site C-H out-of-plane bending / cyclic C-C stretching,nu(C3-C4),bond,12.60507237308643,-,-0.1206684940617133,0.30446558741359786
17,684.1559535606812,,,mixed ring-site C-H out-of-plane bending / cyclic C-C stretching,tau(H15-N5-C6-H16),dihedral,7.867359072109948,-,-0.14998822541860146,0.12299721945055526
17,684.1559535606812,,,mixed ring-site C-H out-of-plane bending / cyclic C-C stretching,nu(C2-C3),bond,6.333907290059699,-,-0.06017783997532844,0.6151473637723944
17,684.1559535606812,,,mixed ring-site C-H out-of-plane bending / cyclic C-C stretching,tau(H10-C1-C2-C3),dihedral,5.960431063851634,+,0.11391049498436032,0.16155888472585178
17,684.1559535606812,,,mixed ring-site C-H out-of-plane bending / cyclic C-C stretching,tau(H13-C4-N5-C6),dihedral,5.8645811739225655,+,0.0992027590732325,0.20958980556226944
17,684.1559535606812,,,mixed ring-site C-H out-of-plane bending / cyclic C-C stretching,tau(H16-C6-C7-C9),dihedral,5.296629172599721,+,0.08648143968714364,0.2490774446775072
17,684.1559535606812,,,mixed ring-site C-H out-of-plane bending / cyclic C-C stretching,delta(C3-C6-C7),angle,5.129878765832918,-,-0.029853299895831003,2.0244314202912057
17,684.1559535606812,,,mixed ring-site C-H out-of-plane bending / cyclic C-C stretching,nu(C2-C9),bond,4.939766090215815,-,-0.0718033156142888,0.33697527931198995
17,684.1559535606812,,,mixed ring-site C-H out-of-plane bending / cyclic C-C stretching,delta(C2-C9-C7),angle,3.310511874301798,+,0.028985257586799266,1.385866754545155
17,684.1559535606812,,,mixed ring-site C-H out-of-plane bending / cyclic C-C stretching,delta(C6-N5-H15),angle,3.119827472286043,+,0.08046418337837263,0.16947514613136253
17,684.1559535606812,,,mixed ring-site C-H out-of-plane bending / cyclic C-C stretching,nu(C1-C2),bond,3.0753679441859307,-,-0.05960914293643776,0.30440514126911583
17,684.1559535606812,,,mixed ring-site C-H out-of-plane bending / cyclic C-C stretching,delta(N5-C6-C7),angle,2.657621718162546,-,-0.028574979968063442,1.1447270624227694
17,684.1559535606812,,,mixed ring-site C-H out-of-plane bending / cyclic C-C stretching,tau(N5-C6-C7-C9),dihedral,2.561169560925595,-,-0.02851006240403908,1.1082114958962508
17,684.1559535606812,,,mixed ring-site C-H out-of-plane bending / cyclic C-C stretching,delta(C2-C3-C4),angle,2.551015359178517,+,0.029881799413582853,1.004801410940264
17,684.1559535606812,,,mixed ring-site C-H out-of-plane bending / cyclic C-C stretching,delta(C2-C1-H12),angle,1.2305626746789395,+,0.03356310535521884,0.38420244179789187
17,684.1559535606812,,,mixed ring-site C-H out-of-plane bending / cyclic C-C stretching,nu(N5-C6),bond,0.9972643862584366,-,-0.03496323509372569,0.2869245732116675
17,684.1559535606812,,,mixed ring-site C-H out-of-plane bending / cyclic C-C stretching,tau(C6-C7-C9-C2),dihedral,0.902181167440894,-,-0.019535569311601716,0.8314234474219374
17,684.1559535606812,,,mixed ring-site C-H out-of-plane bending / cyclic C-C stretching,delta(C7-C6-H16),angle,0.8529173671029401,+,0.032676459594459716,0.28094261542051463
17,684.1559535606812,,,mixed ring-site C-H out-of-plane bending / cyclic C-C stretching,delta(N5-C4-H14),angle,0.8156041717237311,+,0.022790461446085063,0.5522730570457748
17,684.1559535606812,,,mixed ring-site C-H out-of-plane bending / cyclic C-C stretching,delta(C7-C9-H17),angle,0.6209225536567143,+,0.026789297933128526,0.30429542690694594
17,684.1559535606812,,,mixed ring-site C-H out-of-plane bending / cyclic C-C stretching,nu(C6-C7),bond,0.536305171484735,-,-0.026902957505340944,0.26061090755461674
17,684.1559535606812,,,mixed ring-site C-H out-of-plane bending / cyclic C-C stretching,delta(C1-C2-C9),angle,0.5082824995190495,-,-0.024190233979701353,0.30549610246436376
17,684.1559535606812,,,mixed ring-site C-H out-of-plane bending / cyclic C-C stretching,tau(C1-C2-C3-C6),dihedral,0.4801354264772431,+,0.02481873917117671,0.2741479334959476
17,684.1559535606812,,,mixed ring-site C-H out-of-plane bending / cyclic C-C stretching,"gamma(C2;C9,H17,H18)",oop,0.4361861466425879,-,-0.02416275820806307,0.2627601537123469
17,684.1559535606812,,,mixed ring-site C-H out-of-plane bending / cyclic C-C stretching,nu(C7-C9),bond,0.3342805853519383,+,0.02034509131009858,0.284035433913249
17,684.1559535606812,,,mixed ring-site C-H out-of-plane bending / cyclic C-C stretching,tau(H12-C1-C2-C9),dihedral,0.30918768813797926,-,-0.025777538943508326,0.16365148246706415
17,684.1559535606812,,,mixed ring-site C-H out-of-plane bending / cyclic C-C stretching,tau(C6-C7-C9-H17),dihedral,0.29567584951034415,-,-0.023790700071142423,0.18373084169576953
17,684.1559535606812,,,mixed ring-site C-H out-of-plane bending / cyclic C-C stretching,delta(H13-C4-H14),angle,0.06676563402362697,+,0.008239233518187646,0.34590752413408615
17,684.1559535606812,,,mixed ring-site C-H out-of-plane bending / cyclic C-C stretching,nu(C4-N5),bond,0.06387760704134862,+,0.007630477429250996,0.3858565433334769
17,684.1559535606812,,,mixed ring-site C-H out-of-plane bending / cyclic C-C stretching,delta(C2-C1-H10),angle,0.05268996074836552,-,-0.007136776253564194,0.36383491014983216
17,684.1559535606812,,,mixed ring-site C-H out-of-plane bending / cyclic C-C stretching,"gamma(H12;C1,H10,H11)",oop,0.05011330190287814,-,-0.0077497071521326205,0.29346958015132085
17,684.1559535606812,,,mixed ring-site C-H out-of-plane bending / cyclic C-C stretching,delta(C6-C7-O8),angle,0.020409491741596383,+,0.004250447383487572,0.3973228627278992
17,684.1559535606812,,,mixed ring-site C-H out-of-plane bending / cyclic C-C stretching,delta(H10-C1-H11),angle,0.019888360897110043,-,-0.005929186767070825,0.19897081823552717
17,684.1559535606812,,,mixed ring-site C-H out-of-plane bending / cyclic C-C stretching,tau(C3-C6-C7-O8),dihedral,0.018317698071664355,+,0.009690322187464875,0.06860805660810879
17,684.1559535606812,,,mixed ring-site C-H out-of-plane bending / cyclic C-C stretching,delta(H17-C9-H18),angle,0.01577058441963978,-,-0.005314822747819372,0.19635902741953512
17,684.1559535606812,,,mixed ring-site C-H out-of-plane bending / cyclic C-C stretching,nu(C4-H13),bond,0.010120373975647426,+,0.0033262168055177934,0.321718554953058
17,684.1559535606812,,,mixed ring-site C-H out-of-plane bending / cyclic C-C stretching,"gamma(C3;C4,H13,H14)",oop,0.009623916032301064,-,-0.0030747258838502017,0.3580302094181095
17,684.1559535606812,,,mixed ring-site C-H out-of-plane bending / cyclic C-C stretching,nu(N5-H15),bond,0.0068155805590030824,-,-0.002340070954847012,0.4377492979794155
17,684.1559535606812,,,mixed ring-site C-H out-of-plane bending / cyclic C-C stretching,nu(C7-O8),bond,0.006010876241526733,-,-0.00155865601173742,0.870197604715786
17,684.1559535606812,,,mixed ring-site C-H out-of-plane bending / cyclic C-C stretching,tau(C4-C3-C6-C7),dihedral,0.003992208439059091,-,-0.0010200738383654932,1.3493687390108424
17,684.1559535606812,,,mixed ring-site C-H out-of-plane bending / cyclic C-C stretching,nu(C6-H16),bond,0.0030852012200076294,+,0.0018521103430390127,0.316322755718694
17,684.1559535606812,,,mixed ring-site C-H out-of-plane bending / cyclic C-C stretching,nu(C1-H12),bond,0.001827210526801703,-,-0.0013783886520398712,0.33824070099731823
17,684.1559535606812,,,mixed ring-site C-H out-of-plane bending / cyclic C-C stretching,nu(C9-H18),bond,0.00166270563240853,+,0.0013442204727925372,0.32363464909074685
17,684.1559535606812,,,mixed ring-site C-H out-of-plane bending / cyclic C-C stretching,nu(C1-H11),bond,0.0011282398195560943,+,0.0010986090977738968,0.32877266060693383
17,684.1559535606812,,,mixed ring-site C-H out-of-plane bending / cyclic C-C stretching,nu(C9-H17),bond,0.00042417570852941585,-,-0.0006694813211163398,0.3328507348586602
17,684.1559535606812,,,mixed ring-site C-H out-of-plane bending / cyclic C-C stretching,nu(C1-H10),bond,4.307325006591546e-05,-,-0.00021469423661109503,0.32866051035710836
17,684.1559535606812,,,mixed ring-site C-H out-of-plane bending / cyclic C-C stretching,nu(C4-H14),bond,2.000331122402977e-05,-,-0.00014516605751854967,0.33385077033221655
18,741.9753266458815,,,mixed cyclic-ring deformation (C-C-C bend) / ring-site N-H out-of-plane bending,delta(C3-C6-C7),angle,25.698690805811598,+,0.08335395771288677,2.0244314202912057
18,741.9753266458815,,,mixed cyclic-ring deformation (C-C-C bend) / ring-site N-H out-of-plane bending,tau(H15-N5-C6-H16),dihedral,15.959554964742903,+,0.2664925066654965,0.12299721945055526
18,741.9753266458815,,,mixed cyclic-ring deformation (C-C-C bend) / ring-site N-H out-of-plane bending,delta(C6-N5-H15),angle,12.322816971555536,-,-0.19949143336394823,0.16947514613136253
18,741.9753266458815,,,mixed cyclic-ring deformation (C-C-C bend) / ring-site N-H out-of-plane bending,nu(C4-N5),bond,9.543529101538287,+,0.11634931391071573,0.3858565433334769
18,741.9753266458815,,,mixed cyclic-ring deformation (C-C-C bend) / ring-site N-H out-of-plane bending,tau(N5-C6-C7-C9),dihedral,7.547506969461042,+,0.061053799507120934,1.1082114958962508
18,741.9753266458815,,,mixed cyclic-ring deformation (C-C-C bend) / ring-site N-H out-of-plane bending,delta(C2-C9-C7),angle,6.478617245867036,+,0.05058277873316109,1.385866754545155
18,741.9753266458815,,,mixed cyclic-ring deformation (C-C-C bend) / ring-site N-H out-of-plane bending,tau(C2-C3-C4-H13),dihedral,4.325998175942829,-,-0.1011131694775693,0.23158765474680962
18,741.9753266458815,,,mixed cyclic-ring deformation (C-C-C bend) / ring-site N-H out-of-plane bending,nu(C3-C4),bond,2.9909360209282347,-,-0.07332578402774875,0.30446558741359786
18,741.9753266458815,,,mixed cyclic-ring deformation (C-C-C bend) / ring-site N-H out-of-plane bending,tau(C6-C7-C9-C2),dihedral,2.4785935395967718,+,0.04039371369469567,0.8314234474219374
18,741.9753266458815,,,mixed cyclic-ring deformation (C-C-C bend) / ring-site N-H out-of-plane bending,delta(C6-C7-O8),angle,1.4669153345311727,+,0.04495241273300157,0.3973228627278992
18,741.9753266458815,,,mixed cyclic-ring deformation (C-C-C bend) / ring-site N-H out-of-plane bending,nu(N5-C6),bond,1.3408980743724688,+,0.05057504428058924,0.2869245732116675
18,741.9753266458815,,,mixed cyclic-ring deformation (C-C-C bend) / ring-site N-H out-of-plane bending,nu(C6-C7),bond,1.2440271972636725,-,-0.051114121803922524,0.26061090755461674
18,741.9753266458815,,,mixed cyclic-ring deformation (C-C-C bend) / ring-site N-H out-of-plane bending,nu(C1-C2),bond,1.2167270969037882,-,-0.04677274501852667,0.30440514126911583
18,741.9753266458815,,,mixed cyclic-ring deformation (C-C-C bend) / ring-site N-H out-of-plane bending,nu(C7-C9),bond,1.1213441931827652,-,-0.0464842114755231,0.284035433913249
18,741.9753266458815,,,mixed cyclic-ring deformation (C-C-C bend) / ring-site N-H out-of-plane bending,nu(C2-C3),bond,1.005321015149016,-,-0.02990784059630363,0.6151473637723944
18,741.9753266458815,,,mixed cyclic-ring deformation (C-C-C bend) / ring-site N-H out-of-plane bending,tau(C6-C7-C9-H17),dihedral,0.8694082890919427,+,0.05089124976908656,0.18373084169576953
18,741.9753266458815,,,mixed cyclic-ring deformation (C-C-C bend) / ring-site N-H out-of-plane bending,"gamma(C2;C9,H17,H18)",oop,0.8469021445133337,-,-0.0420009509038446,0.2627601537123469
18,741.9753266458815,,,mixed cyclic-ring deformation (C-C-C bend) / ring-site N-H out-of-plane bending,tau(C4-C3-C6-C7),dihedral,0.8012227654272623,+,0.018027420054359308,1.3493687390108424
18,741.9753266458815,,,mixed cyclic-ring deformation (C-C-C bend) / ring-site N-H out-of-plane bending,delta(C7-C9-H17),angle,0.5503846815687401,-,-0.03146354959698091,0.30429542690694594
18,741.9753266458815,,,mixed cyclic-ring deformation (C-C-C bend) / ring-site N-H out-of-plane bending,tau(C3-C6-C7-O8),dihedral,0.48265459241728814,+,0.062051591228723786,0.06860805660810879
18,741.9753266458815,,,mixed cyclic-ring deformation (C-C-C bend) / ring-site N-H out-of-plane bending,tau(H16-C6-C7-C9),dihedral,0.3825995636711534,-,-0.028995279181127064,0.2490774446775072
18,741.9753266458815,,,mixed cyclic-ring deformation (C-C-C bend) / ring-site N-H out-of-plane bending,tau(H13-C4-N5-C6),dihedral,0.2729955593866473,-,-0.026700228268176248,0.20958980556226944
18,741.9753266458815,,,mixed cyclic-ring deformation (C-C-C bend) / ring-site N-H out-of-plane bending,delta(N5-C4-H14),angle,0.2469740105935108,+,0.015644833992879376,0.5522730570457748
18,741.9753266458815,,,mixed cyclic-ring deformation (C-C-C bend) / ring-site N-H out-of-plane bending,nu(C7-O8),bond,0.16811219888202533,+,0.010282836557425607,0.870197604715786
18,741.9753266458815,,,mixed cyclic-ring deformation (C-C-C bend) / ring-site N-H out-of-plane bending,"gamma(C3;C4,H13,H14)",oop,0.1680018319698093,+,0.0160257894567075,0.3580302094181095
18,741.9753266458815,,,mixed cyclic-ring deformation (C-C-C bend) / ring-site N-H out-of-plane bending,nu(N5-H15),bond,0.07493316591917676,+,0.009679358427104035,0.4377492979794155
18,741.9753266458815,,,mixed cyclic-ring deformation (C-C-C bend) / ring-site N-H out-of-plane bending,delta(N5-C6-C7),angle,0.07372044838158891,+,0.005936975671341247,1.1447270624227694
18,741.9753266458815,,,mixed cyclic-ring deformation (C-C-C bend) / ring-site N-H out-of-plane bending,delta(C1-C2-C9),angle,0.06945390737361391,+,0.011154953522662322,0.30549610246436376
18,741.9753266458815,,,mixed cyclic-ring deformation (C-C-C bend) / ring-site N-H out-of-plane bending,nu(C2-C9),bond,0.06237185535985915,-,-0.010065087873516898,0.33697527931198995
18,741.9753266458815,,,mixed cyclic-ring deformation (C-C-C bend) / ring-site N-H out-of-plane bending,tau(H10-C1-C2-C3),dihedral,0.05315884083997914,-,-0.01341975503341048,0.16155888472585178
18,741.9753266458815,,,mixed cyclic-ring deformation (C-C-C bend) / ring-site N-H out-of-plane bending,delta(C7-C6-H16),angle,0.029390125989148665,-,-0.007566833425661848,0.28094261542051463
18,741.9753266458815,,,mixed cyclic-ring deformation (C-C-C bend) / ring-site N-H out-of-plane bending,delta(H17-C9-H18),angle,0.02416246857190848,-,-0.008206679541374525,0.19635902741953512
18,741.9753266458815,,,mixed cyclic-ring deformation (C-C-C bend) / ring-site N-H out-of-plane bending,tau(C1-C2-C3-C6),dihedral,0.022564874120368002,-,-0.006711911625440705,0.2741479334959476
18,741.9753266458815,,,mixed cyclic-ring deformation (C-C-C bend) / ring-site N-H out-of-plane bending,nu(C4-H13),bond,0.020697915837185207,-,-0.005933999617148401,0.321718554953058
18,741.9753266458815,,,mixed cyclic-ring deformation (C-C-C bend) / ring-site N-H out-of-plane bending,delta(H13-C4-H14),angle,0.009046917959856574,+,0.0037834899255472215,0.34590752413408615
18,741.9753266458815,,,mixed cyclic-ring deformation (C-C-C bend) / ring-site N-H out-of-plane bending,"gamma(H12;C1,H10,H11)",oop,0.008933413815433389,-,-0.004081778566804296,0.29346958015132085
18,741.9753266458815,,,mixed cyclic-ring deformation (C-C-C bend) / ring-site N-H out-of-plane bending,nu(C4-H14),bond,0.008786507517169358,-,-0.0037953707950420124,0.33385077033221655
18,741.9753266458815,,,mixed cyclic-ring deformation (C-C-C bend) / ring-site N-H out-of-plane bending,nu(C6-H16),bond,0.0030871250387194465,-,-0.00231118203301821,0.316322755718694
18,741.9753266458815,,,mixed cyclic-ring deformation (C-C-C bend) / ring-site N-H out-of-plane bending,delta(C2-C3-C4),angle,0.0026570297806075742,+,0.0012030407915727057,1.004801410940264
18,741.9753266458815,,,mixed cyclic-ring deformation (C-C-C bend) / ring-site N-H out-of-plane bending,tau(H12-C1-C2-C9),dihedral,0.002562760425082583,-,-0.0029276307012111604,0.16365148246706415
18,741.9753266458815,,,mixed cyclic-ring deformation (C-C-C bend) / ring-site N-H out-of-plane bending,delta(C2-C1-H10),angle,0.001577571063283559,-,-0.0015405100727679877,0.36383491014983216
18,741.9753266458815,,,mixed cyclic-ring deformation (C-C-C bend) / ring-site N-H out-of-plane bending,delta(C2-C1-H12),angle,0.0014458333186934545,+,0.001435163280928409,0.38420244179789187
18,741.9753266458815,,,mixed cyclic-ring deformation (C-C-C bend) / ring-site N-H out-of-plane bending,delta(H10-C1-H11),angle,0.0005361434509421423,-,-0.0012144176486802282,0.19897081823552717
18,741.9753266458815,,,mixed cyclic-ring deformation (C-C-C bend) / ring-site N-H out-of-plane bending,nu(C9-H18),bond,0.00010711529223463473,-,-0.00042561849604877595,0.32363464909074685
18,741.9753266458815,,,mixed cyclic-ring deformation (C-C-C bend) / ring-site N-H out-of-plane bending,nu(C1-H11),bond,3.135770749859908e-05,-,-0.00022847914481651045,0.32877266060693383
18,741.9753266458815,,,mixed cyclic-ring deformation (C-C-C bend) / ring-site N-H out-of-plane bending,nu(C1-H12),bond,1.60896637345163e-05,-,-0.00016135514252109393,0.33824070099731823
18,741.9753266458815,,,mixed cyclic-ring deformation (C-C-C bend) / ring-site N-H out-of-plane bending,nu(C1-H10),bond,1.5163553685170993e-05,+,0.00015890918278537247,0.32866051035710836
18,741.9753266458815,,,mixed cyclic-ring deformation (C-C-C bend) / ring-site N-H out-of-plane bending,nu(C9-H17),bond,1.1024651380896607e-05,+,0.00013464180738832052,0.3328507348586602
19,785.5461831642447,,,mixed cyclic-ring deformation (N-C-C bend) / ring-site C-H in-plane bending,delta(N5-C6-C7),angle,28.820846154080023,-,-0.12749961784412236,1.1447270624227694
19,785.5461831642447,,,mixed cyclic-ring deformation (N-C-C bend) / ring-site C-H in-plane bending,tau(C4-C3-C6-C7),dihedral,10.382452973164263,-,-0.07048409997999541,1.3493687390108424
19,785.5461831642447,,,mixed cyclic-ring deformation (N-C-C bend) / ring-site C-H in-plane bending,delta(C7-C9-H17),angle,9.580233798810863,+,0.14257613437129601,0.30429542690694594
19,785.5461831642447,,,mixed cyclic-ring deformation (N-C-C bend) / ring-site C-H in-plane bending,nu(C6-C7),bond,9.173733325296807,+,0.15075900270274353,0.26061090755461674
19,785.5461831642447,,,mixed cyclic-ring deformation (N-C-C bend) / ring-site C-H in-plane bending,delta(C3-C6-C7),angle,6.159867488741203,-,-0.04432417335624406,2.0244314202912057
19,785.5461831642447,,,mixed cyclic-ring deformation (N-C-C bend) / ring-site C-H in-plane bending,nu(N5-C6),bond,5.8771888247923965,+,0.11500254315872001,0.2869245732116675
19,785.5461831642447,,,mixed cyclic-ring deformation (N-C-C bend) / ring-site C-H in-plane bending,tau(C6-C7-C9-H17),dihedral,5.094644064102241,-,-0.13380501343635512,0.18373084169576953
19,785.5461831642447,,,mixed cyclic-ring deformation (N-C-C bend) / ring-site C-H in-plane bending,tau(H15-N5-C6-H16),dihedral,4.881875347773957,+,0.1600855714950882,0.12299721945055526
19,785.5461831642447,,,mixed cyclic-ring deformation (N-C-C bend) / ring-site C-H in-plane bending,delta(C7-C6-H16),angle,4.69989940632908,+,0.10393024839879053,0.28094261542051463
19,785.5461831642447,,,mixed cyclic-ring deformation (N-C-C bend) / ring-site C-H in-plane bending,tau(H13-C4-N5-C6),dihedral,4.087583945025184,+,0.11221599366736842,0.20958980556226944
19,785.5461831642447,,,mixed cyclic-ring deformation (N-C-C bend) / ring-site C-H in-plane bending,tau(C2-C3-C4-H13),dihedral,2.472819800933017,-,-0.08303190976601245,0.23158765474680962
19,785.5461831642447,,,mixed cyclic-ring deformation (N-C-C bend) / ring-site C-H in-plane bending,nu(C4-N5),bond,2.0445265737738936,+,0.058491120303421275,0.3858565433334769
19,785.5461831642447,,,mixed cyclic-ring deformation (N-C-C bend) / ring-site C-H in-plane bending,delta(C6-N5-H15),angle,1.3596529685816796,-,-0.07197265498766109,0.16947514613136253
19,785.5461831642447,,,mixed cyclic-ring deformation (N-C-C bend) / ring-site C-H in-plane bending,nu(C7-C9),bond,1.3532895643910654,+,0.055464563531192,0.284035433913249
19,785.5461831642447,,,mixed cyclic-ring deformation (N-C-C bend) / ring-site C-H in-plane bending,delta(N5-C4-H14),angle,1.2560617067588526,+,0.03832084297869148,0.5522730570457748
19,785.5461831642447,,,mixed cyclic-ring deformation (N-C-C bend) / ring-site C-H in-plane bending,tau(C1-C2-C3-C6),dihedral,0.6473953568534337,+,0.03904800015597806,0.2741479334959476
19,785.5461831642447,,,mixed cyclic-ring deformation (N-C-C bend) / ring-site C-H in-plane bending,tau(H12-C1-C2-C9),dihedral,0.32813183284056846,-,-0.03598079084823609,0.16365148246706415
19,785.5461831642447,,,mixed cyclic-ring deformation (N-C-C bend) / ring-site C-H in-plane bending,delta(C2-C9-C7),angle,0.30100515794605287,-,-0.011842209093819426,1.385866754545155
19,785.5461831642447,,,mixed cyclic-ring deformation (N-C-C bend) / ring-site C-H in-plane bending,tau(C6-C7-C9-C2),dihedral,0.2660103446954804,-,-0.014372907262890755,0.8314234474219374
19,785.5461831642447,,,mixed cyclic-ring deformation (N-C-C bend) / ring-site C-H in-plane bending,delta(C1-C2-C9),angle,0.22568680537857477,-,-0.02184020659081599,0.30549610246436376
19,785.5461831642447,,,mixed cyclic-ring deformation (N-C-C bend) / ring-site C-H in-plane bending,nu(C2-C3),bond,0.1628401879080236,+,0.01307367571553032,0.6151473637723944
19,785.5461831642447,,,mixed cyclic-ring deformation (N-C-C bend) / ring-site C-H in-plane bending,tau(N5-C6-C7-C9),dihedral,0.15153174383362655,+,0.00939608592419775,1.1082114958962508
19,785.5461831642447,,,mixed cyclic-ring deformation (N-C-C bend) / ring-site C-H in-plane bending,nu(C2-C9),bond,0.14449231233825946,-,-0.016639100471576934,0.33697527931198995
19,785.5461831642447,,,mixed cyclic-ring deformation (N-C-C bend) / ring-site C-H in-plane bending,delta(C2-C3-C4),angle,0.09160781992433702,+,0.0076724249752015495,1.004801410940264
19,785.5461831642447,,,mixed cyclic-ring deformation (N-C-C bend) / ring-site C-H in-plane bending,delta(C6-C7-O8),angle,0.0820373068218198,+,0.011546235569640469,0.3973228627278992
19,785.5461831642447,,,mixed cyclic-ring deformation (N-C-C bend) / ring-site C-H in-plane bending,tau(H10-C1-C2-C3),dihedral,0.06575836934447674,+,0.016211253194940673,0.16155888472585178
19,785.5461831642447,,,mixed cyclic-ring deformation (N-C-C bend) / ring-site C-H in-plane bending,nu(N5-H15),bond,0.06397186251540281,+,0.009713779994111639,0.4377492979794155
19,785.5461831642447,,,mixed cyclic-ring deformation (N-C-C bend) / ring-site C-H in-plane bending,nu(C3-C4),bond,0.05900573877125189,-,-0.011186249819660541,0.30446558741359786
19,785.5461831642447,,,mixed cyclic-ring deformation (N-C-C bend) / ring-site C-H in-plane bending,nu(C6-H16),bond,0.041124185027046956,-,-0.009161992438800679,0.316322755718694
19,785.5461831642447,,,mixed cyclic-ring deformation (N-C-C bend) / ring-site C-H in-plane bending,delta(C2-C1-H10),angle,0.02893820427290808,+,0.00716621939024914,0.36383491014983216
19,785.5461831642447,,,mixed cyclic-ring deformation (N-C-C bend) / ring-site C-H in-plane bending,tau(C3-C6-C7-O8),dihedral,0.02379993641526083,-,-0.014966037671507188,0.06860805660810879
19,785.5461831642447,,,mixed cyclic-ring deformation (N-C-C bend) / ring-site C-H in-plane bending,nu(C9-H18),bond,0.015026802791039986,+,0.005475354994838405,0.32363464909074685
19,785.5461831642447,,,mixed cyclic-ring deformation (N-C-C bend) / ring-site C-H in-plane bending,"gamma(C2;C9,H17,H18)",oop,0.012075422018865627,+,0.005447257427373247,0.2627601537123469
19,785.5461831642447,,,mixed cyclic-ring deformation (N-C-C bend) / ring-site C-H in-plane bending,tau(H16-C6-C7-C9),dihedral,0.011613384758777625,+,0.0054867945816154595,0.2490774446775072
19,785.5461831642447,,,mixed cyclic-ring deformation (N-C-C bend) / ring-site C-H in-plane bending,nu(C1-C2),bond,0.009702561877998868,-,-0.004536529229832844,0.30440514126911583
19,785.5461831642447,,,mixed cyclic-ring deformation (N-C-C bend) / ring-site C-H in-plane bending,nu(C9-H17),bond,0.007934358842058946,-,-0.003923174751631928,0.3328507348586602
19,785.5461831642447,,,mixed cyclic-ring deformation (N-C-C bend) / ring-site C-H in-plane bending,"gamma(C3;C4,H13,H14)",oop,0.007362444370543957,-,-0.0036438263444449562,0.3580302094181095
19,785.5461831642447,,,mixed cyclic-ring deformation (N-C-C bend) / ring-site C-H in-plane bending,delta(H17-C9-H18),angle,0.0033257615423049275,+,0.0033069422581000294,0.19635902741953512
19,785.5461831642447,,,mixed cyclic-ring deformation (N-C-C bend) / ring-site C-H in-plane bending,delta(C2-C1-H12),angle,0.0019765481015208658,-,-0.0018225528388376869,0.38420244179789187
19,785.5461831642447,,,mixed cyclic-ring deformation (N-C-C bend) / ring-site C-H in-plane bending,nu(C4-H14),bond,0.0019479650425220478,-,-0.001940979205491558,0.33385077033221655
19,785.5461831642447,,,mixed cyclic-ring deformation (N-C-C bend) / ring-site C-H in-plane bending,delta(H13-C4-H14),angle,0.0005473989070241582,-,-0.0010108307689629123,0.34590752413408615
19,785.5461831642447,,,mixed cyclic-ring deformation (N-C-C bend) / ring-site C-H in-plane bending,nu(C7-O8),bond,0.00021785454453845363,+,0.0004020507389947406,0.870197604715786
19,785.5461831642447,,,mixed cyclic-ring deformation (N-C-C bend) / ring-site C-H in-plane bending,"gamma(H12;C1,H10,H11)",oop,0.00010930392563109703,+,0.0004903913816088883,0.29346958015132085
19,785.5461831642447,,,mixed cyclic-ring deformation (N-C-C bend) / ring-site C-H in-plane bending,nu(C4-H13),bond,5.2739919930355834e-05,-,-0.00032534053230262355,0.321718554953058
19,785.5461831642447,,,mixed cyclic-ring deformation (N-C-C bend) / ring-site C-H in-plane bending,nu(C1-H11),bond,4.768504383985746e-05,+,0.000306019949769111,0.32877266060693383
19,785.5461831642447,,,mixed cyclic-ring deformation (N-C-C bend) / ring-site C-H in-plane bending,nu(C1-H10),bond,2.7274306122692286e-05,+,0.00023147792849123483,0.32866051035710836
19,785.5461831642447,,,mixed cyclic-ring deformation (N-C-C bend) / ring-site C-H in-plane bending,delta(H10-C1-H11),angle,1.0947443792059483e-05,+,0.0001884812544445745,0.19897081823552717
19,785.5461831642447,,,mixed cyclic-ring deformation (N-C-C bend) / ring-site C-H in-plane bending,nu(C1-H12),bond,8.439122445115286e-06,-,-0.00012692354857653801,0.33824070099731823
20,870.6440365056653,,,mixed opposite-phase cyclic C-C stretching / ring-site C-H out-of-plane bending / in-phase cyclic C-N stretching,nu(C7-C9),bond,18.547867813901487,+,0.16855354990690838,0.284035433913249
20,870.6440365056653,,,mixed opposite-phase cyclic C-C stretching / ring-site C-H out-of-plane bending / in-phase cyclic C-N stretching,nu(C2-C9),bond,15.821874697441459,-,-0.1429246436839855,0.33697527931198995
20,870.6440365056653,,,mixed opposite-phase cyclic C-C stretching / ring-site C-H out-of-plane bending / in-phase cyclic C-N stretching,tau(C2-C3-C4-H13),dihedral,14.144899948828176,-,-0.16301193639519454,0.23158765474680962
20,870.6440365056653,,,mixed opposite-phase cyclic C-C stretching / ring-site C-H out-of-plane bending / in-phase cyclic C-N stretching,nu(C4-N5),bond,10.591684106447493,-,-0.10928152424894917,0.3858565433334769
20,870.6440365056653,,,mixed opposite-phase cyclic C-C stretching / ring-site C-H out-of-plane bending / in-phase cyclic C-N stretching,nu(N5-C6),bond,7.055821394644011,-,-0.10343489693861821,0.2869245732116675
20,870.6440365056653,,,mixed opposite-phase cyclic C-C stretching / ring-site C-H out-of-plane bending / in-phase cyclic C-N stretching,delta(C6-C7-O8),angle,4.645502109471618,+,0.07132170579769023,0.3973228627278992
20,870.6440365056653,,,mixed opposite-phase cyclic C-C stretching / ring-site C-H out-of-plane bending / in-phase cyclic C-N stretching,delta(C2-C1-H12),angle,4.407618557003373,-,-0.07064787606071665,0.38420244179789187
20,870.6440365056653,,,mixed opposite-phase cyclic C-C stretching / ring-site C-H out-of-plane bending / in-phase cyclic C-N stretching,tau(H10-C1-C2-C3),dihedral,3.593330307406113,-,-0.09836946643487776,0.16155888472585178
20,870.6440365056653,,,mixed opposite-phase cyclic C-C stretching / ring-site C-H out-of-plane bending / in-phase cyclic C-N stretching,tau(N5-C6-C7-C9),dihedral,3.4569233370251307,+,0.03683924470645287,1.1082114958962508
20,870.6440365056653,,,mixed opposite-phase cyclic C-C stretching / ring-site C-H out-of-plane bending / in-phase cyclic C-N stretching,tau(C6-C7-C9-H17),dihedral,3.2002759869712047,+,0.087052220390858,0.18373084169576953
20,870.6440365056653,,,mixed opposite-phase cyclic C-C stretching / ring-site C-H out-of-plane bending / in-phase cyclic C-N stretching,nu(C1-C2),bond,2.67846325711861,-,-0.06187198133956137,0.30440514126911583
20,870.6440365056653,,,mixed opposite-phase cyclic C-C stretching / ring-site C-H out-of-plane bending / in-phase cyclic C-N stretching,tau(H12-C1-C2-C9),dihedral,1.5227700632510652,+,0.06362596203613559,0.16365148246706415
20,870.6440365056653,,,mixed opposite-phase cyclic C-C stretching / ring-site C-H out-of-plane bending / in-phase cyclic C-N stretching,tau(C6-C7-C9-C2),dihedral,1.3897232344869594,-,-0.026966848416911316,0.8314234474219374
20,870.6440365056653,,,mixed opposite-phase cyclic C-C stretching / ring-site C-H out-of-plane bending / in-phase cyclic C-N stretching,"gamma(C2;C9,H17,H18)",oop,1.371403680117832,-,-0.04765188339901191,0.2627601537123469
20,870.6440365056653,,,mixed opposite-phase cyclic C-C stretching / ring-site C-H out-of-plane bending / in-phase cyclic C-N stretching,delta(C7-C9-H17),angle,1.139848738923893,-,-0.040369471839851685,0.30429542690694594
20,870.6440365056653,,,mixed opposite-phase cyclic C-C stretching / ring-site C-H out-of-plane bending / in-phase cyclic C-N stretching,tau(C4-C3-C6-C7),dihedral,0.9872936241603756,-,-0.017841649882068187,1.3493687390108424
20,870.6440365056653,,,mixed opposite-phase cyclic C-C stretching / ring-site C-H out-of-plane bending / in-phase cyclic C-N stretching,"gamma(C3;C4,H13,H14)",oop,0.9467507900012941,-,-0.0339183854020962,0.3580302094181095
20,870.6440365056653,,,mixed opposite-phase cyclic C-C stretching / ring-site C-H out-of-plane bending / in-phase cyclic C-N stretching,tau(H13-C4-N5-C6),dihedral,0.8776846630191456,+,0.0426836299506629,0.20958980556226944
20,870.6440365056653,,,mixed opposite-phase cyclic C-C stretching / ring-site C-H out-of-plane bending / in-phase cyclic C-N stretching,delta(C6-N5-H15),angle,0.6645584616868493,+,0.041303871063987314,0.16947514613136253
20,870.6440365056653,,,mixed opposite-phase cyclic C-C stretching / ring-site C-H out-of-plane bending / in-phase cyclic C-N stretching,tau(C3-C6-C7-O8),dihedral,0.5508959165440487,-,-0.059105022439649386,0.06860805660810879
20,870.6440365056653,,,mixed opposite-phase cyclic C-C stretching / ring-site C-H out-of-plane bending / in-phase cyclic C-N stretching,delta(C7-C6-H16),angle,0.4704371624406163,-,-0.026991012049570932,0.28094261542051463
20,870.6440365056653,,,mixed opposite-phase cyclic C-C stretching / ring-site C-H out-of-plane bending / in-phase cyclic C-N stretching,delta(N5-C4-H14),angle,0.33902923750573727,+,0.016342512168290396,0.5522730570457748
20,870.6440365056653,,,mixed opposite-phase cyclic C-C stretching / ring-site C-H out-of-plane bending / in-phase cyclic C-N stretching,delta(C1-C2-C9),angle,0.3123742832460126,+,0.021091718585589916,0.30549610246436376
20,870.6440365056653,,,mixed opposite-phase cyclic C-C stretching / ring-site C-H out-of-plane bending / in-phase cyclic C-N stretching,tau(C1-C2-C3-C6),dihedral,0.29640063334537775,-,-0.021688236688552263,0.2741479334959476
20,870.6440365056653,,,mixed opposite-phase cyclic C-C stretching / ring-site C-H out-of-plane bending / in-phase cyclic C-N stretching,nu(C3-C4),bond,0.29522672846780923,+,0.020539312338272026,0.30446558741359786
20,870.6440365056653,,,mixed opposite-phase cyclic C-C stretching / ring-site C-H out-of-plane bending / in-phase cyclic C-N stretching,delta(C2-C3-C4),angle,0.17625459008856267,+,0.008735892247336449,1.004801410940264
20,870.6440365056653,,,mixed opposite-phase cyclic C-C stretching / ring-site C-H out-of-plane bending / in-phase cyclic C-N stretching,delta(H13-C4-H14),angle,0.09877192252804508,-,-0.011145868577137995,0.34590752413408615
20,870.6440365056653,,,mixed opposite-phase cyclic C-C stretching / ring-site C-H out-of-plane bending / in-phase cyclic C-N stretching,delta(H10-C1-H11),angle,0.09091204651392379,+,0.014099158504034384,0.19897081823552717
20,870.6440365056653,,,mixed opposite-phase cyclic C-C stretching / ring-site C-H out-of-plane bending / in-phase cyclic C-N stretching,nu(C7-O8),bond,0.07783485525550667,+,0.0062381424540731605,0.870197604715786
20,870.6440365056653,,,mixed opposite-phase cyclic C-C stretching / ring-site C-H out-of-plane bending / in-phase cyclic C-N stretching,nu(C6-C7),bond,0.0648628793847882,+,0.010405884147271921,0.26061090755461674
20,870.6440365056653,,,mixed opposite-phase cyclic C-C stretching / ring-site C-H out-of-plane bending / in-phase cyclic C-N stretching,delta(C2-C1-H10),angle,0.045622420679692584,-,-0.007386082383507114,0.36383491014983216
20,870.6440365056653,,,mixed opposite-phase cyclic C-C stretching / ring-site C-H out-of-plane bending / in-phase cyclic C-N stretching,nu(N5-H15),bond,0.027220291339407888,-,-0.005201287071828497,0.4377492979794155
20,870.6440365056653,,,mixed opposite-phase cyclic C-C stretching / ring-site C-H out-of-plane bending / in-phase cyclic C-N stretching,tau(H16-C6-C7-C9),dihedral,0.026822385338428147,-,-0.006844766962551981,0.2490774446775072
20,870.6440365056653,,,mixed opposite-phase cyclic C-C stretching / ring-site C-H out-of-plane bending / in-phase cyclic C-N stretching,delta(C2-C9-C7),angle,0.021667723430039143,+,0.0026080929923413057,1.385866754545155
20,870.6440365056653,,,mixed opposite-phase cyclic C-C stretching / ring-site C-H out-of-plane bending / in-phase cyclic C-N stretching,"gamma(H12;C1,H10,H11)",oop,0.021661292212035842,-,-0.005666798939203387,0.29346958015132085
20,870.6440365056653,,,mixed opposite-phase cyclic C-C stretching / ring-site C-H out-of-plane bending / in-phase cyclic C-N stretching,nu(C9-H18),bond,0.01229689410543292,-,-0.004065812805166738,0.32363464909074685
20,870.6440365056653,,,mixed opposite-phase cyclic C-C stretching / ring-site C-H out-of-plane bending / in-phase cyclic C-N stretching,nu(C4-H13),bond,0.006665966535370069,+,0.0030024147062558235,0.321718554953058
20,870.6440365056653,,,mixed opposite-phase cyclic C-C stretching / ring-site C-H out-of-plane bending / in-phase cyclic C-N stretching,nu(C9-H17),bond,0.005819337725973071,+,0.0027579677903659798,0.3328507348586602
20,870.6440365056653,,,mixed opposite-phase cyclic C-C stretching / ring-site C-H out-of-plane bending / in-phase cyclic C-N stretching,delta(C3-C6-C7),angle,0.0048556481053124234,-,-0.0010215255579018167,2.0244314202912057
20,870.6440365056653,,,mixed opposite-phase cyclic C-C stretching / ring-site C-H out-of-plane bending / in-phase cyclic C-N stretching,nu(C6-H16),bond,0.00455818436505644,+,0.0025038476183579655,0.316322755718694
20,870.6440365056653,,,mixed opposite-phase cyclic C-C stretching / ring-site C-H out-of-plane bending / in-phase cyclic C-N stretching,nu(C1-H11),bond,0.0023538802640346132,-,-0.0017649056949208116,0.32877266060693383
20,870.6440365056653,,,mixed opposite-phase cyclic C-C stretching / ring-site C-H out-of-plane bending / in-phase cyclic C-N stretching,delta(N5-C6-C7),angle,0.002106858778107736,+,0.0008948369456091537,1.1447270624227694
20,870.6440365056653,,,mixed opposite-phase cyclic C-C stretching / ring-site C-H out-of-plane bending / in-phase cyclic C-N stretching,nu(C1-H10),bond,0.0005485421569505531,+,0.0008521350147032219,0.32866051035710836
20,870.6440365056653,,,mixed opposite-phase cyclic C-C stretching / ring-site C-H out-of-plane bending / in-phase cyclic C-N stretching,nu(C1-H12),bond,0.0003299510282310618,-,-0.0006514618360989937,0.33824070099731823
20,870.6440365056653,,,mixed opposite-phase cyclic C-C stretching / ring-site C-H out-of-plane bending / in-phase cyclic C-N stretching,tau(H15-N5-C6-H16),dihedral,8.39023525987741e-05,+,0.0005447742747658132,0.12299721945055526
20,870.6440365056653,,,mixed opposite-phase cyclic C-C stretching / ring-site C-H out-of-plane bending / in-phase cyclic C-N stretching,nu(C4-H14),bond,7.832799639268396e-05,+,0.0003194916308598927,0.33385077033221655
20,870.6440365056653,,,mixed opposite-phase cyclic C-C stretching / ring-site C-H out-of-plane bending / in-phase cyclic C-N stretching,nu(C2-C3),bond,9.132699331668744e-06,+,8.036874102676798e-05,0.6151473637723944
20,870.6440365056653,,,mixed opposite-phase cyclic C-C stretching / ring-site C-H out-of-plane bending / in-phase cyclic C-N stretching,delta(H17-C9-H18),angle,4.233661065066234e-06,-,-9.685226373046393e-05,0.19635902741953512
21,908.4300666654572,,,mixed cyclic-ring torsional/out-of-plane deformation / ring-site C-H out-of-plane bending,tau(C6-C7-C9-C2),dihedral,17.518653822450652,-,-0.11994266322665609,0.8314234474219374
21,908.4300666654572,,,mixed cyclic-ring torsional/out-of-plane deformation / ring-site C-H out-of-plane bending,tau(H15-N5-C6-H16),dihedral,14.058201367527296,+,0.2793519385548082,0.12299721945055526
21,908.4300666654572,,,mixed cyclic-ring torsional/out-of-plane deformation / ring-site C-H out-of-plane bending,tau(C4-C3-C6-C7),dihedral,8.98452719980301,-,-0.06742434684113477,1.3493687390108424
21,908.4300666654572,,,mixed cyclic-ring torsional/out-of-plane deformation / ring-site C-H out-of-plane bending,delta(C2-C1-H10),angle,7.760831168734931,-,-0.12068030261526412,0.36383491014983216
21,908.4300666654572,,,mixed cyclic-ring torsional/out-of-plane deformation / ring-site C-H out-of-plane bending,delta(N5-C6-C7),angle,7.312798923310633,-,-0.06604277258246417,1.1447270624227694
21,908.4300666654572,,,mixed cyclic-ring torsional/out-of-plane deformation / ring-site C-H out-of-plane bending,tau(H13-C4-N5-C6),dihedral,7.251611518860553,+,0.15369744360471832,0.20958980556226944
21,908.4300666654572,,,mixed cyclic-ring torsional/out-of-plane deformation / ring-site C-H out-of-plane bending,delta(C2-C9-C7),angle,5.1067764924828465,-,-0.050158800633809904,1.385866754545155
21,908.4300666654572,,,mixed cyclic-ring torsional/out-of-plane deformation / ring-site C-H out-of-plane bending,delta(N5-C4-H14),angle,4.095506929223001,+,0.07115597284506543,0.5522730570457748
21,908.4300666654572,,,mixed cyclic-ring torsional/out-of-plane deformation / ring-site C-H out-of-plane bending,tau(C2-C3-C4-H13),dihedral,4.091015392002439,-,-0.10982274908655514,0.23158765474680962
21,908.4300666654572,,,mixed cyclic-ring torsional/out-of-plane deformation / ring-site C-H out-of-plane bending,delta(C7-C9-H17),angle,3.295815842512528,-,-0.08599401218006972,0.30429542690694594
21,908.4300666654572,,,mixed cyclic-ring torsional/out-of-plane deformation / ring-site C-H out-of-plane bending,tau(C6-C7-C9-H17),dihedral,3.2270283295415267,+,0.10950773922828655,0.18373084169576953
21,908.4300666654572,,,mixed cyclic-ring torsional/out-of-plane deformation / ring-site C-H out-of-plane bending,tau(H12-C1-C2-C9),dihedral,2.998928515160254,+,0.11185555096437558,0.16365148246706415
21,908.4300666654572,,,mixed cyclic-ring torsional/out-of-plane deformation / ring-site C-H out-of-plane bending,tau(N5-C6-C7-C9),dihedral,2.56526040065597,+,0.039754734690799536,1.1082114958962508
21,908.4300666654572,,,mixed cyclic-ring torsional/out-of-plane deformation / ring-site C-H out-of-plane bending,nu(C2-C9),bond,1.8040821923430213,+,0.06045936691707403,0.33697527931198995
21,908.4300666654572,,,mixed cyclic-ring torsional/out-of-plane deformation / ring-site C-H out-of-plane bending,nu(C4-N5),bond,1.5143029173775648,+,0.051764008663808155,0.3858565433334769
21,908.4300666654572,,,mixed cyclic-ring torsional/out-of-plane deformation / ring-site C-H out-of-plane bending,delta(C6-N5-H15),angle,1.24708543159728,-,-0.07088095344890066,0.16947514613136253
21,908.4300666654572,,,mixed cyclic-ring torsional/out-of-plane deformation / ring-site C-H out-of-plane bending,delta(C3-C6-C7),angle,1.2052716882973595,-,-0.020161618809160294,2.0244314202912057
21,908.4300666654572,,,mixed cyclic-ring torsional/out-of-plane deformation / ring-site C-H out-of-plane bending,"gamma(C2;C9,H17,H18)",oop,1.168891966820666,+,0.05511145661781314,0.2627601537123469
21,908.4300666654572,,,mixed cyclic-ring torsional/out-of-plane deformation / ring-site C-H out-of-plane bending,nu(C1-C2),bond,1.0643512565019921,+,0.0488597177000046,0.30440514126911583
21,908.4300666654572,,,mixed cyclic-ring torsional/out-of-plane deformation / ring-site C-H out-of-plane bending,"gamma(C3;C4,H13,H14)",oop,0.8982748058245072,+,0.04138845641491614,0.3580302094181095
21,908.4300666654572,,,mixed cyclic-ring torsional/out-of-plane deformation / ring-site C-H out-of-plane bending,delta(C2-C1-H12),angle,0.7864972676738436,+,0.037385483799489895,0.38420244179789187
21,908.4300666654572,,,mixed cyclic-ring torsional/out-of-plane deformation / ring-site C-H out-of-plane bending,tau(H16-C6-C7-C9),dihedral,0.3735415603647694,-,-0.031999023098826934,0.2490774446775072
21,908.4300666654572,,,mixed cyclic-ring torsional/out-of-plane deformation / ring-site C-H out-of-plane bending,tau(C3-C6-C7-O8),dihedral,0.343944321889369,-,-0.058504728683567264,0.06860805660810879
21,908.4300666654572,,,mixed cyclic-ring torsional/out-of-plane deformation / ring-site C-H out-of-plane bending,delta(C2-C3-C4),angle,0.2885616164070481,-,-0.014002759162313236,1.004801410940264
21,908.4300666654572,,,mixed cyclic-ring torsional/out-of-plane deformation / ring-site C-H out-of-plane bending,delta(C7-C6-H16),angle,0.27832558917066413,-,-0.026007716016293092,0.28094261542051463
21,908.4300666654572,,,mixed cyclic-ring torsional/out-of-plane deformation / ring-site C-H out-of-plane bending,tau(C1-C2-C3-C6),dihedral,0.23167180725680117,+,0.024020307423397735,0.2741479334959476
21,908.4300666654572,,,mixed cyclic-ring torsional/out-of-plane deformation / ring-site C-H out-of-plane bending,nu(C3-C4),bond,0.210750973530904,-,-0.021739529699810092,0.30446558741359786
21,908.4300666654572,,,mixed cyclic-ring torsional/out-of-plane deformation / ring-site C-H out-of-plane bending,nu(C7-C9),bond,0.0886795843427631,+,0.014600240833446009,0.284035433913249
21,908.4300666654572,,,mixed cyclic-ring torsional/out-of-plane deformation / ring-site C-H out-of-plane bending,nu(C6-C7),bond,0.08241885510509027,+,0.014694386231101218,0.26061090755461674
21,908.4300666654572,,,mixed cyclic-ring torsional/out-of-plane deformation / ring-site C-H out-of-plane bending,delta(C1-C2-C9),angle,0.02705489705740007,-,-0.007775969748826783,0.30549610246436376
21,908.4300666654572,,,mixed cyclic-ring torsional/out-of-plane deformation / ring-site C-H out-of-plane bending,tau(H10-C1-C2-C3),dihedral,0.018692438860447892,-,-0.008887958488832006,0.16155888472585178
21,908.4300666654572,,,mixed cyclic-ring torsional/out-of-plane deformation / ring-site C-H out-of-plane bending,delta(H10-C1-H11),angle,0.01482561419432572,-,-0.007132571117261752,0.19897081823552717
21,908.4300666654572,,,mixed cyclic-ring torsional/out-of-plane deformation / ring-site C-H out-of-plane bending,delta(H13-C4-H14),angle,0.01379283398579507,+,0.005217725247093025,0.34590752413408615
21,908.4300666654572,,,mixed cyclic-ring torsional/out-of-plane deformation / ring-site C-H out-of-plane bending,delta(C6-C7-O8),angle,0.012896141532655008,-,-0.0047075243360891915,0.3973228627278992
21,908.4300666654572,,,mixed cyclic-ring torsional/out-of-plane deformation / ring-site C-H out-of-plane bending,nu(C7-O8),bond,0.012849399649613505,+,0.003175169638607037,0.870197604715786
21,908.4300666654572,,,mixed cyclic-ring torsional/out-of-plane deformation / ring-site C-H out-of-plane bending,nu(C9-H17),bond,0.011788357968398687,+,0.004917409251711975,0.3328507348586602
21,908.4300666654572,,,mixed cyclic-ring torsional/out-of-plane deformation / ring-site C-H out-of-plane bending,nu(C9-H18),bond,0.010457273404429758,-,-0.0046969526465732185,0.32363464909074685
21,908.4300666654572,,,mixed cyclic-ring torsional/out-of-plane deformation / ring-site C-H out-of-plane bending,nu(N5-H15),bond,0.006127431532542362,+,0.0030914409887779167,0.4377492979794155
21,908.4300666654572,,,mixed cyclic-ring torsional/out-of-plane deformation / ring-site C-H out-of-plane bending,delta(H17-C9-H18),angle,0.004021385661091587,+,0.0037393565962209386,0.19635902741953512
21,908.4300666654572,,,mixed cyclic-ring torsional/out-of-plane deformation / ring-site C-H out-of-plane bending,nu(C1-H10),bond,0.0037700082356601607,+,0.002798542090917641,0.32866051035710836
21,908.4300666654572,,,mixed cyclic-ring torsional/out-of-plane deformation / ring-site C-H out-of-plane bending,nu(C6-H16),bond,0.003527949122602608,-,-0.0027594999809088952,0.316322755718694
21,908.4300666654572,,,mixed cyclic-ring torsional/out-of-plane deformation / ring-site C-H out-of-plane bending,nu(C1-H11),bond,0.002694288471522739,-,-0.0023654221251856538,0.32877266060693383
21,908.4300666654572,,,mixed cyclic-ring torsional/out-of-plane deformation / ring-site C-H out-of-plane bending,"gamma(H12;C1,H10,H11)",oop,0.001949180020723561,+,0.002129506090983369,0.29346958015132085
21,908.4300666654572,,,mixed cyclic-ring torsional/out-of-plane deformation / ring-site C-H out-of-plane bending,nu(C4-H13),bond,0.0010469470112981132,+,0.0014905918847406144,0.321718554953058
21,908.4300666654572,,,mixed cyclic-ring torsional/out-of-plane deformation / ring-site C-H out-of-plane bending,nu(C4-H14),bond,0.0006570483513381121,-,-0.001159196149889451,0.33385077033221655
21,908.4300666654572,,,mixed cyclic-ring torsional/out-of-plane deformation / ring-site C-H out-of-plane bending,nu(N5-C6),bond,0.000226335883984974,-,-0.0007338837832587317,0.2869245732116675
21,908.4300666654572,,,mixed cyclic-ring torsional/out-of-plane deformation / ring-site C-H out-of-plane bending,nu(C1-H12),bond,1.134320344931875e-05,-,-0.00015131757904732432,0.33824070099731823
21,908.4300666654572,,,mixed cyclic-ring torsional/out-of-plane deformation / ring-site C-H out-of-plane bending,nu(C2-C3),bond,3.389083451767148e-06,+,6.133184144491071e-05,0.6151473637723944
22,921.891786479734,,,mixed mixed-phase cyclic C-N stretching / cyclic-ring torsional/out-of-plane deformation,nu(C4-N5),bond,53.20727446800527,-,-0.2918804905989939,0.3858565433334769
22,921.891786479734,,,mixed mixed-phase cyclic C-N stretching / cyclic-ring torsional/out-of-plane deformation,tau(N5-C6-C7-C9),dihedral,11.088323443801157,-,-0.07862381505330795,1.1082114958962508
22,921.891786479734,,,mixed mixed-phase cyclic C-N stretching / cyclic-ring torsional/out-of-plane deformation,nu(N5-C6),bond,6.352041060661869,+,0.11695135880756936,0.2869245732116675
22,921.891786479734,,,mixed mixed-phase cyclic C-N stretching / cyclic-ring torsional/out-of-plane deformation,nu(C7-C9),bond,5.235592506455418,-,-0.10671590539036194,0.284035433913249
22,921.891786479734,,,mixed mixed-phase cyclic C-N stretching / cyclic-ring torsional/out-of-plane deformation,delta(C2-C9-C7),angle,3.7676419292475485,+,0.04098326631933041,1.385866754545155
22,921.891786479734,,,mixed mixed-phase cyclic C-N stretching / cyclic-ring torsional/out-of-plane deformation,tau(H16-C6-C7-C9),dihedral,3.028747545827609,-,-0.08667559520433468,0.2490774446775072
22,921.891786479734,,,mixed mixed-phase cyclic C-N stretching / cyclic-ring torsional/out-of-plane deformation,tau(C4-C3-C6-C7),dihedral,2.311441865783421,-,-0.03253184250476065,1.3493687390108424
22,921.891786479734,,,mixed mixed-phase cyclic C-N stretching / cyclic-ring torsional/out-of-plane deformation,tau(H15-N5-C6-H16),dihedral,2.311250179861452,+,0.10774777928778621,0.12299721945055526
22,921.891786479734,,,mixed mixed-phase cyclic C-N stretching / cyclic-ring torsional/out-of-plane deformation,"gamma(C3;C4,H13,H14)",oop,1.8623419773886591,-,-0.056689467265764376,0.3580302094181095
22,921.891786479734,,,mixed mixed-phase cyclic C-N stretching / cyclic-ring torsional/out-of-plane deformation,tau(H13-C4-N5-C6),dihedral,1.8512841125265997,+,0.07387269710697296,0.20958980556226944
22,921.891786479734,,,mixed mixed-phase cyclic C-N stretching / cyclic-ring torsional/out-of-plane deformation,delta(N5-C6-C7),angle,1.8178107073734235,+,0.03132245899685008,1.1447270624227694
22,921.891786479734,,,mixed mixed-phase cyclic C-N stretching / cyclic-ring torsional/out-of-plane deformation,tau(C2-C3-C4-H13),dihedral,1.6160343094876368,-,-0.06565987958231233,0.23158765474680962
22,921.891786479734,,,mixed mixed-phase cyclic C-N stretching / cyclic-ring torsional/out-of-plane deformation,delta(N5-C4-H14),angle,1.468379526968482,+,0.04052982494393963,0.5522730570457748
22,921.891786479734,,,mixed mixed-phase cyclic C-N stretching / cyclic-ring torsional/out-of-plane deformation,delta(C6-C7-O8),angle,0.9262038502299244,-,-0.03795019474636488,0.3973228627278992
22,921.891786479734,,,mixed mixed-phase cyclic C-N stretching / cyclic-ring torsional/out-of-plane deformation,tau(C6-C7-C9-H17),dihedral,0.5139656304094216,-,-0.04157272596594332,0.18373084169576953
22,921.891786479734,,,mixed mixed-phase cyclic C-N stretching / cyclic-ring torsional/out-of-plane deformation,delta(C3-C6-C7),angle,0.3317716865172944,+,0.01006237785187214,2.0244314202912057
22,921.891786479734,,,mixed mixed-phase cyclic C-N stretching / cyclic-ring torsional/out-of-plane deformation,delta(H13-C4-H14),angle,0.3020440085772563,-,-0.023226705002953298,0.34590752413408615
22,921.891786479734,,,mixed mixed-phase cyclic C-N stretching / cyclic-ring torsional/out-of-plane deformation,nu(C2-C3),bond,0.2558256354661227,-,-0.016029314243656813,0.6151473637723944
22,921.891786479734,,,mixed mixed-phase cyclic C-N stretching / cyclic-ring torsional/out-of-plane deformation,nu(C6-C7),bond,0.2126583025058577,-,-0.0224531549247111,0.26061090755461674
22,921.891786479734,,,mixed mixed-phase cyclic C-N stretching / cyclic-ring torsional/out-of-plane deformation,delta(C6-N5-H15),angle,0.2126066634426146,-,-0.027839916172010013,0.16947514613136253
22,921.891786479734,,,mixed mixed-phase cyclic C-N stretching / cyclic-ring torsional/out-of-plane deformation,tau(C6-C7-C9-C2),dihedral,0.2009818288404381,+,0.012220803432016477,0.8314234474219374
22,921.891786479734,,,mixed mixed-phase cyclic C-N stretching / cyclic-ring torsional/out-of-plane deformation,tau(C3-C6-C7-O8),dihedral,0.15155064626396408,+,0.036942291709373465,0.06860805660810879
22,921.891786479734,,,mixed mixed-phase cyclic C-N stretching / cyclic-ring torsional/out-of-plane deformation,delta(C2-C3-C4),angle,0.13403409316030676,+,0.009078205675799271,1.004801410940264
22,921.891786479734,,,mixed mixed-phase cyclic C-N stretching / cyclic-ring torsional/out-of-plane deformation,delta(C7-C6-H16),angle,0.12967609545996983,+,0.016887044506354493,0.28094261542051463
22,921.891786479734,,,mixed mixed-phase cyclic C-N stretching / cyclic-ring torsional/out-of-plane deformation,tau(H12-C1-C2-C9),dihedral,0.1289064023289659,-,-0.022060216373020924,0.16365148246706415
22,921.891786479734,,,mixed mixed-phase cyclic C-N stretching / cyclic-ring torsional/out-of-plane deformation,nu(C2-C9),bond,0.09879393910380914,+,0.013458560955002339,0.33697527931198995
22,921.891786479734,,,mixed mixed-phase cyclic C-N stretching / cyclic-ring torsional/out-of-plane deformation,nu(C1-C2),bond,0.08822143305988636,-,-0.013381153672959835,0.30440514126911583
22,921.891786479734,,,mixed mixed-phase cyclic C-N stretching / cyclic-ring torsional/out-of-plane deformation,delta(C7-C9-H17),angle,0.07773907386241795,+,0.012563321226303362,0.30429542690694594
22,921.891786479734,,,mixed mixed-phase cyclic C-N stretching / cyclic-ring torsional/out-of-plane deformation,tau(H10-C1-C2-C3),dihedral,0.05322396524086555,+,0.014266606606573006,0.16155888472585178
22,921.891786479734,,,mixed mixed-phase cyclic C-N stretching / cyclic-ring torsional/out-of-plane deformation,tau(C1-C2-C3-C6),dihedral,0.037078217505015006,+,0.009141120447014863,0.2741479334959476
22,921.891786479734,,,mixed mixed-phase cyclic C-N stretching / cyclic-ring torsional/out-of-plane deformation,"gamma(C2;C9,H17,H18)",oop,0.0344707608459896,-,-0.009002811911499322,0.2627601537123469
22,921.891786479734,,,mixed mixed-phase cyclic C-N stretching / cyclic-ring torsional/out-of-plane deformation,delta(C1-C2-C9),angle,0.03435245646755011,+,0.008335056687691342,0.30549610246436376
22,921.891786479734,,,mixed mixed-phase cyclic C-N stretching / cyclic-ring torsional/out-of-plane deformation,delta(C2-C1-H12),angle,0.02862323853449396,+,0.0067844058566815125,0.38420244179789187
22,921.891786479734,,,mixed mixed-phase cyclic C-N stretching / cyclic-ring torsional/out-of-plane deformation,nu(C4-H13),bond,0.02776722761766252,+,0.007302317322910224,0.321718554953058
22,921.891786479734,,,mixed mixed-phase cyclic C-N stretching / cyclic-ring torsional/out-of-plane deformation,delta(C2-C1-H10),angle,0.02396886703420755,-,-0.006379755943332052,0.36383491014983216
22,921.891786479734,,,mixed mixed-phase cyclic C-N stretching / cyclic-ring torsional/out-of-plane deformation,delta(H17-C9-H18),angle,0.021053329296925057,-,-0.008138932587001007,0.19635902741953512
22,921.891786479734,,,mixed mixed-phase cyclic C-N stretching / cyclic-ring torsional/out-of-plane deformation,"gamma(H12;C1,H10,H11)",oop,0.014912921221256729,-,-0.005603150816911263,0.29346958015132085
22,921.891786479734,,,mixed mixed-phase cyclic C-N stretching / cyclic-ring torsional/out-of-plane deformation,nu(C6-H16),bond,0.010781834517820891,-,-0.004588952993325085,0.316322755718694
22,921.891786479734,,,mixed mixed-phase cyclic C-N stretching / cyclic-ring torsional/out-of-plane deformation,nu(N5-H15),bond,0.009952301669788584,-,-0.003747844232853347,0.4377492979794155
22,921.891786479734,,,mixed mixed-phase cyclic C-N stretching / cyclic-ring torsional/out-of-plane deformation,nu(C3-C4),bond,0.008177825909594481,-,-0.004073636936087874,0.30446558741359786
22,921.891786479734,,,mixed mixed-phase cyclic C-N stretching / cyclic-ring torsional/out-of-plane deformation,nu(C4-H14),bond,0.0035698331594752543,+,0.0025702789776571268,0.33385077033221655
22,921.891786479734,,,mixed mixed-phase cyclic C-N stretching / cyclic-ring torsional/out-of-plane deformation,nu(C7-O8),bond,0.002845442566988089,-,-0.0014213415964756805,0.870197604715786
22,921.891786479734,,,mixed mixed-phase cyclic C-N stretching / cyclic-ring torsional/out-of-plane deformation,nu(C9-H18),bond,0.002484472152153422,+,0.00217782037401806,0.32363464909074685
22,921.891786479734,,,mixed mixed-phase cyclic C-N stretching / cyclic-ring torsional/out-of-plane deformation,nu(C9-H17),bond,0.002452929461778672,-,-0.002133783072547113,0.3328507348586602
22,921.891786479734,,,mixed mixed-phase cyclic C-N stretching / cyclic-ring torsional/out-of-plane deformation,delta(H10-C1-H11),angle,0.0009245134837775551,-,-0.001694316060943604,0.19897081823552717
22,921.891786479734,,,mixed mixed-phase cyclic C-N stretching / cyclic-ring torsional/out-of-plane deformation,nu(C1-H12),bond,0.00018555565586141748,-,-0.0005821791681413672,0.33824070099731823
22,921.891786479734,,,mixed mixed-phase cyclic C-N stretching / cyclic-ring torsional/out-of-plane deformation,nu(C1-H10),bond,2.9327852345770077e-05,+,0.00023480041692436563,0.32866051035710836
22,921.891786479734,,,mixed mixed-phase cyclic C-N stretching / cyclic-ring torsional/out-of-plane deformation,nu(C1-H11),bond,2.0571896522066897e-06,-,-6.217586175400619e-05,0.32877266060693383
23,956.793400293064,,,mixed C-H bending / mixed-phase cyclic C-C stretching,delta(C2-C1-H12),angle,25.575882001625967,+,0.21088106878480042,0.38420244179789187
23,956.793400293064,,,mixed C-H bending / mixed-phase cyclic C-C stretching,nu(C2-C9),bond,11.7708921968378,+,0.15275942490336525,0.33697527931198995
23,956.793400293064,,,mixed C-H bending / mixed-phase cyclic C-C stretching,tau(N5-C6-C7-C9),dihedral,9.7525763795886,+,0.07667445526708953,1.1082114958962508
23,956.793400293064,,,mixed C-H bending / mixed-phase cyclic C-C stretching,delta(C2-C9-C7),angle,8.417808645045431,-,-0.06370024911933021,1.385866754545155
23,956.793400293064,,,mixed C-H bending / mixed-phase cyclic C-C stretching,delta(C2-C1-H10),angle,7.393491257763399,-,-0.11651314968690128,0.36383491014983216
23,956.793400293064,,,mixed C-H bending / mixed-phase cyclic C-C stretching,tau(H16-C6-C7-C9),dihedral,6.140534365710424,+,0.1283329645835613,0.2490774446775072
23,956.793400293064,,,mixed C-H bending / mixed-phase cyclic C-C stretching,tau(H15-N5-C6-H16),dihedral,5.058475009361552,-,-0.16575418490398786,0.12299721945055526
23,956.793400293064,,,mixed C-H bending / mixed-phase cyclic C-C stretching,"gamma(C3;C4,H13,H14)",oop,3.8201874081807525,-,-0.08442767752589088,0.3580302094181095
23,956.793400293064,,,mixed C-H bending / mixed-phase cyclic C-C stretching,nu(C3-C4),bond,3.481501348504207,-,-0.08740102419590412,0.30446558741359786
23,956.793400293064,,,mixed C-H bending / mixed-phase cyclic C-C stretching,nu(C4-N5),bond,3.425343339315089,-,-0.07700899658255828,0.3858565433334769
23,956.793400293064,,,mixed C-H bending / mixed-phase cyclic C-C stretching,"gamma(C2;C9,H17,H18)",oop,2.409602354890462,+,0.07826999037438562,0.2627601537123469
23,956.793400293064,,,mixed C-H bending / mixed-phase cyclic C-C stretching,delta(C6-N5-H15),angle,2.1423433159519663,+,0.09189542073144957,0.16947514613136253
23,956.793400293064,,,mixed C-H bending / mixed-phase cyclic C-C stretching,tau(H10-C1-C2-C3),dihedral,1.6546245672332829,+,0.0827154535541388,0.16155888472585178
23,956.793400293064,,,mixed C-H bending / mixed-phase cyclic C-C stretching,delta(C3-C6-C7),angle,1.6037721883409342,+,0.023004995303345578,2.0244314202912057
23,956.793400293064,,,mixed C-H bending / mixed-phase cyclic C-C stretching,nu(C2-C3),bond,1.1795840694597728,-,-0.035791278353129494,0.6151473637723944
23,956.793400293064,,,mixed C-H bending / mixed-phase cyclic C-C stretching,delta(H10-C1-H11),angle,0.9226452747086065,-,-0.05565767141604246,0.19897081823552717
23,956.793400293064,,,mixed C-H bending / mixed-phase cyclic C-C stretching,delta(C7-C9-H17),angle,0.769947969452159,-,-0.04111358243715084,0.30429542690694594
23,956.793400293064,,,mixed C-H bending / mixed-phase cyclic C-C stretching,delta(C6-C7-O8),angle,0.6871544184031431,+,0.03399051449319313,0.3973228627278992
23,956.793400293064,,,mixed C-H bending / mixed-phase cyclic C-C stretching,nu(N5-C6),bond,0.5078280581978034,-,-0.03438561677455479,0.2869245732116675
23,956.793400293064,,,mixed C-H bending / mixed-phase cyclic C-C stretching,nu(C7-C9),bond,0.44017040554156645,+,0.03217558881440282,0.284035433913249
23,956.793400293064,,,mixed C-H bending / mixed-phase cyclic C-C stretching,nu(C6-C7),bond,0.4163871658653912,+,0.032670420005315295,0.26061090755461674
23,956.793400293064,,,mixed C-H bending / mixed-phase cyclic C-C stretching,"gamma(H12;C1,H10,H11)",oop,0.3749038439481618,-,-0.029213308558491677,0.29346958015132085
23,956.793400293064,,,mixed C-H bending / mixed-phase cyclic C-C stretching,tau(C6-C7-C9-H17),dihedral,0.3287681621952552,+,0.034574522368657455,0.18373084169576953
23,956.793400293064,,,mixed C-H bending / mixed-phase cyclic C-C stretching,delta(C2-C3-C4),angle,0.28311410057330855,-,-0.013719648236784135,1.004801410940264
23,956.793400293064,,,mixed C-H bending / mixed-phase cyclic C-C stretching,tau(H12-C1-C2-C9),dihedral,0.19769141078062333,+,0.028407713085560678,0.16365148246706415
23,956.793400293064,,,mixed C-H bending / mixed-phase cyclic C-C stretching,tau(C4-C3-C6-C7),dihedral,0.19461417504042353,-,-0.009815767366821649,1.3493687390108424
23,956.793400293064,,,mixed C-H bending / mixed-phase cyclic C-C stretching,nu(C1-C2),bond,0.18371996137539875,-,-0.020079575429684547,0.30440514126911583
23,956.793400293064,,,mixed C-H bending / mixed-phase cyclic C-C stretching,delta(N5-C4-H14),angle,0.15735538453899364,+,0.013796414080564461,0.5522730570457748
23,956.793400293064,,,mixed C-H bending / mixed-phase cyclic C-C stretching,delta(C7-C6-H16),angle,0.11497538158015835,+,0.016534686451907005,0.28094261542051463
23,956.793400293064,,,mixed C-H bending / mixed-phase cyclic C-C stretching,tau(H13-C4-N5-C6),dihedral,0.0996109923988224,-,-0.01781849012169074,0.20958980556226944
23,956.793400293064,,,mixed C-H bending / mixed-phase cyclic C-C stretching,tau(C3-C6-C7-O8),dihedral,0.09885094079981073,-,-0.03102452844724721,0.06860805660810879
23,956.793400293064,,,mixed C-H bending / mixed-phase cyclic C-C stretching,tau(C1-C2-C3-C6),dihedral,0.09691895010099703,-,-0.015367888706490588,0.2741479334959476
23,956.793400293064,,,mixed C-H bending / mixed-phase cyclic C-C stretching,tau(C6-C7-C9-C2),dihedral,0.0932961037285459,-,-0.008658107304862881,0.8314234474219374
23,956.793400293064,,,mixed C-H bending / mixed-phase cyclic C-C stretching,delta(C1-C2-C9),angle,0.07634231618172535,-,-0.012920584886393898,0.30549610246436376
23,956.793400293064,,,mixed C-H bending / mixed-phase cyclic C-C stretching,delta(H17-C9-H18),angle,0.03628527658037411,+,0.011110718059734626,0.19635902741953512
23,956.793400293064,,,mixed C-H bending / mixed-phase cyclic C-C stretching,tau(C2-C3-C4-H13),dihedral,0.031728686733582236,-,-0.009566888020194755,0.23158765474680962
23,956.793400293064,,,mixed C-H bending / mixed-phase cyclic C-C stretching,nu(C7-O8),bond,0.02279269511624114,+,0.00418303254415979,0.870197604715786
23,956.793400293064,,,mixed C-H bending / mixed-phase cyclic C-C stretching,nu(N5-H15),bond,0.010844749146208343,-,-0.004068172603086617,0.4377492979794155
23,956.793400293064,,,mixed C-H bending / mixed-phase cyclic C-C stretching,nu(C1-H12),bond,0.006374109534816129,-,-0.003548127134577752,0.33824070099731823
23,956.793400293064,,,mixed C-H bending / mixed-phase cyclic C-C stretching,delta(N5-C6-C7),angle,0.00591532426447088,+,0.0018579783446680874,1.1447270624227694
23,956.793400293064,,,mixed C-H bending / mixed-phase cyclic C-C stretching,nu(C1-H10),bond,0.0035439695586776425,+,0.002683944761358424,0.32866051035710836
23,956.793400293064,,,mixed C-H bending / mixed-phase cyclic C-C stretching,delta(H13-C4-H14),angle,0.0028941529679969427,-,-0.0023641938375225688,0.34590752413408615
23,956.793400293064,,,mixed C-H bending / mixed-phase cyclic C-C stretching,nu(C9-H18),bond,0.0024471732644003987,-,-0.002247538801850791,0.32363464909074685
23,956.793400293064,,,mixed C-H bending / mixed-phase cyclic C-C stretching,nu(C9-H17),bond,0.0021712628340390012,+,0.0020875350869288224,0.3328507348586602
23,956.793400293064,,,mixed C-H bending / mixed-phase cyclic C-C stretching,nu(C1-H11),bond,0.002046180552189476,+,0.0020390434147976397,0.32877266060693383
23,956.793400293064,,,mixed C-H bending / mixed-phase cyclic C-C stretching,nu(C6-H16),bond,0.001235489640941944,+,0.0016153129730335598,0.316322755718694
23,956.793400293064,,,mixed C-H bending / mixed-phase cyclic C-C stretching,nu(C4-H13),bond,0.0006176528315619812,+,0.0011324955606340885,0.321718554953058
23,956.793400293064,,,mixed C-H bending / mixed-phase cyclic C-C stretching,nu(C4-H14),bond,0.0001898137539668656,-,-0.000616296913035928,0.33385077033221655
24,979.0464625937257,,,mixed cyclic-ring torsional/out-of-plane deformation / cyclic C-N stretching / ring-site C-H out-of-plane bending,nu(N5-C6),bond,19.883769704081264,+,0.19880246103658558,0.2869245732116675
24,979.0464625937257,,,mixed cyclic-ring torsional/out-of-plane deformation / cyclic C-N stretching / ring-site C-H out-of-plane bending,tau(C6-C7-C9-C2),dihedral,11.022296031218305,-,-0.08695231873014626,0.8314234474219374
24,979.0464625937257,,,mixed cyclic-ring torsional/out-of-plane deformation / cyclic C-N stretching / ring-site C-H out-of-plane bending,tau(H16-C6-C7-C9),dihedral,8.423734555966295,+,0.1388805417913141,0.2490774446775072
24,979.0464625937257,,,mixed cyclic-ring torsional/out-of-plane deformation / cyclic C-N stretching / ring-site C-H out-of-plane bending,delta(C2-C1-H12),angle,8.030362787427364,-,-0.10918017569870779,0.38420244179789187
24,979.0464625937257,,,mixed cyclic-ring torsional/out-of-plane deformation / cyclic C-N stretching / ring-site C-H out-of-plane bending,tau(N5-C6-C7-C9),dihedral,7.740344290389967,+,0.06311390911169344,1.1082114958962508
24,979.0464625937257,,,mixed cyclic-ring torsional/out-of-plane deformation / cyclic C-N stretching / ring-site C-H out-of-plane bending,"gamma(C3;C4,H13,H14)",oop,5.437560359726028,-,-0.09306759161381015,0.3580302094181095
24,979.0464625937257,,,mixed cyclic-ring torsional/out-of-plane deformation / cyclic C-N stretching / ring-site C-H out-of-plane bending,delta(N5-C6-C7),angle,4.5771091729536355,-,-0.04775302928519069,1.1447270624227694
24,979.0464625937257,,,mixed cyclic-ring torsional/out-of-plane deformation / cyclic C-N stretching / ring-site C-H out-of-plane bending,tau(H15-N5-C6-H16),dihedral,4.042007646051599,-,-0.13690117790253759,0.12299721945055526
24,979.0464625937257,,,mixed cyclic-ring torsional/out-of-plane deformation / cyclic C-N stretching / ring-site C-H out-of-plane bending,tau(H13-C4-N5-C6),dihedral,3.970753311902338,-,-0.10394596664396248,0.20958980556226944
24,979.0464625937257,,,mixed cyclic-ring torsional/out-of-plane deformation / cyclic C-N stretching / ring-site C-H out-of-plane bending,tau(C2-C3-C4-H13),dihedral,3.000429095681188,+,0.08595878100282119,0.23158765474680962
24,979.0464625937257,,,mixed cyclic-ring torsional/out-of-plane deformation / cyclic C-N stretching / ring-site C-H out-of-plane bending,tau(C4-C3-C6-C7),dihedral,2.860722843240933,-,-0.03477193314467485,1.3493687390108424
24,979.0464625937257,,,mixed cyclic-ring torsional/out-of-plane deformation / cyclic C-N stretching / ring-site C-H out-of-plane bending,nu(C7-C9),bond,2.451931012266218,-,-0.07016558143972908,0.284035433913249
24,979.0464625937257,,,mixed cyclic-ring torsional/out-of-plane deformation / cyclic C-N stretching / ring-site C-H out-of-plane bending,tau(C6-C7-C9-H17),dihedral,2.254963356812561,+,0.08366329762401357,0.18373084169576953
24,979.0464625937257,,,mixed cyclic-ring torsional/out-of-plane deformation / cyclic C-N stretching / ring-site C-H out-of-plane bending,delta(N5-C4-H14),angle,2.079471465371495,-,-0.04633997772957646,0.5522730570457748
24,979.0464625937257,,,mixed cyclic-ring torsional/out-of-plane deformation / cyclic C-N stretching / ring-site C-H out-of-plane bending,tau(H10-C1-C2-C3),dihedral,2.017959630764298,-,-0.084400900449993,0.16155888472585178
24,979.0464625937257,,,mixed cyclic-ring torsional/out-of-plane deformation / cyclic C-N stretching / ring-site C-H out-of-plane bending,delta(C6-N5-H15),angle,1.8302422488213692,+,0.07847973825135564,0.16947514613136253
24,979.0464625937257,,,mixed cyclic-ring torsional/out-of-plane deformation / cyclic C-N stretching / ring-site C-H out-of-plane bending,tau(H12-C1-C2-C9),dihedral,1.6698607618396557,+,0.0762845211274833,0.16365148246706415
24,979.0464625937257,,,mixed cyclic-ring torsional/out-of-plane deformation / cyclic C-N stretching / ring-site C-H out-of-plane bending,delta(C3-C6-C7),angle,1.5836003098864158,+,0.02112163438558205,2.0244314202912057
24,979.0464625937257,,,mixed cyclic-ring torsional/out-of-plane deformation / cyclic C-N stretching / ring-site C-H out-of-plane bending,delta(C2-C9-C7),angle,1.4404636041727235,+,0.024347068226477846,1.385866754545155
24,979.0464625937257,,,mixed cyclic-ring torsional/out-of-plane deformation / cyclic C-N stretching / ring-site C-H out-of-plane bending,delta(C7-C9-H17),angle,1.038677000782916,-,-0.044121351912696956,0.30429542690694594
24,979.0464625937257,,,mixed cyclic-ring torsional/out-of-plane deformation / cyclic C-N stretching / ring-site C-H out-of-plane bending,nu(C2-C9),bond,0.9337032637967072,-,-0.039752247140454625,0.33697527931198995
24,979.0464625937257,,,mixed cyclic-ring torsional/out-of-plane deformation / cyclic C-N stretching / ring-site C-H out-of-plane bending,delta(C2-C3-C4),angle,0.814701953425931,+,0.021503815588808133,1.004801410940264
24,979.0464625937257,,,mixed cyclic-ring torsional/out-of-plane deformation / cyclic C-N stretching / ring-site C-H out-of-plane bending,nu(C3-C4),bond,0.7083997168717164,-,-0.0364272468884945,0.30446558741359786
24,979.0464625937257,,,mixed cyclic-ring torsional/out-of-plane deformation / cyclic C-N stretching / ring-site C-H out-of-plane bending,tau(C1-C2-C3-C6),dihedral,0.33433187663573155,+,0.026372583196096498,0.2741479334959476
24,979.0464625937257,,,mixed cyclic-ring torsional/out-of-plane deformation / cyclic C-N stretching / ring-site C-H out-of-plane bending,delta(H10-C1-H11),angle,0.3226192127955493,+,0.030409318471451886,0.19897081823552717
24,979.0464625937257,,,mixed cyclic-ring torsional/out-of-plane deformation / cyclic C-N stretching / ring-site C-H out-of-plane bending,nu(C1-C2),bond,0.30971745008326684,+,0.024088686091477053,0.30440514126911583
24,979.0464625937257,,,mixed cyclic-ring torsional/out-of-plane deformation / cyclic C-N stretching / ring-site C-H out-of-plane bending,delta(C7-C6-H16),angle,0.26518652573564866,+,0.023201880331707152,0.28094261542051463
24,979.0464625937257,,,mixed cyclic-ring torsional/out-of-plane deformation / cyclic C-N stretching / ring-site C-H out-of-plane bending,"gamma(H12;C1,H10,H11)",oop,0.2088096925560639,+,0.020144201078441417,0.29346958015132085
24,979.0464625937257,,,mixed cyclic-ring torsional/out-of-plane deformation / cyclic C-N stretching / ring-site C-H out-of-plane bending,delta(C2-C1-H10),angle,0.20050547675692362,-,-0.01772830449585206,0.36383491014983216
24,979.0464625937257,,,mixed cyclic-ring torsional/out-of-plane deformation / cyclic C-N stretching / ring-site C-H out-of-plane bending,nu(C4-N5),bond,0.18354330292488255,-,-0.01647072070732128,0.3858565433334769
24,979.0464625937257,,,mixed cyclic-ring torsional/out-of-plane deformation / cyclic C-N stretching / ring-site C-H out-of-plane bending,delta(C6-C7-O8),angle,0.07998252174259897,-,-0.01071474981016152,0.3973228627278992
24,979.0464625937257,,,mixed cyclic-ring torsional/out-of-plane deformation / cyclic C-N stretching / ring-site C-H out-of-plane bending,tau(C3-C6-C7-O8),dihedral,0.04406306193891776,-,-0.01913841836165825,0.06860805660810879
24,979.0464625937257,,,mixed cyclic-ring torsional/out-of-plane deformation / cyclic C-N stretching / ring-site C-H out-of-plane bending,delta(C1-C2-C9),angle,0.04255054515553022,+,0.008912632383146738,0.30549610246436376
24,979.0464625937257,,,mixed cyclic-ring torsional/out-of-plane deformation / cyclic C-N stretching / ring-site C-H out-of-plane bending,delta(H17-C9-H18),angle,0.04021463660592951,-,-0.01080744177436624,0.19635902741953512
24,979.0464625937257,,,mixed cyclic-ring torsional/out-of-plane deformation / cyclic C-N stretching / ring-site C-H out-of-plane bending,nu(C7-O8),bond,0.034996641843513324,+,0.004789172841160931,0.870197604715786
24,979.0464625937257,,,mixed cyclic-ring torsional/out-of-plane deformation / cyclic C-N stretching / ring-site C-H out-of-plane bending,nu(C2-C3),bond,0.030622288424886894,+,0.005328261170020465,0.6151473637723944
24,979.0464625937257,,,mixed cyclic-ring torsional/out-of-plane deformation / cyclic C-N stretching / ring-site C-H out-of-plane bending,"gamma(C2;C9,H17,H18)",oop,0.026587206866983865,-,-0.007596488242799561,0.2627601537123469
24,979.0464625937257,,,mixed cyclic-ring torsional/out-of-plane deformation / cyclic C-N stretching / ring-site C-H out-of-plane bending,delta(H13-C4-H14),angle,0.025397570829332246,-,-0.006471014186903882,0.34590752413408615
24,979.0464625937257,,,mixed cyclic-ring torsional/out-of-plane deformation / cyclic C-N stretching / ring-site C-H out-of-plane bending,nu(N5-H15),bond,0.015037818236239271,+,0.00442625013215234,0.4377492979794155
24,979.0464625937257,,,mixed cyclic-ring torsional/out-of-plane deformation / cyclic C-N stretching / ring-site C-H out-of-plane bending,nu(C6-C7),bond,0.009593461571676478,+,0.004581921476347977,0.26061090755461674
24,979.0464625937257,,,mixed cyclic-ring torsional/out-of-plane deformation / cyclic C-N stretching / ring-site C-H out-of-plane bending,nu(C1-H11),bond,0.005778275921550995,-,-0.003165975547854072,0.32877266060693383
24,979.0464625937257,,,mixed cyclic-ring torsional/out-of-plane deformation / cyclic C-N stretching / ring-site C-H out-of-plane bending,nu(C1-H12),bond,0.002577760646725219,+,0.002084801102703068,0.33824070099731823
24,979.0464625937257,,,mixed cyclic-ring torsional/out-of-plane deformation / cyclic C-N stretching / ring-site C-H out-of-plane bending,nu(C9-H17),bond,0.0022206354329455343,+,0.0019506086189361631,0.3328507348586602
24,979.0464625937257,,,mixed cyclic-ring torsional/out-of-plane deformation / cyclic C-N stretching / ring-site C-H out-of-plane bending,nu(C4-H13),bond,0.0007958130557623899,-,-0.0011877464511792517,0.321718554953058
24,979.0464625937257,,,mixed cyclic-ring torsional/out-of-plane deformation / cyclic C-N stretching / ring-site C-H out-of-plane bending,nu(C6-H16),bond,0.0006329913962386066,-,-0.001068291940798484,0.316322755718694
24,979.0464625937257,,,mixed cyclic-ring torsional/out-of-plane deformation / cyclic C-N stretching / ring-site C-H out-of-plane bending,nu(C9-H18),bond,0.0005561877546686877,-,-0.000990009750106959,0.32363464909074685
24,979.0464625937257,,,mixed cyclic-ring torsional/out-of-plane deformation / cyclic C-N stretching / ring-site C-H out-of-plane bending,nu(C4-H14),bond,0.0004517858971544561,+,0.0008785093942461025,0.33385077033221655
24,979.0464625937257,,,mixed cyclic-ring torsional/out-of-plane deformation / cyclic C-N stretching / ring-site C-H out-of-plane bending,nu(C1-H10),bond,0.00016313574035737818,+,0.0005320556541088599,0.32866051035710836
25,1018.5740126934534,,,mixed mixed-phase cyclic C-C stretching / ring-site C-H out-of-plane bending,nu(C7-C9),bond,12.125941216779221,-,-0.14999166405298942,0.284035433913249
25,1018.5740126934534,,,mixed mixed-phase cyclic C-C stretching / ring-site C-H out-of-plane bending,tau(H13-C4-N5-C6),dihedral,10.817348852089742,+,0.16491911504262868,0.20958980556226944
25,1018.5740126934534,,,mixed mixed-phase cyclic C-C stretching / ring-site C-H out-of-plane bending,delta(C6-N5-H15),angle,8.536792242302486,+,0.16292585278888713,0.16947514613136253
25,1018.5740126934534,,,mixed mixed-phase cyclic C-C stretching / ring-site C-H out-of-plane bending,delta(N5-C6-C7),angle,7.895476211593441,+,0.060288412035159014,1.1447270624227694
25,1018.5740126934534,,,mixed mixed-phase cyclic C-C stretching / ring-site C-H out-of-plane bending,tau(C6-C7-C9-C2),dihedral,6.310153208103938,+,0.06324183651346553,0.8314234474219374
25,1018.5740126934534,,,mixed mixed-phase cyclic C-C stretching / ring-site C-H out-of-plane bending,delta(C6-C7-O8),angle,6.0733412702542156,-,-0.08975067428280083,0.3973228627278992
25,1018.5740126934534,,,mixed mixed-phase cyclic C-C stretching / ring-site C-H out-of-plane bending,delta(C2-C9-C7),angle,5.859769558960876,+,0.04720360696527742,1.385866754545155
25,1018.5740126934534,,,mixed mixed-phase cyclic C-C stretching / ring-site C-H out-of-plane bending,nu(C6-C7),bond,5.674052193234699,+,0.10711394734322019,0.26061090755461674
25,1018.5740126934534,,,mixed mixed-phase cyclic C-C stretching / ring-site C-H out-of-plane bending,"gamma(C3;C4,H13,H14)",oop,4.574128840463759,-,-0.08205215951607632,0.3580302094181095
25,1018.5740126934534,,,mixed mixed-phase cyclic C-C stretching / ring-site C-H out-of-plane bending,nu(C4-N5),bond,3.8423256447695113,+,0.07244022745466598,0.3858565433334769
25,1018.5740126934534,,,mixed mixed-phase cyclic C-C stretching / ring-site C-H out-of-plane bending,tau(H16-C6-C7-C9),dihedral,3.7034437879854,-,-0.0885179470630433,0.2490774446775072
25,1018.5740126934534,,,mixed mixed-phase cyclic C-C stretching / ring-site C-H out-of-plane bending,nu(C3-C4),bond,3.38490834539216,-,-0.07654203518168863,0.30446558741359786
25,1018.5740126934534,,,mixed mixed-phase cyclic C-C stretching / ring-site C-H out-of-plane bending,delta(N5-C4-H14),angle,3.262306317608118,+,0.0557931774781771,0.5522730570457748
25,1018.5740126934534,,,mixed mixed-phase cyclic C-C stretching / ring-site C-H out-of-plane bending,delta(C7-C6-H16),angle,3.0960774868429497,-,-0.07620662976730512,0.28094261542051463
25,1018.5740126934534,,,mixed mixed-phase cyclic C-C stretching / ring-site C-H out-of-plane bending,tau(C2-C3-C4-H13),dihedral,3.021807601791485,-,-0.08292230345194958,0.23158765474680962
25,1018.5740126934534,,,mixed mixed-phase cyclic C-C stretching / ring-site C-H out-of-plane bending,delta(C2-C1-H12),angle,2.773376678048058,-,-0.06167654316939633,0.38420244179789187
25,1018.5740126934534,,,mixed mixed-phase cyclic C-C stretching / ring-site C-H out-of-plane bending,nu(N5-C6),bond,1.7319686208665872,-,-0.056400349186496335,0.2869245732116675
25,1018.5740126934534,,,mixed mixed-phase cyclic C-C stretching / ring-site C-H out-of-plane bending,delta(C7-C9-H17),angle,1.5317141119678208,+,0.051503506649120324,0.30429542690694594
25,1018.5740126934534,,,mixed mixed-phase cyclic C-C stretching / ring-site C-H out-of-plane bending,tau(H10-C1-C2-C3),dihedral,1.2952073049000998,-,-0.06499798220136271,0.16155888472585178
25,1018.5740126934534,,,mixed mixed-phase cyclic C-C stretching / ring-site C-H out-of-plane bending,"gamma(C2;C9,H17,H18)",oop,0.815668411547733,-,-0.040445734203310095,0.2627601537123469
25,1018.5740126934534,,,mixed mixed-phase cyclic C-C stretching / ring-site C-H out-of-plane bending,tau(H15-N5-C6-H16),dihedral,0.694629439766597,-,-0.054553749009470374,0.12299721945055526
25,1018.5740126934534,,,mixed mixed-phase cyclic C-C stretching / ring-site C-H out-of-plane bending,tau(C1-C2-C3-C6),dihedral,0.6485255154546159,-,-0.03530747829196083,0.2741479334959476
25,1018.5740126934534,,,mixed mixed-phase cyclic C-C stretching / ring-site C-H out-of-plane bending,delta(C2-C3-C4),angle,0.5824421303090797,-,-0.017477605324784255,1.004801410940264
25,1018.5740126934534,,,mixed mixed-phase cyclic C-C stretching / ring-site C-H out-of-plane bending,tau(C4-C3-C6-C7),dihedral,0.33736137929540283,+,0.011478311718693504,1.3493687390108424
25,1018.5740126934534,,,mixed mixed-phase cyclic C-C stretching / ring-site C-H out-of-plane bending,nu(C2-C9),bond,0.27531023757701223,+,0.020749508547131663,0.33697527931198995
25,1018.5740126934534,,,mixed mixed-phase cyclic C-C stretching / ring-site C-H out-of-plane bending,tau(N5-C6-C7-C9),dihedral,0.23626353775814227,-,-0.01059943415114242,1.1082114958962508
25,1018.5740126934534,,,mixed mixed-phase cyclic C-C stretching / ring-site C-H out-of-plane bending,tau(C6-C7-C9-H17),dihedral,0.21495073623204897,+,0.02482984974362567,0.18373084169576953
25,1018.5740126934534,,,mixed mixed-phase cyclic C-C stretching / ring-site C-H out-of-plane bending,delta(H10-C1-H11),angle,0.12480221104029017,+,0.018180762857105577,0.19897081823552717
25,1018.5740126934534,,,mixed mixed-phase cyclic C-C stretching / ring-site C-H out-of-plane bending,tau(C3-C6-C7-O8),dihedral,0.10660909765989553,+,0.028615756405602794,0.06860805660810879
25,1018.5740126934534,,,mixed mixed-phase cyclic C-C stretching / ring-site C-H out-of-plane bending,nu(C1-C2),bond,0.10631537616949314,+,0.013566496394932065,0.30440514126911583
25,1018.5740126934534,,,mixed mixed-phase cyclic C-C stretching / ring-site C-H out-of-plane bending,delta(H17-C9-H18),angle,0.10436172005448104,-,-0.016735582509569517,0.19635902741953512
25,1018.5740126934534,,,mixed mixed-phase cyclic C-C stretching / ring-site C-H out-of-plane bending,"gamma(H12;C1,H10,H11)",oop,0.0820100815807527,+,0.0121352221732769,0.29346958015132085
25,1018.5740126934534,,,mixed mixed-phase cyclic C-C stretching / ring-site C-H out-of-plane bending,delta(C2-C1-H10),angle,0.03416463700710486,-,-0.007034478018975381,0.36383491014983216
25,1018.5740126934534,,,mixed mixed-phase cyclic C-C stretching / ring-site C-H out-of-plane bending,delta(C1-C2-C9),angle,0.030034134114333325,-,-0.007197809963127366,0.30549610246436376
25,1018.5740126934534,,,mixed mixed-phase cyclic C-C stretching / ring-site C-H out-of-plane bending,delta(C3-C6-C7),angle,0.025326595854125094,-,-0.0025676305290749267,2.0244314202912057
25,1018.5740126934534,,,mixed mixed-phase cyclic C-C stretching / ring-site C-H out-of-plane bending,nu(N5-H15),bond,0.01679061038960922,-,-0.004495895087156315,0.4377492979794155
25,1018.5740126934534,,,mixed mixed-phase cyclic C-C stretching / ring-site C-H out-of-plane bending,nu(C7-O8),bond,0.0124144004509938,+,0.0027418872285118216,0.870197604715786
25,1018.5740126934534,,,mixed mixed-phase cyclic C-C stretching / ring-site C-H out-of-plane bending,nu(C2-C3),bond,0.009229165234849892,-,-0.00281181848986658,0.6151473637723944
25,1018.5740126934534,,,mixed mixed-phase cyclic C-C stretching / ring-site C-H out-of-plane bending,tau(H12-C1-C2-C9),dihedral,0.008780701260029904,+,0.005317411668197445,0.16365148246706415
25,1018.5740126934534,,,mixed mixed-phase cyclic C-C stretching / ring-site C-H out-of-plane bending,nu(C4-H13),bond,0.00820061621078052,+,0.0036650579366542977,0.321718554953058
25,1018.5740126934534,,,mixed mixed-phase cyclic C-C stretching / ring-site C-H out-of-plane bending,delta(H13-C4-H14),angle,0.005174607063971691,+,0.002807723515653983,0.34590752413408615
25,1018.5740126934534,,,mixed mixed-phase cyclic C-C stretching / ring-site C-H out-of-plane bending,nu(C1-H11),bond,0.0027519256600955946,-,-0.0021002266068296943,0.32877266060693383
25,1018.5740126934534,,,mixed mixed-phase cyclic C-C stretching / ring-site C-H out-of-plane bending,nu(C6-H16),bond,0.0024705548748990094,+,0.0020287460623400226,0.316322755718694
25,1018.5740126934534,,,mixed mixed-phase cyclic C-C stretching / ring-site C-H out-of-plane bending,nu(C9-H18),bond,0.002382981463830049,+,0.0019698287934670875,0.32363464909074685
25,1018.5740126934534,,,mixed mixed-phase cyclic C-C stretching / ring-site C-H out-of-plane bending,nu(C1-H12),bond,0.002032090532264284,+,0.0017793207713855173,0.33824070099731823
25,1018.5740126934534,,,mixed mixed-phase cyclic C-C stretching / ring-site C-H out-of-plane bending,nu(C9-H17),bond,0.0004517068762149417,-,-0.0008456667320853445,0.3328507348586602
25,1018.5740126934534,,,mixed mixed-phase cyclic C-C stretching / ring-site C-H out-of-plane bending,nu(C1-H10),bond,0.00036485146535601725,+,0.0007648564616640558,0.32866051035710836
25,1018.5740126934534,,,mixed mixed-phase cyclic C-C stretching / ring-site C-H out-of-plane bending,nu(C4-H14),bond,4.1053141436758784e-05,+,0.0002545614650019389,0.33385077033221655
26,1051.0036813855352,,,mixed C-H bending / cyclic-ring torsional/out-of-plane deformation,delta(C2-C1-H10),angle,34.824519461284765,+,0.24794003938719236,0.36383491014983216
26,1051.0036813855352,,,mixed C-H bending / cyclic-ring torsional/out-of-plane deformation,tau(C6-C7-C9-C2),dihedral,9.935832382347764,-,-0.08760870837749342,0.8314234474219374
26,1051.0036813855352,,,mixed C-H bending / cyclic-ring torsional/out-of-plane deformation,tau(C4-C3-C6-C7),dihedral,7.946843544553861,-,-0.06150186597783409,1.3493687390108424
26,1051.0036813855352,,,mixed C-H bending / cyclic-ring torsional/out-of-plane deformation,delta(C7-C9-H17),angle,7.689839352269023,-,-0.1273993476401544,0.30429542690694594
26,1051.0036813855352,,,mixed C-H bending / cyclic-ring torsional/out-of-plane deformation,nu(N5-C6),bond,4.971030257670441,+,0.10548619194729375,0.2869245732116675
26,1051.0036813855352,,,mixed C-H bending / cyclic-ring torsional/out-of-plane deformation,tau(C2-C3-C4-H13),dihedral,4.618749347865497,-,-0.11317767767563976,0.23158765474680962
26,1051.0036813855352,,,mixed C-H bending / cyclic-ring torsional/out-of-plane deformation,tau(C1-C2-C3-C6),dihedral,4.601470092311257,+,0.10382742826535246,0.2741479334959476
26,1051.0036813855352,,,mixed C-H bending / cyclic-ring torsional/out-of-plane deformation,delta(C7-C6-H16),angle,2.943236720254773,-,-0.08202761218069583,0.28094261542051463
26,1051.0036813855352,,,mixed C-H bending / cyclic-ring torsional/out-of-plane deformation,delta(N5-C6-C7),angle,2.887588974531355,-,-0.04025065905965369,1.1447270624227694
26,1051.0036813855352,,,mixed C-H bending / cyclic-ring torsional/out-of-plane deformation,tau(H12-C1-C2-C9),dihedral,2.341262083815057,-,-0.09585644700249446,0.16365148246706415
26,1051.0036813855352,,,mixed C-H bending / cyclic-ring torsional/out-of-plane deformation,tau(N5-C6-C7-C9),dihedral,2.2755626161915177,+,0.036315276331220114,1.1082114958962508
26,1051.0036813855352,,,mixed C-H bending / cyclic-ring torsional/out-of-plane deformation,delta(C6-N5-H15),angle,2.06001138707488,+,0.0883564148064893,0.16947514613136253
26,1051.0036813855352,,,mixed C-H bending / cyclic-ring torsional/out-of-plane deformation,delta(N5-C4-H14),angle,1.9424998720901345,+,0.04752912888944872,0.5522730570457748
26,1051.0036813855352,,,mixed C-H bending / cyclic-ring torsional/out-of-plane deformation,delta(C2-C3-C4),angle,1.470675112640981,-,-0.030660168472695835,1.004801410940264
26,1051.0036813855352,,,mixed C-H bending / cyclic-ring torsional/out-of-plane deformation,tau(H13-C4-N5-C6),dihedral,1.172803150315244,+,0.05994925190405438,0.20958980556226944
26,1051.0036813855352,,,mixed C-H bending / cyclic-ring torsional/out-of-plane deformation,delta(C2-C9-C7),angle,1.126599312116184,-,-0.02284968860944472,1.385866754545155
26,1051.0036813855352,,,mixed C-H bending / cyclic-ring torsional/out-of-plane deformation,tau(H15-N5-C6-H16),dihedral,1.116787416596901,+,0.07636491849438422,0.12299721945055526
26,1051.0036813855352,,,mixed C-H bending / cyclic-ring torsional/out-of-plane deformation,nu(C4-N5),bond,0.9475820475605121,+,0.03971474339510106,0.3858565433334769
26,1051.0036813855352,,,mixed C-H bending / cyclic-ring torsional/out-of-plane deformation,nu(C6-C7),bond,0.7824795930444922,-,-0.043913342913350986,0.26061090755461674
26,1051.0036813855352,,,mixed C-H bending / cyclic-ring torsional/out-of-plane deformation,tau(C6-C7-C9-H17),dihedral,0.6765722356094509,-,-0.048632023137574865,0.18373084169576953
26,1051.0036813855352,,,mixed C-H bending / cyclic-ring torsional/out-of-plane deformation,nu(C1-C2),bond,0.6613936282304459,-,-0.037355993844075105,0.30440514126911583
26,1051.0036813855352,,,mixed C-H bending / cyclic-ring torsional/out-of-plane deformation,tau(H16-C6-C7-C9),dihedral,0.6179744713710448,+,0.03991851253291337,0.2490774446775072
26,1051.0036813855352,,,mixed C-H bending / cyclic-ring torsional/out-of-plane deformation,"gamma(C3;C4,H13,H14)",oop,0.5402336209971786,-,-0.031130582817322328,0.3580302094181095
26,1051.0036813855352,,,mixed C-H bending / cyclic-ring torsional/out-of-plane deformation,delta(C3-C6-C7),angle,0.4132580489811928,+,0.011450261610481597,2.0244314202912057
26,1051.0036813855352,,,mixed C-H bending / cyclic-ring torsional/out-of-plane deformation,nu(C2-C9),bond,0.22236358575261533,+,0.020586811917503677,0.33697527931198995
26,1051.0036813855352,,,mixed C-H bending / cyclic-ring torsional/out-of-plane deformation,delta(C6-C7-O8),angle,0.17741368016032985,+,0.016934721460342545,0.3973228627278992
26,1051.0036813855352,,,mixed C-H bending / cyclic-ring torsional/out-of-plane deformation,delta(C1-C2-C9),angle,0.14906406545807185,+,0.017702717026803864,0.30549610246436376
26,1051.0036813855352,,,mixed C-H bending / cyclic-ring torsional/out-of-plane deformation,tau(C3-C6-C7-O8),dihedral,0.14363217090232897,-,-0.03666862177424767,0.06860805660810879
26,1051.0036813855352,,,mixed C-H bending / cyclic-ring torsional/out-of-plane deformation,nu(C7-C9),bond,0.14134551118748998,+,0.017877674782189962,0.284035433913249
26,1051.0036813855352,,,mixed C-H bending / cyclic-ring torsional/out-of-plane deformation,"gamma(C2;C9,H17,H18)",oop,0.1396768824277392,-,-0.01847731217668484,0.2627601537123469
26,1051.0036813855352,,,mixed C-H bending / cyclic-ring torsional/out-of-plane deformation,nu(C2-C3),bond,0.08519190146492459,+,0.009431176134227476,0.6151473637723944
26,1051.0036813855352,,,mixed C-H bending / cyclic-ring torsional/out-of-plane deformation,delta(C2-C1-H12),angle,0.07808584955981514,-,-0.011425162688973612,0.38420244179789187
26,1051.0036813855352,,,mixed C-H bending / cyclic-ring torsional/out-of-plane deformation,nu(C7-O8),bond,0.07462042104852872,+,0.007421235088087849,0.870197604715786
26,1051.0036813855352,,,mixed C-H bending / cyclic-ring torsional/out-of-plane deformation,tau(H10-C1-C2-C3),dihedral,0.061672742990931485,-,-0.015658043403431843,0.16155888472585178
26,1051.0036813855352,,,mixed C-H bending / cyclic-ring torsional/out-of-plane deformation,delta(H13-C4-H14),angle,0.03248475877677434,-,-0.007766334682298015,0.34590752413408615
26,1051.0036813855352,,,mixed C-H bending / cyclic-ring torsional/out-of-plane deformation,nu(C1-H11),bond,0.031141398271676377,+,0.0077996926544757934,0.32877266060693383
26,1051.0036813855352,,,mixed C-H bending / cyclic-ring torsional/out-of-plane deformation,nu(C1-H10),bond,0.029604659536755444,-,-0.007606109200054723,0.32866051035710836
26,1051.0036813855352,,,mixed C-H bending / cyclic-ring torsional/out-of-plane deformation,delta(H17-C9-H18),angle,0.02793647181350838,+,0.009559091652951355,0.19635902741953512
26,1051.0036813855352,,,mixed C-H bending / cyclic-ring torsional/out-of-plane deformation,nu(C9-H18),bond,0.010929392603743118,-,-0.004657220397156105,0.32363464909074685
26,1051.0036813855352,,,mixed C-H bending / cyclic-ring torsional/out-of-plane deformation,"gamma(H12;C1,H10,H11)",oop,0.007823997412407023,-,-0.004137986668354446,0.29346958015132085
26,1051.0036813855352,,,mixed C-H bending / cyclic-ring torsional/out-of-plane deformation,nu(N5-H15),bond,0.006075830237991192,+,0.0029857013861863324,0.4377492979794155
26,1051.0036813855352,,,mixed C-H bending / cyclic-ring torsional/out-of-plane deformation,nu(C3-C4),bond,0.005616260443263286,-,-0.0034419994489616737,0.30446558741359786
26,1051.0036813855352,,,mixed C-H bending / cyclic-ring torsional/out-of-plane deformation,nu(C9-H17),bond,0.005181458062379284,+,0.0031619683396141,0.3328507348586602
26,1051.0036813855352,,,mixed C-H bending / cyclic-ring torsional/out-of-plane deformation,nu(C6-H16),bond,0.003938084810824748,+,0.002827701734001746,0.316322755718694
26,1051.0036813855352,,,mixed C-H bending / cyclic-ring torsional/out-of-plane deformation,nu(C4-H13),bond,0.0007202250940285076,+,0.0011990915796047548,0.321718554953058
26,1051.0036813855352,,,mixed C-H bending / cyclic-ring torsional/out-of-plane deformation,nu(C4-H14),bond,0.0006295497167398656,+,0.001100512826236433,0.33385077033221655
26,1051.0036813855352,,,mixed C-H bending / cyclic-ring torsional/out-of-plane deformation,nu(C1-H12),bond,4.6093806482927174e-05,+,0.00029584527513597876,0.33824070099731823
26,1051.0036813855352,,,mixed C-H bending / cyclic-ring torsional/out-of-plane deformation,delta(H10-C1-H11),angle,2.7873672132019077e-07,+,2.9995678087158275e-05,0.19897081823552717
27,1070.8559661497384,,,mixed C-H bending / ring-site C-H in-plane bending,delta(C2-C1-H10),angle,23.107886216942816,+,0.20799955020742908,0.36383491014983216
27,1070.8559661497384,,,mixed C-H bending / ring-site C-H in-plane bending,nu(N5-C6),bond,10.755717765700831,-,-0.1597976160671694,0.2869245732116675
27,1070.8559661497384,,,mixed C-H bending / ring-site C-H in-plane bending,delta(N5-C4-H14),angle,9.802022485457348,+,0.1099551026593295,0.5522730570457748
27,1070.8559661497384,,,mixed C-H bending / ring-site C-H in-plane bending,delta(C2-C1-H12),angle,8.437820751145495,-,-0.12231213771105612,0.38420244179789187
27,1070.8559661497384,,,mixed C-H bending / ring-site C-H in-plane bending,nu(C6-C7),bond,6.247768594868682,+,0.1277911101370193,0.26061090755461674
27,1070.8559661497384,,,mixed C-H bending / ring-site C-H in-plane bending,tau(C2-C3-C4-H13),dihedral,5.420165527813834,-,-0.12626501710127258,0.23158765474680962
27,1070.8559661497384,,,mixed C-H bending / ring-site C-H in-plane bending,nu(C1-C2),bond,5.013623797922532,+,0.10592155535464826,0.30440514126911583
27,1070.8559661497384,,,mixed C-H bending / ring-site C-H in-plane bending,tau(H16-C6-C7-C9),dihedral,4.190687057219284,+,0.10705572179999764,0.2490774446775072
27,1070.8559661497384,,,mixed C-H bending / ring-site C-H in-plane bending,nu(C3-C4),bond,3.7120285262230692,-,-0.09113202388955392,0.30446558741359786
27,1070.8559661497384,,,mixed C-H bending / ring-site C-H in-plane bending,tau(C6-C7-C9-H17),dihedral,2.69765075988949,+,0.1000083586153732,0.18373084169576953
27,1070.8559661497384,,,mixed C-H bending / ring-site C-H in-plane bending,nu(C7-C9),bond,2.5795901218551123,-,-0.07865449748771934,0.284035433913249
27,1070.8559661497384,,,mixed C-H bending / ring-site C-H in-plane bending,delta(C7-C6-H16),angle,2.499901874584634,+,0.07785511309219352,0.28094261542051463
27,1070.8559661497384,,,mixed C-H bending / ring-site C-H in-plane bending,delta(C6-C7-O8),angle,2.075351679441336,-,-0.05964973818563225,0.3973228627278992
27,1070.8559661497384,,,mixed C-H bending / ring-site C-H in-plane bending,nu(C4-N5),bond,1.7845879865328114,-,-0.05612941517225353,0.3858565433334769
27,1070.8559661497384,,,mixed C-H bending / ring-site C-H in-plane bending,delta(C3-C6-C7),angle,1.5593250820296163,-,-0.022906106051587827,2.0244314202912057
27,1070.8559661497384,,,mixed C-H bending / ring-site C-H in-plane bending,tau(H10-C1-C2-C3),dihedral,1.3446186706753107,-,-0.07529542947557238,0.16155888472585178
27,1070.8559661497384,,,mixed C-H bending / ring-site C-H in-plane bending,"gamma(H12;C1,H10,H11)",oop,1.0384947223949244,+,0.04909701298814399,0.29346958015132085
27,1070.8559661497384,,,mixed C-H bending / ring-site C-H in-plane bending,delta(C2-C9-C7),angle,0.9177967840948809,-,-0.021239632440747284,1.385866754545155
27,1070.8559661497384,,,mixed C-H bending / ring-site C-H in-plane bending,tau(H15-N5-C6-H16),dihedral,0.7244741467762132,-,-0.06334294754510207,0.12299721945055526
27,1070.8559661497384,,,mixed C-H bending / ring-site C-H in-plane bending,tau(C1-C2-C3-C6),dihedral,0.7182383061709395,+,0.04224509226977941,0.2741479334959476
27,1070.8559661497384,,,mixed C-H bending / ring-site C-H in-plane bending,delta(N5-C6-C7),angle,0.6691209972018413,+,0.019954269043499746,1.1447270624227694
27,1070.8559661497384,,,mixed C-H bending / ring-site C-H in-plane bending,delta(C7-C9-H17),angle,0.6318792231172654,+,0.0376100399129761,0.30429542690694594
27,1070.8559661497384,,,mixed C-H bending / ring-site C-H in-plane bending,tau(H13-C4-N5-C6),dihedral,0.5953080540571835,-,-0.043986587560495005,0.20958980556226944
27,1070.8559661497384,,,mixed C-H bending / ring-site C-H in-plane bending,delta(C1-C2-C9),angle,0.5852491207944182,-,-0.036124514363159436,0.30549610246436376
27,1070.8559661497384,,,mixed C-H bending / ring-site C-H in-plane bending,delta(C2-C3-C4),angle,0.5801691909958293,-,-0.019832236031906453,1.004801410940264
27,1070.8559661497384,,,mixed C-H bending / ring-site C-H in-plane bending,delta(H10-C1-H11),angle,0.5122365959182635,+,0.041876953309869215,0.19897081823552717
27,1070.8559661497384,,,mixed C-H bending / ring-site C-H in-plane bending,tau(C4-C3-C6-C7),dihedral,0.49786341692507613,+,0.015853467067183453,1.3493687390108424
27,1070.8559661497384,,,mixed C-H bending / ring-site C-H in-plane bending,"gamma(C2;C9,H17,H18)",oop,0.41172390580807405,-,-0.03267064869697219,0.2627601537123469
27,1070.8559661497384,,,mixed C-H bending / ring-site C-H in-plane bending,tau(H12-C1-C2-C9),dihedral,0.3076182824489603,-,-0.035783314787345345,0.16365148246706415
27,1070.8559661497384,,,mixed C-H bending / ring-site C-H in-plane bending,tau(C6-C7-C9-C2),dihedral,0.3015770631604933,-,-0.015718912234961514,0.8314234474219374
27,1070.8559661497384,,,mixed C-H bending / ring-site C-H in-plane bending,nu(C2-C9),bond,0.06621645250756686,+,0.0115696015777879,0.33697527931198995
27,1070.8559661497384,,,mixed C-H bending / ring-site C-H in-plane bending,tau(C3-C6-C7-O8),dihedral,0.0474942698912957,-,-0.02171538424575146,0.06860805660810879
27,1070.8559661497384,,,mixed C-H bending / ring-site C-H in-plane bending,"gamma(C3;C4,H13,H14)",oop,0.022979130385263016,+,0.006612130672968402,0.3580302094181095
27,1070.8559661497384,,,mixed C-H bending / ring-site C-H in-plane bending,delta(H13-C4-H14),angle,0.022341434839068596,+,0.006632999975319026,0.34590752413408615
27,1070.8559661497384,,,mixed C-H bending / ring-site C-H in-plane bending,nu(C1-H10),bond,0.02177896799246033,-,-0.006718608809051323,0.32866051035710836
27,1070.8559661497384,,,mixed C-H bending / ring-site C-H in-plane bending,nu(N5-H15),bond,0.020777883910164368,-,-0.0056862034951186274,0.4377492979794155
27,1070.8559661497384,,,mixed C-H bending / ring-site C-H in-plane bending,delta(C6-N5-H15),angle,0.018920022569216148,-,-0.008720518061173143,0.16947514613136253
27,1070.8559661497384,,,mixed C-H bending / ring-site C-H in-plane bending,nu(C7-O8),bond,0.01435996710066874,-,-0.003352758328917645,0.870197604715786
27,1070.8559661497384,,,mixed C-H bending / ring-site C-H in-plane bending,nu(C2-C3),bond,0.013850596862519852,+,0.003916328654106023,0.6151473637723944
27,1070.8559661497384,,,mixed C-H bending / ring-site C-H in-plane bending,nu(C1-H12),bond,0.012018874887776653,+,0.004919867919367797,0.33824070099731823
27,1070.8559661497384,,,mixed C-H bending / ring-site C-H in-plane bending,nu(C1-H11),bond,0.006488027060215353,+,0.003666426198773678,0.32877266060693383
27,1070.8559661497384,,,mixed C-H bending / ring-site C-H in-plane bending,tau(N5-C6-C7-C9),dihedral,0.0034779168580344874,+,0.001462119070696882,1.1082114958962508
27,1070.8559661497384,,,mixed C-H bending / ring-site C-H in-plane bending,delta(H17-C9-H18),angle,0.0033068400106361644,-,-0.003387003340911214,0.19635902741953512
27,1070.8559661497384,,,mixed C-H bending / ring-site C-H in-plane bending,nu(C4-H13),bond,0.002496601595617833,-,-0.002299169748507208,0.321718554953058
27,1070.8559661497384,,,mixed C-H bending / ring-site C-H in-plane bending,nu(C9-H17),bond,0.002337215241576246,+,0.0021870517740350424,0.3328507348586602
27,1070.8559661497384,,,mixed C-H bending / ring-site C-H in-plane bending,nu(C6-H16),bond,0.000344283188686342,-,-0.0008610475988297371,0.316322755718694
27,1070.8559661497384,,,mixed C-H bending / ring-site C-H in-plane bending,nu(C4-H14),bond,0.00025230008570132674,-,-0.0007174918578846563,0.33385077033221655
27,1070.8559661497384,,,mixed C-H bending / ring-site C-H in-plane bending,nu(C9-H18),bond,6.250684697672384e-05,-,-0.0003627193792618055,0.32363464909074685
28,1105.9098838081472,,,mixed ring-site C-H in-plane bending / ring-site C-H out-of-plane bending,delta(N5-C4-H14),angle,33.13107030872203,-,-0.22645425105313488,0.5522730570457748
28,1105.9098838081472,,,mixed ring-site C-H in-plane bending / ring-site C-H out-of-plane bending,tau(H16-C6-C7-C9),dihedral,17.3141034875894,-,-0.24376563273222998,0.2490774446775072
28,1105.9098838081472,,,mixed ring-site C-H in-plane bending / ring-site C-H out-of-plane bending,tau(C2-C3-C4-H13),dihedral,14.072813588909657,+,0.2279147529664957,0.23158765474680962
28,1105.9098838081472,,,mixed ring-site C-H in-plane bending / ring-site C-H out-of-plane bending,delta(C2-C3-C4),angle,5.592931011808797,+,0.06897937991872495,1.004801410940264
28,1105.9098838081472,,,mixed ring-site C-H in-plane bending / ring-site C-H out-of-plane bending,tau(H15-N5-C6-H16),dihedral,5.398737020768244,+,0.19370378750787362,0.12299721945055526
28,1105.9098838081472,,,mixed ring-site C-H in-plane bending / ring-site C-H out-of-plane bending,delta(C6-N5-H15),angle,3.5243899038435504,-,-0.1333302331792702,0.16947514613136253
28,1105.9098838081472,,,mixed ring-site C-H in-plane bending / ring-site C-H out-of-plane bending,delta(C2-C1-H10),angle,2.793666624586287,+,0.0810167428131289,0.36383491014983216
28,1105.9098838081472,,,mixed ring-site C-H in-plane bending / ring-site C-H out-of-plane bending,delta(N5-C6-C7),angle,2.3622045791241852,-,-0.041999822156140516,1.1447270624227694
28,1105.9098838081472,,,mixed ring-site C-H in-plane bending / ring-site C-H out-of-plane bending,nu(C3-C4),bond,2.1955821319810496,-,-0.0785136938660744,0.30446558741359786
28,1105.9098838081472,,,mixed ring-site C-H in-plane bending / ring-site C-H out-of-plane bending,nu(C6-C7),bond,1.9744451389456934,+,0.0804759133195988,0.26061090755461674
28,1105.9098838081472,,,mixed ring-site C-H in-plane bending / ring-site C-H out-of-plane bending,delta(C3-C6-C7),angle,1.7691363001142717,-,-0.02733183468083459,2.0244314202912057
28,1105.9098838081472,,,mixed ring-site C-H in-plane bending / ring-site C-H out-of-plane bending,tau(C6-C7-C9-C2),dihedral,1.7632118944989206,-,-0.04257756222602017,0.8314234474219374
28,1105.9098838081472,,,mixed ring-site C-H in-plane bending / ring-site C-H out-of-plane bending,tau(C1-C2-C3-C6),dihedral,1.4648190202094427,+,0.06758326513402153,0.2741479334959476
28,1105.9098838081472,,,mixed ring-site C-H in-plane bending / ring-site C-H out-of-plane bending,delta(C7-C6-H16),angle,1.3615081044005388,+,0.0643636964221943,0.28094261542051463
28,1105.9098838081472,,,mixed ring-site C-H in-plane bending / ring-site C-H out-of-plane bending,"gamma(C3;C4,H13,H14)",oop,1.209725160525979,-,-0.05374315935798568,0.3580302094181095
28,1105.9098838081472,,,mixed ring-site C-H in-plane bending / ring-site C-H out-of-plane bending,nu(C1-C2),bond,0.8035715917990547,-,-0.047503539348160546,0.30440514126911583
28,1105.9098838081472,,,mixed ring-site C-H in-plane bending / ring-site C-H out-of-plane bending,tau(C4-C3-C6-C7),dihedral,0.6551703096111451,+,0.02037283438684222,1.3493687390108424
28,1105.9098838081472,,,mixed ring-site C-H in-plane bending / ring-site C-H out-of-plane bending,nu(C2-C9),bond,0.507651955815229,+,0.03588588688032428,0.33697527931198995
28,1105.9098838081472,,,mixed ring-site C-H in-plane bending / ring-site C-H out-of-plane bending,nu(C7-C9),bond,0.480047435287505,-,-0.038009791612929424,0.284035433913249
28,1105.9098838081472,,,mixed ring-site C-H in-plane bending / ring-site C-H out-of-plane bending,nu(C4-N5),bond,0.3810994316451665,-,-0.02905667319111524,0.3858565433334769
28,1105.9098838081472,,,mixed ring-site C-H in-plane bending / ring-site C-H out-of-plane bending,tau(C6-C7-C9-H17),dihedral,0.25949538993968496,+,0.034746691953042856,0.18373084169576953
28,1105.9098838081472,,,mixed ring-site C-H in-plane bending / ring-site C-H out-of-plane bending,delta(C6-C7-O8),angle,0.19853416922176917,-,-0.0206673848410851,0.3973228627278992
28,1105.9098838081472,,,mixed ring-site C-H in-plane bending / ring-site C-H out-of-plane bending,nu(C2-C3),bond,0.15931619074564798,-,-0.014879215926725052,0.6151473637723944
28,1105.9098838081472,,,mixed ring-site C-H in-plane bending / ring-site C-H out-of-plane bending,tau(H12-C1-C2-C9),dihedral,0.14471377806245259,-,-0.02749379194981412,0.16365148246706415
28,1105.9098838081472,,,mixed ring-site C-H in-plane bending / ring-site C-H out-of-plane bending,delta(H13-C4-H14),angle,0.10225586387435999,+,0.015896582912233396,0.34590752413408615
28,1105.9098838081472,,,mixed ring-site C-H in-plane bending / ring-site C-H out-of-plane bending,nu(C7-O8),bond,0.10116040593403482,+,0.009968642303993825,0.870197604715786
28,1105.9098838081472,,,mixed ring-site C-H in-plane bending / ring-site C-H out-of-plane bending,delta(C1-C2-C9),angle,0.055315899413795645,+,0.012441187207137726,0.30549610246436376
28,1105.9098838081472,,,mixed ring-site C-H in-plane bending / ring-site C-H out-of-plane bending,tau(H10-C1-C2-C3),dihedral,0.05006884258834144,+,0.016276387688130105,0.16155888472585178
28,1105.9098838081472,,,mixed ring-site C-H in-plane bending / ring-site C-H out-of-plane bending,"gamma(H12;C1,H10,H11)",oop,0.0301033751876471,-,-0.009364093107631165,0.29346958015132085
28,1105.9098838081472,,,mixed ring-site C-H in-plane bending / ring-site C-H out-of-plane bending,delta(C2-C9-C7),angle,0.02669104543024518,+,0.004057529881612259,1.385866754545155
28,1105.9098838081472,,,mixed ring-site C-H in-plane bending / ring-site C-H out-of-plane bending,nu(C6-H16),bond,0.023565121889607497,-,-0.007980117765693776,0.316322755718694
28,1105.9098838081472,,,mixed ring-site C-H in-plane bending / ring-site C-H out-of-plane bending,delta(C7-C9-H17),angle,0.023559338699701313,+,0.008135298787701183,0.30429542690694594
28,1105.9098838081472,,,mixed ring-site C-H in-plane bending / ring-site C-H out-of-plane bending,delta(C2-C1-H12),angle,0.013925218685827592,-,-0.005566223296921515,0.38420244179789187
28,1105.9098838081472,,,mixed ring-site C-H in-plane bending / ring-site C-H out-of-plane bending,tau(C3-C6-C7-O8),dihedral,0.013767112173318274,+,0.013097051631729277,0.06860805660810879
28,1105.9098838081472,,,mixed ring-site C-H in-plane bending / ring-site C-H out-of-plane bending,nu(C4-H14),bond,0.01366361873914487,-,-0.005914885598368648,0.33385077033221655
28,1105.9098838081472,,,mixed ring-site C-H in-plane bending / ring-site C-H out-of-plane bending,tau(H13-C4-N5-C6),dihedral,0.008219092933274616,+,0.005789839716608817,0.20958980556226944
28,1105.9098838081472,,,mixed ring-site C-H in-plane bending / ring-site C-H out-of-plane bending,nu(N5-H15),bond,0.00488969557890834,+,0.003090066705671631,0.4377492979794155
28,1105.9098838081472,,,mixed ring-site C-H in-plane bending / ring-site C-H out-of-plane bending,nu(C1-H11),bond,0.004247136273005998,+,0.0033230733136644245,0.32877266060693383
28,1105.9098838081472,,,mixed ring-site C-H in-plane bending / ring-site C-H out-of-plane bending,nu(C1-H10),bond,0.004234821954541086,-,-0.0033188183925757318,0.32866051035710836
28,1105.9098838081472,,,mixed ring-site C-H in-plane bending / ring-site C-H out-of-plane bending,delta(H17-C9-H18),angle,0.002694385626456972,-,-0.0034248701729646036,0.19635902741953512
28,1105.9098838081472,,,mixed ring-site C-H in-plane bending / ring-site C-H out-of-plane bending,"gamma(C2;C9,H17,H18)",oop,0.0010715611761979776,-,-0.0018671035489378571,0.2627601537123469
28,1105.9098838081472,,,mixed ring-site C-H in-plane bending / ring-site C-H out-of-plane bending,tau(N5-C6-C7-C9),dihedral,0.0010252134630750948,-,-0.0008892738012148461,1.1082114958962508
28,1105.9098838081472,,,mixed ring-site C-H in-plane bending / ring-site C-H out-of-plane bending,nu(C9-H17),bond,0.0008570325404889014,+,0.0014835888777147916,0.3328507348586602
28,1105.9098838081472,,,mixed ring-site C-H in-plane bending / ring-site C-H out-of-plane bending,delta(H10-C1-H11),angle,0.0003642839367008682,+,0.0012510221252633365,0.19897081823552717
28,1105.9098838081472,,,mixed ring-site C-H in-plane bending / ring-site C-H out-of-plane bending,nu(C1-H12),bond,0.00016127028588804,-,-0.0006384162281833487,0.33824070099731823
28,1105.9098838081472,,,mixed ring-site C-H in-plane bending / ring-site C-H out-of-plane bending,nu(C4-H13),bond,0.0001436805437848333,+,0.0006178749662742039,0.321718554953058
28,1105.9098838081472,,,mixed ring-site C-H in-plane bending / ring-site C-H out-of-plane bending,nu(C9-H18),bond,6.696472992242829e-05,-,-0.0004205670340627425,0.32363464909074685
28,1105.9098838081472,,,mixed ring-site C-H in-plane bending / ring-site C-H out-of-plane bending,nu(N5-C6),bond,4.4901860987900335e-06,-,-0.00011566127388397641,0.2869245732116675
29,1130.420005109963,,,mixed mixed-phase cyclic C-C stretching / cyclic-ring deformation (C-C-C bend) / ring-site C-H in-plane bending,delta(C2-C3-C4),angle,18.246155160378752,-,-0.10075050557008614,1.004801410940264
29,1130.420005109963,,,mixed mixed-phase cyclic C-C stretching / cyclic-ring deformation (C-C-C bend) / ring-site C-H in-plane bending,nu(C3-C4),bond,15.354387767190566,+,0.16789927313595743,0.30446558741359786
29,1130.420005109963,,,mixed mixed-phase cyclic C-C stretching / cyclic-ring deformation (C-C-C bend) / ring-site C-H in-plane bending,delta(N5-C4-H14),angle,12.426881115991891,-,-0.11215168785386478,0.5522730570457748
29,1130.420005109963,,,mixed mixed-phase cyclic C-C stretching / cyclic-ring deformation (C-C-C bend) / ring-site C-H in-plane bending,nu(C2-C9),bond,7.406377593844727,-,-0.11084231156661997,0.33697527931198995
29,1130.420005109963,,,mixed mixed-phase cyclic C-C stretching / cyclic-ring deformation (C-C-C bend) / ring-site C-H in-plane bending,delta(C2-C1-H12),angle,7.385437313629899,+,0.10365964524015628,0.38420244179789187
29,1130.420005109963,,,mixed mixed-phase cyclic C-C stretching / cyclic-ring deformation (C-C-C bend) / ring-site C-H in-plane bending,tau(H13-C4-N5-C6),dihedral,7.211385558865441,+,0.13868386959555298,0.20958980556226944
29,1130.420005109963,,,mixed mixed-phase cyclic C-C stretching / cyclic-ring deformation (C-C-C bend) / ring-site C-H in-plane bending,tau(H15-N5-C6-H16),dihedral,5.524811624957007,-,-0.15845748586797648,0.12299721945055526
29,1130.420005109963,,,mixed mixed-phase cyclic C-C stretching / cyclic-ring deformation (C-C-C bend) / ring-site C-H in-plane bending,tau(H16-C6-C7-C9),dihedral,3.6472961797508363,+,0.09047320710139897,0.2490774446775072
29,1130.420005109963,,,mixed mixed-phase cyclic C-C stretching / cyclic-ring deformation (C-C-C bend) / ring-site C-H in-plane bending,delta(C7-C6-H16),angle,2.885167254861819,+,0.07576669738791768,0.28094261542051463
29,1130.420005109963,,,mixed mixed-phase cyclic C-C stretching / cyclic-ring deformation (C-C-C bend) / ring-site C-H in-plane bending,"gamma(C3;C4,H13,H14)",oop,2.49997639057064,+,0.062475506796394145,0.3580302094181095
29,1130.420005109963,,,mixed mixed-phase cyclic C-C stretching / cyclic-ring deformation (C-C-C bend) / ring-site C-H in-plane bending,delta(C6-N5-H15),angle,2.282194051584316,-,-0.0867610793907085,0.16947514613136253
29,1130.420005109963,,,mixed mixed-phase cyclic C-C stretching / cyclic-ring deformation (C-C-C bend) / ring-site C-H in-plane bending,delta(C2-C9-C7),angle,2.1536998874890334,+,0.029473623044562823,1.385866754545155
29,1130.420005109963,,,mixed mixed-phase cyclic C-C stretching / cyclic-ring deformation (C-C-C bend) / ring-site C-H in-plane bending,nu(C1-C2),bond,1.8635367966785847,+,0.058498491233158534,0.30440514126911583
29,1130.420005109963,,,mixed mixed-phase cyclic C-C stretching / cyclic-ring deformation (C-C-C bend) / ring-site C-H in-plane bending,tau(C2-C3-C4-H13),dihedral,1.5521840176308346,+,0.06120904050937296,0.23158765474680962
29,1130.420005109963,,,mixed mixed-phase cyclic C-C stretching / cyclic-ring deformation (C-C-C bend) / ring-site C-H in-plane bending,tau(C6-C7-C9-H17),dihedral,1.5469651205254362,+,0.06860423074573893,0.18373084169576953
29,1130.420005109963,,,mixed mixed-phase cyclic C-C stretching / cyclic-ring deformation (C-C-C bend) / ring-site C-H in-plane bending,delta(C1-C2-C9),angle,1.3165445099907895,+,0.049081362096298015,0.30549610246436376
29,1130.420005109963,,,mixed mixed-phase cyclic C-C stretching / cyclic-ring deformation (C-C-C bend) / ring-site C-H in-plane bending,tau(C6-C7-C9-C2),dihedral,1.3145436903442096,-,-0.02972884583060266,0.8314234474219374
29,1130.420005109963,,,mixed mixed-phase cyclic C-C stretching / cyclic-ring deformation (C-C-C bend) / ring-site C-H in-plane bending,nu(C7-C9),bond,1.111660485899038,-,-0.04677367499426878,0.284035433913249
29,1130.420005109963,,,mixed mixed-phase cyclic C-C stretching / cyclic-ring deformation (C-C-C bend) / ring-site C-H in-plane bending,delta(C3-C6-C7),angle,0.5955354520283869,-,-0.012823422334200826,2.0244314202912057
29,1130.420005109963,,,mixed mixed-phase cyclic C-C stretching / cyclic-ring deformation (C-C-C bend) / ring-site C-H in-plane bending,tau(N5-C6-C7-C9),dihedral,0.5530064599726267,+,0.016701498820705013,1.1082114958962508
29,1130.420005109963,,,mixed mixed-phase cyclic C-C stretching / cyclic-ring deformation (C-C-C bend) / ring-site C-H in-plane bending,delta(H10-C1-H11),angle,0.522484381815511,-,-0.0383127771880846,0.19897081823552717
29,1130.420005109963,,,mixed mixed-phase cyclic C-C stretching / cyclic-ring deformation (C-C-C bend) / ring-site C-H in-plane bending,nu(C4-N5),bond,0.41148004436848945,+,0.02441535957543636,0.3858565433334769
29,1130.420005109963,,,mixed mixed-phase cyclic C-C stretching / cyclic-ring deformation (C-C-C bend) / ring-site C-H in-plane bending,tau(C4-C3-C6-C7),dihedral,0.40857677222722166,-,-0.013009876822957709,1.3493687390108424
29,1130.420005109963,,,mixed mixed-phase cyclic C-C stretching / cyclic-ring deformation (C-C-C bend) / ring-site C-H in-plane bending,nu(C6-C7),bond,0.3763454564433702,+,0.028411797765374933,0.26061090755461674
29,1130.420005109963,,,mixed mixed-phase cyclic C-C stretching / cyclic-ring deformation (C-C-C bend) / ring-site C-H in-plane bending,tau(C3-C6-C7-O8),dihedral,0.2306692585383714,-,-0.043351983367890194,0.06860805660810879
29,1130.420005109963,,,mixed mixed-phase cyclic C-C stretching / cyclic-ring deformation (C-C-C bend) / ring-site C-H in-plane bending,delta(C2-C1-H10),angle,0.21763299183556528,+,0.01828571105318493,0.36383491014983216
29,1130.420005109963,,,mixed mixed-phase cyclic C-C stretching / cyclic-ring deformation (C-C-C bend) / ring-site C-H in-plane bending,delta(C6-C7-O8),angle,0.15658682437912555,-,-0.014842515145050732,0.3973228627278992
29,1130.420005109963,,,mixed mixed-phase cyclic C-C stretching / cyclic-ring deformation (C-C-C bend) / ring-site C-H in-plane bending,nu(N5-C6),bond,0.13522121630089706,+,0.016230810874608634,0.2869245732116675
29,1130.420005109963,,,mixed mixed-phase cyclic C-C stretching / cyclic-ring deformation (C-C-C bend) / ring-site C-H in-plane bending,"gamma(H12;C1,H10,H11)",oop,0.13244964902486903,-,-0.015883475261284946,0.29346958015132085
29,1130.420005109963,,,mixed mixed-phase cyclic C-C stretching / cyclic-ring deformation (C-C-C bend) / ring-site C-H in-plane bending,delta(C7-C9-H17),angle,0.12843684881992795,+,0.015360267478855811,0.30429542690694594
29,1130.420005109963,,,mixed mixed-phase cyclic C-C stretching / cyclic-ring deformation (C-C-C bend) / ring-site C-H in-plane bending,tau(H12-C1-C2-C9),dihedral,0.12175691167317401,-,-0.02039334706783927,0.16365148246706415
29,1130.420005109963,,,mixed mixed-phase cyclic C-C stretching / cyclic-ring deformation (C-C-C bend) / ring-site C-H in-plane bending,nu(C2-C3),bond,0.05706621953064075,-,-0.0072011463659712675,0.6151473637723944
29,1130.420005109963,,,mixed mixed-phase cyclic C-C stretching / cyclic-ring deformation (C-C-C bend) / ring-site C-H in-plane bending,delta(H17-C9-H18),angle,0.05423142367057084,-,-0.012425152765491295,0.19635902741953512
29,1130.420005109963,,,mixed mixed-phase cyclic C-C stretching / cyclic-ring deformation (C-C-C bend) / ring-site C-H in-plane bending,nu(C7-O8),bond,0.0518510194780555,-,-0.005771269813179761,0.870197604715786
29,1130.420005109963,,,mixed mixed-phase cyclic C-C stretching / cyclic-ring deformation (C-C-C bend) / ring-site C-H in-plane bending,tau(C1-C2-C3-C6),dihedral,0.03209834218494369,+,0.008090036544111424,0.2741479334959476
29,1130.420005109963,,,mixed mixed-phase cyclic C-C stretching / cyclic-ring deformation (C-C-C bend) / ring-site C-H in-plane bending,delta(N5-C6-C7),angle,0.018780642347558107,-,-0.0030283489497360725,1.1447270624227694
29,1130.420005109963,,,mixed mixed-phase cyclic C-C stretching / cyclic-ring deformation (C-C-C bend) / ring-site C-H in-plane bending,delta(H13-C4-H14),angle,0.01287636341708312,+,0.00456161133106954,0.34590752413408615
29,1130.420005109963,,,mixed mixed-phase cyclic C-C stretching / cyclic-ring deformation (C-C-C bend) / ring-site C-H in-plane bending,nu(C1-H11),bond,0.012080838928812062,+,0.004532130110589668,0.32877266060693383
29,1130.420005109963,,,mixed mixed-phase cyclic C-C stretching / cyclic-ring deformation (C-C-C bend) / ring-site C-H in-plane bending,tau(H10-C1-C2-C3),dihedral,0.010149417655307713,+,0.005925933988178311,0.16155888472585178
29,1130.420005109963,,,mixed mixed-phase cyclic C-C stretching / cyclic-ring deformation (C-C-C bend) / ring-site C-H in-plane bending,nu(C4-H13),bond,0.008939921165454813,+,0.003941218024402751,0.321718554953058
29,1130.420005109963,,,mixed mixed-phase cyclic C-C stretching / cyclic-ring deformation (C-C-C bend) / ring-site C-H in-plane bending,nu(C1-H12),bond,0.006264506991495753,-,-0.0032176009886339045,0.33824070099731823
29,1130.420005109963,,,mixed mixed-phase cyclic C-C stretching / cyclic-ring deformation (C-C-C bend) / ring-site C-H in-plane bending,"gamma(C2;C9,H17,H18)",oop,0.006156493680482726,+,0.003619000438972356,0.2627601537123469
29,1130.420005109963,,,mixed mixed-phase cyclic C-C stretching / cyclic-ring deformation (C-C-C bend) / ring-site C-H in-plane bending,nu(N5-H15),bond,0.005670143811400432,+,0.0026908282484088475,0.4377492979794155
29,1130.420005109963,,,mixed mixed-phase cyclic C-C stretching / cyclic-ring deformation (C-C-C bend) / ring-site C-H in-plane bending,nu(C4-H14),bond,0.00198076710456168,-,-0.0018211351906047362,0.33385077033221655
29,1130.420005109963,,,mixed mixed-phase cyclic C-C stretching / cyclic-ring deformation (C-C-C bend) / ring-site C-H in-plane bending,nu(C6-H16),bond,0.0012429907311071208,-,-0.00148207573783327,0.316322755718694
29,1130.420005109963,,,mixed mixed-phase cyclic C-C stretching / cyclic-ring deformation (C-C-C bend) / ring-site C-H in-plane bending,nu(C1-H10),bond,0.0007706724669166251,-,-0.0011448875417816187,0.32866051035710836
29,1130.420005109963,,,mixed mixed-phase cyclic C-C stretching / cyclic-ring deformation (C-C-C bend) / ring-site C-H in-plane bending,nu(C9-H18),bond,0.00032867629608939575,+,0.0007534567995122328,0.32363464909074685
29,1130.420005109963,,,mixed mixed-phase cyclic C-C stretching / cyclic-ring deformation (C-C-C bend) / ring-site C-H in-plane bending,nu(C9-H17),bond,0.00012477292815274551,-,-0.0004577592131361633,0.3328507348586602
30,1162.8605365262968,,,mixed cyclic-ring deformation (C-C-C bend) / mixed-phase cyclic C-C stretching,delta(C3-C6-C7),angle,19.28951275857062,-,-0.09381939969327187,2.0244314202912057
30,1162.8605365262968,,,mixed cyclic-ring deformation (C-C-C bend) / mixed-phase cyclic C-C stretching,delta(C2-C9-C7),angle,12.517426996310931,+,0.09134406837721047,1.385866754545155
30,1162.8605365262968,,,mixed cyclic-ring deformation (C-C-C bend) / mixed-phase cyclic C-C stretching,delta(C7-C9-H17),angle,9.426594409748905,-,-0.16916606740025414,0.30429542690694594
30,1162.8605365262968,,,mixed cyclic-ring deformation (C-C-C bend) / mixed-phase cyclic C-C stretching,nu(C6-C7),bond,7.234895823653025,+,0.1601413193453848,0.26061090755461674
30,1162.8605365262968,,,mixed cyclic-ring deformation (C-C-C bend) / mixed-phase cyclic C-C stretching,nu(C1-C2),bond,6.104194354314571,-,-0.1361042667947333,0.30440514126911583
30,1162.8605365262968,,,mixed cyclic-ring deformation (C-C-C bend) / mixed-phase cyclic C-C stretching,nu(C7-C9),bond,5.422060809567836,-,-0.13279431598488134,0.284035433913249
30,1162.8605365262968,,,mixed cyclic-ring deformation (C-C-C bend) / mixed-phase cyclic C-C stretching,delta(C6-C7-O8),angle,5.003582766009717,-,-0.10785798971016763,0.3973228627278992
30,1162.8605365262968,,,mixed cyclic-ring deformation (C-C-C bend) / mixed-phase cyclic C-C stretching,"gamma(C3;C4,H13,H14)",oop,3.4779289615428897,+,0.09472924429972689,0.3580302094181095
30,1162.8605365262968,,,mixed cyclic-ring deformation (C-C-C bend) / mixed-phase cyclic C-C stretching,nu(C3-C4),bond,3.409557319663441,+,0.10170995142894733,0.30446558741359786
30,1162.8605365262968,,,mixed cyclic-ring deformation (C-C-C bend) / mixed-phase cyclic C-C stretching,tau(H13-C4-N5-C6),dihedral,3.230586256886038,-,-0.11932711719764337,0.20958980556226944
30,1162.8605365262968,,,mixed cyclic-ring deformation (C-C-C bend) / mixed-phase cyclic C-C stretching,delta(N5-C4-H14),angle,3.2245363363630233,+,0.0734412846247436,0.5522730570457748
30,1162.8605365262968,,,mixed cyclic-ring deformation (C-C-C bend) / mixed-phase cyclic C-C stretching,delta(C2-C1-H12),angle,3.176744706907212,+,0.08739662315513484,0.38420244179789187
30,1162.8605365262968,,,mixed cyclic-ring deformation (C-C-C bend) / mixed-phase cyclic C-C stretching,delta(C1-C2-C9),angle,2.4143368282517974,+,0.08544362162173413,0.30549610246436376
30,1162.8605365262968,,,mixed cyclic-ring deformation (C-C-C bend) / mixed-phase cyclic C-C stretching,tau(C2-C3-C4-H13),dihedral,2.1329919404608937,-,-0.09224024766133845,0.23158765474680962
30,1162.8605365262968,,,mixed cyclic-ring deformation (C-C-C bend) / mixed-phase cyclic C-C stretching,tau(C6-C7-C9-C2),dihedral,1.9024847214837337,-,-0.04597619332345869,0.8314234474219374
30,1162.8605365262968,,,mixed cyclic-ring deformation (C-C-C bend) / mixed-phase cyclic C-C stretching,delta(C2-C1-H10),angle,1.8646507936217955,-,-0.0688066045456153,0.36383491014983216
30,1162.8605365262968,,,mixed cyclic-ring deformation (C-C-C bend) / mixed-phase cyclic C-C stretching,"gamma(C2;C9,H17,H18)",oop,1.6740540206937895,+,0.0767164567206169,0.2627601537123469
30,1162.8605365262968,,,mixed cyclic-ring deformation (C-C-C bend) / mixed-phase cyclic C-C stretching,"gamma(H12;C1,H10,H11)",oop,1.3365761418987463,-,-0.06486327345389424,0.29346958015132085
30,1162.8605365262968,,,mixed cyclic-ring deformation (C-C-C bend) / mixed-phase cyclic C-C stretching,tau(C4-C3-C6-C7),dihedral,1.2590685956313878,+,0.029359112899607815,1.3493687390108424
30,1162.8605365262968,,,mixed cyclic-ring deformation (C-C-C bend) / mixed-phase cyclic C-C stretching,nu(N5-C6),bond,0.9134641640223206,-,-0.05423072874435653,0.2869245732116675
30,1162.8605365262968,,,mixed cyclic-ring deformation (C-C-C bend) / mixed-phase cyclic C-C stretching,tau(H10-C1-C2-C3),dihedral,0.862382158682649,+,0.07022116232342102,0.16155888472585178
30,1162.8605365262968,,,mixed cyclic-ring deformation (C-C-C bend) / mixed-phase cyclic C-C stretching,nu(C2-C9),bond,0.7510293704621812,-,-0.04537461939055604,0.33697527931198995
30,1162.8605365262968,,,mixed cyclic-ring deformation (C-C-C bend) / mixed-phase cyclic C-C stretching,nu(C4-N5),bond,0.731114773770248,+,0.041837276056597844,0.3858565433334769
30,1162.8605365262968,,,mixed cyclic-ring deformation (C-C-C bend) / mixed-phase cyclic C-C stretching,delta(C7-C6-H16),angle,0.6446792809704135,+,0.046041196495800414,0.28094261542051463
30,1162.8605365262968,,,mixed cyclic-ring deformation (C-C-C bend) / mixed-phase cyclic C-C stretching,delta(C6-N5-H15),angle,0.46482792244964644,+,0.05033576242677672,0.16947514613136253
30,1162.8605365262968,,,mixed cyclic-ring deformation (C-C-C bend) / mixed-phase cyclic C-C stretching,tau(C6-C7-C9-H17),dihedral,0.39009042358715756,-,-0.04428688838056455,0.18373084169576953
30,1162.8605365262968,,,mixed cyclic-ring deformation (C-C-C bend) / mixed-phase cyclic C-C stretching,delta(H10-C1-H11),angle,0.3257566022152133,-,-0.03888977905139334,0.19897081823552717
30,1162.8605365262968,,,mixed cyclic-ring deformation (C-C-C bend) / mixed-phase cyclic C-C stretching,tau(N5-C6-C7-C9),dihedral,0.2936739281599458,-,-0.015646057651885377,1.1082114958962508
30,1162.8605365262968,,,mixed cyclic-ring deformation (C-C-C bend) / mixed-phase cyclic C-C stretching,nu(C7-O8),bond,0.14787371539855024,+,0.012529106652948284,0.870197604715786
30,1162.8605365262968,,,mixed cyclic-ring deformation (C-C-C bend) / mixed-phase cyclic C-C stretching,tau(H15-N5-C6-H16),dihedral,0.09358287744305996,+,0.026511488124707588,0.12299721945055526
30,1162.8605365262968,,,mixed cyclic-ring deformation (C-C-C bend) / mixed-phase cyclic C-C stretching,delta(H13-C4-H14),angle,0.08282036404107898,-,-0.014872093892829856,0.34590752413408615
30,1162.8605365262968,,,mixed cyclic-ring deformation (C-C-C bend) / mixed-phase cyclic C-C stretching,delta(H17-C9-H18),angle,0.0796738353392742,-,-0.019360473790356873,0.19635902741953512
30,1162.8605365262968,,,mixed cyclic-ring deformation (C-C-C bend) / mixed-phase cyclic C-C stretching,tau(C3-C6-C7-O8),dihedral,0.06543780631116251,-,-0.029683175690228634,0.06860805660810879
30,1162.8605365262968,,,mixed cyclic-ring deformation (C-C-C bend) / mixed-phase cyclic C-C stretching,nu(C1-H12),bond,0.012580186892872523,-,-0.005861572880134749,0.33824070099731823
30,1162.8605365262968,,,mixed cyclic-ring deformation (C-C-C bend) / mixed-phase cyclic C-C stretching,tau(H16-C6-C7-C9),dihedral,0.008817505643784423,-,-0.005718593520446761,0.2490774446775072
30,1162.8605365262968,,,mixed cyclic-ring deformation (C-C-C bend) / mixed-phase cyclic C-C stretching,tau(C1-C2-C3-C6),dihedral,0.00765300639285378,-,-0.0050781684771207865,0.2741479334959476
30,1162.8605365262968,,,mixed cyclic-ring deformation (C-C-C bend) / mixed-phase cyclic C-C stretching,nu(C4-H14),bond,0.006596496780610611,+,0.004272322629817094,0.33385077033221655
30,1162.8605365262968,,,mixed cyclic-ring deformation (C-C-C bend) / mixed-phase cyclic C-C stretching,nu(C4-H13),bond,0.005665977421183755,-,-0.004033507980706006,0.321718554953058
30,1162.8605365262968,,,mixed cyclic-ring deformation (C-C-C bend) / mixed-phase cyclic C-C stretching,tau(H12-C1-C2-C9),dihedral,0.002812442824395171,+,0.003984422966006827,0.16365148246706415
30,1162.8605365262968,,,mixed cyclic-ring deformation (C-C-C bend) / mixed-phase cyclic C-C stretching,nu(N5-H15),bond,0.0016553685206868306,-,-0.0018690381772391367,0.4377492979794155
30,1162.8605365262968,,,mixed cyclic-ring deformation (C-C-C bend) / mixed-phase cyclic C-C stretching,nu(C9-H17),bond,0.0015076152374244283,+,0.0020455215277700267,0.3328507348586602
30,1162.8605365262968,,,mixed cyclic-ring deformation (C-C-C bend) / mixed-phase cyclic C-C stretching,delta(N5-C6-C7),angle,0.0010802171613213782,-,-0.0009336586319474512,1.1447270624227694
30,1162.8605365262968,,,mixed cyclic-ring deformation (C-C-C bend) / mixed-phase cyclic C-C stretching,nu(C1-H10),bond,0.0008680601652613641,+,0.0015620132244348823,0.32866051035710836
30,1162.8605365262968,,,mixed cyclic-ring deformation (C-C-C bend) / mixed-phase cyclic C-C stretching,nu(C2-C3),bond,0.0008647129822916559,+,0.0011395410159393301,0.6151473637723944
30,1162.8605365262968,,,mixed cyclic-ring deformation (C-C-C bend) / mixed-phase cyclic C-C stretching,nu(C1-H11),bond,0.0007413342288470916,+,0.001443253880196435,0.32877266060693383
30,1162.8605365262968,,,mixed cyclic-ring deformation (C-C-C bend) / mixed-phase cyclic C-C stretching,nu(C9-H18),bond,0.0004810949000639263,-,-0.0011718483855085815,0.32363464909074685
30,1162.8605365262968,,,mixed cyclic-ring deformation (C-C-C bend) / mixed-phase cyclic C-C stretching,delta(C2-C3-C4),angle,0.0003078021878113232,-,-0.0005319603812071821,1.004801410940264
30,1162.8605365262968,,,mixed cyclic-ring deformation (C-C-C bend) / mixed-phase cyclic C-C stretching,nu(C6-H16),bond,0.00017641422732957477,-,-0.0007177697333232409,0.316322755718694
31,1169.997422658924,,,mixed ring-site C-H in-plane bending / ring-site C-H out-of-plane bending,delta(C7-C9-H17),angle,23.528440795144146,-,-0.19822027330800499,0.30429542690694594
31,1169.997422658924,,,mixed ring-site C-H in-plane bending / ring-site C-H out-of-plane bending,delta(N5-C4-H14),angle,9.531470355995486,-,-0.09364880328628335,0.5522730570457748
31,1169.997422658924,,,mixed ring-site C-H in-plane bending / ring-site C-H out-of-plane bending,tau(C2-C3-C4-H13),dihedral,9.083916119620206,+,0.14118158874036485,0.23158765474680962
31,1169.997422658924,,,mixed ring-site C-H in-plane bending / ring-site C-H out-of-plane bending,tau(C6-C7-C9-H17),dihedral,6.397275330755197,-,-0.13301655581050048,0.18373084169576953
31,1169.997422658924,,,mixed ring-site C-H in-plane bending / ring-site C-H out-of-plane bending,tau(H16-C6-C7-C9),dihedral,5.766030103482659,+,0.10846021510158277,0.2490774446775072
31,1169.997422658924,,,mixed ring-site C-H in-plane bending / ring-site C-H out-of-plane bending,delta(C3-C6-C7),angle,4.9748777062734915,-,-0.03533774882527884,2.0244314202912057
31,1169.997422658924,,,mixed ring-site C-H in-plane bending / ring-site C-H out-of-plane bending,delta(C7-C6-H16),angle,4.6013774311221995,+,0.09122929692716487,0.28094261542051463
31,1169.997422658924,,,mixed ring-site C-H in-plane bending / ring-site C-H out-of-plane bending,nu(C6-C7),bond,4.41832178978848,+,0.09281786755803126,0.26061090755461674
31,1169.997422658924,,,mixed ring-site C-H in-plane bending / ring-site C-H out-of-plane bending,"gamma(C2;C9,H17,H18)",oop,3.7513672782299525,-,-0.08517541314587376,0.2627601537123469
31,1169.997422658924,,,mixed ring-site C-H in-plane bending / ring-site C-H out-of-plane bending,delta(C2-C1-H12),angle,3.700475763378649,-,-0.06995969882504101,0.38420244179789187
31,1169.997422658924,,,mixed ring-site C-H in-plane bending / ring-site C-H out-of-plane bending,delta(N5-C6-C7),angle,3.4479964264791625,-,-0.039122953907336375,1.1447270624227694
31,1169.997422658924,,,mixed ring-site C-H in-plane bending / ring-site C-H out-of-plane bending,nu(C7-C9),bond,2.864330973738222,-,-0.07158541514802479,0.284035433913249
31,1169.997422658924,,,mixed ring-site C-H in-plane bending / ring-site C-H out-of-plane bending,tau(H13-C4-N5-C6),dihedral,2.832788287191018,+,0.0828745515040926,0.20958980556226944
31,1169.997422658924,,,mixed ring-site C-H in-plane bending / ring-site C-H out-of-plane bending,nu(C2-C9),bond,1.9189336391710974,+,0.05379354516144769,0.33697527931198995
31,1169.997422658924,,,mixed ring-site C-H in-plane bending / ring-site C-H out-of-plane bending,tau(C1-C2-C3-C6),dihedral,1.682261577780843,-,-0.05584103820496813,0.2741479334959476
31,1169.997422658924,,,mixed ring-site C-H in-plane bending / ring-site C-H out-of-plane bending,tau(C4-C3-C6-C7),dihedral,1.5452504655657833,-,-0.0241231117521342,1.3493687390108424
31,1169.997422658924,,,mixed ring-site C-H in-plane bending / ring-site C-H out-of-plane bending,delta(C6-C7-O8),angle,1.5276843062540233,-,-0.04420223611459999,0.3973228627278992
31,1169.997422658924,,,mixed ring-site C-H in-plane bending / ring-site C-H out-of-plane bending,delta(C6-N5-H15),angle,1.4947838338252901,-,-0.06694765926520495,0.16947514613136253
31,1169.997422658924,,,mixed ring-site C-H in-plane bending / ring-site C-H out-of-plane bending,delta(C2-C1-H10),angle,1.11968703350258,-,-0.03954534330878955,0.36383491014983216
31,1169.997422658924,,,mixed ring-site C-H in-plane bending / ring-site C-H out-of-plane bending,tau(C3-C6-C7-O8),dihedral,0.7268055537210286,-,-0.07337038014653821,0.06860805660810879
31,1169.997422658924,,,mixed ring-site C-H in-plane bending / ring-site C-H out-of-plane bending,tau(C6-C7-C9-C2),dihedral,0.6694060512502873,-,-0.020227066039274013,0.8314234474219374
31,1169.997422658924,,,mixed ring-site C-H in-plane bending / ring-site C-H out-of-plane bending,delta(C1-C2-C9),angle,0.6397824094919629,-,-0.03262214547987863,0.30549610246436376
31,1169.997422658924,,,mixed ring-site C-H in-plane bending / ring-site C-H out-of-plane bending,tau(H15-N5-C6-H16),dihedral,0.6226582181647237,-,-0.0507196706670355,0.12299721945055526
31,1169.997422658924,,,mixed ring-site C-H in-plane bending / ring-site C-H out-of-plane bending,nu(N5-C6),bond,0.5430641514526238,-,-0.03101279475353394,0.2869245732116675
31,1169.997422658924,,,mixed ring-site C-H in-plane bending / ring-site C-H out-of-plane bending,delta(C2-C3-C4),angle,0.413159868601747,-,-0.01445500201943337,1.004801410940264
31,1169.997422658924,,,mixed ring-site C-H in-plane bending / ring-site C-H out-of-plane bending,tau(N5-C6-C7-C9),dihedral,0.41097980374938503,+,0.013727710889925995,1.1082114958962508
31,1169.997422658924,,,mixed ring-site C-H in-plane bending / ring-site C-H out-of-plane bending,nu(C7-O8),bond,0.3603901839945287,+,0.01450697105325825,0.870197604715786
31,1169.997422658924,,,mixed ring-site C-H in-plane bending / ring-site C-H out-of-plane bending,delta(H10-C1-H11),angle,0.28351570278582683,+,0.02690872221417966,0.19897081823552717
31,1169.997422658924,,,mixed ring-site C-H in-plane bending / ring-site C-H out-of-plane bending,"gamma(H12;C1,H10,H11)",oop,0.20974100356518047,+,0.01905721066967881,0.29346958015132085
31,1169.997422658924,,,mixed ring-site C-H in-plane bending / ring-site C-H out-of-plane bending,tau(H12-C1-C2-C9),dihedral,0.1674254690593078,+,0.022800795516833547,0.16365148246706415
31,1169.997422658924,,,mixed ring-site C-H in-plane bending / ring-site C-H out-of-plane bending,nu(C1-C2),bond,0.14990274006753537,+,0.015818962756376603,0.30440514126911583
31,1169.997422658924,,,mixed ring-site C-H in-plane bending / ring-site C-H out-of-plane bending,tau(H10-C1-C2-C3),dihedral,0.12934810030954205,-,-0.02017036761971081,0.16155888472585178
31,1169.997422658924,,,mixed ring-site C-H in-plane bending / ring-site C-H out-of-plane bending,delta(H13-C4-H14),angle,0.12038922982987368,+,0.013298817405178407,0.34590752413408615
31,1169.997422658924,,,mixed ring-site C-H in-plane bending / ring-site C-H out-of-plane bending,delta(H17-C9-H18),angle,0.11723475739658752,+,0.017418147657157136,0.19635902741953512
31,1169.997422658924,,,mixed ring-site C-H in-plane bending / ring-site C-H out-of-plane bending,nu(C4-N5),bond,0.06315516710187896,-,-0.009119913497727073,0.3858565433334769
31,1169.997422658924,,,mixed ring-site C-H in-plane bending / ring-site C-H out-of-plane bending,"gamma(C3;C4,H13,H14)",oop,0.06104976352494455,+,0.009308535647376501,0.3580302094181095
31,1169.997422658924,,,mixed ring-site C-H in-plane bending / ring-site C-H out-of-plane bending,nu(C2-C3),bond,0.04775959842833774,-,-0.006281161487049594,0.6151473637723944
31,1169.997422658924,,,mixed ring-site C-H in-plane bending / ring-site C-H out-of-plane bending,nu(C9-H18),bond,0.01956590102706435,-,-0.005542703276201912,0.32363464909074685
31,1169.997422658924,,,mixed ring-site C-H in-plane bending / ring-site C-H out-of-plane bending,nu(C1-H11),bond,0.01912456435950304,-,-0.005436847317514009,0.32877266060693383
31,1169.997422658924,,,mixed ring-site C-H in-plane bending / ring-site C-H out-of-plane bending,nu(C3-C4),bond,0.009904812365378844,-,-0.00406586757242278,0.30446558741359786
31,1169.997422658924,,,mixed ring-site C-H in-plane bending / ring-site C-H out-of-plane bending,nu(C4-H14),bond,0.007760100464150421,-,-0.003436819232678213,0.33385077033221655
31,1169.997422658924,,,mixed ring-site C-H in-plane bending / ring-site C-H out-of-plane bending,nu(C1-H12),bond,0.006457917705694915,+,0.0031148169535916643,0.33824070099731823
31,1169.997422658924,,,mixed ring-site C-H in-plane bending / ring-site C-H out-of-plane bending,nu(C1-H10),bond,0.006442323877499077,+,0.0031560707049134843,0.32866051035710836
31,1169.997422658924,,,mixed ring-site C-H in-plane bending / ring-site C-H out-of-plane bending,nu(C4-H13),bond,0.003360557233617697,+,0.002303916860107938,0.321718554953058
31,1169.997422658924,,,mixed ring-site C-H in-plane bending / ring-site C-H out-of-plane bending,nu(N5-H15),bond,0.0017241305241363838,+,0.0014147234447135404,0.4377492979794155
31,1169.997422658924,,,mixed ring-site C-H in-plane bending / ring-site C-H out-of-plane bending,nu(C6-H16),bond,0.0014130657288439188,-,-0.0015066597054753609,0.316322755718694
31,1169.997422658924,,,mixed ring-site C-H in-plane bending / ring-site C-H out-of-plane bending,delta(C2-C9-C7),angle,0.0008623230978132032,-,-0.0005623069880229155,1.385866754545155
31,1169.997422658924,,,mixed ring-site C-H in-plane bending / ring-site C-H out-of-plane bending,nu(C9-H17),bond,0.0003473138225102879,+,0.0007281745286298114,0.3328507348586602
32,1201.4202107963554,,,mixed C-C out-of-plane bending / ring-site C-H out-of-plane bending / ring-site C-H in-plane bending,"gamma(C2;C9,H17,H18)",oop,20.952649870826786,+,0.28085312920651173,0.2627601537123469
32,1201.4202107963554,,,mixed C-C out-of-plane bending / ring-site C-H out-of-plane bending / ring-site C-H in-plane bending,tau(H16-C6-C7-C9),dihedral,15.435134723891826,+,0.24758683851314245,0.2490774446775072
32,1201.4202107963554,,,mixed C-C out-of-plane bending / ring-site C-H out-of-plane bending / ring-site C-H in-plane bending,delta(N5-C4-H14),angle,10.571417076580646,-,-0.13760341693213787,0.5522730570457748
32,1201.4202107963554,,,mixed C-C out-of-plane bending / ring-site C-H out-of-plane bending / ring-site C-H in-plane bending,delta(C2-C1-H12),angle,7.882867465396277,-,-0.14246283904933563,0.38420244179789187
32,1201.4202107963554,,,mixed C-C out-of-plane bending / ring-site C-H out-of-plane bending / ring-site C-H in-plane bending,"gamma(C3;C4,H13,H14)",oop,6.233884980774829,+,0.1312378476039404,0.3580302094181095
32,1201.4202107963554,,,mixed C-C out-of-plane bending / ring-site C-H out-of-plane bending / ring-site C-H in-plane bending,tau(N5-C6-C7-C9),dihedral,6.030839747278457,-,-0.07336976221276685,1.1082114958962508
32,1201.4202107963554,,,mixed C-C out-of-plane bending / ring-site C-H out-of-plane bending / ring-site C-H in-plane bending,nu(C1-C2),bond,5.981995632728888,-,-0.13942369782692351,0.30440514126911583
32,1201.4202107963554,,,mixed C-C out-of-plane bending / ring-site C-H out-of-plane bending / ring-site C-H in-plane bending,tau(H15-N5-C6-H16),dihedral,4.7447017953691715,-,-0.19534232707720098,0.12299721945055526
32,1201.4202107963554,,,mixed C-C out-of-plane bending / ring-site C-H out-of-plane bending / ring-site C-H in-plane bending,nu(C2-C9),bond,4.171902241443448,+,0.11066431074381287,0.33697527931198995
32,1201.4202107963554,,,mixed C-C out-of-plane bending / ring-site C-H out-of-plane bending / ring-site C-H in-plane bending,delta(C7-C9-H17),angle,2.7000362552345685,-,-0.09368641657278867,0.30429542690694594
32,1201.4202107963554,,,mixed C-C out-of-plane bending / ring-site C-H out-of-plane bending / ring-site C-H in-plane bending,delta(C2-C3-C4),angle,2.4086797306913685,-,-0.048695513926980474,1.004801410940264
32,1201.4202107963554,,,mixed C-C out-of-plane bending / ring-site C-H out-of-plane bending / ring-site C-H in-plane bending,delta(C7-C6-H16),angle,2.3876058245265694,+,0.09168790447686154,0.28094261542051463
32,1201.4202107963554,,,mixed C-C out-of-plane bending / ring-site C-H out-of-plane bending / ring-site C-H in-plane bending,tau(H10-C1-C2-C3),dihedral,1.5198209264205786,-,-0.09646512459207138,0.16155888472585178
32,1201.4202107963554,,,mixed C-C out-of-plane bending / ring-site C-H out-of-plane bending / ring-site C-H in-plane bending,delta(N5-C6-C7),angle,1.2877807112228992,+,0.03335873133709865,1.1447270624227694
32,1201.4202107963554,,,mixed C-C out-of-plane bending / ring-site C-H out-of-plane bending / ring-site C-H in-plane bending,delta(C3-C6-C7),angle,1.1018107501956764,-,-0.02320285953465781,2.0244314202912057
32,1201.4202107963554,,,mixed C-C out-of-plane bending / ring-site C-H out-of-plane bending / ring-site C-H in-plane bending,delta(C2-C1-H10),angle,0.9405363839285708,+,0.05056792804217418,0.36383491014983216
32,1201.4202107963554,,,mixed C-C out-of-plane bending / ring-site C-H out-of-plane bending / ring-site C-H in-plane bending,nu(C7-C9),bond,0.9316706792303048,+,0.05696190374139456,0.284035433913249
32,1201.4202107963554,,,mixed C-C out-of-plane bending / ring-site C-H out-of-plane bending / ring-site C-H in-plane bending,delta(H10-C1-H11),angle,0.8245075648634863,+,0.06402390687154538,0.19897081823552717
32,1201.4202107963554,,,mixed C-C out-of-plane bending / ring-site C-H out-of-plane bending / ring-site C-H in-plane bending,delta(C6-C7-O8),angle,0.6938931617706637,-,-0.04156368728461403,0.3973228627278992
32,1201.4202107963554,,,mixed C-C out-of-plane bending / ring-site C-H out-of-plane bending / ring-site C-H in-plane bending,delta(C1-C2-C9),angle,0.6120688995386562,-,-0.044518124757153686,0.30549610246436376
32,1201.4202107963554,,,mixed C-C out-of-plane bending / ring-site C-H out-of-plane bending / ring-site C-H in-plane bending,tau(C6-C7-C9-H17),dihedral,0.4772570356002142,-,-0.05069027883516816,0.18373084169576953
32,1201.4202107963554,,,mixed C-C out-of-plane bending / ring-site C-H out-of-plane bending / ring-site C-H in-plane bending,nu(C6-C7),bond,0.44994026599214004,-,-0.04132574379025476,0.26061090755461674
32,1201.4202107963554,,,mixed C-C out-of-plane bending / ring-site C-H out-of-plane bending / ring-site C-H in-plane bending,delta(C2-C9-C7),angle,0.34885377493504965,-,-0.015779764516672574,1.385866754545155
32,1201.4202107963554,,,mixed C-C out-of-plane bending / ring-site C-H out-of-plane bending / ring-site C-H in-plane bending,nu(C4-N5),bond,0.22405704422550168,+,0.02396657139803629,0.3858565433334769
32,1201.4202107963554,,,mixed C-C out-of-plane bending / ring-site C-H out-of-plane bending / ring-site C-H in-plane bending,tau(C4-C3-C6-C7),dihedral,0.20346593156299214,+,0.012212935714147695,1.3493687390108424
32,1201.4202107963554,,,mixed C-C out-of-plane bending / ring-site C-H out-of-plane bending / ring-site C-H in-plane bending,"gamma(H12;C1,H10,H11)",oop,0.15451244029081718,-,-0.022821265483924425,0.29346958015132085
32,1201.4202107963554,,,mixed C-C out-of-plane bending / ring-site C-H out-of-plane bending / ring-site C-H in-plane bending,nu(N5-C6),bond,0.1376032066158845,-,-0.021780605447182248,0.2869245732116675
32,1201.4202107963554,,,mixed C-C out-of-plane bending / ring-site C-H out-of-plane bending / ring-site C-H in-plane bending,tau(C6-C7-C9-C2),dihedral,0.12608123421115774,-,-0.012247674461972271,0.8314234474219374
32,1201.4202107963554,,,mixed C-C out-of-plane bending / ring-site C-H out-of-plane bending / ring-site C-H in-plane bending,tau(C1-C2-C3-C6),dihedral,0.09394319513251187,-,-0.018411099200875823,0.2741479334959476
32,1201.4202107963554,,,mixed C-C out-of-plane bending / ring-site C-H out-of-plane bending / ring-site C-H in-plane bending,nu(C3-C4),bond,0.07733696090516322,-,-0.015851267210666195,0.30446558741359786
32,1201.4202107963554,,,mixed C-C out-of-plane bending / ring-site C-H out-of-plane bending / ring-site C-H in-plane bending,tau(C2-C3-C4-H13),dihedral,0.07724697981100646,+,0.01816446431420937,0.23158765474680962
32,1201.4202107963554,,,mixed C-C out-of-plane bending / ring-site C-H out-of-plane bending / ring-site C-H in-plane bending,tau(H12-C1-C2-C9),dihedral,0.07578377309974066,+,0.021402656575182148,0.16365148246706415
32,1201.4202107963554,,,mixed C-C out-of-plane bending / ring-site C-H out-of-plane bending / ring-site C-H in-plane bending,delta(C6-N5-H15),angle,0.04837893139739153,-,-0.016804077272513197,0.16947514613136253
32,1201.4202107963554,,,mixed C-C out-of-plane bending / ring-site C-H out-of-plane bending / ring-site C-H in-plane bending,tau(C3-C6-C7-O8),dihedral,0.03389710488968717,-,-0.02210717695718385,0.06860805660810879
32,1201.4202107963554,,,mixed C-C out-of-plane bending / ring-site C-H out-of-plane bending / ring-site C-H in-plane bending,delta(H13-C4-H14),angle,0.024192769095825666,-,-0.008317682308278751,0.34590752413408615
32,1201.4202107963554,,,mixed C-C out-of-plane bending / ring-site C-H out-of-plane bending / ring-site C-H in-plane bending,tau(H13-C4-N5-C6),dihedral,0.007751731292767895,-,-0.006048585448853099,0.20958980556226944
32,1201.4202107963554,,,mixed C-C out-of-plane bending / ring-site C-H out-of-plane bending / ring-site C-H in-plane bending,nu(C2-C3),bond,0.005794464116610405,+,0.0030525065048143665,0.6151473637723944
32,1201.4202107963554,,,mixed C-C out-of-plane bending / ring-site C-H out-of-plane bending / ring-site C-H in-plane bending,nu(C1-H10),bond,0.0042979591866900615,-,-0.003596639616843512,0.32866051035710836
32,1201.4202107963554,,,mixed C-C out-of-plane bending / ring-site C-H out-of-plane bending / ring-site C-H in-plane bending,nu(C9-H18),bond,0.0037383640643280933,+,0.003380281226600756,0.32363464909074685
32,1201.4202107963554,,,mixed C-C out-of-plane bending / ring-site C-H out-of-plane bending / ring-site C-H in-plane bending,nu(C1-H11),bond,0.0028110461877916453,-,-0.0029082094775602775,0.32877266060693383
32,1201.4202107963554,,,mixed C-C out-of-plane bending / ring-site C-H out-of-plane bending / ring-site C-H in-plane bending,nu(N5-H15),bond,0.002454244904629846,+,0.0023549720803345184,0.4377492979794155
32,1201.4202107963554,,,mixed C-C out-of-plane bending / ring-site C-H out-of-plane bending / ring-site C-H in-plane bending,nu(C6-H16),bond,0.0016080982917286094,+,0.0022424905437743834,0.316322755718694
32,1201.4202107963554,,,mixed C-C out-of-plane bending / ring-site C-H out-of-plane bending / ring-site C-H in-plane bending,delta(H17-C9-H18),angle,0.0014042568376300235,-,-0.0026597289488845288,0.19635902741953512
32,1201.4202107963554,,,mixed C-C out-of-plane bending / ring-site C-H out-of-plane bending / ring-site C-H in-plane bending,nu(C7-O8),bond,0.0013988732991314233,+,0.0012610136607610171,0.870197604715786
32,1201.4202107963554,,,mixed C-C out-of-plane bending / ring-site C-H out-of-plane bending / ring-site C-H in-plane bending,nu(C4-H13),bond,0.0010292022440177731,+,0.0017789012912356442,0.321718554953058
32,1201.4202107963554,,,mixed C-C out-of-plane bending / ring-site C-H out-of-plane bending / ring-site C-H in-plane bending,nu(C1-H12),bond,0.0005933012877398376,+,0.0013172380138792496,0.33824070099731823
32,1201.4202107963554,,,mixed C-C out-of-plane bending / ring-site C-H out-of-plane bending / ring-site C-H in-plane bending,nu(C9-H17),bond,0.0005506379102770508,+,0.0012792276469877804,0.3328507348586602
32,1201.4202107963554,,,mixed C-C out-of-plane bending / ring-site C-H out-of-plane bending / ring-site C-H in-plane bending,nu(C4-H14),bond,0.00021275069788059052,-,-0.000793960411489041,0.33385077033221655
33,1229.9234332741817,,,mixed C-C out-of-plane bending / ring-site C-H in-plane bending,"gamma(C2;C9,H17,H18)",oop,21.652508441333197,-,-0.3331371061669686,0.2627601537123469
33,1229.9234332741817,,,mixed C-C out-of-plane bending / ring-site C-H in-plane bending,delta(N5-C4-H14),angle,17.759866966867662,-,-0.2081093439505381,0.5522730570457748
33,1229.9234332741817,,,mixed C-C out-of-plane bending / ring-site C-H in-plane bending,"gamma(C3;C4,H13,H14)",oop,16.820809010440197,+,0.25154301252009864,0.3580302094181095
33,1229.9234332741817,,,mixed C-C out-of-plane bending / ring-site C-H in-plane bending,delta(C7-C9-H17),angle,8.382761870845167,+,0.19261695192081874,0.30429542690694594
33,1229.9234332741817,,,mixed C-C out-of-plane bending / ring-site C-H in-plane bending,tau(H16-C6-C7-C9),dihedral,7.019087172375862,+,0.1948147212725545,0.2490774446775072
33,1229.9234332741817,,,mixed C-C out-of-plane bending / ring-site C-H in-plane bending,delta(C2-C3-C4),angle,3.9948205860665205,+,0.07317406396623988,1.004801410940264
33,1229.9234332741817,,,mixed C-C out-of-plane bending / ring-site C-H in-plane bending,delta(C2-C1-H12),angle,3.216576805459556,+,0.10618558324449562,0.38420244179789187
33,1229.9234332741817,,,mixed C-C out-of-plane bending / ring-site C-H in-plane bending,tau(N5-C6-C7-C9),dihedral,2.714595868545525,-,-0.05743675830662912,1.1082114958962508
33,1229.9234332741817,,,mixed C-C out-of-plane bending / ring-site C-H in-plane bending,delta(C3-C6-C7),angle,2.6690182579751,-,-0.04213790036941473,2.0244314202912057
33,1229.9234332741817,,,mixed C-C out-of-plane bending / ring-site C-H in-plane bending,tau(H13-C4-N5-C6),dihedral,2.1868217541549275,-,-0.11854145937956834,0.20958980556226944
33,1229.9234332741817,,,mixed C-C out-of-plane bending / ring-site C-H in-plane bending,nu(C7-C9),bond,1.9145630722239815,-,-0.09527900914052097,0.284035433913249
33,1229.9234332741817,,,mixed C-C out-of-plane bending / ring-site C-H in-plane bending,tau(C2-C3-C4-H13),dihedral,1.609729124075966,-,-0.09675364889422165,0.23158765474680962
33,1229.9234332741817,,,mixed C-C out-of-plane bending / ring-site C-H in-plane bending,tau(C6-C7-C9-H17),dihedral,1.3854487982021766,+,0.10077501281224739,0.18373084169576953
33,1229.9234332741817,,,mixed C-C out-of-plane bending / ring-site C-H in-plane bending,tau(C4-C3-C6-C7),dihedral,1.1998499526781745,+,0.03460563328591906,1.3493687390108424
33,1229.9234332741817,,,mixed C-C out-of-plane bending / ring-site C-H in-plane bending,nu(C1-C2),bond,0.9786436950306712,+,0.06580137424605721,0.30440514126911583
33,1229.9234332741817,,,mixed C-C out-of-plane bending / ring-site C-H in-plane bending,nu(C3-C4),bond,0.902033486893928,-,-0.06316709112864724,0.30446558741359786
33,1229.9234332741817,,,mixed C-C out-of-plane bending / ring-site C-H in-plane bending,delta(C6-C7-O8),angle,0.8831302410422375,-,-0.05471283950662901,0.3973228627278992
33,1229.9234332741817,,,mixed C-C out-of-plane bending / ring-site C-H in-plane bending,delta(C7-C6-H16),angle,0.5867497170244401,-,-0.05303545365139212,0.28094261542051463
33,1229.9234332741817,,,mixed C-C out-of-plane bending / ring-site C-H in-plane bending,delta(C2-C1-H10),angle,0.5704805850422899,-,-0.045953321209930426,0.36383491014983216
33,1229.9234332741817,,,mixed C-C out-of-plane bending / ring-site C-H in-plane bending,nu(C4-N5),bond,0.48441973788935105,+,0.04111938728686148,0.3858565433334769
33,1229.9234332741817,,,mixed C-C out-of-plane bending / ring-site C-H in-plane bending,delta(C6-N5-H15),angle,0.44231872399399536,+,0.05928752321529631,0.16947514613136253
33,1229.9234332741817,,,mixed C-C out-of-plane bending / ring-site C-H in-plane bending,delta(C1-C2-C9),angle,0.4218203637852054,+,0.04312306174161808,0.30549610246436376
33,1229.9234332741817,,,mixed C-C out-of-plane bending / ring-site C-H in-plane bending,delta(H10-C1-H11),angle,0.3953838492897123,-,-0.051732494928881025,0.19897081823552717
33,1229.9234332741817,,,mixed C-C out-of-plane bending / ring-site C-H in-plane bending,nu(N5-C6),bond,0.35262214220656923,-,-0.04068361836990016,0.2869245732116675
33,1229.9234332741817,,,mixed C-C out-of-plane bending / ring-site C-H in-plane bending,tau(H10-C1-C2-C3),dihedral,0.3405095016754467,+,0.05327799202634005,0.16155888472585178
33,1229.9234332741817,,,mixed C-C out-of-plane bending / ring-site C-H in-plane bending,delta(N5-C6-C7),angle,0.23586294006931757,+,0.016658179329613918,1.1447270624227694
33,1229.9234332741817,,,mixed C-C out-of-plane bending / ring-site C-H in-plane bending,delta(C2-C9-C7),angle,0.1793183394096877,+,0.013200800571544736,1.385866754545155
33,1229.9234332741817,,,mixed C-C out-of-plane bending / ring-site C-H in-plane bending,nu(C2-C9),bond,0.1422659393636753,-,-0.023845152327037152,0.33697527931198995
33,1229.9234332741817,,,mixed C-C out-of-plane bending / ring-site C-H in-plane bending,nu(C2-C3),bond,0.13998770546838546,-,-0.017506689058121243,0.6151473637723944
33,1229.9234332741817,,,mixed C-C out-of-plane bending / ring-site C-H in-plane bending,nu(C7-O8),bond,0.11418873566820516,-,-0.013293867462308366,0.870197604715786
33,1229.9234332741817,,,mixed C-C out-of-plane bending / ring-site C-H in-plane bending,nu(C6-C7),bond,0.09829579903120476,+,0.02253823166389842,0.26061090755461674
33,1229.9234332741817,,,mixed C-C out-of-plane bending / ring-site C-H in-plane bending,delta(H17-C9-H18),angle,0.04333032076307934,-,-0.017239281846737668,0.19635902741953512
33,1229.9234332741817,,,mixed C-C out-of-plane bending / ring-site C-H in-plane bending,tau(H12-C1-C2-C9),dihedral,0.041978808969277526,-,-0.018586762028298554,0.16365148246706415
33,1229.9234332741817,,,mixed C-C out-of-plane bending / ring-site C-H in-plane bending,tau(C6-C7-C9-C2),dihedral,0.038981073869813705,+,0.007946290166651162,0.8314234474219374
33,1229.9234332741817,,,mixed C-C out-of-plane bending / ring-site C-H in-plane bending,tau(H15-N5-C6-H16),dihedral,0.03844084761874177,+,0.020516226499121448,0.12299721945055526
33,1229.9234332741817,,,mixed C-C out-of-plane bending / ring-site C-H in-plane bending,delta(H13-C4-H14),angle,0.013926376712279868,-,-0.007363558122720559,0.34590752413408615
33,1229.9234332741817,,,mixed C-C out-of-plane bending / ring-site C-H in-plane bending,nu(C6-H16),bond,0.007842321286497379,+,0.005778375384655802,0.316322755718694
33,1229.9234332741817,,,mixed C-C out-of-plane bending / ring-site C-H in-plane bending,tau(C3-C6-C7-O8),dihedral,0.0056371345965519435,-,-0.010519383726645487,0.06860805660810879
33,1229.9234332741817,,,mixed C-C out-of-plane bending / ring-site C-H in-plane bending,"gamma(H12;C1,H10,H11)",oop,0.005413431690723173,+,0.004984291566411946,0.29346958015132085
33,1229.9234332741817,,,mixed C-C out-of-plane bending / ring-site C-H in-plane bending,nu(N5-H15),bond,0.00326466525142254,+,0.0031692409104074103,0.4377492979794155
33,1229.9234332741817,,,mixed C-C out-of-plane bending / ring-site C-H in-plane bending,nu(C1-H10),bond,0.0019479139209900305,+,0.002825268791695248,0.32866051035710836
33,1229.9234332741817,,,mixed C-C out-of-plane bending / ring-site C-H in-plane bending,nu(C1-H11),bond,0.0015120640901336519,+,0.002488776548764167,0.32877266060693383
33,1229.9234332741817,,,mixed C-C out-of-plane bending / ring-site C-H in-plane bending,nu(C1-H12),bond,0.0009934971521037119,-,-0.001988927875664537,0.33824070099731823
33,1229.9234332741817,,,mixed C-C out-of-plane bending / ring-site C-H in-plane bending,nu(C4-H14),bond,0.0009372868197515967,-,-0.0019445034492491628,0.33385077033221655
33,1229.9234332741817,,,mixed C-C out-of-plane bending / ring-site C-H in-plane bending,tau(C1-C2-C3-C6),dihedral,0.0006672542093003643,-,-0.0018105137482712721,0.2741479334959476
33,1229.9234332741817,,,mixed C-C out-of-plane bending / ring-site C-H in-plane bending,nu(C4-H13),bond,0.0003634574703010316,-,-0.0012334950167510004,0.321718554953058
33,1229.9234332741817,,,mixed C-C out-of-plane bending / ring-site C-H in-plane bending,nu(C9-H18),bond,0.00020200147509496057,-,-0.0009168502729644708,0.32363464909074685
33,1229.9234332741817,,,mixed C-C out-of-plane bending / ring-site C-H in-plane bending,nu(C9-H17),bond,7.235997563390423e-05,-,-0.0005410944758190774,0.3328507348586602
34,1283.715927856308,,,mixed ring-site C-H in-plane bending / C-C out-of-plane bending,delta(C7-C6-H16),angle,21.267403943112512,+,0.3265783050743821,0.28094261542051463
34,1283.715927856308,,,mixed ring-site C-H in-plane bending / C-C out-of-plane bending,"gamma(C2;C9,H17,H18)",oop,18.122279494607564,-,-0.3117206403938514,0.2627601537123469
34,1283.715927856308,,,mixed ring-site C-H in-plane bending / C-C out-of-plane bending,"gamma(C3;C4,H13,H14)",oop,13.335790023608428,-,-0.22908066726693233,0.3580302094181095
34,1283.715927856308,,,mixed ring-site C-H in-plane bending / C-C out-of-plane bending,delta(N5-C4-H14),angle,12.407305472754638,+,0.1779101437377375,0.5522730570457748
34,1283.715927856308,,,mixed ring-site C-H in-plane bending / C-C out-of-plane bending,tau(H15-N5-C6-H16),dihedral,11.92035359871366,-,-0.36951819145578574,0.12299721945055526
34,1283.715927856308,,,mixed ring-site C-H in-plane bending / C-C out-of-plane bending,delta(C7-C9-H17),angle,6.251307332562404,+,0.17012832016658883,0.30429542690694594
34,1283.715927856308,,,mixed ring-site C-H in-plane bending / C-C out-of-plane bending,nu(C2-C9),bond,2.7282479911202997,+,0.10680259437658686,0.33697527931198995
34,1283.715927856308,,,mixed ring-site C-H in-plane bending / C-C out-of-plane bending,nu(C6-C7),bond,2.2671623510523635,-,-0.11070925226193593,0.26061090755461674
34,1283.715927856308,,,mixed ring-site C-H in-plane bending / C-C out-of-plane bending,tau(C6-C7-C9-C2),dihedral,1.4835237645730905,-,-0.05013892533022312,0.8314234474219374
34,1283.715927856308,,,mixed ring-site C-H in-plane bending / C-C out-of-plane bending,nu(C1-C2),bond,1.2643667419238134,-,-0.07649788737933771,0.30440514126911583
34,1283.715927856308,,,mixed ring-site C-H in-plane bending / C-C out-of-plane bending,tau(C4-C3-C6-C7),dihedral,1.2427338718920062,-,-0.03602157076608403,1.3493687390108424
34,1283.715927856308,,,mixed ring-site C-H in-plane bending / C-C out-of-plane bending,delta(C6-N5-H15),angle,1.170169687456167,-,-0.09863029105322589,0.16947514613136253
34,1283.715927856308,,,mixed ring-site C-H in-plane bending / C-C out-of-plane bending,nu(N5-C6),bond,1.1024371837198081,+,0.07357528544438635,0.2869245732116675
34,1283.715927856308,,,mixed ring-site C-H in-plane bending / C-C out-of-plane bending,tau(H16-C6-C7-C9),dihedral,0.9064872309766465,+,0.07160651637312941,0.2490774446775072
34,1283.715927856308,,,mixed ring-site C-H in-plane bending / C-C out-of-plane bending,nu(C3-C4),bond,0.8542570586937364,+,0.06287298545247101,0.30446558741359786
34,1283.715927856308,,,mixed ring-site C-H in-plane bending / C-C out-of-plane bending,tau(C6-C7-C9-H17),dihedral,0.7541435844363421,+,0.07604573984045515,0.18373084169576953
34,1283.715927856308,,,mixed ring-site C-H in-plane bending / C-C out-of-plane bending,nu(C7-C9),bond,0.5305171198148836,-,-0.05129822542837958,0.284035433913249
34,1283.715927856308,,,mixed ring-site C-H in-plane bending / C-C out-of-plane bending,tau(H13-C4-N5-C6),dihedral,0.4957906995326129,+,0.057730193315694116,0.20958980556226944
34,1283.715927856308,,,mixed ring-site C-H in-plane bending / C-C out-of-plane bending,tau(N5-C6-C7-C9),dihedral,0.3896871478951896,-,-0.022257973306889483,1.1082114958962508
34,1283.715927856308,,,mixed ring-site C-H in-plane bending / C-C out-of-plane bending,delta(H13-C4-H14),angle,0.363155366516523,-,-0.03845963250476193,0.34590752413408615
34,1283.715927856308,,,mixed ring-site C-H in-plane bending / C-C out-of-plane bending,delta(N5-C6-C7),angle,0.2066498920300647,+,0.015947973952386518,1.1447270624227694
34,1283.715927856308,,,mixed ring-site C-H in-plane bending / C-C out-of-plane bending,nu(C4-N5),bond,0.20170873831732383,-,-0.027138655187775706,0.3858565433334769
34,1283.715927856308,,,mixed ring-site C-H in-plane bending / C-C out-of-plane bending,delta(C1-C2-C9),angle,0.16196884482628054,+,0.02733076618625823,0.30549610246436376
34,1283.715927856308,,,mixed ring-site C-H in-plane bending / C-C out-of-plane bending,delta(C3-C6-C7),angle,0.11279770724551806,-,-0.008860077135073079,2.0244314202912057
34,1283.715927856308,,,mixed ring-site C-H in-plane bending / C-C out-of-plane bending,tau(C3-C6-C7-O8),dihedral,0.09691119336254178,-,-0.04461062556037398,0.06860805660810879
34,1283.715927856308,,,mixed ring-site C-H in-plane bending / C-C out-of-plane bending,"gamma(H12;C1,H10,H11)",oop,0.07124840441134789,-,-0.01849459934231241,0.29346958015132085
34,1283.715927856308,,,mixed ring-site C-H in-plane bending / C-C out-of-plane bending,delta(C2-C3-C4),angle,0.0463927357805631,-,-0.008065360334447512,1.004801410940264
34,1283.715927856308,,,mixed ring-site C-H in-plane bending / C-C out-of-plane bending,delta(C6-C7-O8),angle,0.043136147479867964,-,-0.012367667504764847,0.3973228627278992
34,1283.715927856308,,,mixed ring-site C-H in-plane bending / C-C out-of-plane bending,nu(C7-O8),bond,0.042913407228459176,-,-0.008335400247666954,0.870197604715786
34,1283.715927856308,,,mixed ring-site C-H in-plane bending / C-C out-of-plane bending,delta(H17-C9-H18),angle,0.0281012457862745,-,-0.014199604621940415,0.19635902741953512
34,1283.715927856308,,,mixed ring-site C-H in-plane bending / C-C out-of-plane bending,nu(C2-C3),bond,0.027829849729531297,-,-0.007983709910846333,0.6151473637723944
34,1283.715927856308,,,mixed ring-site C-H in-plane bending / C-C out-of-plane bending,delta(C2-C1-H10),angle,0.021479440692482962,-,-0.009120070632503113,0.36383491014983216
34,1283.715927856308,,,mixed ring-site C-H in-plane bending / C-C out-of-plane bending,tau(H10-C1-C2-C3),dihedral,0.02012799076650221,-,-0.013248712941156855,0.16155888472585178
34,1283.715927856308,,,mixed ring-site C-H in-plane bending / C-C out-of-plane bending,tau(C2-C3-C4-H13),dihedral,0.017478153493245933,+,0.010311669227436255,0.23158765474680962
34,1283.715927856308,,,mixed ring-site C-H in-plane bending / C-C out-of-plane bending,nu(C6-H16),bond,0.015472478919985056,-,-0.008301443825683012,0.316322755718694
34,1283.715927856308,,,mixed ring-site C-H in-plane bending / C-C out-of-plane bending,nu(C4-H14),bond,0.011491412358366178,+,0.006963850106952031,0.33385077033221655
34,1283.715927856308,,,mixed ring-site C-H in-plane bending / C-C out-of-plane bending,delta(C2-C1-H12),angle,0.008254837556725101,-,-0.005501905246151513,0.38420244179789187
34,1283.715927856308,,,mixed ring-site C-H in-plane bending / C-C out-of-plane bending,nu(C4-H13),bond,0.003290115379733287,+,0.0037958270016756096,0.321718554953058
34,1283.715927856308,,,mixed ring-site C-H in-plane bending / C-C out-of-plane bending,delta(C2-C9-C7),angle,0.0017249690241811658,-,-0.0013242464378611875,1.385866754545155
34,1283.715927856308,,,mixed ring-site C-H in-plane bending / C-C out-of-plane bending,nu(N5-H15),bond,0.0015444547018808189,-,-0.00222953225528017,0.4377492979794155
34,1283.715927856308,,,mixed ring-site C-H in-plane bending / C-C out-of-plane bending,tau(C1-C2-C3-C6),dihedral,0.0009511298438286726,-,-0.002210885836475248,0.2741479334959476
34,1283.715927856308,,,mixed ring-site C-H in-plane bending / C-C out-of-plane bending,delta(H10-C1-H11),angle,0.0007566882452982865,+,0.0023147425881049604,0.19897081823552717
34,1283.715927856308,,,mixed ring-site C-H in-plane bending / C-C out-of-plane bending,nu(C9-H18),bond,0.0002552718524626379,-,-0.0010541753585572966,0.32363464909074685
34,1283.715927856308,,,mixed ring-site C-H in-plane bending / C-C out-of-plane bending,tau(H12-C1-C2-C9),dihedral,0.00016983235910548487,-,-0.0012091749754004895,0.16365148246706415
34,1283.715927856308,,,mixed ring-site C-H in-plane bending / C-C out-of-plane bending,nu(C1-H10),bond,0.00016178768901705442,+,0.0008327945501700612,0.32866051035710836
34,1283.715927856308,,,mixed ring-site C-H in-plane bending / C-C out-of-plane bending,nu(C1-H12),bond,5.831904594345589e-05,-,-0.0004928686262123716,0.33824070099731823
34,1283.715927856308,,,mixed ring-site C-H in-plane bending / C-C out-of-plane bending,nu(C9-H17),bond,4.61322554675161e-06,-,-0.00013973863140342876,0.3328507348586602
34,1283.715927856308,,,mixed ring-site C-H in-plane bending / C-C out-of-plane bending,nu(C1-H11),bond,6.736852322480792e-07,-,-5.37303372988661e-05,0.32877266060693383
35,1301.8863402770112,,,mixed C-C out-of-plane bending / ring-site C-H in-plane bending,"gamma(C3;C4,H13,H14)",oop,24.196340579498393,-,-0.29705616333219914,0.3580302094181095
35,1301.8863402770112,,,mixed C-C out-of-plane bending / ring-site C-H in-plane bending,"gamma(C2;C9,H17,H18)",oop,16.35190611276325,+,0.2850545635716132,0.2627601537123469
35,1301.8863402770112,,,mixed C-C out-of-plane bending / ring-site C-H in-plane bending,nu(C2-C9),bond,12.917100903917898,-,-0.22372116103320833,0.33697527931198995
35,1301.8863402770112,,,mixed C-C out-of-plane bending / ring-site C-H in-plane bending,delta(C7-C9-H17),angle,8.413675835258617,-,-0.19000662080947467,0.30429542690694594
35,1301.8863402770112,,,mixed C-C out-of-plane bending / ring-site C-H in-plane bending,delta(C2-C3-C4),angle,7.2491953273050544,+,0.09705733051277633,1.004801410940264
35,1301.8863402770112,,,mixed C-C out-of-plane bending / ring-site C-H in-plane bending,delta(N5-C4-H14),angle,4.956678876977039,+,0.10825351903248175,0.5522730570457748
35,1301.8863402770112,,,mixed C-C out-of-plane bending / ring-site C-H in-plane bending,delta(C2-C1-H12),angle,4.811635478659701,+,0.12787624007859694,0.38420244179789187
35,1301.8863402770112,,,mixed C-C out-of-plane bending / ring-site C-H in-plane bending,nu(C1-C2),bond,4.127541838867417,+,0.13305871037855976,0.30440514126911583
35,1301.8863402770112,,,mixed C-C out-of-plane bending / ring-site C-H in-plane bending,tau(N5-C6-C7-C9),dihedral,2.8463510207320724,-,-0.05791038639968398,1.1082114958962508
35,1301.8863402770112,,,mixed C-C out-of-plane bending / ring-site C-H in-plane bending,delta(C7-C6-H16),angle,2.7968997045984385,+,0.11401269075774641,0.28094261542051463
35,1301.8863402770112,,,mixed C-C out-of-plane bending / ring-site C-H in-plane bending,tau(C6-C7-C9-H17),dihedral,1.9637726991739712,-,-0.11813487773039547,0.18373084169576953
35,1301.8863402770112,,,mixed C-C out-of-plane bending / ring-site C-H in-plane bending,tau(H16-C6-C7-C9),dihedral,1.6746858028401388,+,0.09369642656953747,0.2490774446775072
35,1301.8863402770112,,,mixed C-C out-of-plane bending / ring-site C-H in-plane bending,tau(H13-C4-N5-C6),dihedral,1.5408490195206106,+,0.09797573387605167,0.20958980556226944
35,1301.8863402770112,,,mixed C-C out-of-plane bending / ring-site C-H in-plane bending,delta(H10-C1-H11),angle,1.1843489934898537,-,-0.08815941792942247,0.19897081823552717
35,1301.8863402770112,,,mixed C-C out-of-plane bending / ring-site C-H in-plane bending,tau(H15-N5-C6-H16),dihedral,1.1368574691424753,-,-0.10985730032778689,0.12299721945055526
35,1301.8863402770112,,,mixed C-C out-of-plane bending / ring-site C-H in-plane bending,delta(C6-C7-O8),angle,0.5470004693277146,-,-0.04239802542167472,0.3973228627278992
35,1301.8863402770112,,,mixed C-C out-of-plane bending / ring-site C-H in-plane bending,"gamma(H12;C1,H10,H11)",oop,0.48157769240697873,+,0.04628872246307745,0.29346958015132085
35,1301.8863402770112,,,mixed C-C out-of-plane bending / ring-site C-H in-plane bending,nu(C7-C9),bond,0.47348320987491865,+,0.046654075707067866,0.284035433913249
35,1301.8863402770112,,,mixed C-C out-of-plane bending / ring-site C-H in-plane bending,nu(C2-C3),bond,0.4493073738878213,+,0.0308820234843515,0.6151473637723944
35,1301.8863402770112,,,mixed C-C out-of-plane bending / ring-site C-H in-plane bending,tau(H10-C1-C2-C3),dihedral,0.4160834898159866,+,0.05798936829857395,0.16155888472585178
35,1301.8863402770112,,,mixed C-C out-of-plane bending / ring-site C-H in-plane bending,nu(C4-N5),bond,0.3491019892941591,-,-0.03437057411338843,0.3858565433334769
35,1301.8863402770112,,,mixed C-C out-of-plane bending / ring-site C-H in-plane bending,nu(C3-C4),bond,0.34508720064039555,-,-0.03846970700420748,0.30446558741359786
35,1301.8863402770112,,,mixed C-C out-of-plane bending / ring-site C-H in-plane bending,delta(N5-C6-C7),angle,0.23906440232026974,+,0.01651315436517756,1.1447270624227694
35,1301.8863402770112,,,mixed C-C out-of-plane bending / ring-site C-H in-plane bending,nu(C6-C7),bond,0.09660227039244618,-,-0.021999911402933902,0.26061090755461674
35,1301.8863402770112,,,mixed C-C out-of-plane bending / ring-site C-H in-plane bending,tau(C1-C2-C3-C6),dihedral,0.0822049941847913,+,0.019787009970172575,0.2741479334959476
35,1301.8863402770112,,,mixed C-C out-of-plane bending / ring-site C-H in-plane bending,delta(C6-N5-H15),angle,0.06906548163871376,-,-0.023067528893477417,0.16947514613136253
35,1301.8863402770112,,,mixed C-C out-of-plane bending / ring-site C-H in-plane bending,delta(C1-C2-C9),angle,0.055900077582766064,+,0.015457061247520935,0.30549610246436376
35,1301.8863402770112,,,mixed C-C out-of-plane bending / ring-site C-H in-plane bending,delta(C2-C1-H10),angle,0.055217647796511456,-,-0.014077007007212997,0.36383491014983216
35,1301.8863402770112,,,mixed C-C out-of-plane bending / ring-site C-H in-plane bending,tau(C4-C3-C6-C7),dihedral,0.043014215160940096,-,-0.006451552543974292,1.3493687390108424
35,1301.8863402770112,,,mixed C-C out-of-plane bending / ring-site C-H in-plane bending,delta(H17-C9-H18),angle,0.04164908854881398,+,0.01664182206065571,0.19635902741953512
35,1301.8863402770112,,,mixed C-C out-of-plane bending / ring-site C-H in-plane bending,tau(C2-C3-C4-H13),dihedral,0.01902178617473832,-,-0.010355987194851653,0.23158765474680962
35,1301.8863402770112,,,mixed C-C out-of-plane bending / ring-site C-H in-plane bending,nu(C7-O8),bond,0.016094930681457592,+,0.004914271800368603,0.870197604715786
35,1301.8863402770112,,,mixed C-C out-of-plane bending / ring-site C-H in-plane bending,tau(C6-C7-C9-C2),dihedral,0.014856898881674598,+,0.004830326741835442,0.8314234474219374
35,1301.8863402770112,,,mixed C-C out-of-plane bending / ring-site C-H in-plane bending,nu(N5-C6),bond,0.013884009230273515,-,-0.00794871881439154,0.2869245732116675
35,1301.8863402770112,,,mixed C-C out-of-plane bending / ring-site C-H in-plane bending,delta(C3-C6-C7),angle,0.0045597375625606425,+,0.0017149124312170944,2.0244314202912057
35,1301.8863402770112,,,mixed C-C out-of-plane bending / ring-site C-H in-plane bending,nu(C1-H11),bond,0.0033513989438841807,+,0.0036482851507246713,0.32877266060693383
35,1301.8863402770112,,,mixed C-C out-of-plane bending / ring-site C-H in-plane bending,nu(C4-H13),bond,0.0032923201021985483,+,0.0036554136697881582,0.321718554953058
35,1301.8863402770112,,,mixed C-C out-of-plane bending / ring-site C-H in-plane bending,nu(C1-H10),bond,0.002917903660445,+,0.003404750334050478,0.32866051035710836
35,1301.8863402770112,,,mixed C-C out-of-plane bending / ring-site C-H in-plane bending,tau(C3-C6-C7-O8),dihedral,0.0026378773209457702,-,-0.007085382455315191,0.06860805660810879
35,1301.8863402770112,,,mixed C-C out-of-plane bending / ring-site C-H in-plane bending,tau(H12-C1-C2-C9),dihedral,0.002049547191271199,-,-0.004043826823992118,0.16365148246706415
35,1301.8863402770112,,,mixed C-C out-of-plane bending / ring-site C-H in-plane bending,delta(C2-C9-C7),angle,0.0017897303397048064,+,0.001298543854608882,1.385866754545155
35,1301.8863402770112,,,mixed C-C out-of-plane bending / ring-site C-H in-plane bending,nu(C9-H18),bond,0.0010216855293490898,+,0.0020302741006082933,0.32363464909074685
35,1301.8863402770112,,,mixed C-C out-of-plane bending / ring-site C-H in-plane bending,nu(C1-H12),bond,0.0007096981423675921,-,-0.0016551885020300013,0.33824070099731823
35,1301.8863402770112,,,mixed C-C out-of-plane bending / ring-site C-H in-plane bending,nu(C4-H14),bond,0.0006264899818011925,+,0.0015653246824324798,0.33385077033221655
35,1301.8863402770112,,,mixed C-C out-of-plane bending / ring-site C-H in-plane bending,nu(C9-H17),bond,0.0005043012861703733,-,-0.0014065132806560384,0.3328507348586602
35,1301.8863402770112,,,mixed C-C out-of-plane bending / ring-site C-H in-plane bending,nu(C6-H16),bond,0.00043184456135678914,-,-0.0013351254329836961,0.316322755718694
35,1301.8863402770112,,,mixed C-C out-of-plane bending / ring-site C-H in-plane bending,delta(H13-C4-H14),angle,3.365383528725082e-05,-,-0.00035641899181396234,0.34590752413408615
35,1301.8863402770112,,,mixed C-C out-of-plane bending / ring-site C-H in-plane bending,nu(N5-H15),bond,1.6920956324214386e-05,+,0.00022465872121953706,0.4377492979794155
36,1329.1426999389664,,,mixed C-C out-of-plane bending / ring-site C-H in-plane bending / ring-site C-H out-of-plane bending,"gamma(C3;C4,H13,H14)",oop,42.61132966234218,-,-0.4384828914926046,0.3580302094181095
36,1329.1426999389664,,,mixed C-C out-of-plane bending / ring-site C-H in-plane bending / ring-site C-H out-of-plane bending,delta(C7-C6-H16),angle,9.604811658856576,-,-0.2350095776895953,0.28094261542051463
36,1329.1426999389664,,,mixed C-C out-of-plane bending / ring-site C-H in-plane bending / ring-site C-H out-of-plane bending,delta(N5-C4-H14),angle,7.987599466849723,+,0.15285553079670186,0.5522730570457748
36,1329.1426999389664,,,mixed C-C out-of-plane bending / ring-site C-H in-plane bending / ring-site C-H out-of-plane bending,tau(C2-C3-C4-H13),dihedral,6.645540745453952,+,0.21530663142064146,0.23158765474680962
36,1329.1426999389664,,,mixed C-C out-of-plane bending / ring-site C-H in-plane bending / ring-site C-H out-of-plane bending,tau(H13-C4-N5-C6),dihedral,6.389866900698074,+,0.2219273230868062,0.20958980556226944
36,1329.1426999389664,,,mixed C-C out-of-plane bending / ring-site C-H in-plane bending / ring-site C-H out-of-plane bending,tau(H15-N5-C6-H16),dihedral,4.126017225192668,+,0.23279187461804482,0.12299721945055526
36,1329.1426999389664,,,mixed C-C out-of-plane bending / ring-site C-H in-plane bending / ring-site C-H out-of-plane bending,nu(C3-C4),bond,3.282977322157634,+,0.1319820230038885,0.30446558741359786
36,1329.1426999389664,,,mixed C-C out-of-plane bending / ring-site C-H in-plane bending / ring-site C-H out-of-plane bending,"gamma(C2;C9,H17,H18)",oop,2.745393204075027,-,-0.12991894031214865,0.2627601537123469
36,1329.1426999389664,,,mixed C-C out-of-plane bending / ring-site C-H in-plane bending / ring-site C-H out-of-plane bending,delta(C3-C6-C7),angle,2.5566246137770663,-,-0.04516810749128937,2.0244314202912057
36,1329.1426999389664,,,mixed C-C out-of-plane bending / ring-site C-H in-plane bending / ring-site C-H out-of-plane bending,nu(N5-C6),bond,2.283950398625277,-,-0.11339904780532979,0.2869245732116675
36,1329.1426999389664,,,mixed C-C out-of-plane bending / ring-site C-H in-plane bending / ring-site C-H out-of-plane bending,delta(C7-C9-H17),angle,1.9218276781446804,+,0.10100885662998348,0.30429542690694594
36,1329.1426999389664,,,mixed C-C out-of-plane bending / ring-site C-H in-plane bending / ring-site C-H out-of-plane bending,tau(H16-C6-C7-C9),dihedral,1.7549623332426936,+,0.10668826316672948,0.2490774446775072
36,1329.1426999389664,,,mixed C-C out-of-plane bending / ring-site C-H in-plane bending / ring-site C-H out-of-plane bending,nu(C6-C7),bond,1.2720079968550249,+,0.08879705707380332,0.26061090755461674
36,1329.1426999389664,,,mixed C-C out-of-plane bending / ring-site C-H in-plane bending / ring-site C-H out-of-plane bending,nu(C1-C2),bond,1.2294879800598093,-,-0.08077669837813592,0.30440514126911583
36,1329.1426999389664,,,mixed C-C out-of-plane bending / ring-site C-H in-plane bending / ring-site C-H out-of-plane bending,nu(C2-C9),bond,0.9899077516397248,+,0.06888874732696623,0.33697527931198995
36,1329.1426999389664,,,mixed C-C out-of-plane bending / ring-site C-H in-plane bending / ring-site C-H out-of-plane bending,tau(C4-C3-C6-C7),dihedral,0.7984651641742629,+,0.030918086679526547,1.3493687390108424
36,1329.1426999389664,,,mixed C-C out-of-plane bending / ring-site C-H in-plane bending / ring-site C-H out-of-plane bending,delta(H13-C4-H14),angle,0.54252887182125,+,0.05033630925442911,0.34590752413408615
36,1329.1426999389664,,,mixed C-C out-of-plane bending / ring-site C-H in-plane bending / ring-site C-H out-of-plane bending,delta(C2-C9-C7),angle,0.5312070968119846,+,0.024884054392896714,1.385866754545155
36,1329.1426999389664,,,mixed C-C out-of-plane bending / ring-site C-H in-plane bending / ring-site C-H out-of-plane bending,tau(N5-C6-C7-C9),dihedral,0.43123454443695813,-,-0.025072370228963355,1.1082114958962508
36,1329.1426999389664,,,mixed C-C out-of-plane bending / ring-site C-H in-plane bending / ring-site C-H out-of-plane bending,nu(C4-N5),bond,0.40341832346729567,-,-0.041097444861359585,0.3858565433334769
36,1329.1426999389664,,,mixed C-C out-of-plane bending / ring-site C-H in-plane bending / ring-site C-H out-of-plane bending,nu(C7-C9),bond,0.3754894669135094,-,-0.04621282993984387,0.284035433913249
36,1329.1426999389664,,,mixed C-C out-of-plane bending / ring-site C-H in-plane bending / ring-site C-H out-of-plane bending,tau(C6-C7-C9-H17),dihedral,0.2936240667356862,+,0.05081064856792129,0.18373084169576953
36,1329.1426999389664,,,mixed C-C out-of-plane bending / ring-site C-H in-plane bending / ring-site C-H out-of-plane bending,delta(H17-C9-H18),angle,0.229903713490494,-,-0.04349081066859463,0.19635902741953512
36,1329.1426999389664,,,mixed C-C out-of-plane bending / ring-site C-H in-plane bending / ring-site C-H out-of-plane bending,"gamma(H12;C1,H10,H11)",oop,0.19130675041488956,-,-0.03245140825099435,0.29346958015132085
36,1329.1426999389664,,,mixed C-C out-of-plane bending / ring-site C-H in-plane bending / ring-site C-H out-of-plane bending,tau(C6-C7-C9-C2),dihedral,0.13985399233144633,+,0.01648451773915913,0.8314234474219374
36,1329.1426999389664,,,mixed C-C out-of-plane bending / ring-site C-H in-plane bending / ring-site C-H out-of-plane bending,delta(C2-C3-C4),angle,0.12788226767377364,-,-0.014338872146159726,1.004801410940264
36,1329.1426999389664,,,mixed C-C out-of-plane bending / ring-site C-H in-plane bending / ring-site C-H out-of-plane bending,delta(C6-C7-O8),angle,0.1263363878164922,-,-0.022664304470629844,0.3973228627278992
36,1329.1426999389664,,,mixed C-C out-of-plane bending / ring-site C-H in-plane bending / ring-site C-H out-of-plane bending,delta(C2-C1-H12),angle,0.1045356844979824,-,-0.020965352528226375,0.38420244179789187
36,1329.1426999389664,,,mixed C-C out-of-plane bending / ring-site C-H in-plane bending / ring-site C-H out-of-plane bending,tau(C1-C2-C3-C6),dihedral,0.09828620899181376,-,-0.024065990994941597,0.2741479334959476
36,1329.1426999389664,,,mixed C-C out-of-plane bending / ring-site C-H in-plane bending / ring-site C-H out-of-plane bending,delta(C1-C2-C9),angle,0.07946098026689141,+,0.02049859374217751,0.30549610246436376
36,1329.1426999389664,,,mixed C-C out-of-plane bending / ring-site C-H in-plane bending / ring-site C-H out-of-plane bending,delta(C2-C1-H10),angle,0.031155371177393143,-,-0.011761541008390027,0.36383491014983216
36,1329.1426999389664,,,mixed C-C out-of-plane bending / ring-site C-H in-plane bending / ring-site C-H out-of-plane bending,delta(H10-C1-H11),angle,0.02471660587662754,+,0.01416607932453771,0.19897081823552717
36,1329.1426999389664,,,mixed C-C out-of-plane bending / ring-site C-H in-plane bending / ring-site C-H out-of-plane bending,nu(C6-H16),bond,0.01896687015513707,+,0.009841981942350114,0.316322755718694
36,1329.1426999389664,,,mixed C-C out-of-plane bending / ring-site C-H in-plane bending / ring-site C-H out-of-plane bending,delta(N5-C6-C7),angle,0.018079666232306436,-,-0.005051195473681138,1.1447270624227694
36,1329.1426999389664,,,mixed C-C out-of-plane bending / ring-site C-H in-plane bending / ring-site C-H out-of-plane bending,tau(H10-C1-C2-C3),dihedral,0.014116456307678717,-,-0.011880846010218295,0.16155888472585178
36,1329.1426999389664,,,mixed C-C out-of-plane bending / ring-site C-H in-plane bending / ring-site C-H out-of-plane bending,nu(C7-O8),bond,0.008489663213720999,-,-0.003969960953767962,0.870197604715786
36,1329.1426999389664,,,mixed C-C out-of-plane bending / ring-site C-H in-plane bending / ring-site C-H out-of-plane bending,nu(C2-C3),bond,0.0038047487223155426,+,0.003160991677537435,0.6151473637723944
36,1329.1426999389664,,,mixed C-C out-of-plane bending / ring-site C-H in-plane bending / ring-site C-H out-of-plane bending,nu(C4-H13),bond,0.0021076111000526317,+,0.0032531727812712295,0.321718554953058
36,1329.1426999389664,,,mixed C-C out-of-plane bending / ring-site C-H in-plane bending / ring-site C-H out-of-plane bending,nu(C9-H17),bond,0.0010702522399038629,+,0.0022791255968600916,0.3328507348586602
36,1329.1426999389664,,,mixed C-C out-of-plane bending / ring-site C-H in-plane bending / ring-site C-H out-of-plane bending,tau(H12-C1-C2-C9),dihedral,0.0004414746642694648,+,0.0020875787462674845,0.16365148246706415
36,1329.1426999389664,,,mixed C-C out-of-plane bending / ring-site C-H in-plane bending / ring-site C-H out-of-plane bending,nu(C4-H14),bond,0.000390662303926879,-,-0.0013749107519640809,0.33385077033221655
36,1329.1426999389664,,,mixed C-C out-of-plane bending / ring-site C-H in-plane bending / ring-site C-H out-of-plane bending,nu(C9-H18),bond,0.0003182667463676286,+,0.0012604280867971982,0.32363464909074685
36,1329.1426999389664,,,mixed C-C out-of-plane bending / ring-site C-H in-plane bending / ring-site C-H out-of-plane bending,nu(N5-H15),bond,0.00022868926601272632,+,0.0009186712118460124,0.4377492979794155
36,1329.1426999389664,,,mixed C-C out-of-plane bending / ring-site C-H in-plane bending / ring-site C-H out-of-plane bending,delta(C6-N5-H15),angle,0.0001253572760880867,+,0.0010931297421911206,0.16947514613136253
36,1329.1426999389664,,,mixed C-C out-of-plane bending / ring-site C-H in-plane bending / ring-site C-H out-of-plane bending,nu(C1-H12),bond,7.970868833126807e-05,-,-0.0006170066495124875,0.33824070099731823
36,1329.1426999389664,,,mixed C-C out-of-plane bending / ring-site C-H in-plane bending / ring-site C-H out-of-plane bending,tau(C3-C6-C7-O8),dihedral,4.2736098316648e-05,+,0.0010031360131612492,0.06860805660810879
36,1329.1426999389664,,,mixed C-C out-of-plane bending / ring-site C-H in-plane bending / ring-site C-H out-of-plane bending,nu(C1-H11),bond,2.2162400694011017e-05,-,-0.0003299973856412894,0.32877266060693383
36,1329.1426999389664,,,mixed C-C out-of-plane bending / ring-site C-H in-plane bending / ring-site C-H out-of-plane bending,nu(C1-H10),bond,5.239716028871059e-06,-,-0.0001604833785632533,0.32866051035710836
37,1371.5414794235983,,,mixed ring-site N-H in-plane bending / ring-site N-H out-of-plane bending,delta(C6-N5-H15),angle,38.549325726095766,+,0.3973984653957152,0.16947514613136253
37,1371.5414794235983,,,mixed ring-site N-H in-plane bending / ring-site N-H out-of-plane bending,tau(H15-N5-C6-H16),dihedral,14.066636116654227,+,0.281785265940539,0.12299721945055526
37,1371.5414794235983,,,mixed ring-site N-H in-plane bending / ring-site N-H out-of-plane bending,delta(C7-C6-H16),angle,13.097195825446688,+,0.17990827981552415,0.28094261542051463
37,1371.5414794235983,,,mixed ring-site N-H in-plane bending / ring-site N-H out-of-plane bending,tau(N5-C6-C7-C9),dihedral,8.527552720030178,+,0.07309230911063261,1.1082114958962508
37,1371.5414794235983,,,mixed ring-site N-H in-plane bending / ring-site N-H out-of-plane bending,delta(C3-C6-C7),angle,7.079820553566781,+,0.04927542646130169,2.0244314202912057
37,1371.5414794235983,,,mixed ring-site N-H in-plane bending / ring-site N-H out-of-plane bending,tau(H16-C6-C7-C9),dihedral,6.959418773153005,-,-0.13928042571251348,0.2490774446775072
37,1371.5414794235983,,,mixed ring-site N-H in-plane bending / ring-site N-H out-of-plane bending,nu(C4-N5),bond,2.932252987619574,+,0.07263711477234545,0.3858565433334769
37,1371.5414794235983,,,mixed ring-site N-H in-plane bending / ring-site N-H out-of-plane bending,tau(C2-C3-C4-H13),dihedral,2.605619653111594,+,0.08838297367128924,0.23158765474680962
37,1371.5414794235983,,,mixed ring-site N-H in-plane bending / ring-site N-H out-of-plane bending,nu(C6-C7),bond,2.2715716326126962,-,-0.07779249939057956,0.26061090755461674
37,1371.5414794235983,,,mixed ring-site N-H in-plane bending / ring-site N-H out-of-plane bending,nu(C3-C4),bond,0.9793790984653925,+,0.04725819285102032,0.30446558741359786
37,1371.5414794235983,,,mixed ring-site N-H in-plane bending / ring-site N-H out-of-plane bending,delta(C6-C7-O8),angle,0.7877682790942324,+,0.03710208087744726,0.3973228627278992
37,1371.5414794235983,,,mixed ring-site N-H in-plane bending / ring-site N-H out-of-plane bending,"gamma(C3;C4,H13,H14)",oop,0.5004771939443869,-,-0.031153232114789424,0.3580302094181095
37,1371.5414794235983,,,mixed ring-site N-H in-plane bending / ring-site N-H out-of-plane bending,delta(C2-C3-C4),angle,0.2721737498004913,-,-0.013713673373305379,1.004801410940264
37,1371.5414794235983,,,mixed ring-site N-H in-plane bending / ring-site N-H out-of-plane bending,delta(H17-C9-H18),angle,0.18818739354387934,+,0.025795302701649744,0.19635902741953512
37,1371.5414794235983,,,mixed ring-site N-H in-plane bending / ring-site N-H out-of-plane bending,tau(C6-C7-C9-H17),dihedral,0.16811531558102547,+,0.02520480889624592,0.18373084169576953
37,1371.5414794235983,,,mixed ring-site N-H in-plane bending / ring-site N-H out-of-plane bending,nu(C7-C9),bond,0.14203641428407351,+,0.018633068903149003,0.284035433913249
37,1371.5414794235983,,,mixed ring-site N-H in-plane bending / ring-site N-H out-of-plane bending,delta(C2-C9-C7),angle,0.1411349944473411,-,-0.008408672115406307,1.385866754545155
37,1371.5414794235983,,,mixed ring-site N-H in-plane bending / ring-site N-H out-of-plane bending,delta(C2-C1-H12),angle,0.11370933116070188,-,-0.014334706105047067,0.38420244179789187
37,1371.5414794235983,,,mixed ring-site N-H in-plane bending / ring-site N-H out-of-plane bending,nu(C6-H16),bond,0.08615335589984995,-,-0.013751234334977096,0.316322755718694
37,1371.5414794235983,,,mixed ring-site N-H in-plane bending / ring-site N-H out-of-plane bending,"gamma(C2;C9,H17,H18)",oop,0.08112454815572007,-,-0.014640880401594348,0.2627601537123469
37,1371.5414794235983,,,mixed ring-site N-H in-plane bending / ring-site N-H out-of-plane bending,nu(C2-C9),bond,0.07624951579792824,+,0.012534018323434858,0.33697527931198995
37,1371.5414794235983,,,mixed ring-site N-H in-plane bending / ring-site N-H out-of-plane bending,nu(C7-O8),bond,0.06726782238156064,-,-0.007325976880633503,0.870197604715786
37,1371.5414794235983,,,mixed ring-site N-H in-plane bending / ring-site N-H out-of-plane bending,"gamma(H12;C1,H10,H11)",oop,0.06685396140077914,-,-0.012576298270680521,0.29346958015132085
37,1371.5414794235983,,,mixed ring-site N-H in-plane bending / ring-site N-H out-of-plane bending,nu(N5-C6),bond,0.0497026011485975,-,-0.01096671324789524,0.2869245732116675
37,1371.5414794235983,,,mixed ring-site N-H in-plane bending / ring-site N-H out-of-plane bending,delta(H10-C1-H11),angle,0.04342803162969024,+,0.012310088663034785,0.19897081823552717
37,1371.5414794235983,,,mixed ring-site N-H in-plane bending / ring-site N-H out-of-plane bending,delta(N5-C4-H14),angle,0.031107488247439526,-,-0.006253545956974495,0.5522730570457748
37,1371.5414794235983,,,mixed ring-site N-H in-plane bending / ring-site N-H out-of-plane bending,tau(C1-C2-C3-C6),dihedral,0.02588917102128383,-,-0.008097246959210349,0.2741479334959476
37,1371.5414794235983,,,mixed ring-site N-H in-plane bending / ring-site N-H out-of-plane bending,delta(C2-C1-H10),angle,0.01930368911577174,-,-0.00606930237497383,0.36383491014983216
37,1371.5414794235983,,,mixed ring-site N-H in-plane bending / ring-site N-H out-of-plane bending,nu(C4-H13),bond,0.01819320331934024,+,0.0062659558859931375,0.321718554953058
37,1371.5414794235983,,,mixed ring-site N-H in-plane bending / ring-site N-H out-of-plane bending,delta(C7-C9-H17),angle,0.013608554607617356,+,0.00557223069811912,0.30429542690694594
37,1371.5414794235983,,,mixed ring-site N-H in-plane bending / ring-site N-H out-of-plane bending,tau(H10-C1-C2-C3),dihedral,0.01128250363614129,-,-0.006963187969396806,0.16155888472585178
37,1371.5414794235983,,,mixed ring-site N-H in-plane bending / ring-site N-H out-of-plane bending,delta(C1-C2-C9),angle,0.009437531370885705,-,-0.004631238728710991,0.30549610246436376
37,1371.5414794235983,,,mixed ring-site N-H in-plane bending / ring-site N-H out-of-plane bending,tau(H13-C4-N5-C6),dihedral,0.005825039517973516,+,0.004392736591737309,0.20958980556226944
37,1371.5414794235983,,,mixed ring-site N-H in-plane bending / ring-site N-H out-of-plane bending,nu(C2-C3),bond,0.0037170074497352087,-,-0.002048226276385632,0.6151473637723944
37,1371.5414794235983,,,mixed ring-site N-H in-plane bending / ring-site N-H out-of-plane bending,delta(H13-C4-H14),angle,0.0017474279707231598,-,-0.0018727958498790014,0.34590752413408615
37,1371.5414794235983,,,mixed ring-site N-H in-plane bending / ring-site N-H out-of-plane bending,tau(C3-C6-C7-O8),dihedral,0.0015861522044232851,-,-0.00400641258942256,0.06860805660810879
37,1371.5414794235983,,,mixed ring-site N-H in-plane bending / ring-site N-H out-of-plane bending,nu(C9-H18),bond,0.0013388046532799142,-,-0.0016947354021203344,0.32363464909074685
37,1371.5414794235983,,,mixed ring-site N-H in-plane bending / ring-site N-H out-of-plane bending,nu(C1-C2),bond,0.0013140119031884547,+,0.001731188901625241,0.30440514126911583
37,1371.5414794235983,,,mixed ring-site N-H in-plane bending / ring-site N-H out-of-plane bending,nu(C9-H17),bond,0.0008853195180328035,-,-0.001358926790373145,0.3328507348586602
37,1371.5414794235983,,,mixed ring-site N-H in-plane bending / ring-site N-H out-of-plane bending,nu(C4-H14),bond,0.0007728212096850224,+,0.0012677514796582375,0.33385077033221655
37,1371.5414794235983,,,mixed ring-site N-H in-plane bending / ring-site N-H out-of-plane bending,nu(N5-H15),bond,0.00028227448515061933,+,0.0006691043972414307,0.4377492979794155
37,1371.5414794235983,,,mixed ring-site N-H in-plane bending / ring-site N-H out-of-plane bending,nu(C1-H10),bond,0.000166876181757653,-,-0.0005937371392593976,0.32866051035710836
37,1371.5414794235983,,,mixed ring-site N-H in-plane bending / ring-site N-H out-of-plane bending,delta(N5-C6-C7),angle,0.00014513074364899383,+,0.0002966876963082289,1.1447270624227694
37,1371.5414794235983,,,mixed ring-site N-H in-plane bending / ring-site N-H out-of-plane bending,nu(C1-H11),bond,0.00011902974532473775,-,-0.0005013611816183028,0.32877266060693383
37,1371.5414794235983,,,mixed ring-site N-H in-plane bending / ring-site N-H out-of-plane bending,tau(C4-C3-C6-C7),dihedral,6.18990315155811e-05,-,-0.00017846267807489582,1.3493687390108424
37,1371.5414794235983,,,mixed ring-site N-H in-plane bending / ring-site N-H out-of-plane bending,tau(C6-C7-C9-C2),dihedral,3.9099487065802234e-05,-,-0.00018069460962237107,0.8314234474219374
37,1371.5414794235983,,,mixed ring-site N-H in-plane bending / ring-site N-H out-of-plane bending,tau(H12-C1-C2-C9),dihedral,1.7182972993140576e-05,-,-0.0002699976492801716,0.16365148246706415
37,1371.5414794235983,,,mixed ring-site N-H in-plane bending / ring-site N-H out-of-plane bending,nu(C1-H12),bond,4.186580850114295e-06,-,-9.270168103145126e-05,0.33824070099731823
38,1419.297114232175,,,mixed C-H out-of-plane bending / C-H bending,"gamma(H12;C1,H10,H11)",oop,58.11413665454007,-,-0.6974949281240728,0.29346958015132085
38,1419.297114232175,,,mixed C-H out-of-plane bending / C-H bending,delta(C2-C1-H10),angle,14.372970915483549,-,-0.3115320936690948,0.36383491014983216
38,1419.297114232175,,,mixed C-H out-of-plane bending / C-H bending,delta(C2-C1-H12),angle,11.715976635252177,-,-0.27371014346404116,0.38420244179789187
38,1419.297114232175,,,mixed C-H out-of-plane bending / C-H bending,delta(H10-C1-H11),angle,11.465460165986741,+,0.3762554125709937,0.19897081823552717
38,1419.297114232175,,,mixed C-H out-of-plane bending / C-H bending,nu(C1-C2),bond,3.3389959569211674,+,0.16415860738300683,0.30440514126911583
38,1419.297114232175,,,mixed C-H out-of-plane bending / C-H bending,delta(H17-C9-H18),angle,0.2557252150825705,-,-0.056564381704106256,0.19635902741953512
38,1419.297114232175,,,mixed C-H out-of-plane bending / C-H bending,nu(C2-C9),bond,0.21365356526382598,-,-0.03946733076228952,0.33697527931198995
38,1419.297114232175,,,mixed C-H out-of-plane bending / C-H bending,delta(C2-C3-C4),angle,0.10237825488780851,+,0.01582141955096619,1.004801410940264
38,1419.297114232175,,,mixed C-H out-of-plane bending / C-H bending,tau(C6-C7-C9-H17),dihedral,0.09552114615754548,-,-0.035738838529526834,0.18373084169576953
38,1419.297114232175,,,mixed C-H out-of-plane bending / C-H bending,tau(H10-C1-C2-C3),dihedral,0.06638691393121503,-,-0.03177294867174774,0.16155888472585178
38,1419.297114232175,,,mixed C-H out-of-plane bending / C-H bending,nu(C3-C4),bond,0.04962069716378095,-,-0.020009859006144565,0.30446558741359786
38,1419.297114232175,,,mixed C-H out-of-plane bending / C-H bending,nu(C1-H10),bond,0.03807403208540281,-,-0.01687028336279051,0.32866051035710836
38,1419.297114232175,,,mixed C-H out-of-plane bending / C-H bending,nu(C1-H11),bond,0.03445817776114591,-,-0.01604648851520266,0.32877266060693383
38,1419.297114232175,,,mixed C-H out-of-plane bending / C-H bending,delta(H13-C4-H14),angle,0.02069148077774463,-,-0.012122647742731184,0.34590752413408615
38,1419.297114232175,,,mixed C-H out-of-plane bending / C-H bending,delta(C3-C6-C7),angle,0.019030390318226745,+,0.00480567080282632,2.0244314202912057
38,1419.297114232175,,,mixed C-H out-of-plane bending / C-H bending,nu(C1-H12),bond,0.014643903836181764,-,-0.010313289420646635,0.33824070099731823
38,1419.297114232175,,,mixed C-H out-of-plane bending / C-H bending,tau(C2-C3-C4-H13),dihedral,0.012651173595931636,-,-0.011584823175625704,0.23158765474680962
38,1419.297114232175,,,mixed C-H out-of-plane bending / C-H bending,"gamma(C2;C9,H17,H18)",oop,0.009515522163983155,+,0.00943231428731292,0.2627601537123469
38,1419.297114232175,,,mixed C-H out-of-plane bending / C-H bending,"gamma(C3;C4,H13,H14)",oop,0.009487697479222661,-,-0.008068676103451774,0.3580302094181095
38,1419.297114232175,,,mixed C-H out-of-plane bending / C-H bending,delta(N5-C4-H14),angle,0.007573663711469444,+,0.005804406031447775,0.5522730570457748
38,1419.297114232175,,,mixed C-H out-of-plane bending / C-H bending,tau(H15-N5-C6-H16),dihedral,0.007211159210532014,-,-0.012001529568622474,0.12299721945055526
38,1419.297114232175,,,mixed C-H out-of-plane bending / C-H bending,tau(C6-C7-C9-C2),dihedral,0.0047215704626289295,+,0.003735199542828121,0.8314234474219374
38,1419.297114232175,,,mixed C-H out-of-plane bending / C-H bending,tau(N5-C6-C7-C9),dihedral,0.0035809250967338883,-,-0.00281752642001393,1.1082114958962508
38,1419.297114232175,,,mixed C-H out-of-plane bending / C-H bending,delta(C6-N5-H15),angle,0.0031967961932856687,-,-0.006807476806545702,0.16947514613136253
38,1419.297114232175,,,mixed C-H out-of-plane bending / C-H bending,delta(C7-C6-H16),angle,0.0030574328078345654,+,0.005170723969982232,0.28094261542051463
38,1419.297114232175,,,mixed C-H out-of-plane bending / C-H bending,tau(H13-C4-N5-C6),dihedral,0.002704729415361985,-,-0.005630650082811206,0.20958980556226944
38,1419.297114232175,,,mixed C-H out-of-plane bending / C-H bending,tau(C4-C3-C6-C7),dihedral,0.0026544949107977053,-,-0.002198403113303863,1.3493687390108424
38,1419.297114232175,,,mixed C-H out-of-plane bending / C-H bending,delta(C7-C9-H17),angle,0.0025804494972740165,+,0.004564378733881445,0.30429542690694594
38,1419.297114232175,,,mixed C-H out-of-plane bending / C-H bending,nu(C2-C3),bond,0.002556454994218255,+,0.003195296740143949,0.6151473637723944
38,1419.297114232175,,,mixed C-H out-of-plane bending / C-H bending,nu(C4-N5),bond,0.002195107253026754,-,-0.0037384936030174522,0.3858565433334769
38,1419.297114232175,,,mixed C-H out-of-plane bending / C-H bending,tau(C1-C2-C3-C6),dihedral,0.002089087570199053,+,0.004326807147412031,0.2741479334959476
38,1419.297114232175,,,mixed C-H out-of-plane bending / C-H bending,nu(C9-H17),bond,0.0015677512142907002,+,0.0034016961386642923,0.3328507348586602
38,1419.297114232175,,,mixed C-H out-of-plane bending / C-H bending,tau(H16-C6-C7-C9),dihedral,0.0011987416778429221,+,0.003438565535494055,0.2490774446775072
38,1419.297114232175,,,mixed C-H out-of-plane bending / C-H bending,nu(C9-H18),bond,0.0011146013642149622,+,0.002908800815547761,0.32363464909074685
38,1419.297114232175,,,mixed C-H out-of-plane bending / C-H bending,nu(C6-C7),bond,0.0007337200353984538,-,-0.0026299688161384714,0.26061090755461674
38,1419.297114232175,,,mixed C-H out-of-plane bending / C-H bending,nu(N5-C6),bond,0.000466090162886817,+,0.001997711641858334,0.2869245732116675
38,1419.297114232175,,,mixed C-H out-of-plane bending / C-H bending,delta(C2-C9-C7),angle,0.0004301503882428767,-,-0.0008732349822982252,1.385866754545155
38,1419.297114232175,,,mixed C-H out-of-plane bending / C-H bending,nu(C4-H14),bond,0.00021790015193278234,+,0.0012662932135884296,0.33385077033221655
38,1419.297114232175,,,mixed C-H out-of-plane bending / C-H bending,tau(H12-C1-C2-C9),dihedral,0.00019339432945678596,-,-0.0017038980278187398,0.16365148246706415
38,1419.297114232175,,,mixed C-H out-of-plane bending / C-H bending,delta(C1-C2-C9),angle,0.00018517958023449432,-,-0.0012203247370813014,0.30549610246436376
38,1419.297114232175,,,mixed C-H out-of-plane bending / C-H bending,delta(C6-C7-O8),angle,0.00011794946835088369,-,-0.0008540000970772679,0.3973228627278992
38,1419.297114232175,,,mixed C-H out-of-plane bending / C-H bending,delta(N5-C6-C7),angle,7.113123157449666e-05,+,0.00039071572748685605,1.1447270624227694
38,1419.297114232175,,,mixed C-H out-of-plane bending / C-H bending,nu(C7-C9),bond,6.54079404101509e-05,-,-0.0007521607727579328,0.284035433913249
38,1419.297114232175,,,mixed C-H out-of-plane bending / C-H bending,nu(C4-H13),bond,6.425987092686177e-05,+,0.000700508765423241,0.321718554953058
38,1419.297114232175,,,mixed C-H out-of-plane bending / C-H bending,tau(C3-C6-C7-O8),dihedral,4.1563075416029136e-05,+,0.0012199667184061228,0.06860805660810879
38,1419.297114232175,,,mixed C-H out-of-plane bending / C-H bending,nu(C7-O8),bond,3.054593076001005e-05,-,-0.0002936631438707051,0.870197604715786
38,1419.297114232175,,,mixed C-H out-of-plane bending / C-H bending,nu(C6-H16),bond,1.1323097013305814e-06,+,9.377759712945003e-05,0.316322755718694
38,1419.297114232175,,,mixed C-H out-of-plane bending / C-H bending,nu(N5-H15),bond,1.1145671002766796e-07,+,2.5010483339444273e-05,0.4377492979794155
39,1457.988483901988,,,C-H bending,delta(H17-C9-H18),angle,72.68289133461323,-,-0.7055062766939652,0.19635902741953512
39,1457.988483901988,,,C-H bending,tau(C6-C7-C9-H17),dihedral,17.138361306396455,-,-0.35416352804876744,0.18373084169576953
39,1457.988483901988,,,C-H bending,delta(C7-C9-H17),angle,4.3828432268765685,+,0.13916834922574514,0.30429542690694594
39,1457.988483901988,,,C-H bending,delta(C2-C9-C7),angle,1.5965519867406344,+,0.03935872437443129,1.385866754545155
39,1457.988483901988,,,C-H bending,nu(C2-C9),bond,0.9884587141087827,-,-0.06280445722790523,0.33697527931198995
39,1457.988483901988,,,C-H bending,"gamma(H12;C1,H10,H11)",oop,0.8056087428947076,+,0.06075622201802986,0.29346958015132085
39,1457.988483901988,,,C-H bending,delta(C2-C1-H10),angle,0.39816268606116195,+,0.03836085828170828,0.36383491014983216
39,1457.988483901988,,,C-H bending,delta(C2-C1-H12),angle,0.2599035369605222,+,0.030160341521167134,0.38420244179789187
39,1457.988483901988,,,C-H bending,nu(C2-C3),bond,0.2211959426762971,+,0.02198918915387416,0.6151473637723944
39,1457.988483901988,,,C-H bending,nu(C7-C9),bond,0.21596093811488953,-,-0.031975074269603526,0.284035433913249
39,1457.988483901988,,,C-H bending,delta(C3-C6-C7),angle,0.15252855256389666,+,0.010065474671898895,2.0244314202912057
39,1457.988483901988,,,C-H bending,nu(C9-H18),bond,0.15022425111780038,+,0.024983468854652725,0.32363464909074685
39,1457.988483901988,,,C-H bending,delta(H10-C1-H11),angle,0.11707054424354787,-,-0.02812803191435748,0.19897081823552717
39,1457.988483901988,,,C-H bending,tau(H12-C1-C2-C9),dihedral,0.10738036968761258,+,0.029703846774944784,0.16365148246706415
39,1457.988483901988,,,C-H bending,"gamma(C3;C4,H13,H14)",oop,0.10462590647634959,+,0.019823028302605527,0.3580302094181095
39,1457.988483901988,,,C-H bending,nu(C9-H17),bond,0.10416381908137928,+,0.02051369564154675,0.3328507348586602
39,1457.988483901988,,,C-H bending,tau(H16-C6-C7-C9),dihedral,0.09069057497454233,-,-0.022127079555179473,0.2490774446775072
39,1457.988483901988,,,C-H bending,delta(C1-C2-C9),angle,0.08732221844065459,+,0.019605131686392805,0.30549610246436376
39,1457.988483901988,,,C-H bending,nu(C3-C4),bond,0.07077038120875734,-,-0.017679373924367508,0.30446558741359786
39,1457.988483901988,,,C-H bending,delta(C7-C6-H16),angle,0.06574496091985672,+,0.017739143447220638,0.28094261542051463
39,1457.988483901988,,,C-H bending,delta(N5-C4-H14),angle,0.04435700674505248,-,-0.010392365395951468,0.5522730570457748
39,1457.988483901988,,,C-H bending,tau(H10-C1-C2-C3),dihedral,0.03194366032054213,-,-0.016305613233851622,0.16155888472585178
39,1457.988483901988,,,C-H bending,tau(C4-C3-C6-C7),dihedral,0.03134227336425291,-,-0.005588691607317996,1.3493687390108424
39,1457.988483901988,,,C-H bending,nu(C6-C7),bond,0.028236454035681115,-,-0.012070326127767947,0.26061090755461674
39,1457.988483901988,,,C-H bending,nu(C1-C2),bond,0.026296995982901673,-,-0.01077797815073651,0.30440514126911583
39,1457.988483901988,,,C-H bending,delta(C6-N5-H15),angle,0.02033800287026131,+,0.012703148179145474,0.16947514613136253
39,1457.988483901988,,,C-H bending,delta(C6-C7-O8),angle,0.017109377192423426,+,0.007609489864323918,0.3973228627278992
39,1457.988483901988,,,C-H bending,tau(C2-C3-C4-H13),dihedral,0.01040219414090606,-,-0.0077716815281858006,0.23158765474680962
39,1457.988483901988,,,C-H bending,tau(N5-C6-C7-C9),dihedral,0.007785246301125857,-,-0.0030735131344974205,1.1082114958962508
39,1457.988483901988,,,C-H bending,delta(C2-C3-C4),angle,0.007296801742186848,-,-0.003124901809616602,1.004801410940264
39,1457.988483901988,,,C-H bending,nu(N5-C6),bond,0.006905920400901393,+,0.005689015701630835,0.2869245732116675
39,1457.988483901988,,,C-H bending,delta(N5-C6-C7),angle,0.00564446254894451,-,-0.002574960333939202,1.1447270624227694
39,1457.988483901988,,,C-H bending,delta(H13-C4-H14),angle,0.005234230132353587,+,0.004510831688234672,0.34590752413408615
39,1457.988483901988,,,C-H bending,tau(H13-C4-N5-C6),dihedral,0.004427250787030077,-,-0.005329570420256327,0.20958980556226944
39,1457.988483901988,,,C-H bending,nu(C4-N5),bond,0.003588540794969337,+,0.0035363580458094277,0.3858565433334769
39,1457.988483901988,,,C-H bending,nu(C1-H10),bond,0.00244874544354964,+,0.0031652519006259696,0.32866051035710836
39,1457.988483901988,,,C-H bending,tau(C6-C7-C9-C2),dihedral,0.0018338190027156465,-,-0.0017221751596454204,0.8314234474219374
39,1457.988483901988,,,C-H bending,nu(C6-H16),bond,0.0013679942477064495,-,-0.002411499289652594,0.316322755718694
39,1457.988483901988,,,C-H bending,tau(H15-N5-C6-H16),dihedral,0.001017647000704854,+,0.0033355015906851473,0.12299721945055526
39,1457.988483901988,,,C-H bending,nu(C1-H11),bond,0.0006212849546335859,-,-0.0015940714759306454,0.32877266060693383
39,1457.988483901988,,,C-H bending,tau(C1-C2-C3-C6),dihedral,0.0004385748376470147,+,0.0014666942446506198,0.2741479334959476
39,1457.988483901988,,,C-H bending,nu(C7-O8),bond,0.00038996512741783896,+,0.0007762724346605463,0.870197604715786
39,1457.988483901988,,,C-H bending,"gamma(C2;C9,H17,H18)",oop,0.0002752633906210401,-,-0.001186874213699739,0.2627601537123469
39,1457.988483901988,,,C-H bending,nu(C1-H12),bond,0.00014352794201081054,+,0.0007553800600311861,0.33824070099731823
39,1457.988483901988,,,C-H bending,nu(C4-H14),bond,7.911929776107974e-05,-,-0.0005645146812979396,0.33385077033221655
39,1457.988483901988,,,C-H bending,tau(C3-C6-C7-O8),dihedral,1.0710125845418985e-05,-,-0.0004581629311301789,0.06860805660810879
39,1457.988483901988,,,C-H bending,nu(C4-H13),bond,4.18673870229002e-06,+,0.00013228484546256284,0.321718554953058
39,1457.988483901988,,,C-H bending,nu(N5-H15),bond,7.503735219166108e-07,-,-4.801050142006062e-05,0.4377492979794155
40,1479.826314352415,,,mixed C-H bending / C-C torsion / C-H out-of-plane bending,tau(H12-C1-C2-C9),dihedral,32.37232355759883,-,-0.34718406919400285,0.16365148246706415
40,1479.826314352415,,,mixed C-H bending / C-C torsion / C-H out-of-plane bending,delta(H10-C1-H11),angle,25.24911274158588,+,0.27807451761238644,0.19897081823552717
40,1479.826314352415,,,mixed C-H bending / C-C torsion / C-H out-of-plane bending,"gamma(H12;C1,H10,H11)",oop,19.469761237038675,+,0.2010627379264574,0.29346958015132085
40,1479.826314352415,,,mixed C-H bending / C-C torsion / C-H out-of-plane bending,delta(C2-C1-H10),angle,13.228502900879372,-,-0.1488455959975693,0.36383491014983216
40,1479.826314352415,,,mixed C-H bending / C-C torsion / C-H out-of-plane bending,delta(C2-C1-H12),angle,5.2185278779994135,+,0.09097598539282914,0.38420244179789187
40,1479.826314352415,,,mixed C-H bending / C-C torsion / C-H out-of-plane bending,delta(H17-C9-H18),angle,1.2992511641026498,-,-0.06349710802872077,0.19635902741953512
40,1479.826314352415,,,mixed C-H bending / C-C torsion / C-H out-of-plane bending,delta(H13-C4-H14),angle,0.49390232695535,-,-0.02949669492348198,0.34590752413408615
40,1479.826314352415,,,mixed C-H bending / C-C torsion / C-H out-of-plane bending,tau(C6-C7-C9-H17),dihedral,0.4900378932120985,-,-0.04031406803731032,0.18373084169576953
40,1479.826314352415,,,mixed C-H bending / C-C torsion / C-H out-of-plane bending,nu(C2-C3),bond,0.4479209843057944,-,-0.021064150328355177,0.6151473637723944
40,1479.826314352415,,,mixed C-H bending / C-C torsion / C-H out-of-plane bending,nu(C1-H10),bond,0.24748361352320988,-,-0.02142063230064887,0.32866051035710836
40,1479.826314352415,,,mixed C-H bending / C-C torsion / C-H out-of-plane bending,delta(N5-C4-H14),angle,0.23496836677084826,+,0.016101287160809642,0.5522730570457748
40,1479.826314352415,,,mixed C-H bending / C-C torsion / C-H out-of-plane bending,delta(C2-C3-C4),angle,0.22294083367979198,+,0.01162753129292585,1.004801410940264
40,1479.826314352415,,,mixed C-H bending / C-C torsion / C-H out-of-plane bending,delta(C3-C6-C7),angle,0.18233921363202774,-,-0.007408347217675809,2.0244314202912057
40,1479.826314352415,,,mixed C-H bending / C-C torsion / C-H out-of-plane bending,"gamma(C3;C4,H13,H14)",oop,0.11334091952840515,-,-0.013888852134560353,0.3580302094181095
40,1479.826314352415,,,mixed C-H bending / C-C torsion / C-H out-of-plane bending,tau(C2-C3-C4-H13),dihedral,0.10963720943925445,+,0.016984552502546255,0.23158765474680962
40,1479.826314352415,,,mixed C-H bending / C-C torsion / C-H out-of-plane bending,nu(C3-C4),bond,0.10199075492179609,+,0.014287101211752291,0.30446558741359786
40,1479.826314352415,,,mixed C-H bending / C-C torsion / C-H out-of-plane bending,tau(C6-C7-C9-C2),dihedral,0.08127406446279446,+,0.007717873930002667,0.8314234474219374
40,1479.826314352415,,,mixed C-H bending / C-C torsion / C-H out-of-plane bending,delta(C2-C9-C7),angle,0.0786929654000748,+,0.005882203456008724,1.385866754545155
40,1479.826314352415,,,mixed C-H bending / C-C torsion / C-H out-of-plane bending,tau(H13-C4-N5-C6),dihedral,0.052794511992560425,-,-0.012389167860337957,0.20958980556226944
40,1479.826314352415,,,mixed C-H bending / C-C torsion / C-H out-of-plane bending,tau(C1-C2-C3-C6),dihedral,0.05275485052949845,+,0.010828580635138264,0.2741479334959476
40,1479.826314352415,,,mixed C-H bending / C-C torsion / C-H out-of-plane bending,nu(C2-C9),bond,0.04878187360153064,-,-0.009392107223743068,0.33697527931198995
40,1479.826314352415,,,mixed C-H bending / C-C torsion / C-H out-of-plane bending,nu(C1-H12),bond,0.03317855559583594,+,0.007731230641876938,0.33824070099731823
40,1479.826314352415,,,mixed C-H bending / C-C torsion / C-H out-of-plane bending,nu(C1-H11),bond,0.03235705062951848,+,0.00774407304627761,0.32877266060693383
40,1479.826314352415,,,mixed C-H bending / C-C torsion / C-H out-of-plane bending,delta(C1-C2-C9),angle,0.027260867923178868,-,-0.00737394386372426,0.30549610246436376
40,1479.826314352415,,,mixed C-H bending / C-C torsion / C-H out-of-plane bending,delta(C7-C9-H17),angle,0.022112781901866073,+,0.006654367824872186,0.30429542690694594
40,1479.826314352415,,,mixed C-H bending / C-C torsion / C-H out-of-plane bending,nu(C7-C9),bond,0.02102807280036086,-,-0.006716550731840939,0.284035433913249
40,1479.826314352415,,,mixed C-H bending / C-C torsion / C-H out-of-plane bending,tau(N5-C6-C7-C9),dihedral,0.0171487821885028,-,-0.0030707053196993477,1.1082114958962508
40,1479.826314352415,,,mixed C-H bending / C-C torsion / C-H out-of-plane bending,tau(C4-C3-C6-C7),dihedral,0.015265990965360975,+,0.0026256087009751544,1.3493687390108424
40,1479.826314352415,,,mixed C-H bending / C-C torsion / C-H out-of-plane bending,tau(H10-C1-C2-C3),dihedral,0.008707935566892146,+,0.005730928694385183,0.16155888472585178
40,1479.826314352415,,,mixed C-H bending / C-C torsion / C-H out-of-plane bending,delta(C6-C7-O8),angle,0.0049174927027439185,-,-0.0027462047171412964,0.3973228627278992
40,1479.826314352415,,,mixed C-H bending / C-C torsion / C-H out-of-plane bending,nu(C6-C7),bond,0.004487371086082853,+,0.0032391609120178302,0.26061090755461674
40,1479.826314352415,,,mixed C-H bending / C-C torsion / C-H out-of-plane bending,nu(C4-N5),bond,0.003798657346409879,-,-0.0024492603397792585,0.3858565433334769
40,1479.826314352415,,,mixed C-H bending / C-C torsion / C-H out-of-plane bending,nu(C9-H18),bond,0.0037388243879435627,+,0.002653217493791544,0.32363464909074685
40,1479.826314352415,,,mixed C-H bending / C-C torsion / C-H out-of-plane bending,"gamma(C2;C9,H17,H18)",oop,0.0024903340859239844,-,-0.00240315552272384,0.2627601537123469
40,1479.826314352415,,,mixed C-H bending / C-C torsion / C-H out-of-plane bending,delta(C7-C6-H16),angle,0.001580621732561433,-,-0.0018515608467485902,0.28094261542051463
40,1479.826314352415,,,mixed C-H bending / C-C torsion / C-H out-of-plane bending,nu(C1-C2),bond,0.001399568734082155,-,-0.0016738014858591027,0.30440514126911583
40,1479.826314352415,,,mixed C-H bending / C-C torsion / C-H out-of-plane bending,nu(C7-O8),bond,0.001380659456506978,+,0.0009832572760576645,0.870197604715786
40,1479.826314352415,,,mixed C-H bending / C-C torsion / C-H out-of-plane bending,nu(C4-H14),bond,0.0009988258684071973,+,0.001350210634133833,0.33385077033221655
40,1479.826314352415,,,mixed C-H bending / C-C torsion / C-H out-of-plane bending,tau(C3-C6-C7-O8),dihedral,0.0005765434954041763,-,-0.002262878854795949,0.06860805660810879
40,1479.826314352415,,,mixed C-H bending / C-C torsion / C-H out-of-plane bending,delta(C6-N5-H15),angle,0.00035157980700545587,-,-0.0011243247678183116,0.16947514613136253
40,1479.826314352415,,,mixed C-H bending / C-C torsion / C-H out-of-plane bending,nu(N5-C6),bond,0.0002739717894127233,-,-0.0007627845284502106,0.2869245732116675
40,1479.826314352415,,,mixed C-H bending / C-C torsion / C-H out-of-plane bending,nu(C4-H13),bond,0.0002630591816332509,+,0.0007058647631075948,0.321718554953058
40,1479.826314352415,,,mixed C-H bending / C-C torsion / C-H out-of-plane bending,delta(N5-C6-C7),angle,8.377738582322818e-05,-,-0.00021117633674672093,1.1447270624227694
40,1479.826314352415,,,mixed C-H bending / C-C torsion / C-H out-of-plane bending,tau(H15-N5-C6-H16),dihedral,7.356303447978167e-05,+,0.0006036914091921175,0.12299721945055526
40,1479.826314352415,,,mixed C-H bending / C-C torsion / C-H out-of-plane bending,nu(N5-H15),bond,7.048009061981377e-05,-,-0.0003132227674827102,0.4377492979794155
40,1479.826314352415,,,mixed C-H bending / C-C torsion / C-H out-of-plane bending,nu(C6-H16),bond,6.186160739638572e-05,-,-0.0003452058979631168,0.316322755718694
40,1479.826314352415,,,mixed C-H bending / C-C torsion / C-H out-of-plane bending,tau(H16-C6-C7-C9),dihedral,4.980853967333068e-05,-,-0.00034907402074227785,0.2490774446775072
40,1479.826314352415,,,mixed C-H bending / C-C torsion / C-H out-of-plane bending,nu(C9-H17),bond,3.100936516438958e-06,-,-7.534501128817202e-05,0.3328507348586602
41,1492.4957203457743,,,mixed C-H bending / C-H out-of-plane bending / C-C torsion,delta(H10-C1-H11),angle,39.75266451717106,-,-0.5140191164668615,0.19897081823552717
41,1492.4957203457743,,,mixed C-H bending / C-H out-of-plane bending / C-C torsion,"gamma(H12;C1,H10,H11)",oop,26.572656085596787,-,-0.3460403797537256,0.29346958015132085
41,1492.4957203457743,,,mixed C-H bending / C-H out-of-plane bending / C-C torsion,tau(H10-C1-C2-C3),dihedral,18.573833968518546,+,0.3899206162691774,0.16155888472585178
41,1492.4957203457743,,,mixed C-H bending / C-H out-of-plane bending / C-C torsion,delta(C2-C1-H12),angle,8.711572218103491,-,-0.17316457535395735,0.38420244179789187
41,1492.4957203457743,,,mixed C-H bending / C-H out-of-plane bending / C-C torsion,tau(H12-C1-C2-C9),dihedral,4.49757773683505,-,-0.19064271280439116,0.16365148246706415
41,1492.4957203457743,,,mixed C-H bending / C-H out-of-plane bending / C-C torsion,nu(C2-C3),bond,0.49842823965873095,+,0.0327342638408694,0.6151473637723944
41,1492.4957203457743,,,mixed C-H bending / C-H out-of-plane bending / C-C torsion,delta(C2-C1-H10),angle,0.24821668383890172,-,-0.030036833195956,0.36383491014983216
41,1492.4957203457743,,,mixed C-H bending / C-H out-of-plane bending / C-C torsion,nu(C3-C4),bond,0.18371097015823387,-,-0.02824810251959045,0.30446558741359786
41,1492.4957203457743,,,mixed C-H bending / C-H out-of-plane bending / C-C torsion,delta(H17-C9-H18),angle,0.1795063778075586,-,-0.03477005258932272,0.19635902741953512
41,1492.4957203457743,,,mixed C-H bending / C-H out-of-plane bending / C-C torsion,delta(C3-C6-C7),angle,0.15980549310415187,+,0.010217276798995078,2.0244314202912057
41,1492.4957203457743,,,mixed C-H bending / C-H out-of-plane bending / C-C torsion,nu(C1-H11),bond,0.09444690049253926,+,0.019491122404488564,0.32877266060693383
41,1492.4957203457743,,,mixed C-H bending / C-H out-of-plane bending / C-C torsion,nu(C1-H12),bond,0.09367051554970489,-,-0.019137242687117705,0.33824070099731823
41,1492.4957203457743,,,mixed C-H bending / C-H out-of-plane bending / C-C torsion,delta(C1-C2-C9),angle,0.0703955575547303,+,0.01745663902634644,0.30549610246436376
41,1492.4957203457743,,,mixed C-H bending / C-H out-of-plane bending / C-C torsion,nu(C2-C9),bond,0.06359301372783863,+,0.015797796840354865,0.33697527931198995
41,1492.4957203457743,,,mixed C-H bending / C-H out-of-plane bending / C-C torsion,delta(C2-C3-C4),angle,0.0555528885300633,-,-0.008550746800537879,1.004801410940264
41,1492.4957203457743,,,mixed C-H bending / C-H out-of-plane bending / C-C torsion,"gamma(C2;C9,H17,H18)",oop,0.05319007127140348,-,-0.016361622732510513,0.2627601537123469
41,1492.4957203457743,,,mixed C-H bending / C-H out-of-plane bending / C-C torsion,delta(C7-C9-H17),angle,0.04337462790662669,+,0.013729698811649543,0.30429542690694594
41,1492.4957203457743,,,mixed C-H bending / C-H out-of-plane bending / C-C torsion,tau(C6-C7-C9-H17),dihedral,0.03617226000623677,-,-0.016135693344005005,0.18373084169576953
41,1492.4957203457743,,,mixed C-H bending / C-H out-of-plane bending / C-C torsion,tau(C2-C3-C4-H13),dihedral,0.0344633576350744,+,0.014028522498983726,0.23158765474680962
41,1492.4957203457743,,,mixed C-H bending / C-H out-of-plane bending / C-C torsion,tau(C4-C3-C6-C7),dihedral,0.016875695398096708,-,-0.004066833184000602,1.3493687390108424
41,1492.4957203457743,,,mixed C-H bending / C-H out-of-plane bending / C-C torsion,delta(C2-C9-C7),angle,0.016732911448194,+,0.003995911490248357,1.385866754545155
41,1492.4957203457743,,,mixed C-H bending / C-H out-of-plane bending / C-C torsion,"gamma(C3;C4,H13,H14)",oop,0.016111881368086858,+,0.007714435165278765,0.3580302094181095
41,1492.4957203457743,,,mixed C-H bending / C-H out-of-plane bending / C-C torsion,tau(C6-C7-C9-C2),dihedral,0.0076360532043207386,+,0.0034850914669649073,0.8314234474219374
41,1492.4957203457743,,,mixed C-H bending / C-H out-of-plane bending / C-C torsion,tau(C1-C2-C3-C6),dihedral,0.003396201203226043,+,0.004047576441007961,0.2741479334959476
41,1492.4957203457743,,,mixed C-H bending / C-H out-of-plane bending / C-C torsion,tau(N5-C6-C7-C9),dihedral,0.0032647454373893126,+,0.0019738046977432703,1.1082114958962508
41,1492.4957203457743,,,mixed C-H bending / C-H out-of-plane bending / C-C torsion,delta(C6-C7-O8),angle,0.0031330325962905096,+,0.0032292489025562855,0.3973228627278992
41,1492.4957203457743,,,mixed C-H bending / C-H out-of-plane bending / C-C torsion,nu(C1-H10),bond,0.0013747929201931301,+,0.0023519913640658702,0.32866051035710836
41,1492.4957203457743,,,mixed C-H bending / C-H out-of-plane bending / C-C torsion,delta(N5-C4-H14),angle,0.0013548461169048986,-,-0.0018011873956906128,0.5522730570457748
41,1492.4957203457743,,,mixed C-H bending / C-H out-of-plane bending / C-C torsion,nu(C1-C2),bond,0.001177640549538356,-,-0.00226188867418305,0.30440514126911583
41,1492.4957203457743,,,mixed C-H bending / C-H out-of-plane bending / C-C torsion,nu(C7-C9),bond,0.0009535723034658486,-,-0.0021070817956346044,0.284035433913249
41,1492.4957203457743,,,mixed C-H bending / C-H out-of-plane bending / C-C torsion,nu(C9-H18),bond,0.0007495029194483175,+,0.0017500481602142181,0.32363464909074685
41,1492.4957203457743,,,mixed C-H bending / C-H out-of-plane bending / C-C torsion,nu(C4-N5),bond,0.0006884963493823503,-,-0.0015361326787629176,0.3858565433334769
41,1492.4957203457743,,,mixed C-H bending / C-H out-of-plane bending / C-C torsion,nu(C6-C7),bond,0.0006737174066871229,-,-0.0018489851866287867,0.26061090755461674
41,1492.4957203457743,,,mixed C-H bending / C-H out-of-plane bending / C-C torsion,nu(C7-O8),bond,0.0005946505294588554,+,0.0009506328225705138,0.870197604715786
41,1492.4957203457743,,,mixed C-H bending / C-H out-of-plane bending / C-C torsion,delta(C7-C6-H16),angle,0.0005895594194584429,-,-0.0016658880875360564,0.28094261542051463
41,1492.4957203457743,,,mixed C-H bending / C-H out-of-plane bending / C-C torsion,nu(C9-H17),bond,0.0005038961807611376,+,0.0014149354096930522,0.3328507348586602
41,1492.4957203457743,,,mixed C-H bending / C-H out-of-plane bending / C-C torsion,nu(N5-C6),bond,0.00048746199718625535,-,-0.0014989161936036965,0.2869245732116675
41,1492.4957203457743,,,mixed C-H bending / C-H out-of-plane bending / C-C torsion,tau(C3-C6-C7-O8),dihedral,0.00042474171907770365,+,0.002861315472740954,0.06860805660810879
41,1492.4957203457743,,,mixed C-H bending / C-H out-of-plane bending / C-C torsion,tau(H15-N5-C6-H16),dihedral,0.0002837985286234016,-,-0.0017468204392382227,0.12299721945055526
41,1492.4957203457743,,,mixed C-H bending / C-H out-of-plane bending / C-C torsion,tau(H16-C6-C7-C9),dihedral,7.132961212152378e-05,-,-0.0006154015310129195,0.2490774446775072
41,1492.4957203457743,,,mixed C-H bending / C-H out-of-plane bending / C-C torsion,nu(C4-H13),bond,3.153963717430941e-05,+,0.0003600651872090715,0.321718554953058
41,1492.4957203457743,,,mixed C-H bending / C-H out-of-plane bending / C-C torsion,delta(N5-C6-C7),angle,2.4860584880490935e-05,-,-0.0001694710568602677,1.1447270624227694
41,1492.4957203457743,,,mixed C-H bending / C-H out-of-plane bending / C-C torsion,nu(C6-H16),bond,2.032017249484193e-05,+,0.0002914669519962756,0.316322755718694
41,1492.4957203457743,,,mixed C-H bending / C-H out-of-plane bending / C-C torsion,delta(H13-C4-H14),angle,8.072338931370606e-06,-,-0.00017567523034219082,0.34590752413408615
41,1492.4957203457743,,,mixed C-H bending / C-H out-of-plane bending / C-C torsion,delta(C6-N5-H15),angle,3.3858330613223916e-06,-,-0.00016254387317288834,0.16947514613136253
41,1492.4957203457743,,,mixed C-H bending / C-H out-of-plane bending / C-C torsion,nu(C4-H14),bond,1.2163419218651087e-06,+,6.941326745589721e-05,0.33385077033221655
41,1492.4957203457743,,,mixed C-H bending / C-H out-of-plane bending / C-C torsion,tau(H13-C4-N5-C6),dihedral,5.269270947002053e-07,+,5.766084863273049e-05,0.20958980556226944
41,1492.4957203457743,,,mixed C-H bending / C-H out-of-plane bending / C-C torsion,nu(N5-H15),bond,6.748981019710564e-08,+,1.4278981015884209e-05,0.4377492979794155
42,1509.2492609942121,,,C-H bending,delta(H13-C4-H14),angle,72.39914414620243,+,0.7135671438296957,0.34590752413408615
42,1509.2492609942121,,,C-H bending,delta(N5-C4-H14),angle,10.078533360572374,-,-0.21070258979333265,0.5522730570457748
42,1509.2492609942121,,,C-H bending,tau(C2-C3-C4-H13),dihedral,8.369780134729847,-,-0.2965155375398992,0.23158765474680962
42,1509.2492609942121,,,C-H bending,tau(H13-C4-N5-C6),dihedral,7.31512239637738,+,0.2913894704537956,0.20958980556226944
42,1509.2492609942121,,,C-H bending,nu(C3-C4),bond,0.5319837472609001,+,0.06519708950645305,0.30446558741359786
42,1509.2492609942121,,,C-H bending,nu(C4-N5),bond,0.4751480444854476,+,0.05473305271744615,0.3858565433334769
42,1509.2492609942121,,,C-H bending,"gamma(C3;C4,H13,H14)",oop,0.25317666073152556,+,0.041476311784411427,0.3580302094181095
42,1509.2492609942121,,,C-H bending,delta(C7-C6-H16),angle,0.11171687679275215,+,0.0311027446869845,0.28094261542051463
42,1509.2492609942121,,,C-H bending,nu(C4-H13),bond,0.11131532655040494,-,-0.029012660812641842,0.321718554953058
42,1509.2492609942121,,,C-H bending,nu(C4-H14),bond,0.09540372781323923,-,-0.02636662934504741,0.33385077033221655
42,1509.2492609942121,,,C-H bending,tau(H15-N5-C6-H16),dihedral,0.06806706884582499,-,-0.036691799423586885,0.12299721945055526
42,1509.2492609942121,,,C-H bending,nu(N5-C6),bond,0.03563348019921474,+,0.017381745272658386,0.2869245732116675
42,1509.2492609942121,,,C-H bending,delta(C2-C1-H10),angle,0.02651002930310637,-,-0.013313770094186479,0.36383491014983216
42,1509.2492609942121,,,C-H bending,nu(C6-C7),bond,0.024569412105416067,-,-0.0151443005916979,0.26061090755461674
42,1509.2492609942121,,,C-H bending,delta(H10-C1-H11),angle,0.022647749510221197,+,0.016640484485266897,0.19897081823552717
42,1509.2492609942121,,,C-H bending,delta(C2-C3-C4),angle,0.022265577827530393,-,-0.007342179537275722,1.004801410940264
42,1509.2492609942121,,,C-H bending,tau(H12-C1-C2-C9),dihedral,0.016786241026623967,-,-0.015796646097131887,0.16365148246706415
42,1509.2492609942121,,,C-H bending,delta(N5-C6-C7),angle,0.008547357680581798,+,0.004261996582179023,1.1447270624227694
42,1509.2492609942121,,,C-H bending,delta(C3-C6-C7),angle,0.006776598973775691,+,0.002853661731642961,2.0244314202912057
42,1509.2492609942121,,,C-H bending,tau(C6-C7-C9-C2),dihedral,0.005896511341166067,-,-0.004153694658810649,0.8314234474219374
42,1509.2492609942121,,,C-H bending,"gamma(C2;C9,H17,H18)",oop,0.003965227605695495,-,-0.006059020751697235,0.2627601537123469
42,1509.2492609942121,,,C-H bending,nu(C2-C3),bond,0.002720052132420791,+,0.0032797985032093674,0.6151473637723944
42,1509.2492609942121,,,C-H bending,"gamma(H12;C1,H10,H11)",oop,0.002516975103583586,-,-0.004567789139121287,0.29346958015132085
42,1509.2492609942121,,,C-H bending,delta(C1-C2-C9),angle,0.0018484008062681124,+,0.0038365721574944276,0.30549610246436376
42,1509.2492609942121,,,C-H bending,tau(N5-C6-C7-C9),dihedral,0.0017760939041620882,-,-0.00197455742861757,1.1082114958962508
42,1509.2492609942121,,,C-H bending,tau(C4-C3-C6-C7),dihedral,0.0012760677269458738,+,0.0015167698010699927,1.3493687390108424
42,1509.2492609942121,,,C-H bending,delta(C2-C1-H12),angle,0.001085245863019012,+,0.0026213930409560897,0.38420244179789187
42,1509.2492609942121,,,C-H bending,delta(C2-C9-C7),angle,0.0009578186470108136,+,0.0012966687326603323,1.385866754545155
42,1509.2492609942121,,,C-H bending,nu(C1-C2),bond,0.0008601940571022028,-,-0.002621925578063163,0.30440514126911583
42,1509.2492609942121,,,C-H bending,nu(C2-C9),bond,0.0008584032991343057,-,-0.002489400664253374,0.33697527931198995
42,1509.2492609942121,,,C-H bending,delta(C6-N5-H15),angle,0.0006732328477045259,+,0.0031086925560197087,0.16947514613136253
42,1509.2492609942121,,,C-H bending,delta(H17-C9-H18),angle,0.0006128824907587791,+,0.002755569086884532,0.19635902741953512
42,1509.2492609942121,,,C-H bending,tau(H16-C6-C7-C9),dihedral,0.0004384208304030076,+,0.0020693146022820095,0.2490774446775072
42,1509.2492609942121,,,C-H bending,nu(C6-H16),bond,0.00038442609766343224,+,0.0017194491899054309,0.316322755718694
42,1509.2492609942121,,,C-H bending,tau(C3-C6-C7-O8),dihedral,0.00031250520563729715,-,-0.0033288114931647864,0.06860805660810879
42,1509.2492609942121,,,C-H bending,nu(C1-H10),bond,0.0002100436642426637,-,-0.001246892932660218,0.32866051035710836
42,1509.2492609942121,,,C-H bending,nu(C7-O8),bond,0.00011566605547944981,+,0.000568646216468701,0.870197604715786
42,1509.2492609942121,,,C-H bending,tau(C1-C2-C3-C6),dihedral,9.948209843796212e-05,+,0.0009395677759796449,0.2741479334959476
42,1509.2492609942121,,,C-H bending,nu(N5-H15),bond,9.057348074748247e-05,+,0.0007094730988238528,0.4377492979794155
42,1509.2492609942121,,,C-H bending,delta(C7-C9-H17),angle,6.808441209919806e-05,+,0.0007377755628078117,0.30429542690694594
42,1509.2492609942121,,,C-H bending,delta(C6-C7-O8),angle,3.48017608158712e-05,-,-0.00046161186592581153,0.3973228627278992
42,1509.2492609942121,,,C-H bending,nu(C1-H12),bond,2.6346230825866736e-05,+,0.00043530579267452957,0.33824070099731823
42,1509.2492609942121,,,C-H bending,nu(C1-H11),bond,2.1625117173236917e-05,+,0.00040001798658937597,0.32877266060693383
42,1509.2492609942121,,,C-H bending,nu(C7-C9),bond,1.1102574084055557e-05,-,-0.0003083711296346351,0.284035433913249
42,1509.2492609942121,,,C-H bending,tau(H10-C1-C2-C3),dihedral,9.470923433845728e-06,-,-0.0003776407683729506,0.16155888472585178
42,1509.2492609942121,,,C-H bending,nu(C9-H17),bond,1.1566368437237693e-06,-,-9.19436804087762e-05,0.3328507348586602
42,1509.2492609942121,,,C-H bending,nu(C9-H18),bond,7.564918770768363e-07,-,-7.540892705962432e-05,0.32363464909074685
42,1509.2492609942121,,,C-H bending,tau(C6-C7-C9-H17),dihedral,4.956066960289502e-07,+,8.100758467487532e-05,0.18373084169576953
43,1745.7073481507537,,,mixed-phase cyclic C-C stretching,nu(C2-C3),bond,64.36546476397808,-,-0.394578023764798,0.6151473637723944
43,1745.7073481507537,,,mixed-phase cyclic C-C stretching,nu(C3-C4),bond,7.3827618274139315,+,0.18994870831651442,0.30446558741359786
43,1745.7073481507537,,,mixed-phase cyclic C-C stretching,delta(C3-C6-C7),angle,5.963736889101677,-,-0.06620697188484369,2.0244314202912057
43,1745.7073481507537,,,mixed-phase cyclic C-C stretching,nu(C1-C2),bond,5.018379468385446,+,0.1566216444045728,0.30440514126911583
43,1745.7073481507537,,,mixed-phase cyclic C-C stretching,delta(C2-C9-C7),angle,3.8770988365836985,-,-0.06451916230439289,1.385866754545155
43,1745.7073481507537,,,mixed-phase cyclic C-C stretching,delta(C1-C2-C9),angle,3.1048524296940263,-,-0.12297410400373134,0.30549610246436376
43,1745.7073481507537,,,mixed-phase cyclic C-C stretching,delta(C2-C1-H12),angle,2.6379772656795732,-,-0.10107680044948114,0.38420244179789187
43,1745.7073481507537,,,mixed-phase cyclic C-C stretching,"gamma(C2;C9,H17,H18)",oop,2.1607066574361746,+,0.1106150381747993,0.2627601537123469
43,1745.7073481507537,,,mixed-phase cyclic C-C stretching,delta(C2-C3-C4),angle,1.1974213687201185,+,0.0421094342007254,1.004801410940264
43,1745.7073481507537,,,mixed-phase cyclic C-C stretching,tau(C4-C3-C6-C7),dihedral,0.7122407707747546,+,0.028024902803370208,1.3493687390108424
43,1745.7073481507537,,,mixed-phase cyclic C-C stretching,delta(C2-C1-H10),angle,0.69154047681475,+,0.0531805275143208,0.36383491014983216
43,1745.7073481507537,,,mixed-phase cyclic C-C stretching,nu(C2-C9),bond,0.4477477454662667,+,0.04446452989276227,0.33697527931198995
43,1745.7073481507537,,,mixed-phase cyclic C-C stretching,"gamma(C3;C4,H13,H14)",oop,0.41533898668908353,-,-0.041546795793320025,0.3580302094181095
43,1745.7073481507537,,,mixed-phase cyclic C-C stretching,delta(H10-C1-H11),angle,0.3705714998524627,-,-0.05264260073226206,0.19897081823552717
43,1745.7073481507537,,,mixed-phase cyclic C-C stretching,tau(C6-C7-C9-C2),dihedral,0.284601519668346,+,0.022568541599255566,0.8314234474219374
43,1745.7073481507537,,,mixed-phase cyclic C-C stretching,tau(C6-C7-C9-H17),dihedral,0.2297522763208636,-,-0.043135506441130726,0.18373084169576953
43,1745.7073481507537,,,mixed-phase cyclic C-C stretching,nu(C7-O8),bond,0.22503896451742894,-,-0.01961624787909304,0.870197604715786
43,1745.7073481507537,,,mixed-phase cyclic C-C stretching,"gamma(H12;C1,H10,H11)",oop,0.21626568079449823,-,-0.03311374347963859,0.29346958015132085
43,1745.7073481507537,,,mixed-phase cyclic C-C stretching,delta(H17-C9-H18),angle,0.17469753781066089,-,-0.03638429615483648,0.19635902741953512
43,1745.7073481507537,,,mixed-phase cyclic C-C stretching,delta(N5-C4-H14),angle,0.1178753796528873,+,0.017820941566983224,0.5522730570457748
43,1745.7073481507537,,,mixed-phase cyclic C-C stretching,nu(C7-C9),bond,0.0729503453062007,+,0.01954895004904447,0.284035433913249
43,1745.7073481507537,,,mixed-phase cyclic C-C stretching,delta(C7-C9-H17),angle,0.07033199254613118,-,-0.018544911709686664,0.30429542690694594
43,1745.7073481507537,,,mixed-phase cyclic C-C stretching,tau(H12-C1-C2-C9),dihedral,0.04254776778059071,+,0.019668644935640175,0.16365148246706415
43,1745.7073481507537,,,mixed-phase cyclic C-C stretching,tau(C2-C3-C4-H13),dihedral,0.03512279267364718,-,-0.015022175791604427,0.23158765474680962
43,1745.7073481507537,,,mixed-phase cyclic C-C stretching,tau(H15-N5-C6-H16),dihedral,0.02273245273847663,+,0.016583321626025792,0.12299721945055526
43,1745.7073481507537,,,mixed-phase cyclic C-C stretching,tau(H16-C6-C7-C9),dihedral,0.021712825620923287,-,-0.011389036731113262,0.2490774446775072
43,1745.7073481507537,,,mixed-phase cyclic C-C stretching,nu(C4-N5),bond,0.01801612640544573,+,0.008335157250414768,0.3858565433334769
43,1745.7073481507537,,,mixed-phase cyclic C-C stretching,tau(H10-C1-C2-C3),dihedral,0.017931776005205593,-,-0.012851157657545778,0.16155888472585178
43,1745.7073481507537,,,mixed-phase cyclic C-C stretching,tau(C3-C6-C7-O8),dihedral,0.015419591699251554,-,-0.01828710255032625,0.06860805660810879
43,1745.7073481507537,,,mixed-phase cyclic C-C stretching,nu(C6-C7),bond,0.015143601415556575,+,0.009298530351708963,0.26061090755461674
43,1745.7073481507537,,,mixed-phase cyclic C-C stretching,delta(H13-C4-H14),angle,0.013207851951344446,+,0.007537583111803905,0.34590752413408615
43,1745.7073481507537,,,mixed-phase cyclic C-C stretching,delta(N5-C6-C7),angle,0.013192233396931586,-,-0.0041409902717922595,1.1447270624227694
43,1745.7073481507537,,,mixed-phase cyclic C-C stretching,nu(N5-C6),bond,0.008457129207071487,+,0.006622525403096907,0.2869245732116675
43,1745.7073481507537,,,mixed-phase cyclic C-C stretching,tau(N5-C6-C7-C9),dihedral,0.007597852403901109,-,-0.003193964781310424,1.1082114958962508
43,1745.7073481507537,,,mixed-phase cyclic C-C stretching,nu(C4-H13),bond,0.006762737168574188,-,-0.005592670358276369,0.321718554953058
43,1745.7073481507537,,,mixed-phase cyclic C-C stretching,nu(C1-H11),bond,0.006282631622101976,-,-0.005332353984114536,0.32877266060693383
43,1745.7073481507537,,,mixed-phase cyclic C-C stretching,delta(C7-C6-H16),angle,0.004972227930347513,-,-0.005131717327883186,0.28094261542051463
43,1745.7073481507537,,,mixed-phase cyclic C-C stretching,nu(C1-H10),bond,0.00402494121319578,-,-0.0042687628691298616,0.32866051035710836
43,1745.7073481507537,,,mixed-phase cyclic C-C stretching,nu(C6-H16),bond,0.002373741387622876,-,-0.0033415464725818564,0.316322755718694
43,1745.7073481507537,,,mixed-phase cyclic C-C stretching,nu(C9-H18),bond,0.0016944439320941437,-,-0.002791143193598511,0.32363464909074685
43,1745.7073481507537,,,mixed-phase cyclic C-C stretching,nu(C9-H17),bond,0.0013826150371456217,-,-0.0024861189279081083,0.3328507348586602
43,1745.7073481507537,,,mixed-phase cyclic C-C stretching,nu(C1-H12),bond,0.0012137322042981924,+,0.002310705121796002,0.33824070099731823
43,1745.7073481507537,,,mixed-phase cyclic C-C stretching,nu(C4-H14),bond,0.0010339543693020424,+,0.0021466958525144584,0.33385077033221655
43,1745.7073481507537,,,mixed-phase cyclic C-C stretching,delta(C6-N5-H15),angle,0.0008247054372479298,-,-0.002690868300494552,0.16947514613136253
43,1745.7073481507537,,,mixed-phase cyclic C-C stretching,nu(N5-H15),bond,0.0004683011416503409,-,-0.001261670362430036,0.4377492979794155
43,1745.7073481507537,,,mixed-phase cyclic C-C stretching,tau(H13-C4-N5-C6),dihedral,0.00030067073581383733,-,-0.0014610212242662244,0.20958980556226944
43,1745.7073481507537,,,mixed-phase cyclic C-C stretching,delta(C6-C7-O8),angle,0.00013000613068195351,-,-0.0006977601465947009,0.3973228627278992
43,1745.7073481507537,,,mixed-phase cyclic C-C stretching,tau(C1-C2-C3-C6),dihedral,0.00010060718454410978,-,-0.0007389550674136331,0.2741479334959476
44,1835.6693489428937,,,exocyclic C-O stretching,nu(C7-O8),bond,79.40521422264804,-,-0.37921765526455126,0.870197604715786
44,1835.6693489428937,,,exocyclic C-O stretching,delta(C3-C6-C7),angle,4.6920773548042325,+,0.060437156991991696,2.0244314202912057
44,1835.6693489428937,,,exocyclic C-O stretching,nu(C6-C7),bond,3.8296578706250393,+,0.15217968254637773,0.26061090755461674
44,1835.6693489428937,,,exocyclic C-O stretching,delta(C2-C9-C7),angle,3.463941164379148,+,0.06276210406102524,1.385866754545155
44,1835.6693489428937,,,exocyclic C-O stretching,nu(C7-C9),bond,3.1628035853311633,+,0.132471614562349,0.284035433913249
44,1835.6693489428937,,,exocyclic C-O stretching,delta(C7-C9-H17),angle,1.3292258999972983,-,-0.08297068281245262,0.30429542690694594
44,1835.6693489428937,,,exocyclic C-O stretching,tau(N5-C6-C7-C9),dihedral,1.1992066086720663,+,0.04129606403487775,1.1082114958962508
44,1835.6693489428937,,,exocyclic C-O stretching,delta(C6-C7-O8),angle,0.9009609792974155,+,0.059779763502768556,0.3973228627278992
44,1835.6693489428937,,,exocyclic C-O stretching,delta(N5-C6-C7),angle,0.7866658029951037,-,-0.03290918599460661,1.1447270624227694
44,1835.6693489428937,,,exocyclic C-O stretching,tau(C4-C3-C6-C7),dihedral,0.6248198639198549,-,-0.02701376211916287,1.3493687390108424
44,1835.6693489428937,,,exocyclic C-O stretching,nu(C2-C3),bond,0.15992066115092116,+,0.020241173346970964,0.6151473637723944
44,1835.6693489428937,,,exocyclic C-O stretching,tau(H16-C6-C7-C9),dihedral,0.10234479145081449,-,-0.025447120797318114,0.2490774446775072
44,1835.6693489428937,,,exocyclic C-O stretching,tau(C6-C7-C9-C2),dihedral,0.09384637866479133,-,-0.013337382452214323,0.8314234474219374
44,1835.6693489428937,,,exocyclic C-O stretching,tau(C6-C7-C9-H17),dihedral,0.05664438542880011,-,-0.022042476264790254,0.18373084169576953
44,1835.6693489428937,,,exocyclic C-O stretching,delta(C7-C6-H16),angle,0.04137782424184941,-,-0.01523519419130332,0.28094261542051463
44,1835.6693489428937,,,exocyclic C-O stretching,nu(C1-C2),bond,0.04047002479426779,-,-0.014474838375515817,0.30440514126911583
44,1835.6693489428937,,,exocyclic C-O stretching,nu(C3-C4),bond,0.0387732421207484,-,-0.014166740264062443,0.30446558741359786
44,1835.6693489428937,,,exocyclic C-O stretching,"gamma(C2;C9,H17,H18)",oop,0.033887514601999694,+,0.014256505460091017,0.2627601537123469
44,1835.6693489428937,,,exocyclic C-O stretching,delta(C6-N5-H15),angle,0.00774734505772023,-,-0.00848782507550046,0.16947514613136253
44,1835.6693489428937,,,exocyclic C-O stretching,delta(C1-C2-C9),angle,0.006369145748962454,+,0.005732060112029126,0.30549610246436376
44,1835.6693489428937,,,exocyclic C-O stretching,nu(C9-H17),bond,0.005833907699144936,+,0.005255668885958062,0.3328507348586602
44,1835.6693489428937,,,exocyclic C-O stretching,nu(C9-H18),bond,0.003659306497129372,-,-0.004221286869590388,0.32363464909074685
44,1835.6693489428937,,,exocyclic C-O stretching,delta(N5-C4-H14),angle,0.0030887649554828,-,-0.002968851547090935,0.5522730570457748
44,1835.6693489428937,,,exocyclic C-O stretching,tau(C3-C6-C7-O8),dihedral,0.002535899849215925,+,0.0076322303531493755,0.06860805660810879
44,1835.6693489428937,,,exocyclic C-O stretching,delta(C2-C1-H12),angle,0.001730768431464041,+,0.002664479613948009,0.38420244179789187
44,1835.6693489428937,,,exocyclic C-O stretching,delta(C2-C1-H10),angle,0.0011106919063675327,-,-0.0021933987889194892,0.36383491014983216
44,1835.6693489428937,,,exocyclic C-O stretching,nu(C2-C9),bond,0.0008384740303187542,-,-0.001980244275484504,0.33697527931198995
44,1835.6693489428937,,,exocyclic C-O stretching,delta(H10-C1-H11),angle,0.0006993847312401262,+,0.0023536200761959817,0.19897081823552717
44,1835.6693489428937,,,exocyclic C-O stretching,nu(C6-H16),bond,0.0006646153425450141,+,0.0018196712904490395,0.316322755718694
44,1835.6693489428937,,,exocyclic C-O stretching,tau(H13-C4-N5-C6),dihedral,0.0005405965576274504,+,0.0020161578916996128,0.20958980556226944
44,1835.6693489428937,,,exocyclic C-O stretching,nu(N5-H15),bond,0.0005234927733903593,+,0.0013728263163198572,0.4377492979794155
44,1835.6693489428937,,,exocyclic C-O stretching,tau(H15-N5-C6-H16),dihedral,0.0004928690622368877,+,0.0025129920327991145,0.12299721945055526
44,1835.6693489428937,,,exocyclic C-O stretching,tau(C1-C2-C3-C6),dihedral,0.00039641786036225056,+,0.0015095833523504259,0.2741479334959476
44,1835.6693489428937,,,exocyclic C-O stretching,"gamma(H12;C1,H10,H11)",oop,0.0003730021367430689,+,0.001415295396256779,0.29346958015132085
44,1835.6693489428937,,,exocyclic C-O stretching,delta(H13-C4-H14),angle,0.00035894559006780283,+,0.0012788137172951755,0.34590752413408615
44,1835.6693489428937,,,exocyclic C-O stretching,nu(N5-C6),bond,0.0002823599879450441,+,0.001245347876887211,0.2869245732116675
44,1835.6693489428937,,,exocyclic C-O stretching,"gamma(C3;C4,H13,H14)",oop,0.00019242404787377698,-,-0.0009203283840433397,0.3580302094181095
44,1835.6693489428937,,,exocyclic C-O stretching,tau(H10-C1-C2-C3),dihedral,0.00016510089887392072,+,0.0012690603492221876,0.16155888472585178
44,1835.6693489428937,,,exocyclic C-O stretching,nu(C1-H12),bond,0.00015844816271413467,+,0.0008592185616763734,0.33824070099731823
44,1835.6693489428937,,,exocyclic C-O stretching,nu(C4-H14),bond,0.00014911954556314728,+,0.0008390040822505904,0.33385077033221655
44,1835.6693489428937,,,exocyclic C-O stretching,nu(C4-N5),bond,0.00010564580029379336,-,-0.0006568801881115199,0.3858565433334769
44,1835.6693489428937,,,exocyclic C-O stretching,delta(H17-C9-H18),angle,0.00010538839260729904,+,0.0009196952292600231,0.19635902741953512
44,1835.6693489428937,,,exocyclic C-O stretching,nu(C1-H11),bond,1.8326469835069806e-05,+,0.0002963906775751748,0.32877266060693383
44,1835.6693489428937,,,exocyclic C-O stretching,delta(C2-C3-C4),angle,8.13123492644916e-06,-,-0.00011293046484898097,1.004801410940264
44,1835.6693489428937,,,exocyclic C-O stretching,tau(C2-C3-C4-H13),dihedral,6.413684097092139e-06,-,-0.00020891472892519696,0.23158765474680962
44,1835.6693489428937,,,exocyclic C-O stretching,nu(C4-H13),bond,5.701328762762339e-06,-,-0.00016711789910088916,0.321718554953058
44,1835.6693489428937,,,exocyclic C-O stretching,tau(H12-C1-C2-C9),dihedral,9.066293451046936e-07,-,-9.343893796040819e-05,0.16365148246706415
44,1835.6693489428937,,,exocyclic C-O stretching,nu(C1-H10),bond,2.3046360322274543e-07,-,-3.324301386141601e-05,0.32866051035710836
45,2986.587941361251,,,ring-site C-H stretching,nu(C6-H16),bond,97.32302240805122,+,1.0324190492023584,0.316322755718694
45,2986.587941361251,,,ring-site C-H stretching,nu(C4-H13),bond,0.48131155533925085,-,-0.071992710105559,0.321718554953058
45,2986.587941361251,,,ring-site C-H stretching,delta(C3-C6-C7),angle,0.4567397747699266,+,0.027957370063823806,2.0244314202912057
45,2986.587941361251,,,ring-site C-H stretching,delta(N5-C6-C7),angle,0.45500885402586083,+,0.03710841303144567,1.1447270624227694
45,2986.587941361251,,,ring-site C-H stretching,tau(C4-C3-C6-C7),dihedral,0.2588203660839976,+,0.02577788811095708,1.3493687390108424
45,2986.587941361251,,,ring-site C-H stretching,tau(N5-C6-C7-C9),dihedral,0.2332634911431445,+,0.027003837951654255,1.1082114958962508
45,2986.587941361251,,,ring-site C-H stretching,tau(C6-C7-C9-C2),dihedral,0.14149531634398216,+,0.02428137807286452,0.8314234474219374
45,2986.587941361251,,,ring-site C-H stretching,nu(C9-H18),bond,0.12609066110483635,-,-0.03673900480814214,0.32363464909074685
45,2986.587941361251,,,ring-site C-H stretching,nu(C4-H14),bond,0.12347128886787066,-,-0.03579482409142166,0.33385077033221655
45,2986.587941361251,,,ring-site C-H stretching,nu(N5-C6),bond,0.0662626706716796,-,-0.028285510984299846,0.2869245732116675
45,2986.587941361251,,,ring-site C-H stretching,nu(C6-C7),bond,0.060033242383160365,-,-0.028249647872482797,0.26061090755461674
45,2986.587941361251,,,ring-site C-H stretching,nu(C9-H17),bond,0.050094737865934255,-,-0.022834143559139968,0.3328507348586602
45,2986.587941361251,,,ring-site C-H stretching,tau(C1-C2-C3-C6),dihedral,0.04982344110797281,-,-0.025092145914412226,0.2741479334959476
45,2986.587941361251,,,ring-site C-H stretching,tau(H13-C4-N5-C6),dihedral,0.038266814217034435,-,-0.025150088034871496,0.20958980556226944
45,2986.587941361251,,,ring-site C-H stretching,tau(C6-C7-C9-H17),dihedral,0.03342927610043046,+,0.025106483419761294,0.18373084169576953
45,2986.587941361251,,,ring-site C-H stretching,delta(C6-N5-H15),angle,0.03289460976403067,+,0.025931210689591744,0.16947514613136253
45,2986.587941361251,,,ring-site C-H stretching,nu(N5-H15),bond,0.022333727129803617,-,-0.013294784641892671,0.4377492979794155
45,2986.587941361251,,,ring-site C-H stretching,delta(C7-C6-H16),angle,0.0208715503495415,-,-0.016042866789276248,0.28094261542051463
45,2986.587941361251,,,ring-site C-H stretching,tau(H16-C6-C7-C9),dihedral,0.01108936343135648,-,-0.012419369279016953,0.2490774446775072
45,2986.587941361251,,,ring-site C-H stretching,delta(C6-C7-O8),angle,0.004329374622552574,+,0.006144042888323114,0.3973228627278992
45,2986.587941361251,,,ring-site C-H stretching,nu(C1-H11),bond,0.0035013870129874934,-,-0.006074151827419279,0.32877266060693383
45,2986.587941361251,,,ring-site C-H stretching,nu(C4-N5),bond,0.0016428494775030816,+,0.0038406027213436556,0.3858565433334769
45,2986.587941361251,,,ring-site C-H stretching,delta(C2-C9-C7),angle,0.001580636594507125,-,-0.001987781804514421,1.385866754545155
45,2986.587941361251,,,ring-site C-H stretching,nu(C3-C4),bond,0.0012110468190678558,+,0.003712143814227726,0.30446558741359786
45,2986.587941361251,,,ring-site C-H stretching,tau(C3-C6-C7-O8),dihedral,0.0009719642784477354,-,-0.007005691778053058,0.06860805660810879
45,2986.587941361251,,,ring-site C-H stretching,nu(C1-H12),bond,0.000522123413949499,-,-0.002312528451627299,0.33824070099731823
45,2986.587941361251,,,ring-site C-H stretching,nu(C2-C9),bond,0.00034916186306019174,+,0.001894644847390263,0.33697527931198995
45,2986.587941361251,,,ring-site C-H stretching,tau(C2-C3-C4-H13),dihedral,0.00034696815527768894,+,0.002278245594829114,0.23158765474680962
45,2986.587941361251,,,ring-site C-H stretching,nu(C1-H10),bond,0.00032328332124914415,+,0.0018459983986575288,0.32866051035710836
45,2986.587941361251,,,ring-site C-H stretching,nu(C2-C3),bond,0.00018527482907119332,-,-0.0010214851562982332,0.6151473637723944
45,2986.587941361251,,,ring-site C-H stretching,"gamma(C2;C9,H17,H18)",oop,0.0001544786709606615,+,0.0014271444784159963,0.2627601537123469
45,2986.587941361251,,,ring-site C-H stretching,delta(C1-C2-C9),angle,0.00010968206914381098,-,-0.0011152658741181132,0.30549610246436376
45,2986.587941361251,,,ring-site C-H stretching,nu(C7-C9),bond,8.96890003968293e-05,+,0.0010459158963618,0.284035433913249
45,2986.587941361251,,,ring-site C-H stretching,nu(C7-O8),bond,8.416307815490368e-05,+,0.0005788490124266884,0.870197604715786
45,2986.587941361251,,,ring-site C-H stretching,nu(C1-C2),bond,7.556024233295182e-05,+,0.0009273295785386104,0.30440514126911583
45,2986.587941361251,,,ring-site C-H stretching,tau(H15-N5-C6-H16),dihedral,5.789503367127376e-05,+,0.0012769868987095182,0.12299721945055526
45,2986.587941361251,,,ring-site C-H stretching,delta(N5-C4-H14),angle,5.39578762725651e-05,-,-0.000581786887522867,0.5522730570457748
45,2986.587941361251,,,ring-site C-H stretching,tau(H12-C1-C2-C9),dihedral,3.473347669519061e-05,+,0.0008574870886601066,0.16365148246706415
45,2986.587941361251,,,ring-site C-H stretching,delta(C7-C9-H17),angle,2.0096849948718603e-05,+,0.0004783323077116416,0.30429542690694594
45,2986.587941361251,,,ring-site C-H stretching,delta(C2-C1-H12),angle,1.3318520463356078e-05,-,-0.0003465463777929946,0.38420244179789187
45,2986.587941361251,,,ring-site C-H stretching,"gamma(C3;C4,H13,H14)",oop,8.009050160398061e-06,+,0.00027838389282456194,0.3580302094181095
45,2986.587941361251,,,ring-site C-H stretching,tau(H10-C1-C2-C3),dihedral,4.950478418557851e-06,-,-0.0003258153907880831,0.16155888472585178
45,2986.587941361251,,,ring-site C-H stretching,delta(C2-C1-H10),angle,2.5704939155203195e-06,-,-0.0001564478284499004,0.36383491014983216
45,2986.587941361251,,,ring-site C-H stretching,delta(H17-C9-H18),angle,2.277735965162643e-06,+,0.00020046552074728992,0.19635902741953512
45,2986.587941361251,,,ring-site C-H stretching,delta(H10-C1-H11),angle,5.7808343789533e-07,+,0.00010032611696042506,0.19897081823552717
45,2986.587941361251,,,ring-site C-H stretching,delta(C2-C3-C4),angle,5.569851751908527e-07,+,4.382229649891774e-05,1.004801410940264
45,2986.587941361251,,,ring-site C-H stretching,"gamma(H12;C1,H10,H11)",oop,2.601469281912639e-07,+,5.541677378235823e-05,0.29346958015132085
45,2986.587941361251,,,ring-site C-H stretching,delta(H13-C4-H14),angle,3.0692606053596084e-09,+,5.5443458236028294e-06,0.34590752413408615
46,3006.2655896479637,,,ring-site C-H stretching,nu(C4-H13),bond,89.91399328741801,-,-0.9796066855992048,0.321718554953058
46,3006.2655896479637,,,ring-site C-H stretching,nu(C4-H14),bond,8.634179620393732,-,-0.2979960451045999,0.33385077033221655
46,3006.2655896479637,,,ring-site C-H stretching,nu(C6-H16),bond,0.582690752842215,-,-0.07952981959769531,0.316322755718694
46,3006.2655896479637,,,ring-site C-H stretching,nu(C3-C4),bond,0.1524587365523468,+,0.04146514645857922,0.30446558741359786
46,3006.2655896479637,,,ring-site C-H stretching,nu(C4-N5),bond,0.13817372780083267,+,0.035065170476622345,0.3858565433334769
46,3006.2655896479637,,,ring-site C-H stretching,nu(C1-H11),bond,0.10550823300328406,+,0.033194908724596545,0.32877266060693383
46,3006.2655896479637,,,ring-site C-H stretching,tau(C4-C3-C6-C7),dihedral,0.09996569483972774,+,0.01594910525894949,1.3493687390108424
46,3006.2655896479637,,,ring-site C-H stretching,nu(C1-H10),bond,0.09186808864495229,+,0.03098023657020904,0.32866051035710836
46,3006.2655896479637,,,ring-site C-H stretching,nu(C1-H12),bond,0.06380633832053183,+,0.02545043034870259,0.33824070099731823
46,3006.2655896479637,,,ring-site C-H stretching,delta(N5-C4-H14),angle,0.058856891584769165,-,-0.019129247436300477,0.5522730570457748
46,3006.2655896479637,,,ring-site C-H stretching,delta(H13-C4-H14),angle,0.046552604112679155,+,0.0214965189374049,0.34590752413408615
46,3006.2655896479637,,,ring-site C-H stretching,tau(C2-C3-C4-H13),dihedral,0.03730494358726488,+,0.023518068093305186,0.23158765474680962
46,3006.2655896479637,,,ring-site C-H stretching,nu(N5-H15),bond,0.021152667546972405,+,0.012880893656779533,0.4377492979794155
46,3006.2655896479637,,,ring-site C-H stretching,delta(C2-C3-C4),angle,0.020765201965225407,+,0.008423723703995434,1.004801410940264
46,3006.2655896479637,,,ring-site C-H stretching,tau(H13-C4-N5-C6),dihedral,0.005316565686528188,+,0.009332686268529001,0.20958980556226944
46,3006.2655896479637,,,ring-site C-H stretching,nu(C9-H18),bond,0.005141325283861597,+,0.007385606873289239,0.32363464909074685
46,3006.2655896479637,,,ring-site C-H stretching,"gamma(C3;C4,H13,H14)",oop,0.00507604099111494,+,0.006977163112240743,0.3580302094181095
46,3006.2655896479637,,,ring-site C-H stretching,nu(C9-H17),bond,0.004176005994759054,+,0.0065634464868607545,0.3328507348586602
46,3006.2655896479637,,,ring-site C-H stretching,tau(N5-C6-C7-C9),dihedral,0.0030056905082188326,-,-0.003051665701009943,1.1082114958962508
46,3006.2655896479637,,,ring-site C-H stretching,delta(N5-C6-C7),angle,0.002393436763802278,-,-0.002679391379791196,1.1447270624227694
46,3006.2655896479637,,,ring-site C-H stretching,delta(C3-C6-C7),angle,0.0023623016719541896,-,-0.0020016691513710266,2.0244314202912057
46,3006.2655896479637,,,ring-site C-H stretching,tau(C6-C7-C9-C2),dihedral,0.001091325953546207,-,-0.0021229621915901165,0.8314234474219374
46,3006.2655896479637,,,ring-site C-H stretching,nu(C1-C2),bond,0.000899676614182527,-,-0.0031856156504787695,0.30440514126911583
46,3006.2655896479637,,,ring-site C-H stretching,delta(C7-C6-H16),angle,0.0007007837082364064,+,0.002926572853913008,0.28094261542051463
46,3006.2655896479637,,,ring-site C-H stretching,nu(C2-C3),bond,0.00041277950035950567,+,0.0015179086259208168,0.6151473637723944
46,3006.2655896479637,,,ring-site C-H stretching,tau(C1-C2-C3-C6),dihedral,0.00028324246990499264,+,0.0018834879678406374,0.2741479334959476
46,3006.2655896479637,,,ring-site C-H stretching,tau(C6-C7-C9-H17),dihedral,0.00023242303889191234,-,-0.0020841295309397935,0.18373084169576953
46,3006.2655896479637,,,ring-site C-H stretching,delta(C2-C1-H12),angle,0.00021872635166265796,+,0.0013981270756856688,0.38420244179789187
46,3006.2655896479637,,,ring-site C-H stretching,tau(H15-N5-C6-H16),dihedral,0.00020247374393308313,-,-0.002377458046481964,0.12299721945055526
46,3006.2655896479637,,,ring-site C-H stretching,nu(N5-C6),bond,0.00018391296273145927,+,0.0014835372321362836,0.2869245732116675
46,3006.2655896479637,,,ring-site C-H stretching,delta(C2-C9-C7),angle,0.00018043355352214535,+,0.0006686118429937113,1.385866754545155
46,3006.2655896479637,,,ring-site C-H stretching,"gamma(H12;C1,H10,H11)",oop,0.00017765030943281174,+,0.001441708937672007,0.29346958015132085
46,3006.2655896479637,,,ring-site C-H stretching,nu(C6-C7),bond,0.0001680686157123046,+,0.0014880693421231177,0.26061090755461674
46,3006.2655896479637,,,ring-site C-H stretching,tau(H16-C6-C7-C9),dihedral,0.00011057439597369204,+,0.0012346283326605957,0.2490774446775072
46,3006.2655896479637,,,ring-site C-H stretching,delta(C6-N5-H15),angle,0.00010669907727969137,+,0.00147029159770011,0.16947514613136253
46,3006.2655896479637,,,ring-site C-H stretching,delta(C1-C2-C9),angle,7.388262581742164e-05,+,0.0009112645509293052,0.30549610246436376
46,3006.2655896479637,,,ring-site C-H stretching,"gamma(C2;C9,H17,H18)",oop,5.374855041239208e-05,-,-0.0008380689997653932,0.2627601537123469
46,3006.2655896479637,,,ring-site C-H stretching,delta(H10-C1-H11),angle,4.032260070757554e-05,-,-0.0008341722277615212,0.19897081823552717
46,3006.2655896479637,,,ring-site C-H stretching,nu(C2-C9),bond,3.886626513390809e-05,-,-0.0006293084098532576,0.33697527931198995
46,3006.2655896479637,,,ring-site C-H stretching,delta(C6-C7-O8),angle,3.8186036649665016e-05,-,-0.0005744558634170953,0.3973228627278992
46,3006.2655896479637,,,ring-site C-H stretching,tau(H10-C1-C2-C3),dihedral,1.2324570337512633e-05,+,0.0005117956881478679,0.16155888472585178
46,3006.2655896479637,,,ring-site C-H stretching,nu(C7-C9),bond,8.678856692078609e-06,-,-0.00032390760839243464,0.284035433913249
46,3006.2655896479637,,,ring-site C-H stretching,tau(C3-C6-C7-O8),dihedral,4.9259532178106215e-06,+,0.0004965165564307563,0.06860805660810879
46,3006.2655896479637,,,ring-site C-H stretching,delta(H17-C9-H18),angle,3.782320335160264e-06,-,-0.00025717566393599207,0.19635902741953512
46,3006.2655896479637,,,ring-site C-H stretching,tau(H12-C1-C2-C9),dihedral,2.680225970094185e-06,-,-0.0002371384001769061,0.16365148246706415
46,3006.2655896479637,,,ring-site C-H stretching,nu(C7-O8),bond,2.541424724291549e-06,-,-0.00010013959614647611,0.870197604715786
46,3006.2655896479637,,,ring-site C-H stretching,delta(C2-C1-H10),angle,1.8592274485491005e-06,+,0.00013246167104306948,0.36383491014983216
46,3006.2655896479637,,,ring-site C-H stretching,delta(C7-C9-H17),angle,1.2755344102397887e-06,+,0.00011997051655277391,0.30429542690694594
47,3013.871027502732,,,mixed C-H stretching / ring-site C-H stretching,nu(C9-H18),bond,42.03360026097964,+,0.668278344375855,0.32363464909074685
47,3013.871027502732,,,mixed C-H stretching / ring-site C-H stretching,nu(C1-H11),bond,23.57104373318023,-,-0.496510180603545,0.32877266060693383
47,3013.871027502732,,,mixed C-H stretching / ring-site C-H stretching,nu(C1-H10),bond,20.943864369530857,-,-0.4681028064052229,0.32866051035710836
47,3013.871027502732,,,mixed C-H stretching / ring-site C-H stretching,nu(C1-H12),bond,7.958337505221274,-,-0.28443618358439887,0.33824070099731823
47,3013.871027502732,,,mixed C-H stretching / ring-site C-H stretching,nu(C9-H17),bond,4.6322435312246375,+,0.2187547695595651,0.3328507348586602
47,3013.871027502732,,,mixed C-H stretching / ring-site C-H stretching,delta(C2-C9-C7),angle,0.18692832693198788,+,0.02153591955362473,1.385866754545155
47,3013.871027502732,,,mixed C-H stretching / ring-site C-H stretching,nu(C1-C2),bond,0.10435917033037267,+,0.034334119659388804,0.30440514126911583
47,3013.871027502732,,,mixed C-H stretching / ring-site C-H stretching,nu(C4-H13),bond,0.10283869940409511,-,-0.03315330524287078,0.321718554953058
47,3013.871027502732,,,mixed C-H stretching / ring-site C-H stretching,nu(C2-C9),bond,0.07236883461228376,-,-0.02717461298412681,0.33697527931198995
47,3013.871027502732,,,mixed C-H stretching / ring-site C-H stretching,tau(C6-C7-C9-C2),dihedral,0.05854503754526055,+,0.015560391135673231,0.8314234474219374
47,3013.871027502732,,,mixed C-H stretching / ring-site C-H stretching,nu(C6-H16),bond,0.05167076480891737,+,0.023699753355874726,0.316322755718694
47,3013.871027502732,,,mixed C-H stretching / ring-site C-H stretching,"gamma(H12;C1,H10,H11)",oop,0.050740953441322297,-,-0.02438284430479725,0.29346958015132085
47,3013.871027502732,,,mixed C-H stretching / ring-site C-H stretching,tau(N5-C6-C7-C9),dihedral,0.05067685976687957,-,-0.012539497161138209,1.1082114958962508
47,3013.871027502732,,,mixed C-H stretching / ring-site C-H stretching,nu(C7-C9),bond,0.041387286234380566,-,-0.022383799819460325,0.284035433913249
47,3013.871027502732,,,mixed C-H stretching / ring-site C-H stretching,delta(C2-C1-H12),angle,0.03860031575131179,-,-0.01858668622569489,0.38420244179789187
47,3013.871027502732,,,mixed C-H stretching / ring-site C-H stretching,delta(H17-C9-H18),angle,0.01714523016223261,-,-0.017327376923672564,0.19635902741953512
47,3013.871027502732,,,mixed C-H stretching / ring-site C-H stretching,tau(H16-C6-C7-C9),dihedral,0.014239441687053421,-,-0.014020576747351774,0.2490774446775072
47,3013.871027502732,,,mixed C-H stretching / ring-site C-H stretching,"gamma(C2;C9,H17,H18)",oop,0.013228165744275693,-,-0.013156993478018303,0.2627601537123469
47,3013.871027502732,,,mixed C-H stretching / ring-site C-H stretching,delta(H10-C1-H11),angle,0.013059521534314134,+,0.015022960975109948,0.19897081823552717
47,3013.871027502732,,,mixed C-H stretching / ring-site C-H stretching,tau(C6-C7-C9-H17),dihedral,0.012831877092167347,-,-0.015496751267311358,0.18373084169576953
47,3013.871027502732,,,mixed C-H stretching / ring-site C-H stretching,tau(H12-C1-C2-C9),dihedral,0.00917701687817069,-,-0.013886007402693778,0.16365148246706415
47,3013.871027502732,,,mixed C-H stretching / ring-site C-H stretching,delta(C7-C9-H17),angle,0.007785130723060506,+,0.009379330534564856,0.30429542690694594
47,3013.871027502732,,,mixed C-H stretching / ring-site C-H stretching,nu(C4-H14),bond,0.006383659938000931,-,-0.008108588846629293,0.33385077033221655
47,3013.871027502732,,,mixed C-H stretching / ring-site C-H stretching,delta(C2-C1-H10),angle,0.005678072655500342,-,-0.007325459777012971,0.36383491014983216
47,3013.871027502732,,,mixed C-H stretching / ring-site C-H stretching,tau(H10-C1-C2-C3),dihedral,0.001269050369378278,-,-0.005197094404587199,0.16155888472585178
47,3013.871027502732,,,mixed C-H stretching / ring-site C-H stretching,tau(C4-C3-C6-C7),dihedral,0.0004693702943208904,+,0.0010936518123877315,1.3493687390108424
47,3013.871027502732,,,mixed C-H stretching / ring-site C-H stretching,delta(C3-C6-C7),angle,0.00034751036830615314,+,0.0007682789742839807,2.0244314202912057
47,3013.871027502732,,,mixed C-H stretching / ring-site C-H stretching,delta(N5-C6-C7),angle,0.000217353565397775,+,0.0008080142284277946,1.1447270624227694
47,3013.871027502732,,,mixed C-H stretching / ring-site C-H stretching,tau(C1-C2-C3-C6),dihedral,0.00017202260957901753,-,-0.001468881890841843,0.2741479334959476
47,3013.871027502732,,,mixed C-H stretching / ring-site C-H stretching,nu(C3-C4),bond,0.00015795666942766318,+,0.0013356309571046067,0.30446558741359786
47,3013.871027502732,,,mixed C-H stretching / ring-site C-H stretching,nu(C4-N5),bond,0.00015729815033845422,+,0.0011839557534506434,0.3858565433334769
47,3013.871027502732,,,mixed C-H stretching / ring-site C-H stretching,nu(C7-O8),bond,0.00010480236207828178,-,-0.000643521695089559,0.870197604715786
47,3013.871027502732,,,mixed C-H stretching / ring-site C-H stretching,delta(N5-C4-H14),angle,6.474053773365876e-05,-,-0.0006348890284321467,0.5522730570457748
47,3013.871027502732,,,mixed C-H stretching / ring-site C-H stretching,delta(H13-C4-H14),angle,5.8716806140301016e-05,+,0.0007639902337028484,0.34590752413408615
47,3013.871027502732,,,mixed C-H stretching / ring-site C-H stretching,nu(N5-C6),bond,5.605405269646722e-05,-,-0.0008196080885067316,0.2869245732116675
47,3013.871027502732,,,mixed C-H stretching / ring-site C-H stretching,delta(C6-N5-H15),angle,4.488274961757433e-05,+,0.0009542744983019014,0.16947514613136253
47,3013.871027502732,,,mixed C-H stretching / ring-site C-H stretching,tau(C2-C3-C4-H13),dihedral,3.917147331933101e-05,+,0.0007626299379830676,0.23158765474680962
47,3013.871027502732,,,mixed C-H stretching / ring-site C-H stretching,delta(C2-C3-C4),angle,2.5025298663582704e-05,+,0.0002926416357231082,1.004801410940264
47,3013.871027502732,,,mixed C-H stretching / ring-site C-H stretching,delta(C7-C6-H16),angle,2.1196781556482982e-05,-,-0.0005093458249574212,0.28094261542051463
47,3013.871027502732,,,mixed C-H stretching / ring-site C-H stretching,nu(C2-C3),bond,1.9473371027524366e-05,+,0.00032992679243494484,0.6151473637723944
47,3013.871027502732,,,mixed C-H stretching / ring-site C-H stretching,nu(C6-C7),bond,9.341504482518857e-06,-,-0.0003510740409012555,0.26061090755461674
47,3013.871027502732,,,mixed C-H stretching / ring-site C-H stretching,tau(H15-N5-C6-H16),dihedral,8.776491251873697e-06,+,0.0004953354544574045,0.12299721945055526
47,3013.871027502732,,,mixed C-H stretching / ring-site C-H stretching,tau(H13-C4-N5-C6),dihedral,7.313208330661772e-06,-,-0.00034638214268318347,0.20958980556226944
47,3013.871027502732,,,mixed C-H stretching / ring-site C-H stretching,delta(C6-C7-O8),angle,6.20622946461646e-06,+,0.00023175479880246385,0.3973228627278992
47,3013.871027502732,,,mixed C-H stretching / ring-site C-H stretching,tau(C3-C6-C7-O8),dihedral,3.2522195281841734e-06,-,-0.00040372808975452814,0.06860805660810879
47,3013.871027502732,,,mixed C-H stretching / ring-site C-H stretching,nu(N5-H15),bond,2.4510862257271854e-06,-,-0.00013875644505497643,0.4377492979794155
47,3013.871027502732,,,mixed C-H stretching / ring-site C-H stretching,delta(C1-C2-C9),angle,2.222095837421275e-06,-,-0.00015814852840577225,0.30549610246436376
47,3013.871027502732,,,mixed C-H stretching / ring-site C-H stretching,"gamma(C3;C4,H13,H14)",oop,2.046327104259883e-06,+,0.00014018911405903358,0.3580302094181095
48,3016.4476862712645,,,mixed ring-site C-H stretching / C-H stretching,nu(C9-H18),bond,49.09813666743619,+,0.7229442932802919,0.32363464909074685
48,3016.4476862712645,,,mixed ring-site C-H stretching / C-H stretching,nu(C1-H11),bond,19.799781729265682,+,0.45549350422084944,0.32877266060693383
48,3016.4476862712645,,,mixed ring-site C-H stretching / C-H stretching,nu(C1-H10),bond,19.054698674234253,+,0.44691724682285777,0.32866051035710836
48,3016.4476862712645,,,mixed ring-site C-H stretching / C-H stretching,nu(C1-H12),bond,6.978062384648566,+,0.266596427687737,0.33824070099731823
48,3016.4476862712645,,,mixed ring-site C-H stretching / C-H stretching,nu(C9-H17),bond,4.047849270024504,+,0.2046855766284495,0.3328507348586602
48,3016.4476862712645,,,mixed ring-site C-H stretching / C-H stretching,delta(C2-C9-C7),angle,0.19565510943962477,+,0.022053864058957942,1.385866754545155
48,3016.4476862712645,,,mixed ring-site C-H stretching / C-H stretching,nu(C4-H13),bond,0.14551141687503852,+,0.03947392528572399,0.321718554953058
48,3016.4476862712645,,,mixed ring-site C-H stretching / C-H stretching,nu(C6-H16),bond,0.12208895258366448,+,0.036464713095694,0.316322755718694
48,3016.4476862712645,,,mixed ring-site C-H stretching / C-H stretching,nu(C1-C2),bond,0.08718475532233358,-,-0.031411893735984256,0.30440514126911583
48,3016.4476862712645,,,mixed ring-site C-H stretching / C-H stretching,tau(C6-C7-C9-C2),dihedral,0.08045110893770137,+,0.018258063702471433,0.8314234474219374
48,3016.4476862712645,,,mixed ring-site C-H stretching / C-H stretching,nu(C2-C9),bond,0.0769496935033008,-,-0.028048152551905327,0.33697527931198995
48,3016.4476862712645,,,mixed ring-site C-H stretching / C-H stretching,tau(N5-C6-C7-C9),dihedral,0.06058767060281842,-,-0.013723997712585796,1.1082114958962508
48,3016.4476862712645,,,mixed ring-site C-H stretching / C-H stretching,"gamma(H12;C1,H10,H11)",oop,0.04958203981819387,+,0.024125731168010985,0.29346958015132085
48,3016.4476862712645,,,mixed ring-site C-H stretching / C-H stretching,nu(C7-C9),bond,0.043535382657355945,-,-0.022979192139734157,0.284035433913249
48,3016.4476862712645,,,mixed ring-site C-H stretching / C-H stretching,delta(C2-C1-H12),angle,0.03503626269310301,+,0.01772469053239301,0.38420244179789187
48,3016.4476862712645,,,mixed ring-site C-H stretching / C-H stretching,delta(H17-C9-H18),angle,0.02137667467394015,-,-0.01936620266721573,0.19635902741953512
48,3016.4476862712645,,,mixed ring-site C-H stretching / C-H stretching,tau(H16-C6-C7-C9),dihedral,0.018497160865490508,-,-0.015995034112580554,0.2490774446775072
48,3016.4476862712645,,,mixed ring-site C-H stretching / C-H stretching,tau(C6-C7-C9-H17),dihedral,0.016649512663133182,-,-0.01766890214056781,0.18373084169576953
48,3016.4476862712645,,,mixed ring-site C-H stretching / C-H stretching,tau(H12-C1-C2-C9),dihedral,0.015586869282759062,-,-0.018114206293646656,0.16365148246706415
48,3016.4476862712645,,,mixed ring-site C-H stretching / C-H stretching,delta(H10-C1-H11),angle,0.01245927189823723,-,-0.014687621541814185,0.19897081823552717
48,3016.4476862712645,,,mixed ring-site C-H stretching / C-H stretching,"gamma(C2;C9,H17,H18)",oop,0.010202012091766226,-,-0.011565462319468277,0.2627601537123469
48,3016.4476862712645,,,mixed ring-site C-H stretching / C-H stretching,delta(C7-C9-H17),angle,0.00935561832526565,+,0.010291729660428144,0.30429542690694594
48,3016.4476862712645,,,mixed ring-site C-H stretching / C-H stretching,delta(C1-C2-C9),angle,0.005797357096634998,+,0.008085595739081136,0.30549610246436376
48,3016.4476862712645,,,mixed ring-site C-H stretching / C-H stretching,delta(C2-C1-H10),angle,0.005190051264960611,+,0.007010249493854936,0.36383491014983216
48,3016.4476862712645,,,mixed ring-site C-H stretching / C-H stretching,nu(C4-H14),bond,0.00493056887877001,+,0.007132998922386037,0.33385077033221655
48,3016.4476862712645,,,mixed ring-site C-H stretching / C-H stretching,nu(C2-C3),bond,0.0018254400784565386,-,-0.0031973784372712633,0.6151473637723944
48,3016.4476862712645,,,mixed ring-site C-H stretching / C-H stretching,tau(H10-C1-C2-C3),dihedral,0.0010682830796314906,+,0.0047728478087009476,0.16155888472585178
48,3016.4476862712645,,,mixed ring-site C-H stretching / C-H stretching,delta(N5-C6-C7),angle,0.0005262601274912506,+,0.0012584880409556068,1.1447270624227694
48,3016.4476862712645,,,mixed ring-site C-H stretching / C-H stretching,nu(N5-H15),bond,0.0001934719609602473,-,-0.0012339459084847867,0.4377492979794155
48,3016.4476862712645,,,mixed ring-site C-H stretching / C-H stretching,delta(C3-C6-C7),angle,0.00017835906200732436,+,0.0005509293252725158,2.0244314202912057
48,3016.4476862712645,,,mixed ring-site C-H stretching / C-H stretching,nu(C4-N5),bond,0.0001366168490478997,-,-0.0011044321290260405,0.3858565433334769
48,3016.4476862712645,,,mixed ring-site C-H stretching / C-H stretching,delta(N5-C4-H14),angle,0.0001297953545201816,+,0.0008998134508876827,0.5522730570457748
48,3016.4476862712645,,,mixed ring-site C-H stretching / C-H stretching,tau(H13-C4-N5-C6),dihedral,0.00010978868270223521,-,-0.0013433635009943408,0.20958980556226944
48,3016.4476862712645,,,mixed ring-site C-H stretching / C-H stretching,delta(H13-C4-H14),angle,9.047453210124199e-05,-,-0.0009492552399238131,0.34590752413408615
48,3016.4476862712645,,,mixed ring-site C-H stretching / C-H stretching,nu(N5-C6),bond,8.915597285930217e-05,-,-0.0010346445731809412,0.2869245732116675
48,3016.4476862712645,,,mixed ring-site C-H stretching / C-H stretching,nu(C7-O8),bond,8.01971706524907e-05,-,-0.0005634695040490177,0.870197604715786
48,3016.4476862712645,,,mixed ring-site C-H stretching / C-H stretching,tau(C1-C2-C3-C6),dihedral,7.153314689945057e-05,-,-0.0009481149876739767,0.2741479334959476
48,3016.4476862712645,,,mixed ring-site C-H stretching / C-H stretching,tau(C2-C3-C4-H13),dihedral,7.109369217974571e-05,-,-0.0010283895787342391,0.23158765474680962
48,3016.4476862712645,,,mixed ring-site C-H stretching / C-H stretching,delta(C7-C6-H16),angle,6.0239300884050135e-05,-,-0.0008594705213281663,0.28094261542051463
48,3016.4476862712645,,,mixed ring-site C-H stretching / C-H stretching,delta(C6-N5-H15),angle,5.958898724701429e-05,+,0.0011006008105667062,0.16947514613136253
48,3016.4476862712645,,,mixed ring-site C-H stretching / C-H stretching,nu(C6-C7),bond,5.278427543706571e-05,-,-0.0008353256601003823,0.26061090755461674
48,3016.4476862712645,,,mixed ring-site C-H stretching / C-H stretching,tau(C4-C3-C6-C7),dihedral,2.938133843038205e-05,+,0.0002738862944116346,1.3493687390108424
48,3016.4476862712645,,,mixed ring-site C-H stretching / C-H stretching,delta(C6-C7-O8),angle,2.287840728023259e-05,+,0.0004453905007585606,0.3973228627278992
48,3016.4476862712645,,,mixed ring-site C-H stretching / C-H stretching,tau(H15-N5-C6-H16),dihedral,2.2206491076677465e-05,+,0.0007886642552175292,0.12299721945055526
48,3016.4476862712645,,,mixed ring-site C-H stretching / C-H stretching,delta(C2-C3-C4),angle,1.6872267901482327e-05,-,-0.00024051737086361013,1.004801410940264
48,3016.4476862712645,,,mixed ring-site C-H stretching / C-H stretching,tau(C3-C6-C7-O8),dihedral,6.891459279221278e-06,-,-0.0005882580418717822,0.06860805660810879
48,3016.4476862712645,,,mixed ring-site C-H stretching / C-H stretching,nu(C3-C4),bond,2.0973206141747084e-06,+,0.00015405051014938216,0.30446558741359786
48,3016.4476862712645,,,mixed ring-site C-H stretching / C-H stretching,"gamma(C3;C4,H13,H14)",oop,3.753590475770898e-07,-,-6.009847371576741e-05,0.3580302094181095
49,3056.967979641283,,,opposite-phase C-H stretching,nu(C1-H10),bond,53.45744937097202,-,-0.7675316874203164,0.32866051035710836
49,3056.967979641283,,,opposite-phase C-H stretching,nu(C1-H11),bond,46.011810662616696,+,0.7119553767372125,0.32877266060693383
49,3056.967979641283,,,opposite-phase C-H stretching,nu(C1-H12),bond,0.17364898399215586,+,0.04312103246109807,0.33824070099731823
49,3056.967979641283,,,opposite-phase C-H stretching,delta(C2-C1-H10),angle,0.1627260533374167,+,0.04024781631424816,0.36383491014983216
49,3056.967979641283,,,opposite-phase C-H stretching,tau(C1-C2-C3-C6),dihedral,0.11383940129601344,+,0.038781068759068504,0.2741479334959476
49,3056.967979641283,,,opposite-phase C-H stretching,tau(H12-C1-C2-C9),dihedral,0.03761347832812413,-,-0.028852120467466776,0.16365148246706415
49,3056.967979641283,,,opposite-phase C-H stretching,nu(C9-H17),bond,0.01929172608708379,-,-0.014488610712339162,0.3328507348586602
49,3056.967979641283,,,opposite-phase C-H stretching,nu(C9-H18),bond,0.01759045105561405,+,0.014030622573749457,0.32363464909074685
49,3056.967979641283,,,opposite-phase C-H stretching,nu(C6-H16),bond,0.002877146539846262,+,0.0057396014101218015,0.316322755718694
49,3056.967979641283,,,opposite-phase C-H stretching,delta(C1-C2-C9),angle,0.0007481736763889944,+,0.002978271841096057,0.30549610246436376
49,3056.967979641283,,,opposite-phase C-H stretching,tau(H10-C1-C2-C3),dihedral,0.0005635850284318073,-,-0.00355451425987933,0.16155888472585178
49,3056.967979641283,,,opposite-phase C-H stretching,delta(C2-C1-H12),angle,0.0005403831120847736,-,-0.0022570271537288166,0.38420244179789187
49,3056.967979641283,,,opposite-phase C-H stretching,tau(C6-C7-C9-C2),dihedral,0.00037783252071777926,+,0.001282934529453736,0.8314234474219374
49,3056.967979641283,,,opposite-phase C-H stretching,"gamma(H12;C1,H10,H11)",oop,0.00030761508547466203,+,0.0019484453520862443,0.29346958015132085
49,3056.967979641283,,,opposite-phase C-H stretching,delta(H10-C1-H11),angle,0.00030503855039024574,+,0.0023563979244967796,0.19897081823552717
49,3056.967979641283,,,opposite-phase C-H stretching,tau(N5-C6-C7-C9),dihedral,6.909592692683682e-05,-,-0.0004752048434433404,1.1082114958962508
49,3056.967979641283,,,opposite-phase C-H stretching,tau(C6-C7-C9-H17),dihedral,6.375827590165288e-05,-,-0.001121097051446183,0.18373084169576953
49,3056.967979641283,,,opposite-phase C-H stretching,tau(H16-C6-C7-C9),dihedral,2.9268225689392337e-05,-,-0.0006523744701381545,0.2490774446775072
49,3056.967979641283,,,opposite-phase C-H stretching,delta(C7-C9-H17),angle,2.3925233244909273e-05,+,0.0005336374960136359,0.30429542690694594
49,3056.967979641283,,,opposite-phase C-H stretching,nu(C4-H14),bond,2.2590665259358447e-05,+,0.0004950559437980619,0.33385077033221655
49,3056.967979641283,,,opposite-phase C-H stretching,nu(C1-C2),bond,2.0117042228045277e-05,+,0.0004892400844526396,0.30440514126911583
49,3056.967979641283,,,opposite-phase C-H stretching,delta(C3-C6-C7),angle,1.839822007826957e-05,+,0.00018142717176295814,2.0244314202912057
49,3056.967979641283,,,opposite-phase C-H stretching,delta(H17-C9-H18),angle,1.3447577235802689e-05,-,-0.0004980380772355373,0.19635902741953512
49,3056.967979641283,,,opposite-phase C-H stretching,nu(C4-H13),bond,1.0385046053193885e-05,+,0.00034192599470860246,0.321718554953058
49,3056.967979641283,,,opposite-phase C-H stretching,delta(N5-C6-C7),angle,8.577813792383688e-06,+,0.00016474160485655662,1.1447270624227694
49,3056.967979641283,,,opposite-phase C-H stretching,nu(C6-C7),bond,5.6453018337692975e-06,-,-0.000280100090725589,0.26061090755461674
49,3056.967979641283,,,opposite-phase C-H stretching,delta(H13-C4-H14),angle,5.053653268003694e-06,-,-0.00023003222313676397,0.34590752413408615
49,3056.967979641283,,,opposite-phase C-H stretching,"gamma(C2;C9,H17,H18)",oop,4.617504897433613e-06,-,-0.0002522841050593163,0.2627601537123469
49,3056.967979641283,,,opposite-phase C-H stretching,tau(C2-C3-C4-H13),dihedral,2.359701510457439e-06,+,0.00019210417044946408,0.23158765474680962
49,3056.967979641283,,,opposite-phase C-H stretching,delta(C2-C9-C7),angle,1.995364630137549e-06,+,7.221316115508161e-05,1.385866754545155
49,3056.967979641283,,,opposite-phase C-H stretching,nu(C3-C4),bond,1.280859707681493e-06,+,0.00012343764737658854,0.30446558741359786
49,3056.967979641283,,,opposite-phase C-H stretching,tau(H13-C4-N5-C6),dihedral,1.1457608594864624e-06,-,-0.00014071094314320072,0.20958980556226944
49,3056.967979641283,,,opposite-phase C-H stretching,delta(C7-C6-H16),angle,8.837384555183499e-07,+,0.00010673799152850983,0.28094261542051463
49,3056.967979641283,,,opposite-phase C-H stretching,tau(H15-N5-C6-H16),dihedral,8.491215731509341e-07,-,-0.0001581259875802713,0.12299721945055526
49,3056.967979641283,,,opposite-phase C-H stretching,nu(C2-C3),bond,8.375016458906966e-07,-,-7.022135595379861e-05,0.6151473637723944
49,3056.967979641283,,,opposite-phase C-H stretching,nu(C7-O8),bond,7.570419868537359e-07,+,5.61328382402041e-05,0.870197604715786
49,3056.967979641283,,,opposite-phase C-H stretching,delta(C6-C7-O8),angle,7.248999000631183e-07,+,8.128926602908846e-05,0.3973228627278992
49,3056.967979641283,,,opposite-phase C-H stretching,nu(C2-C9),bond,6.860389851123827e-07,+,8.586997514786609e-05,0.33697527931198995
49,3056.967979641283,,,opposite-phase C-H stretching,delta(N5-C4-H14),angle,6.128967904714635e-07,-,-6.339904348365768e-05,0.5522730570457748
49,3056.967979641283,,,opposite-phase C-H stretching,tau(C3-C6-C7-O8),dihedral,5.87178157238445e-07,-,-0.00017606107419791087,0.06860805660810879
49,3056.967979641283,,,opposite-phase C-H stretching,nu(N5-H15),bond,5.750891867488785e-07,+,6.897962547408403e-05,0.4377492979794155
49,3056.967979641283,,,opposite-phase C-H stretching,delta(C6-N5-H15),angle,4.2122727722261867e-07,+,9.487923954678938e-05,0.16947514613136253
49,3056.967979641283,,,opposite-phase C-H stretching,tau(C4-C3-C6-C7),dihedral,3.856099551979603e-07,+,3.2171755296221224e-05,1.3493687390108424
49,3056.967979641283,,,opposite-phase C-H stretching,nu(N5-C6),bond,3.6756243392968984e-07,-,-6.811576640849305e-05,0.2869245732116675
49,3056.967979641283,,,opposite-phase C-H stretching,"gamma(C3;C4,H13,H14)",oop,3.3426369839467304e-07,+,5.815013549912527e-05,0.3580302094181095
49,3056.967979641283,,,opposite-phase C-H stretching,nu(C7-C9),bond,3.2299879744791695e-07,+,6.41771093472863e-05,0.284035433913249
49,3056.967979641283,,,opposite-phase C-H stretching,nu(C4-N5),bond,8.497783272278647e-08,-,-2.8242676460727316e-05,0.3858565433334769
49,3056.967979641283,,,opposite-phase C-H stretching,delta(C2-C3-C4),angle,5.481691500845436e-09,-,-4.4451163957268935e-06,1.004801410940264
50,3069.8752390439413,,,mixed-phase ring-site C-H stretching,nu(C9-H17),bond,89.82764413855384,-,-0.9918437043793045,0.3328507348586602
50,3069.8752390439413,,,mixed-phase ring-site C-H stretching,nu(C9-H18),bond,9.196410096947234,+,0.32184343514416713,0.32363464909074685
50,3069.8752390439413,,,mixed-phase ring-site C-H stretching,tau(C6-C7-C9-C2),dihedral,0.3508134817701558,+,0.039218411549399056,0.8314234474219374
50,3069.8752390439413,,,mixed-phase ring-site C-H stretching,tau(N5-C6-C7-C9),dihedral,0.13744677304167338,-,-0.021262726096259822,1.1082114958962508
50,3069.8752390439413,,,mixed-phase ring-site C-H stretching,delta(C2-C9-C7),angle,0.104577325001234,-,-0.016585211808622043,1.385866754545155
50,3069.8752390439413,,,mixed-phase ring-site C-H stretching,delta(C7-C9-H17),angle,0.08058916327119987,+,0.03107088379414244,0.30429542690694594
50,3069.8752390439413,,,mixed-phase ring-site C-H stretching,nu(C1-H12),bond,0.06868602106586298,-,-0.02720722465565368,0.33824070099731823
50,3069.8752390439413,,,mixed-phase ring-site C-H stretching,nu(C2-C9),bond,0.038545738914279086,+,0.02041983191596075,0.33697527931198995
50,3069.8752390439413,,,mixed-phase ring-site C-H stretching,delta(C1-C2-C9),angle,0.03272888908560691,-,-0.019761767771154518,0.30549610246436376
50,3069.8752390439413,,,mixed-phase ring-site C-H stretching,nu(C1-H11),bond,0.032254221562163954,-,-0.01891073594509745,0.32877266060693383
50,3069.8752390439413,,,mixed-phase ring-site C-H stretching,nu(C7-C9),bond,0.031740846637079545,+,0.020183012459845984,0.284035433913249
50,3069.8752390439413,,,mixed-phase ring-site C-H stretching,tau(H16-C6-C7-C9),dihedral,0.030939062518257426,-,-0.0212789096424556,0.2490774446775072
50,3069.8752390439413,,,mixed-phase ring-site C-H stretching,tau(H12-C1-C2-C9),dihedral,0.023681165117484228,-,-0.02296701516952325,0.16365148246706415
50,3069.8752390439413,,,mixed-phase ring-site C-H stretching,delta(H17-C9-H18),angle,0.013923770883571784,+,0.016077406559191213,0.19635902741953512
50,3069.8752390439413,,,mixed-phase ring-site C-H stretching,nu(C6-H16),bond,0.011493147530988792,-,-0.011508461501070303,0.316322755718694
50,3069.8752390439413,,,mixed-phase ring-site C-H stretching,nu(C4-H13),bond,0.003679185199534967,-,-0.0064565536821871855,0.321718554953058
50,3069.8752390439413,,,mixed-phase ring-site C-H stretching,"gamma(C2;C9,H17,H18)",oop,0.0035575288863799975,+,0.007025180062437257,0.2627601537123469
50,3069.8752390439413,,,mixed-phase ring-site C-H stretching,tau(C6-C7-C9-H17),dihedral,0.003192811788771889,-,-0.007959002168600085,0.18373084169576953
50,3069.8752390439413,,,mixed-phase ring-site C-H stretching,nu(C4-H14),bond,0.002932467224801722,+,0.005658526944988204,0.33385077033221655
50,3069.8752390439413,,,mixed-phase ring-site C-H stretching,nu(C1-H10),bond,0.0026821293862815177,+,0.005454175343571287,0.32866051035710836
50,3069.8752390439413,,,mixed-phase ring-site C-H stretching,nu(C7-O8),bond,0.0010230595221365185,-,-0.002070162824568201,0.870197604715786
50,3069.8752390439413,,,mixed-phase ring-site C-H stretching,"gamma(H12;C1,H10,H11)",oop,0.0006076148184587665,-,-0.0027472338514769297,0.29346958015132085
50,3069.8752390439413,,,mixed-phase ring-site C-H stretching,nu(C6-C7),bond,0.00020183047589402683,+,0.0016801964933336841,0.26061090755461674
50,3069.8752390439413,,,mixed-phase ring-site C-H stretching,nu(C2-C3),bond,0.0001530193727022854,+,0.0009522404399056956,0.6151473637723944
50,3069.8752390439413,,,mixed-phase ring-site C-H stretching,delta(C2-C1-H10),angle,0.00014572844961147308,-,-0.0012083228399514157,0.36383491014983216
50,3069.8752390439413,,,mixed-phase ring-site C-H stretching,delta(N5-C6-C7),angle,0.00011927944113019648,-,-0.0006163037623105186,1.1447270624227694
50,3069.8752390439413,,,mixed-phase ring-site C-H stretching,delta(C7-C6-H16),angle,4.326886672220989e-05,-,-0.000749276213744647,0.28094261542051463
50,3069.8752390439413,,,mixed-phase ring-site C-H stretching,nu(C3-C4),bond,3.7852093095618396e-05,-,-0.000673191834279883,0.30446558741359786
50,3069.8752390439413,,,mixed-phase ring-site C-H stretching,tau(H10-C1-C2-C3),dihedral,3.321984832463557e-05,+,0.0008657577652133236,0.16155888472585178
50,3069.8752390439413,,,mixed-phase ring-site C-H stretching,nu(C1-C2),bond,1.8245021447282236e-05,+,0.00046742204773308387,0.30440514126911583
50,3069.8752390439413,,,mixed-phase ring-site C-H stretching,tau(C2-C3-C4-H13),dihedral,1.528218705000753e-05,+,0.0004904537385304836,0.23158765474680962
50,3069.8752390439413,,,mixed-phase ring-site C-H stretching,tau(H15-N5-C6-H16),dihedral,1.3518203183953601e-05,+,0.0006329579139192133,0.12299721945055526
50,3069.8752390439413,,,mixed-phase ring-site C-H stretching,nu(N5-C6),bond,1.2165419926550187e-05,-,-0.00039313587480664934,0.2869245732116675
50,3069.8752390439413,,,mixed-phase ring-site C-H stretching,tau(C4-C3-C6-C7),dihedral,1.1673355695691717e-05,-,-0.00017758060587049854,1.3493687390108424
50,3069.8752390439413,,,mixed-phase ring-site C-H stretching,delta(C6-C7-O8),angle,1.0451517886768397e-05,+,0.0003096570002293436,0.3973228627278992
50,3069.8752390439413,,,mixed-phase ring-site C-H stretching,delta(N5-C4-H14),angle,9.919855123442013e-06,-,-0.0002558814085349108,0.5522730570457748
50,3069.8752390439413,,,mixed-phase ring-site C-H stretching,tau(C1-C2-C3-C6),dihedral,8.53044528766693e-06,-,-0.00033678780608829704,0.2741479334959476
50,3069.8752390439413,,,mixed-phase ring-site C-H stretching,delta(C2-C1-H12),angle,5.544149150574694e-06,-,-0.0002293508682007156,0.38420244179789187
50,3069.8752390439413,,,mixed-phase ring-site C-H stretching,delta(C2-C3-C4),angle,3.5391114677692528e-06,+,0.00011331045898813035,1.004801410940264
50,3069.8752390439413,,,mixed-phase ring-site C-H stretching,tau(H13-C4-N5-C6),dihedral,2.5643839319779984e-06,+,0.00021118809966628264,0.20958980556226944
50,3069.8752390439413,,,mixed-phase ring-site C-H stretching,delta(H13-C4-H14),angle,2.028998766593258e-06,+,0.00014622575865789114,0.34590752413408615
50,3069.8752390439413,,,mixed-phase ring-site C-H stretching,delta(C6-N5-H15),angle,9.57471483042137e-07,-,-0.00014350694249956752,0.16947514613136253
50,3069.8752390439413,,,mixed-phase ring-site C-H stretching,delta(C3-C6-C7),angle,8.825167931342645e-07,+,3.986327270842224e-05,2.0244314202912057
50,3069.8752390439413,,,mixed-phase ring-site C-H stretching,delta(H10-C1-H11),angle,6.494163344374086e-07,-,-0.00010907617680773388,0.19897081823552717
50,3069.8752390439413,,,mixed-phase ring-site C-H stretching,nu(N5-H15),bond,5.528563406236235e-07,+,6.785102526187133e-05,0.4377492979794155
50,3069.8752390439413,,,mixed-phase ring-site C-H stretching,nu(C4-N5),bond,3.4198594782491715e-07,+,5.68400160817792e-05,0.3858565433334769
50,3069.8752390439413,,,mixed-phase ring-site C-H stretching,tau(C3-C6-C7-O8),dihedral,2.0502861164135315e-07,-,-0.00010437167968886592,0.06860805660810879
50,3069.8752390439413,,,mixed-phase ring-site C-H stretching,"gamma(C3;C4,H13,H14)",oop,1.1080104823559205e-07,-,-3.3587300081547226e-05,0.3580302094181095
51,3078.3240783196634,,,mixed-phase ring-site C-H stretching,nu(C4-H14),bond,89.44842628541849,-,-0.9910786848298286,0.33385077033221655
51,3078.3240783196634,,,mixed-phase ring-site C-H stretching,nu(C4-H13),bond,9.334558487225824,+,0.3261420607671951,0.321718554953058
51,3078.3240783196634,,,mixed-phase ring-site C-H stretching,delta(N5-C4-H14),angle,0.26352485406362186,+,0.04182460399139557,0.5522730570457748
51,3078.3240783196634,,,mixed-phase ring-site C-H stretching,tau(C4-C3-C6-C7),dihedral,0.2314949620696931,-,-0.02507860786888066,1.3493687390108424
51,3078.3240783196634,,,mixed-phase ring-site C-H stretching,delta(C2-C3-C4),angle,0.2219554494614657,-,-0.028457108066957802,1.004801410940264
51,3078.3240783196634,,,mixed-phase ring-site C-H stretching,nu(C1-H12),bond,0.14013956155659468,+,0.038973141962835856,0.33824070099731823
51,3078.3240783196634,,,mixed-phase ring-site C-H stretching,tau(C2-C3-C4-H13),dihedral,0.10028924581916569,-,-0.03984441505324375,0.23158765474680962
51,3078.3240783196634,,,mixed-phase ring-site C-H stretching,nu(C3-C4),bond,0.055998746223278495,+,0.0259667753274002,0.30446558741359786
51,3078.3240783196634,,,mixed-phase ring-site C-H stretching,tau(H13-C4-N5-C6),dihedral,0.05332016821502792,+,0.030539270106416924,0.20958980556226944
51,3078.3240783196634,,,mixed-phase ring-site C-H stretching,nu(C4-N5),bond,0.05031602734732332,+,0.021864432655910787,0.3858565433334769
51,3078.3240783196634,,,mixed-phase ring-site C-H stretching,nu(C1-H11),bond,0.025960687076953762,-,-0.017014070113053052,0.32877266060693383
51,3078.3240783196634,,,mixed-phase ring-site C-H stretching,nu(C1-H10),bond,0.01761649510840155,-,-0.014017932558302531,0.32866051035710836
51,3078.3240783196634,,,mixed-phase ring-site C-H stretching,nu(C6-H16),bond,0.015697065812841138,-,-0.013487827311897663,0.316322755718694
51,3078.3240783196634,,,mixed-phase ring-site C-H stretching,nu(N5-H15),bond,0.015021348613451587,-,-0.011216044109703713,0.4377492979794155
51,3078.3240783196634,,,mixed-phase ring-site C-H stretching,delta(H13-C4-H14),angle,0.013667552444301508,+,0.012035478050491301,0.34590752413408615
51,3078.3240783196634,,,mixed-phase ring-site C-H stretching,nu(C9-H17),bond,0.005823224623200295,-,-0.008008570193131854,0.3328507348586602
51,3078.3240783196634,,,mixed-phase ring-site C-H stretching,"gamma(C3;C4,H13,H14)",oop,0.004128374940307088,+,0.006501711660704933,0.3580302094181095
51,3078.3240783196634,,,mixed-phase ring-site C-H stretching,delta(C2-C1-H12),angle,0.0005222922031320497,-,-0.0022324137360649364,0.38420244179789187
51,3078.3240783196634,,,mixed-phase ring-site C-H stretching,tau(H15-N5-C6-H16),dihedral,0.0002703131763881877,-,-0.00283846756674839,0.12299721945055526
51,3078.3240783196634,,,mixed-phase ring-site C-H stretching,nu(C2-C3),bond,0.0001916967060738111,-,-0.0010688474285130234,0.6151473637723944
51,3078.3240783196634,,,mixed-phase ring-site C-H stretching,delta(C1-C2-C9),angle,0.00018504055949468876,-,-0.001490145256303236,0.30549610246436376
51,3078.3240783196634,,,mixed-phase ring-site C-H stretching,delta(C3-C6-C7),angle,0.00014817253916346706,-,-0.0005180006469118662,2.0244314202912057
51,3078.3240783196634,,,mixed-phase ring-site C-H stretching,delta(H10-C1-H11),angle,0.00013536034729182006,+,0.0015792431874513328,0.19897081823552717
51,3078.3240783196634,,,mixed-phase ring-site C-H stretching,tau(H10-C1-C2-C3),dihedral,0.00011853457911975186,-,-0.0016400424258185033,0.16155888472585178
51,3078.3240783196634,,,mixed-phase ring-site C-H stretching,nu(N5-C6),bond,0.00010732730965656506,+,0.0011710332446600274,0.2869245732116675
51,3078.3240783196634,,,mixed-phase ring-site C-H stretching,nu(C9-H18),bond,7.386459112023406e-05,+,0.0009147209336114029,0.32363464909074685
51,3078.3240783196634,,,mixed-phase ring-site C-H stretching,delta(C7-C6-H16),angle,6.654442304098983e-05,+,0.0009318478263246188,0.28094261542051463
51,3078.3240783196634,,,mixed-phase ring-site C-H stretching,tau(N5-C6-C7-C9),dihedral,5.08264450997629e-05,-,-0.00041004499690641157,1.1082114958962508
51,3078.3240783196634,,,mixed-phase ring-site C-H stretching,nu(C7-O8),bond,4.6094844809288514e-05,-,-0.00044067175169034686,0.870197604715786
51,3078.3240783196634,,,mixed-phase ring-site C-H stretching,delta(C2-C1-H10),angle,4.429793169220401e-05,+,0.0006680939144995255,0.36383491014983216
51,3078.3240783196634,,,mixed-phase ring-site C-H stretching,delta(C6-N5-H15),angle,3.7432244125688506e-05,+,0.000899845395765303,0.16947514613136253
51,3078.3240783196634,,,mixed-phase ring-site C-H stretching,tau(H16-C6-C7-C9),dihedral,1.0788625873792438e-05,+,0.0003984867091155505,0.2490774446775072
51,3078.3240783196634,,,mixed-phase ring-site C-H stretching,tau(C6-C7-C9-H17),dihedral,8.450588569902343e-06,-,-0.0004106297604627636,0.18373084169576953
51,3078.3240783196634,,,mixed-phase ring-site C-H stretching,delta(N5-C6-C7),angle,8.037300954566048e-06,+,0.00016043610705676302,1.1447270624227694
51,3078.3240783196634,,,mixed-phase ring-site C-H stretching,delta(C6-C7-O8),angle,7.968697381122446e-06,-,-0.0002711564030866652,0.3973228627278992
51,3078.3240783196634,,,mixed-phase ring-site C-H stretching,"gamma(H12;C1,H10,H11)",oop,7.0103720962723705e-06,+,0.0002959286171637909,0.29346958015132085
51,3078.3240783196634,,,mixed-phase ring-site C-H stretching,nu(C1-C2),bond,6.25123589186231e-06,-,-0.00027438156393881587,0.30440514126911583
51,3078.3240783196634,,,mixed-phase ring-site C-H stretching,nu(C2-C9),bond,2.944436688508007e-06,+,0.00017897817046733488,0.33697527931198995
51,3078.3240783196634,,,mixed-phase ring-site C-H stretching,nu(C7-C9),bond,2.379668767488002e-06,+,0.00017525481922430424,0.284035433913249
51,3078.3240783196634,,,mixed-phase ring-site C-H stretching,delta(H17-C9-H18),angle,2.35104522582198e-06,+,0.0002095091672629409,0.19635902741953512
51,3078.3240783196634,,,mixed-phase ring-site C-H stretching,delta(C7-C9-H17),angle,2.217550412815033e-06,+,0.00016345078590926382,0.30429542690694594
51,3078.3240783196634,,,mixed-phase ring-site C-H stretching,tau(C6-C7-C9-C2),dihedral,1.8776508035088197e-06,-,-9.09901235525862e-05,0.8314234474219374
51,3078.3240783196634,,,mixed-phase ring-site C-H stretching,tau(H12-C1-C2-C9),dihedral,1.6055684287149053e-06,-,-0.00018964981049150498,0.16365148246706415
51,3078.3240783196634,,,mixed-phase ring-site C-H stretching,nu(C6-C7),bond,1.3437446384274167e-06,-,-0.00013748649896486685,0.26061090755461674
51,3078.3240783196634,,,mixed-phase ring-site C-H stretching,"gamma(C2;C9,H17,H18)",oop,1.7713812529392706e-07,+,4.9713488951282643e-05,0.2627601537123469
51,3078.3240783196634,,,mixed-phase ring-site C-H stretching,tau(C3-C6-C7-O8),dihedral,1.3103675133829141e-07,-,-8.367716831936186e-05,0.06860805660810879
51,3078.3240783196634,,,mixed-phase ring-site C-H stretching,tau(C1-C2-C3-C6),dihedral,1.2891501999790572e-07,+,4.151999064298085e-05,0.2741479334959476
51,3078.3240783196634,,,mixed-phase ring-site C-H stretching,delta(C2-C9-C7),angle,2.5042003447612495e-09,-,-2.573782077033948e-06,1.385866754545155
52,3101.985789805344,,,mixed-phase C-H stretching,nu(C1-H12),bond,83.5948717750784,-,-0.9580791449700108,0.33824070099731823
52,3101.985789805344,,,mixed-phase C-H stretching,nu(C1-H11),bond,9.889686610253746,+,0.3342473081234429,0.32877266060693383
52,3101.985789805344,,,mixed-phase C-H stretching,nu(C1-H10),bond,5.769816894886048,+,0.2553475848223647,0.32866051035710836
52,3101.985789805344,,,mixed-phase C-H stretching,delta(C2-C1-H12),angle,0.18527145521852603,+,0.042320296097931726,0.38420244179789187
52,3101.985789805344,,,mixed-phase C-H stretching,nu(C4-H14),bond,0.17348545925311035,-,-0.043931886239067824,0.33385077033221655
52,3101.985789805344,,,mixed-phase C-H stretching,delta(C1-C2-C9),angle,0.07229247523227857,+,0.029646143887107904,0.30549610246436376
52,3101.985789805344,,,mixed-phase C-H stretching,"gamma(H12;C1,H10,H11)",oop,0.06624466815483528,-,-0.02895465673920974,0.29346958015132085
52,3101.985789805344,,,mixed-phase C-H stretching,tau(H10-C1-C2-C3),dihedral,0.06491790727956538,+,0.03863147888050156,0.16155888472585178
52,3101.985789805344,,,mixed-phase C-H stretching,delta(C2-C1-H10),angle,0.061979272616447534,-,-0.0251533338696269,0.36383491014983216
52,3101.985789805344,,,mixed-phase C-H stretching,delta(H10-C1-H11),angle,0.061521477726980536,-,-0.03388778537912468,0.19897081823552717
52,3101.985789805344,,,mixed-phase C-H stretching,nu(C9-H17),bond,0.033655693982187915,+,0.01937889531390273,0.3328507348586602
52,3101.985789805344,,,mixed-phase C-H stretching,nu(C1-C2),bond,0.013043746815353889,+,0.01261536121608946,0.30440514126911583
52,3101.985789805344,,,mixed-phase C-H stretching,nu(C4-H13),bond,0.006118336594493033,+,0.008404330636709773,0.321718554953058
52,3101.985789805344,,,mixed-phase C-H stretching,nu(C9-H18),bond,0.002594494700896765,-,-0.005456615968336518,0.32363464909074685
52,3101.985789805344,,,mixed-phase C-H stretching,nu(C2-C3),bond,0.0010590785572044848,-,-0.002528709881071362,0.6151473637723944
52,3101.985789805344,,,mixed-phase C-H stretching,tau(H12-C1-C2-C9),dihedral,0.0006943326520657529,-,-0.003969614417456797,0.16365148246706415
52,3101.985789805344,,,mixed-phase C-H stretching,delta(N5-C4-H14),angle,0.0004646006525140571,+,0.0017676141972562916,0.5522730570457748
52,3101.985789805344,,,mixed-phase C-H stretching,tau(C4-C3-C6-C7),dihedral,0.0003229989458219787,-,-0.0009428871819664438,1.3493687390108424
52,3101.985789805344,,,mixed-phase C-H stretching,delta(C2-C3-C4),angle,0.0003118574040734663,-,-0.0010736492207604603,1.004801410940264
52,3101.985789805344,,,mixed-phase C-H stretching,nu(C3-C4),bond,0.00029384964293404135,+,0.0018932936518951974,0.30446558741359786
52,3101.985789805344,,,mixed-phase C-H stretching,tau(C1-C2-C3-C6),dihedral,0.0002860150601443168,+,0.0019684594105477318,0.2741479334959476
52,3101.985789805344,,,mixed-phase C-H stretching,nu(C6-H16),bond,0.00018504556534149888,-,-0.0014740038731343645,0.316322755718694
52,3101.985789805344,,,mixed-phase C-H stretching,nu(C4-N5),bond,0.00015747645602701778,+,0.001231173851785456,0.3858565433334769
52,3101.985789805344,,,mixed-phase C-H stretching,tau(C2-C3-C4-H13),dihedral,0.0001484784933254115,-,-0.0015431160031802438,0.23158765474680962
52,3101.985789805344,,,mixed-phase C-H stretching,tau(H13-C4-N5-C6),dihedral,0.00013237275231796445,+,0.0015315766044476146,0.20958980556226944
52,3101.985789805344,,,mixed-phase C-H stretching,delta(H13-C4-H14),angle,8.171304535933614e-05,+,0.0009366777314506119,0.34590752413408615
52,3101.985789805344,,,mixed-phase C-H stretching,tau(N5-C6-C7-C9),dihedral,6.507339282637697e-05,+,0.00046699787192795977,1.1082114958962508
52,3101.985789805344,,,mixed-phase C-H stretching,tau(C6-C7-C9-C2),dihedral,5.650986803264146e-05,-,-0.0005024299432642454,0.8314234474219374
52,3101.985789805344,,,mixed-phase C-H stretching,delta(C7-C9-H17),angle,5.632020563792368e-05,-,-0.0008291037982598109,0.30429542690694594
52,3101.985789805344,,,mixed-phase C-H stretching,nu(C2-C9),bond,5.040009782007934e-05,+,0.0007453172455950865,0.33697527931198995
52,3101.985789805344,,,mixed-phase C-H stretching,delta(C2-C9-C7),angle,3.362290712672504e-05,-,-0.00030017975153599785,1.385866754545155
52,3101.985789805344,,,mixed-phase C-H stretching,nu(C7-O8),bond,2.406151196386e-05,-,-0.0003204623526891699,0.870197604715786
52,3101.985789805344,,,mixed-phase C-H stretching,"gamma(C2;C9,H17,H18)",oop,2.1318829457770177e-05,+,0.0005489419562918374,0.2627601537123469
52,3101.985789805344,,,mixed-phase C-H stretching,delta(C3-C6-C7),angle,1.3571955942603714e-05,-,-0.00015779534512190365,2.0244314202912057
52,3101.985789805344,,,mixed-phase C-H stretching,tau(H16-C6-C7-C9),dihedral,1.2973042952585178e-05,+,0.0004398232960343097,0.2490774446775072
52,3101.985789805344,,,mixed-phase C-H stretching,delta(H17-C9-H18),angle,9.771297917407183e-06,-,-0.00042990766935162815,0.19635902741953512
52,3101.985789805344,,,mixed-phase C-H stretching,tau(C6-C7-C9-H17),dihedral,4.571785476742126e-06,-,-0.0003040019652452167,0.18373084169576953
52,3101.985789805344,,,mixed-phase C-H stretching,nu(C7-C9),bond,4.312572732637437e-06,-,-0.000237468744822467,0.284035433913249
52,3101.985789805344,,,mixed-phase C-H stretching,delta(C6-C7-O8),angle,3.3846401740045503e-06,+,0.00017787256841119114,0.3973228627278992
52,3101.985789805344,,,mixed-phase C-H stretching,nu(N5-H15),bond,2.685312906653387e-06,-,-0.00015094169482751793,0.4377492979794155
52,3101.985789805344,,,mixed-phase C-H stretching,delta(N5-C6-C7),angle,2.45884651301935e-06,-,-8.931805073742701e-05,1.1447270624227694
52,3101.985789805344,,,mixed-phase C-H stretching,tau(H15-N5-C6-H16),dihedral,3.90682983211492e-07,-,-0.00010861482390975436,0.12299721945055526
52,3101.985789805344,,,mixed-phase C-H stretching,nu(N5-C6),bond,2.571810824432585e-07,+,5.769791763492803e-05,0.2869245732116675
52,3101.985789805344,,,mixed-phase C-H stretching,delta(C6-N5-H15),angle,1.1391399187905475e-07,-,-4.9964325460066786e-05,0.16947514613136253
52,3101.985789805344,,,mixed-phase C-H stretching,"gamma(C3;C4,H13,H14)",oop,6.317445510131306e-08,+,2.559973193645128e-05,0.3580302094181095
52,3101.985789805344,,,mixed-phase C-H stretching,tau(C3-C6-C7-O8),dihedral,3.2149563313171556e-08,-,-4.1718096266082206e-05,0.06860805660810879
52,3101.985789805344,,,mixed-phase C-H stretching,delta(C7-C6-H16),angle,1.612077308333303e-08,-,-1.4598513085473183e-05,0.28094261542051463
52,3101.985789805344,,,mixed-phase C-H stretching,nu(C6-C7),bond,3.489643908435233e-09,-,-7.052104898181529e-06,0.26061090755461674
53,3505.410154609604,,,ring-site N-H stretching,nu(N5-H15),bond,99.63203613775222,-,-1.0308139314869227,0.4377492979794155
53,3505.410154609604,,,ring-site N-H stretching,tau(N5-C6-C7-C9),dihedral,0.1237691243282549,+,0.0228343334771405,1.1082114958962508
53,3505.410154609604,,,ring-site N-H stretching,nu(C4-N5),bond,0.08653506600098321,+,0.03235762484961036,0.3858565433334769
53,3505.410154609604,,,ring-site N-H stretching,nu(N5-C6),bond,0.064029859494356,+,0.032277575664382656,0.2869245732116675
53,3505.410154609604,,,ring-site N-H stretching,tau(H13-C4-N5-C6),dihedral,0.022054678495043292,-,-0.022164543642944862,0.20958980556226944
53,3505.410154609604,,,ring-site N-H stretching,delta(N5-C6-C7),angle,0.02186261797739141,+,0.009442643936723635,1.1447270624227694
53,3505.410154609604,,,ring-site N-H stretching,nu(C4-H13),bond,0.015524435290834249,-,-0.015009400863323325,0.321718554953058
53,3505.410154609604,,,ring-site N-H stretching,nu(C6-H16),bond,0.013905384449928676,-,-0.014325829833195755,0.316322755718694
53,3505.410154609604,,,ring-site N-H stretching,delta(C6-N5-H15),angle,0.011970736609405274,+,0.018159376570317205,0.16947514613136253
53,3505.410154609604,,,ring-site N-H stretching,nu(C4-H14),bond,0.0038927515765566725,+,0.0073781190564834965,0.33385077033221655
53,3505.410154609604,,,ring-site N-H stretching,tau(H15-N5-C6-H16),dihedral,0.002263762193011907,+,0.00926960567960025,0.12299721945055526
53,3505.410154609604,,,ring-site N-H stretching,delta(N5-C4-H14),angle,0.0010844535666432707,+,0.0030277642592179597,0.5522730570457748
53,3505.410154609604,,,ring-site N-H stretching,"gamma(C3;C4,H13,H14)",oop,0.0002375123209240761,+,0.0017598544112364717,0.3580302094181095
53,3505.410154609604,,,ring-site N-H stretching,tau(C6-C7-C9-C2),dihedral,0.0002294165517702157,-,-0.0011349970832678763,0.8314234474219374
53,3505.410154609604,,,ring-site N-H stretching,tau(C2-C3-C4-H13),dihedral,0.00010307639148279048,+,0.0014415025214819597,0.23158765474680962
53,3505.410154609604,,,ring-site N-H stretching,tau(C1-C2-C3-C6),dihedral,9.461299163677897e-05,+,0.0012693354372060829,0.2741479334959476
53,3505.410154609604,,,ring-site N-H stretching,nu(C2-C3),bond,6.710022718940194e-05,+,0.0007136181994263998,0.6151473637723944
53,3505.410154609604,,,ring-site N-H stretching,delta(H13-C4-H14),angle,6.086083541267722e-05,+,0.0009063218617748171,0.34590752413408615
53,3505.410154609604,,,ring-site N-H stretching,tau(C6-C7-C9-H17),dihedral,4.636127927344174e-05,-,-0.001085375911888582,0.18373084169576953
53,3505.410154609604,,,ring-site N-H stretching,delta(C2-C3-C4),angle,4.20624339054263e-05,+,0.00044207971446699854,1.004801410940264
53,3505.410154609604,,,ring-site N-H stretching,nu(C7-O8),bond,3.419605904762262e-05,-,-0.00042832418086780505,0.870197604715786
53,3505.410154609604,,,ring-site N-H stretching,tau(C4-C3-C6-C7),dihedral,3.396330695321947e-05,-,-0.0003427939657853602,1.3493687390108424
53,3505.410154609604,,,ring-site N-H stretching,delta(C7-C6-H16),angle,1.8702364209597118e-05,+,0.0005574846965725145,0.28094261542051463
53,3505.410154609604,,,ring-site N-H stretching,delta(C6-C7-O8),angle,1.6331480605961814e-05,+,0.000438060916453973,0.3973228627278992
53,3505.410154609604,,,ring-site N-H stretching,tau(H16-C6-C7-C9),dihedral,1.3199693879466394e-05,+,0.0004974028101083681,0.2490774446775072
53,3505.410154609604,,,ring-site N-H stretching,nu(C7-C9),bond,1.0231899336811725e-05,+,0.00041009584942114895,0.284035433913249
53,3505.410154609604,,,ring-site N-H stretching,nu(C9-H18),bond,8.95042143004751e-06,-,-0.00035932525451175197,0.32363464909074685
53,3505.410154609604,,,ring-site N-H stretching,delta(C2-C9-C7),angle,8.72991039674159e-06,+,0.00017148954985854445,1.385866754545155
53,3505.410154609604,,,ring-site N-H stretching,nu(C6-C7),bond,8.630277177947089e-06,+,0.00039319644569649816,0.26061090755461674
53,3505.410154609604,,,ring-site N-H stretching,nu(C2-C9),bond,6.668597066509181e-06,-,-0.00030395670163709367,0.33697527931198995
53,3505.410154609604,,,ring-site N-H stretching,delta(C1-C2-C9),angle,5.79148985393907e-06,+,0.00029749921122740135,0.30549610246436376
53,3505.410154609604,,,ring-site N-H stretching,nu(C1-C2),bond,4.730239957416807e-06,-,-0.0002693451130466123,0.30440514126911583
53,3505.410154609604,,,ring-site N-H stretching,nu(C1-H12),bond,3.688752754534952e-06,-,-0.0002256422107792365,0.33824070099731823
53,3505.410154609604,,,ring-site N-H stretching,tau(C3-C6-C7-O8),dihedral,3.6843241752912664e-06,+,0.0005007083854538462,0.06860805660810879
53,3505.410154609604,,,ring-site N-H stretching,delta(C3-C6-C7),angle,3.5115600107762887e-06,-,-8.998953720881344e-05,2.0244314202912057
53,3505.410154609604,,,ring-site N-H stretching,nu(C1-H11),bond,2.9292839413769785e-06,+,0.00020395126008211642,0.32877266060693383
53,3505.410154609604,,,ring-site N-H stretching,delta(C2-C1-H12),angle,2.090833546567206e-06,+,0.00015939444249162186,0.38420244179789187
53,3505.410154609604,,,ring-site N-H stretching,delta(H17-C9-H18),angle,9.251196816063523e-07,+,0.0001483088371409968,0.19635902741953512
53,3505.410154609604,,,ring-site N-H stretching,nu(C9-H17),bond,8.908464877799459e-07,+,0.00011178156395379078,0.3328507348586602
53,3505.410154609604,,,ring-site N-H stretching,nu(C3-C4),bond,6.880126041497543e-07,-,-0.00010271233357203631,0.30446558741359786
53,3505.410154609604,,,ring-site N-H stretching,"gamma(H12;C1,H10,H11)",oop,6.315482151670081e-07,-,-0.00010023403562766578,0.29346958015132085
53,3505.410154609604,,,ring-site N-H stretching,delta(C7-C9-H17),angle,2.1805329368921965e-07,-,-5.7839844716361474e-05,0.30429542690694594
53,3505.410154609604,,,ring-site N-H stretching,delta(H10-C1-H11),angle,1.7949014467081136e-07,-,-6.489617744317361e-05,0.19897081823552717
53,3505.410154609604,,,ring-site N-H stretching,tau(H12-C1-C2-C9),dihedral,1.7247859615867864e-07,+,7.014571365773423e-05,0.16365148246706415
53,3505.410154609604,,,ring-site N-H stretching,nu(C1-H10),bond,8.08243635821651e-08,-,-3.388370482546154e-05,0.32866051035710836
53,3505.410154609604,,,ring-site N-H stretching,delta(C2-C1-H10),angle,7.265936879161334e-08,-,-3.0534241222191584e-05,0.36383491014983216
53,3505.410154609604,,,ring-site N-H stretching,tau(H10-C1-C2-C3),dihedral,5.8975687599685385e-08,-,-4.128236685636193e-05,0.16155888472585178
53,3505.410154609604,,,ring-site N-H stretching,"gamma(C2;C9,H17,H18)",oop,4.073099449049415e-08,+,2.6901485287351494e-05,0.2627601537123469
