mode,harmonic_frequency_cm-1,vpt2_fundamental_cm-1,harmonic_intensity_km_mol,assignment,internal_coordinate,type,percent,phase,D_value,F_diagonal
6,128.61345230233863,,,cyclic-ring torsional/out-of-plane deformation,tau(C4-C5-C6-C8),dihedral,45.29377576178291,-,-0.08145225583431023,0.23041276089481189
6,128.61345230233863,,,cyclic-ring torsional/out-of-plane deformation,tau(C8-C6-C7-C2),dihedral,41.039306178226596,+,0.08669054770042699,0.18430229863599684
6,128.61345230233863,,,cyclic-ring torsional/out-of-plane deformation,delta_lin2(C6-C8-C9),linbend2,5.873653867765886,+,0.05028572103975015,0.07839587685607574
6,128.61345230233863,,,cyclic-ring torsional/out-of-plane deformation,tau(C4-C5-C6-C7),dihedral,4.748409597002287,-,-0.036298184577669625,0.12163333095301532
6,128.61345230233863,,,cyclic-ring torsional/out-of-plane deformation,tau(N3-C2-C7-H13),dihedral,1.1709894656316011,+,0.022790374387445255,0.07608942539795792
6,128.61345230233863,,,cyclic-ring torsional/out-of-plane deformation,tau(C7-C2-N3-H10),dihedral,0.5656431195212296,-,-0.009943085486092662,0.19309649807876847
6,128.61345230233863,,,cyclic-ring torsional/out-of-plane deformation,tau(H12-C5-C6-C7),dihedral,0.5072394182513056,-,-0.01581843912944827,0.0684163618253638
6,128.61345230233863,,,cyclic-ring torsional/out-of-plane deformation,tau(H11-C4-C5-C6),dihedral,0.4750912259573854,+,0.015098354702394555,0.07033832102789596
6,128.61345230233863,,,cyclic-ring torsional/out-of-plane deformation,tau(O1-C2-N3-H10),dihedral,0.1355786639605069,+,0.005376756123131307,0.1582795871132262
6,128.61345230233863,,,cyclic-ring torsional/out-of-plane deformation,delta_lin2(C8-C9-H14),linbend2,0.13528376145893684,-,-0.009186513031682615,0.05410264710992003
6,128.61345230233863,,,cyclic-ring torsional/out-of-plane deformation,tau(O1-C2-N3-C4),dihedral,0.05421149375655478,+,0.005155786115927642,0.06882969170170204
6,128.61345230233863,,,cyclic-ring torsional/out-of-plane deformation,delta_lin1(C6-C8-C9),linbend1,0.0007961742141735917,+,0.0005771385374878855,0.0806718830220916
6,128.61345230233863,,,cyclic-ring torsional/out-of-plane deformation,delta_lin1(C8-C9-H14),linbend1,2.0079925795674598e-05,-,-0.00010706321158448232,0.05912291051473502
6,128.61345230233863,,,cyclic-ring torsional/out-of-plane deformation,delta(C7-C6-C8),angle,2.642500239710045e-07,-,-3.4610738194481027e-06,0.7445048759789521
6,128.61345230233863,,,cyclic-ring torsional/out-of-plane deformation,delta(C5-C6-C8),angle,2.0044163085680154e-07,+,3.0175209562807488e-06,0.7429533980202208
6,128.61345230233863,,,cyclic-ring torsional/out-of-plane deformation,nu(C8-C9),bond,1.7063720939839407e-07,-,-2.2996011209125618e-06,1.08903779510484
6,128.61345230233863,,,cyclic-ring torsional/out-of-plane deformation,nu(C9-H14),bond,1.5894993858396518e-07,+,3.6056295631902407e-06,0.4126410102789359
6,128.61345230233863,,,cyclic-ring torsional/out-of-plane deformation,nu(C2-N3),bond,1.3138142770358897e-07,+,3.5853901724670188e-06,0.34493349191283007
6,128.61345230233863,,,cyclic-ring torsional/out-of-plane deformation,delta(N3-C2-C7),angle,7.956520132956106e-08,-,-1.8486786151673996e-06,0.78573222766154
6,128.61345230233863,,,cyclic-ring torsional/out-of-plane deformation,nu(N3-C4),bond,6.554583237456456e-08,-,-2.152893921383994e-06,0.4772809004995997
6,128.61345230233863,,,cyclic-ring torsional/out-of-plane deformation,delta(O1-C2-N3),angle,6.047766315431094e-08,-,-2.0346184722987935e-06,0.4930639731788844
6,128.61345230233863,,,cyclic-ring torsional/out-of-plane deformation,nu(C5-C6),bond,3.1326627610700984e-08,-,-1.6633822458797514e-06,0.3821235084742807
6,128.61345230233863,,,cyclic-ring torsional/out-of-plane deformation,delta(C6-C5-H12),angle,1.0737399023215124e-08,+,1.236327571770036e-06,0.23708616882268754
6,128.61345230233863,,,cyclic-ring torsional/out-of-plane deformation,nu(C2-C7),bond,5.875271274315286e-09,-,-7.496722032958954e-07,0.35282499408634166
6,128.61345230233863,,,cyclic-ring torsional/out-of-plane deformation,nu(C4-H11),bond,3.240720563454954e-09,-,-5.49486893429539e-07,0.3622439530730344
6,128.61345230233863,,,cyclic-ring torsional/out-of-plane deformation,delta(C2-N3-H10),angle,2.7030567591365943e-09,-,-6.10876652847414e-07,0.2444681840156614
6,128.61345230233863,,,cyclic-ring torsional/out-of-plane deformation,nu(N3-H10),bond,1.7826498632511189e-09,-,-3.617206883413497e-07,0.45982606826469136
6,128.61345230233863,,,cyclic-ring torsional/out-of-plane deformation,nu(C6-C8),bond,1.3105255041243695e-09,-,-3.43374716089879e-07,0.3751311133403573
6,128.61345230233863,,,cyclic-ring torsional/out-of-plane deformation,nu(C6-C7),bond,1.207233403171933e-09,+,2.791656209164694e-07,0.5228072611410868
6,128.61345230233863,,,cyclic-ring torsional/out-of-plane deformation,delta(C2-C7-H13),angle,1.0737463881196278e-09,+,3.9392131403877883e-07,0.2335376961253556
6,128.61345230233863,,,cyclic-ring torsional/out-of-plane deformation,nu(C4-C5),bond,8.534557050281716e-10,+,2.263497362438223e-07,0.5622056888259223
6,128.61345230233863,,,cyclic-ring torsional/out-of-plane deformation,nu(C7-H13),bond,6.634338958892164e-10,+,2.4727996809725263e-07,0.36617949382199605
6,128.61345230233863,,,cyclic-ring torsional/out-of-plane deformation,delta(C5-C4-H11),angle,4.1696616585633344e-10,-,-2.3278711456067776e-07,0.25969116657976415
6,128.61345230233863,,,cyclic-ring torsional/out-of-plane deformation,delta(N3-C4-C5),angle,4.652269882485882e-11,-,-4.441990866011917e-08,0.7957631311007464
6,128.61345230233863,,,cyclic-ring torsional/out-of-plane deformation,nu(C5-H12),bond,3.059535515509101e-11,-,-5.2938417683000985e-08,0.36845785714327406
6,128.61345230233863,,,cyclic-ring torsional/out-of-plane deformation,nu(O1-C2),bond,2.771935608169138e-11,-,-3.505886011607019e-08,0.7611351696493606
7,148.06805593224908,,,mixed C-C-C bending / C-C-C linear bending,delta(C5-C6-C8),angle,37.55730102724325,+,0.03428684362452395,0.7429533980202208
7,148.06805593224908,,,mixed C-C-C bending / C-C-C linear bending,delta(C7-C6-C8),angle,35.98965131409734,-,-0.03352865654823137,0.7445048759789521
7,148.06805593224908,,,mixed C-C-C bending / C-C-C linear bending,delta_lin1(C6-C8-C9),linbend1,23.89322895383989,-,-0.08299222939389134,0.0806718830220916
7,148.06805593224908,,,mixed C-C-C bending / C-C-C linear bending,delta_lin1(C8-C9-H14),linbend1,0.8201079713213539,+,0.017960512280269975,0.05912291051473502
7,148.06805593224908,,,mixed C-C-C bending / C-C-C linear bending,delta(O1-C2-N3),angle,0.5714428229144727,+,0.005191535900662394,0.4930639731788844
7,148.06805593224908,,,mixed C-C-C bending / C-C-C linear bending,nu(C2-C7),bond,0.43523651301906685,-,-0.0053560434991552835,0.35282499408634166
7,148.06805593224908,,,mixed C-C-C bending / C-C-C linear bending,delta(N3-C4-C5),angle,0.2030376567699178,+,0.0024358890059020164,0.7957631311007464
7,148.06805593224908,,,mixed C-C-C bending / C-C-C linear bending,delta(C6-C5-H12),angle,0.17336149559174235,+,0.004123673947263881,0.23708616882268754
7,148.06805593224908,,,mixed C-C-C bending / C-C-C linear bending,nu(C4-C5),bond,0.1527252375235709,+,0.002513442142462808,0.5622056888259223
7,148.06805593224908,,,mixed C-C-C bending / C-C-C linear bending,delta(N3-C2-C7),angle,0.08957328924264772,-,-0.0016282199951012165,0.78573222766154
7,148.06805593224908,,,mixed C-C-C bending / C-C-C linear bending,delta(C2-N3-H10),angle,0.03704498602502652,+,0.001877217742331559,0.2444681840156614
7,148.06805593224908,,,mixed C-C-C bending / C-C-C linear bending,nu(N3-C4),bond,0.031120169203220218,+,0.0012313883853594981,0.4772809004995997
7,148.06805593224908,,,mixed C-C-C bending / C-C-C linear bending,nu(C6-C7),bond,0.01342753617903569,-,-0.0007728379966577699,0.5228072611410868
7,148.06805593224908,,,mixed C-C-C bending / C-C-C linear bending,delta(C5-C4-H11),angle,0.010419778629232926,-,-0.0009659658286207576,0.25969116657976415
7,148.06805593224908,,,mixed C-C-C bending / C-C-C linear bending,delta(C2-C7-H13),angle,0.00843354842997606,-,-0.00091640569972632,0.2335376961253556
7,148.06805593224908,,,mixed C-C-C bending / C-C-C linear bending,delta_lin2(C6-C8-C9),linbend2,0.0031067479364996703,+,0.0009599917572600743,0.07839587685607574
7,148.06805593224908,,,mixed C-C-C bending / C-C-C linear bending,nu(C8-C9),bond,0.0028411967689334202,-,-0.00024631467424136687,1.08903779510484
7,148.06805593224908,,,mixed C-C-C bending / C-C-C linear bending,nu(O1-C2),bond,0.0023854389696090386,-,-0.00026996929091979894,0.7611351696493606
7,148.06805593224908,,,mixed C-C-C bending / C-C-C linear bending,nu(C2-N3),bond,0.0018997515531761486,+,0.00035788362484468145,0.34493349191283007
7,148.06805593224908,,,mixed C-C-C bending / C-C-C linear bending,nu(C5-C6),bond,0.0010260753750907456,-,-0.00024988999023461934,0.3821235084742807
7,148.06805593224908,,,mixed C-C-C bending / C-C-C linear bending,nu(C5-H12),bond,0.0008567266655714746,+,0.00023253500380599043,0.36845785714327406
7,148.06805593224908,,,mixed C-C-C bending / C-C-C linear bending,nu(C7-H13),bond,0.0008237724645009381,-,-0.00022872715673921207,0.36617949382199605
7,148.06805593224908,,,mixed C-C-C bending / C-C-C linear bending,nu(C6-C8),bond,0.0006748630515164739,-,-0.0002045395935072306,0.3751311133403573
7,148.06805593224908,,,mixed C-C-C bending / C-C-C linear bending,delta_lin2(C8-C9-H14),linbend2,9.026919020203123e-05,-,-0.00019697976807448754,0.05410264710992003
7,148.06805593224908,,,mixed C-C-C bending / C-C-C linear bending,nu(N3-H10),bond,8.873867610757448e-05,+,6.699166691107335e-05,0.45982606826469136
7,148.06805593224908,,,mixed C-C-C bending / C-C-C linear bending,nu(C9-H14),bond,5.863336091429377e-05,-,-5.7484043096595324e-05,0.4126410102789359
7,148.06805593224908,,,mixed C-C-C bending / C-C-C linear bending,nu(C4-H11),bond,1.6891601205698386e-05,+,3.29303194227753e-05,0.3622439530730344
7,148.06805593224908,,,mixed C-C-C bending / C-C-C linear bending,tau(O1-C2-N3-C4),dihedral,8.547648522387605e-06,-,-5.373985887068842e-05,0.06882969170170204
7,148.06805593224908,,,mixed C-C-C bending / C-C-C linear bending,tau(C8-C6-C7-C2),dihedral,3.670578398414326e-06,-,-2.1521026494046126e-05,0.18430229863599684
7,148.06805593224908,,,mixed C-C-C bending / C-C-C linear bending,tau(N3-C2-C7-H13),dihedral,2.463887928733354e-06,+,2.7441599932325342e-05,0.07608942539795792
7,148.06805593224908,,,mixed C-C-C bending / C-C-C linear bending,tau(C4-C5-C6-C8),dihedral,1.5284456312724537e-06,-,-1.2420321548280674e-05,0.23041276089481189
7,148.06805593224908,,,mixed C-C-C bending / C-C-C linear bending,tau(O1-C2-N3-H10),dihedral,9.093565459262718e-07,-,-1.1558879869781567e-05,0.1582795871132262
7,148.06805593224908,,,mixed C-C-C bending / C-C-C linear bending,tau(C7-C2-N3-H10),dihedral,7.0155740399548e-07,-,-9.191904703904363e-06,0.19309649807876847
7,148.06805593224908,,,mixed C-C-C bending / C-C-C linear bending,tau(C4-C5-C6-C7),dihedral,4.233249552448698e-07,-,-8.996461822808504e-06,0.12163333095301532
7,148.06805593224908,,,mixed C-C-C bending / C-C-C linear bending,tau(H11-C4-C5-C6),dihedral,3.4934405440634004e-07,+,1.0747112256195017e-05,0.07033832102789596
7,148.06805593224908,,,mixed C-C-C bending / C-C-C linear bending,tau(H12-C5-C6-C7),dihedral,2.134905782360094e-10,+,2.6938317953188014e-07,0.0684163618253638
8,166.54747850982812,,,mixed cyclic-ring torsional/out-of-plane deformation / cyclic-ring torsional/out-of-plane deformation / ring-site C-H out-of-plane bending,tau(O1-C2-N3-C4),dihedral,47.13148769298787,-,-0.15660852632882657,0.06882969170170204
8,166.54747850982812,,,mixed cyclic-ring torsional/out-of-plane deformation / cyclic-ring torsional/out-of-plane deformation / ring-site C-H out-of-plane bending,tau(C4-C5-C6-C8),dihedral,16.287104470730164,-,-0.05031719444570401,0.23041276089481189
8,166.54747850982812,,,mixed cyclic-ring torsional/out-of-plane deformation / cyclic-ring torsional/out-of-plane deformation / ring-site C-H out-of-plane bending,tau(N3-C2-C7-H13),dihedral,13.041379321949494,+,0.07835150665814902,0.07608942539795792
8,166.54747850982812,,,mixed cyclic-ring torsional/out-of-plane deformation / cyclic-ring torsional/out-of-plane deformation / ring-site C-H out-of-plane bending,tau(C8-C6-C7-C2),dihedral,6.4935708993108054,-,-0.0355241878818109,0.18430229863599684
8,166.54747850982812,,,mixed cyclic-ring torsional/out-of-plane deformation / cyclic-ring torsional/out-of-plane deformation / ring-site C-H out-of-plane bending,tau(C4-C5-C6-C7),dihedral,6.0117126601945845,-,-0.042074653500170076,0.12163333095301532
8,166.54747850982812,,,mixed cyclic-ring torsional/out-of-plane deformation / cyclic-ring torsional/out-of-plane deformation / ring-site C-H out-of-plane bending,tau(O1-C2-N3-H10),dihedral,4.447755006707106,-,-0.03172529836256965,0.1582795871132262
8,166.54747850982812,,,mixed cyclic-ring torsional/out-of-plane deformation / cyclic-ring torsional/out-of-plane deformation / ring-site C-H out-of-plane bending,tau(C7-C2-N3-H10),dihedral,4.229227391253934,-,-0.028008578001359714,0.19309649807876847
8,166.54747850982812,,,mixed cyclic-ring torsional/out-of-plane deformation / cyclic-ring torsional/out-of-plane deformation / ring-site C-H out-of-plane bending,tau(H11-C4-C5-C6),dihedral,1.6540899894692538,+,0.029022265365587056,0.07033832102789596
8,166.54747850982812,,,mixed cyclic-ring torsional/out-of-plane deformation / cyclic-ring torsional/out-of-plane deformation / ring-site C-H out-of-plane bending,tau(H12-C5-C6-C7),dihedral,0.7009099109052501,-,-0.019155736454177008,0.0684163618253638
8,166.54747850982812,,,mixed cyclic-ring torsional/out-of-plane deformation / cyclic-ring torsional/out-of-plane deformation / ring-site C-H out-of-plane bending,delta_lin2(C8-C9-H14),linbend2,0.002581890401956547,+,0.0013073967020441784,0.05410264710992003
8,166.54747850982812,,,mixed cyclic-ring torsional/out-of-plane deformation / cyclic-ring torsional/out-of-plane deformation / ring-site C-H out-of-plane bending,delta_lin2(C6-C8-C9),linbend2,0.00017177873571169988,-,-0.00028014690629961635,0.07839587685607574
8,166.54747850982812,,,mixed cyclic-ring torsional/out-of-plane deformation / cyclic-ring torsional/out-of-plane deformation / ring-site C-H out-of-plane bending,delta(C7-C6-C8),angle,3.9637649939478405e-06,+,1.380918082679047e-05,0.7445048759789521
8,166.54747850982812,,,mixed cyclic-ring torsional/out-of-plane deformation / cyclic-ring torsional/out-of-plane deformation / ring-site C-H out-of-plane bending,delta(C5-C6-C8),angle,3.338172695579957e-06,-,-1.2685902068794976e-05,0.7429533980202208
8,166.54747850982812,,,mixed cyclic-ring torsional/out-of-plane deformation / cyclic-ring torsional/out-of-plane deformation / ring-site C-H out-of-plane bending,delta_lin1(C6-C8-C9),linbend1,1.3664024779255588e-06,+,2.4630655174539885e-05,0.0806718830220916
8,166.54747850982812,,,mixed cyclic-ring torsional/out-of-plane deformation / cyclic-ring torsional/out-of-plane deformation / ring-site C-H out-of-plane bending,delta(N3-C2-C7),angle,1.2048344680545153e-07,-,-2.3435495984438578e-06,0.78573222766154
8,166.54747850982812,,,mixed cyclic-ring torsional/out-of-plane deformation / cyclic-ring torsional/out-of-plane deformation / ring-site C-H out-of-plane bending,nu(C2-C7),bond,6.568289466133064e-08,+,2.582225772632741e-06,0.35282499408634166
8,166.54747850982812,,,mixed cyclic-ring torsional/out-of-plane deformation / cyclic-ring torsional/out-of-plane deformation / ring-site C-H out-of-plane bending,delta(O1-C2-N3),angle,3.5858109880105204e-08,-,-1.6139489818460887e-06,0.4930639731788844
8,166.54747850982812,,,mixed cyclic-ring torsional/out-of-plane deformation / cyclic-ring torsional/out-of-plane deformation / ring-site C-H out-of-plane bending,nu(O1-C2),bond,3.036906999999316e-08,-,-1.1954532369064773e-06,0.7611351696493606
8,166.54747850982812,,,mixed cyclic-ring torsional/out-of-plane deformation / cyclic-ring torsional/out-of-plane deformation / ring-site C-H out-of-plane bending,delta(N3-C4-C5),angle,1.8179839796885304e-08,-,-9.045880785030296e-07,0.7957631311007464
8,166.54747850982812,,,mixed cyclic-ring torsional/out-of-plane deformation / cyclic-ring torsional/out-of-plane deformation / ring-site C-H out-of-plane bending,delta(C2-N3-H10),angle,8.484940545078561e-09,-,-1.1149643191278922e-06,0.2444681840156614
8,166.54747850982812,,,mixed cyclic-ring torsional/out-of-plane deformation / cyclic-ring torsional/out-of-plane deformation / ring-site C-H out-of-plane bending,nu(C2-N3),bond,8.259592034171084e-09,+,9.261031401159867e-07,0.34493349191283007
8,166.54747850982812,,,mixed cyclic-ring torsional/out-of-plane deformation / cyclic-ring torsional/out-of-plane deformation / ring-site C-H out-of-plane bending,nu(N3-C4),bond,6.584450120606351e-09,-,-7.029435805630941e-07,0.4772809004995997
8,166.54747850982812,,,mixed cyclic-ring torsional/out-of-plane deformation / cyclic-ring torsional/out-of-plane deformation / ring-site C-H out-of-plane bending,nu(C5-C6),bond,5.5354131284168815e-09,-,-7.203123853857885e-07,0.3821235084742807
8,166.54747850982812,,,mixed cyclic-ring torsional/out-of-plane deformation / cyclic-ring torsional/out-of-plane deformation / ring-site C-H out-of-plane bending,nu(C6-C7),bond,4.3957350949938476e-09,+,5.487729443220002e-07,0.5228072611410868
8,166.54747850982812,,,mixed cyclic-ring torsional/out-of-plane deformation / cyclic-ring torsional/out-of-plane deformation / ring-site C-H out-of-plane bending,delta(C2-C7-H13),angle,4.3563584427862435e-09,+,8.173932525137888e-07,0.2335376961253556
8,166.54747850982812,,,mixed cyclic-ring torsional/out-of-plane deformation / cyclic-ring torsional/out-of-plane deformation / ring-site C-H out-of-plane bending,nu(C8-C9),bond,3.904143981035038e-09,+,3.5833495716302974e-07,1.08903779510484
8,166.54747850982812,,,mixed cyclic-ring torsional/out-of-plane deformation / cyclic-ring torsional/out-of-plane deformation / ring-site C-H out-of-plane bending,nu(C7-H13),bond,2.6957726130557648e-09,-,-5.135022599895881e-07,0.36617949382199605
8,166.54747850982812,,,mixed cyclic-ring torsional/out-of-plane deformation / cyclic-ring torsional/out-of-plane deformation / ring-site C-H out-of-plane bending,nu(C6-C8),bond,1.0187447278697685e-09,+,3.11880976258598e-07,0.3751311133403573
8,166.54747850982812,,,mixed cyclic-ring torsional/out-of-plane deformation / cyclic-ring torsional/out-of-plane deformation / ring-site C-H out-of-plane bending,nu(C9-H14),bond,9.753670571407603e-10,+,2.9096824090937297e-07,0.4126410102789359
8,166.54747850982812,,,mixed cyclic-ring torsional/out-of-plane deformation / cyclic-ring torsional/out-of-plane deformation / ring-site C-H out-of-plane bending,delta_lin1(C8-C9-H14),linbend1,8.924308192593015e-10,-,-7.352873901155516e-07,0.05912291051473502
8,166.54747850982812,,,mixed cyclic-ring torsional/out-of-plane deformation / cyclic-ring torsional/out-of-plane deformation / ring-site C-H out-of-plane bending,nu(C4-H11),bond,8.836188961157726e-10,+,2.9558314514857204e-07,0.3622439530730344
8,166.54747850982812,,,mixed cyclic-ring torsional/out-of-plane deformation / cyclic-ring torsional/out-of-plane deformation / ring-site C-H out-of-plane bending,delta(C5-C4-H11),angle,3.048489364353235e-10,-,-2.050508124147391e-07,0.25969116657976415
8,166.54747850982812,,,mixed cyclic-ring torsional/out-of-plane deformation / cyclic-ring torsional/out-of-plane deformation / ring-site C-H out-of-plane bending,nu(C4-C5),bond,6.012107132823124e-11,-,-6.188900184949475e-08,0.5622056888259223
8,166.54747850982812,,,mixed cyclic-ring torsional/out-of-plane deformation / cyclic-ring torsional/out-of-plane deformation / ring-site C-H out-of-plane bending,nu(C5-H12),bond,3.8143418385679726e-11,-,-6.0892476286081e-08,0.36845785714327406
8,166.54747850982812,,,mixed cyclic-ring torsional/out-of-plane deformation / cyclic-ring torsional/out-of-plane deformation / ring-site C-H out-of-plane bending,nu(N3-H10),bond,2.7645686684359505e-11,-,-4.640498509434507e-08,0.45982606826469136
8,166.54747850982812,,,mixed cyclic-ring torsional/out-of-plane deformation / cyclic-ring torsional/out-of-plane deformation / ring-site C-H out-of-plane bending,delta(C6-C5-H12),angle,2.305175759636078e-11,-,-5.901285873851659e-08,0.23708616882268754
9,342.8358098115961,,,mixed cyclic-ring torsional/out-of-plane deformation / C-C-C linear bending,delta_lin2(C6-C8-C9),linbend2,29.37190437805095,+,0.16391303878827065,0.07839587685607574
9,342.8358098115961,,,mixed cyclic-ring torsional/out-of-plane deformation / C-C-C linear bending,tau(C8-C6-C7-C2),dihedral,23.84995827332825,-,-0.09633242562061821,0.18430229863599684
9,342.8358098115961,,,mixed cyclic-ring torsional/out-of-plane deformation / C-C-C linear bending,tau(C4-C5-C6-C7),dihedral,21.992330569785757,+,0.11386844431194972,0.12163333095301532
9,342.8358098115961,,,mixed cyclic-ring torsional/out-of-plane deformation / C-C-C linear bending,tau(H12-C5-C6-C7),dihedral,11.917177195879983,+,0.11176369986985125,0.0684163618253638
9,342.8358098115961,,,mixed cyclic-ring torsional/out-of-plane deformation / C-C-C linear bending,tau(C4-C5-C6-C8),dihedral,7.4898787857184015,+,0.04828121500459575,0.23041276089481189
9,342.8358098115961,,,mixed cyclic-ring torsional/out-of-plane deformation / C-C-C linear bending,tau(O1-C2-N3-H10),dihedral,1.9672846533014094,-,-0.02985487159488728,0.1582795871132262
9,342.8358098115961,,,mixed cyclic-ring torsional/out-of-plane deformation / C-C-C linear bending,tau(O1-C2-N3-C4),dihedral,1.4229594086448043,+,0.03850369456524729,0.06882969170170204
9,342.8358098115961,,,mixed cyclic-ring torsional/out-of-plane deformation / C-C-C linear bending,tau(N3-C2-C7-H13),dihedral,0.9349185170231535,-,-0.02968375158738414,0.07608942539795792
9,342.8358098115961,,,mixed cyclic-ring torsional/out-of-plane deformation / C-C-C linear bending,delta_lin2(C8-C9-H14),linbend2,0.9046124369691088,-,-0.03462709670337891,0.05410264710992003
9,342.8358098115961,,,mixed cyclic-ring torsional/out-of-plane deformation / C-C-C linear bending,tau(C7-C2-N3-H10),dihedral,0.14472724812127075,+,0.007331317251284435,0.19309649807876847
9,342.8358098115961,,,mixed cyclic-ring torsional/out-of-plane deformation / C-C-C linear bending,delta_lin1(C6-C8-C9),linbend1,0.004102039205909887,+,0.001909558054136735,0.0806718830220916
9,342.8358098115961,,,mixed cyclic-ring torsional/out-of-plane deformation / C-C-C linear bending,delta_lin1(C8-C9-H14),linbend1,0.00014113712864250263,-,-0.000413748846571117,0.05912291051473502
9,342.8358098115961,,,mixed cyclic-ring torsional/out-of-plane deformation / C-C-C linear bending,tau(H11-C4-C5-C6),dihedral,3.5646623285994665e-06,-,-6.028472157407293e-05,0.07033832102789596
9,342.8358098115961,,,mixed cyclic-ring torsional/out-of-plane deformation / C-C-C linear bending,nu(C8-C9),bond,1.4194320660797437e-06,-,-9.667849695187827e-06,1.08903779510484
9,342.8358098115961,,,mixed cyclic-ring torsional/out-of-plane deformation / C-C-C linear bending,nu(C2-C7),bond,9.488757021362197e-08,-,-4.391562332634388e-06,0.35282499408634166
9,342.8358098115961,,,mixed cyclic-ring torsional/out-of-plane deformation / C-C-C linear bending,delta(C5-C6-C8),angle,8.238816782255627e-08,-,-2.81997784133646e-06,0.7429533980202208
9,342.8358098115961,,,mixed cyclic-ring torsional/out-of-plane deformation / C-C-C linear bending,delta(C7-C6-C8),angle,4.943227078464972e-08,+,2.182054368525857e-06,0.7445048759789521
9,342.8358098115961,,,mixed cyclic-ring torsional/out-of-plane deformation / C-C-C linear bending,nu(C2-N3),bond,3.275260953131173e-08,-,-2.6094521125921303e-06,0.34493349191283007
9,342.8358098115961,,,mixed cyclic-ring torsional/out-of-plane deformation / C-C-C linear bending,delta(N3-C2-C7),angle,3.218080809864794e-08,+,1.7137807070871131e-06,0.78573222766154
9,342.8358098115961,,,mixed cyclic-ring torsional/out-of-plane deformation / C-C-C linear bending,nu(C9-H14),bond,3.1432751968497754e-08,+,2.3372171731169246e-06,0.4126410102789359
9,342.8358098115961,,,mixed cyclic-ring torsional/out-of-plane deformation / C-C-C linear bending,nu(C6-C7),bond,1.8437521489229394e-08,-,-1.5902833952010484e-06,0.5228072611410868
9,342.8358098115961,,,mixed cyclic-ring torsional/out-of-plane deformation / C-C-C linear bending,delta(C2-C7-H13),angle,1.546444488469436e-08,+,2.1791279531875705e-06,0.2335376961253556
9,342.8358098115961,,,mixed cyclic-ring torsional/out-of-plane deformation / C-C-C linear bending,delta(O1-C2-N3),angle,9.49403901817718e-09,+,1.1750813419965658e-06,0.4930639731788844
9,342.8358098115961,,,mixed cyclic-ring torsional/out-of-plane deformation / C-C-C linear bending,nu(C4-H11),bond,2.518570644211013e-09,-,-7.061070638971319e-07,0.3622439530730344
9,342.8358098115961,,,mixed cyclic-ring torsional/out-of-plane deformation / C-C-C linear bending,delta(C5-C4-H11),angle,1.592134777660508e-09,+,6.630639031021995e-07,0.25969116657976415
9,342.8358098115961,,,mixed cyclic-ring torsional/out-of-plane deformation / C-C-C linear bending,nu(C7-H13),bond,7.39683687443822e-10,-,-3.8060112749950366e-07,0.36617949382199605
9,342.8358098115961,,,mixed cyclic-ring torsional/out-of-plane deformation / C-C-C linear bending,nu(N3-C4),bond,3.960853706723236e-10,+,2.4395034313069987e-07,0.4772809004995997
9,342.8358098115961,,,mixed cyclic-ring torsional/out-of-plane deformation / C-C-C linear bending,nu(C6-C8),bond,2.4338388620644487e-10,+,2.156991469965962e-07,0.3751311133403573
9,342.8358098115961,,,mixed cyclic-ring torsional/out-of-plane deformation / C-C-C linear bending,nu(C4-C5),bond,1.9697581062398398e-10,-,-1.5850862193576765e-07,0.5622056888259223
9,342.8358098115961,,,mixed cyclic-ring torsional/out-of-plane deformation / C-C-C linear bending,nu(C5-C6),bond,1.8805342990181624e-10,-,-1.8785934818122702e-07,0.3821235084742807
9,342.8358098115961,,,mixed cyclic-ring torsional/out-of-plane deformation / C-C-C linear bending,nu(O1-C2),bond,1.5298426306798208e-10,-,-1.2005673946245075e-07,0.7611351696493606
9,342.8358098115961,,,mixed cyclic-ring torsional/out-of-plane deformation / C-C-C linear bending,delta(C2-N3-H10),angle,1.0619591416576142e-10,-,-1.7649678165767984e-07,0.2444681840156614
9,342.8358098115961,,,mixed cyclic-ring torsional/out-of-plane deformation / C-C-C linear bending,nu(N3-H10),bond,8.397018048638014e-11,+,1.1443524639547871e-07,0.45982606826469136
9,342.8358098115961,,,mixed cyclic-ring torsional/out-of-plane deformation / C-C-C linear bending,delta(C6-C5-H12),angle,5.8013632766951186e-11,+,1.3246647550179046e-07,0.23708616882268754
9,342.8358098115961,,,mixed cyclic-ring torsional/out-of-plane deformation / C-C-C linear bending,nu(C5-H12),bond,1.678905576075215e-12,+,1.8076455846296722e-08,0.36845785714327406
9,342.8358098115961,,,mixed cyclic-ring torsional/out-of-plane deformation / C-C-C linear bending,delta(N3-C4-C5),angle,3.3591053698411696e-14,+,1.7398586500162785e-09,0.7957631311007464
10,434.27558845662355,,,mixed O-C-N bending / C-C-C linear bending,delta(O1-C2-N3),angle,43.48383303923808,+,0.08141746716008712,0.4930639731788844
10,434.27558845662355,,,mixed O-C-N bending / C-C-C linear bending,delta_lin1(C6-C8-C9),linbend1,15.830538744018027,+,0.12144847441600422,0.0806718830220916
10,434.27558845662355,,,mixed O-C-N bending / C-C-C linear bending,delta(C5-C6-C8),angle,7.691013084235234,+,0.027894353593734298,0.7429533980202208
10,434.27558845662355,,,mixed O-C-N bending / C-C-C linear bending,nu(C6-C7),bond,6.21961040648604,-,-0.029903092122368122,0.5228072611410868
10,434.27558845662355,,,mixed O-C-N bending / C-C-C linear bending,nu(C2-C7),bond,6.177288678828335,-,-0.03627643413260926,0.35282499408634166
10,434.27558845662355,,,mixed O-C-N bending / C-C-C linear bending,delta(C7-C6-C8),angle,5.479891886102424,-,-0.023521094962692255,0.7445048759789521
10,434.27558845662355,,,mixed O-C-N bending / C-C-C linear bending,delta(C2-N3-H10),angle,3.7654529077719125,+,0.034025361685955324,0.2444681840156614
10,434.27558845662355,,,mixed O-C-N bending / C-C-C linear bending,nu(N3-C4),bond,3.3095097605438486,+,0.02282969549198547,0.4772809004995997
10,434.27558845662355,,,mixed O-C-N bending / C-C-C linear bending,delta(N3-C2-C7),angle,2.0797014966962055,+,0.014104851959233295,0.78573222766154
10,434.27558845662355,,,mixed O-C-N bending / C-C-C linear bending,nu(C6-C8),bond,1.6635614162879646,-,-0.018257158667409575,0.3751311133403573
10,434.27558845662355,,,mixed O-C-N bending / C-C-C linear bending,delta(C2-C7-H13),angle,1.6541195797192179,-,-0.023073329538502243,0.2335376961253556
10,434.27558845662355,,,mixed O-C-N bending / C-C-C linear bending,nu(C2-N3),bond,0.9737096880876313,+,0.014566404854453518,0.34493349191283007
10,434.27558845662355,,,mixed O-C-N bending / C-C-C linear bending,delta(N3-C4-C5),angle,0.6731624642342493,+,0.007973947138607478,0.7957631311007464
10,434.27558845662355,,,mixed O-C-N bending / C-C-C linear bending,delta_lin1(C8-C9-H14),linbend1,0.2968646172523177,-,-0.019427039786636274,0.05912291051473502
10,434.27558845662355,,,mixed O-C-N bending / C-C-C linear bending,nu(O1-C2),bond,0.27064309427024885,-,-0.005169789897577077,0.7611351696493606
10,434.27558845662355,,,mixed O-C-N bending / C-C-C linear bending,nu(C8-C9),bond,0.15267127739941652,-,-0.0032461045764441998,1.08903779510484
10,434.27558845662355,,,mixed O-C-N bending / C-C-C linear bending,delta(C5-C4-H11),angle,0.13120952044706857,-,-0.006162534999528472,0.25969116657976415
10,434.27558845662355,,,mixed O-C-N bending / C-C-C linear bending,nu(C5-C6),bond,0.12564835670724064,+,0.004971435871043314,0.3821235084742807
10,434.27558845662355,,,mixed O-C-N bending / C-C-C linear bending,nu(C4-C5),bond,0.005894050434141372,+,0.0008876967284490085,0.5622056888259223
10,434.27558845662355,,,mixed O-C-N bending / C-C-C linear bending,nu(C7-H13),bond,0.0057645259451799425,-,-0.0010877775776966432,0.36617949382199605
10,434.27558845662355,,,mixed O-C-N bending / C-C-C linear bending,nu(C9-H14),bond,0.004563763141744147,-,-0.0009117602778381421,0.4126410102789359
10,434.27558845662355,,,mixed O-C-N bending / C-C-C linear bending,delta(C6-C5-H12),angle,0.0020939967604226006,+,0.0008147797123488358,0.23708616882268754
10,434.27558845662355,,,mixed O-C-N bending / C-C-C linear bending,delta_lin2(C6-C8-C9),linbend2,0.0018785375985496708,-,-0.0013420498512250513,0.07839587685607574
10,434.27558845662355,,,mixed O-C-N bending / C-C-C linear bending,nu(N3-H10),bond,0.0007764943257045106,-,-0.00035626869449661037,0.45982606826469136
10,434.27558845662355,,,mixed O-C-N bending / C-C-C linear bending,nu(C5-H12),bond,0.0003483132403392754,+,0.00026656086811832586,0.36845785714327406
10,434.27558845662355,,,mixed O-C-N bending / C-C-C linear bending,nu(C4-H11),bond,0.0001128245819484531,+,0.00015300534680777708,0.3622439530730344
10,434.27558845662355,,,mixed O-C-N bending / C-C-C linear bending,tau(C4-C5-C6-C8),dihedral,3.602081310019508e-05,+,0.00010839988099810826,0.23041276089481189
10,434.27558845662355,,,mixed O-C-N bending / C-C-C linear bending,delta_lin2(C8-C9-H14),linbend2,3.4295948355170296e-05,+,0.0002182817688014656,0.05410264710992003
10,434.27558845662355,,,mixed O-C-N bending / C-C-C linear bending,tau(C7-C2-N3-H10),dihedral,2.860150555592036e-05,+,0.00010551460120157196,0.19309649807876847
10,434.27558845662355,,,mixed O-C-N bending / C-C-C linear bending,tau(O1-C2-N3-H10),dihedral,1.2017079183685747e-05,+,7.554266823949437e-05,0.1582795871132262
10,434.27558845662355,,,mixed O-C-N bending / C-C-C linear bending,tau(H11-C4-C5-C6),dihedral,9.663979247155622e-06,-,-0.00010162189962525922,0.07033832102789596
10,434.27558845662355,,,mixed O-C-N bending / C-C-C linear bending,tau(O1-C2-N3-C4),dihedral,6.793099796899426e-06,-,-8.61293954045777e-05,0.06882969170170204
10,434.27558845662355,,,mixed O-C-N bending / C-C-C linear bending,tau(H12-C5-C6-C7),dihedral,3.6079031557451153e-06,-,-6.295826643733846e-05,0.0684163618253638
10,434.27558845662355,,,mixed O-C-N bending / C-C-C linear bending,tau(N3-C2-C7-H13),dihedral,3.443094458885397e-06,-,-5.832001538285644e-05,0.07608942539795792
10,434.27558845662355,,,mixed O-C-N bending / C-C-C linear bending,tau(C4-C5-C6-C7),dihedral,2.3709176955385456e-06,+,3.827694360916189e-05,0.12163333095301532
10,434.27558845662355,,,mixed O-C-N bending / C-C-C linear bending,tau(C8-C6-C7-C2),dihedral,6.613059710622844e-07,-,-1.6422571429561492e-05,0.18430229863599684
11,439.59509569120604,,,mixed cyclic-ring torsional/out-of-plane deformation / ring-site N-H out-of-plane bending / ring-site C-H out-of-plane bending,tau(C4-C5-C6-C8),dihedral,34.65217002718273,-,-0.1797632765617048,0.23041276089481189
11,439.59509569120604,,,mixed cyclic-ring torsional/out-of-plane deformation / ring-site N-H out-of-plane bending / ring-site C-H out-of-plane bending,tau(C7-C2-N3-H10),dihedral,24.00837255683689,-,-0.1634493444338329,0.19309649807876847
11,439.59509569120604,,,mixed cyclic-ring torsional/out-of-plane deformation / ring-site N-H out-of-plane bending / ring-site C-H out-of-plane bending,tau(H11-C4-C5-C6),dihedral,9.553118474118474,+,0.17083057555675507,0.07033832102789596
11,439.59509569120604,,,mixed cyclic-ring torsional/out-of-plane deformation / ring-site N-H out-of-plane bending / ring-site C-H out-of-plane bending,tau(O1-C2-N3-H10),dihedral,8.08135644590772,-,-0.10474147801981064,0.1582795871132262
11,439.59509569120604,,,mixed cyclic-ring torsional/out-of-plane deformation / ring-site N-H out-of-plane bending / ring-site C-H out-of-plane bending,tau(O1-C2-N3-C4),dihedral,6.87662608785383,+,0.14651726867466597,0.06882969170170204
11,439.59509569120604,,,mixed cyclic-ring torsional/out-of-plane deformation / ring-site N-H out-of-plane bending / ring-site C-H out-of-plane bending,delta_lin2(C6-C8-C9),linbend2,5.629598980112145,-,-0.1242170295660339,0.07839587685607574
11,439.59509569120604,,,mixed cyclic-ring torsional/out-of-plane deformation / ring-site N-H out-of-plane bending / ring-site C-H out-of-plane bending,tau(N3-C2-C7-H13),dihedral,3.830601523140495,+,0.10400647016305917,0.07608942539795792
11,439.59509569120604,,,mixed cyclic-ring torsional/out-of-plane deformation / ring-site N-H out-of-plane bending / ring-site C-H out-of-plane bending,tau(H12-C5-C6-C7),dihedral,3.089561253484749,+,0.0985048100682754,0.0684163618253638
11,439.59509569120604,,,mixed cyclic-ring torsional/out-of-plane deformation / ring-site N-H out-of-plane bending / ring-site C-H out-of-plane bending,tau(C4-C5-C6-C7),dihedral,3.075056940337518,-,-0.07370370194589088,0.12163333095301532
11,439.59509569120604,,,mixed cyclic-ring torsional/out-of-plane deformation / ring-site N-H out-of-plane bending / ring-site C-H out-of-plane bending,tau(C8-C6-C7-C2),dihedral,0.955649041816582,+,0.03337896448406972,0.18430229863599684
11,439.59509569120604,,,mixed cyclic-ring torsional/out-of-plane deformation / ring-site N-H out-of-plane bending / ring-site C-H out-of-plane bending,delta_lin2(C8-C9-H14),linbend2,0.24711856996847326,+,0.031327984464300136,0.05410264710992003
11,439.59509569120604,,,mixed cyclic-ring torsional/out-of-plane deformation / ring-site N-H out-of-plane bending / ring-site C-H out-of-plane bending,delta_lin1(C6-C8-C9),linbend1,0.0007001314247691263,-,-0.0013655817665165447,0.0806718830220916
11,439.59509569120604,,,mixed cyclic-ring torsional/out-of-plane deformation / ring-site N-H out-of-plane bending / ring-site C-H out-of-plane bending,delta_lin1(C8-C9-H14),linbend1,4.572871848890555e-05,+,0.00040766707156637887,0.05912291051473502
11,439.59509569120604,,,mixed cyclic-ring torsional/out-of-plane deformation / ring-site N-H out-of-plane bending / ring-site C-H out-of-plane bending,delta(C5-C6-C8),angle,6.7674841314366465e-06,+,4.424068648939072e-05,0.7429533980202208
11,439.59509569120604,,,mixed cyclic-ring torsional/out-of-plane deformation / ring-site N-H out-of-plane bending / ring-site C-H out-of-plane bending,delta(O1-C2-N3),angle,6.7551436652554e-06,+,5.425686301381514e-05,0.4930639731788844
11,439.59509569120604,,,mixed cyclic-ring torsional/out-of-plane deformation / ring-site N-H out-of-plane bending / ring-site C-H out-of-plane bending,delta(N3-C2-C7),angle,2.0471235086942197e-06,+,2.366049142037899e-05,0.78573222766154
11,439.59509569120604,,,mixed cyclic-ring torsional/out-of-plane deformation / ring-site N-H out-of-plane bending / ring-site C-H out-of-plane bending,delta(C2-N3-H10),angle,1.9259415229321963e-06,+,4.114332592250813e-05,0.2444681840156614
11,439.59509569120604,,,mixed cyclic-ring torsional/out-of-plane deformation / ring-site N-H out-of-plane bending / ring-site C-H out-of-plane bending,delta(C2-C7-H13),angle,1.6388242964363256e-06,-,-3.883083434757189e-05,0.2335376961253556
11,439.59509569120604,,,mixed cyclic-ring torsional/out-of-plane deformation / ring-site N-H out-of-plane bending / ring-site C-H out-of-plane bending,delta(N3-C4-C5),angle,1.3823264826110597e-06,+,1.9319791192504473e-05,0.7957631311007464
11,439.59509569120604,,,mixed cyclic-ring torsional/out-of-plane deformation / ring-site N-H out-of-plane bending / ring-site C-H out-of-plane bending,nu(C8-C9),bond,7.343870290234999e-07,+,1.2037326589017454e-05,1.08903779510484
11,439.59509569120604,,,mixed cyclic-ring torsional/out-of-plane deformation / ring-site N-H out-of-plane bending / ring-site C-H out-of-plane bending,delta(C7-C6-C8),angle,5.598726008426958e-07,+,1.2711589365358341e-05,0.7445048759789521
11,439.59509569120604,,,mixed cyclic-ring torsional/out-of-plane deformation / ring-site N-H out-of-plane bending / ring-site C-H out-of-plane bending,nu(C6-C7),bond,5.412179355734069e-07,-,-1.4914349148026812e-05,0.5228072611410868
11,439.59509569120604,,,mixed cyclic-ring torsional/out-of-plane deformation / ring-site N-H out-of-plane bending / ring-site C-H out-of-plane bending,nu(C6-C8),bond,4.522671947313929e-07,+,1.6095149746229662e-05,0.3751311133403573
11,439.59509569120604,,,mixed cyclic-ring torsional/out-of-plane deformation / ring-site N-H out-of-plane bending / ring-site C-H out-of-plane bending,nu(N3-C4),bond,4.497722666299643e-07,+,1.4229784719452111e-05,0.4772809004995997
11,439.59509569120604,,,mixed cyclic-ring torsional/out-of-plane deformation / ring-site N-H out-of-plane bending / ring-site C-H out-of-plane bending,nu(C5-C6),bond,3.7214285202454497e-07,+,1.4465784250208506e-05,0.3821235084742807
11,439.59509569120604,,,mixed cyclic-ring torsional/out-of-plane deformation / ring-site N-H out-of-plane bending / ring-site C-H out-of-plane bending,delta(C5-C4-H11),angle,3.1026415329025845e-07,-,-1.6022350693175817e-05,0.25969116657976415
11,439.59509569120604,,,mixed cyclic-ring torsional/out-of-plane deformation / ring-site N-H out-of-plane bending / ring-site C-H out-of-plane bending,nu(C4-C5),bond,2.2931638354794283e-07,+,9.361791080994298e-06,0.5622056888259223
11,439.59509569120604,,,mixed cyclic-ring torsional/out-of-plane deformation / ring-site N-H out-of-plane bending / ring-site C-H out-of-plane bending,nu(C2-N3),bond,2.676855873250054e-08,-,-4.083511968436223e-06,0.34493349191283007
11,439.59509569120604,,,mixed cyclic-ring torsional/out-of-plane deformation / ring-site N-H out-of-plane bending / ring-site C-H out-of-plane bending,nu(C4-H11),bond,1.4769162626975705e-08,-,-2.9598273917378686e-06,0.3622439530730344
11,439.59509569120604,,,mixed cyclic-ring torsional/out-of-plane deformation / ring-site N-H out-of-plane bending / ring-site C-H out-of-plane bending,nu(C7-H13),bond,8.83155726354572e-09,-,-2.276463312490762e-06,0.36617949382199605
11,439.59509569120604,,,mixed cyclic-ring torsional/out-of-plane deformation / ring-site N-H out-of-plane bending / ring-site C-H out-of-plane bending,nu(O1-C2),bond,5.8841623696337584e-09,-,-1.2888442853536656e-06,0.7611351696493606
11,439.59509569120604,,,mixed cyclic-ring torsional/out-of-plane deformation / ring-site N-H out-of-plane bending / ring-site C-H out-of-plane bending,delta(C6-C5-H12),angle,5.7512718605723066e-09,-,-2.283062812464535e-06,0.23708616882268754
11,439.59509569120604,,,mixed cyclic-ring torsional/out-of-plane deformation / ring-site N-H out-of-plane bending / ring-site C-H out-of-plane bending,nu(C2-C7),bond,4.489976134533071e-09,-,-1.6536034352441174e-06,0.35282499408634166
11,439.59509569120604,,,mixed cyclic-ring torsional/out-of-plane deformation / ring-site N-H out-of-plane bending / ring-site C-H out-of-plane bending,nu(C9-H14),bond,3.859805837999792e-09,+,1.4177039724816113e-06,0.4126410102789359
11,439.59509569120604,,,mixed cyclic-ring torsional/out-of-plane deformation / ring-site N-H out-of-plane bending / ring-site C-H out-of-plane bending,nu(C5-H12),bond,1.9919363706454455e-09,+,1.0777867512304984e-06,0.36845785714327406
11,439.59509569120604,,,mixed cyclic-ring torsional/out-of-plane deformation / ring-site N-H out-of-plane bending / ring-site C-H out-of-plane bending,nu(N3-H10),bond,6.66686606313298e-10,-,-5.581527796291677e-07,0.45982606826469136
12,450.43361462722385,,,mixed C-C-C bending / cyclic-ring deformation (N-C-C bend) / exocyclic C-C stretching,delta(C7-C6-C8),angle,20.398849010810192,-,-0.045005219168829456,0.7445048759789521
12,450.43361462722385,,,mixed C-C-C bending / cyclic-ring deformation (N-C-C bend) / exocyclic C-C stretching,delta(C5-C6-C8),angle,18.976603113537827,-,-0.04345325089504916,0.7429533980202208
12,450.43361462722385,,,mixed C-C-C bending / cyclic-ring deformation (N-C-C bend) / exocyclic C-C stretching,nu(C6-C8),bond,15.10127993820961,-,-0.05455180922765202,0.3751311133403573
12,450.43361462722385,,,mixed C-C-C bending / cyclic-ring deformation (N-C-C bend) / exocyclic C-C stretching,delta(N3-C4-C5),angle,9.491630743369559,-,-0.029694248099483806,0.7957631311007464
12,450.43361462722385,,,mixed C-C-C bending / cyclic-ring deformation (N-C-C bend) / exocyclic C-C stretching,delta(N3-C2-C7),angle,7.73437217731387,-,-0.026975473243067722,0.78573222766154
12,450.43361462722385,,,mixed C-C-C bending / cyclic-ring deformation (N-C-C bend) / exocyclic C-C stretching,delta(C2-C7-H13),angle,7.314374841639664,+,0.04811759730474293,0.2335376961253556
12,450.43361462722385,,,mixed C-C-C bending / cyclic-ring deformation (N-C-C bend) / exocyclic C-C stretching,nu(C2-C7),bond,6.990521953628423,-,-0.03827092445911926,0.35282499408634166
12,450.43361462722385,,,mixed C-C-C bending / cyclic-ring deformation (N-C-C bend) / exocyclic C-C stretching,delta(C2-N3-H10),angle,4.102050355269462,-,-0.03521949649613398,0.2444681840156614
12,450.43361462722385,,,mixed C-C-C bending / cyclic-ring deformation (N-C-C bend) / exocyclic C-C stretching,delta(C5-C4-H11),angle,2.6344834565073443,+,0.027385014279018214,0.25969116657976415
12,450.43361462722385,,,mixed C-C-C bending / cyclic-ring deformation (N-C-C bend) / exocyclic C-C stretching,nu(C8-C9),bond,2.019090959399407,-,-0.011707125890821662,1.08903779510484
12,450.43361462722385,,,mixed C-C-C bending / cyclic-ring deformation (N-C-C bend) / exocyclic C-C stretching,nu(C5-C6),bond,1.7307455822980937,-,-0.018298208003535568,0.3821235084742807
12,450.43361462722385,,,mixed C-C-C bending / cyclic-ring deformation (N-C-C bend) / exocyclic C-C stretching,nu(C4-C5),bond,1.269505528712258,-,-0.012920029428918208,0.5622056888259223
12,450.43361462722385,,,mixed C-C-C bending / cyclic-ring deformation (N-C-C bend) / exocyclic C-C stretching,nu(C2-N3),bond,1.1786271474651555,+,0.01589331020549346,0.34493349191283007
12,450.43361462722385,,,mixed C-C-C bending / cyclic-ring deformation (N-C-C bend) / exocyclic C-C stretching,delta(O1-C2-N3),angle,0.6853019476651099,-,-0.010136386692385988,0.4930639731788844
12,450.43361462722385,,,mixed C-C-C bending / cyclic-ring deformation (N-C-C bend) / exocyclic C-C stretching,nu(C6-C7),bond,0.16254645015807845,-,-0.004794151585822202,0.5228072611410868
12,450.43361462722385,,,mixed C-C-C bending / cyclic-ring deformation (N-C-C bend) / exocyclic C-C stretching,delta(C6-C5-H12),angle,0.06342796881996875,+,0.004447143210128398,0.23708616882268754
12,450.43361462722385,,,mixed C-C-C bending / cyclic-ring deformation (N-C-C bend) / exocyclic C-C stretching,nu(N3-C4),bond,0.06178642575632341,-,-0.0030935228707790656,0.4772809004995997
12,450.43361462722385,,,mixed C-C-C bending / cyclic-ring deformation (N-C-C bend) / exocyclic C-C stretching,nu(C9-H14),bond,0.05147910203228976,-,-0.003036848382063514,0.4126410102789359
12,450.43361462722385,,,mixed C-C-C bending / cyclic-ring deformation (N-C-C bend) / exocyclic C-C stretching,delta_lin1(C6-C8-C9),linbend1,0.009466557046866256,-,-0.0029452946842140545,0.0806718830220916
12,450.43361462722385,,,mixed C-C-C bending / cyclic-ring deformation (N-C-C bend) / exocyclic C-C stretching,nu(C5-H12),bond,0.009085358444609629,-,-0.0013501155664739873,0.36845785714327406
12,450.43361462722385,,,mixed C-C-C bending / cyclic-ring deformation (N-C-C bend) / exocyclic C-C stretching,nu(O1-C2),bond,0.006866045948049851,-,-0.0008166129830324536,0.7611351696493606
12,450.43361462722385,,,mixed C-C-C bending / cyclic-ring deformation (N-C-C bend) / exocyclic C-C stretching,nu(C7-H13),bond,0.004186868807150442,-,-0.000919372457169553,0.36617949382199605
12,450.43361462722385,,,mixed C-C-C bending / cyclic-ring deformation (N-C-C bend) / exocyclic C-C stretching,delta_lin1(C8-C9-H14),linbend1,0.001574357530213572,-,-0.0014030320847450818,0.05912291051473502
12,450.43361462722385,,,mixed C-C-C bending / cyclic-ring deformation (N-C-C bend) / exocyclic C-C stretching,nu(N3-H10),bond,0.0014717113713447964,-,-0.00048641655888522205,0.45982606826469136
12,450.43361462722385,,,mixed C-C-C bending / cyclic-ring deformation (N-C-C bend) / exocyclic C-C stretching,nu(C4-H11),bond,0.0005433398822787176,+,0.00033298835225783704,0.3622439530730344
12,450.43361462722385,,,mixed C-C-C bending / cyclic-ring deformation (N-C-C bend) / exocyclic C-C stretching,tau(C7-C2-N3-H10),dihedral,3.773547219988126e-05,-,-0.00012019364840336818,0.19309649807876847
12,450.43361462722385,,,mixed C-C-C bending / cyclic-ring deformation (N-C-C bend) / exocyclic C-C stretching,tau(C4-C5-C6-C8),dihedral,3.6150239569804795e-05,-,-0.00010769515073420212,0.23041276089481189
12,450.43361462722385,,,mixed C-C-C bending / cyclic-ring deformation (N-C-C bend) / exocyclic C-C stretching,tau(O1-C2-N3-H10),dihedral,1.1912920913469665e-05,-,-7.459169868064385e-05,0.1582795871132262
12,450.43361462722385,,,mixed C-C-C bending / cyclic-ring deformation (N-C-C bend) / exocyclic C-C stretching,tau(H11-C4-C5-C6),dihedral,1.1182969370626408e-05,+,0.00010841175911594322,0.07033832102789596
12,450.43361462722385,,,mixed C-C-C bending / cyclic-ring deformation (N-C-C bend) / exocyclic C-C stretching,tau(C4-C5-C6-C7),dihedral,6.7462561073357836e-06,-,-6.403227535746796e-05,0.12163333095301532
12,450.43361462722385,,,mixed C-C-C bending / cyclic-ring deformation (N-C-C bend) / exocyclic C-C stretching,tau(O1-C2-N3-C4),dihedral,6.586825438770528e-06,+,8.410929396600707e-05,0.06882969170170204
12,450.43361462722385,,,mixed C-C-C bending / cyclic-ring deformation (N-C-C bend) / exocyclic C-C stretching,delta_lin2(C8-C9-H14),linbend2,6.479949261283521e-06,+,9.409582792758649e-05,0.05410264710992003
12,450.43361462722385,,,mixed C-C-C bending / cyclic-ring deformation (N-C-C bend) / exocyclic C-C stretching,tau(N3-C2-C7-H13),dihedral,4.954839149647694e-06,+,6.938194182620224e-05,0.07608942539795792
12,450.43361462722385,,,mixed C-C-C bending / cyclic-ring deformation (N-C-C bend) / exocyclic C-C stretching,delta_lin2(C6-C8-C9),linbend2,4.573807998288714e-06,-,-6.567289726227219e-05,0.07839587685607574
12,450.43361462722385,,,mixed C-C-C bending / cyclic-ring deformation (N-C-C bend) / exocyclic C-C stretching,tau(H12-C5-C6-C7),dihedral,1.5630725785739042e-06,+,4.109636468400713e-05,0.0684163618253638
12,450.43361462722385,,,mixed C-C-C bending / cyclic-ring deformation (N-C-C bend) / exocyclic C-C stretching,tau(C8-C6-C7-C2),dihedral,1.1720242355702513e-06,+,2.168187032894197e-05,0.18430229863599684
13,556.3747873420642,,,mixed cyclic-ring deformation (N-C-C bend) / C-C-C bending,delta(N3-C2-C7),angle,41.03060309734095,-,-0.09636329405003677,0.78573222766154
13,556.3747873420642,,,mixed cyclic-ring deformation (N-C-C bend) / C-C-C bending,delta(C7-C6-C8),angle,14.555510389329479,-,-0.05896236792382309,0.7445048759789521
13,556.3747873420642,,,mixed cyclic-ring deformation (N-C-C bend) / C-C-C bending,delta(C5-C6-C8),angle,13.791350403198217,+,0.0574536441437206,0.7429533980202208
13,556.3747873420642,,,mixed cyclic-ring deformation (N-C-C bend) / C-C-C bending,delta(N3-C4-C5),angle,11.951571002119337,+,0.051679173737548434,0.7957631311007464
13,556.3747873420642,,,mixed cyclic-ring deformation (N-C-C bend) / C-C-C bending,delta_lin1(C6-C8-C9),linbend1,7.549820503614247,+,0.12900370588443724,0.0806718830220916
13,556.3747873420642,,,mixed cyclic-ring deformation (N-C-C bend) / C-C-C bending,delta(C6-C5-H12),angle,3.513572042104657,+,0.05133532221878485,0.23708616882268754
13,556.3747873420642,,,mixed cyclic-ring deformation (N-C-C bend) / C-C-C bending,nu(C6-C7),bond,1.7575454490908218,+,0.024449920266430145,0.5228072611410868
13,556.3747873420642,,,mixed cyclic-ring deformation (N-C-C bend) / C-C-C bending,delta(O1-C2-N3),angle,1.4880410618869295,+,0.02316598616420979,0.4930639731788844
13,556.3747873420642,,,mixed cyclic-ring deformation (N-C-C bend) / C-C-C bending,nu(O1-C2),bond,0.9686265976966426,+,0.015043270699322805,0.7611351696493606
13,556.3747873420642,,,mixed cyclic-ring deformation (N-C-C bend) / C-C-C bending,nu(C6-C8),bond,0.8858435775492248,+,0.020491886784201392,0.3751311133403573
13,556.3747873420642,,,mixed cyclic-ring deformation (N-C-C bend) / C-C-C bending,nu(N3-C4),bond,0.8204351843486726,+,0.01748356856514194,0.4772809004995997
13,556.3747873420642,,,mixed cyclic-ring deformation (N-C-C bend) / C-C-C bending,nu(C2-C7),bond,0.5169677653444217,+,0.016141616725815454,0.35282499408634166
13,556.3747873420642,,,mixed cyclic-ring deformation (N-C-C bend) / C-C-C bending,nu(C4-C5),bond,0.2929555627873001,+,0.009626052521774746,0.5622056888259223
13,556.3747873420642,,,mixed cyclic-ring deformation (N-C-C bend) / C-C-C bending,delta(C5-C4-H11),angle,0.25031654353011185,-,-0.013092155602350695,0.25969116657976415
13,556.3747873420642,,,mixed cyclic-ring deformation (N-C-C bend) / C-C-C bending,delta_lin1(C8-C9-H14),linbend1,0.2433073206730725,-,-0.027051705807877045,0.05912291051473502
13,556.3747873420642,,,mixed cyclic-ring deformation (N-C-C bend) / C-C-C bending,nu(C8-C9),bond,0.12230068307072729,+,0.004468769307747562,1.08903779510484
13,556.3747873420642,,,mixed cyclic-ring deformation (N-C-C bend) / C-C-C bending,delta(C2-C7-H13),angle,0.10598691212081379,-,-0.008983438402097097,0.2335376961253556
13,556.3747873420642,,,mixed cyclic-ring deformation (N-C-C bend) / C-C-C bending,nu(C5-C6),bond,0.09478643348449078,+,0.006641500096300641,0.3821235084742807
13,556.3747873420642,,,mixed cyclic-ring deformation (N-C-C bend) / C-C-C bending,delta(C2-N3-H10),angle,0.04119677075281159,+,0.005474133499802179,0.2444681840156614
13,556.3747873420642,,,mixed cyclic-ring deformation (N-C-C bend) / C-C-C bending,nu(C2-N3),bond,0.008543833063808778,-,-0.0020987159588025184,0.34493349191283007
13,556.3747873420642,,,mixed cyclic-ring deformation (N-C-C bend) / C-C-C bending,nu(C5-H12),bond,0.004208640235167208,+,0.0014251873560299666,0.36845785714327406
13,556.3747873420642,,,mixed cyclic-ring deformation (N-C-C bend) / C-C-C bending,nu(C9-H14),bond,0.0024427074481167804,+,0.0010259932524801908,0.4126410102789359
13,556.3747873420642,,,mixed cyclic-ring deformation (N-C-C bend) / C-C-C bending,nu(N3-H10),bond,0.0020678750023861246,+,0.0008942528187248939,0.45982606826469136
13,556.3747873420642,,,mixed cyclic-ring deformation (N-C-C bend) / C-C-C bending,delta_lin2(C6-C8-C9),linbend2,0.0009797286095983436,-,-0.001490737767911404,0.07839587685607574
13,556.3747873420642,,,mixed cyclic-ring deformation (N-C-C bend) / C-C-C bending,nu(C7-H13),bond,0.0006321643834480399,+,0.0005540678773488821,0.36617949382199605
13,556.3747873420642,,,mixed cyclic-ring deformation (N-C-C bend) / C-C-C bending,nu(C4-H11),bond,0.0003627903722574868,+,0.0004220095457325088,0.3622439530730344
13,556.3747873420642,,,mixed cyclic-ring deformation (N-C-C bend) / C-C-C bending,delta_lin2(C8-C9-H14),linbend2,2.474504426511561e-05,+,0.0002851870695224217,0.05410264710992003
13,556.3747873420642,,,mixed cyclic-ring deformation (N-C-C bend) / C-C-C bending,tau(O1-C2-N3-H10),dihedral,6.966470580967973e-08,-,-8.84685521349775e-06,0.1582795871132262
13,556.3747873420642,,,mixed cyclic-ring deformation (N-C-C bend) / C-C-C bending,tau(C4-C5-C6-C7),dihedral,5.975801750980983e-08,+,9.346882019619224e-06,0.12163333095301532
13,556.3747873420642,,,mixed cyclic-ring deformation (N-C-C bend) / C-C-C bending,tau(C4-C5-C6-C8),dihedral,3.731429940163877e-08,+,5.366354422223034e-06,0.23041276089481189
13,556.3747873420642,,,mixed cyclic-ring deformation (N-C-C bend) / C-C-C bending,tau(N3-C2-C7-H13),dihedral,1.466420731852211e-08,-,-5.8541266529526055e-06,0.07608942539795792
13,556.3747873420642,,,mixed cyclic-ring deformation (N-C-C bend) / C-C-C bending,tau(C7-C2-N3-H10),dihedral,1.2890090130083674e-08,+,3.4453690534613792e-06,0.19309649807876847
13,556.3747873420642,,,mixed cyclic-ring deformation (N-C-C bend) / C-C-C bending,tau(H12-C5-C6-C7),dihedral,9.965003203306954e-09,+,5.089249043275677e-06,0.0684163618253638
13,556.3747873420642,,,mixed cyclic-ring deformation (N-C-C bend) / C-C-C bending,tau(C8-C6-C7-C2),dihedral,7.758741662672714e-09,+,2.7360576271018664e-06,0.18430229863599684
13,556.3747873420642,,,mixed cyclic-ring deformation (N-C-C bend) / C-C-C bending,tau(O1-C2-N3-C4),dihedral,3.6928551730191197e-09,-,-3.0887886735430314e-06,0.06882969170170204
13,556.3747873420642,,,mixed cyclic-ring deformation (N-C-C bend) / C-C-C bending,tau(H11-C4-C5-C6),dihedral,9.011165157398924e-11,-,-4.77297815141086e-07,0.07033832102789596
14,571.721889825618,,,mixed C-C-C bending / O-C-N bending,delta(C5-C6-C8),angle,27.760747861526912,-,-0.0941776173467817,0.7429533980202208
14,571.721889825618,,,mixed C-C-C bending / O-C-N bending,delta(C7-C6-C8),angle,27.444505337731034,+,0.093542039616003,0.7445048759789521
14,571.721889825618,,,mixed C-C-C bending / O-C-N bending,delta(O1-C2-N3),angle,16.288299341648433,+,0.08855215613471007,0.4930639731788844
14,571.721889825618,,,mixed C-C-C bending / O-C-N bending,delta(N3-C2-C7),angle,7.65783124903448,-,-0.04809816604328564,0.78573222766154
14,571.721889825618,,,mixed C-C-C bending / O-C-N bending,delta_lin1(C6-C8-C9),linbend1,7.448641287058421,-,-0.14804383866496892,0.0806718830220916
14,571.721889825618,,,mixed C-C-C bending / O-C-N bending,delta(N3-C4-C5),angle,3.1681721933931044,+,0.030741523506611426,0.7957631311007464
14,571.721889825618,,,mixed C-C-C bending / O-C-N bending,nu(C5-C6),bond,1.9909461371390622,-,-0.03516744215409258,0.3821235084742807
14,571.721889825618,,,mixed C-C-C bending / O-C-N bending,nu(N3-C4),bond,1.8259349774847202,+,0.03013481509047269,0.4772809004995997
14,571.721889825618,,,mixed C-C-C bending / O-C-N bending,delta(C2-N3-H10),angle,1.7355315554804627,+,0.04105045627264442,0.2444681840156614
14,571.721889825618,,,mixed C-C-C bending / O-C-N bending,nu(C2-N3),bond,1.7149185544197048,+,0.03435318211863145,0.34493349191283007
14,571.721889825618,,,mixed C-C-C bending / O-C-N bending,delta(C2-C7-H13),angle,0.7995236128856041,-,-0.028506904195367746,0.2335376961253556
14,571.721889825618,,,mixed C-C-C bending / O-C-N bending,nu(C6-C7),bond,0.6177990321623805,+,0.0167481063918144,0.5228072611410868
14,571.721889825618,,,mixed C-C-C bending / O-C-N bending,nu(C2-C7),bond,0.56073255611713,+,0.019422767843548114,0.35282499408634166
14,571.721889825618,,,mixed C-C-C bending / O-C-N bending,nu(O1-C2),bond,0.33049367893086223,+,0.010152280033198494,0.7611351696493606
14,571.721889825618,,,mixed C-C-C bending / O-C-N bending,delta(C5-C4-H11),angle,0.321977431998793,-,-0.01715524924124312,0.25969116657976415
14,571.721889825618,,,mixed C-C-C bending / O-C-N bending,nu(C4-C5),bond,0.3055419753096283,-,-0.011357970274411112,0.5622056888259223
14,571.721889825618,,,mixed C-C-C bending / O-C-N bending,nu(C6-C8),bond,0.013603022633577913,-,-0.002933857878477009,0.3751311133403573
14,571.721889825618,,,mixed C-C-C bending / O-C-N bending,delta_lin1(C8-C9-H14),linbend1,0.00567960834351081,+,0.004775228920948024,0.05912291051473502
14,571.721889825618,,,mixed C-C-C bending / O-C-N bending,delta(C6-C5-H12),angle,0.004146007921552933,+,0.002037393231485721,0.23708616882268754
14,571.721889825618,,,mixed C-C-C bending / O-C-N bending,nu(C8-C9),bond,0.002783273611806435,-,-0.0007788778969449131,1.08903779510484
14,571.721889825618,,,mixed C-C-C bending / O-C-N bending,delta_lin2(C6-C8-C9),linbend2,0.0009684518250692823,+,0.0017124003368254636,0.07839587685607574
14,571.721889825618,,,mixed C-C-C bending / O-C-N bending,nu(C7-H13),bond,0.0007825721792983218,+,0.0007122428479178477,0.36617949382199605
14,571.721889825618,,,mixed C-C-C bending / O-C-N bending,nu(C4-H11),bond,0.0001957046935227167,-,-0.00035810711765996996,0.3622439530730344
14,571.721889825618,,,mixed C-C-C bending / O-C-N bending,nu(N3-H10),bond,0.00019051636481774112,+,0.0003136044766631535,0.45982606826469136
14,571.721889825618,,,mixed C-C-C bending / O-C-N bending,nu(C9-H14),bond,2.7279583351905393e-05,-,-0.0001252695672329194,0.4126410102789359
14,571.721889825618,,,mixed C-C-C bending / O-C-N bending,nu(C5-H12),bond,2.6211284441664186e-05,+,0.00012994606873935222,0.36845785714327406
14,571.721889825618,,,mixed C-C-C bending / O-C-N bending,delta_lin2(C8-C9-H14),linbend2,3.702983409354785e-07,-,-4.0306912306194324e-05,0.05410264710992003
14,571.721889825618,,,mixed C-C-C bending / O-C-N bending,tau(C4-C5-C6-C8),dihedral,7.04224307883791e-08,-,-8.517558921463177e-06,0.23041276089481189
14,571.721889825618,,,mixed C-C-C bending / O-C-N bending,tau(O1-C2-N3-H10),dihedral,5.2912528253743086e-08,+,8.907989716134393e-06,0.1582795871132262
14,571.721889825618,,,mixed C-C-C bending / O-C-N bending,tau(O1-C2-N3-C4),dihedral,3.523581973198411e-08,+,1.1023441005845121e-05,0.06882969170170204
14,571.721889825618,,,mixed C-C-C bending / O-C-N bending,tau(N3-C2-C7-H13),dihedral,1.881621470948752e-08,+,7.661554274373044e-06,0.07608942539795792
14,571.721889825618,,,mixed C-C-C bending / O-C-N bending,tau(H12-C5-C6-C7),dihedral,8.275108024230659e-09,+,5.358210271386469e-06,0.0684163618253638
14,571.721889825618,,,mixed C-C-C bending / O-C-N bending,tau(C8-C6-C7-C2),dihedral,7.431229705371297e-09,-,-3.0936976804023167e-06,0.18430229863599684
14,571.721889825618,,,mixed C-C-C bending / O-C-N bending,tau(H11-C4-C5-C6),dihedral,5.120494127626445e-09,+,4.156931251620506e-06,0.07033832102789596
14,571.721889825618,,,mixed C-C-C bending / O-C-N bending,tau(C7-C2-N3-H10),dihedral,6.611177422035409e-10,-,-9.014987149442157e-07,0.19309649807876847
14,571.721889825618,,,mixed C-C-C bending / O-C-N bending,tau(C4-C5-C6-C7),dihedral,6.500764160257022e-11,-,-3.5617940977076306e-07,0.12163333095301532
15,615.3884071509552,,,mixed ring-site N-H out-of-plane bending / cyclic-ring torsional/out-of-plane deformation,tau(C7-C2-N3-H10),dihedral,46.23690025689468,+,0.3535493272737897,0.19309649807876847
15,615.3884071509552,,,mixed ring-site N-H out-of-plane bending / cyclic-ring torsional/out-of-plane deformation,tau(O1-C2-N3-H10),dihedral,19.950431946430395,+,0.2565113318808476,0.1582795871132262
15,615.3884071509552,,,mixed ring-site N-H out-of-plane bending / cyclic-ring torsional/out-of-plane deformation,tau(C4-C5-C6-C7),dihedral,9.182254167257438,+,0.1985140333951799,0.12163333095301532
15,615.3884071509552,,,mixed ring-site N-H out-of-plane bending / cyclic-ring torsional/out-of-plane deformation,tau(C8-C6-C7-C2),dihedral,7.705457461906289,+,0.14773272076622093,0.18430229863599684
15,615.3884071509552,,,mixed ring-site N-H out-of-plane bending / cyclic-ring torsional/out-of-plane deformation,delta_lin2(C6-C8-C9),linbend2,4.321276691286597,-,-0.16962985271980502,0.07839587685607574
15,615.3884071509552,,,mixed ring-site N-H out-of-plane bending / cyclic-ring torsional/out-of-plane deformation,tau(C4-C5-C6-C8),dihedral,3.630922562074327,-,-0.09069807882893784,0.23041276089481189
15,615.3884071509552,,,mixed ring-site N-H out-of-plane bending / cyclic-ring torsional/out-of-plane deformation,tau(H12-C5-C6-C7),dihedral,3.586171843231749,+,0.1654163442991765,0.0684163618253638
15,615.3884071509552,,,mixed ring-site N-H out-of-plane bending / cyclic-ring torsional/out-of-plane deformation,delta_lin2(C8-C9-H14),linbend2,3.3314018032494106,+,0.1792863019962557,0.05410264710992003
15,615.3884071509552,,,mixed ring-site N-H out-of-plane bending / cyclic-ring torsional/out-of-plane deformation,tau(H11-C4-C5-C6),dihedral,1.1776737182275203,-,-0.09348874962796695,0.07033832102789596
15,615.3884071509552,,,mixed ring-site N-H out-of-plane bending / cyclic-ring torsional/out-of-plane deformation,tau(O1-C2-N3-C4),dihedral,0.7976743059958379,-,-0.07777996581457707,0.06882969170170204
15,615.3884071509552,,,mixed ring-site N-H out-of-plane bending / cyclic-ring torsional/out-of-plane deformation,tau(N3-C2-C7-H13),dihedral,0.07875104815290292,-,-0.023243893541920944,0.07608942539795792
15,615.3884071509552,,,mixed ring-site N-H out-of-plane bending / cyclic-ring torsional/out-of-plane deformation,delta_lin1(C6-C8-C9),linbend1,0.0005949745299176922,-,-0.0019621443250736736,0.0806718830220916
15,615.3884071509552,,,mixed ring-site N-H out-of-plane bending / cyclic-ring torsional/out-of-plane deformation,delta_lin1(C8-C9-H14),linbend1,0.00048782904775020815,+,0.002075385528791147,0.05912291051473502
15,615.3884071509552,,,mixed ring-site N-H out-of-plane bending / cyclic-ring torsional/out-of-plane deformation,nu(C8-C9),bond,9.295088397473943e-07,+,2.1108051472749564e-05,1.08903779510484
15,615.3884071509552,,,mixed ring-site N-H out-of-plane bending / cyclic-ring torsional/out-of-plane deformation,nu(C9-H14),bond,2.409560959534233e-07,+,1.7459251597989286e-05,0.4126410102789359
15,615.3884071509552,,,mixed ring-site N-H out-of-plane bending / cyclic-ring torsional/out-of-plane deformation,nu(C6-C8),bond,1.2330652262225777e-07,-,-1.3099186959027188e-05,0.3751311133403573
15,615.3884071509552,,,mixed ring-site N-H out-of-plane bending / cyclic-ring torsional/out-of-plane deformation,delta(N3-C2-C7),angle,2.5048100499384592e-08,+,4.0793688356077165e-06,0.78573222766154
15,615.3884071509552,,,mixed ring-site N-H out-of-plane bending / cyclic-ring torsional/out-of-plane deformation,delta(C5-C6-C8),angle,2.2963247314972382e-08,+,4.016786265751581e-06,0.7429533980202208
15,615.3884071509552,,,mixed ring-site N-H out-of-plane bending / cyclic-ring torsional/out-of-plane deformation,delta(C2-N3-H10),angle,1.715792518885125e-08,-,-6.052907961439958e-06,0.2444681840156614
15,615.3884071509552,,,mixed ring-site N-H out-of-plane bending / cyclic-ring torsional/out-of-plane deformation,nu(C5-C6),bond,7.865050961687443e-09,+,3.2778701902417267e-06,0.3821235084742807
15,615.3884071509552,,,mixed ring-site N-H out-of-plane bending / cyclic-ring torsional/out-of-plane deformation,delta(C2-C7-H13),angle,5.065327445641811e-09,+,3.3648687237075824e-06,0.2335376961253556
15,615.3884071509552,,,mixed ring-site N-H out-of-plane bending / cyclic-ring torsional/out-of-plane deformation,nu(N3-H10),bond,4.797687809332139e-09,+,2.333791515001736e-06,0.45982606826469136
15,615.3884071509552,,,mixed ring-site N-H out-of-plane bending / cyclic-ring torsional/out-of-plane deformation,nu(C2-N3),bond,3.972655171824058e-09,-,-2.451972589305694e-06,0.34493349191283007
15,615.3884071509552,,,mixed ring-site N-H out-of-plane bending / cyclic-ring torsional/out-of-plane deformation,nu(N3-C4),bond,3.2954095099132684e-09,+,1.8984996705969268e-06,0.4772809004995997
15,615.3884071509552,,,mixed ring-site N-H out-of-plane bending / cyclic-ring torsional/out-of-plane deformation,delta(O1-C2-N3),angle,2.7512126337578414e-09,+,1.706684725168556e-06,0.4930639731788844
15,615.3884071509552,,,mixed ring-site N-H out-of-plane bending / cyclic-ring torsional/out-of-plane deformation,nu(O1-C2),bond,2.1462278053421984e-09,-,-1.2132488047480602e-06,0.7611351696493606
15,615.3884071509552,,,mixed ring-site N-H out-of-plane bending / cyclic-ring torsional/out-of-plane deformation,nu(C4-C5),bond,1.3254468113234347e-09,-,-1.1093699376272307e-06,0.5622056888259223
15,615.3884071509552,,,mixed ring-site N-H out-of-plane bending / cyclic-ring torsional/out-of-plane deformation,delta(C5-C4-H11),angle,7.039492224257981e-10,+,1.1895561225747198e-06,0.25969116657976415
15,615.3884071509552,,,mixed ring-site N-H out-of-plane bending / cyclic-ring torsional/out-of-plane deformation,delta(C6-C5-H12),angle,3.5697116464116753e-10,-,-8.865562936431851e-07,0.23708616882268754
15,615.3884071509552,,,mixed ring-site N-H out-of-plane bending / cyclic-ring torsional/out-of-plane deformation,nu(C7-H13),bond,1.5907016052440267e-10,+,4.762008959418518e-07,0.36617949382199605
15,615.3884071509552,,,mixed ring-site N-H out-of-plane bending / cyclic-ring torsional/out-of-plane deformation,delta(C7-C6-C8),angle,1.5209250984285373e-10,-,-3.2656000847986943e-07,0.7445048759789521
15,615.3884071509552,,,mixed ring-site N-H out-of-plane bending / cyclic-ring torsional/out-of-plane deformation,delta(N3-C4-C5),angle,9.369843290737387e-11,-,-2.479231694788221e-07,0.7957631311007464
15,615.3884071509552,,,mixed ring-site N-H out-of-plane bending / cyclic-ring torsional/out-of-plane deformation,nu(C2-C7),bond,7.026765151833965e-11,+,3.2243405600872254e-07,0.35282499408634166
15,615.3884071509552,,,mixed ring-site N-H out-of-plane bending / cyclic-ring torsional/out-of-plane deformation,nu(C6-C7),bond,1.1789862629828796e-11,-,-1.0849917241394999e-07,0.5228072611410868
15,615.3884071509552,,,mixed ring-site N-H out-of-plane bending / cyclic-ring torsional/out-of-plane deformation,nu(C5-H12),bond,7.44310444872094e-12,-,-1.0268949171440857e-07,0.36845785714327406
15,615.3884071509552,,,mixed ring-site N-H out-of-plane bending / cyclic-ring torsional/out-of-plane deformation,nu(C4-H11),bond,1.551648537539225e-13,-,-1.4953366040226874e-08,0.3622439530730344
16,657.1210732820302,,,mixed C-C-H linear bending / ring-site N-H out-of-plane bending,delta_lin2(C8-C9-H14),linbend2,62.50335563966148,+,0.5391714320946072,0.05410264710992003
16,657.1210732820302,,,mixed C-C-H linear bending / ring-site N-H out-of-plane bending,tau(C7-C2-N3-H10),dihedral,24.263399666429958,-,-0.1778169228843041,0.19309649807876847
16,657.1210732820302,,,mixed C-C-H linear bending / ring-site N-H out-of-plane bending,tau(O1-C2-N3-H10),dihedral,10.917930303977908,-,-0.13174743474637005,0.1582795871132262
16,657.1210732820302,,,mixed C-C-H linear bending / ring-site N-H out-of-plane bending,delta_lin2(C6-C8-C9),linbend2,0.9280231761018185,-,-0.05457795557351652,0.07839587685607574
16,657.1210732820302,,,mixed C-C-H linear bending / ring-site N-H out-of-plane bending,tau(H12-C5-C6-C7),dihedral,0.4183087172595289,-,-0.03922409507315205,0.0684163618253638
16,657.1210732820302,,,mixed C-C-H linear bending / ring-site N-H out-of-plane bending,tau(C8-C6-C7-C2),dihedral,0.4076508466110191,-,-0.02359191863685924,0.18430229863599684
16,657.1210732820302,,,mixed C-C-H linear bending / ring-site N-H out-of-plane bending,tau(C4-C5-C6-C8),dihedral,0.3058473166280207,+,0.01827610046409281,0.23041276089481189
16,657.1210732820302,,,mixed C-C-H linear bending / ring-site N-H out-of-plane bending,tau(N3-C2-C7-H13),dihedral,0.15688032708675798,+,0.0227775261656951,0.07608942539795792
16,657.1210732820302,,,mixed C-C-H linear bending / ring-site N-H out-of-plane bending,tau(O1-C2-N3-C4),dihedral,0.0833186988495247,+,0.017452907654995218,0.06882969170170204
16,657.1210732820302,,,mixed C-C-H linear bending / ring-site N-H out-of-plane bending,delta_lin1(C8-C9-H14),linbend1,0.009338860334183132,+,0.006304541398670777,0.05912291051473502
16,657.1210732820302,,,mixed C-C-H linear bending / ring-site N-H out-of-plane bending,tau(C4-C5-C6-C7),dihedral,0.004640375416223517,-,-0.0030983802948916553,0.12163333095301532
16,657.1210732820302,,,mixed C-C-H linear bending / ring-site N-H out-of-plane bending,tau(H11-C4-C5-C6),dihedral,0.0011661821282866818,+,0.0020425451034832643,0.07033832102789596
16,657.1210732820302,,,mixed C-C-H linear bending / ring-site N-H out-of-plane bending,delta_lin1(C6-C8-C9),linbend1,0.00012217586206301136,-,-0.0006173281374069482,0.0806718830220916
16,657.1210732820302,,,mixed C-C-H linear bending / ring-site N-H out-of-plane bending,nu(C8-C9),bond,7.759184306333876e-06,+,4.234196620781803e-05,1.08903779510484
16,657.1210732820302,,,mixed C-C-H linear bending / ring-site N-H out-of-plane bending,nu(C9-H14),bond,5.992139660480428e-06,+,6.0449015597791935e-05,0.4126410102789359
16,657.1210732820302,,,mixed C-C-H linear bending / ring-site N-H out-of-plane bending,delta(N3-C4-C5),angle,1.010164458460964e-06,+,1.787263551234679e-05,0.7957631311007464
16,657.1210732820302,,,mixed C-C-H linear bending / ring-site N-H out-of-plane bending,delta(C5-C6-C8),angle,9.757282263465558e-07,+,1.8178921363302355e-05,0.7429533980202208
16,657.1210732820302,,,mixed C-C-H linear bending / ring-site N-H out-of-plane bending,nu(C2-C7),bond,5.366064379180861e-07,+,1.9562877313592487e-05,0.35282499408634166
16,657.1210732820302,,,mixed C-C-H linear bending / ring-site N-H out-of-plane bending,nu(C2-N3),bond,4.9516102677214e-07,-,-1.9005968637710065e-05,0.34493349191283007
16,657.1210732820302,,,mixed C-C-H linear bending / ring-site N-H out-of-plane bending,nu(C6-C8),bond,4.3089141736455845e-07,-,-1.7001092968319395e-05,0.3751311133403573
16,657.1210732820302,,,mixed C-C-H linear bending / ring-site N-H out-of-plane bending,delta(C2-N3-H10),angle,1.4525838718305125e-07,+,1.2227675337452942e-05,0.2444681840156614
16,657.1210732820302,,,mixed C-C-H linear bending / ring-site N-H out-of-plane bending,delta(C5-C4-H11),angle,1.2830934012111656e-07,-,-1.1150260414144026e-05,0.25969116657976415
16,657.1210732820302,,,mixed C-C-H linear bending / ring-site N-H out-of-plane bending,nu(C6-C7),bond,1.1513141714232929e-07,+,7.444072311147779e-06,0.5228072611410868
16,657.1210732820302,,,mixed C-C-H linear bending / ring-site N-H out-of-plane bending,delta(C2-C7-H13),angle,6.90072975269726e-08,-,-8.62290253980858e-06,0.2335376961253556
16,657.1210732820302,,,mixed C-C-H linear bending / ring-site N-H out-of-plane bending,delta(C6-C5-H12),angle,2.0845745050243796e-08,+,4.703704874984008e-06,0.23708616882268754
16,657.1210732820302,,,mixed C-C-H linear bending / ring-site N-H out-of-plane bending,delta(C7-C6-C8),angle,2.0444953822605692e-08,+,2.6287165363852566e-06,0.7445048759789521
16,657.1210732820302,,,mixed C-C-H linear bending / ring-site N-H out-of-plane bending,delta(O1-C2-N3),angle,5.41429772920485e-09,-,-1.6622789095286413e-06,0.4930639731788844
16,657.1210732820302,,,mixed C-C-H linear bending / ring-site N-H out-of-plane bending,delta(N3-C2-C7),angle,4.9486951583204995e-09,+,1.2589037610888217e-06,0.78573222766154
16,657.1210732820302,,,mixed C-C-H linear bending / ring-site N-H out-of-plane bending,nu(C4-C5),bond,3.47858202987399e-09,+,1.247779855569941e-06,0.5622056888259223
16,657.1210732820302,,,mixed C-C-H linear bending / ring-site N-H out-of-plane bending,nu(C4-H11),bond,5.254795062135778e-10,-,-6.041736532398272e-07,0.3622439530730344
16,657.1210732820302,,,mixed C-C-H linear bending / ring-site N-H out-of-plane bending,nu(N3-C4),bond,1.6410818373973806e-10,-,-2.9414573464839314e-07,0.4772809004995997
16,657.1210732820302,,,mixed C-C-H linear bending / ring-site N-H out-of-plane bending,nu(N3-H10),bond,1.401771275745658e-10,-,-2.7696586509528597e-07,0.45982606826469136
16,657.1210732820302,,,mixed C-C-H linear bending / ring-site N-H out-of-plane bending,nu(C5-C6),bond,5.810878145538554e-11,-,-1.9561559243474127e-07,0.3821235084742807
16,657.1210732820302,,,mixed C-C-H linear bending / ring-site N-H out-of-plane bending,nu(C7-H13),bond,2.598847018565862e-11,+,1.3363733646369699e-07,0.36617949382199605
16,657.1210732820302,,,mixed C-C-H linear bending / ring-site N-H out-of-plane bending,nu(O1-C2),bond,2.0426295926679155e-11,-,-8.217663965116048e-08,0.7611351696493606
16,657.1210732820302,,,mixed C-C-H linear bending / ring-site N-H out-of-plane bending,nu(C5-H12),bond,4.633109787332875e-12,+,5.625055970059187e-08,0.36845785714327406
17,687.0627770990073,,,C-C-H linear bending,delta_lin1(C8-C9-H14),linbend1,93.52219347975708,-,-0.5768526924580651,0.05912291051473502
17,687.0627770990073,,,C-C-H linear bending,delta_lin1(C6-C8-C9),linbend1,3.5555882520393243,+,0.09628976322856525,0.0806718830220916
17,687.0627770990073,,,C-C-H linear bending,delta(C5-C6-C8),angle,1.4076888809871237,+,0.019964481615233325,0.7429533980202208
17,687.0627770990073,,,C-C-H linear bending,delta(C7-C6-C8),angle,1.0945009079667203,-,-0.017585704632179466,0.7445048759789521
17,687.0627770990073,,,C-C-H linear bending,delta(N3-C2-C7),angle,0.09580440611566887,+,0.005064550930549633,0.78573222766154
17,687.0627770990073,,,C-C-H linear bending,nu(C2-N3),bond,0.08956806022156022,-,-0.007390849971567979,0.34493349191283007
17,687.0627770990073,,,C-C-H linear bending,delta(O1-C2-N3),angle,0.0493532583298322,-,-0.004588722177543166,0.4930639731788844
17,687.0627770990073,,,C-C-H linear bending,delta(N3-C4-C5),angle,0.041918232645952264,+,0.0033288563891992126,0.7957631311007464
17,687.0627770990073,,,C-C-H linear bending,nu(C5-C6),bond,0.03723477666818953,-,-0.00452749503790434,0.3821235084742807
17,687.0627770990073,,,C-C-H linear bending,nu(C6-C8),bond,0.031687137830971455,-,-0.004215367551026288,0.3751311133403573
17,687.0627770990073,,,C-C-H linear bending,nu(N3-C4),bond,0.021365092375325554,-,-0.003068674640759228,0.4772809004995997
17,687.0627770990073,,,C-C-H linear bending,nu(C2-C7),bond,0.01769668346436391,-,-0.0032482672585103117,0.35282499408634166
17,687.0627770990073,,,C-C-H linear bending,delta_lin2(C8-C9-H14),linbend2,0.011642017536970466,+,0.006728067685871219,0.05410264710992003
17,687.0627770990073,,,C-C-H linear bending,delta(C5-C4-H11),angle,0.009491571074349529,-,-0.002772847263624632,0.25969116657976415
17,687.0627770990073,,,C-C-H linear bending,nu(O1-C2),bond,0.005923137933741207,-,-0.0012794711947580703,0.7611351696493606
17,687.0627770990073,,,C-C-H linear bending,delta(C2-C7-H13),angle,0.002948837193289263,-,-0.0016297927692217687,0.2335376961253556
17,687.0627770990073,,,C-C-H linear bending,nu(C6-C7),bond,0.0028565098024274124,-,-0.0010720931931118359,0.5228072611410868
17,687.0627770990073,,,C-C-H linear bending,delta(C2-N3-H10),angle,0.0009565835933395827,+,0.0009072683803661677,0.2444681840156614
17,687.0627770990073,,,C-C-H linear bending,delta(C6-C5-H12),angle,0.00048363829650824514,+,0.0006550775508536397,0.23708616882268754
17,687.0627770990073,,,C-C-H linear bending,delta_lin2(C6-C8-C9),linbend2,0.0004744103527281233,-,-0.0011282775647432797,0.07839587685607574
17,687.0627770990073,,,C-C-H linear bending,nu(C9-H14),bond,0.00014410385324450565,+,0.0002710423084037422,0.4126410102789359
17,687.0627770990073,,,C-C-H linear bending,nu(C4-H11),bond,0.00011426986916111217,-,-0.000257602917542387,0.3622439530730344
17,687.0627770990073,,,C-C-H linear bending,nu(C8-C9),bond,0.00011091867044745021,+,0.00014637480721990274,1.08903779510484
17,687.0627770990073,,,C-C-H linear bending,nu(C4-C5),bond,9.634424295754239e-05,+,0.0001898675520028241,0.5622056888259223
17,687.0627770990073,,,C-C-H linear bending,nu(C5-H12),bond,8.283107095598784e-05,-,-0.00021746442050459873,0.36845785714327406
17,687.0627770990073,,,C-C-H linear bending,nu(C7-H13),bond,4.1382809730519416e-05,-,-0.0001541872496713144,0.36617949382199605
17,687.0627770990073,,,C-C-H linear bending,tau(O1-C2-N3-H10),dihedral,2.0571531114778825e-05,-,-0.00016535081457724898,0.1582795871132262
17,687.0627770990073,,,C-C-H linear bending,tau(C7-C2-N3-H10),dihedral,1.0352952960492602e-05,-,-0.00010620144018095409,0.19309649807876847
17,687.0627770990073,,,C-C-H linear bending,nu(N3-H10),bond,1.8123165477649105e-06,-,-2.8794246508603944e-05,0.45982606826469136
17,687.0627770990073,,,C-C-H linear bending,tau(H11-C4-C5-C6),dihedral,6.044041526091153e-07,+,4.251607902814406e-05,0.07033832102789596
17,687.0627770990073,,,C-C-H linear bending,tau(C8-C6-C7-C2),dihedral,4.3642259766348296e-07,+,2.2318948172766307e-05,0.18430229863599684
17,687.0627770990073,,,C-C-H linear bending,tau(H12-C5-C6-C7),dihedral,2.163958387595256e-07,+,2.5794668398297844e-05,0.0684163618253638
17,687.0627770990073,,,C-C-H linear bending,tau(N3-C2-C7-H13),dihedral,1.6396790663429147e-07,-,-2.1291328392108984e-05,0.07608942539795792
17,687.0627770990073,,,C-C-H linear bending,tau(O1-C2-N3-C4),dihedral,5.83383178674247e-08,-,-1.3352867013938093e-05,0.06882969170170204
17,687.0627770990073,,,C-C-H linear bending,tau(C4-C5-C6-C8),dihedral,5.5721952320979667e-08,-,-7.132559165485865e-06,0.23041276089481189
17,687.0627770990073,,,C-C-H linear bending,tau(C4-C5-C6-C7),dihedral,3.2466334094361313e-09,+,2.3696042018424243e-06,0.12163333095301532
18,690.4048990905762,,,ring-site N-H out-of-plane bending,tau(C7-C2-N3-H10),dihedral,52.01018671383718,-,-0.37440669587601066,0.19309649807876847
18,690.4048990905762,,,ring-site N-H out-of-plane bending,tau(O1-C2-N3-H10),dihedral,24.52571644957114,-,-0.28397819638443556,0.1582795871132262
18,690.4048990905762,,,ring-site N-H out-of-plane bending,tau(C4-C5-C6-C7),dihedral,16.138131671346784,+,0.26277674372420207,0.12163333095301532
18,690.4048990905762,,,ring-site N-H out-of-plane bending,tau(H12-C5-C6-C7),dihedral,2.553105918669087,+,0.13936092736246808,0.0684163618253638
18,690.4048990905762,,,ring-site N-H out-of-plane bending,tau(N3-C2-C7-H13),dihedral,2.363116812348916,+,0.12713556054252353,0.07608942539795792
18,690.4048990905762,,,ring-site N-H out-of-plane bending,delta_lin2(C8-C9-H14),linbend2,1.0426346327041918,-,-0.10014826167771587,0.05410264710992003
18,690.4048990905762,,,ring-site N-H out-of-plane bending,delta_lin2(C6-C8-C9),linbend2,0.41363817007032083,-,-0.05240229316759351,0.07839587685607574
18,690.4048990905762,,,ring-site N-H out-of-plane bending,tau(C4-C5-C6-C8),dihedral,0.39948400352422625,+,0.030038831331358488,0.23041276089481189
18,690.4048990905762,,,ring-site N-H out-of-plane bending,tau(H11-C4-C5-C6),dihedral,0.36242482966454953,-,-0.0517844743749815,0.07033832102789596
18,690.4048990905762,,,ring-site N-H out-of-plane bending,tau(O1-C2-N3-C4),dihedral,0.10340503192133725,-,-0.0279620832127059,0.06882969170170204
18,690.4048990905762,,,ring-site N-H out-of-plane bending,tau(C8-C6-C7-C2),dihedral,0.08795439733064454,+,0.01575977461021047,0.18430229863599684
18,690.4048990905762,,,ring-site N-H out-of-plane bending,delta_lin1(C8-C9-H14),linbend1,0.00014041219826782433,-,-0.0011117601830889423,0.05912291051473502
18,690.4048990905762,,,ring-site N-H out-of-plane bending,delta_lin1(C6-C8-C9),linbend1,6.037543682767361e-05,-,-0.0006241021019910947,0.0806718830220916
18,690.4048990905762,,,ring-site N-H out-of-plane bending,delta(N3-C4-C5),angle,1.8649314354962014e-07,-,-1.1043993117537157e-05,0.7957631311007464
18,690.4048990905762,,,ring-site N-H out-of-plane bending,nu(C9-H14),bond,1.066276231900008e-07,-,-1.1596722625388356e-05,0.4126410102789359
18,690.4048990905762,,,ring-site N-H out-of-plane bending,delta(C7-C6-C8),angle,4.933338301486644e-08,+,5.872503377706767e-06,0.7445048759789521
18,690.4048990905762,,,ring-site N-H out-of-plane bending,nu(C5-C6),bond,3.591914347267919e-08,+,6.994355577774939e-06,0.3821235084742807
18,690.4048990905762,,,ring-site N-H out-of-plane bending,nu(C8-C9),bond,3.4364222641386993e-08,-,-4.052456720675961e-06,1.08903779510484
18,690.4048990905762,,,ring-site N-H out-of-plane bending,nu(C2-N3),bond,3.255298783658161e-08,+,7.008326800247932e-06,0.34493349191283007
18,690.4048990905762,,,ring-site N-H out-of-plane bending,nu(C6-C8),bond,3.0464677662719605e-08,+,6.501197356835669e-06,0.3751311133403573
18,690.4048990905762,,,ring-site N-H out-of-plane bending,delta(C5-C6-C8),angle,2.6192335178388558e-08,-,-4.283442314562318e-06,0.7429533980202208
18,690.4048990905762,,,ring-site N-H out-of-plane bending,delta(C5-C4-H11),angle,2.4389886620177346e-08,+,6.991379898183382e-06,0.25969116657976415
18,690.4048990905762,,,ring-site N-H out-of-plane bending,delta(C6-C5-H12),angle,1.198410466342421e-08,-,-5.129042369984798e-06,0.23708616882268754
18,690.4048990905762,,,ring-site N-H out-of-plane bending,nu(C2-C7),bond,1.0083105666122706e-08,-,-3.8565954734591135e-06,0.35282499408634166
18,690.4048990905762,,,ring-site N-H out-of-plane bending,delta(C2-C7-H13),angle,9.92317487099343e-09,+,4.702550045044788e-06,0.2335376961253556
18,690.4048990905762,,,ring-site N-H out-of-plane bending,delta(N3-C2-C7),angle,9.68784783808798e-09,-,-2.5331620354732104e-06,0.78573222766154
18,690.4048990905762,,,ring-site N-H out-of-plane bending,nu(N3-H10),bond,5.019918415705022e-09,-,-2.383626113860521e-06,0.45982606826469136
18,690.4048990905762,,,ring-site N-H out-of-plane bending,nu(N3-C4),bond,4.4383567581480584e-09,+,2.199939187263603e-06,0.4772809004995997
18,690.4048990905762,,,ring-site N-H out-of-plane bending,nu(C7-H13),bond,1.9695076063189595e-09,-,-1.673086599009799e-06,0.36617949382199605
18,690.4048990905762,,,ring-site N-H out-of-plane bending,delta(O1-C2-N3),angle,1.3621210839818158e-09,+,1.1990652629587317e-06,0.4930639731788844
18,690.4048990905762,,,ring-site N-H out-of-plane bending,nu(O1-C2),bond,2.133778968613654e-10,+,3.8197102462841775e-07,0.7611351696493606
18,690.4048990905762,,,ring-site N-H out-of-plane bending,nu(C4-C5),bond,1.7066379818131684e-10,+,3.9747487818516366e-07,0.5622056888259223
18,690.4048990905762,,,ring-site N-H out-of-plane bending,nu(C6-C7),bond,1.537455655832153e-10,-,-3.912164368730333e-07,0.5228072611410868
18,690.4048990905762,,,ring-site N-H out-of-plane bending,nu(C4-H11),bond,3.075035231526527e-11,-,-2.101895281021426e-07,0.3622439530730344
18,690.4048990905762,,,ring-site N-H out-of-plane bending,nu(C5-H12),bond,2.1321044458408344e-12,+,5.4877829531964225e-08,0.36845785714327406
18,690.4048990905762,,,ring-site N-H out-of-plane bending,delta(C2-N3-H10),angle,3.1605418806066886e-13,-,-2.5939177498736078e-08,0.2444681840156614
19,737.9587742121365,,,ring-site N-H out-of-plane bending,tau(O1-C2-N3-H10),dihedral,74.09812712430812,+,0.5380793984965854,0.1582795871132262
19,737.9587742121365,,,ring-site N-H out-of-plane bending,tau(C7-C2-N3-H10),dihedral,11.422046718246731,+,0.19126696674925223,0.19309649807876847
19,737.9587742121365,,,ring-site N-H out-of-plane bending,tau(N3-C2-C7-H13),dihedral,9.080012831942426,+,0.27166662174548817,0.07608942539795792
19,737.9587742121365,,,ring-site N-H out-of-plane bending,tau(C8-C6-C7-C2),dihedral,4.00825023711648,-,-0.11597576365635154,0.18430229863599684
19,737.9587742121365,,,ring-site N-H out-of-plane bending,tau(O1-C2-N3-C4),dihedral,0.7198497364714223,+,0.08042447159112827,0.06882969170170204
19,737.9587742121365,,,ring-site N-H out-of-plane bending,tau(C4-C5-C6-C8),dihedral,0.17741337630349407,+,0.021822028560326737,0.23041276089481189
19,737.9587742121365,,,ring-site N-H out-of-plane bending,tau(C4-C5-C6-C7),dihedral,0.15937224075486825,+,0.028466576649197894,0.12163333095301532
19,737.9587742121365,,,ring-site N-H out-of-plane bending,tau(H12-C5-C6-C7),dihedral,0.14608962611790682,-,-0.03633999842163501,0.0684163618253638
19,737.9587742121365,,,ring-site N-H out-of-plane bending,tau(H11-C4-C5-C6),dihedral,0.12478498701027367,-,-0.03312381677120885,0.07033832102789596
19,737.9587742121365,,,ring-site N-H out-of-plane bending,delta_lin2(C6-C8-C9),linbend2,0.0628369650923969,+,0.022264666430632636,0.07839587685607574
19,737.9587742121365,,,ring-site N-H out-of-plane bending,delta_lin2(C8-C9-H14),linbend2,0.0011873981675914389,-,-0.0036842079316397346,0.05410264710992003
19,737.9587742121365,,,ring-site N-H out-of-plane bending,delta_lin1(C6-C8-C9),linbend1,1.0202623034943839e-05,+,0.0002796726686748501,0.0806718830220916
19,737.9587742121365,,,ring-site N-H out-of-plane bending,delta(N3-C4-C5),angle,6.22619662645968e-06,+,6.956242482226231e-05,0.7957631311007464
19,737.9587742121365,,,ring-site N-H out-of-plane bending,delta_lin1(C8-C9-H14),linbend1,2.553725646046935e-06,-,-0.00016344228283544454,0.05912291051473502
19,737.9587742121365,,,ring-site N-H out-of-plane bending,nu(C5-C6),bond,2.0415282662526353e-06,-,-5.748188794112771e-05,0.3821235084742807
19,737.9587742121365,,,ring-site N-H out-of-plane bending,nu(C2-N3),bond,1.7119959064199558e-06,-,-5.540371438655246e-05,0.34493349191283007
19,737.9587742121365,,,ring-site N-H out-of-plane bending,nu(C6-C8),bond,1.6135098710862229e-06,-,-5.1576215717408856e-05,0.3751311133403573
19,737.9587742121365,,,ring-site N-H out-of-plane bending,delta(C5-C4-H11),angle,9.173212259390085e-07,-,-4.673985234020185e-05,0.25969116657976415
19,737.9587742121365,,,ring-site N-H out-of-plane bending,delta(O1-C2-N3),angle,7.934552011681509e-07,-,-3.15474872476558e-05,0.4930639731788844
19,737.9587742121365,,,ring-site N-H out-of-plane bending,nu(N3-C4),bond,6.650641495696347e-07,-,-2.9356207207737894e-05,0.4772809004995997
19,737.9587742121365,,,ring-site N-H out-of-plane bending,delta(C6-C5-H12),angle,5.450737394676994e-07,+,3.7707672240016464e-05,0.23708616882268754
19,737.9587742121365,,,ring-site N-H out-of-plane bending,delta(C2-N3-H10),angle,2.9422494180963986e-07,+,2.7282475438108886e-05,0.2444681840156614
19,737.9587742121365,,,ring-site N-H out-of-plane bending,nu(C8-C9),bond,2.761270166084213e-07,-,-1.2522417452343616e-05,1.08903779510484
19,737.9587742121365,,,ring-site N-H out-of-plane bending,delta(C5-C6-C8),angle,2.554110262655153e-07,+,1.4581232593143322e-05,0.7429533980202208
19,737.9587742121365,,,ring-site N-H out-of-plane bending,nu(C6-C7),bond,2.0255008907630642e-07,-,-1.547927504742223e-05,0.5228072611410868
19,737.9587742121365,,,ring-site N-H out-of-plane bending,delta(C7-C6-C8),angle,1.318850164087003e-07,+,1.0466926124997385e-05,0.7445048759789521
19,737.9587742121365,,,ring-site N-H out-of-plane bending,nu(C2-C7),bond,9.616858312210907e-08,-,-1.2983510712244187e-05,0.35282499408634166
19,737.9587742121365,,,ring-site N-H out-of-plane bending,delta(C2-C7-H13),angle,8.714943645964765e-08,-,-1.5191791773749986e-05,0.2335376961253556
19,737.9587742121365,,,ring-site N-H out-of-plane bending,nu(C4-C5),bond,5.983804466216898e-08,-,-8.113276597585614e-06,0.5622056888259223
19,737.9587742121365,,,ring-site N-H out-of-plane bending,nu(O1-C2),bond,5.1696627341419764e-08,-,-6.481199858728167e-06,0.7611351696493606
19,737.9587742121365,,,ring-site N-H out-of-plane bending,nu(C7-H13),bond,1.723710867891512e-08,-,-5.39560816523189e-06,0.36617949382199605
19,737.9587742121365,,,ring-site N-H out-of-plane bending,nu(C4-H11),bond,5.722267741598226e-09,-,-3.1256382879567574e-06,0.3622439530730344
19,737.9587742121365,,,ring-site N-H out-of-plane bending,nu(C9-H14),bond,3.867388761083961e-09,-,-2.4075644651756164e-06,0.4126410102789359
19,737.9587742121365,,,ring-site N-H out-of-plane bending,delta(N3-C2-C7),angle,2.4420826054221903e-09,+,1.3864304722318672e-06,0.78573222766154
19,737.9587742121365,,,ring-site N-H out-of-plane bending,nu(N3-H10),bond,2.111042747461542e-09,+,1.6850272277864533e-06,0.45982606826469136
19,737.9587742121365,,,ring-site N-H out-of-plane bending,nu(C5-H12),bond,1.543977950180605e-09,-,-1.6098367565931619e-06,0.36845785714327406
20,740.5152664589326,,,mixed cyclic-ring deformation (N-C-C bend) / cyclic C-N stretching,delta(N3-C4-C5),angle,35.78289481852803,+,0.10325149250779797,0.7957631311007464
20,740.5152664589326,,,mixed cyclic-ring deformation (N-C-C bend) / cyclic C-N stretching,nu(C2-N3),bond,18.617489249278,-,-0.11312103823218159,0.34493349191283007
20,740.5152664589326,,,mixed cyclic-ring deformation (N-C-C bend) / cyclic C-N stretching,nu(C6-C8),bond,10.763472694045998,-,-0.08247744005169017,0.3751311133403573
20,740.5152664589326,,,mixed cyclic-ring deformation (N-C-C bend) / cyclic C-N stretching,nu(C5-C6),bond,10.404280385611889,-,-0.08034422289910084,0.3821235084742807
20,740.5152664589326,,,mixed cyclic-ring deformation (N-C-C bend) / cyclic C-N stretching,delta(C5-C4-H11),angle,4.672979526408717,-,-0.06531589159411855,0.25969116657976415
20,740.5152664589326,,,mixed cyclic-ring deformation (N-C-C bend) / cyclic C-N stretching,delta(C6-C5-H12),angle,2.856774619138361,+,0.05344848370129185,0.23708616882268754
20,740.5152664589326,,,mixed cyclic-ring deformation (N-C-C bend) / cyclic C-N stretching,nu(N3-C4),bond,2.6913651141043733,-,-0.03656367085081195,0.4772809004995997
20,740.5152664589326,,,mixed cyclic-ring deformation (N-C-C bend) / cyclic C-N stretching,delta(C2-N3-H10),angle,2.5704328124870885,+,0.04992780393345156,0.2444681840156614
20,740.5152664589326,,,mixed cyclic-ring deformation (N-C-C bend) / cyclic C-N stretching,delta(C7-C6-C8),angle,2.359945058066998,+,0.027413701654713903,0.7445048759789521
20,740.5152664589326,,,mixed cyclic-ring deformation (N-C-C bend) / cyclic C-N stretching,nu(C6-C7),bond,2.1557857963040545,-,-0.03126673312719999,0.5228072611410868
20,740.5152664589326,,,mixed cyclic-ring deformation (N-C-C bend) / cyclic C-N stretching,nu(C8-C9),bond,1.3115541611001218,-,-0.016897488042618217,1.08903779510484
20,740.5152664589326,,,mixed cyclic-ring deformation (N-C-C bend) / cyclic C-N stretching,delta(N3-C2-C7),angle,1.192546636505101,+,0.018969282823635338,0.78573222766154
20,740.5152664589326,,,mixed cyclic-ring deformation (N-C-C bend) / cyclic C-N stretching,delta(O1-C2-N3),angle,1.110064414251774,-,-0.023103243947319444,0.4930639731788844
20,740.5152664589326,,,mixed cyclic-ring deformation (N-C-C bend) / cyclic C-N stretching,nu(C2-C7),bond,0.9640471914632354,-,-0.025451886887655012,0.35282499408634166
20,740.5152664589326,,,mixed cyclic-ring deformation (N-C-C bend) / cyclic C-N stretching,delta(C2-C7-H13),angle,0.9153429486713126,-,-0.030483437101506458,0.2335376961253556
20,740.5152664589326,,,mixed cyclic-ring deformation (N-C-C bend) / cyclic C-N stretching,nu(C4-C5),bond,0.5650949275723326,-,-0.015437024579669506,0.5622056888259223
20,740.5152664589326,,,mixed cyclic-ring deformation (N-C-C bend) / cyclic C-N stretching,nu(O1-C2),bond,0.4936278618471781,-,-0.012399936081661433,0.7611351696493606
20,740.5152664589326,,,mixed cyclic-ring deformation (N-C-C bend) / cyclic C-N stretching,delta_lin1(C8-C9-H14),linbend1,0.27542912121803775,+,0.03323361118745932,0.05912291051473502
20,740.5152664589326,,,mixed cyclic-ring deformation (N-C-C bend) / cyclic C-N stretching,delta(C5-C6-C8),angle,0.170101530549927,+,0.007367562574014246,0.7429533980202208
20,740.5152664589326,,,mixed cyclic-ring deformation (N-C-C bend) / cyclic C-N stretching,nu(C4-H11),bond,0.04872722863160887,-,-0.0056472341162918304,0.3622439530730344
20,740.5152664589326,,,mixed cyclic-ring deformation (N-C-C bend) / cyclic C-N stretching,nu(C9-H14),bond,0.030280928428381117,-,-0.004171083734519473,0.4126410102789359
20,740.5152664589326,,,mixed cyclic-ring deformation (N-C-C bend) / cyclic C-N stretching,nu(C7-H13),bond,0.025496396840619193,-,-0.004062963343980368,0.36617949382199605
20,740.5152664589326,,,mixed cyclic-ring deformation (N-C-C bend) / cyclic C-N stretching,delta_lin1(C6-C8-C9),linbend1,0.012796091145638436,-,-0.006132366103045181,0.0806718830220916
20,740.5152664589326,,,mixed cyclic-ring deformation (N-C-C bend) / cyclic C-N stretching,nu(C5-H12),bond,0.008776375025925248,-,-0.0023763706755323406,0.36845785714327406
20,740.5152664589326,,,mixed cyclic-ring deformation (N-C-C bend) / cyclic C-N stretching,nu(N3-H10),bond,0.0005355233007953871,-,-0.0005254639192947721,0.45982606826469136
20,740.5152664589326,,,mixed cyclic-ring deformation (N-C-C bend) / cyclic C-N stretching,tau(O1-C2-N3-H10),dihedral,8.080383212224995e-05,-,-0.0003478996834382641,0.1582795871132262
20,740.5152664589326,,,mixed cyclic-ring deformation (N-C-C bend) / cyclic C-N stretching,delta_lin2(C8-C9-H14),linbend2,4.818380643336346e-05,-,-0.0004595066538488308,0.05410264710992003
20,740.5152664589326,,,mixed cyclic-ring deformation (N-C-C bend) / cyclic C-N stretching,tau(C7-C2-N3-H10),dihedral,1.2865746274985028e-05,-,-0.00012568423366890883,0.19309649807876847
20,740.5152664589326,,,mixed cyclic-ring deformation (N-C-C bend) / cyclic C-N stretching,tau(N3-C2-C7-H13),dihedral,8.719220149690616e-06,-,-0.00016482655379128748,0.07608942539795792
20,740.5152664589326,,,mixed cyclic-ring deformation (N-C-C bend) / cyclic C-N stretching,tau(C8-C6-C7-C2),dihedral,5.562540209495647e-06,+,8.459052392674497e-05,0.18430229863599684
20,740.5152664589326,,,mixed cyclic-ring deformation (N-C-C bend) / cyclic C-N stretching,tau(O1-C2-N3-C4),dihedral,8.948155703753778e-07,-,-5.551743121872655e-05,0.06882969170170204
20,740.5152664589326,,,mixed cyclic-ring deformation (N-C-C bend) / cyclic C-N stretching,delta_lin2(C6-C8-C9),linbend2,6.566702539928044e-07,+,4.4563323222743655e-05,0.07839587685607574
20,740.5152664589326,,,mixed cyclic-ring deformation (N-C-C bend) / cyclic C-N stretching,tau(H12-C5-C6-C7),dihedral,4.291003079566283e-07,+,3.856114617365775e-05,0.0684163618253638
20,740.5152664589326,,,mixed cyclic-ring deformation (N-C-C bend) / cyclic C-N stretching,tau(C4-C5-C6-C8),dihedral,3.555959530060346e-07,-,-1.9128268091889275e-05,0.23041276089481189
20,740.5152664589326,,,mixed cyclic-ring deformation (N-C-C bend) / cyclic C-N stretching,tau(H11-C4-C5-C6),dihedral,1.1494482585360464e-07,+,1.9683359457822107e-05,0.07033832102789596
20,740.5152664589326,,,mixed cyclic-ring deformation (N-C-C bend) / cyclic C-N stretching,tau(C4-C5-C6-C7),dihedral,3.202389070431349e-09,+,2.4983958880648874e-06,0.12163333095301532
21,775.9043538177308,,,ring-site C-H out-of-plane bending,tau(H12-C5-C6-C7),dihedral,50.34206515880991,-,-0.4384065366160557,0.0684163618253638
21,775.9043538177308,,,ring-site C-H out-of-plane bending,tau(H11-C4-C5-C6),dihedral,36.08475752358874,-,-0.36606431276833235,0.07033832102789596
21,775.9043538177308,,,ring-site C-H out-of-plane bending,tau(C4-C5-C6-C7),dihedral,4.351108205958827,+,0.09666408333810034,0.12163333095301532
21,775.9043538177308,,,ring-site C-H out-of-plane bending,tau(O1-C2-N3-H10),dihedral,3.042913381880569,-,-0.0708637018686683,0.1582795871132262
21,775.9043538177308,,,ring-site C-H out-of-plane bending,tau(C7-C2-N3-H10),dihedral,2.44029655654263,-,-0.057454705094671266,0.19309649807876847
21,775.9043538177308,,,ring-site C-H out-of-plane bending,tau(C4-C5-C6-C8),dihedral,1.1480187070212828,-,-0.03607552945746886,0.23041276089481189
21,775.9043538177308,,,ring-site C-H out-of-plane bending,tau(O1-C2-N3-C4),dihedral,0.9903706657744734,+,0.06130592747799059,0.06882969170170204
21,775.9043538177308,,,ring-site C-H out-of-plane bending,tau(C8-C6-C7-C2),dihedral,0.7744160257555819,+,0.03312937822201612,0.18430229863599684
21,775.9043538177308,,,ring-site C-H out-of-plane bending,delta_lin2(C6-C8-C9),linbend2,0.5101803186924775,-,-0.04122937339768197,0.07839587685607574
21,775.9043538177308,,,ring-site C-H out-of-plane bending,tau(N3-C2-C7-H13),dihedral,0.2719509027702279,-,-0.030554458777192962,0.07608942539795792
21,775.9043538177308,,,ring-site C-H out-of-plane bending,delta_lin2(C8-C9-H14),linbend2,0.043838138690925586,-,-0.014548167443595699,0.05410264710992003
21,775.9043538177308,,,ring-site C-H out-of-plane bending,delta_lin1(C6-C8-C9),linbend1,7.13643632895405e-05,-,-0.000480696650178487,0.0806718830220916
21,775.9043538177308,,,ring-site C-H out-of-plane bending,delta_lin1(C8-C9-H14),linbend1,1.2750753814427135e-05,-,-0.0002373457845588749,0.05912291051473502
21,775.9043538177308,,,ring-site C-H out-of-plane bending,delta(C6-C5-H12),angle,9.149751210545515e-08,+,1.0040215360336068e-05,0.23708616882268754
21,775.9043538177308,,,ring-site C-H out-of-plane bending,nu(C4-H11),bond,5.007425165889566e-08,+,6.008944000197684e-06,0.3622439530730344
21,775.9043538177308,,,ring-site C-H out-of-plane bending,nu(N3-C4),bond,4.3754335095460177e-08,-,-4.893448383235767e-06,0.4772809004995997
21,775.9043538177308,,,ring-site C-H out-of-plane bending,nu(C2-C7),bond,3.920726729206296e-08,-,-5.387597098788495e-06,0.35282499408634166
21,775.9043538177308,,,ring-site C-H out-of-plane bending,nu(C5-C6),bond,2.2624826313251084e-08,-,-3.932622356216352e-06,0.3821235084742807
21,775.9043538177308,,,ring-site C-H out-of-plane bending,delta(C5-C4-H11),angle,1.0599951854758394e-08,-,-3.265238080738078e-06,0.25969116657976415
21,775.9043538177308,,,ring-site C-H out-of-plane bending,delta(N3-C4-C5),angle,8.058587175475434e-09,+,1.626406279405399e-06,0.7957631311007464
21,775.9043538177308,,,ring-site C-H out-of-plane bending,delta(C5-C6-C8),angle,7.459529117810748e-09,+,1.6194457913517936e-06,0.7429533980202208
21,775.9043538177308,,,ring-site C-H out-of-plane bending,nu(C9-H14),bond,6.962983993217922e-09,-,-2.09943773782569e-06,0.4126410102789359
21,775.9043538177308,,,ring-site C-H out-of-plane bending,nu(C8-C9),bond,6.45953285751056e-09,+,1.2447168675310062e-06,1.08903779510484
21,775.9043538177308,,,ring-site C-H out-of-plane bending,nu(C4-C5),bond,4.924450161419566e-09,+,1.512595313356068e-06,0.5622056888259223
21,775.9043538177308,,,ring-site C-H out-of-plane bending,nu(C2-N3),bond,3.1286059603014736e-09,+,1.5392148574415998e-06,0.34493349191283007
21,775.9043538177308,,,ring-site C-H out-of-plane bending,delta(O1-C2-N3),angle,1.5982652289468764e-09,+,9.20161981020297e-07,0.4930639731788844
21,775.9043538177308,,,ring-site C-H out-of-plane bending,nu(C6-C8),bond,9.347287242538485e-10,-,-8.067570077416295e-07,0.3751311133403573
21,775.9043538177308,,,ring-site C-H out-of-plane bending,delta(C7-C6-C8),angle,4.805982349157131e-10,-,-4.106282343018233e-07,0.7445048759789521
21,775.9043538177308,,,ring-site C-H out-of-plane bending,nu(C6-C7),bond,4.5730799154266014e-10,+,4.77996905608587e-07,0.5228072611410868
21,775.9043538177308,,,ring-site C-H out-of-plane bending,delta(N3-C2-C7),angle,3.608620691017229e-10,+,3.4635768585439256e-07,0.78573222766154
21,775.9043538177308,,,ring-site C-H out-of-plane bending,nu(O1-C2),bond,2.6124959454630793e-10,-,-2.994252444430075e-07,0.7611351696493606
21,775.9043538177308,,,ring-site C-H out-of-plane bending,delta(C2-N3-H10),angle,2.3012173460524607e-10,+,4.958600745599915e-07,0.2444681840156614
21,775.9043538177308,,,ring-site C-H out-of-plane bending,nu(N3-H10),bond,2.100583603902781e-10,-,-3.4543368575583446e-07,0.45982606826469136
21,775.9043538177308,,,ring-site C-H out-of-plane bending,nu(C7-H13),bond,5.290871518310462e-11,+,1.9427105239118735e-07,0.36617949382199605
21,775.9043538177308,,,ring-site C-H out-of-plane bending,nu(C5-H12),bond,4.2478666914787405e-11,-,-1.735333791139338e-07,0.36845785714327406
21,775.9043538177308,,,ring-site C-H out-of-plane bending,delta(C2-C7-H13),angle,1.6880326095752077e-11,+,1.3740527808729477e-07,0.2335376961253556
22,871.5542216746136,,,ring-site C-H out-of-plane bending,tau(N3-C2-C7-H13),dihedral,76.85085669539681,+,0.4877955067132859,0.07608942539795792
22,871.5542216746136,,,ring-site C-H out-of-plane bending,tau(C7-C2-N3-H10),dihedral,7.963889408484194,+,0.09857141765088737,0.19309649807876847
22,871.5542216746136,,,ring-site C-H out-of-plane bending,tau(C8-C6-C7-C2),dihedral,4.2759027286921505,+,0.07393058177707978,0.18430229863599684
22,871.5542216746136,,,ring-site C-H out-of-plane bending,tau(C4-C5-C6-C7),dihedral,3.715286051513143,-,-0.08482920944061416,0.12163333095301532
22,871.5542216746136,,,ring-site C-H out-of-plane bending,tau(O1-C2-N3-H10),dihedral,3.416473726926505,-,-0.07131028620183022,0.1582795871132262
22,871.5542216746136,,,ring-site C-H out-of-plane bending,tau(H12-C5-C6-C7),dihedral,1.6335435218029468,-,-0.07499994726504865,0.0684163618253638
22,871.5542216746136,,,ring-site C-H out-of-plane bending,tau(H11-C4-C5-C6),dihedral,0.905097398519954,-,-0.055058864525993956,0.07033832102789596
22,871.5542216746136,,,ring-site C-H out-of-plane bending,tau(C4-C5-C6-C8),dihedral,0.49513267731925753,+,0.02250003128558164,0.23041276089481189
22,871.5542216746136,,,ring-site C-H out-of-plane bending,tau(O1-C2-N3-C4),dihedral,0.48531809524532693,-,-0.04075687911175908,0.06882969170170204
22,871.5542216746136,,,ring-site C-H out-of-plane bending,delta_lin2(C6-C8-C9),linbend2,0.257872370283017,+,0.02783757411064696,0.07839587685607574
22,871.5542216746136,,,ring-site C-H out-of-plane bending,delta_lin2(C8-C9-H14),linbend2,0.0005915802363969069,+,0.0016049930722976708,0.05410264710992003
22,871.5542216746136,,,ring-site C-H out-of-plane bending,delta_lin1(C6-C8-C9),linbend1,3.476587048349542e-05,+,0.00031863321677177525,0.0806718830220916
22,871.5542216746136,,,ring-site C-H out-of-plane bending,delta(C2-C7-H13),angle,2.954961161979451e-07,+,1.7265254480785835e-05,0.2335376961253556
22,871.5542216746136,,,ring-site C-H out-of-plane bending,nu(C7-H13),bond,1.7386939158688003e-07,-,-1.05764555469162e-05,0.36617949382199605
22,871.5542216746136,,,ring-site C-H out-of-plane bending,delta(C7-C6-C8),angle,1.2422075823442294e-07,-,-6.269586604890803e-06,0.7445048759789521
22,871.5542216746136,,,ring-site C-H out-of-plane bending,delta(N3-C2-C7),angle,1.0564433202833762e-07,+,5.62809485868428e-06,0.78573222766154
22,871.5542216746136,,,ring-site C-H out-of-plane bending,nu(C5-C6),bond,6.430274359043318e-08,-,-6.296344244989405e-06,0.3821235084742807
22,871.5542216746136,,,ring-site C-H out-of-plane bending,delta(C5-C6-C8),angle,6.182236805450584e-08,+,4.427592291564779e-06,0.7429533980202208
22,871.5542216746136,,,ring-site C-H out-of-plane bending,nu(C8-C9),bond,3.991491175945735e-08,-,-2.938472981346767e-06,1.08903779510484
22,871.5542216746136,,,ring-site C-H out-of-plane bending,nu(C2-N3),bond,2.5011583240033995e-08,+,4.133124623311557e-06,0.34493349191283007
22,871.5542216746136,,,ring-site C-H out-of-plane bending,nu(C6-C8),bond,1.634356048356834e-08,-,-3.2037408990418995e-06,0.3751311133403573
22,871.5542216746136,,,ring-site C-H out-of-plane bending,delta(C5-C4-H11),angle,1.572409628243312e-08,-,-3.7768509814843946e-06,0.25969116657976415
22,871.5542216746136,,,ring-site C-H out-of-plane bending,nu(C6-C7),bond,1.489284268132805e-08,+,2.5905595903109983e-06,0.5228072611410868
22,871.5542216746136,,,ring-site C-H out-of-plane bending,nu(C2-C7),bond,1.2300522281940181e-08,+,2.865877981079179e-06,0.35282499408634166
22,871.5542216746136,,,ring-site C-H out-of-plane bending,delta_lin1(C8-C9-H14),linbend1,1.2223730946897128e-08,-,-6.979102545485528e-06,0.05912291051473502
22,871.5542216746136,,,ring-site C-H out-of-plane bending,delta(O1-C2-N3),angle,7.104658424514549e-09,+,1.8424493476371798e-06,0.4930639731788844
22,871.5542216746136,,,ring-site C-H out-of-plane bending,delta(C6-C5-H12),angle,6.305399501694293e-09,-,-2.5031033753307357e-06,0.23708616882268754
22,871.5542216746136,,,ring-site C-H out-of-plane bending,nu(C4-H11),bond,1.997878797126336e-09,+,1.1398811919352507e-06,0.3622439530730344
22,871.5542216746136,,,ring-site C-H out-of-plane bending,delta(C2-N3-H10),angle,6.358509202852346e-10,+,7.827842341150017e-07,0.2444681840156614
22,871.5542216746136,,,ring-site C-H out-of-plane bending,nu(N3-C4),bond,5.691421970093139e-10,-,-5.300281752843061e-07,0.4772809004995997
22,871.5542216746136,,,ring-site C-H out-of-plane bending,delta(N3-C4-C5),angle,4.441822151266414e-10,-,-3.6263044848860407e-07,0.7957631311007464
22,871.5542216746136,,,ring-site C-H out-of-plane bending,nu(C4-C5),bond,4.1528410261941687e-10,-,-4.171580478329983e-07,0.5622056888259223
22,871.5542216746136,,,ring-site C-H out-of-plane bending,nu(O1-C2),bond,1.6653491379480192e-10,-,-2.270373685890401e-07,0.7611351696493606
22,871.5542216746136,,,ring-site C-H out-of-plane bending,nu(N3-H10),bond,1.6221897912699295e-10,+,2.8829003371301715e-07,0.45982606826469136
22,871.5542216746136,,,ring-site C-H out-of-plane bending,nu(C9-H14),bond,1.1275696846378338e-10,+,2.5372373311814295e-07,0.4126410102789359
22,871.5542216746136,,,ring-site C-H out-of-plane bending,nu(C5-H12),bond,2.8951162196309304e-11,-,-1.360550547376901e-07,0.36845785714327406
23,906.4641838364882,,,mixed cyclic C-N stretching / mixed-phase cyclic C-C stretching,nu(C2-N3),bond,28.94147728306,-,-0.17166488615992806,0.34493349191283007
23,906.4641838364882,,,mixed cyclic C-N stretching / mixed-phase cyclic C-C stretching,nu(C2-C7),bond,18.31600729901347,-,-0.1350282182912134,0.35282499408634166
23,906.4641838364882,,,mixed cyclic C-N stretching / mixed-phase cyclic C-C stretching,delta(C7-C6-C8),angle,9.488194644518869,+,0.06690318974563063,0.7445048759789521
23,906.4641838364882,,,mixed cyclic C-N stretching / mixed-phase cyclic C-C stretching,nu(C6-C8),bond,7.87890883360723,+,0.08588756679595223,0.3751311133403573
23,906.4641838364882,,,mixed cyclic C-N stretching / mixed-phase cyclic C-C stretching,delta(C5-C4-H11),angle,6.678481694089602,+,0.09503839337289698,0.25969116657976415
23,906.4641838364882,,,mixed cyclic C-N stretching / mixed-phase cyclic C-C stretching,delta(N3-C4-C5),angle,5.716534698654343,-,-0.05023001637482377,0.7957631311007464
23,906.4641838364882,,,mixed cyclic C-N stretching / mixed-phase cyclic C-C stretching,delta(O1-C2-N3),angle,5.089991798738911,+,0.06021375489951062,0.4930639731788844
23,906.4641838364882,,,mixed cyclic C-N stretching / mixed-phase cyclic C-C stretching,delta(C2-C7-H13),angle,4.493037449226653,-,-0.0822016108294675,0.2335376961253556
23,906.4641838364882,,,mixed cyclic C-N stretching / mixed-phase cyclic C-C stretching,delta(C5-C6-C8),angle,4.450344830822816,-,-0.04586747675708497,0.7429533980202208
23,906.4641838364882,,,mixed cyclic C-N stretching / mixed-phase cyclic C-C stretching,nu(C5-C6),bond,3.3706112403887887,+,0.0556597509476335,0.3821235084742807
23,906.4641838364882,,,mixed cyclic C-N stretching / mixed-phase cyclic C-C stretching,delta(C2-N3-H10),angle,2.6610537098152336,-,-0.061830741042879514,0.2444681840156614
23,906.4641838364882,,,mixed cyclic C-N stretching / mixed-phase cyclic C-C stretching,nu(C8-C9),bond,1.113020340741738,+,0.018946058727286372,1.08903779510484
23,906.4641838364882,,,mixed cyclic C-N stretching / mixed-phase cyclic C-C stretching,nu(N3-C4),bond,0.7266538367003342,-,-0.023124138528352725,0.4772809004995997
23,906.4641838364882,,,mixed cyclic C-N stretching / mixed-phase cyclic C-C stretching,delta_lin1(C6-C8-C9),linbend1,0.3148158072702994,-,-0.037021667231965746,0.0806718830220916
23,906.4641838364882,,,mixed cyclic C-N stretching / mixed-phase cyclic C-C stretching,delta(N3-C2-C7),angle,0.2838670103166418,-,-0.011264423845375626,0.78573222766154
23,906.4641838364882,,,mixed cyclic C-N stretching / mixed-phase cyclic C-C stretching,nu(C6-C7),bond,0.2420687304515679,+,0.012752265483312437,0.5228072611410868
23,906.4641838364882,,,mixed cyclic C-N stretching / mixed-phase cyclic C-C stretching,nu(C4-C5),bond,0.15186317149618356,-,-0.00974018979316069,0.5622056888259223
23,906.4641838364882,,,mixed cyclic C-N stretching / mixed-phase cyclic C-C stretching,nu(C9-H14),bond,0.028484659803600557,+,0.00492388758380992,0.4126410102789359
23,906.4641838364882,,,mixed cyclic C-N stretching / mixed-phase cyclic C-C stretching,nu(O1-C2),bond,0.012535539454440596,-,-0.0024050794293861903,0.7611351696493606
23,906.4641838364882,,,mixed cyclic C-N stretching / mixed-phase cyclic C-C stretching,nu(N3-H10),bond,0.011985328992751893,-,-0.0030256381692990142,0.45982606826469136
23,906.4641838364882,,,mixed cyclic C-N stretching / mixed-phase cyclic C-C stretching,delta(C6-C5-H12),angle,0.011540343649092394,+,0.004134710109981171,0.23708616882268754
23,906.4641838364882,,,mixed cyclic C-N stretching / mixed-phase cyclic C-C stretching,nu(C7-H13),bond,0.009224555020381865,-,-0.002974503658552811,0.36617949382199605
23,906.4641838364882,,,mixed cyclic C-N stretching / mixed-phase cyclic C-C stretching,nu(C4-H11),bond,0.0058582739585507256,-,-0.0023832690385884457,0.3622439530730344
23,906.4641838364882,,,mixed cyclic C-N stretching / mixed-phase cyclic C-C stretching,delta_lin1(C8-C9-H14),linbend1,0.0033803889195843503,+,0.004481199064746934,0.05912291051473502
23,906.4641838364882,,,mixed cyclic C-N stretching / mixed-phase cyclic C-C stretching,delta_lin2(C6-C8-C9),linbend2,4.334257513880974e-05,+,0.00044065585908198434,0.07839587685607574
23,906.4641838364882,,,mixed cyclic C-N stretching / mixed-phase cyclic C-C stretching,nu(C5-H12),bond,1.4423863906789048e-05,-,-0.00011725616923351757,0.36845785714327406
23,906.4641838364882,,,mixed cyclic C-N stretching / mixed-phase cyclic C-C stretching,tau(C7-C2-N3-H10),dihedral,1.704851438300823e-07,+,1.76094128673878e-05,0.19309649807876847
23,906.4641838364882,,,mixed cyclic C-N stretching / mixed-phase cyclic C-C stretching,tau(O1-C2-N3-H10),dihedral,1.6704172740989161e-07,+,1.9252575559971937e-05,0.1582795871132262
23,906.4641838364882,,,mixed cyclic C-N stretching / mixed-phase cyclic C-C stretching,tau(N3-C2-C7-H13),dihedral,1.4681022253508894e-07,+,2.6031836080379963e-05,0.07608942539795792
23,906.4641838364882,,,mixed cyclic C-N stretching / mixed-phase cyclic C-C stretching,tau(H11-C4-C5-C6),dihedral,8.711000614887435e-08,-,-2.085579878209157e-05,0.07033832102789596
23,906.4641838364882,,,mixed cyclic C-N stretching / mixed-phase cyclic C-C stretching,tau(C4-C5-C6-C7),dihedral,8.698905446055939e-08,-,-1.5848742513249085e-05,0.12163333095301532
23,906.4641838364882,,,mixed cyclic C-N stretching / mixed-phase cyclic C-C stretching,delta_lin2(C8-C9-H14),linbend2,7.944478132533477e-08,-,-2.270974377793845e-05,0.05410264710992003
23,906.4641838364882,,,mixed cyclic C-N stretching / mixed-phase cyclic C-C stretching,tau(C8-C6-C7-C2),dihedral,1.9248340964963625e-08,-,-6.056477111894751e-06,0.18430229863599684
23,906.4641838364882,,,mixed cyclic C-N stretching / mixed-phase cyclic C-C stretching,tau(H12-C5-C6-C7),dihedral,4.285377756678375e-09,+,4.690329703058876e-06,0.0684163618253638
23,906.4641838364882,,,mixed cyclic C-N stretching / mixed-phase cyclic C-C stretching,tau(C4-C5-C6-C8),dihedral,3.43010173758685e-09,+,2.2865939047126467e-06,0.23041276089481189
23,906.4641838364882,,,mixed cyclic C-N stretching / mixed-phase cyclic C-C stretching,tau(O1-C2-N3-C4),dihedral,5.115190973044828e-12,-,-1.6155924641454988e-07,0.06882969170170204
24,940.1219870487519,,,ring-site C-H out-of-plane bending,tau(H11-C4-C5-C6),dihedral,55.70700598500058,-,-0.4648837226143278,0.07033832102789596
24,940.1219870487519,,,ring-site C-H out-of-plane bending,tau(H12-C5-C6-C7),dihedral,28.410850559497764,+,0.3366259251141251,0.0684163618253638
24,940.1219870487519,,,ring-site C-H out-of-plane bending,tau(C4-C5-C6-C8),dihedral,6.08377837756355,-,-0.08488263613439322,0.23041276089481189
24,940.1219870487519,,,ring-site C-H out-of-plane bending,tau(C4-C5-C6-C7),dihedral,4.023156354358742,-,-0.09500415194352893,0.12163333095301532
24,940.1219870487519,,,ring-site C-H out-of-plane bending,tau(C7-C2-N3-H10),dihedral,3.706177877018067,-,-0.07237046463500266,0.19309649807876847
24,940.1219870487519,,,ring-site C-H out-of-plane bending,tau(O1-C2-N3-C4),dihedral,1.1304686666373096,+,0.06694633133872797,0.06882969170170204
24,940.1219870487519,,,ring-site C-H out-of-plane bending,tau(O1-C2-N3-H10),dihedral,0.7071035437595096,-,-0.03491519586107048,0.1582795871132262
24,940.1219870487519,,,ring-site C-H out-of-plane bending,tau(C8-C6-C7-C2),dihedral,0.13073041201681654,-,-0.013912602248217288,0.18430229863599684
24,940.1219870487519,,,ring-site C-H out-of-plane bending,tau(N3-C2-C7-H13),dihedral,0.0964922386698056,-,-0.01860242100663808,0.07608942539795792
24,940.1219870487519,,,ring-site C-H out-of-plane bending,delta_lin2(C6-C8-C9),linbend2,0.004228492170088482,-,-0.003836468038134875,0.07839587685607574
24,940.1219870487519,,,ring-site C-H out-of-plane bending,delta_lin2(C8-C9-H14),linbend2,6.431575155779264e-06,-,-0.00018010876456247494,0.05410264710992003
24,940.1219870487519,,,ring-site C-H out-of-plane bending,delta_lin1(C6-C8-C9),linbend1,4.879228279393105e-07,-,-4.062561062153011e-05,0.0806718830220916
24,940.1219870487519,,,ring-site C-H out-of-plane bending,delta_lin1(C8-C9-H14),linbend1,1.3458355603536364e-07,-,-2.4923184185062603e-05,0.05912291051473502
24,940.1219870487519,,,ring-site C-H out-of-plane bending,nu(C4-H11),bond,1.1906890968104032e-07,+,9.470742880649903e-06,0.3622439530730344
24,940.1219870487519,,,ring-site C-H out-of-plane bending,nu(C2-C7),bond,5.330990815840629e-08,+,6.421104320939938e-06,0.35282499408634166
24,940.1219870487519,,,ring-site C-H out-of-plane bending,delta(C5-C4-H11),angle,3.7365084559206306e-08,-,-6.265991856561491e-06,0.25969116657976415
24,940.1219870487519,,,ring-site C-H out-of-plane bending,nu(C2-N3),bond,3.650254920545698e-08,+,5.37377334866793e-06,0.34493349191283007
24,940.1219870487519,,,ring-site C-H out-of-plane bending,nu(C6-C8),bond,3.338035254488628e-08,-,-4.9276442515591355e-06,0.3751311133403573
24,940.1219870487519,,,ring-site C-H out-of-plane bending,delta(C5-C6-C8),angle,2.0846929687042047e-08,+,2.7671053509937076e-06,0.7429533980202208
24,940.1219870487519,,,ring-site C-H out-of-plane bending,delta(C6-C5-H12),angle,2.046910903065237e-08,-,-4.853799027783799e-06,0.23708616882268754
24,940.1219870487519,,,ring-site C-H out-of-plane bending,nu(C4-C5),bond,2.007981167882462e-08,-,-3.121890239099217e-06,0.5622056888259223
24,940.1219870487519,,,ring-site C-H out-of-plane bending,delta(O1-C2-N3),angle,1.9605160047748393e-08,-,-3.2939650783134038e-06,0.4930639731788844
24,940.1219870487519,,,ring-site C-H out-of-plane bending,delta(N3-C4-C5),angle,1.8302378146152632e-08,+,2.5052281628206907e-06,0.7957631311007464
24,940.1219870487519,,,ring-site C-H out-of-plane bending,nu(C6-C7),bond,1.5717715733813442e-08,-,-2.8642395658842764e-06,0.5228072611410868
24,940.1219870487519,,,ring-site C-H out-of-plane bending,delta(N3-C2-C7),angle,1.0479168405781484e-08,-,-1.907706487760723e-06,0.78573222766154
24,940.1219870487519,,,ring-site C-H out-of-plane bending,delta(C7-C6-C8),angle,9.635666638844707e-09,-,-1.8792845359548321e-06,0.7445048759789521
24,940.1219870487519,,,ring-site C-H out-of-plane bending,delta(C2-C7-H13),angle,8.116927039276983e-09,+,3.0796598806306784e-06,0.2335376961253556
24,940.1219870487519,,,ring-site C-H out-of-plane bending,delta(C2-N3-H10),angle,5.913058978806903e-09,+,2.5690961732974903e-06,0.2444681840156614
24,940.1219870487519,,,ring-site C-H out-of-plane bending,nu(N3-C4),bond,3.797105465979898e-09,+,1.4734137973438345e-06,0.4772809004995997
24,940.1219870487519,,,ring-site C-H out-of-plane bending,nu(C8-C9),bond,2.6511744047540438e-09,-,-8.150478442915682e-07,1.08903779510484
24,940.1219870487519,,,ring-site C-H out-of-plane bending,nu(C5-C6),bond,2.071361749843519e-09,-,-1.2162182834588477e-06,0.3821235084742807
24,940.1219870487519,,,ring-site C-H out-of-plane bending,nu(O1-C2),bond,1.145151130195097e-09,+,6.407460509268249e-07,0.7611351696493606
24,940.1219870487519,,,ring-site C-H out-of-plane bending,nu(C7-H13),bond,4.873695213641434e-10,+,6.026533890429273e-07,0.36617949382199605
24,940.1219870487519,,,ring-site C-H out-of-plane bending,nu(N3-H10),bond,1.2186664581586466e-10,-,-2.689249303717584e-07,0.45982606826469136
24,940.1219870487519,,,ring-site C-H out-of-plane bending,nu(C9-H14),bond,9.818231675185074e-11,-,-2.5480965149520325e-07,0.4126410102789359
24,940.1219870487519,,,ring-site C-H out-of-plane bending,nu(C5-H12),bond,6.129843447896313e-11,+,2.1306700960120698e-07,0.36845785714327406
25,1010.3167472084118,,,mixed cyclic-ring deformation (N-C-C bend) / cyclic C-C stretching,delta(N3-C4-C5),angle,31.846326440283708,-,-0.1311452172004289,0.7957631311007464
25,1010.3167472084118,,,mixed cyclic-ring deformation (N-C-C bend) / cyclic C-C stretching,nu(C5-C6),bond,22.208912273369926,-,-0.15804343429297957,0.3821235084742807
25,1010.3167472084118,,,mixed cyclic-ring deformation (N-C-C bend) / cyclic C-C stretching,delta(N3-C2-C7),angle,16.01254951736713,-,-0.09358530324539467,0.78573222766154
25,1010.3167472084118,,,mixed cyclic-ring deformation (N-C-C bend) / cyclic C-C stretching,delta(C5-C6-C8),angle,10.7469464769149,+,0.07884541594933954,0.7429533980202208
25,1010.3167472084118,,,mixed cyclic-ring deformation (N-C-C bend) / cyclic C-C stretching,delta(C6-C5-H12),angle,5.267476478405303,-,-0.09771537103834803,0.23708616882268754
25,1010.3167472084118,,,mixed cyclic-ring deformation (N-C-C bend) / cyclic C-C stretching,nu(C6-C7),bond,4.086487906383776,-,-0.05795874806658911,0.5228072611410868
25,1010.3167472084118,,,mixed cyclic-ring deformation (N-C-C bend) / cyclic C-C stretching,nu(C2-C7),bond,2.1457948141262064,-,-0.051124505055182796,0.35282499408634166
25,1010.3167472084118,,,mixed cyclic-ring deformation (N-C-C bend) / cyclic C-C stretching,nu(N3-C4),bond,2.020558856741958,-,-0.042654358756193576,0.4772809004995997
25,1010.3167472084118,,,mixed cyclic-ring deformation (N-C-C bend) / cyclic C-C stretching,delta(C2-N3-H10),angle,1.5186751787256212,-,-0.051669703159305344,0.2444681840156614
25,1010.3167472084118,,,mixed cyclic-ring deformation (N-C-C bend) / cyclic C-C stretching,nu(C4-C5),bond,1.1334724391570814,-,-0.029435577228553066,0.5622056888259223
25,1010.3167472084118,,,mixed cyclic-ring deformation (N-C-C bend) / cyclic C-C stretching,nu(O1-C2),bond,0.7725554405506957,+,0.020885680260647948,0.7611351696493606
25,1010.3167472084118,,,mixed cyclic-ring deformation (N-C-C bend) / cyclic C-C stretching,nu(C2-N3),bond,0.5947339495734433,+,0.02722126948501157,0.34493349191283007
25,1010.3167472084118,,,mixed cyclic-ring deformation (N-C-C bend) / cyclic C-C stretching,delta(C7-C6-C8),angle,0.46827625001436574,+,0.016441142179666277,0.7445048759789521
25,1010.3167472084118,,,mixed cyclic-ring deformation (N-C-C bend) / cyclic C-C stretching,delta(C5-C4-H11),angle,0.3903709745594945,+,0.025417033604859227,0.25969116657976415
25,1010.3167472084118,,,mixed cyclic-ring deformation (N-C-C bend) / cyclic C-C stretching,delta(O1-C2-N3),angle,0.30439136181822773,+,0.016288429732251995,0.4930639731788844
25,1010.3167472084118,,,mixed cyclic-ring deformation (N-C-C bend) / cyclic C-C stretching,nu(C6-C8),bond,0.16514736155456194,-,-0.013754948515458816,0.3751311133403573
25,1010.3167472084118,,,mixed cyclic-ring deformation (N-C-C bend) / cyclic C-C stretching,delta_lin1(C6-C8-C9),linbend1,0.10255686129311561,+,0.023374156941598296,0.0806718830220916
25,1010.3167472084118,,,mixed cyclic-ring deformation (N-C-C bend) / cyclic C-C stretching,nu(C5-H12),bond,0.07020614184455133,-,-0.009049161412391685,0.36845785714327406
25,1010.3167472084118,,,mixed cyclic-ring deformation (N-C-C bend) / cyclic C-C stretching,nu(C8-C9),bond,0.054709078414467975,-,-0.004646467627917848,1.08903779510484
25,1010.3167472084118,,,mixed cyclic-ring deformation (N-C-C bend) / cyclic C-C stretching,nu(C7-H13),bond,0.04637847579297417,-,-0.007377783693502737,0.36617949382199605
25,1010.3167472084118,,,mixed cyclic-ring deformation (N-C-C bend) / cyclic C-C stretching,delta(C2-C7-H13),angle,0.0360818299155358,+,0.008148552613872966,0.2335376961253556
25,1010.3167472084118,,,mixed cyclic-ring deformation (N-C-C bend) / cyclic C-C stretching,nu(N3-H10),bond,0.004109058505537694,-,-0.0019596975990286004,0.45982606826469136
25,1010.3167472084118,,,mixed cyclic-ring deformation (N-C-C bend) / cyclic C-C stretching,nu(C4-H11),bond,0.0026400557763635053,-,-0.0017697856574701322,0.3622439530730344
25,1010.3167472084118,,,mixed cyclic-ring deformation (N-C-C bend) / cyclic C-C stretching,delta_lin1(C8-C9-H14),linbend1,0.0003285820850201748,-,-0.0015454634202795214,0.05912291051473502
25,1010.3167472084118,,,mixed cyclic-ring deformation (N-C-C bend) / cyclic C-C stretching,nu(C9-H14),bond,0.00030009186653400194,-,-0.0005590563834028959,0.4126410102789359
25,1010.3167472084118,,,mixed cyclic-ring deformation (N-C-C bend) / cyclic C-C stretching,delta_lin2(C6-C8-C9),linbend2,1.3939199063339163e-05,-,-0.000276431156956698,0.07839587685607574
25,1010.3167472084118,,,mixed cyclic-ring deformation (N-C-C bend) / cyclic C-C stretching,delta_lin2(C8-C9-H14),linbend2,9.335572204087314e-08,+,2.7231772245390364e-05,0.05410264710992003
25,1010.3167472084118,,,mixed cyclic-ring deformation (N-C-C bend) / cyclic C-C stretching,tau(N3-C2-C7-H13),dihedral,4.562660711712927e-08,-,-1.605320041337228e-05,0.07608942539795792
25,1010.3167472084118,,,mixed cyclic-ring deformation (N-C-C bend) / cyclic C-C stretching,tau(C4-C5-C6-C7),dihedral,1.4970260106058393e-08,+,7.272823789955915e-06,0.12163333095301532
25,1010.3167472084118,,,mixed cyclic-ring deformation (N-C-C bend) / cyclic C-C stretching,tau(C7-C2-N3-H10),dihedral,5.587187932030742e-09,+,3.5263395929365763e-06,0.19309649807876847
25,1010.3167472084118,,,mixed cyclic-ring deformation (N-C-C bend) / cyclic C-C stretching,tau(H11-C4-C5-C6),dihedral,2.39489428096244e-09,+,3.825267996483634e-06,0.07033832102789596
25,1010.3167472084118,,,mixed cyclic-ring deformation (N-C-C bend) / cyclic C-C stretching,tau(O1-C2-N3-C4),dihedral,2.1887207605932973e-09,-,-3.6967659798699632e-06,0.06882969170170204
25,1010.3167472084118,,,mixed cyclic-ring deformation (N-C-C bend) / cyclic C-C stretching,tau(O1-C2-N3-H10),dihedral,8.462183082795093e-10,-,-1.5158053885339067e-06,0.1582795871132262
25,1010.3167472084118,,,mixed cyclic-ring deformation (N-C-C bend) / cyclic C-C stretching,tau(C4-C5-C6-C8),dihedral,7.7508504038594e-10,+,1.2023643911115117e-06,0.23041276089481189
25,1010.3167472084118,,,mixed cyclic-ring deformation (N-C-C bend) / cyclic C-C stretching,tau(H12-C5-C6-C7),dihedral,1.5248593682472642e-11,+,3.094921232599041e-07,0.0684163618253638
25,1010.3167472084118,,,mixed cyclic-ring deformation (N-C-C bend) / cyclic C-C stretching,tau(C8-C6-C7-C2),dihedral,4.876075875843033e-13,-,-3.371976536078856e-08,0.18430229863599684
26,1124.348515899193,,,mixed mixed-phase cyclic C-N stretching / ring-site C-H in-plane bending / mixed-phase cyclic C-C stretching,nu(N3-C4),bond,32.39799172169664,-,-0.18754218560061287,0.4772809004995997
26,1124.348515899193,,,mixed mixed-phase cyclic C-N stretching / ring-site C-H in-plane bending / mixed-phase cyclic C-C stretching,delta(C6-C5-H12),angle,23.412471402154434,+,0.22620253942684268,0.23708616882268754
26,1124.348515899193,,,mixed mixed-phase cyclic C-N stretching / ring-site C-H in-plane bending / mixed-phase cyclic C-C stretching,nu(C4-C5),bond,13.538257191262,-,-0.11170194050638783,0.5622056888259223
26,1124.348515899193,,,mixed mixed-phase cyclic C-N stretching / ring-site C-H in-plane bending / mixed-phase cyclic C-C stretching,delta(C2-N3-H10),angle,7.9936440504968385,+,0.13016319046482985,0.2444681840156614
26,1124.348515899193,,,mixed mixed-phase cyclic C-N stretching / ring-site C-H in-plane bending / mixed-phase cyclic C-C stretching,delta(N3-C4-C5),angle,5.954419247988863,+,0.06226654285793757,0.7957631311007464
26,1124.348515899193,,,mixed mixed-phase cyclic C-N stretching / ring-site C-H in-plane bending / mixed-phase cyclic C-C stretching,delta(C5-C4-H11),angle,3.1375837975220775,-,-0.07912177721979781,0.25969116657976415
26,1124.348515899193,,,mixed mixed-phase cyclic C-N stretching / ring-site C-H in-plane bending / mixed-phase cyclic C-C stretching,nu(C2-N3),bond,2.910879444363997,+,0.0661258675263361,0.34493349191283007
26,1124.348515899193,,,mixed mixed-phase cyclic C-N stretching / ring-site C-H in-plane bending / mixed-phase cyclic C-C stretching,nu(C6-C7),bond,2.239181759282465,+,0.04710866792567015,0.5228072611410868
26,1124.348515899193,,,mixed mixed-phase cyclic C-N stretching / ring-site C-H in-plane bending / mixed-phase cyclic C-C stretching,delta(O1-C2-N3),angle,2.2339202814307817,+,0.0484517151823668,0.4930639731788844
26,1124.348515899193,,,mixed mixed-phase cyclic C-N stretching / ring-site C-H in-plane bending / mixed-phase cyclic C-C stretching,delta(C5-C6-C8),angle,1.8650123828514134,+,0.03606509070086393,0.7429533980202208
26,1124.348515899193,,,mixed mixed-phase cyclic C-N stretching / ring-site C-H in-plane bending / mixed-phase cyclic C-C stretching,delta(C7-C6-C8),angle,1.8184419469164164,-,-0.03557483568663719,0.7445048759789521
26,1124.348515899193,,,mixed mixed-phase cyclic C-N stretching / ring-site C-H in-plane bending / mixed-phase cyclic C-C stretching,delta(N3-C2-C7),angle,0.9666134385108677,-,-0.025247366626867503,0.78573222766154
26,1124.348515899193,,,mixed mixed-phase cyclic C-N stretching / ring-site C-H in-plane bending / mixed-phase cyclic C-C stretching,nu(C6-C8),bond,0.7251308478066381,+,0.0316478056576703,0.3751311133403573
26,1124.348515899193,,,mixed mixed-phase cyclic C-N stretching / ring-site C-H in-plane bending / mixed-phase cyclic C-C stretching,delta(C2-C7-H13),angle,0.2038139032525239,+,0.02126499882008439,0.2335376961253556
26,1124.348515899193,,,mixed mixed-phase cyclic C-N stretching / ring-site C-H in-plane bending / mixed-phase cyclic C-C stretching,nu(O1-C2),bond,0.16960094225343073,-,-0.010745093305676747,0.7611351696493606
26,1124.348515899193,,,mixed mixed-phase cyclic C-N stretching / ring-site C-H in-plane bending / mixed-phase cyclic C-C stretching,nu(C8-C9),bond,0.12840275327364592,+,0.0078161457204808,1.08903779510484
26,1124.348515899193,,,mixed mixed-phase cyclic C-N stretching / ring-site C-H in-plane bending / mixed-phase cyclic C-C stretching,nu(C2-C7),bond,0.09459848663669894,+,0.011786622615107512,0.35282499408634166
26,1124.348515899193,,,mixed mixed-phase cyclic C-N stretching / ring-site C-H in-plane bending / mixed-phase cyclic C-C stretching,nu(N3-H10),bond,0.07096654966296093,-,-0.008942460010059439,0.45982606826469136
26,1124.348515899193,,,mixed mixed-phase cyclic C-N stretching / ring-site C-H in-plane bending / mixed-phase cyclic C-C stretching,delta_lin1(C6-C8-C9),linbend1,0.040000006146742526,+,0.01602861094096245,0.0806718830220916
26,1124.348515899193,,,mixed mixed-phase cyclic C-N stretching / ring-site C-H in-plane bending / mixed-phase cyclic C-C stretching,nu(C5-H12),bond,0.036883262899991075,-,-0.007201910362271219,0.36845785714327406
26,1124.348515899193,,,mixed mixed-phase cyclic C-N stretching / ring-site C-H in-plane bending / mixed-phase cyclic C-C stretching,nu(C4-H11),bond,0.035755512555078826,-,-0.0071515122572683686,0.3622439530730344
26,1124.348515899193,,,mixed mixed-phase cyclic C-N stretching / ring-site C-H in-plane bending / mixed-phase cyclic C-C stretching,nu(C5-C6),bond,0.01768185057779331,-,-0.004896535814564092,0.3821235084742807
26,1124.348515899193,,,mixed mixed-phase cyclic C-N stretching / ring-site C-H in-plane bending / mixed-phase cyclic C-C stretching,nu(C7-H13),bond,0.005194811961779456,+,0.0027112206367773803,0.36617949382199605
26,1124.348515899193,,,mixed mixed-phase cyclic C-N stretching / ring-site C-H in-plane bending / mixed-phase cyclic C-C stretching,nu(C9-H14),bond,0.0026645126377550384,+,0.0018291513998767118,0.4126410102789359
26,1124.348515899193,,,mixed mixed-phase cyclic C-N stretching / ring-site C-H in-plane bending / mixed-phase cyclic C-C stretching,delta_lin1(C8-C9-H14),linbend1,0.000884573478640973,-,-0.0027842998881649965,0.05912291051473502
26,1124.348515899193,,,mixed mixed-phase cyclic C-N stretching / ring-site C-H in-plane bending / mixed-phase cyclic C-C stretching,delta_lin2(C6-C8-C9),linbend2,5.144646841166961e-06,-,-0.00018439881607527025,0.07839587685607574
26,1124.348515899193,,,mixed mixed-phase cyclic C-N stretching / ring-site C-H in-plane bending / mixed-phase cyclic C-C stretching,delta_lin2(C8-C9-H14),linbend2,1.4690292981839864e-07,+,3.75087789940471e-05,0.05410264710992003
26,1124.348515899193,,,mixed mixed-phase cyclic C-N stretching / ring-site C-H in-plane bending / mixed-phase cyclic C-C stretching,tau(H12-C5-C6-C7),dihedral,1.5843113351182138e-08,+,1.0953861168711821e-05,0.0684163618253638
26,1124.348515899193,,,mixed mixed-phase cyclic C-N stretching / ring-site C-H in-plane bending / mixed-phase cyclic C-C stretching,tau(N3-C2-C7-H13),dihedral,7.98047545289843e-09,-,-7.371895773815197e-06,0.07608942539795792
26,1124.348515899193,,,mixed mixed-phase cyclic C-N stretching / ring-site C-H in-plane bending / mixed-phase cyclic C-C stretching,tau(O1-C2-N3-H10),dihedral,2.7115089822896288e-09,-,-2.9793397088546868e-06,0.1582795871132262
26,1124.348515899193,,,mixed mixed-phase cyclic C-N stretching / ring-site C-H in-plane bending / mixed-phase cyclic C-C stretching,tau(H11-C4-C5-C6),dihedral,1.9620701189526063e-09,+,3.8017908291843206e-06,0.07033832102789596
26,1124.348515899193,,,mixed mixed-phase cyclic C-N stretching / ring-site C-H in-plane bending / mixed-phase cyclic C-C stretching,tau(C4-C5-C6-C8),dihedral,1.3856400592555873e-09,+,1.7652202743870817e-06,0.23041276089481189
26,1124.348515899193,,,mixed mixed-phase cyclic C-N stretching / ring-site C-H in-plane bending / mixed-phase cyclic C-C stretching,tau(C4-C5-C6-C7),dihedral,4.05890487359574e-10,-,-1.3149374427869548e-06,0.12163333095301532
26,1124.348515899193,,,mixed mixed-phase cyclic C-N stretching / ring-site C-H in-plane bending / mixed-phase cyclic C-C stretching,tau(C8-C6-C7-C2),dihedral,3.9560239158708513e-10,+,1.0546079330588244e-06,0.18430229863599684
26,1124.348515899193,,,mixed mixed-phase cyclic C-N stretching / ring-site C-H in-plane bending / mixed-phase cyclic C-C stretching,tau(O1-C2-N3-C4),dihedral,1.3233729082253452e-10,+,9.981140367978734e-07,0.06882969170170204
26,1124.348515899193,,,mixed mixed-phase cyclic C-N stretching / ring-site C-H in-plane bending / mixed-phase cyclic C-C stretching,tau(C7-C2-N3-H10),dihedral,1.313005132247946e-11,+,1.877037583909774e-07,0.19309649807876847
27,1160.6138762703606,,,mixed exocyclic C-C stretching / in-phase cyclic C-C stretching,nu(C6-C8),bond,26.884655530584517,-,-0.21397820547469965,0.3751311133403573
27,1160.6138762703606,,,mixed exocyclic C-C stretching / in-phase cyclic C-C stretching,nu(C2-C7),bond,13.378794079139604,+,0.15564589067508863,0.35282499408634166
27,1160.6138762703606,,,mixed exocyclic C-C stretching / in-phase cyclic C-C stretching,nu(C5-C6),bond,11.913815800236085,+,0.14113424623964976,0.3821235084742807
27,1160.6138762703606,,,mixed exocyclic C-C stretching / in-phase cyclic C-C stretching,nu(C2-N3),bond,10.419143984442973,-,-0.13891757170553395,0.34493349191283007
27,1160.6138762703606,,,mixed exocyclic C-C stretching / in-phase cyclic C-C stretching,delta(C2-C7-H13),angle,8.57991296492594,-,-0.1532045950557922,0.2335376961253556
27,1160.6138762703606,,,mixed exocyclic C-C stretching / in-phase cyclic C-C stretching,delta(O1-C2-N3),angle,4.753786679588015,+,0.07848326375493243,0.4930639731788844
27,1160.6138762703606,,,mixed exocyclic C-C stretching / in-phase cyclic C-C stretching,delta(C7-C6-C8),angle,4.420602299599092,+,0.06159079292474233,0.7445048759789521
27,1160.6138762703606,,,mixed exocyclic C-C stretching / in-phase cyclic C-C stretching,delta(N3-C4-C5),angle,4.026682968891085,-,-0.05685787938496043,0.7957631311007464
27,1160.6138762703606,,,mixed exocyclic C-C stretching / in-phase cyclic C-C stretching,nu(C8-C9),bond,3.399697828038106,-,-0.044658849297163655,1.08903779510484
27,1160.6138762703606,,,mixed exocyclic C-C stretching / in-phase cyclic C-C stretching,nu(O1-C2),bond,2.989552841635095,+,0.05009346440638124,0.7611351696493606
27,1160.6138762703606,,,mixed exocyclic C-C stretching / in-phase cyclic C-C stretching,delta(C5-C4-H11),angle,2.8815672466422946,+,0.08419661597838499,0.25969116657976415
27,1160.6138762703606,,,mixed exocyclic C-C stretching / in-phase cyclic C-C stretching,delta(C5-C6-C8),angle,2.3530937623605817,+,0.044982923300038384,0.7429533980202208
27,1160.6138762703606,,,mixed exocyclic C-C stretching / in-phase cyclic C-C stretching,nu(N3-C4),bond,1.7245579100354975,+,0.048046384151193076,0.4772809004995997
27,1160.6138762703606,,,mixed exocyclic C-C stretching / in-phase cyclic C-C stretching,delta(C6-C5-H12),angle,1.0790548874419363,+,0.05392342940674234,0.23708616882268754
27,1160.6138762703606,,,mixed exocyclic C-C stretching / in-phase cyclic C-C stretching,delta(C2-N3-H10),angle,0.39338620720612955,-,-0.03206322753468539,0.2444681840156614
27,1160.6138762703606,,,mixed exocyclic C-C stretching / in-phase cyclic C-C stretching,nu(C4-C5),bond,0.3898385974251892,-,-0.02104765157889301,0.5622056888259223
27,1160.6138762703606,,,mixed exocyclic C-C stretching / in-phase cyclic C-C stretching,delta(N3-C2-C7),angle,0.22700656572216243,-,-0.013585973770848385,0.78573222766154
27,1160.6138762703606,,,mixed exocyclic C-C stretching / in-phase cyclic C-C stretching,nu(C9-H14),bond,0.09606143116090379,-,-0.012195431695010401,0.4126410102789359
27,1160.6138762703606,,,mixed exocyclic C-C stretching / in-phase cyclic C-C stretching,nu(C7-H13),bond,0.028395143321367805,+,0.007038560831166418,0.36617949382199605
27,1160.6138762703606,,,mixed exocyclic C-C stretching / in-phase cyclic C-C stretching,delta_lin1(C6-C8-C9),linbend1,0.028179032561192894,-,-0.014938630597483767,0.0806718830220916
27,1160.6138762703606,,,mixed exocyclic C-C stretching / in-phase cyclic C-C stretching,nu(C6-C7),bond,0.019736479443038114,+,0.004911033354464807,0.5228072611410868
27,1160.6138762703606,,,mixed exocyclic C-C stretching / in-phase cyclic C-C stretching,nu(C5-H12),bond,0.010826794371106705,+,0.004332762452065119,0.36845785714327406
27,1160.6138762703606,,,mixed exocyclic C-C stretching / in-phase cyclic C-C stretching,nu(N3-H10),bond,0.0013899887686228132,-,-0.001389689247197222,0.45982606826469136
27,1160.6138762703606,,,mixed exocyclic C-C stretching / in-phase cyclic C-C stretching,nu(C4-H11),bond,0.0002237996122152388,+,0.0006282578712060116,0.3622439530730344
27,1160.6138762703606,,,mixed exocyclic C-C stretching / in-phase cyclic C-C stretching,delta_lin1(C8-C9-H14),linbend1,3.359756843854528e-05,-,-0.0006025385898962984,0.05912291051473502
27,1160.6138762703606,,,mixed exocyclic C-C stretching / in-phase cyclic C-C stretching,delta_lin2(C6-C8-C9),linbend2,3.4143612075421696e-06,+,0.0001668080350668386,0.07839587685607574
27,1160.6138762703606,,,mixed exocyclic C-C stretching / in-phase cyclic C-C stretching,delta_lin2(C8-C9-H14),linbend2,8.60867861183447e-08,-,-3.1883635521518704e-05,0.05410264710992003
27,1160.6138762703606,,,mixed exocyclic C-C stretching / in-phase cyclic C-C stretching,tau(O1-C2-N3-H10),dihedral,5.4166608539790233e-08,+,1.478639193978809e-05,0.1582795871132262
27,1160.6138762703606,,,mixed exocyclic C-C stretching / in-phase cyclic C-C stretching,tau(C4-C5-C6-C7),dihedral,7.639829946033198e-09,+,6.334675777611015e-06,0.12163333095301532
27,1160.6138762703606,,,mixed exocyclic C-C stretching / in-phase cyclic C-C stretching,tau(N3-C2-C7-H13),dihedral,5.566201197970886e-09,+,6.836379195109632e-06,0.07608942539795792
27,1160.6138762703606,,,mixed exocyclic C-C stretching / in-phase cyclic C-C stretching,tau(C7-C2-N3-H10),dihedral,5.191357944151261e-09,+,4.144404477883257e-06,0.19309649807876847
27,1160.6138762703606,,,mixed exocyclic C-C stretching / in-phase cyclic C-C stretching,tau(C4-C5-C6-C8),dihedral,2.5965232369509304e-09,-,-2.683191618770622e-06,0.23041276089481189
27,1160.6138762703606,,,mixed exocyclic C-C stretching / in-phase cyclic C-C stretching,tau(H11-C4-C5-C6),dihedral,1.80292507622765e-09,-,-4.046706311005965e-06,0.07033832102789596
27,1160.6138762703606,,,mixed exocyclic C-C stretching / in-phase cyclic C-C stretching,tau(O1-C2-N3-C4),dihedral,1.3934811925386958e-09,+,3.596428987545371e-06,0.06882969170170204
27,1160.6138762703606,,,mixed exocyclic C-C stretching / in-phase cyclic C-C stretching,tau(C8-C6-C7-C2),dihedral,2.8665322875151294e-10,+,9.968318111820892e-07,0.18430229863599684
27,1160.6138762703606,,,mixed exocyclic C-C stretching / in-phase cyclic C-C stretching,tau(H12-C5-C6-C7),dihedral,1.8722878003326326e-10,-,-1.3222548284076946e-06,0.0684163618253638
28,1219.3634714961306,,,mixed ring-site C-H in-plane bending / mixed-phase cyclic C-C stretching,delta(C5-C4-H11),angle,20.936286750294606,-,-0.22741279909435808,0.25969116657976415
28,1219.3634714961306,,,mixed ring-site C-H in-plane bending / mixed-phase cyclic C-C stretching,nu(C2-C7),bond,19.214630771359744,-,-0.18690891381735877,0.35282499408634166
28,1219.3634714961306,,,mixed ring-site C-H in-plane bending / mixed-phase cyclic C-C stretching,delta(C2-C7-H13),angle,18.091572474934893,-,-0.22292220275998156,0.2335376961253556
28,1219.3634714961306,,,mixed ring-site C-H in-plane bending / mixed-phase cyclic C-C stretching,nu(C2-N3),bond,10.988061905213753,+,0.1429507800906589,0.34493349191283007
28,1219.3634714961306,,,mixed ring-site C-H in-plane bending / mixed-phase cyclic C-C stretching,delta(C6-C5-H12),angle,9.398608422628474,+,0.15946755367088059,0.23708616882268754
28,1219.3634714961306,,,mixed ring-site C-H in-plane bending / mixed-phase cyclic C-C stretching,delta(O1-C2-N3),angle,8.798723455044954,-,-0.10699213698741988,0.4930639731788844
28,1219.3634714961306,,,mixed ring-site C-H in-plane bending / mixed-phase cyclic C-C stretching,delta(C2-N3-H10),angle,4.947539510234621,-,-0.11394023890336548,0.2444681840156614
28,1219.3634714961306,,,mixed ring-site C-H in-plane bending / mixed-phase cyclic C-C stretching,nu(C6-C7),bond,4.086016404499631,+,0.07080646469443187,0.5228072611410868
28,1219.3634714961306,,,mixed ring-site C-H in-plane bending / mixed-phase cyclic C-C stretching,nu(C6-C8),bond,1.1384592527880482,-,-0.044122576625183596,0.3751311133403573
28,1219.3634714961306,,,mixed ring-site C-H in-plane bending / mixed-phase cyclic C-C stretching,delta(C7-C6-C8),angle,0.8728028443415008,+,0.027423189620285133,0.7445048759789521
28,1219.3634714961306,,,mixed ring-site C-H in-plane bending / mixed-phase cyclic C-C stretching,nu(N3-C4),bond,0.623632300965825,+,0.028951491106008368,0.4772809004995997
28,1219.3634714961306,,,mixed ring-site C-H in-plane bending / mixed-phase cyclic C-C stretching,nu(C4-C5),bond,0.4761209183399761,+,0.023307982148669828,0.5622056888259223
28,1219.3634714961306,,,mixed ring-site C-H in-plane bending / mixed-phase cyclic C-C stretching,delta(C5-C6-C8),angle,0.2230020496297531,+,0.013876096264823959,0.7429533980202208
28,1219.3634714961306,,,mixed ring-site C-H in-plane bending / mixed-phase cyclic C-C stretching,nu(C8-C9),bond,0.09755124508925511,-,-0.007580338434367526,1.08903779510484
28,1219.3634714961306,,,mixed ring-site C-H in-plane bending / mixed-phase cyclic C-C stretching,delta(N3-C2-C7),angle,0.03803124509790154,+,0.0055721994374818016,0.78573222766154
28,1219.3634714961306,,,mixed ring-site C-H in-plane bending / mixed-phase cyclic C-C stretching,nu(N3-H10),bond,0.023182305763310297,+,0.005686894663168702,0.45982606826469136
28,1219.3634714961306,,,mixed ring-site C-H in-plane bending / mixed-phase cyclic C-C stretching,nu(O1-C2),bond,0.013663022151492479,+,0.0033934085889977383,0.7611351696493606
28,1219.3634714961306,,,mixed ring-site C-H in-plane bending / mixed-phase cyclic C-C stretching,nu(C4-H11),bond,0.011281163335090955,+,0.004469614165462322,0.3622439530730344
28,1219.3634714961306,,,mixed ring-site C-H in-plane bending / mixed-phase cyclic C-C stretching,delta(N3-C4-C5),angle,0.008084731938515341,+,0.002552904500385059,0.7957631311007464
28,1219.3634714961306,,,mixed ring-site C-H in-plane bending / mixed-phase cyclic C-C stretching,nu(C5-H12),bond,0.007847005074971172,+,0.0036961681394062744,0.36845785714327406
28,1219.3634714961306,,,mixed ring-site C-H in-plane bending / mixed-phase cyclic C-C stretching,nu(C9-H14),bond,0.0025396007644033097,-,-0.001986964893677419,0.4126410102789359
28,1219.3634714961306,,,mixed ring-site C-H in-plane bending / mixed-phase cyclic C-C stretching,delta_lin1(C6-C8-C9),linbend1,0.0018518160195008103,+,0.0038373506377218547,0.0806718830220916
28,1219.3634714961306,,,mixed ring-site C-H in-plane bending / mixed-phase cyclic C-C stretching,delta_lin1(C8-C9-H14),linbend1,0.0003250351218913767,+,0.001877936514542602,0.05912291051473502
28,1219.3634714961306,,,mixed ring-site C-H in-plane bending / mixed-phase cyclic C-C stretching,nu(C7-H13),bond,0.0001401638218553291,+,0.0004955239145396709,0.36617949382199605
28,1219.3634714961306,,,mixed ring-site C-H in-plane bending / mixed-phase cyclic C-C stretching,nu(C5-C6),bond,4.52294217530999e-05,-,-0.00027555119756412014,0.3821235084742807
28,1219.3634714961306,,,mixed ring-site C-H in-plane bending / mixed-phase cyclic C-C stretching,delta_lin2(C6-C8-C9),linbend2,2.7890757139815803e-07,-,-4.777241588410312e-05,0.07839587685607574
28,1219.3634714961306,,,mixed ring-site C-H in-plane bending / mixed-phase cyclic C-C stretching,tau(O1-C2-N3-H10),dihedral,5.22539399540171e-08,-,-1.4552604614928658e-05,0.1582795871132262
28,1219.3634714961306,,,mixed ring-site C-H in-plane bending / mixed-phase cyclic C-C stretching,delta_lin2(C8-C9-H14),linbend2,2.666485433212889e-08,-,-1.7780911233717533e-05,0.05410264710992003
28,1219.3634714961306,,,mixed ring-site C-H in-plane bending / mixed-phase cyclic C-C stretching,tau(C7-C2-N3-H10),dihedral,7.827938215276235e-09,-,-5.099530095493143e-06,0.19309649807876847
28,1219.3634714961306,,,mixed ring-site C-H in-plane bending / mixed-phase cyclic C-C stretching,tau(O1-C2-N3-C4),dihedral,4.126129742594594e-09,-,-6.201220744788941e-06,0.06882969170170204
28,1219.3634714961306,,,mixed ring-site C-H in-plane bending / mixed-phase cyclic C-C stretching,tau(H12-C5-C6-C7),dihedral,3.1843035158244363e-09,+,5.464128493483306e-06,0.0684163618253638
28,1219.3634714961306,,,mixed ring-site C-H in-plane bending / mixed-phase cyclic C-C stretching,tau(H11-C4-C5-C6),dihedral,1.2603043763459767e-09,+,3.3902785882985243e-06,0.07033832102789596
28,1219.3634714961306,,,mixed ring-site C-H in-plane bending / mixed-phase cyclic C-C stretching,tau(N3-C2-C7-H13),dihedral,1.236590191327131e-09,+,3.2288242761649528e-06,0.07608942539795792
28,1219.3634714961306,,,mixed ring-site C-H in-plane bending / mixed-phase cyclic C-C stretching,tau(C8-C6-C7-C2),dihedral,3.218075512656669e-10,-,-1.0583429053568842e-06,0.18430229863599684
28,1219.3634714961306,,,mixed ring-site C-H in-plane bending / mixed-phase cyclic C-C stretching,tau(C4-C5-C6-C7),dihedral,1.8200706112943487e-10,-,-9.79741449430687e-07,0.12163333095301532
28,1219.3634714961306,,,mixed ring-site C-H in-plane bending / mixed-phase cyclic C-C stretching,tau(C4-C5-C6-C8),dihedral,1.5883594414491388e-10,-,-6.649895091248653e-07,0.23041276089481189
29,1248.5018496297073,,,mixed ring-site C-H in-plane bending / opposite-phase cyclic C-N stretching / mixed-phase cyclic C-C stretching,delta(C2-C7-H13),angle,19.100416042811354,+,0.23163921258157213,0.2335376961253556
29,1248.5018496297073,,,mixed ring-site C-H in-plane bending / opposite-phase cyclic C-N stretching / mixed-phase cyclic C-C stretching,nu(C2-N3),bond,15.2617692262523,-,-0.1703742357864165,0.34493349191283007
29,1248.5018496297073,,,mixed ring-site C-H in-plane bending / opposite-phase cyclic C-N stretching / mixed-phase cyclic C-C stretching,nu(N3-C4),bond,14.061928981520031,+,0.13902873928253678,0.4772809004995997
29,1248.5018496297073,,,mixed ring-site C-H in-plane bending / opposite-phase cyclic C-N stretching / mixed-phase cyclic C-C stretching,delta(C5-C4-H11),angle,12.39412109796195,-,-0.17694913382675181,0.25969116657976415
29,1248.5018496297073,,,mixed ring-site C-H in-plane bending / opposite-phase cyclic C-N stretching / mixed-phase cyclic C-C stretching,nu(C4-C5),bond,10.115942114459688,-,-0.10864874447034766,0.5622056888259223
29,1248.5018496297073,,,mixed ring-site C-H in-plane bending / opposite-phase cyclic C-N stretching / mixed-phase cyclic C-C stretching,delta(C6-C5-H12),angle,7.655491360384956,+,0.14554677542888408,0.23708616882268754
29,1248.5018496297073,,,mixed ring-site C-H in-plane bending / opposite-phase cyclic C-N stretching / mixed-phase cyclic C-C stretching,delta(C2-N3-H10),angle,7.29726930525141,-,-0.13993880985261972,0.2444681840156614
29,1248.5018496297073,,,mixed ring-site C-H in-plane bending / opposite-phase cyclic C-N stretching / mixed-phase cyclic C-C stretching,nu(C2-C7),bond,4.136072891193307,+,0.08769676690447066,0.35282499408634166
29,1248.5018496297073,,,mixed ring-site C-H in-plane bending / opposite-phase cyclic C-N stretching / mixed-phase cyclic C-C stretching,delta(O1-C2-N3),angle,2.605613116250054,+,0.05888063601993883,0.4930639731788844
29,1248.5018496297073,,,mixed ring-site C-H in-plane bending / opposite-phase cyclic C-N stretching / mixed-phase cyclic C-C stretching,nu(C6-C8),bond,2.5862565355280203,+,0.06725327220211048,0.3751311133403573
29,1248.5018496297073,,,mixed ring-site C-H in-plane bending / opposite-phase cyclic C-N stretching / mixed-phase cyclic C-C stretching,nu(C6-C7),bond,1.9784980682528555,-,-0.04982716432458896,0.5228072611410868
29,1248.5018496297073,,,mixed ring-site C-H in-plane bending / opposite-phase cyclic C-N stretching / mixed-phase cyclic C-C stretching,delta(C5-C6-C8),angle,0.8367930073335498,-,-0.027183000722429462,0.7429533980202208
29,1248.5018496297073,,,mixed ring-site C-H in-plane bending / opposite-phase cyclic C-N stretching / mixed-phase cyclic C-C stretching,delta(N3-C2-C7),angle,0.6326940588900883,+,0.022984166393996523,0.78573222766154
29,1248.5018496297073,,,mixed ring-site C-H in-plane bending / opposite-phase cyclic C-N stretching / mixed-phase cyclic C-C stretching,delta(N3-C4-C5),angle,0.5650850357728475,-,-0.02158411064661807,0.7957631311007464
29,1248.5018496297073,,,mixed ring-site C-H in-plane bending / opposite-phase cyclic C-N stretching / mixed-phase cyclic C-C stretching,nu(C8-C9),bond,0.3762294812100644,+,0.015054769062947717,1.08903779510484
29,1248.5018496297073,,,mixed ring-site C-H in-plane bending / opposite-phase cyclic C-N stretching / mixed-phase cyclic C-C stretching,nu(C5-C6),bond,0.27363462803168637,+,0.021674685859948514,0.3821235084742807
29,1248.5018496297073,,,mixed ring-site C-H in-plane bending / opposite-phase cyclic C-N stretching / mixed-phase cyclic C-C stretching,delta(C7-C6-C8),angle,0.04346858077512529,-,-0.006189037575544906,0.7445048759789521
29,1248.5018496297073,,,mixed ring-site C-H in-plane bending / opposite-phase cyclic C-N stretching / mixed-phase cyclic C-C stretching,delta_lin1(C6-C8-C9),linbend1,0.023346917337836236,-,-0.01377916300743424,0.0806718830220916
29,1248.5018496297073,,,mixed ring-site C-H in-plane bending / opposite-phase cyclic C-N stretching / mixed-phase cyclic C-C stretching,nu(O1-C2),bond,0.02239984627840886,+,0.004394007422947147,0.7611351696493606
29,1248.5018496297073,,,mixed ring-site C-H in-plane bending / opposite-phase cyclic C-N stretching / mixed-phase cyclic C-C stretching,nu(C4-H11),bond,0.01443632260834433,-,-0.0051132482599719345,0.3622439530730344
29,1248.5018496297073,,,mixed ring-site C-H in-plane bending / opposite-phase cyclic C-N stretching / mixed-phase cyclic C-C stretching,nu(C9-H14),bond,0.010023734573083571,+,0.003992066316156619,0.4126410102789359
29,1248.5018496297073,,,mixed ring-site C-H in-plane bending / opposite-phase cyclic C-N stretching / mixed-phase cyclic C-C stretching,nu(N3-H10),bond,0.0053953138842012865,+,0.0027744744248057885,0.45982606826469136
29,1248.5018496297073,,,mixed ring-site C-H in-plane bending / opposite-phase cyclic C-N stretching / mixed-phase cyclic C-C stretching,nu(C7-H13),bond,0.0024548461283685685,-,-0.002097173155025383,0.36617949382199605
29,1248.5018496297073,,,mixed ring-site C-H in-plane bending / opposite-phase cyclic C-N stretching / mixed-phase cyclic C-C stretching,nu(C5-H12),bond,0.000557138644439056,-,-0.0009959943911663847,0.36845785714327406
29,1248.5018496297073,,,mixed ring-site C-H in-plane bending / opposite-phase cyclic C-N stretching / mixed-phase cyclic C-C stretching,delta_lin1(C8-C9-H14),linbend1,9.910115420635158e-05,-,-0.0010486501317816198,0.05912291051473502
29,1248.5018496297073,,,mixed ring-site C-H in-plane bending / opposite-phase cyclic C-N stretching / mixed-phase cyclic C-C stretching,delta_lin2(C6-C8-C9),linbend2,3.2059308455226986e-06,+,0.00016379461749150258,0.07839587685607574
29,1248.5018496297073,,,mixed ring-site C-H in-plane bending / opposite-phase cyclic C-N stretching / mixed-phase cyclic C-C stretching,delta_lin2(C8-C9-H14),linbend2,1.8538709722457894e-08,+,1.4993383760810117e-05,0.05410264710992003
29,1248.5018496297073,,,mixed ring-site C-H in-plane bending / opposite-phase cyclic C-N stretching / mixed-phase cyclic C-C stretching,tau(O1-C2-N3-H10),dihedral,1.785887441783298e-08,+,8.603670101917721e-06,0.1582795871132262
29,1248.5018496297073,,,mixed ring-site C-H in-plane bending / opposite-phase cyclic C-N stretching / mixed-phase cyclic C-C stretching,tau(H11-C4-C5-C6),dihedral,1.791369394447041e-09,+,4.0875750387698775e-06,0.07033832102789596
29,1248.5018496297073,,,mixed ring-site C-H in-plane bending / opposite-phase cyclic C-N stretching / mixed-phase cyclic C-C stretching,tau(O1-C2-N3-C4),dihedral,1.6168023719809388e-09,+,3.925633208435396e-06,0.06882969170170204
29,1248.5018496297073,,,mixed ring-site C-H in-plane bending / opposite-phase cyclic C-N stretching / mixed-phase cyclic C-C stretching,tau(H12-C5-C6-C7),dihedral,7.804990385221522e-10,-,-2.7357434013488875e-06,0.0684163618253638
29,1248.5018496297073,,,mixed ring-site C-H in-plane bending / opposite-phase cyclic C-N stretching / mixed-phase cyclic C-C stretching,tau(C4-C5-C6-C8),dihedral,4.173924174400034e-10,+,1.0901548112856623e-06,0.23041276089481189
29,1248.5018496297073,,,mixed ring-site C-H in-plane bending / opposite-phase cyclic C-N stretching / mixed-phase cyclic C-C stretching,tau(C8-C6-C7-C2),dihedral,2.2324556750434038e-10,-,-8.914463449889413e-07,0.18430229863599684
29,1248.5018496297073,,,mixed ring-site C-H in-plane bending / opposite-phase cyclic C-N stretching / mixed-phase cyclic C-C stretching,tau(N3-C2-C7-H13),dihedral,1.566853096373448e-10,-,-1.1623077939934738e-06,0.07608942539795792
29,1248.5018496297073,,,mixed ring-site C-H in-plane bending / opposite-phase cyclic C-N stretching / mixed-phase cyclic C-C stretching,tau(C7-C2-N3-H10),dihedral,1.232304889088984e-10,-,-6.470547789189072e-07,0.19309649807876847
29,1248.5018496297073,,,mixed ring-site C-H in-plane bending / opposite-phase cyclic C-N stretching / mixed-phase cyclic C-C stretching,tau(C4-C5-C6-C7),dihedral,7.413377928655443e-11,-,-6.32340404123698e-07,0.12163333095301532
30,1335.684737141748,,,mixed ring-site C-H in-plane bending / mixed-phase cyclic C-C stretching / C-C-C bending,delta(C2-C7-H13),angle,20.680816457735663,-,-0.26119734970441355,0.2335376961253556
30,1335.684737141748,,,mixed ring-site C-H in-plane bending / mixed-phase cyclic C-C stretching / C-C-C bending,delta(C6-C5-H12),angle,17.193199923360332,-,-0.23636799364902486,0.23708616882268754
30,1335.684737141748,,,mixed ring-site C-H in-plane bending / mixed-phase cyclic C-C stretching / C-C-C bending,delta(C7-C6-C8),angle,15.551327077561776,-,-0.12685669022752258,0.7445048759789521
30,1335.684737141748,,,mixed ring-site C-H in-plane bending / mixed-phase cyclic C-C stretching / C-C-C bending,nu(C2-C7),bond,8.836948919823097,+,0.13891045135764132,0.35282499408634166
30,1335.684737141748,,,mixed ring-site C-H in-plane bending / mixed-phase cyclic C-C stretching / C-C-C bending,delta(C5-C4-H11),angle,8.765881503079523,-,-0.16126221871959204,0.25969116657976415
30,1335.684737141748,,,mixed ring-site C-H in-plane bending / mixed-phase cyclic C-C stretching / C-C-C bending,nu(C4-C5),bond,7.869710885010395,-,-0.10384729594410863,0.5622056888259223
30,1335.684737141748,,,mixed ring-site C-H in-plane bending / mixed-phase cyclic C-C stretching / C-C-C bending,delta(C5-C6-C8),angle,4.9702696781982425,+,0.07179143125347999,0.7429533980202208
30,1335.684737141748,,,mixed ring-site C-H in-plane bending / mixed-phase cyclic C-C stretching / C-C-C bending,nu(C2-N3),bond,4.5745092160163106,-,-0.10108064221456305,0.34493349191283007
30,1335.684737141748,,,mixed ring-site C-H in-plane bending / mixed-phase cyclic C-C stretching / C-C-C bending,nu(C5-C6),bond,4.38986782831874,-,-0.09407782440531418,0.3821235084742807
30,1335.684737141748,,,mixed ring-site C-H in-plane bending / mixed-phase cyclic C-C stretching / C-C-C bending,nu(C6-C8),bond,2.2475629761942835,+,0.06794035523459106,0.3751311133403573
30,1335.684737141748,,,mixed ring-site C-H in-plane bending / mixed-phase cyclic C-C stretching / C-C-C bending,delta(C2-N3-H10),angle,1.5247013810550476,+,0.06931777997308056,0.2444681840156614
30,1335.684737141748,,,mixed ring-site C-H in-plane bending / mixed-phase cyclic C-C stretching / C-C-C bending,nu(O1-C2),bond,0.8151232938743802,+,0.028723951106364713,0.7611351696493606
30,1335.684737141748,,,mixed ring-site C-H in-plane bending / mixed-phase cyclic C-C stretching / C-C-C bending,delta(O1-C2-N3),angle,0.7040454682282847,+,0.033167454328582806,0.4930639731788844
30,1335.684737141748,,,mixed ring-site C-H in-plane bending / mixed-phase cyclic C-C stretching / C-C-C bending,nu(N3-C4),bond,0.43681043157580274,+,0.02655356855655909,0.4772809004995997
30,1335.684737141748,,,mixed ring-site C-H in-plane bending / mixed-phase cyclic C-C stretching / C-C-C bending,nu(C6-C7),bond,0.41743162551334967,+,0.024801919338605306,0.5228072611410868
30,1335.684737141748,,,mixed ring-site C-H in-plane bending / mixed-phase cyclic C-C stretching / C-C-C bending,delta_lin1(C6-C8-C9),linbend1,0.34835677500904766,+,0.05767856609011599,0.0806718830220916
30,1335.684737141748,,,mixed ring-site C-H in-plane bending / mixed-phase cyclic C-C stretching / C-C-C bending,nu(C8-C9),bond,0.3176629721808196,+,0.014990814943829622,1.08903779510484
30,1335.684737141748,,,mixed ring-site C-H in-plane bending / mixed-phase cyclic C-C stretching / C-C-C bending,delta(N3-C2-C7),angle,0.2008230080042193,+,0.014032429605015719,0.78573222766154
30,1335.684737141748,,,mixed ring-site C-H in-plane bending / mixed-phase cyclic C-C stretching / C-C-C bending,delta(N3-C4-C5),angle,0.04928875553680531,+,0.006907890443965102,0.7957631311007464
30,1335.684737141748,,,mixed ring-site C-H in-plane bending / mixed-phase cyclic C-C stretching / C-C-C bending,nu(C7-H13),bond,0.03166116233716473,+,0.008161685181946283,0.36617949382199605
30,1335.684737141748,,,mixed ring-site C-H in-plane bending / mixed-phase cyclic C-C stretching / C-C-C bending,nu(C4-H11),bond,0.030877055229263047,-,-0.008103652075474256,0.3622439530730344
30,1335.684737141748,,,mixed ring-site C-H in-plane bending / mixed-phase cyclic C-C stretching / C-C-C bending,nu(C5-H12),bond,0.030199734722831533,-,-0.007946411932802096,0.36845785714327406
30,1335.684737141748,,,mixed ring-site C-H in-plane bending / mixed-phase cyclic C-C stretching / C-C-C bending,nu(C9-H14),bond,0.008142900992030523,+,0.0038991218260807027,0.4126410102789359
30,1335.684737141748,,,mixed ring-site C-H in-plane bending / mixed-phase cyclic C-C stretching / C-C-C bending,nu(N3-H10),bond,0.004579309680648466,-,-0.0027699162264616674,0.45982606826469136
30,1335.684737141748,,,mixed ring-site C-H in-plane bending / mixed-phase cyclic C-C stretching / C-C-C bending,delta_lin1(C8-C9-H14),linbend1,0.00015641306889083582,-,-0.0014276509460052858,0.05912291051473502
30,1335.684737141748,,,mixed ring-site C-H in-plane bending / mixed-phase cyclic C-C stretching / C-C-C bending,delta_lin2(C6-C8-C9),linbend2,4.520351192727732e-05,-,-0.0006665042132561034,0.07839587685607574
30,1335.684737141748,,,mixed ring-site C-H in-plane bending / mixed-phase cyclic C-C stretching / C-C-C bending,delta_lin2(C8-C9-H14),linbend2,1.6761136413513015e-08,+,1.5449196414192183e-05,0.05410264710992003
30,1335.684737141748,,,mixed ring-site C-H in-plane bending / mixed-phase cyclic C-C stretching / C-C-C bending,tau(O1-C2-N3-H10),dihedral,1.0638587962011624e-08,+,7.1960299402221556e-06,0.1582795871132262
30,1335.684737141748,,,mixed ring-site C-H in-plane bending / mixed-phase cyclic C-C stretching / C-C-C bending,tau(N3-C2-C7-H13),dihedral,8.375962994905917e-09,+,9.209130861785688e-06,0.07608942539795792
30,1335.684737141748,,,mixed ring-site C-H in-plane bending / mixed-phase cyclic C-C stretching / C-C-C bending,tau(C4-C5-C6-C8),dihedral,2.9738292930155583e-09,+,3.153320942902489e-06,0.23041276089481189
30,1335.684737141748,,,mixed ring-site C-H in-plane bending / mixed-phase cyclic C-C stretching / C-C-C bending,tau(C8-C6-C7-C2),dihedral,2.6449936075757157e-09,+,3.325143244279567e-06,0.18430229863599684
30,1335.684737141748,,,mixed ring-site C-H in-plane bending / mixed-phase cyclic C-C stretching / C-C-C bending,tau(H12-C5-C6-C7),dihedral,1.1022084875695297e-09,-,-3.523021625939648e-06,0.0684163618253638
30,1335.684737141748,,,mixed ring-site C-H in-plane bending / mixed-phase cyclic C-C stretching / C-C-C bending,tau(C7-C2-N3-H10),dihedral,7.335900194126309e-10,+,1.710814528906781e-06,0.19309649807876847
30,1335.684737141748,,,mixed ring-site C-H in-plane bending / mixed-phase cyclic C-C stretching / C-C-C bending,tau(O1-C2-N3-C4),dihedral,6.468275932496378e-10,+,2.6907278795169547e-06,0.06882969170170204
30,1335.684737141748,,,mixed ring-site C-H in-plane bending / mixed-phase cyclic C-C stretching / C-C-C bending,tau(C4-C5-C6-C7),dihedral,3.0361679346835296e-10,+,1.3867558805419413e-06,0.12163333095301532
30,1335.684737141748,,,mixed ring-site C-H in-plane bending / mixed-phase cyclic C-C stretching / C-C-C bending,tau(H11-C4-C5-C6),dihedral,3.796442066036059e-13,-,-6.448457045921057e-08,0.07033832102789596
31,1433.1624068971798,,,mixed ring-site N-H in-plane bending / mixed-phase cyclic C-C stretching,delta(C2-N3-H10),angle,35.124684237842345,+,0.3641593834469843,0.2444681840156614
31,1433.1624068971798,,,mixed ring-site N-H in-plane bending / mixed-phase cyclic C-C stretching,nu(C5-C6),bond,18.750515864208072,+,0.21281449063097554,0.3821235084742807
31,1433.1624068971798,,,mixed ring-site N-H in-plane bending / mixed-phase cyclic C-C stretching,nu(C6-C7),bond,9.016271903375564,-,-0.12616507746510447,0.5228072611410868
31,1433.1624068971798,,,mixed ring-site N-H in-plane bending / mixed-phase cyclic C-C stretching,delta(C7-C6-C8),angle,7.755623154821369,+,0.09805529261304004,0.7445048759789521
31,1433.1624068971798,,,mixed ring-site N-H in-plane bending / mixed-phase cyclic C-C stretching,delta(C5-C4-H11),angle,5.848270955135863,-,-0.14417223069769214,0.25969116657976415
31,1433.1624068971798,,,mixed ring-site N-H in-plane bending / mixed-phase cyclic C-C stretching,nu(O1-C2),bond,5.551257569059515,-,-0.08204672649454571,0.7611351696493606
31,1433.1624068971798,,,mixed ring-site N-H in-plane bending / mixed-phase cyclic C-C stretching,nu(N3-C4),bond,5.328915721795168,+,0.1015146828502465,0.4772809004995997
31,1433.1624068971798,,,mixed ring-site N-H in-plane bending / mixed-phase cyclic C-C stretching,nu(C4-C5),bond,3.7243683856319008,-,-0.07819431181250636,0.5622056888259223
31,1433.1624068971798,,,mixed ring-site N-H in-plane bending / mixed-phase cyclic C-C stretching,delta(C6-C5-H12),angle,3.651267319973121,-,-0.11922440661472877,0.23708616882268754
31,1433.1624068971798,,,mixed ring-site N-H in-plane bending / mixed-phase cyclic C-C stretching,delta(C5-C6-C8),angle,1.4606364122542892,-,-0.042597757685024475,0.7429533980202208
31,1433.1624068971798,,,mixed ring-site N-H in-plane bending / mixed-phase cyclic C-C stretching,delta(O1-C2-N3),angle,1.4161151965223466,-,-0.051486588933044544,0.4930639731788844
31,1433.1624068971798,,,mixed ring-site N-H in-plane bending / mixed-phase cyclic C-C stretching,delta(N3-C2-C7),angle,0.6807775505847381,-,-0.0282788532144031,0.78573222766154
31,1433.1624068971798,,,mixed ring-site N-H in-plane bending / mixed-phase cyclic C-C stretching,nu(C2-C7),bond,0.6692458682353605,-,-0.041841730877717816,0.35282499408634166
31,1433.1624068971798,,,mixed ring-site N-H in-plane bending / mixed-phase cyclic C-C stretching,nu(C6-C8),bond,0.5274524117646325,-,-0.03602438390631285,0.3751311133403573
31,1433.1624068971798,,,mixed ring-site N-H in-plane bending / mixed-phase cyclic C-C stretching,delta_lin1(C6-C8-C9),linbend1,0.23286015622856618,-,-0.05161583519807224,0.0806718830220916
31,1433.1624068971798,,,mixed ring-site N-H in-plane bending / mixed-phase cyclic C-C stretching,delta(C2-C7-H13),angle,0.10985664094750078,-,-0.02083680493066554,0.2335376961253556
31,1433.1624068971798,,,mixed ring-site N-H in-plane bending / mixed-phase cyclic C-C stretching,nu(N3-H10),bond,0.05234658231192666,-,-0.010250471340574883,0.45982606826469136
31,1433.1624068971798,,,mixed ring-site N-H in-plane bending / mixed-phase cyclic C-C stretching,nu(C8-C9),bond,0.047908523052109096,-,-0.0063720823389413084,1.08903779510484
31,1433.1624068971798,,,mixed ring-site N-H in-plane bending / mixed-phase cyclic C-C stretching,nu(C2-N3),bond,0.024254304381822554,-,-0.008056069295278901,0.34493349191283007
31,1433.1624068971798,,,mixed ring-site N-H in-plane bending / mixed-phase cyclic C-C stretching,nu(C7-H13),bond,0.013727986644350928,-,-0.0058823773123025495,0.36617949382199605
31,1433.1624068971798,,,mixed ring-site N-H in-plane bending / mixed-phase cyclic C-C stretching,nu(C4-H11),bond,0.006391827975516278,+,0.004035602949589303,0.3622439530730344
31,1433.1624068971798,,,mixed ring-site N-H in-plane bending / mixed-phase cyclic C-C stretching,nu(C5-H12),bond,0.005780268459151026,+,0.003805191847191904,0.36845785714327406
31,1433.1624068971798,,,mixed ring-site N-H in-plane bending / mixed-phase cyclic C-C stretching,nu(C9-H14),bond,0.0013447096753186458,-,-0.0017343012405342678,0.4126410102789359
31,1433.1624068971798,,,mixed ring-site N-H in-plane bending / mixed-phase cyclic C-C stretching,delta(N3-C4-C5),angle,9.599039083219292e-05,-,-0.00033367098012126984,0.7957631311007464
31,1433.1624068971798,,,mixed ring-site N-H in-plane bending / mixed-phase cyclic C-C stretching,delta_lin2(C6-C8-C9),linbend2,3.0421811309841885e-05,+,0.0005984700027958585,0.07839587685607574
31,1433.1624068971798,,,mixed ring-site N-H in-plane bending / mixed-phase cyclic C-C stretching,tau(C7-C2-N3-H10),dihedral,2.3769598922589234e-08,+,1.0659091540855661e-05,0.19309649807876847
31,1433.1624068971798,,,mixed ring-site N-H in-plane bending / mixed-phase cyclic C-C stretching,tau(O1-C2-N3-H10),dihedral,5.501434956918299e-09,+,5.663983779402315e-06,0.1582795871132262
31,1433.1624068971798,,,mixed ring-site N-H in-plane bending / mixed-phase cyclic C-C stretching,tau(H12-C5-C6-C7),dihedral,3.692769528611731e-09,-,-7.05817753003205e-06,0.0684163618253638
31,1433.1624068971798,,,mixed ring-site N-H in-plane bending / mixed-phase cyclic C-C stretching,tau(C8-C6-C7-C2),dihedral,1.7694679025487042e-09,-,-2.976819024842249e-06,0.18430229863599684
31,1433.1624068971798,,,mixed ring-site N-H in-plane bending / mixed-phase cyclic C-C stretching,tau(N3-C2-C7-H13),dihedral,7.913715312651729e-10,+,3.0983075347996373e-06,0.07608942539795792
31,1433.1624068971798,,,mixed ring-site N-H in-plane bending / mixed-phase cyclic C-C stretching,tau(O1-C2-N3-C4),dihedral,4.1328872798059234e-10,-,-2.3541565080960756e-06,0.06882969170170204
31,1433.1624068971798,,,mixed ring-site N-H in-plane bending / mixed-phase cyclic C-C stretching,delta_lin1(C8-C9-H14),linbend1,4.055262722749717e-10,+,2.5161009341237796e-06,0.05912291051473502
31,1433.1624068971798,,,mixed ring-site N-H in-plane bending / mixed-phase cyclic C-C stretching,tau(C4-C5-C6-C8),dihedral,3.066291815877647e-10,-,-1.1082811379350798e-06,0.23041276089481189
31,1433.1624068971798,,,mixed ring-site N-H in-plane bending / mixed-phase cyclic C-C stretching,delta_lin2(C8-C9-H14),linbend2,1.2482958978686767e-10,+,1.4593046903026197e-06,0.05410264710992003
31,1433.1624068971798,,,mixed ring-site N-H in-plane bending / mixed-phase cyclic C-C stretching,tau(H11-C4-C5-C6),dihedral,8.6463037758577e-11,+,1.0651621119414831e-06,0.07033832102789596
31,1433.1624068971798,,,mixed ring-site N-H in-plane bending / mixed-phase cyclic C-C stretching,tau(C4-C5-C6-C7),dihedral,5.592940896907771e-11,-,-6.514637859837491e-07,0.12163333095301532
32,1502.0951623979497,,,mixed ring-site C-H in-plane bending / cyclic C-N stretching,nu(N3-C4),bond,24.589449453868635,-,-0.23352064276793513,0.4772809004995997
32,1502.0951623979497,,,mixed ring-site C-H in-plane bending / cyclic C-N stretching,delta(C5-C4-H11),angle,23.816475038286985,-,-0.31156456315799097,0.25969116657976415
32,1502.0951623979497,,,mixed ring-site C-H in-plane bending / cyclic C-N stretching,delta(C6-C5-H12),angle,13.314510911417978,-,-0.24380769133174893,0.23708616882268754
32,1502.0951623979497,,,mixed ring-site C-H in-plane bending / cyclic C-N stretching,nu(C5-C6),bond,7.895780055921137,+,0.14788820758115384,0.3821235084742807
32,1502.0951623979497,,,mixed ring-site C-H in-plane bending / cyclic C-N stretching,delta(C2-N3-H10),angle,7.683751066635882,-,-0.1823951863193691,0.2444681840156614
32,1502.0951623979497,,,mixed ring-site C-H in-plane bending / cyclic C-N stretching,delta(C2-C7-H13),angle,5.655947123048514,+,0.16010764774315772,0.2335376961253556
32,1502.0951623979497,,,mixed ring-site C-H in-plane bending / cyclic C-N stretching,nu(C6-C7),bond,4.4683451320982055,+,0.09511312530039209,0.5228072611410868
32,1502.0951623979497,,,mixed ring-site C-H in-plane bending / cyclic C-N stretching,delta(N3-C4-C5),angle,3.4073032308934423,+,0.06732112861202304,0.7957631311007464
32,1502.0951623979497,,,mixed ring-site C-H in-plane bending / cyclic C-N stretching,nu(C6-C8),bond,3.2752773350755224,-,-0.09613253604091045,0.3751311133403573
32,1502.0951623979497,,,mixed ring-site C-H in-plane bending / cyclic C-N stretching,delta(C7-C6-C8),angle,1.7211067426456201,+,0.0494661411361141,0.7445048759789521
32,1502.0951623979497,,,mixed ring-site C-H in-plane bending / cyclic C-N stretching,delta(O1-C2-N3),angle,1.1161311352764636,+,0.04894900617409685,0.4930639731788844
32,1502.0951623979497,,,mixed ring-site C-H in-plane bending / cyclic C-N stretching,nu(C4-C5),bond,0.9499286951222705,+,0.04228981526581515,0.5622056888259223
32,1502.0951623979497,,,mixed ring-site C-H in-plane bending / cyclic C-N stretching,nu(O1-C2),bond,0.7689855523424569,+,0.03270138131698793,0.7611351696493606
32,1502.0951623979497,,,mixed ring-site C-H in-plane bending / cyclic C-N stretching,nu(C2-C7),bond,0.4303684555121145,-,-0.03593175640835396,0.35282499408634166
32,1502.0951623979497,,,mixed ring-site C-H in-plane bending / cyclic C-N stretching,nu(C8-C9),bond,0.36992682235795094,-,-0.018961571907135096,1.08903779510484
32,1502.0951623979497,,,mixed ring-site C-H in-plane bending / cyclic C-N stretching,delta(C5-C6-C8),angle,0.35893537432752803,+,0.02261336780914652,0.7429533980202208
32,1502.0951623979497,,,mixed ring-site C-H in-plane bending / cyclic C-N stretching,nu(C2-N3),bond,0.10850644810894532,+,0.018247274009778467,0.34493349191283007
32,1502.0951623979497,,,mixed ring-site C-H in-plane bending / cyclic C-N stretching,delta(N3-C2-C7),angle,0.02462974805545159,-,-0.005760107701668043,0.78573222766154
32,1502.0951623979497,,,mixed ring-site C-H in-plane bending / cyclic C-N stretching,nu(C9-H14),bond,0.014078706205922416,-,-0.006009427243798279,0.4126410102789359
32,1502.0951623979497,,,mixed ring-site C-H in-plane bending / cyclic C-N stretching,nu(C5-H12),bond,0.013014373446877309,+,0.006114425021362401,0.36845785714327406
32,1502.0951623979497,,,mixed ring-site C-H in-plane bending / cyclic C-N stretching,nu(C4-H11),bond,0.008402670159260852,-,-0.0049550265766763555,0.3622439530730344
32,1502.0951623979497,,,mixed ring-site C-H in-plane bending / cyclic C-N stretching,delta_lin1(C6-C8-C9),linbend1,0.004101898346031044,-,-0.007336167727062818,0.0806718830220916
32,1502.0951623979497,,,mixed ring-site C-H in-plane bending / cyclic C-N stretching,nu(C7-H13),bond,0.003195019291538597,+,0.0030389785511192417,0.36617949382199605
32,1502.0951623979497,,,mixed ring-site C-H in-plane bending / cyclic C-N stretching,nu(N3-H10),bond,0.0018250689684523311,-,-0.0020496549167980196,0.45982606826469136
32,1502.0951623979497,,,mixed ring-site C-H in-plane bending / cyclic C-N stretching,delta_lin1(C8-C9-H14),linbend1,2.3403319147545396e-05,+,0.0006472897461119669,0.05912291051473502
32,1502.0951623979497,,,mixed ring-site C-H in-plane bending / cyclic C-N stretching,delta_lin2(C6-C8-C9),linbend2,5.182724456907812e-07,+,8.365084867074764e-05,0.07839587685607574
32,1502.0951623979497,,,mixed ring-site C-H in-plane bending / cyclic C-N stretching,delta_lin2(C8-C9-H14),linbend2,1.3712515135222298e-08,-,-1.6378993296385076e-05,0.05410264710992003
32,1502.0951623979497,,,mixed ring-site C-H in-plane bending / cyclic C-N stretching,tau(N3-C2-C7-H13),dihedral,3.549271287176022e-09,-,-7.02660188925286e-06,0.07608942539795792
32,1502.0951623979497,,,mixed ring-site C-H in-plane bending / cyclic C-N stretching,tau(C7-C2-N3-H10),dihedral,2.305826327275832e-09,-,-3.555199698446656e-06,0.19309649807876847
32,1502.0951623979497,,,mixed ring-site C-H in-plane bending / cyclic C-N stretching,tau(O1-C2-N3-H10),dihedral,4.687787779609804e-10,-,-1.7705549890560176e-06,0.1582795871132262
32,1502.0951623979497,,,mixed ring-site C-H in-plane bending / cyclic C-N stretching,tau(C4-C5-C6-C7),dihedral,4.211796817535273e-10,+,1.914455643242721e-06,0.12163333095301532
32,1502.0951623979497,,,mixed ring-site C-H in-plane bending / cyclic C-N stretching,tau(C8-C6-C7-C2),dihedral,2.436734858945185e-10,-,-1.1829779907471048e-06,0.18430229863599684
32,1502.0951623979497,,,mixed ring-site C-H in-plane bending / cyclic C-N stretching,tau(H12-C5-C6-C7),dihedral,2.218153169078276e-10,-,-1.852480650881067e-06,0.0684163618253638
32,1502.0951623979497,,,mixed ring-site C-H in-plane bending / cyclic C-N stretching,tau(C4-C5-C6-C8),dihedral,5.955771503176382e-11,+,5.23062580787243e-07,0.23041276089481189
32,1502.0951623979497,,,mixed ring-site C-H in-plane bending / cyclic C-N stretching,tau(O1-C2-N3-C4),dihedral,9.63532644427282e-12,+,3.8493128270825675e-07,0.06882969170170204
32,1502.0951623979497,,,mixed ring-site C-H in-plane bending / cyclic C-N stretching,tau(H11-C4-C5-C6),dihedral,2.952236504411154e-12,+,2.1077421316408125e-07,0.07033832102789596
33,1554.8999003956096,,,mixed mixed-phase cyclic C-C stretching / C-C-C bending,nu(C6-C7),bond,42.06289481511366,-,-0.29952912738078646,0.5228072611410868
33,1554.8999003956096,,,mixed mixed-phase cyclic C-C stretching / C-C-C bending,nu(C5-C6),bond,9.30321006372676,+,0.1647687409033326,0.3821235084742807
33,1554.8999003956096,,,mixed mixed-phase cyclic C-C stretching / C-C-C bending,nu(C4-C5),bond,8.469304409926734,-,-0.12960941224434683,0.5622056888259223
33,1554.8999003956096,,,mixed mixed-phase cyclic C-C stretching / C-C-C bending,delta(C2-N3-H10),angle,7.089818909804003,-,-0.17983188046718843,0.2444681840156614
33,1554.8999003956096,,,mixed mixed-phase cyclic C-C stretching / C-C-C bending,nu(O1-C2),bond,6.2993704615076,+,0.09606782705828495,0.7611351696493606
33,1554.8999003956096,,,mixed mixed-phase cyclic C-C stretching / C-C-C bending,delta(C2-C7-H13),angle,6.282652490679248,-,-0.1732021629182963,0.2335376961253556
33,1554.8999003956096,,,mixed mixed-phase cyclic C-C stretching / C-C-C bending,delta(C5-C6-C8),angle,5.483451621813719,-,-0.09072072433666263,0.7429533980202208
33,1554.8999003956096,,,mixed mixed-phase cyclic C-C stretching / C-C-C bending,delta(N3-C4-C5),angle,4.978090388369443,+,0.08352178545658584,0.7957631311007464
33,1554.8999003956096,,,mixed mixed-phase cyclic C-C stretching / C-C-C bending,nu(C2-N3),bond,2.2495154596795714,+,0.08527801763698922,0.34493349191283007
33,1554.8999003956096,,,mixed mixed-phase cyclic C-C stretching / C-C-C bending,delta(C7-C6-C8),angle,2.09164804823373,+,0.05597199920130202,0.7445048759789521
33,1554.8999003956096,,,mixed mixed-phase cyclic C-C stretching / C-C-C bending,nu(N3-C4),bond,1.801341155178271,-,-0.06487408502311008,0.4772809004995997
33,1554.8999003956096,,,mixed mixed-phase cyclic C-C stretching / C-C-C bending,nu(C6-C8),bond,1.660690190925379,+,0.07026079424909551,0.3751311133403573
33,1554.8999003956096,,,mixed mixed-phase cyclic C-C stretching / C-C-C bending,delta(N3-C2-C7),angle,0.599970570697462,-,-0.029180180801458063,0.78573222766154
33,1554.8999003956096,,,mixed mixed-phase cyclic C-C stretching / C-C-C bending,nu(C2-C7),bond,0.3993406430578461,+,0.035526495818511056,0.35282499408634166
33,1554.8999003956096,,,mixed mixed-phase cyclic C-C stretching / C-C-C bending,delta(O1-C2-N3),angle,0.2872751069523527,-,-0.025489284789147793,0.4930639731788844
33,1554.8999003956096,,,mixed mixed-phase cyclic C-C stretching / C-C-C bending,delta(C5-C4-H11),angle,0.2808194628293729,+,0.03472524360756003,0.25969116657976415
33,1554.8999003956096,,,mixed mixed-phase cyclic C-C stretching / C-C-C bending,delta_lin1(C6-C8-C9),linbend1,0.250573617220474,-,-0.05885276367063297,0.0806718830220916
33,1554.8999003956096,,,mixed mixed-phase cyclic C-C stretching / C-C-C bending,nu(C8-C9),bond,0.22751952384376162,+,0.015263289676108198,1.08903779510484
33,1554.8999003956096,,,mixed mixed-phase cyclic C-C stretching / C-C-C bending,delta(C6-C5-H12),angle,0.07821484916550686,-,-0.01918014050638865,0.23708616882268754
33,1554.8999003956096,,,mixed mixed-phase cyclic C-C stretching / C-C-C bending,nu(C7-H13),bond,0.04696373819776756,-,-0.011958992866579992,0.36617949382199605
33,1554.8999003956096,,,mixed mixed-phase cyclic C-C stretching / C-C-C bending,nu(C4-H11),bond,0.03596746737162243,-,-0.010522396060857205,0.3622439530730344
33,1554.8999003956096,,,mixed mixed-phase cyclic C-C stretching / C-C-C bending,nu(C5-H12),bond,0.010287841965823158,-,-0.0055799270195549654,0.36845785714327406
33,1554.8999003956096,,,mixed mixed-phase cyclic C-C stretching / C-C-C bending,nu(C9-H14),bond,0.00979510285120592,+,0.005144919617520294,0.4126410102789359
33,1554.8999003956096,,,mixed mixed-phase cyclic C-C stretching / C-C-C bending,nu(N3-H10),bond,0.0012147602813217392,+,0.0017163615826387266,0.45982606826469136
33,1554.8999003956096,,,mixed mixed-phase cyclic C-C stretching / C-C-C bending,delta_lin1(C8-C9-H14),linbend1,3.636517100168579e-05,-,-0.0008281808840821591,0.05912291051473502
33,1554.8999003956096,,,mixed mixed-phase cyclic C-C stretching / C-C-C bending,delta_lin2(C6-C8-C9),linbend2,3.2896565272139e-05,+,0.0006840517439640507,0.07839587685607574
33,1554.8999003956096,,,mixed mixed-phase cyclic C-C stretching / C-C-C bending,delta_lin2(C8-C9-H14),linbend2,2.4036944747959855e-08,+,2.2258231904783418e-05,0.05410264710992003
33,1554.8999003956096,,,mixed mixed-phase cyclic C-C stretching / C-C-C bending,tau(N3-C2-C7-H13),dihedral,5.1896702292169246e-09,+,8.721034738884915e-06,0.07608942539795792
33,1554.8999003956096,,,mixed mixed-phase cyclic C-C stretching / C-C-C bending,tau(O1-C2-N3-H10),dihedral,3.282416058746917e-09,-,-4.808887836740045e-06,0.1582795871132262
33,1554.8999003956096,,,mixed mixed-phase cyclic C-C stretching / C-C-C bending,tau(C7-C2-N3-H10),dihedral,2.748338763465551e-09,-,-3.983898090434998e-06,0.19309649807876847
33,1554.8999003956096,,,mixed mixed-phase cyclic C-C stretching / C-C-C bending,tau(C8-C6-C7-C2),dihedral,1.83125306302006e-09,-,-3.3286573680244724e-06,0.18430229863599684
33,1554.8999003956096,,,mixed mixed-phase cyclic C-C stretching / C-C-C bending,tau(H12-C5-C6-C7),dihedral,9.076363736848476e-10,-,-3.846238809025308e-06,0.0684163618253638
33,1554.8999003956096,,,mixed mixed-phase cyclic C-C stretching / C-C-C bending,tau(C4-C5-C6-C8),dihedral,3.925824560443538e-10,-,-1.3783911230815884e-06,0.23041276089481189
33,1554.8999003956096,,,mixed mixed-phase cyclic C-C stretching / C-C-C bending,tau(C4-C5-C6-C7),dihedral,2.721570287639007e-10,-,-1.5795877791045068e-06,0.12163333095301532
33,1554.8999003956096,,,mixed mixed-phase cyclic C-C stretching / C-C-C bending,tau(H11-C4-C5-C6),dihedral,1.418503101158913e-10,+,1.49961381856852e-06,0.07033832102789596
33,1554.8999003956096,,,mixed mixed-phase cyclic C-C stretching / C-C-C bending,tau(O1-C2-N3-C4),dihedral,6.823551242752584e-11,+,1.0514233174616025e-06,0.06882969170170204
34,1659.7794556894466,,,mixed mixed-phase cyclic C-C stretching / ring-site C-H in-plane bending,nu(C4-C5),bond,43.834466892371374,+,0.3105320632077342,0.5622056888259223
34,1659.7794556894466,,,mixed mixed-phase cyclic C-C stretching / ring-site C-H in-plane bending,nu(C6-C7),bond,10.834612885738746,-,-0.1600965953502583,0.5228072611410868
34,1659.7794556894466,,,mixed mixed-phase cyclic C-C stretching / ring-site C-H in-plane bending,delta(C6-C5-H12),angle,9.411869320002834,+,0.22158024440134358,0.23708616882268754
34,1659.7794556894466,,,mixed mixed-phase cyclic C-C stretching / ring-site C-H in-plane bending,delta(C5-C4-H11),angle,8.523396060627846,-,-0.201476291449483,0.25969116657976415
34,1659.7794556894466,,,mixed mixed-phase cyclic C-C stretching / ring-site C-H in-plane bending,delta(C5-C6-C8),angle,6.24970064234269,-,-0.10199879078799372,0.7429533980202208
34,1659.7794556894466,,,mixed mixed-phase cyclic C-C stretching / ring-site C-H in-plane bending,nu(N3-C4),bond,5.173547417950518,-,-0.11578529098662581,0.4772809004995997
34,1659.7794556894466,,,mixed mixed-phase cyclic C-C stretching / ring-site C-H in-plane bending,nu(O1-C2),bond,4.26637818075387,+,0.08326164405837182,0.7611351696493606
34,1659.7794556894466,,,mixed mixed-phase cyclic C-C stretching / ring-site C-H in-plane bending,delta(N3-C4-C5),angle,1.995939186833546,-,-0.0556965055157063,0.7957631311007464
34,1659.7794556894466,,,mixed mixed-phase cyclic C-C stretching / ring-site C-H in-plane bending,delta(C2-N3-H10),angle,1.9605155206160367,+,0.09959101792267472,0.2444681840156614
34,1659.7794556894466,,,mixed mixed-phase cyclic C-C stretching / ring-site C-H in-plane bending,nu(C2-N3),bond,1.904270034882242,-,-0.08263095772598526,0.34493349191283007
34,1659.7794556894466,,,mixed mixed-phase cyclic C-C stretching / ring-site C-H in-plane bending,nu(C6-C8),bond,1.7452676872907804,+,0.07585525684177093,0.3751311133403573
34,1659.7794556894466,,,mixed mixed-phase cyclic C-C stretching / ring-site C-H in-plane bending,nu(C5-C6),bond,1.4057987408841635,-,-0.06745371896574667,0.3821235084742807
34,1659.7794556894466,,,mixed mixed-phase cyclic C-C stretching / ring-site C-H in-plane bending,nu(C2-C7),bond,1.3502082145719005,+,0.0687965886209908,0.35282499408634166
34,1659.7794556894466,,,mixed mixed-phase cyclic C-C stretching / ring-site C-H in-plane bending,delta(C2-C7-H13),angle,0.8553231179761953,-,-0.06730275026482256,0.2335376961253556
34,1659.7794556894466,,,mixed mixed-phase cyclic C-C stretching / ring-site C-H in-plane bending,delta(O1-C2-N3),angle,0.13594727939195125,+,0.01846629746281801,0.4930639731788844
34,1659.7794556894466,,,mixed mixed-phase cyclic C-C stretching / ring-site C-H in-plane bending,nu(C8-C9),bond,0.10256864482497428,+,0.010792747949578584,1.08903779510484
34,1659.7794556894466,,,mixed mixed-phase cyclic C-C stretching / ring-site C-H in-plane bending,nu(C4-H11),bond,0.09269044700212746,+,0.017789474456539184,0.3622439530730344
34,1659.7794556894466,,,mixed mixed-phase cyclic C-C stretching / ring-site C-H in-plane bending,nu(C5-H12),bond,0.06982266706683861,+,0.015309129898912912,0.36845785714327406
34,1659.7794556894466,,,mixed mixed-phase cyclic C-C stretching / ring-site C-H in-plane bending,delta_lin1(C6-C8-C9),linbend1,0.03970428124340668,-,-0.02467196693274506,0.0806718830220916
34,1659.7794556894466,,,mixed mixed-phase cyclic C-C stretching / ring-site C-H in-plane bending,nu(C7-H13),bond,0.01956033378518816,-,-0.00812806789922461,0.36617949382199605
34,1659.7794556894466,,,mixed mixed-phase cyclic C-C stretching / ring-site C-H in-plane bending,delta(C7-C6-C8),angle,0.015699554479133855,-,-0.005106885174143696,0.7445048759789521
34,1659.7794556894466,,,mixed mixed-phase cyclic C-C stretching / ring-site C-H in-plane bending,nu(C9-H14),bond,0.004680209343827011,+,0.003745352064385513,0.4126410102789359
34,1659.7794556894466,,,mixed mixed-phase cyclic C-C stretching / ring-site C-H in-plane bending,delta(N3-C2-C7),angle,0.004183078929463776,+,0.0025660017516780744,0.78573222766154
34,1659.7794556894466,,,mixed mixed-phase cyclic C-C stretching / ring-site C-H in-plane bending,nu(N3-H10),bond,0.003836605574818758,-,-0.003212350940622894,0.45982606826469136
34,1659.7794556894466,,,mixed mixed-phase cyclic C-C stretching / ring-site C-H in-plane bending,delta_lin1(C8-C9-H14),linbend1,7.755813736487397e-06,+,0.00040279306511829496,0.05912291051473502
34,1659.7794556894466,,,mixed mixed-phase cyclic C-C stretching / ring-site C-H in-plane bending,delta_lin2(C6-C8-C9),linbend2,5.2308496862503135e-06,+,0.0002872669816982351,0.07839587685607574
34,1659.7794556894466,,,mixed mixed-phase cyclic C-C stretching / ring-site C-H in-plane bending,tau(O1-C2-N3-H10),dihedral,4.068625519214274e-09,+,5.638422392924459e-06,0.1582795871132262
34,1659.7794556894466,,,mixed mixed-phase cyclic C-C stretching / ring-site C-H in-plane bending,tau(N3-C2-C7-H13),dihedral,1.550828419482624e-09,+,5.0207191157755705e-06,0.07608942539795792
34,1659.7794556894466,,,mixed mixed-phase cyclic C-C stretching / ring-site C-H in-plane bending,tau(C7-C2-N3-H10),dihedral,1.4929692913572158e-09,+,3.0923200816878805e-06,0.19309649807876847
34,1659.7794556894466,,,mixed mixed-phase cyclic C-C stretching / ring-site C-H in-plane bending,tau(H12-C5-C6-C7),dihedral,5.988530818783458e-10,+,3.290230763073173e-06,0.0684163618253638
34,1659.7794556894466,,,mixed mixed-phase cyclic C-C stretching / ring-site C-H in-plane bending,tau(C4-C5-C6-C8),dihedral,5.266126516014062e-10,-,-1.6812743315766717e-06,0.23041276089481189
34,1659.7794556894466,,,mixed mixed-phase cyclic C-C stretching / ring-site C-H in-plane bending,tau(C4-C5-C6-C7),dihedral,2.1712505718506407e-10,-,-1.4858496798059806e-06,0.12163333095301532
34,1659.7794556894466,,,mixed mixed-phase cyclic C-C stretching / ring-site C-H in-plane bending,tau(O1-C2-N3-C4),dihedral,2.1355787155560479e-10,-,-1.958917210801831e-06,0.06882969170170204
34,1659.7794556894466,,,mixed mixed-phase cyclic C-C stretching / ring-site C-H in-plane bending,delta_lin2(C8-C9-H14),linbend2,1.5486009186646e-10,+,1.8815107376630866e-06,0.05410264710992003
34,1659.7794556894466,,,mixed mixed-phase cyclic C-C stretching / ring-site C-H in-plane bending,tau(C8-C6-C7-C2),dihedral,1.4665809976786644e-11,+,3.1371396592404847e-07,0.18430229863599684
34,1659.7794556894466,,,mixed mixed-phase cyclic C-C stretching / ring-site C-H in-plane bending,tau(H11-C4-C5-C6),dihedral,1.399520162975893e-11,+,4.96066367179717e-07,0.07033832102789596
35,1745.7416524080304,,,mixed exocyclic C-O stretching / cyclic-ring deformation (N-C-C bend),nu(O1-C2),bond,54.95857883667322,+,0.3425580518831746,0.7611351696493606
35,1745.7416524080304,,,mixed exocyclic C-O stretching / cyclic-ring deformation (N-C-C bend),delta(N3-C2-C7),angle,12.957087715963686,+,0.1637056785281775,0.78573222766154
35,1745.7416524080304,,,mixed exocyclic C-O stretching / cyclic-ring deformation (N-C-C bend),nu(C2-C7),bond,9.705446275959446,-,-0.21143428507356757,0.35282499408634166
35,1745.7416524080304,,,mixed exocyclic C-O stretching / cyclic-ring deformation (N-C-C bend),delta(C2-N3-H10),angle,7.2242801866505,+,0.2191459482776778,0.2444681840156614
35,1745.7416524080304,,,mixed exocyclic C-O stretching / cyclic-ring deformation (N-C-C bend),delta(C2-C7-H13),angle,3.647751750442312,+,0.15932409842687165,0.2335376961253556
35,1745.7416524080304,,,mixed exocyclic C-O stretching / cyclic-ring deformation (N-C-C bend),delta(O1-C2-N3),angle,3.6400688548277316,-,-0.10953438949239278,0.4930639731788844
35,1745.7416524080304,,,mixed exocyclic C-O stretching / cyclic-ring deformation (N-C-C bend),nu(C2-N3),bond,2.3705180535963706,-,-0.10568206220577064,0.34493349191283007
35,1745.7416524080304,,,mixed exocyclic C-O stretching / cyclic-ring deformation (N-C-C bend),nu(C6-C7),bond,2.2271713382011162,+,0.08320574954139394,0.5228072611410868
35,1745.7416524080304,,,mixed exocyclic C-O stretching / cyclic-ring deformation (N-C-C bend),nu(N3-C4),bond,1.6813756717738664,+,0.07566458945516955,0.4772809004995997
35,1745.7416524080304,,,mixed exocyclic C-O stretching / cyclic-ring deformation (N-C-C bend),nu(C4-C5),bond,0.9063518848030551,-,-0.05118563922695447,0.5622056888259223
35,1745.7416524080304,,,mixed exocyclic C-O stretching / cyclic-ring deformation (N-C-C bend),delta(C5-C6-C8),angle,0.23292902781635802,+,0.02257243174397499,0.7429533980202208
35,1745.7416524080304,,,mixed exocyclic C-O stretching / cyclic-ring deformation (N-C-C bend),delta(C5-C4-H11),angle,0.202324734900593,+,0.035583054799094835,0.25969116657976415
35,1745.7416524080304,,,mixed exocyclic C-O stretching / cyclic-ring deformation (N-C-C bend),delta(C6-C5-H12),angle,0.15540642027433305,-,-0.03263838771102718,0.23708616882268754
35,1745.7416524080304,,,mixed exocyclic C-O stretching / cyclic-ring deformation (N-C-C bend),nu(C6-C8),bond,0.06305219521201834,-,-0.016527451479083848,0.3751311133403573
35,1745.7416524080304,,,mixed exocyclic C-O stretching / cyclic-ring deformation (N-C-C bend),delta(C7-C6-C8),angle,0.008244213523395183,+,0.004242170998394471,0.7445048759789521
35,1745.7416524080304,,,mixed exocyclic C-O stretching / cyclic-ring deformation (N-C-C bend),nu(C7-H13),bond,0.007061660830987982,-,-0.005598268777365528,0.36617949382199605
35,1745.7416524080304,,,mixed exocyclic C-O stretching / cyclic-ring deformation (N-C-C bend),delta_lin1(C6-C8-C9),linbend1,0.0030016256605830444,+,0.007776147605504595,0.0806718830220916
35,1745.7416524080304,,,mixed exocyclic C-O stretching / cyclic-ring deformation (N-C-C bend),nu(N3-H10),bond,0.002692712963396057,-,-0.0030849317794774886,0.45982606826469136
35,1745.7416524080304,,,mixed exocyclic C-O stretching / cyclic-ring deformation (N-C-C bend),nu(C4-H11),bond,0.0020536348093516408,-,-0.0030353471236579015,0.3622439530730344
35,1745.7416524080304,,,mixed exocyclic C-O stretching / cyclic-ring deformation (N-C-C bend),nu(C8-C9),bond,0.001793844590420403,+,0.001636131701717661,1.08903779510484
35,1745.7416524080304,,,mixed exocyclic C-O stretching / cyclic-ring deformation (N-C-C bend),delta(N3-C4-C5),angle,0.001310678738973524,+,0.0016360762810922697,0.7957631311007464
35,1745.7416524080304,,,mixed exocyclic C-O stretching / cyclic-ring deformation (N-C-C bend),nu(C5-C6),bond,0.0008239817418804715,+,0.0018719931019081637,0.3821235084742807
35,1745.7416524080304,,,mixed exocyclic C-O stretching / cyclic-ring deformation (N-C-C bend),nu(C5-H12),bond,0.00045503685091090285,-,-0.001416696110872154,0.36845785714327406
35,1745.7416524080304,,,mixed exocyclic C-O stretching / cyclic-ring deformation (N-C-C bend),nu(C9-H14),bond,0.00021862301650142795,+,0.0009279168800599174,0.4126410102789359
35,1745.7416524080304,,,mixed exocyclic C-O stretching / cyclic-ring deformation (N-C-C bend),delta_lin1(C8-C9-H14),linbend1,6.390982950771019e-07,+,0.0001325419192008471,0.05912291051473502
35,1745.7416524080304,,,mixed exocyclic C-O stretching / cyclic-ring deformation (N-C-C bend),delta_lin2(C6-C8-C9),linbend2,3.9399754123475013e-07,-,-9.037482573375948e-05,0.07839587685607574
35,1745.7416524080304,,,mixed exocyclic C-O stretching / cyclic-ring deformation (N-C-C bend),tau(C7-C2-N3-H10),dihedral,3.548774204362102e-09,-,-5.4651151011997075e-06,0.19309649807876847
35,1745.7416524080304,,,mixed exocyclic C-O stretching / cyclic-ring deformation (N-C-C bend),tau(N3-C2-C7-H13),dihedral,1.1535709602666133e-09,+,4.9637206622161884e-06,0.07608942539795792
35,1745.7416524080304,,,mixed exocyclic C-O stretching / cyclic-ring deformation (N-C-C bend),tau(O1-C2-N3-C4),dihedral,1.148537531673151e-09,-,-5.207532772020241e-06,0.06882969170170204
35,1745.7416524080304,,,mixed exocyclic C-O stretching / cyclic-ring deformation (N-C-C bend),tau(C8-C6-C7-C2),dihedral,1.0757874714964646e-09,-,-3.0799608299600977e-06,0.18430229863599684
35,1745.7416524080304,,,mixed exocyclic C-O stretching / cyclic-ring deformation (N-C-C bend),tau(C4-C5-C6-C8),dihedral,8.543656317825025e-11,+,7.762756241769225e-07,0.23041276089481189
35,1745.7416524080304,,,mixed exocyclic C-O stretching / cyclic-ring deformation (N-C-C bend),tau(H12-C5-C6-C7),dihedral,5.4915477551990285e-11,-,-1.1421278520543453e-06,0.0684163618253638
35,1745.7416524080304,,,mixed exocyclic C-O stretching / cyclic-ring deformation (N-C-C bend),delta_lin2(C8-C9-H14),linbend2,7.787447090971115e-12,-,-4.836549370408372e-07,0.05410264710992003
35,1745.7416524080304,,,mixed exocyclic C-O stretching / cyclic-ring deformation (N-C-C bend),tau(C4-C5-C6-C7),dihedral,6.420314773983716e-12,-,-2.9288638828083165e-07,0.12163333095301532
35,1745.7416524080304,,,mixed exocyclic C-O stretching / cyclic-ring deformation (N-C-C bend),tau(H11-C4-C5-C6),dihedral,1.799069924545639e-12,-,-2.0388034088427954e-07,0.07033832102789596
35,1745.7416524080304,,,mixed exocyclic C-O stretching / cyclic-ring deformation (N-C-C bend),tau(O1-C2-N3-H10),dihedral,8.516431785740493e-14,+,2.9570843296645662e-08,0.1582795871132262
36,2217.1095016450686,,,C-C stretching,nu(C8-C9),bond,82.10193040886453,-,-0.37992616685295694,1.08903779510484
36,2217.1095016450686,,,C-C stretching,nu(C6-C8),bond,13.339299574696268,+,0.26092696807196497,0.3751311133403573
36,2217.1095016450686,,,C-C stretching,nu(C9-H14),bond,4.271631511616447,-,-0.14078445196669173,0.4126410102789359
36,2217.1095016450686,,,C-C stretching,nu(C6-C7),bond,0.08333779131021589,-,-0.01747005151286723,0.5228072611410868
36,2217.1095016450686,,,C-C stretching,delta(C5-C6-C8),angle,0.06150045921129276,-,-0.012589323411662407,0.7429533980202208
36,2217.1095016450686,,,C-C stretching,nu(C5-C6),bond,0.05558737841057035,-,-0.016688996200653828,0.3821235084742807
36,2217.1095016450686,,,C-C stretching,delta(C7-C6-C8),angle,0.054077956955619566,-,-0.011792893119777994,0.7445048759789521
36,2217.1095016450686,,,C-C stretching,delta(C6-C5-H12),angle,0.01379558517151697,+,0.010555065965669993,0.23708616882268754
36,2217.1095016450686,,,C-C stretching,nu(C4-C5),bond,0.00704169912411984,-,-0.004897056472216223,0.5622056888259223
36,2217.1095016450686,,,C-C stretching,nu(O1-C2),bond,0.003673039935248685,+,0.0030396664362233494,0.7611351696493606
36,2217.1095016450686,,,C-C stretching,nu(C2-C7),bond,0.0025708429514882765,-,-0.003735098849575061,0.35282499408634166
36,2217.1095016450686,,,C-C stretching,delta(N3-C2-C7),angle,0.0019327451168621964,+,0.0021701712557455365,0.78573222766154
36,2217.1095016450686,,,C-C stretching,delta(N3-C4-C5),angle,0.0010039502434684784,+,0.0015542045843391118,0.7957631311007464
36,2217.1095016450686,,,C-C stretching,nu(N3-C4),bond,0.0009045168377430343,+,0.001904869806503123,0.4772809004995997
36,2217.1095016450686,,,C-C stretching,delta(O1-C2-N3),angle,0.0005764879803326949,-,-0.001496192559599103,0.4930639731788844
36,2217.1095016450686,,,C-C stretching,delta(C2-C7-H13),angle,0.0003289236772521835,+,0.0016421509296240344,0.2335376961253556
36,2217.1095016450686,,,C-C stretching,delta(C2-N3-H10),angle,0.0003153651583092753,+,0.0015715915312557185,0.2444681840156614
36,2217.1095016450686,,,C-C stretching,nu(C4-H11),bond,0.00023556297067408005,-,-0.001115827182106512,0.3622439530730344
36,2217.1095016450686,,,C-C stretching,nu(C5-H12),bond,8.094108283260823e-05,-,-0.0006485367515009279,0.36845785714327406
36,2217.1095016450686,,,C-C stretching,nu(C2-N3),bond,7.165150617003823e-05,-,-0.0006306508382896093,0.34493349191283007
36,2217.1095016450686,,,C-C stretching,nu(C7-H13),bond,5.283695754571159e-05,-,-0.0005256127468076008,0.36617949382199605
36,2217.1095016450686,,,C-C stretching,nu(N3-H10),bond,3.190706431352785e-05,+,0.00036449420456396796,0.45982606826469136
36,2217.1095016450686,,,C-C stretching,delta_lin1(C8-C9-H14),linbend1,1.583175096034444e-05,-,-0.000716028930467006,0.05912291051473502
36,2217.1095016450686,,,C-C stretching,delta_lin1(C6-C8-C9),linbend1,2.446828089910212e-06,-,-0.00024098201391527265,0.0806718830220916
36,2217.1095016450686,,,C-C stretching,delta(C5-C4-H11),angle,5.01442824204468e-07,-,-6.080315566078443e-05,0.25969116657976415
36,2217.1095016450686,,,C-C stretching,tau(C4-C5-C6-C8),dihedral,3.552057533192145e-08,-,-1.7180299466019746e-05,0.23041276089481189
36,2217.1095016450686,,,C-C stretching,tau(C8-C6-C7-C2),dihedral,3.023804184535498e-08,+,1.7723743399022777e-05,0.18430229863599684
36,2217.1095016450686,,,C-C stretching,delta_lin2(C8-C9-H14),linbend2,8.840396059316757e-09,-,-1.768766896969213e-05,0.05410264710992003
36,2217.1095016450686,,,C-C stretching,delta_lin2(C6-C8-C9),linbend2,7.788675017814951e-09,-,-1.3792061290689857e-05,0.07839587685607574
36,2217.1095016450686,,,C-C stretching,tau(C4-C5-C6-C7),dihedral,4.897019254823093e-10,+,2.7764100231023362e-06,0.12163333095301532
36,2217.1095016450686,,,C-C stretching,tau(N3-C2-C7-H13),dihedral,1.1113130768032672e-10,-,-1.6722455847459227e-06,0.07608942539795792
36,2217.1095016450686,,,C-C stretching,tau(H11-C4-C5-C6),dihedral,7.51024000494261e-11,-,-1.4297987302908803e-06,0.07033832102789596
36,2217.1095016450686,,,C-C stretching,tau(H12-C5-C6-C7),dihedral,5.561161359230266e-11,+,1.2475178203095668e-06,0.0684163618253638
36,2217.1095016450686,,,C-C stretching,tau(O1-C2-N3-H10),dihedral,9.968552181888183e-12,-,-3.4725426363820846e-07,0.1582795871132262
36,2217.1095016450686,,,C-C stretching,tau(C7-C2-N3-H10),dihedral,3.3707964992240013e-12,+,1.8281973121655599e-07,0.19309649807876847
36,2217.1095016450686,,,C-C stretching,tau(O1-C2-N3-C4),dihedral,2.746263671444634e-12,-,-2.7639310301335266e-07,0.06882969170170204
37,3206.1502484671137,,,mixed-phase ring-site C-H stretching,nu(C4-H11),bond,92.26077707916912,-,-1.0025738120904466,0.3622439530730344
37,3206.1502484671137,,,mixed-phase ring-site C-H stretching,nu(C5-H12),bond,6.397387401124717,+,0.2617675383157052,0.36845785714327406
37,3206.1502484671137,,,mixed-phase ring-site C-H stretching,delta(N3-C4-C5),angle,0.7786825278487425,-,-0.06214363923661709,0.7957631311007464
37,3206.1502484671137,,,mixed-phase ring-site C-H stretching,nu(C4-C5),bond,0.20956022614104042,+,0.03835439934854385,0.5622056888259223
37,3206.1502484671137,,,mixed-phase ring-site C-H stretching,nu(N3-C4),bond,0.14727094804864743,+,0.034896340680065974,0.4772809004995997
37,3206.1502484671137,,,mixed-phase ring-site C-H stretching,nu(C7-H13),bond,0.09600645868430911,+,0.0321670763425985,0.36617949382199605
37,3206.1502484671137,,,mixed-phase ring-site C-H stretching,delta(C5-C4-H11),angle,0.06818151887846914,+,0.032189417796571806,0.25969116657976415
37,3206.1502484671137,,,mixed-phase ring-site C-H stretching,nu(N3-H10),bond,0.019655733279429103,+,0.012988416462205407,0.45982606826469136
37,3206.1502484671137,,,mixed-phase ring-site C-H stretching,nu(C5-C6),bond,0.014633497059203348,-,-0.012293641902761363,0.3821235084742807
37,3206.1502484671137,,,mixed-phase ring-site C-H stretching,delta(C5-C6-C8),angle,0.005030118818152553,+,0.005169121135623793,0.7429533980202208
37,3206.1502484671137,,,mixed-phase ring-site C-H stretching,delta(C2-N3-H10),angle,0.0006791484260538509,+,0.003311155300260678,0.2444681840156614
37,3206.1502484671137,,,mixed-phase ring-site C-H stretching,nu(C6-C7),bond,0.000531938116208794,-,-0.0020038634532942626,0.5228072611410868
37,3206.1502484671137,,,mixed-phase ring-site C-H stretching,delta(N3-C2-C7),angle,0.00041600124305958336,-,-0.001445501029851987,0.78573222766154
37,3206.1502484671137,,,mixed-phase ring-site C-H stretching,delta(C6-C5-H12),angle,0.00034154852390216964,-,-0.0023844129481360153,0.23708616882268754
37,3206.1502484671137,,,mixed-phase ring-site C-H stretching,nu(C2-C7),bond,0.00021857225032501733,-,-0.0015636019913658776,0.35282499408634166
37,3206.1502484671137,,,mixed-phase ring-site C-H stretching,nu(O1-C2),bond,0.00019768379760261423,-,-0.001012425365181437,0.7611351696493606
37,3206.1502484671137,,,mixed-phase ring-site C-H stretching,delta(C7-C6-C8),angle,0.00017948391176556182,+,0.0009754103609613454,0.7445048759789521
37,3206.1502484671137,,,mixed-phase ring-site C-H stretching,delta(C2-C7-H13),angle,0.00014926713776120014,-,-0.0015882248297876497,0.2335376961253556
37,3206.1502484671137,,,mixed-phase ring-site C-H stretching,delta(O1-C2-N3),angle,4.3599768189608774e-05,-,-0.0005907433332287581,0.4930639731788844
37,3206.1502484671137,,,mixed-phase ring-site C-H stretching,nu(C9-H14),bond,2.5520536456818047e-05,+,0.0004940456504271552,0.4126410102789359
37,3206.1502484671137,,,mixed-phase ring-site C-H stretching,nu(C2-N3),bond,1.6475355592198218e-05,+,0.0004341682794138341,0.34493349191283007
37,3206.1502484671137,,,mixed-phase ring-site C-H stretching,nu(C8-C9),bond,1.4816738186714431e-05,+,0.00023171983035703765,1.08903779510484
37,3206.1502484671137,,,mixed-phase ring-site C-H stretching,delta_lin1(C6-C8-C9),linbend1,3.571950578299448e-07,-,-0.00013219042475806758,0.0806718830220916
37,3206.1502484671137,,,mixed-phase ring-site C-H stretching,nu(C6-C8),bond,7.027223533451217e-08,+,2.7189969209953132e-05,0.3751311133403573
37,3206.1502484671137,,,mixed-phase ring-site C-H stretching,delta_lin1(C8-C9-H14),linbend1,6.837029368632308e-09,-,-2.1363096119197564e-05,0.05912291051473502
37,3206.1502484671137,,,mixed-phase ring-site C-H stretching,tau(H11-C4-C5-C6),dihedral,7.57189063264364e-10,-,-6.518002789534579e-06,0.07033832102789596
37,3206.1502484671137,,,mixed-phase ring-site C-H stretching,delta_lin2(C6-C8-C9),linbend2,4.7718698958684645e-11,+,1.5499085020629791e-06,0.07839587685607574
37,3206.1502484671137,,,mixed-phase ring-site C-H stretching,tau(C4-C5-C6-C8),dihedral,1.796221861776715e-11,-,-5.546705394482125e-07,0.23041276089481189
37,3206.1502484671137,,,mixed-phase ring-site C-H stretching,tau(C4-C5-C6-C7),dihedral,1.116920953326168e-11,-,-6.01995567599366e-07,0.12163333095301532
37,3206.1502484671137,,,mixed-phase ring-site C-H stretching,tau(O1-C2-N3-C4),dihedral,3.173990909399502e-12,-,-4.2660240714381097e-07,0.06882969170170204
37,3206.1502484671137,,,mixed-phase ring-site C-H stretching,delta_lin2(C8-C9-H14),linbend2,4.958532070956584e-13,+,1.9018474583298857e-07,0.05410264710992003
37,3206.1502484671137,,,mixed-phase ring-site C-H stretching,tau(O1-C2-N3-H10),dihedral,4.4522775976425414e-13,-,-1.0536273548107172e-07,0.1582795871132262
37,3206.1502484671137,,,mixed-phase ring-site C-H stretching,tau(N3-C2-C7-H13),dihedral,3.6553972581777085e-13,+,1.3769352341904377e-07,0.07608942539795792
37,3206.1502484671137,,,mixed-phase ring-site C-H stretching,tau(C8-C6-C7-C2),dihedral,1.6503504234465989e-13,-,-5.944715608827702e-08,0.18430229863599684
37,3206.1502484671137,,,mixed-phase ring-site C-H stretching,tau(C7-C2-N3-H10),dihedral,2.964148484554204e-14,-,-2.4613374138505034e-08,0.19309649807876847
37,3206.1502484671137,,,mixed-phase ring-site C-H stretching,tau(H12-C5-C6-C7),dihedral,3.345401658049552e-18,+,4.3929121718621424e-10,0.0684163618253638
38,3225.0164438163733,,,ring-site C-H stretching,nu(C7-H13),bond,98.93976069915742,-,-1.0352488816008054,0.36617949382199605
38,3225.0164438163733,,,ring-site C-H stretching,nu(C6-C7),bond,0.30503601353110943,+,0.048107313523853903,0.5228072611410868
38,3225.0164438163733,,,ring-site C-H stretching,nu(C5-H12),bond,0.2501899486196658,+,0.051897611440570174,0.36845785714327406
38,3225.0164438163733,,,ring-site C-H stretching,delta(C7-C6-C8),angle,0.15219009553326723,-,-0.028475133824445737,0.7445048759789521
38,3225.0164438163733,,,ring-site C-H stretching,delta(N3-C2-C7),angle,0.13644093736560695,+,0.026244688115723818,0.78573222766154
38,3225.0164438163733,,,ring-site C-H stretching,nu(C2-C7),bond,0.13477774537708018,+,0.038925641115063254,0.35282499408634166
38,3225.0164438163733,,,ring-site C-H stretching,delta(C2-C7-H13),angle,0.03706622921112897,+,0.02509094739647603,0.2335376961253556
38,3225.0164438163733,,,ring-site C-H stretching,nu(C4-H11),bond,0.035595256915123406,-,-0.019742486324914668,0.3622439530730344
38,3225.0164438163733,,,ring-site C-H stretching,delta(C5-C6-C8),angle,0.0028751005820836424,+,0.00391788863210349,0.7429533980202208
38,3225.0164438163733,,,ring-site C-H stretching,nu(O1-C2),bond,0.0013097302549779036,-,-0.0026125606858975908,0.7611351696493606
38,3225.0164438163733,,,ring-site C-H stretching,delta(N3-C4-C5),angle,0.0009098592026565146,-,-0.00212961717834238,0.7957631311007464
38,3225.0164438163733,,,ring-site C-H stretching,nu(C5-C6),bond,0.0008265470034333924,-,-0.0029291273351999122,0.3821235084742807
38,3225.0164438163733,,,ring-site C-H stretching,nu(C4-C5),bond,0.0007145567682837121,-,-0.0022453140961946616,0.5622056888259223
38,3225.0164438163733,,,ring-site C-H stretching,delta(C6-C5-H12),angle,0.0006696424710017162,-,-0.0033471466287623825,0.23708616882268754
38,3225.0164438163733,,,ring-site C-H stretching,nu(C6-C8),bond,0.00047419265819247797,-,-0.0022391965792739692,0.3751311133403573
38,3225.0164438163733,,,ring-site C-H stretching,delta(O1-C2-N3),angle,0.0003646870979325857,+,0.0017128325840119031,0.4930639731788844
38,3225.0164438163733,,,ring-site C-H stretching,nu(C9-H14),bond,0.00027381986487266693,-,-0.0016223801873632112,0.4126410102789359
38,3225.0164438163733,,,ring-site C-H stretching,delta(C5-C4-H11),angle,0.00027228104725864386,+,0.0020393251241358048,0.25969116657976415
38,3225.0164438163733,,,ring-site C-H stretching,nu(N3-C4),bond,0.00012149027210815482,+,0.0010048241789057991,0.4772809004995997
38,3225.0164438163733,,,ring-site C-H stretching,delta(C2-N3-H10),angle,8.800425253017946e-05,-,-0.0011949425013237128,0.2444681840156614
38,3225.0164438163733,,,ring-site C-H stretching,delta_lin1(C6-C8-C9),linbend1,3.8345204829381585e-05,+,0.0013730956334545906,0.0806718830220916
38,3225.0164438163733,,,ring-site C-H stretching,nu(N3-H10),bond,4.59300865414223e-06,+,0.000199048170307588,0.45982606826469136
38,3225.0164438163733,,,ring-site C-H stretching,nu(C8-C9),bond,1.1977735588746267e-07,-,-2.0886815809535987e-05,1.08903779510484
38,3225.0164438163733,,,ring-site C-H stretching,nu(C2-N3),bond,5.372396233690913e-08,-,-2.4855510515349943e-05,0.34493349191283007
38,3225.0164438163733,,,ring-site C-H stretching,delta_lin1(C8-C9-H14),linbend1,4.514319910564253e-08,-,-5.503318090773494e-05,0.05912291051473502
38,3225.0164438163733,,,ring-site C-H stretching,delta_lin2(C6-C8-C9),linbend2,5.057576132906861e-09,-,-1.5996720461162003e-05,0.07839587685607574
38,3225.0164438163733,,,ring-site C-H stretching,tau(N3-C2-C7-H13),dihedral,6.706245910890033e-10,-,-5.912674037045638e-06,0.07608942539795792
38,3225.0164438163733,,,ring-site C-H stretching,tau(C8-C6-C7-C2),dihedral,9.828000607351358e-11,+,1.454365499337364e-06,0.18430229863599684
38,3225.0164438163733,,,ring-site C-H stretching,tau(C7-C2-N3-H10),dihedral,9.797402224921617e-11,-,-1.4186479093676632e-06,0.19309649807876847
38,3225.0164438163733,,,ring-site C-H stretching,tau(C4-C5-C6-C7),dihedral,1.711570255926058e-11,+,7.470977309961702e-07,0.12163333095301532
38,3225.0164438163733,,,ring-site C-H stretching,tau(H12-C5-C6-C7),dihedral,9.691859533598504e-12,+,7.496005901252607e-07,0.0684163618253638
38,3225.0164438163733,,,ring-site C-H stretching,delta_lin2(C8-C9-H14),linbend2,3.308236418871562e-12,+,4.924876724203789e-07,0.05410264710992003
38,3225.0164438163733,,,ring-site C-H stretching,tau(O1-C2-N3-H10),dihedral,7.73623046049806e-13,+,1.3923826313652725e-07,0.1582795871132262
38,3225.0164438163733,,,ring-site C-H stretching,tau(H11-C4-C5-C6),dihedral,4.62546945458589e-13,-,-1.615058516008827e-07,0.07033832102789596
38,3225.0164438163733,,,ring-site C-H stretching,tau(O1-C2-N3-C4),dihedral,4.2902478240880007e-13,+,1.572387671077146e-07,0.06882969170170204
38,3225.0164438163733,,,ring-site C-H stretching,tau(C4-C5-C6-C8),dihedral,9.550378119318138e-15,+,1.2822224352684704e-08,0.23041276089481189
39,3237.8164833152236,,,ring-site C-H stretching,nu(C5-H12),bond,92.62431237703389,+,1.001768637393653,0.36845785714327406
39,3237.8164833152236,,,ring-site C-H stretching,nu(C4-H11),bond,6.252082166246406,+,0.2624886986695539,0.3622439530730344
39,3237.8164833152236,,,ring-site C-H stretching,nu(C4-C5),bond,0.5086678887108403,-,-0.06009915790297817,0.5622056888259223
39,3237.8164833152236,,,ring-site C-H stretching,nu(C7-H13),bond,0.18780653768876343,+,0.04524881255930669,0.36617949382199605
39,3237.8164833152236,,,ring-site C-H stretching,nu(C5-C6),bond,0.16797505714734054,-,-0.04189086846192847,0.3821235084742807
39,3237.8164833152236,,,ring-site C-H stretching,delta(C5-C6-C8),angle,0.13595689033701874,+,0.027028296110522345,0.7429533980202208
39,3237.8164833152236,,,ring-site C-H stretching,delta(C6-C5-H12),angle,0.04954387446439889,-,-0.028882894737424912,0.23708616882268754
39,3237.8164833152236,,,ring-site C-H stretching,delta(C5-C4-H11),angle,0.03656395973820055,+,0.023708106307086935,0.25969116657976415
39,3237.8164833152236,,,ring-site C-H stretching,delta(N3-C4-C5),angle,0.0237190860572466,-,-0.010908270831229734,0.7957631311007464
39,3237.8164833152236,,,ring-site C-H stretching,nu(N3-C4),bond,0.008407623659480225,-,-0.008385876219871467,0.4772809004995997
39,3237.8164833152236,,,ring-site C-H stretching,nu(N3-H10),bond,0.002895056537430308,-,-0.0050133794218929825,0.45982606826469136
39,3237.8164833152236,,,ring-site C-H stretching,delta(N3-C2-C7),angle,0.0004295832177434788,-,-0.0014773561814304102,0.78573222766154
39,3237.8164833152236,,,ring-site C-H stretching,nu(C6-C7),bond,0.00034059685621052254,-,-0.0016126805782109626,0.5228072611410868
39,3237.8164833152236,,,ring-site C-H stretching,nu(C6-C8),bond,0.00029424241757643947,+,0.0017695381928545567,0.3751311133403573
39,3237.8164833152236,,,ring-site C-H stretching,nu(C2-C7),bond,0.0002551897573863448,-,-0.0016992246188140563,0.35282499408634166
39,3237.8164833152236,,,ring-site C-H stretching,nu(C9-H14),bond,0.00023615123632683718,+,0.0015114986420043058,0.4126410102789359
39,3237.8164833152236,,,ring-site C-H stretching,delta(C2-N3-H10),angle,0.00019388997985988934,-,-0.0017793662674020026,0.2444681840156614
39,3237.8164833152236,,,ring-site C-H stretching,delta(C2-C7-H13),angle,0.00015303718241232772,-,-0.0016174051753634104,0.2335376961253556
39,3237.8164833152236,,,ring-site C-H stretching,nu(C2-N3),bond,8.491420925954549e-05,+,0.000991337068795801,0.34493349191283007
39,3237.8164833152236,,,ring-site C-H stretching,delta(C7-C6-C8),angle,3.9522082357352456e-05,-,-0.00046034664225518126,0.7445048759789521
39,3237.8164833152236,,,ring-site C-H stretching,nu(O1-C2),bond,1.979774326677589e-05,+,0.00032223728721459863,0.7611351696493606
39,3237.8164833152236,,,ring-site C-H stretching,delta_lin1(C6-C8-C9),linbend1,1.659161547628364e-05,+,0.0009061124204024787,0.0806718830220916
39,3237.8164833152236,,,ring-site C-H stretching,nu(C8-C9),bond,4.947588029410363e-06,-,-0.00013467101473406496,1.08903779510484
39,3237.8164833152236,,,ring-site C-H stretching,delta(O1-C2-N3),angle,9.507320399048657e-07,+,8.773568537739583e-05,0.4930639731788844
39,3237.8164833152236,,,ring-site C-H stretching,delta_lin1(C8-C9-H14),linbend1,6.541604354304592e-08,-,-6.646041942841432e-05,0.05912291051473502
39,3237.8164833152236,,,ring-site C-H stretching,delta_lin2(C6-C8-C9),linbend2,2.2158757174471452e-09,-,-1.0622455776604637e-05,0.07839587685607574
39,3237.8164833152236,,,ring-site C-H stretching,tau(H11-C4-C5-C6),dihedral,5.918426433431974e-11,+,1.832761577650343e-06,0.07033832102789596
39,3237.8164833152236,,,ring-site C-H stretching,tau(C4-C5-C6-C8),dihedral,4.744022545804539e-11,+,9.066067575389331e-07,0.23041276089481189
39,3237.8164833152236,,,ring-site C-H stretching,delta_lin2(C8-C9-H14),linbend2,1.3357886375495985e-11,+,9.92792433962641e-07,0.05410264710992003
39,3237.8164833152236,,,ring-site C-H stretching,tau(C4-C5-C6-C7),dihedral,7.321509507689877e-12,+,4.901994942506047e-07,0.12163333095301532
39,3237.8164833152236,,,ring-site C-H stretching,tau(N3-C2-C7-H13),dihedral,8.871908217918581e-13,+,2.1574722155958738e-07,0.07608942539795792
39,3237.8164833152236,,,ring-site C-H stretching,tau(C7-C2-N3-H10),dihedral,3.7830134296344104e-13,+,8.843630447962222e-08,0.19309649807876847
39,3237.8164833152236,,,ring-site C-H stretching,tau(H12-C5-C6-C7),dihedral,2.0912350616270347e-13,-,-1.1046387690597894e-07,0.0684163618253638
39,3237.8164833152236,,,ring-site C-H stretching,tau(O1-C2-N3-C4),dihedral,1.98218729011545e-13,+,1.0722184474852157e-07,0.06882969170170204
39,3237.8164833152236,,,ring-site C-H stretching,tau(C8-C6-C7-C2),dihedral,5.150973003731237e-14,+,3.3402433230697655e-08,0.18430229863599684
39,3237.8164833152236,,,ring-site C-H stretching,tau(O1-C2-N3-H10),dihedral,5.084083144657174e-14,-,-3.580904273587028e-08,0.1582795871132262
40,3474.554101016372,,,C-H stretching,nu(C9-H14),bond,95.61405586133911,+,1.0272156421961447,0.4126410102789359
40,3474.554101016372,,,C-H stretching,nu(C8-C9),bond,4.309260734846628,-,-0.13423533706330495,1.08903779510484
40,3474.554101016372,,,C-H stretching,nu(C6-C8),bond,0.07595903927832469,+,0.030365828596485834,0.3751311133403573
40,3474.554101016372,,,C-H stretching,nu(N3-H10),bond,0.00022055917073261576,-,-0.0014779260821569432,0.45982606826469136
40,3474.554101016372,,,C-H stretching,nu(C7-H13),bond,0.00021632514466961297,-,-0.0016401872783186606,0.36617949382199605
40,3474.554101016372,,,C-H stretching,nu(C5-H12),bond,0.00018380765947942487,-,-0.001507213721212132,0.36845785714327406
40,3474.554101016372,,,C-H stretching,delta(C5-C6-C8),angle,3.287094575169293e-05,-,-0.00044886140115202766,0.7429533980202208
40,3474.554101016372,,,C-H stretching,delta(C7-C6-C8),angle,2.6224164880351483e-05,-,-0.000400501371697473,0.7445048759789521
40,3474.554101016372,,,C-H stretching,nu(C5-C6),bond,1.1180938368493795e-05,-,-0.00036502633348414027,0.3821235084742807
40,3474.554101016372,,,C-H stretching,delta(N3-C4-C5),angle,7.097033863248805e-06,+,0.00020152711119848863,0.7957631311007464
40,3474.554101016372,,,C-H stretching,delta(C2-C7-H13),angle,6.0471899536263e-06,+,0.0003433881130977984,0.2335376961253556
40,3474.554101016372,,,C-H stretching,nu(O1-C2),bond,5.606131399967594e-06,-,-0.00018314188892462372,0.7611351696493606
40,3474.554101016372,,,C-H stretching,nu(C4-C5),bond,4.624017384307016e-06,-,-0.00019353033966819914,0.5622056888259223
40,3474.554101016372,,,C-H stretching,delta(N3-C2-C7),angle,3.288686111331496e-06,+,0.00013805777712037767,0.78573222766154
40,3474.554101016372,,,C-H stretching,delta(C5-C4-H11),angle,2.5072529563337824e-06,-,-0.0002096802062119994,0.25969116657976415
40,3474.554101016372,,,C-H stretching,delta(C6-C5-H12),angle,1.3523942512287234e-06,+,0.000161170478868725,0.23708616882268754
40,3474.554101016372,,,C-H stretching,delta_lin1(C6-C8-C9),linbend1,1.2531874324373475e-06,+,0.00026597074269236743,0.0806718830220916
40,3474.554101016372,,,C-H stretching,delta(O1-C2-N3),angle,4.2155883099727114e-07,+,6.239710032768792e-05,0.4930639731788844
40,3474.554101016372,,,C-H stretching,nu(C4-H11),bond,4.19004486286851e-07,-,-7.257644842345923e-05,0.3622439530730344
40,3474.554101016372,,,C-H stretching,nu(N3-C4),bond,3.034612462554421e-07,+,5.3808580899079785e-05,0.4772809004995997
40,3474.554101016372,,,C-H stretching,delta_lin1(C8-C9-H14),linbend1,2.389070929814364e-07,-,-0.00013565117716311787,0.05912291051473502
40,3474.554101016372,,,C-H stretching,nu(C6-C7),bond,1.2792117209749028e-07,-,-3.3380078779791165e-05,0.5228072611410868
40,3474.554101016372,,,C-H stretching,delta(C2-N3-H10),angle,4.3052004075599036e-08,-,-2.8318644449117533e-05,0.2444681840156614
40,3474.554101016372,,,C-H stretching,nu(C2-N3),bond,3.4454577845334376e-08,+,2.132763657556043e-05,0.34493349191283007
40,3474.554101016372,,,C-H stretching,delta_lin2(C6-C8-C9),linbend2,2.2583864039833073e-08,-,-3.621925074255192e-05,0.07839587685607574
40,3474.554101016372,,,C-H stretching,nu(C2-C7),bond,9.332094459018394e-09,-,-1.097480567683503e-05,0.35282499408634166
40,3474.554101016372,,,C-H stretching,delta_lin2(C8-C9-H14),linbend2,1.2254369170332052e-10,-,-3.211612726217467e-06,0.05410264710992003
40,3474.554101016372,,,C-H stretching,tau(C4-C5-C6-C8),dihedral,1.1627316874730062e-10,-,-1.5159100698649631e-06,0.23041276089481189
40,3474.554101016372,,,C-H stretching,tau(C8-C6-C7-C2),dihedral,9.810595722995388e-11,+,1.5569306257563774e-06,0.18430229863599684
40,3474.554101016372,,,C-H stretching,tau(C4-C5-C6-C7),dihedral,4.721935368280893e-12,+,4.204561088563976e-07,0.12163333095301532
40,3474.554101016372,,,C-H stretching,tau(H12-C5-C6-C7),dihedral,6.46481720217249e-13,+,2.0743645616487977e-07,0.0684163618253638
40,3474.554101016372,,,C-H stretching,tau(H11-C4-C5-C6),dihedral,6.39145883948684e-13,-,-2.0341873401467394e-07,0.07033832102789596
40,3474.554101016372,,,C-H stretching,tau(N3-C2-C7-H13),dihedral,3.4803057862221695e-13,-,-1.4432231854532757e-07,0.07608942539795792
40,3474.554101016372,,,C-H stretching,tau(O1-C2-N3-H10),dihedral,6.158668887482925e-14,-,-4.209377943117567e-08,0.1582795871132262
40,3474.554101016372,,,C-H stretching,tau(O1-C2-N3-C4),dihedral,7.362578242047658e-15,-,-2.2070592744515877e-08,0.06882969170170204
40,3474.554101016372,,,C-H stretching,tau(C7-C2-N3-H10),dihedral,3.363683524176414e-15,+,8.906504934067458e-09,0.19309649807876847
41,3592.69776491908,,,ring-site N-H stretching,nu(N3-H10),bond,99.53905727671986,-,-1.0310111418298111,0.45982606826469136
41,3592.69776491908,,,ring-site N-H stretching,nu(N3-C4),bond,0.13420183365513957,+,0.03715827875435636,0.4772809004995997
41,3592.69776491908,,,ring-site N-H stretching,delta(N3-C2-C7),angle,0.09048446871137979,+,0.023780069977404058,0.78573222766154
41,3592.69776491908,,,ring-site N-H stretching,delta(N3-C4-C5),angle,0.08248527209141016,+,0.022561069842800242,0.7957631311007464
41,3592.69776491908,,,ring-site N-H stretching,nu(C2-N3),bond,0.06469032718708095,+,0.030346973298620503,0.34493349191283007
41,3592.69776491908,,,ring-site N-H stretching,delta(O1-C2-N3),angle,0.0589052193181727,-,-0.024220808967883124,0.4930639731788844
41,3592.69776491908,,,ring-site N-H stretching,delta(C2-N3-H10),angle,0.014665337851515092,+,0.01716319964099253,0.2444681840156614
41,3592.69776491908,,,ring-site N-H stretching,nu(C4-H11),bond,0.014248085120990676,-,-0.013897640376895058,0.3622439530730344
41,3592.69776491908,,,ring-site N-H stretching,nu(C4-C5),bond,0.00031259677281612083,+,0.0016523727276912497,0.5622056888259223
41,3592.69776491908,,,ring-site N-H stretching,nu(C9-H14),bond,0.00019393855596776583,-,-0.0015191801457838628,0.4126410102789359
41,3592.69776491908,,,ring-site N-H stretching,delta(C5-C4-H11),angle,0.0001863121939728671,+,0.0018769618372668794,0.25969116657976415
41,3592.69776491908,,,ring-site N-H stretching,nu(C5-C6),bond,0.0001860408049088965,-,-0.0015461998180331194,0.3821235084742807
41,3592.69776491908,,,ring-site N-H stretching,nu(C5-H12),bond,0.00017980812810449142,-,-0.0015480113482123819,0.36845785714327406
41,3592.69776491908,,,ring-site N-H stretching,delta(C6-C5-H12),angle,7.182260521221573e-05,+,0.0012196658357812717,0.23708616882268754
41,3592.69776491908,,,ring-site N-H stretching,nu(C6-C7),bond,5.2829249190076693e-05,+,0.0007044169621212613,0.5228072611410868
41,3592.69776491908,,,ring-site N-H stretching,delta(C7-C6-C8),angle,3.897260815099933e-05,-,-0.0005070016275032679,0.7445048759789521
41,3592.69776491908,,,ring-site N-H stretching,nu(O1-C2),bond,2.684957554611168e-05,-,-0.00041619916882301613,0.7611351696493606
41,3592.69776491908,,,ring-site N-H stretching,delta(C2-C7-H13),angle,5.696523942704695e-06,-,-0.00034609064397252143,0.2335376961253556
41,3592.69776491908,,,ring-site N-H stretching,delta(C5-C6-C8),angle,2.956696175750426e-06,-,-0.00013979317035175439,0.7429533980202208
41,3592.69776491908,,,ring-site N-H stretching,nu(C6-C8),bond,1.8007517104054405e-06,+,0.00015353195009807486,0.3751311133403573
41,3592.69776491908,,,ring-site N-H stretching,delta_lin1(C6-C8-C9),linbend1,1.2231799424821418e-06,+,0.0002728647717040217,0.0806718830220916
41,3592.69776491908,,,ring-site N-H stretching,nu(C8-C9),bond,1.1672549515878877e-06,+,7.254788861520924e-05,1.08903779510484
41,3592.69776491908,,,ring-site N-H stretching,nu(C2-C7),bond,9.361639943255929e-08,+,3.60960505877898e-05,0.35282499408634166
41,3592.69776491908,,,ring-site N-H stretching,nu(C7-H13),bond,6.97955390771319e-08,+,3.059357393697349e-05,0.36617949382199605
41,3592.69776491908,,,ring-site N-H stretching,delta_lin1(C8-C9-H14),linbend1,6.700511497288343e-10,+,7.460010982536009e-06,0.05912291051473502
41,3592.69776491908,,,ring-site N-H stretching,delta_lin2(C6-C8-C9),linbend2,1.6744995429365851e-10,-,-3.2386148047007827e-06,0.07839587685607574
41,3592.69776491908,,,ring-site N-H stretching,tau(C7-C2-N3-H10),dihedral,1.2520990655884866e-10,+,1.7844136555117586e-06,0.19309649807876847
41,3592.69776491908,,,ring-site N-H stretching,tau(O1-C2-N3-H10),dihedral,5.228814738979247e-11,+,1.2736572269424667e-06,0.1582795871132262
41,3592.69776491908,,,ring-site N-H stretching,tau(N3-C2-C7-H13),dihedral,1.3770753701634558e-11,+,9.427142987078039e-07,0.07608942539795792
41,3592.69776491908,,,ring-site N-H stretching,tau(O1-C2-N3-C4),dihedral,1.6077339413976655e-12,+,3.386745553216229e-07,0.06882969170170204
41,3592.69776491908,,,ring-site N-H stretching,delta_lin2(C8-C9-H14),linbend2,1.0060255729645032e-12,+,3.021750788958256e-07,0.05410264710992003
41,3592.69776491908,,,ring-site N-H stretching,tau(C4-C5-C6-C8),dihedral,3.001589283115362e-13,-,-7.998080304180663e-08,0.23041276089481189
41,3592.69776491908,,,ring-site N-H stretching,tau(H11-C4-C5-C6),dihedral,1.0915815230596215e-13,-,-8.729622835680989e-08,0.07033832102789596
41,3592.69776491908,,,ring-site N-H stretching,tau(C8-C6-C7-C2),dihedral,9.50925205919467e-14,+,5.033513003861054e-08,0.18430229863599684
41,3592.69776491908,,,ring-site N-H stretching,tau(C4-C5-C6-C7),dihedral,2.393721711360253e-14,-,-3.108664978709381e-08,0.12163333095301532
41,3592.69776491908,,,ring-site N-H stretching,tau(H12-C5-C6-C7),dihedral,4.950025885558828e-15,-,-1.884894895034455e-08,0.0684163618253638
