mode,harmonic_frequency_cm-1,vpt2_fundamental_cm-1,harmonic_intensity_km_mol,assignment,internal_coordinate,type,percent,phase,D_value,F_diagonal
6,48.426035280859786,,,C-C torsion,tau(C3-C2-C7-O9),dihedral,48.21062090296115,-,-0.04024592583803542,0.16140520854966225
6,48.426035280859786,,,C-C torsion,tau(C1-C2-C7-H14),dihedral,24.22273490958103,-,-0.029629333413965765,0.14962290410311005
6,48.426035280859786,,,C-C torsion,tau(C7-C2-C3-H13),dihedral,17.19029829682772,-,-0.12364325665050342,0.006097631958842238
6,48.426035280859786,,,C-C torsion,delta(C1-C2-C3),angle,3.3059602190035604,+,0.0058859759297794885,0.5174630280054322
6,48.426035280859786,,,C-C torsion,delta(C2-C3-O4),angle,1.749524722424285,+,0.004926389531998874,0.3909140249669613
6,48.426035280859786,,,C-C torsion,tau(H11-C1-C2-C3),dihedral,1.6147976410035352,+,0.005192669415426036,0.3247546831827063
6,48.426035280859786,,,C-C torsion,delta(C1-C2-C7),angle,1.2120443242514822,+,0.0034992809580248747,0.5367592543463449
6,48.426035280859786,,,C-C torsion,"gamma(O4;C3,C2,H13)",oop,0.8396540695608248,-,-0.006480410254816907,0.10842116305321652
6,48.426035280859786,,,C-C torsion,tau(H10-C1-C2-C5),dihedral,0.3564193226565264,-,-0.0024667098163117145,0.3176462861302484
6,48.426035280859786,,,C-C torsion,nu(C2-C7),bond,0.28739960767319456,-,-0.002416654112328573,0.266855307641462
6,48.426035280859786,,,C-C torsion,delta(H10-C1-H11),angle,0.2360483318803897,-,-0.0017679474378554678,0.40952545667995893
6,48.426035280859786,,,C-C torsion,nu(C1-C2),bond,0.1525872367081347,-,-0.0018239156603482671,0.2487295415383795
6,48.426035280859786,,,C-C torsion,delta(C2-C7-H14),angle,0.11320691305391722,+,0.0015189917557506599,0.26606073120081736
6,48.426035280859786,,,C-C torsion,nu(C7-C8),bond,0.10989678419285669,-,-0.0012907236038346606,0.35771499490439007
6,48.426035280859786,,,C-C torsion,delta_lin2(C2-C5-N6),linbend2,0.08071233335829699,-,-0.0023814737544926275,0.07717328181589451
6,48.426035280859786,,,C-C torsion,delta(C2-C1-H11),angle,0.05864589866185258,+,0.000998016037660939,0.31928702534045783
6,48.426035280859786,,,C-C torsion,delta(H11-C1-H12),angle,0.04840627789787405,-,-0.0008151473961668484,0.39504635969426727
6,48.426035280859786,,,C-C torsion,delta(C2-C7-O9),angle,0.04430735296193306,+,0.0008832224591553922,0.3080025148114132
6,48.426035280859786,,,C-C torsion,nu(C3-O4),bond,0.028357973379930526,-,-0.0004186787978047655,0.8772672552439119
6,48.426035280859786,,,C-C torsion,nu(C2-C5),bond,0.021323813001918993,+,0.0006135900271488189,0.30713332855890746
6,48.426035280859786,,,C-C torsion,delta(C1-C2-C5),angle,0.018610324382348487,-,-0.0005569776238931988,0.32530977442154063
6,48.426035280859786,,,C-C torsion,delta(H10-C1-H12),angle,0.016749127735509354,-,-0.00048133721829088784,0.3920233835726058
6,48.426035280859786,,,C-C torsion,nu(C8-O9),bond,0.013229861822771478,+,0.0005236743840492174,0.2616081760262354
6,48.426035280859786,,,C-C torsion,nu(C1-H10),bond,0.012673294833704942,+,0.00044942715002323783,0.34024331001250363
6,48.426035280859786,,,C-C torsion,nu(C2-C3),bond,0.008274228864707543,-,-0.000446704141823067,0.22485690906594918
6,48.426035280859786,,,C-C torsion,nu(C7-H14),bond,0.007671910282056746,+,0.00034556979334351664,0.3483779301496586
6,48.426035280859786,,,C-C torsion,nu(C3-H13),bond,0.007093475514321556,+,0.0003559820164776288,0.3035439784651939
6,48.426035280859786,,,C-C torsion,nu(C7-O9),bond,0.006536331285134333,+,0.00035894173529205575,0.2751090044314047
6,48.426035280859786,,,C-C torsion,delta(O4-C3-H13),angle,0.005800666340390885,+,0.0003247647072710312,0.2982351963672958
6,48.426035280859786,,,C-C torsion,delta(C3-C2-C7),angle,0.005175921549616341,+,0.0002235555174197034,0.5616109478032196
6,48.426035280859786,,,C-C torsion,tau(H15-C8-O9-C7),dihedral,0.003622520799366,+,0.0003626724239609013,0.14934836877361438
6,48.426035280859786,,,C-C torsion,delta_lin1(C2-C5-N6),linbend1,0.0027044163457902027,+,0.00042049262044371107,0.08294218288781345
6,48.426035280859786,,,C-C torsion,delta(O9-C8-H15),angle,0.002661067811773524,+,0.00025273637380452654,0.22591189957815877
6,48.426035280859786,,,C-C torsion,delta(C2-C1-H12),angle,0.0024280789486943034,-,-0.00017431338439839186,0.4333312396216148
6,48.426035280859786,,,C-C torsion,nu(C8-H15),bond,0.001279797627005582,-,-0.00014096118994185298,0.3492696522347172
6,48.426035280859786,,,C-C torsion,nu(C5-N6),bond,0.0010827880639056923,+,6.821030866125653e-05,1.2620079646923392
6,48.426035280859786,,,C-C torsion,delta(O9-C8-H16),angle,0.0007779620436445776,-,-0.00013648939662114096,0.22645360898683478
6,48.426035280859786,,,C-C torsion,nu(C1-H12),bond,0.00023615729492904784,-,-6.135871185262976e-05,0.34014771984390524
6,48.426035280859786,,,C-C torsion,nu(C8-H16),bond,0.00017169366593689138,+,5.1508322870998264e-05,0.3509280802784062
6,48.426035280859786,,,C-C torsion,nu(C1-H11),bond,0.00010236736650905091,+,4.0179335793741794e-05,0.3438544825310618
6,48.426035280859786,,,C-C torsion,tau(C2-C7-O9-C8),dihedral,9.019246995415128e-05,+,4.066126579268009e-05,0.2958197445613641
6,48.426035280859786,,,C-C torsion,tau(H16-C8-O9-C7),dihedral,8.088391148450137e-05,+,5.3265925868237485e-05,0.15459016127646946
7,71.83264607051996,,,C-C torsion,tau(C3-C2-C7-O9),dihedral,52.439072786384344,+,0.08893567292303353,0.16140520854966225
7,71.83264607051996,,,C-C torsion,tau(C1-C2-C7-H14),dihedral,43.55807283836371,+,0.08418651941752375,0.14962290410311005
7,71.83264607051996,,,C-C torsion,tau(C7-C2-C3-H13),dihedral,1.1651809885389404,-,-0.06820612195638527,0.006097631958842238
7,71.83264607051996,,,C-C torsion,tau(H11-C1-C2-C3),dihedral,0.603285797290922,+,0.00672498167692475,0.3247546831827063
7,71.83264607051996,,,C-C torsion,tau(C2-C7-O9-C8),dihedral,0.5819138990239747,-,-0.006920270212416862,0.2958197445613641
7,71.83264607051996,,,C-C torsion,delta(C2-C3-O4),angle,0.4839224316189159,+,0.005489774643857931,0.3909140249669613
7,71.83264607051996,,,C-C torsion,delta(C3-C2-C7),angle,0.4705666858103407,+,0.0045164798018227995,0.5616109478032196
7,71.83264607051996,,,C-C torsion,delta(C2-C7-O9),angle,0.16978423245598886,-,-0.003663353366775436,0.3080025148114132
7,71.83264607051996,,,C-C torsion,delta(C1-C2-C7),angle,0.13003191877575004,-,-0.002428524455471101,0.5367592543463449
7,71.83264607051996,,,C-C torsion,delta_lin2(C2-C5-N6),linbend2,0.06915164146304642,-,-0.004670625308429929,0.07717328181589451
7,71.83264607051996,,,C-C torsion,delta(H11-C1-H12),angle,0.040211415320846565,+,0.0015741927707637025,0.39504635969426727
7,71.83264607051996,,,C-C torsion,delta(H10-C1-H11),angle,0.03691065855082707,-,-0.0014812989376847714,0.40952545667995893
7,71.83264607051996,,,C-C torsion,nu(C7-O9),bond,0.03506828012073552,+,0.0017616194511350883,0.2751090044314047
7,71.83264607051996,,,C-C torsion,delta(C1-C2-C5),angle,0.03331847664259602,+,0.0015790696203189355,0.32530977442154063
7,71.83264607051996,,,C-C torsion,"gamma(O4;C3,C2,H13)",oop,0.02821772131707784,-,-0.002517162222467022,0.10842116305321652
7,71.83264607051996,,,C-C torsion,tau(H10-C1-C2-C5),dihedral,0.025747142734853793,-,-0.0014047527644322527,0.3176462861302484
7,71.83264607051996,,,C-C torsion,delta(C1-C2-C3),angle,0.01996620942330704,+,0.0009692044832426904,0.5174630280054322
7,71.83264607051996,,,C-C torsion,delta(C2-C1-H11),angle,0.0173552054500124,-,-0.0011503540089389057,0.31928702534045783
7,71.83264607051996,,,C-C torsion,delta_lin1(C2-C5-N6),linbend1,0.01632320080331081,+,0.0021888812304016875,0.08294218288781345
7,71.83264607051996,,,C-C torsion,nu(C2-C3),bond,0.014130131217430203,+,0.0012368790833943567,0.22485690906594918
7,71.83264607051996,,,C-C torsion,nu(C3-O4),bond,0.010158252933278107,-,-0.0005309465676491442,0.8772672552439119
7,71.83264607051996,,,C-C torsion,nu(C7-C8),bond,0.009631814669084774,+,0.0008096414837450986,0.35771499490439007
7,71.83264607051996,,,C-C torsion,nu(C8-O9),bond,0.009561669669586435,-,-0.0009432970529802875,0.2616081760262354
7,71.83264607051996,,,C-C torsion,delta(C2-C7-H14),angle,0.007002847605691056,-,-0.0008004868716366337,0.26606073120081736
7,71.83264607051996,,,C-C torsion,delta(O9-C8-H16),angle,0.00586014723812426,+,0.0007937283762687006,0.22645360898683478
7,71.83264607051996,,,C-C torsion,tau(H16-C8-O9-C7),dihedral,0.004918252938786573,-,-0.000880079228669355,0.15459016127646946
7,71.83264607051996,,,C-C torsion,nu(C5-N6),bond,0.0037280507951586946,+,0.00026817428335460723,1.2620079646923392
7,71.83264607051996,,,C-C torsion,nu(C1-C2),bond,0.003236569277024587,-,-0.000562841400580237,0.2487295415383795
7,71.83264607051996,,,C-C torsion,nu(C1-H11),bond,0.002832766501445093,-,-0.00044784250467393155,0.3438544825310618
7,71.83264607051996,,,C-C torsion,delta(H10-C1-H12),angle,0.0022820155916154702,+,0.0003764528448119468,0.3920233835726058
7,71.83264607051996,,,C-C torsion,nu(C1-H10),bond,0.0006815549739227963,+,0.00022083246212276138,0.34024331001250363
7,71.83264607051996,,,C-C torsion,delta(O9-C8-H15),angle,0.0005626432107897527,+,0.00024623753436586396,0.22591189957815877
7,71.83264607051996,,,C-C torsion,delta(O4-C3-H13),angle,0.0003886641846551342,-,-0.00017812098145800212,0.2982351963672958
7,71.83264607051996,,,C-C torsion,nu(C8-H16),bond,0.0002998327750596599,-,-0.0001442240735796804,0.3509280802784062
7,71.83264607051996,,,C-C torsion,nu(C8-H15),bond,0.00029020328451911367,+,0.00014222567446348813,0.3492696522347172
7,71.83264607051996,,,C-C torsion,tau(H15-C8-O9-C7),dihedral,0.000149319410173816,-,-0.00015601456956725165,0.14934836877361438
7,71.83264607051996,,,C-C torsion,nu(C1-H12),bond,5.3069129758189975e-05,-,-6.163032629928926e-05,0.34014771984390524
7,71.83264607051996,,,C-C torsion,nu(C2-C5),bond,4.8532022857996944e-05,+,6.202374559761333e-05,0.30713332855890746
7,71.83264607051996,,,C-C torsion,nu(C2-C7),bond,4.246598873682755e-05,+,6.224292073661662e-05,0.266855307641462
7,71.83264607051996,,,C-C torsion,nu(C3-H13),bond,2.5311582405622385e-05,+,4.505636003797347e-05,0.3035439784651939
7,71.83264607051996,,,C-C torsion,nu(C7-H14),bond,1.4221942224143292e-05,+,3.152545793899828e-05,0.3483779301496586
7,71.83264607051996,,,C-C torsion,delta(C2-C1-H12),angle,1.3296816736688507e-07,+,2.7331980868758236e-06,0.4333312396216148
8,144.6940595351797,,,mixed C-C-N linear bending / C-C-C bending / C-C torsion,delta_lin2(C2-C5-N6),linbend2,21.11628298709298,-,-0.04726968965762999,0.07717328181589451
8,144.6940595351797,,,mixed C-C-N linear bending / C-C-C bending / C-C torsion,delta_lin1(C2-C5-N6),linbend1,19.093141461550058,-,-0.043356924028214346,0.08294218288781345
8,144.6940595351797,,,mixed C-C-N linear bending / C-C-C bending / C-C torsion,delta(C3-C2-C7),angle,18.095977153970786,-,-0.016221116219448876,0.5616109478032196
8,144.6940595351797,,,mixed C-C-N linear bending / C-C-C bending / C-C torsion,tau(H10-C1-C2-C5),dihedral,15.05624827444115,-,-0.019674060004142787,0.3176462861302484
8,144.6940595351797,,,mixed C-C-N linear bending / C-C-C bending / C-C torsion,delta(C2-C7-O9),angle,11.564501661081858,+,0.017510309764813707,0.3080025148114132
8,144.6940595351797,,,mixed C-C-N linear bending / C-C-C bending / C-C torsion,delta(C1-C2-C5),angle,7.908945370584631,-,-0.014090234806104295,0.32530977442154063
8,144.6940595351797,,,mixed C-C-N linear bending / C-C-C bending / C-C torsion,delta(C2-C7-H14),angle,2.8823022439605768,-,-0.009405607870608632,0.26606073120081736
8,144.6940595351797,,,mixed C-C-N linear bending / C-C-C bending / C-C torsion,tau(C1-C2-C7-H14),dihedral,1.1102023361049014,-,-0.007784120087766972,0.14962290410311005
8,144.6940595351797,,,mixed C-C-N linear bending / C-C-C bending / C-C torsion,delta(C2-C3-O4),angle,0.6676914466256241,-,-0.0037346918953635325,0.3909140249669613
8,144.6940595351797,,,mixed C-C-N linear bending / C-C-C bending / C-C torsion,delta(C1-C2-C3),angle,0.48545902720399836,+,0.0027678600461910246,0.5174630280054322
8,144.6940595351797,,,mixed C-C-N linear bending / C-C-C bending / C-C torsion,tau(C3-C2-C7-O9),dihedral,0.4621412839629053,-,-0.004835441232699457,0.16140520854966225
8,144.6940595351797,,,mixed C-C-N linear bending / C-C-C bending / C-C torsion,tau(C7-C2-C3-H13),dihedral,0.4355613757949759,+,0.024151915216995962,0.006097631958842238
8,144.6940595351797,,,mixed C-C-N linear bending / C-C-C bending / C-C torsion,nu(C2-C3),bond,0.18367326601053333,+,0.0025827201738585367,0.22485690906594918
8,144.6940595351797,,,mixed C-C-N linear bending / C-C-C bending / C-C torsion,tau(C2-C7-O9-C8),dihedral,0.12011050925888601,-,-0.0018208929906703862,0.2958197445613641
8,144.6940595351797,,,mixed C-C-N linear bending / C-C-C bending / C-C torsion,nu(C7-C8),bond,0.11420214376614228,-,-0.0016146412903677056,0.35771499490439007
8,144.6940595351797,,,mixed C-C-N linear bending / C-C-C bending / C-C torsion,"gamma(O4;C3,C2,H13)",oop,0.0840144758891756,-,-0.002515518578596746,0.10842116305321652
8,144.6940595351797,,,mixed C-C-N linear bending / C-C-C bending / C-C torsion,delta(C1-C2-C7),angle,0.08286737168060096,+,0.0011228183732641505,0.5367592543463449
8,144.6940595351797,,,mixed C-C-N linear bending / C-C-C bending / C-C torsion,nu(C7-O9),bond,0.078063926708689,-,-0.001522230056004479,0.2751090044314047
8,144.6940595351797,,,mixed C-C-N linear bending / C-C-C bending / C-C torsion,delta(C2-C1-H12),angle,0.06435547102718202,-,-0.001101260940317717,0.4333312396216148
8,144.6940595351797,,,mixed C-C-N linear bending / C-C-C bending / C-C torsion,delta(O4-C3-H13),angle,0.05728066053244318,+,0.001252368281317198,0.2982351963672958
8,144.6940595351797,,,mixed C-C-N linear bending / C-C-C bending / C-C torsion,nu(C5-N6),bond,0.03607317504365514,+,0.00048313515026598215,1.2620079646923392
8,144.6940595351797,,,mixed C-C-N linear bending / C-C-C bending / C-C torsion,delta(H10-C1-H12),angle,0.032046753159416894,+,0.000817040397243687,0.3920233835726058
8,144.6940595351797,,,mixed C-C-N linear bending / C-C-C bending / C-C torsion,nu(C1-C2),bond,0.030974995518787803,+,0.0010084385522690575,0.2487295415383795
8,144.6940595351797,,,mixed C-C-N linear bending / C-C-C bending / C-C torsion,delta(O9-C8-H15),angle,0.029276781384231173,+,0.001028725748241881,0.22591189957815877
8,144.6940595351797,,,mixed C-C-N linear bending / C-C-C bending / C-C torsion,nu(C8-H16),bond,0.02619496990116042,+,0.0007807417259232162,0.3509280802784062
8,144.6940595351797,,,mixed C-C-N linear bending / C-C-C bending / C-C torsion,tau(H11-C1-C2-C3),dihedral,0.02614725648737532,-,-0.0008108543502483782,0.3247546831827063
8,144.6940595351797,,,mixed C-C-N linear bending / C-C-C bending / C-C torsion,tau(H16-C8-O9-C7),dihedral,0.023360908527855124,-,-0.0011108653951095392,0.15459016127646946
8,144.6940595351797,,,mixed C-C-N linear bending / C-C-C bending / C-C torsion,tau(H15-C8-O9-C7),dihedral,0.021389613538001746,-,-0.0010814556802065483,0.14934836877361438
8,144.6940595351797,,,mixed C-C-N linear bending / C-C-C bending / C-C torsion,nu(C2-C5),bond,0.02108868608757098,+,0.0007488050880532137,0.30713332855890746
8,144.6940595351797,,,mixed C-C-N linear bending / C-C-C bending / C-C torsion,nu(C8-O9),bond,0.01876331846852082,+,0.0007653087298628328,0.2616081760262354
8,144.6940595351797,,,mixed C-C-N linear bending / C-C-C bending / C-C torsion,delta(H11-C1-H12),angle,0.014526069978178057,-,-0.0005479709465097055,0.39504635969426727
8,144.6940595351797,,,mixed C-C-N linear bending / C-C-C bending / C-C torsion,nu(C2-C7),bond,0.014088541978913044,-,-0.0006566026050262928,0.266855307641462
8,144.6940595351797,,,mixed C-C-N linear bending / C-C-C bending / C-C torsion,delta(C2-C1-H11),angle,0.013085940481742947,-,-0.0005785212738312128,0.31928702534045783
8,144.6940595351797,,,mixed C-C-N linear bending / C-C-C bending / C-C torsion,delta(O9-C8-H16),angle,0.012986449522178369,-,-0.0006843260800357228,0.22645360898683478
8,144.6940595351797,,,mixed C-C-N linear bending / C-C-C bending / C-C torsion,nu(C3-H13),bond,0.006314156286174677,-,-0.0004121490958391316,0.3035439784651939
8,144.6940595351797,,,mixed C-C-N linear bending / C-C-C bending / C-C torsion,nu(C3-O4),bond,0.0031241964984165403,-,-0.0001705338943667813,0.8772672552439119
8,144.6940595351797,,,mixed C-C-N linear bending / C-C-C bending / C-C torsion,delta(H10-C1-H11),angle,0.0022054767149895047,+,0.00020970958733793852,0.40952545667995893
8,144.6940595351797,,,mixed C-C-N linear bending / C-C-C bending / C-C torsion,nu(C7-H14),bond,0.0021931338280564957,-,-0.00022673300733164393,0.3483779301496586
8,144.6940595351797,,,mixed C-C-N linear bending / C-C-C bending / C-C torsion,nu(C1-H11),bond,0.00168483246894454,+,0.0002000315569883521,0.3438544825310618
8,144.6940595351797,,,mixed C-C-N linear bending / C-C-C bending / C-C torsion,nu(C1-H10),bond,0.0010149925772111076,-,-0.00015607887806551307,0.34024331001250363
8,144.6940595351797,,,mixed C-C-N linear bending / C-C-C bending / C-C torsion,nu(C1-H12),bond,0.0004289031598795951,-,-0.0001014736634432975,0.34014771984390524
8,144.6940595351797,,,mixed C-C-N linear bending / C-C-C bending / C-C torsion,nu(C8-H15),bond,8.401140643979024e-06,+,1.4015099991445725e-05,0.3492696522347172
9,174.49516462416923,,,mixed C-C torsion / C-C-C bending,tau(C1-C2-C7-H14),dihedral,21.301279074933813,-,-0.06242570338606942,0.14962290410311005
9,174.49516462416923,,,mixed C-C torsion / C-C-C bending,tau(C3-C2-C7-O9),dihedral,19.39155734103265,-,-0.057346539363075585,0.16140520854966225
9,174.49516462416923,,,mixed C-C torsion / C-C-C bending,delta(C3-C2-C7),angle,13.82974224731526,+,0.02596264312838295,0.5616109478032196
9,174.49516462416923,,,mixed C-C torsion / C-C-C bending,delta_lin2(C2-C5-N6),linbend2,12.288248120297807,-,-0.06601933488850868,0.07717328181589451
9,174.49516462416923,,,mixed C-C torsion / C-C-C bending,tau(H10-C1-C2-C5),dihedral,10.64159059536497,-,-0.030282451175048176,0.3176462861302484
9,174.49516462416923,,,mixed C-C torsion / C-C-C bending,delta(C1-C2-C5),angle,10.322610072821146,+,0.029471744830551642,0.32530977442154063
9,174.49516462416923,,,mixed C-C torsion / C-C-C bending,delta_lin1(C2-C5-N6),linbend1,4.68298715143505,+,0.039312747406173965,0.08294218288781345
9,174.49516462416923,,,mixed C-C torsion / C-C-C bending,delta(C1-C2-C7),angle,2.6241231818366533,-,-0.011568098604465045,0.5367592543463449
9,174.49516462416923,,,mixed C-C torsion / C-C-C bending,delta(C2-C3-O4),angle,1.077605700335964,+,0.008686582673140281,0.3909140249669613
9,174.49516462416923,,,mixed C-C torsion / C-C-C bending,tau(C7-C2-C3-H13),dihedral,0.953453108560603,+,0.0654227369814188,0.006097631958842238
9,174.49516462416923,,,mixed C-C torsion / C-C-C bending,delta(C2-C7-O9),angle,0.9397888682141508,-,-0.009138978599301554,0.3080025148114132
9,174.49516462416923,,,mixed C-C torsion / C-C-C bending,delta(C1-C2-C3),angle,0.6277877868421401,-,-0.005762705315510284,0.5174630280054322
9,174.49516462416923,,,mixed C-C torsion / C-C-C bending,tau(C2-C7-O9-C8),dihedral,0.4528762613630624,-,-0.006473450668941826,0.2958197445613641
9,174.49516462416923,,,mixed C-C torsion / C-C-C bending,delta(C2-C1-H12),angle,0.20044823650475002,+,0.0035583672100790048,0.4333312396216148
9,174.49516462416923,,,mixed C-C torsion / C-C-C bending,nu(C7-O9),bond,0.1712034945945661,+,0.004127276391939369,0.2751090044314047
9,174.49516462416923,,,mixed C-C torsion / C-C-C bending,delta(C2-C1-H11),angle,0.13461357424581064,+,0.0033971399282141973,0.31928702534045783
9,174.49516462416923,,,mixed C-C torsion / C-C-C bending,nu(C3-O4),bond,0.10798164310873659,-,-0.0018355602723289335,0.8772672552439119
9,174.49516462416923,,,mixed C-C torsion / C-C-C bending,nu(C2-C3),bond,0.07238957346362375,+,0.002968551132550513,0.22485690906594918
9,174.49516462416923,,,mixed C-C torsion / C-C-C bending,delta(C2-C7-H14),angle,0.0438307310849388,+,0.0021235310252088893,0.26606073120081736
9,174.49516462416923,,,mixed C-C torsion / C-C-C bending,tau(H11-C1-C2-C3),dihedral,0.030121056095288243,+,0.0015933714436088397,0.3247546831827063
9,174.49516462416923,,,mixed C-C torsion / C-C-C bending,delta(H10-C1-H12),angle,0.026476670554083995,-,-0.001359675721287999,0.3920233835726058
9,174.49516462416923,,,mixed C-C torsion / C-C-C bending,nu(C1-C2),bond,0.018610657961410395,-,-0.0014311225417139967,0.2487295415383795
9,174.49516462416923,,,mixed C-C torsion / C-C-C bending,"gamma(O4;C3,C2,H13)",oop,0.015713355987314156,-,-0.0019917603713413665,0.10842116305321652
9,174.49516462416923,,,mixed C-C torsion / C-C-C bending,nu(C7-H14),bond,0.007739013284796736,+,0.0007797890315818107,0.3483779301496586
9,174.49516462416923,,,mixed C-C torsion / C-C-C bending,nu(C2-C5),bond,0.0067669229526319515,-,-0.0007765899857576949,0.30713332855890746
9,174.49516462416923,,,mixed C-C torsion / C-C-C bending,delta(O9-C8-H16),angle,0.0061017575711681,+,0.0008588107944539277,0.22645360898683478
9,174.49516462416923,,,mixed C-C torsion / C-C-C bending,nu(C8-O9),bond,0.005266028387036861,-,-0.0007422933756481437,0.2616081760262354
9,174.49516462416923,,,mixed C-C torsion / C-C-C bending,delta(O9-C8-H15),angle,0.004531995861311172,-,-0.0007410283816892926,0.22591189957815877
9,174.49516462416923,,,mixed C-C torsion / C-C-C bending,tau(H16-C8-O9-C7),dihedral,0.003881628366588783,+,0.0008290404000164253,0.15459016127646946
9,174.49516462416923,,,mixed C-C torsion / C-C-C bending,delta(H10-C1-H11),angle,0.0021540474616429336,+,0.0003794432450276003,0.40952545667995893
9,174.49516462416923,,,mixed C-C torsion / C-C-C bending,nu(C3-H13),bond,0.0018033253357730122,+,0.00040326067664434945,0.3035439784651939
9,174.49516462416923,,,mixed C-C torsion / C-C-C bending,nu(C5-N6),bond,0.0016598036346716328,-,-0.00018973915017040602,1.2620079646923392
9,174.49516462416923,,,mixed C-C torsion / C-C-C bending,nu(C7-C8),bond,0.0014941738389982159,+,0.0003381361742750049,0.35771499490439007
9,174.49516462416923,,,mixed C-C torsion / C-C-C bending,delta(H11-C1-H12),angle,0.0010416510191221834,+,0.00026865611661302944,0.39504635969426727
9,174.49516462416923,,,mixed C-C torsion / C-C-C bending,nu(C1-H11),bond,0.0007157768050456595,+,0.00023870477610500867,0.3438544825310618
9,174.49516462416923,,,mixed C-C torsion / C-C-C bending,delta(O4-C3-H13),angle,0.0005264961789731717,-,-0.00021982536723751052,0.2982351963672958
9,174.49516462416923,,,mixed C-C torsion / C-C-C bending,tau(H15-C8-O9-C7),dihedral,0.00048464730547424903,+,0.0002980384546254453,0.14934836877361438
9,174.49516462416923,,,mixed C-C torsion / C-C-C bending,nu(C2-C7),bond,0.00030428211154144607,+,0.00017666882939716124,0.266855307641462
9,174.49516462416923,,,mixed C-C torsion / C-C-C bending,nu(C8-H15),bond,0.0002474021928611184,+,0.00013924544255393886,0.3492696522347172
9,174.49516462416923,,,mixed C-C torsion / C-C-C bending,nu(C1-H12),bond,0.00013461187784903264,-,-0.00010408006449823488,0.34014771984390524
9,174.49516462416923,,,mixed C-C torsion / C-C-C bending,nu(C8-H16),bond,0.00010640664163936005,+,9.110347677068109e-05,0.3509280802784062
9,174.49516462416923,,,mixed C-C torsion / C-C-C bending,nu(C1-H10),bond,1.5252190686395365e-06,-,-1.1077224539798046e-05,0.34024331001250363
10,196.5779835872665,,,mixed C-C-C bending / C-C-O bending,delta(C3-C2-C7),angle,34.675776261177646,-,-0.04169107141674098,0.5616109478032196
10,196.5779835872665,,,mixed C-C-C bending / C-C-O bending,delta(C1-C2-C7),angle,12.421872908503568,+,0.025524163213148758,0.5367592543463449
10,196.5779835872665,,,mixed C-C-C bending / C-C-O bending,delta(C1-C2-C5),angle,10.953787257927555,+,0.030787990041445883,0.32530977442154063
10,196.5779835872665,,,mixed C-C-C bending / C-C-O bending,delta_lin1(C2-C5-N6),linbend1,10.950207351610441,+,0.06096368125072074,0.08294218288781345
10,196.5779835872665,,,mixed C-C-C bending / C-C-O bending,delta(C2-C7-O9),angle,9.482510856931,+,0.029439625819836855,0.3080025148114132
10,196.5779835872665,,,mixed C-C-C bending / C-C-O bending,tau(C2-C7-O9-C8),dihedral,9.186892885370902,+,0.02956776448122788,0.2958197445613641
10,196.5779835872665,,,mixed C-C-C bending / C-C-O bending,delta(C2-C3-O4),angle,2.9335061009340664,-,-0.014534517347128063,0.3909140249669613
10,196.5779835872665,,,mixed C-C-C bending / C-C-O bending,tau(H11-C1-C2-C3),dihedral,2.804889756755582,-,-0.015592937194326374,0.3247546831827063
10,196.5779835872665,,,mixed C-C-C bending / C-C-O bending,tau(H10-C1-C2-C5),dihedral,1.6271124158954073,-,-0.012008385771128853,0.3176462861302484
10,196.5779835872665,,,mixed C-C-C bending / C-C-O bending,delta_lin2(C2-C5-N6),linbend2,0.9650125636421276,-,-0.018762069566086927,0.07717328181589451
10,196.5779835872665,,,mixed C-C-C bending / C-C-O bending,tau(C7-C2-C3-H13),dihedral,0.8902592072806499,+,0.064109940802057,0.006097631958842238
10,196.5779835872665,,,mixed C-C-C bending / C-C-O bending,tau(C3-C2-C7-O9),dihedral,0.6461281147005792,-,-0.010615691507604053,0.16140520854966225
10,196.5779835872665,,,mixed C-C-C bending / C-C-O bending,tau(C1-C2-C7-H14),dihedral,0.6189586245567614,+,0.010791442776191098,0.14962290410311005
10,196.5779835872665,,,mixed C-C-C bending / C-C-O bending,delta(C2-C1-H11),angle,0.4034048068249047,+,0.0059638627709658575,0.31928702534045783
10,196.5779835872665,,,mixed C-C-C bending / C-C-O bending,nu(C7-O9),bond,0.36261906891212226,-,-0.006091449656822828,0.2751090044314047
10,196.5779835872665,,,mixed C-C-C bending / C-C-O bending,delta(C1-C2-C3),angle,0.22004611351077544,+,0.003459911029171202,0.5174630280054322
10,196.5779835872665,,,mixed C-C-C bending / C-C-O bending,"gamma(O4;C3,C2,H13)",oop,0.12984028577661486,-,-0.005806246147797022,0.10842116305321652
10,196.5779835872665,,,mixed C-C-C bending / C-C-O bending,delta(C2-C7-H14),angle,0.12358481778074407,-,-0.0036160956816029296,0.26606073120081736
10,196.5779835872665,,,mixed C-C-C bending / C-C-O bending,nu(C8-O9),bond,0.11771108970778126,+,0.003559022850613255,0.2616081760262354
10,196.5779835872665,,,mixed C-C-C bending / C-C-O bending,nu(C1-C2),bond,0.11369740855690921,-,-0.0035872309761489514,0.2487295415383795
10,196.5779835872665,,,mixed C-C-C bending / C-C-O bending,delta(O4-C3-H13),angle,0.09388594192152484,+,0.0029769296989666447,0.2982351963672958
10,196.5779835872665,,,mixed C-C-C bending / C-C-O bending,nu(C2-C7),bond,0.0925629511115857,+,0.0031248445410278092,0.266855307641462
10,196.5779835872665,,,mixed C-C-C bending / C-C-O bending,delta(H10-C1-H12),angle,0.03399035556935091,-,-0.0015623186250050174,0.3920233835726058
10,196.5779835872665,,,mixed C-C-C bending / C-C-O bending,delta(O9-C8-H16),angle,0.032147470589090156,-,-0.001999086209992556,0.22645360898683478
10,196.5779835872665,,,mixed C-C-C bending / C-C-O bending,delta(H10-C1-H11),angle,0.019520348644912765,-,-0.0011583800681134833,0.40952545667995893
10,196.5779835872665,,,mixed C-C-C bending / C-C-O bending,tau(H16-C8-O9-C7),dihedral,0.016587672579581943,-,-0.0017379990901309978,0.15459016127646946
10,196.5779835872665,,,mixed C-C-C bending / C-C-O bending,nu(C7-H14),bond,0.015033379834229183,-,-0.0011021754689007524,0.3483779301496586
10,196.5779835872665,,,mixed C-C-C bending / C-C-O bending,tau(H15-C8-O9-C7),dihedral,0.011711855745821575,-,-0.0014858000145421923,0.14934836877361438
10,196.5779835872665,,,mixed C-C-C bending / C-C-O bending,delta(O9-C8-H15),angle,0.009929339131473414,+,0.0011123420649844702,0.22591189957815877
10,196.5779835872665,,,mixed C-C-C bending / C-C-O bending,nu(C7-C8),bond,0.009323127506332777,-,-0.0008565643236751753,0.35771499490439007
10,196.5779835872665,,,mixed C-C-C bending / C-C-O bending,nu(C3-H13),bond,0.006987660179438909,-,-0.0008050128631334628,0.3035439784651939
10,196.5779835872665,,,mixed C-C-C bending / C-C-O bending,nu(C5-N6),bond,0.006626019476356787,+,0.00038445281824698674,1.2620079646923392
10,196.5779835872665,,,mixed C-C-C bending / C-C-O bending,nu(C2-C3),bond,0.006414282402569447,+,0.0008961251433514096,0.22485690906594918
10,196.5779835872665,,,mixed C-C-C bending / C-C-O bending,delta(C2-C1-H12),angle,0.0034035743534511728,-,-0.0004702246202185937,0.4333312396216148
10,196.5779835872665,,,mixed C-C-C bending / C-C-O bending,nu(C8-H15),bond,0.003274712467513231,-,-0.0005137524470332166,0.3492696522347172
10,196.5779835872665,,,mixed C-C-C bending / C-C-O bending,nu(C8-H16),bond,0.0031185455938256917,-,-0.0005001666509089019,0.3509280802784062
10,196.5779835872665,,,mixed C-C-C bending / C-C-O bending,nu(C1-H12),bond,0.002630245465481099,+,0.0004665649403492893,0.34014771984390524
10,196.5779835872665,,,mixed C-C-C bending / C-C-O bending,nu(C1-H11),bond,0.002175293796669946,+,0.0004220067118321741,0.3438544825310618
10,196.5779835872665,,,mixed C-C-C bending / C-C-O bending,delta(H11-C1-H12),angle,0.0015806023354279517,-,-0.0003356100985090718,0.39504635969426727
10,196.5779835872665,,,mixed C-C-C bending / C-C-O bending,nu(C3-O4),bond,0.0007792478690602486,-,-0.00015813193845641666,0.8772672552439119
10,196.5779835872665,,,mixed C-C-C bending / C-C-O bending,nu(C1-H10),bond,0.0002655468322097428,-,-0.0001482256992665503,0.34024331001250363
10,196.5779835872665,,,mixed C-C-C bending / C-C-O bending,nu(C2-C5),bond,0.0002339302379428655,-,-0.00014642911945582121,0.30713332855890746
11,236.08109331100528,,,C-C torsion,tau(H11-C1-C2-C3),dihedral,54.59088814288439,-,-0.2857675317767746,0.3247546831827063
11,236.08109331100528,,,C-C torsion,tau(H10-C1-C2-C5),dihedral,43.76122799377804,-,-0.25870413734896897,0.3176462861302484
11,236.08109331100528,,,C-C torsion,delta(C1-C2-C3),angle,0.596141661411769,+,0.02365732243783069,0.5174630280054322
11,236.08109331100528,,,C-C torsion,delta(C1-C2-C7),angle,0.3862977914089031,-,-0.01869828853860847,0.5367592543463449
11,236.08109331100528,,,C-C torsion,delta(C2-C7-O9),angle,0.1497389606613114,-,-0.015368121699820205,0.3080025148114132
11,236.08109331100528,,,C-C torsion,delta(C2-C3-O4),angle,0.1462618446783575,-,-0.013482033822690812,0.3909140249669613
11,236.08109331100528,,,C-C torsion,delta(C2-C1-H11),angle,0.13810248885061593,-,-0.014495748065963168,0.31928702534045783
11,236.08109331100528,,,C-C torsion,delta(C3-C2-C7),angle,0.11631365083297505,-,-0.01003062689104267,0.5616109478032196
11,236.08109331100528,,,C-C torsion,delta(C2-C1-H12),angle,0.02308624754450678,+,0.005087415274046397,0.4333312396216148
11,236.08109331100528,,,C-C torsion,delta_lin2(C2-C5-N6),linbend2,0.015770388259633606,-,-0.009963644492789027,0.07717328181589451
11,236.08109331100528,,,C-C torsion,delta(C2-C7-H14),angle,0.01495391915350181,+,0.005225377117661895,0.26606073120081736
11,236.08109331100528,,,C-C torsion,"gamma(O4;C3,C2,H13)",oop,0.012452482092664642,-,-0.007469670541405688,0.10842116305321652
11,236.08109331100528,,,C-C torsion,delta(H10-C1-H12),angle,0.007325980453989447,+,0.003013057408866534,0.3920233835726058
11,236.08109331100528,,,C-C torsion,nu(C3-O4),bond,0.004500597501323446,+,0.001578700123134243,0.8772672552439119
11,236.08109331100528,,,C-C torsion,tau(C2-C7-O9-C8),dihedral,0.004314718499454606,-,-0.002661908785581645,0.2958197445613641
11,236.08109331100528,,,C-C torsion,nu(C2-C3),bond,0.004278245514018346,-,-0.003040256661215289,0.22485690906594918
11,236.08109331100528,,,C-C torsion,delta(H11-C1-H12),angle,0.0038235062878977633,+,0.0021683899581028607,0.39504635969426727
11,236.08109331100528,,,C-C torsion,tau(C7-C2-C3-H13),dihedral,0.0036780906466376637,+,0.01711831940169226,0.006097631958842238
11,236.08109331100528,,,C-C torsion,nu(C1-H12),bond,0.0031545147341412896,-,-0.0021225748458699183,0.34014771984390524
11,236.08109331100528,,,C-C torsion,tau(C3-C2-C7-O9),dihedral,0.002757689347293382,-,-0.002881007661360088,0.16140520854966225
11,236.08109331100528,,,C-C torsion,nu(C2-C7),bond,0.0027456344429432457,-,-0.002235702176701746,0.266855307641462
11,236.08109331100528,,,C-C torsion,nu(C7-O9),bond,0.0024045714771442554,-,-0.002060615480113851,0.2751090044314047
11,236.08109331100528,,,C-C torsion,delta(C1-C2-C5),angle,0.0021851971735016205,+,0.0018064555258361674,0.32530977442154063
11,236.08109331100528,,,C-C torsion,nu(C7-C8),bond,0.0017066822896920346,-,-0.0015224333300978175,0.35771499490439007
11,236.08109331100528,,,C-C torsion,tau(C1-C2-C7-H14),dihedral,0.001421038233113111,+,0.002148000393261995,0.14962290410311005
11,236.08109331100528,,,C-C torsion,nu(C1-H11),bond,0.0008539297726282913,+,0.001098384126086061,0.3438544825310618
11,236.08109331100528,,,C-C torsion,nu(C8-O9),bond,0.0006081822800674179,+,0.0010627270620133951,0.2616081760262354
11,236.08109331100528,,,C-C torsion,nu(C3-H13),bond,0.0005537160560910616,-,-0.0009413763047795585,0.3035439784651939
11,236.08109331100528,,,C-C torsion,tau(H15-C8-O9-C7),dihedral,0.0005236036769311836,-,-0.0013050634209490518,0.14934836877361438
11,236.08109331100528,,,C-C torsion,delta(H10-C1-H11),angle,0.0003789124561135873,-,-0.0006704393626675517,0.40952545667995893
11,236.08109331100528,,,C-C torsion,delta(O4-C3-H13),angle,0.0003197698351949798,+,0.0007217217837907232,0.2982351963672958
11,236.08109331100528,,,C-C torsion,tau(H16-C8-O9-C7),dihedral,0.0002573878618297508,-,-0.0008993601099317316,0.15459016127646946
11,236.08109331100528,,,C-C torsion,nu(C7-H14),bond,0.0002443083426424297,-,-0.0005836793740937877,0.3483779301496586
11,236.08109331100528,,,C-C torsion,nu(C1-H10),bond,0.0002322248500027525,+,0.0005758243993697475,0.34024331001250363
11,236.08109331100528,,,C-C torsion,delta(O9-C8-H15),angle,0.00015876768771774617,-,-0.0005843082541043696,0.22591189957815877
11,236.08109331100528,,,C-C torsion,nu(C2-C5),bond,0.00014014230196463686,+,0.00047081649004658836,0.30713332855890746
11,236.08109331100528,,,C-C torsion,nu(C1-C2),bond,0.0001319629265115406,+,0.000507683208584721,0.2487295415383795
11,236.08109331100528,,,C-C torsion,nu(C5-N6),bond,2.5709532746473056e-05,+,9.94824698712565e-05,1.2620079646923392
11,236.08109331100528,,,C-C torsion,delta_lin1(C2-C5-N6),linbend1,2.2180855507928372e-05,-,-0.0003604391285038217,0.08294218288781345
11,236.08109331100528,,,C-C torsion,nu(C8-H15),bond,1.3607498949313845e-05,-,-0.00013757491208064564,0.3492696522347172
11,236.08109331100528,,,C-C torsion,nu(C8-H16),bond,3.416871715405776e-06,-,-6.877582230643455e-05,0.3509280802784062
11,236.08109331100528,,,C-C torsion,delta(O9-C8-H16),angle,1.3903555506891826e-07,+,1.7270456986635656e-05,0.22645360898683478
12,261.5254562002801,,,mixed C-C torsion / C-C-C bending,tau(H10-C1-C2-C5),dihedral,37.37551209896004,+,0.10346599836926465,0.3176462861302484
12,261.5254562002801,,,mixed C-C torsion / C-C-C bending,delta(C1-C2-C7),angle,25.621424993937744,-,-0.0659003676577754,0.5367592543463449
12,261.5254562002801,,,mixed C-C torsion / C-C-C bending,tau(C2-C7-O9-C8),dihedral,7.992012492211715,-,-0.04957816699361483,0.2958197445613641
12,261.5254562002801,,,mixed C-C torsion / C-C-C bending,delta(C1-C2-C3),angle,5.08281107995472,+,0.0298942931523174,0.5174630280054322
12,261.5254562002801,,,mixed C-C torsion / C-C-C bending,delta(C1-C2-C5),angle,4.7320902410910035,+,0.03637926501336541,0.32530977442154063
12,261.5254562002801,,,mixed C-C torsion / C-C-C bending,tau(H11-C1-C2-C3),dihedral,4.507357831700746,+,0.03553524181860585,0.3247546831827063
12,261.5254562002801,,,mixed C-C torsion / C-C-C bending,delta(C3-C2-C7),angle,3.56216677604754,-,-0.024022340006590533,0.5616109478032196
12,261.5254562002801,,,mixed C-C torsion / C-C-C bending,delta(C2-C3-O4),angle,2.2435527618803723,-,-0.022850909243907987,0.3909140249669613
12,261.5254562002801,,,mixed C-C torsion / C-C-C bending,tau(C1-C2-C7-H14),dihedral,2.207416454738164,-,-0.03663692923417865,0.14962290410311005
12,261.5254562002801,,,mixed C-C torsion / C-C-C bending,delta(C2-C1-H12),angle,1.5328105354341732,+,0.017939494717573494,0.4333312396216148
12,261.5254562002801,,,mixed C-C torsion / C-C-C bending,delta_lin1(C2-C5-N6),linbend1,1.4655903358149374,+,0.04009539844270784,0.08294218288781345
12,261.5254562002801,,,mixed C-C torsion / C-C-C bending,delta(C2-C7-O9),angle,0.9379464996976915,-,-0.0166451560114919,0.3080025148114132
12,261.5254562002801,,,mixed C-C torsion / C-C-C bending,delta(C2-C7-H14),angle,0.7543508768723503,-,-0.01606098873204551,0.26606073120081736
12,261.5254562002801,,,mixed C-C torsion / C-C-C bending,tau(C3-C2-C7-O9),dihedral,0.44906360947182694,+,0.01591003468900317,0.16140520854966225
12,261.5254562002801,,,mixed C-C torsion / C-C-C bending,nu(C7-C8),bond,0.22660265816547245,-,-0.007591714985175632,0.35771499490439007
12,261.5254562002801,,,mixed C-C torsion / C-C-C bending,delta_lin2(C2-C5-N6),linbend2,0.18769801033717867,+,0.014875525532634762,0.07717328181589451
12,261.5254562002801,,,mixed C-C torsion / C-C-C bending,nu(C7-O9),bond,0.146508397043257,-,-0.006960730566067637,0.2751090044314047
12,261.5254562002801,,,mixed C-C torsion / C-C-C bending,nu(C2-C3),bond,0.14636453000472585,-,-0.00769556960817381,0.22485690906594918
12,261.5254562002801,,,mixed C-C torsion / C-C-C bending,nu(C2-C7),bond,0.11832940598499175,-,-0.006351618242810578,0.266855307641462
12,261.5254562002801,,,mixed C-C torsion / C-C-C bending,"gamma(O4;C3,C2,H13)",oop,0.09450680222304045,-,-0.008905339301971064,0.10842116305321652
12,261.5254562002801,,,mixed C-C torsion / C-C-C bending,delta(C2-C1-H11),angle,0.08680056320157767,-,-0.004973322288937616,0.31928702534045783
12,261.5254562002801,,,mixed C-C torsion / C-C-C bending,tau(H15-C8-O9-C7),dihedral,0.08495031389053152,+,0.007193797689414696,0.14934836877361438
12,261.5254562002801,,,mixed C-C torsion / C-C-C bending,tau(H16-C8-O9-C7),dihedral,0.07374812990423331,+,0.0065881055524419675,0.15459016127646946
12,261.5254562002801,,,mixed C-C torsion / C-C-C bending,delta(H11-C1-H12),angle,0.07367251638578719,+,0.004119122309814386,0.39504635969426727
12,261.5254562002801,,,mixed C-C torsion / C-C-C bending,nu(C2-C5),bond,0.06695531974122063,+,0.004453536732952237,0.30713332855890746
12,261.5254562002801,,,mixed C-C torsion / C-C-C bending,nu(C8-O9),bond,0.06038086030339566,+,0.004582473473507603,0.2616081760262354
12,261.5254562002801,,,mixed C-C torsion / C-C-C bending,delta(H10-C1-H11),angle,0.04789579575279497,-,-0.0032620019229628867,0.40952545667995893
12,261.5254562002801,,,mixed C-C torsion / C-C-C bending,delta(O4-C3-H13),angle,0.028463360913174765,+,0.0029467250146315333,0.2982351963672958
12,261.5254562002801,,,mixed C-C torsion / C-C-C bending,nu(C5-N6),bond,0.02528436438399775,+,0.0013501155526724042,1.2620079646923392
12,261.5254562002801,,,mixed C-C torsion / C-C-C bending,nu(C3-O4),bond,0.023680063003940398,+,0.0015671170473240187,0.8772672552439119
12,261.5254562002801,,,mixed C-C torsion / C-C-C bending,delta(O9-C8-H15),angle,0.01639858788541275,-,-0.002569861037666312,0.22591189957815877
12,261.5254562002801,,,mixed C-C torsion / C-C-C bending,tau(C7-C2-C3-H13),dihedral,0.012903194061120338,+,0.013875351011195443,0.006097631958842238
12,261.5254562002801,,,mixed C-C torsion / C-C-C bending,nu(C1-C2),bond,0.009255506539954942,-,-0.0018399769357538161,0.2487295415383795
12,261.5254562002801,,,mixed C-C torsion / C-C-C bending,nu(C3-H13),bond,0.002771371906355072,-,-0.0009114074240352488,0.3035439784651939
12,261.5254562002801,,,mixed C-C torsion / C-C-C bending,delta(O9-C8-H16),angle,0.0009129553382094126,+,0.0006056352028000783,0.22645360898683478
12,261.5254562002801,,,mixed C-C torsion / C-C-C bending,nu(C1-H12),bond,0.0006201632882750356,-,-0.0004072819962421676,0.34014771984390524
12,261.5254562002801,,,mixed C-C torsion / C-C-C bending,nu(C8-H16),bond,0.00042437453289823746,-,-0.00033169701579883234,0.3509280802784062
12,261.5254562002801,,,mixed C-C torsion / C-C-C bending,nu(C8-H15),bond,0.0003359005103388671,+,0.0002958018417758155,0.3492696522347172
12,261.5254562002801,,,mixed C-C torsion / C-C-C bending,delta(H10-C1-H12),angle,0.00018659776830038408,+,0.0002081005385171339,0.3920233835726058
12,261.5254562002801,,,mixed C-C torsion / C-C-C bending,nu(C1-H11),bond,0.00012980317902102007,-,-0.00018532383860820524,0.3438544825310618
12,261.5254562002801,,,mixed C-C torsion / C-C-C bending,nu(C7-H14),bond,7.621171970873525e-05,-,-0.00014107872670288704,0.3483779301496586
12,261.5254562002801,,,mixed C-C torsion / C-C-C bending,nu(C1-H10),bond,3.765421807553557e-05,-,-0.00010034320933463841,0.34024331001250363
13,288.27853214344015,,,mixed C-C torsion / C-C-C bending,delta(C1-C2-C3),angle,39.65789192064561,+,0.0960176492180335,0.5174630280054322
13,288.27853214344015,,,mixed C-C torsion / C-C-C bending,tau(H10-C1-C2-C5),dihedral,18.52455327997224,+,0.08375830889428064,0.3176462861302484
13,288.27853214344015,,,mixed C-C torsion / C-C-C bending,tau(H11-C1-C2-C3),dihedral,17.673979085599193,+,0.08091245461177797,0.3247546831827063
13,288.27853214344015,,,mixed C-C torsion / C-C-C bending,tau(C3-C2-C7-O9),dihedral,6.380792686772608,-,-0.06896114503994524,0.16140520854966225
13,288.27853214344015,,,mixed C-C torsion / C-C-C bending,tau(C1-C2-C7-H14),dihedral,3.720748470365843,+,0.05469429583140445,0.14962290410311005
13,288.27853214344015,,,mixed C-C torsion / C-C-C bending,tau(C2-C7-O9-C8),dihedral,3.401478325598216,+,0.03719171408124606,0.2958197445613641
13,288.27853214344015,,,mixed C-C torsion / C-C-C bending,delta(C1-C2-C5),angle,2.652723030147139,-,-0.03132011276319019,0.32530977442154063
13,288.27853214344015,,,mixed C-C torsion / C-C-C bending,"gamma(O4;C3,C2,H13)",oop,1.565150889863735,-,-0.04167225430525887,0.10842116305321652
13,288.27853214344015,,,mixed C-C torsion / C-C-C bending,tau(C7-C2-C3-H13),dihedral,1.227326618695982,+,0.15560566081522423,0.006097631958842238
13,288.27853214344015,,,mixed C-C torsion / C-C-C bending,delta(C2-C7-O9),angle,1.0952817735886595,-,-0.02068291363326139,0.3080025148114132
13,288.27853214344015,,,mixed C-C torsion / C-C-C bending,delta(C2-C1-H11),angle,0.8822638492764652,-,-0.018232008983457358,0.31928702534045783
13,288.27853214344015,,,mixed C-C torsion / C-C-C bending,delta(C2-C7-H14),angle,0.7822281919249446,+,0.01880625243203941,0.26606073120081736
13,288.27853214344015,,,mixed C-C torsion / C-C-C bending,delta(C3-C2-C7),angle,0.7576810292630899,-,-0.012739469504886351,0.5616109478032196
13,288.27853214344015,,,mixed C-C torsion / C-C-C bending,delta_lin2(C2-C5-N6),linbend2,0.43263949279886915,-,-0.02596901726830936,0.07717328181589451
13,288.27853214344015,,,mixed C-C torsion / C-C-C bending,delta_lin1(C2-C5-N6),linbend1,0.3123918108217515,-,-0.021285703538181704,0.08294218288781345
13,288.27853214344015,,,mixed C-C torsion / C-C-C bending,nu(C2-C7),bond,0.14328487179311838,-,-0.008036892632378879,0.266855307641462
13,288.27853214344015,,,mixed C-C torsion / C-C-C bending,delta(C2-C1-H12),angle,0.1121898412938183,+,0.005580751524422456,0.4333312396216148
13,288.27853214344015,,,mixed C-C torsion / C-C-C bending,nu(C2-C3),bond,0.10408616213304522,+,0.007462241481066707,0.22485690906594918
13,288.27853214344015,,,mixed C-C torsion / C-C-C bending,delta(C1-C2-C7),angle,0.09127452460129869,-,-0.0045228370245253965,0.5367592543463449
13,288.27853214344015,,,mixed C-C torsion / C-C-C bending,tau(H15-C8-O9-C7),dihedral,0.09104387348177345,-,-0.008563494850452259,0.14934836877361438
13,288.27853214344015,,,mixed C-C torsion / C-C-C bending,tau(H16-C8-O9-C7),dihedral,0.06843926897972553,-,-0.0072977280484745905,0.15459016127646946
13,288.27853214344015,,,mixed C-C torsion / C-C-C bending,nu(C7-O9),bond,0.05840012007986773,-,-0.005053361726715826,0.2751090044314047
13,288.27853214344015,,,mixed C-C torsion / C-C-C bending,nu(C7-C8),bond,0.0558966184477968,-,-0.004335609051090533,0.35771499490439007
13,288.27853214344015,,,mixed C-C torsion / C-C-C bending,nu(C2-C5),bond,0.048130318869239304,-,-0.004341820007620225,0.30713332855890746
13,288.27853214344015,,,mixed C-C torsion / C-C-C bending,nu(C5-N6),bond,0.03602335723107943,-,-0.0018530492576761095,1.2620079646923392
13,288.27853214344015,,,mixed C-C torsion / C-C-C bending,delta(H10-C1-H12),angle,0.034856468596918926,+,0.003270480964325381,0.3920233835726058
13,288.27853214344015,,,mixed C-C torsion / C-C-C bending,nu(C8-O9),bond,0.029686736926016838,+,0.0036947196885977127,0.2616081760262354
13,288.27853214344015,,,mixed C-C torsion / C-C-C bending,delta(O4-C3-H13),angle,0.024720210672968243,-,-0.003157712274972116,0.2982351963672958
13,288.27853214344015,,,mixed C-C torsion / C-C-C bending,nu(C3-O4),bond,0.012439531565852804,+,0.0013060565241708026,0.8772672552439119
13,288.27853214344015,,,mixed C-C torsion / C-C-C bending,nu(C1-C2),bond,0.01087013885912318,-,-0.0022928718405613863,0.2487295415383795
13,288.27853214344015,,,mixed C-C torsion / C-C-C bending,nu(C8-H15),bond,0.0028721726239544316,-,-0.000994605285156607,0.3492696522347172
13,288.27853214344015,,,mixed C-C torsion / C-C-C bending,delta(C2-C3-O4),angle,0.002661250399558401,-,-0.0009049574571986579,0.3909140249669613
13,288.27853214344015,,,mixed C-C torsion / C-C-C bending,delta(H11-C1-H12),angle,0.001533430940506937,-,-0.0006833355233492503,0.39504635969426727
13,288.27853214344015,,,mixed C-C torsion / C-C-C bending,nu(C1-H10),bond,0.001149393020034019,-,-0.0006374782910526178,0.34024331001250363
13,288.27853214344015,,,mixed C-C torsion / C-C-C bending,nu(C3-H13),bond,0.0007947107116679263,-,-0.0005612025577759432,0.3035439784651939
13,288.27853214344015,,,mixed C-C torsion / C-C-C bending,delta(O9-C8-H15),angle,0.0006079637155900471,-,-0.000568977635224812,0.22591189957815877
13,288.27853214344015,,,mixed C-C torsion / C-C-C bending,nu(C1-H11),bond,0.0005394329294845053,+,0.00043441748938225367,0.3438544825310618
13,288.27853214344015,,,mixed C-C torsion / C-C-C bending,nu(C7-H14),bond,0.0005165149212567763,-,-0.0004223203784038674,0.3483779301496586
13,288.27853214344015,,,mixed C-C torsion / C-C-C bending,delta(O9-C8-H16),angle,0.0004852662436011251,-,-0.0005077224148386891,0.22645360898683478
13,288.27853214344015,,,mixed C-C torsion / C-C-C bending,nu(C8-H16),bond,0.00018896740036811644,-,-0.0002545131952523405,0.3509280802784062
13,288.27853214344015,,,mixed C-C torsion / C-C-C bending,nu(C1-H12),bond,0.0001757426523140911,-,-0.00024930484895541557,0.34014771984390524
13,288.27853214344015,,,mixed C-C torsion / C-C-C bending,delta(H10-C1-H11),angle,2.6555756777210573e-06,-,-2.792960597781604e-05,0.40952545667995893
14,378.68779577179004,,,mixed C-C-O bending / C-C-C bending / C-C torsion,delta(C2-C7-O9),angle,23.02817753491063,+,0.0802818392867717,0.3080025148114132
14,378.68779577179004,,,mixed C-C-O bending / C-C-C bending / C-C torsion,delta(C1-C2-C3),angle,15.066382609323991,+,0.05009905036492707,0.5174630280054322
14,378.68779577179004,,,mixed C-C-O bending / C-C-C bending / C-C torsion,tau(H11-C1-C2-C3),dihedral,9.111938093578653,-,-0.049180430892406195,0.3247546831827063
14,378.68779577179004,,,mixed C-C-O bending / C-C-C bending / C-C torsion,delta_lin2(C2-C5-N6),linbend2,8.781067822413807,+,0.09903867962305088,0.07717328181589451
14,378.68779577179004,,,mixed C-C-O bending / C-C-C bending / C-C torsion,delta(C2-C3-O4),angle,7.293849303638615,+,0.040105360788892895,0.3909140249669613
14,378.68779577179004,,,mixed C-C-O bending / C-C-C bending / C-C torsion,nu(C2-C3),bond,6.550568761458574,+,0.050113074400043846,0.22485690906594918
14,378.68779577179004,,,mixed C-C-O bending / C-C-C bending / C-C torsion,delta(C2-C7-H14),angle,6.051636234476556,-,-0.044280312551435635,0.26606073120081736
14,378.68779577179004,,,mixed C-C-O bending / C-C-C bending / C-C torsion,tau(H10-C1-C2-C5),dihedral,5.3652690597575345,-,-0.03815825645958293,0.3176462861302484
14,378.68779577179004,,,mixed C-C-O bending / C-C-C bending / C-C torsion,tau(C2-C7-O9-C8),dihedral,3.5157993296801044,-,-0.03200833775971013,0.2958197445613641
14,378.68779577179004,,,mixed C-C-O bending / C-C-C bending / C-C torsion,delta_lin1(C2-C5-N6),linbend1,3.409217444363521,+,0.05952566844376186,0.08294218288781345
14,378.68779577179004,,,mixed C-C-O bending / C-C-C bending / C-C torsion,nu(C2-C7),bond,2.494077955825151,+,0.028384532773087185,0.266855307641462
14,378.68779577179004,,,mixed C-C-O bending / C-C-C bending / C-C torsion,delta(C1-C2-C7),angle,2.182638340528096,-,-0.018722583665233702,0.5367592543463449
14,378.68779577179004,,,mixed C-C-O bending / C-C-C bending / C-C torsion,tau(C1-C2-C7-H14),dihedral,1.9389384944075942,+,0.0334231699332733,0.14962290410311005
14,378.68779577179004,,,mixed C-C-O bending / C-C-C bending / C-C torsion,delta(C2-C1-H11),angle,0.8228910376041921,-,-0.014905453406641234,0.31928702534045783
14,378.68779577179004,,,mixed C-C-O bending / C-C-C bending / C-C torsion,"gamma(O4;C3,C2,H13)",oop,0.8010619885095199,-,-0.02523717224745168,0.10842116305321652
14,378.68779577179004,,,mixed C-C-O bending / C-C-C bending / C-C torsion,delta(O4-C3-H13),angle,0.6503532738001483,-,-0.01371070788774609,0.2982351963672958
14,378.68779577179004,,,mixed C-C-O bending / C-C-C bending / C-C torsion,nu(C7-O9),bond,0.5451144204697284,+,0.013069413340332606,0.2751090044314047
14,378.68779577179004,,,mixed C-C-O bending / C-C-C bending / C-C torsion,delta(C2-C1-H12),angle,0.49698455516661816,+,0.009943198444941428,0.4333312396216148
14,378.68779577179004,,,mixed C-C-O bending / C-C-C bending / C-C torsion,tau(C7-C2-C3-H13),dihedral,0.4572865979711179,+,0.08040411820985165,0.006097631958842238
14,378.68779577179004,,,mixed C-C-O bending / C-C-C bending / C-C torsion,nu(C1-C2),bond,0.287109603885011,+,0.009975274049616293,0.2487295415383795
14,378.68779577179004,,,mixed C-C-O bending / C-C-C bending / C-C torsion,tau(C3-C2-C7-O9),dihedral,0.2038295128173384,-,-0.010433725845653942,0.16140520854966225
14,378.68779577179004,,,mixed C-C-O bending / C-C-C bending / C-C torsion,tau(H16-C8-O9-C7),dihedral,0.17506019676405238,+,0.009880238803727142,0.15459016127646946
14,378.68779577179004,,,mixed C-C-O bending / C-C-C bending / C-C torsion,tau(H15-C8-O9-C7),dihedral,0.17016588083837766,+,0.00991061629018625,0.14934836877361438
14,378.68779577179004,,,mixed C-C-O bending / C-C-C bending / C-C torsion,delta(C1-C2-C5),angle,0.1070322684434659,-,-0.00532566039780943,0.32530977442154063
14,378.68779577179004,,,mixed C-C-O bending / C-C-C bending / C-C torsion,nu(C7-C8),bond,0.1010704783016474,+,0.004935239670908414,0.35771499490439007
14,378.68779577179004,,,mixed C-C-O bending / C-C-C bending / C-C torsion,delta(C3-C2-C7),angle,0.09874303432106109,-,-0.003893140813893698,0.5616109478032196
14,378.68779577179004,,,mixed C-C-O bending / C-C-C bending / C-C torsion,nu(C2-C5),bond,0.0631983799958087,+,0.004211668302817384,0.30713332855890746
14,378.68779577179004,,,mixed C-C-O bending / C-C-C bending / C-C torsion,delta(O9-C8-H16),angle,0.0379508990051013,-,-0.0038008967422636618,0.22645360898683478
14,378.68779577179004,,,mixed C-C-O bending / C-C-C bending / C-C torsion,delta(O9-C8-H15),angle,0.03786742989475127,+,0.003801263905796005,0.22591189957815877
14,378.68779577179004,,,mixed C-C-O bending / C-C-C bending / C-C torsion,delta(H10-C1-H11),angle,0.034046943744800204,-,-0.0026770918718531976,0.40952545667995893
14,378.68779577179004,,,mixed C-C-O bending / C-C-C bending / C-C torsion,nu(C8-O9),bond,0.032401135191223104,-,-0.0032675264907881096,0.2616081760262354
14,378.68779577179004,,,mixed C-C-O bending / C-C-C bending / C-C torsion,delta(H10-C1-H12),angle,0.025062519314584204,+,0.002347583435491397,0.3920233835726058
14,378.68779577179004,,,mixed C-C-O bending / C-C-C bending / C-C torsion,nu(C3-O4),bond,0.024183761023296706,+,0.0015415606722556214,0.8772672552439119
14,378.68779577179004,,,mixed C-C-O bending / C-C-C bending / C-C torsion,nu(C7-H14),bond,0.012766129512722877,+,0.00177733366186343,0.3483779301496586
14,378.68779577179004,,,mixed C-C-O bending / C-C-C bending / C-C torsion,nu(C5-N6),bond,0.009864430759468135,+,0.0008208610088001015,1.2620079646923392
14,378.68779577179004,,,mixed C-C-O bending / C-C-C bending / C-C torsion,nu(C8-H15),bond,0.006315563483971344,+,0.0012485050034789036,0.3492696522347172
14,378.68779577179004,,,mixed C-C-O bending / C-C-C bending / C-C torsion,nu(C1-H11),bond,0.005115248924484186,+,0.0011324282679245146,0.3438544825310618
14,378.68779577179004,,,mixed C-C-O bending / C-C-C bending / C-C torsion,delta(H11-C1-H12),angle,0.0017113115739851071,-,-0.0006110899934507815,0.39504635969426727
14,378.68779577179004,,,mixed C-C-O bending / C-C-C bending / C-C torsion,nu(C3-H13),bond,0.001681917795927359,+,0.0006911244103332951,0.3035439784651939
14,378.68779577179004,,,mixed C-C-O bending / C-C-C bending / C-C torsion,nu(C1-H12),bond,0.0011842224074044918,-,-0.0005478321501152744,0.34014771984390524
14,378.68779577179004,,,mixed C-C-O bending / C-C-C bending / C-C torsion,nu(C1-H10),bond,0.000264213690138358,-,-0.0002587304366887367,0.34024331001250363
14,378.68779577179004,,,mixed C-C-O bending / C-C-C bending / C-C torsion,nu(C8-H16),bond,0.00012206042721829361,+,0.00017315819220003177,0.3509280802784062
15,442.443391991143,,,mixed cyclic-ring torsional/out-of-plane deformation / C-C-C bending,tau(C2-C7-O9-C8),dihedral,33.81244487908836,+,0.1126196534983258,0.2958197445613641
15,442.443391991143,,,mixed cyclic-ring torsional/out-of-plane deformation / C-C-C bending,delta(C1-C2-C7),angle,22.35583041763798,-,-0.06798218378243115,0.5367592543463449
15,442.443391991143,,,mixed cyclic-ring torsional/out-of-plane deformation / C-C-C bending,delta(C1-C2-C5),angle,5.376519551971268,+,0.04282442465132572,0.32530977442154063
15,442.443391991143,,,mixed cyclic-ring torsional/out-of-plane deformation / C-C-C bending,tau(H11-C1-C2-C3),dihedral,4.755346597570138,-,-0.040309077142274455,0.3247546831827063
15,442.443391991143,,,mixed cyclic-ring torsional/out-of-plane deformation / C-C-C bending,delta(C2-C7-O9),angle,4.00884289311942,+,0.03800334860296006,0.3080025148114132
15,442.443391991143,,,mixed cyclic-ring torsional/out-of-plane deformation / C-C-C bending,delta(C2-C1-H12),angle,3.6717366078191165,+,0.030663042048906148,0.4333312396216148
15,442.443391991143,,,mixed cyclic-ring torsional/out-of-plane deformation / C-C-C bending,delta(C2-C3-O4),angle,3.630435731196427,+,0.03210171456530599,0.3909140249669613
15,442.443391991143,,,mixed cyclic-ring torsional/out-of-plane deformation / C-C-C bending,delta_lin1(C2-C5-N6),linbend1,3.2087594243413355,-,-0.06551946258583248,0.08294218288781345
15,442.443391991143,,,mixed cyclic-ring torsional/out-of-plane deformation / C-C-C bending,nu(C7-C8),bond,3.098995855554612,-,-0.03100497627565911,0.35771499490439007
15,442.443391991143,,,mixed cyclic-ring torsional/out-of-plane deformation / C-C-C bending,nu(C2-C5),bond,3.0386360942228605,+,0.033133350244000034,0.30713332855890746
15,442.443391991143,,,mixed cyclic-ring torsional/out-of-plane deformation / C-C-C bending,delta(C1-C2-C3),angle,2.4383923647421093,-,-0.0228666008280908,0.5174630280054322
15,442.443391991143,,,mixed cyclic-ring torsional/out-of-plane deformation / C-C-C bending,tau(H15-C8-O9-C7),dihedral,1.529407388995458,-,-0.03370938495843666,0.14934836877361438
15,442.443391991143,,,mixed cyclic-ring torsional/out-of-plane deformation / C-C-C bending,tau(H16-C8-O9-C7),dihedral,1.285277599313135,-,-0.030373652679058907,0.15459016127646946
15,442.443391991143,,,mixed cyclic-ring torsional/out-of-plane deformation / C-C-C bending,delta(C3-C2-C7),angle,0.978756687397089,+,0.013906219080861966,0.5616109478032196
15,442.443391991143,,,mixed cyclic-ring torsional/out-of-plane deformation / C-C-C bending,nu(C2-C3),bond,0.8795066710770505,+,0.020833197411096224,0.22485690906594918
15,442.443391991143,,,mixed cyclic-ring torsional/out-of-plane deformation / C-C-C bending,nu(C1-C2),bond,0.8502468624383791,-,-0.019475934833647,0.2487295415383795
15,442.443391991143,,,mixed cyclic-ring torsional/out-of-plane deformation / C-C-C bending,nu(C2-C7),bond,0.8036210036807626,-,-0.018280042258848637,0.266855307641462
15,442.443391991143,,,mixed cyclic-ring torsional/out-of-plane deformation / C-C-C bending,nu(C8-O9),bond,0.7075864312441604,+,0.017324215210189974,0.2616081760262354
15,442.443391991143,,,mixed cyclic-ring torsional/out-of-plane deformation / C-C-C bending,tau(C7-C2-C3-H13),dihedral,0.537977132894232,-,-0.09894430051747241,0.006097631958842238
15,442.443391991143,,,mixed cyclic-ring torsional/out-of-plane deformation / C-C-C bending,tau(C1-C2-C7-H14),dihedral,0.513642154353594,-,-0.019517346296724695,0.14962290410311005
15,442.443391991143,,,mixed cyclic-ring torsional/out-of-plane deformation / C-C-C bending,delta(C2-C7-H14),angle,0.4104204145016565,+,0.013083187503792323,0.26606073120081736
15,442.443391991143,,,mixed cyclic-ring torsional/out-of-plane deformation / C-C-C bending,nu(C5-N6),bond,0.34408634618807227,+,0.005500373110779046,1.2620079646923392
15,442.443391991143,,,mixed cyclic-ring torsional/out-of-plane deformation / C-C-C bending,"gamma(O4;C3,C2,H13)",oop,0.3382572626808569,+,0.018606128353300253,0.10842116305321652
15,442.443391991143,,,mixed cyclic-ring torsional/out-of-plane deformation / C-C-C bending,tau(C3-C2-C7-O9),dihedral,0.2945147988819775,-,-0.014229323953398891,0.16140520854966225
15,442.443391991143,,,mixed cyclic-ring torsional/out-of-plane deformation / C-C-C bending,nu(C7-O9),bond,0.19140104394668844,+,0.008786364722411582,0.2751090044314047
15,442.443391991143,,,mixed cyclic-ring torsional/out-of-plane deformation / C-C-C bending,delta(H10-C1-H11),angle,0.18451102437668598,-,-0.007070663785717478,0.40952545667995893
15,442.443391991143,,,mixed cyclic-ring torsional/out-of-plane deformation / C-C-C bending,delta(O4-C3-H13),angle,0.16500760723556895,-,-0.007835415185479894,0.2982351963672958
15,442.443391991143,,,mixed cyclic-ring torsional/out-of-plane deformation / C-C-C bending,delta(O9-C8-H16),angle,0.15191910686683005,-,-0.0086279189053136,0.22645360898683478
15,442.443391991143,,,mixed cyclic-ring torsional/out-of-plane deformation / C-C-C bending,delta(O9-C8-H15),angle,0.10752525414840071,+,0.007267334722664398,0.22591189957815877
15,442.443391991143,,,mixed cyclic-ring torsional/out-of-plane deformation / C-C-C bending,delta(H11-C1-H12),angle,0.09199295523730618,+,0.005083264774987655,0.39504635969426727
15,442.443391991143,,,mixed cyclic-ring torsional/out-of-plane deformation / C-C-C bending,delta_lin2(C2-C5-N6),linbend2,0.08694550916781123,+,0.011180972296674375,0.07717328181589451
15,442.443391991143,,,mixed cyclic-ring torsional/out-of-plane deformation / C-C-C bending,tau(H10-C1-C2-C5),dihedral,0.08083205486752841,+,0.0053138512989031345,0.3176462861302484
15,442.443391991143,,,mixed cyclic-ring torsional/out-of-plane deformation / C-C-C bending,nu(C8-H15),bond,0.03554882434171183,-,-0.0033606375353908142,0.3492696522347172
15,442.443391991143,,,mixed cyclic-ring torsional/out-of-plane deformation / C-C-C bending,nu(C3-O4),bond,0.01578947655009651,+,0.001413212223210662,0.8772672552439119
15,442.443391991143,,,mixed cyclic-ring torsional/out-of-plane deformation / C-C-C bending,nu(C1-H12),bond,0.005065601248785959,-,-0.0012854973820355187,0.34014771984390524
15,442.443391991143,,,mixed cyclic-ring torsional/out-of-plane deformation / C-C-C bending,nu(C7-H14),bond,0.004504758878193121,-,-0.001197843101594317,0.3483779301496586
15,442.443391991143,,,mixed cyclic-ring torsional/out-of-plane deformation / C-C-C bending,delta(H10-C1-H12),angle,0.004175825477329534,-,-0.0010871880292983923,0.3920233835726058
15,442.443391991143,,,mixed cyclic-ring torsional/out-of-plane deformation / C-C-C bending,nu(C1-H10),bond,0.003953587192448167,+,0.001135508374811813,0.34024331001250363
15,442.443391991143,,,mixed cyclic-ring torsional/out-of-plane deformation / C-C-C bending,delta(C2-C1-H11),angle,0.0007857517683088356,-,-0.0005225664536304105,0.31928702534045783
15,442.443391991143,,,mixed cyclic-ring torsional/out-of-plane deformation / C-C-C bending,nu(C3-H13),bond,0.0006478759500841174,+,0.00048665881778984507,0.3035439784651939
15,442.443391991143,,,mixed cyclic-ring torsional/out-of-plane deformation / C-C-C bending,nu(C1-H11),bond,7.744088091890704e-05,+,0.00015808376677059707,0.3438544825310618
15,442.443391991143,,,mixed cyclic-ring torsional/out-of-plane deformation / C-C-C bending,nu(C8-H16),bond,7.513095523596736e-05,+,0.00015413095645356594,0.3509280802784062
16,530.4723337345973,,,mixed C-C-N linear bending / C-C stretching,delta_lin2(C2-C5-N6),linbend2,25.376157550080233,-,-0.17151289613095205,0.07717328181589451
16,530.4723337345973,,,mixed C-C-N linear bending / C-C stretching,nu(C2-C3),bond,19.842533903176047,+,0.08885109435271603,0.22485690906594918
16,530.4723337345973,,,mixed C-C-N linear bending / C-C stretching,tau(H10-C1-C2-C5),dihedral,12.306006602407523,+,0.058871352706079,0.3176462861302484
16,530.4723337345973,,,mixed C-C-N linear bending / C-C stretching,delta_lin1(C2-C5-N6),linbend1,7.209236939458718,+,0.08818084438058048,0.08294218288781345
16,530.4723337345973,,,mixed C-C-N linear bending / C-C stretching,delta(C3-C2-C7),angle,6.892735942218498,-,-0.03313564066919773,0.5616109478032196
16,530.4723337345973,,,mixed C-C-N linear bending / C-C stretching,delta(C2-C3-O4),angle,6.700691005234175,+,0.03915944280432192,0.3909140249669613
16,530.4723337345973,,,mixed C-C-N linear bending / C-C stretching,delta(C1-C2-C5),angle,6.00082613579203,-,-0.04062321578248638,0.32530977442154063
16,530.4723337345973,,,mixed C-C-N linear bending / C-C stretching,nu(C2-C5),bond,5.00786206291603,+,0.038192671706681024,0.30713332855890746
16,530.4723337345973,,,mixed C-C-N linear bending / C-C stretching,nu(C2-C7),bond,1.1022947784209745,-,-0.019223315175611592,0.266855307641462
16,530.4723337345973,,,mixed C-C-N linear bending / C-C stretching,delta(C1-C2-C7),angle,1.068466952182452,+,0.013344678354121942,0.5367592543463449
16,530.4723337345973,,,mixed C-C-N linear bending / C-C stretching,delta(C2-C7-O9),angle,1.0359149019190983,-,-0.017346115866278378,0.3080025148114132
16,530.4723337345973,,,mixed C-C-N linear bending / C-C stretching,delta(O4-C3-H13),angle,1.0058051707860756,-,-0.01736980000987835,0.2982351963672958
16,530.4723337345973,,,mixed C-C-N linear bending / C-C stretching,"gamma(O4;C3,C2,H13)",oop,0.9572337834047481,+,0.028104076046403633,0.10842116305321652
16,530.4723337345973,,,mixed C-C-N linear bending / C-C stretching,tau(C3-C2-C7-O9),dihedral,0.9327509570934212,+,0.02273743198663124,0.16140520854966225
16,530.4723337345973,,,mixed C-C-N linear bending / C-C stretching,nu(C3-O4),bond,0.8396288615354495,+,0.009253266145863677,0.8772672552439119
16,530.4723337345973,,,mixed C-C-N linear bending / C-C stretching,nu(C5-N6),bond,0.6550100123385063,+,0.006814127498562078,1.2620079646923392
16,530.4723337345973,,,mixed C-C-N linear bending / C-C stretching,delta(C2-C1-H12),angle,0.5779132499430434,-,-0.010922917669994266,0.4333312396216148
16,530.4723337345973,,,mixed C-C-N linear bending / C-C stretching,tau(C2-C7-O9-C8),dihedral,0.5371627541809024,-,-0.012745494827665288,0.2958197445613641
16,530.4723337345973,,,mixed C-C-N linear bending / C-C stretching,delta(C1-C2-C3),angle,0.5121335981367925,-,-0.00940955977249854,0.5174630280054322
16,530.4723337345973,,,mixed C-C-N linear bending / C-C stretching,tau(H11-C1-C2-C3),dihedral,0.5043993900249203,-,-0.011787640955205604,0.3247546831827063
16,530.4723337345973,,,mixed C-C-N linear bending / C-C stretching,nu(C1-C2),bond,0.1823712579397536,+,0.00809900833952581,0.2487295415383795
16,530.4723337345973,,,mixed C-C-N linear bending / C-C stretching,tau(C7-C2-C3-H13),dihedral,0.1651771996440087,-,-0.049227953265250514,0.006097631958842238
16,530.4723337345973,,,mixed C-C-N linear bending / C-C stretching,nu(C7-O9),bond,0.12690933573232221,-,-0.006424091481145603,0.2751090044314047
16,530.4723337345973,,,mixed C-C-N linear bending / C-C stretching,delta(C2-C7-H14),angle,0.11106894671985515,+,0.006111154598478995,0.26606073120081736
16,530.4723337345973,,,mixed C-C-N linear bending / C-C stretching,delta(H11-C1-H12),angle,0.09180696871465142,-,-0.004559645995093079,0.39504635969426727
16,530.4723337345973,,,mixed C-C-N linear bending / C-C stretching,tau(H15-C8-O9-C7),dihedral,0.0512155463207847,+,0.00553882950632295,0.14934836877361438
16,530.4723337345973,,,mixed C-C-N linear bending / C-C stretching,tau(C1-C2-C7-H14),dihedral,0.05018199586663339,-,-0.005477624523005325,0.14962290410311005
16,530.4723337345973,,,mixed C-C-N linear bending / C-C stretching,tau(H16-C8-O9-C7),dihedral,0.05000445501125904,+,0.005379361841943685,0.15459016127646946
16,530.4723337345973,,,mixed C-C-N linear bending / C-C stretching,delta(H10-C1-H11),angle,0.029825347916268313,-,-0.002552522867692031,0.40952545667995893
16,530.4723337345973,,,mixed C-C-N linear bending / C-C stretching,delta(O9-C8-H15),angle,0.02966987393045435,-,-0.003427722306815489,0.22591189957815877
16,530.4723337345973,,,mixed C-C-N linear bending / C-C stretching,delta(O9-C8-H16),angle,0.01529599989182008,+,0.002458196787016313,0.22645360898683478
16,530.4723337345973,,,mixed C-C-N linear bending / C-C stretching,nu(C7-C8),bond,0.009635214798693717,+,0.0015523135972406856,0.35771499490439007
16,530.4723337345973,,,mixed C-C-N linear bending / C-C stretching,nu(C8-O9),bond,0.006870973405542298,+,0.0015328540700083647,0.2616081760262354
16,530.4723337345973,,,mixed C-C-N linear bending / C-C stretching,nu(C3-H13),bond,0.006564347154189332,-,-0.0013909204527813909,0.3035439784651939
16,530.4723337345973,,,mixed C-C-N linear bending / C-C stretching,nu(C7-H14),bond,0.00288701561848394,+,0.0008610266295970055,0.3483779301496586
16,530.4723337345973,,,mixed C-C-N linear bending / C-C stretching,nu(C1-H12),bond,0.00202995085149848,+,0.0007306784746389706,0.34014771984390524
16,530.4723337345973,,,mixed C-C-N linear bending / C-C stretching,nu(C1-H11),bond,0.0017229345255163713,+,0.0006695212655459424,0.3438544825310618
16,530.4723337345973,,,mixed C-C-N linear bending / C-C stretching,delta(C2-C1-H11),angle,0.001040118523826545,-,-0.0005398437951710362,0.31928702534045783
16,530.4723337345973,,,mixed C-C-N linear bending / C-C stretching,delta(H10-C1-H12),angle,0.0004568327898944505,-,-0.00032287913557713923,0.3920233835726058
16,530.4723337345973,,,mixed C-C-N linear bending / C-C stretching,nu(C1-H10),bond,0.00037105317998118847,-,-0.00031234935651563577,0.34024331001250363
16,530.4723337345973,,,mixed C-C-N linear bending / C-C stretching,nu(C8-H16),bond,0.00011439870981221713,-,-0.0001707728541537484,0.3509280802784062
16,530.4723337345973,,,mixed C-C-N linear bending / C-C stretching,nu(C8-H15),bond,1.5681505110457666e-05,+,6.337686900899952e-05,0.3492696522347172
17,597.6312981931212,,,mixed C-C-C bending / C-C-N linear bending / C-C stretching,delta(C1-C2-C5),angle,26.95284591768461,-,-0.10274382783785337,0.32530977442154063
17,597.6312981931212,,,mixed C-C-C bending / C-C-N linear bending / C-C stretching,delta_lin1(C2-C5-N6),linbend1,26.16177274145774,+,0.20046928327411537,0.08294218288781345
17,597.6312981931212,,,mixed C-C-C bending / C-C-N linear bending / C-C stretching,nu(C1-C2),bond,12.766578587303147,-,-0.08086778738679722,0.2487295415383795
17,597.6312981931212,,,mixed C-C-C bending / C-C-N linear bending / C-C stretching,delta(C3-C2-C7),angle,6.07605127172368,+,0.03712743241419773,0.5616109478032196
17,597.6312981931212,,,mixed C-C-C bending / C-C-N linear bending / C-C stretching,tau(C2-C7-O9-C8),dihedral,5.354778716935344,+,0.048024092762587386,0.2958197445613641
17,597.6312981931212,,,mixed C-C-C bending / C-C-N linear bending / C-C stretching,nu(C2-C3),bond,3.373935170819294,-,-0.04372373286955305,0.22485690906594918
17,597.6312981931212,,,mixed C-C-C bending / C-C-N linear bending / C-C stretching,delta(C1-C2-C7),angle,2.7651396380292153,-,-0.025619505758858768,0.5367592543463449
17,597.6312981931212,,,mixed C-C-C bending / C-C-N linear bending / C-C stretching,tau(H11-C1-C2-C3),dihedral,2.3547762615831678,+,0.030394786491073293,0.3247546831827063
17,597.6312981931212,,,mixed C-C-C bending / C-C-N linear bending / C-C stretching,delta(C2-C3-O4),angle,2.160705543144536,-,-0.026537447672224827,0.3909140249669613
17,597.6312981931212,,,mixed C-C-C bending / C-C-N linear bending / C-C stretching,nu(C2-C5),bond,1.921083980689204,-,-0.028230052503058364,0.30713332855890746
17,597.6312981931212,,,mixed C-C-C bending / C-C-N linear bending / C-C stretching,delta(C2-C1-H11),angle,1.5430503732409095,-,-0.02481426411402039,0.31928702534045783
17,597.6312981931212,,,mixed C-C-C bending / C-C-N linear bending / C-C stretching,nu(C7-C8),bond,1.3964767011511146,-,-0.022302331055425874,0.35771499490439007
17,597.6312981931212,,,mixed C-C-C bending / C-C-N linear bending / C-C stretching,tau(H16-C8-O9-C7),dihedral,1.394120134119355,-,-0.03389699180499268,0.15459016127646946
17,597.6312981931212,,,mixed C-C-C bending / C-C-N linear bending / C-C stretching,tau(H15-C8-O9-C7),dihedral,1.2741174809209863,-,-0.032969053494351884,0.14934836877361438
17,597.6312981931212,,,mixed C-C-C bending / C-C-N linear bending / C-C stretching,"gamma(O4;C3,C2,H13)",oop,1.1438553824703332,+,0.0366632122464198,0.10842116305321652
17,597.6312981931212,,,mixed C-C-C bending / C-C-N linear bending / C-C stretching,nu(C8-O9),bond,0.4748493993285379,+,0.01520737564701877,0.2616081760262354
17,597.6312981931212,,,mixed C-C-C bending / C-C-N linear bending / C-C stretching,tau(H10-C1-C2-C5),dihedral,0.45742416723831264,-,-0.013545331739981098,0.3176462861302484
17,597.6312981931212,,,mixed C-C-C bending / C-C-N linear bending / C-C stretching,delta(C1-C2-C3),angle,0.35067300239507726,-,-0.009292091697119236,0.5174630280054322
17,597.6312981931212,,,mixed C-C-C bending / C-C-N linear bending / C-C stretching,delta(O4-C3-H13),angle,0.3366140771273731,+,0.011991918631800049,0.2982351963672958
17,597.6312981931212,,,mixed C-C-C bending / C-C-N linear bending / C-C stretching,tau(C7-C2-C3-H13),dihedral,0.2986390023300552,-,-0.07899409773981866,0.006097631958842238
17,597.6312981931212,,,mixed C-C-C bending / C-C-N linear bending / C-C stretching,delta(H11-C1-H12),angle,0.27267540319808375,-,-0.009377799295694761,0.39504635969426727
17,597.6312981931212,,,mixed C-C-C bending / C-C-N linear bending / C-C stretching,nu(C5-N6),bond,0.2337801895851713,-,-0.004858193282340626,1.2620079646923392
17,597.6312981931212,,,mixed C-C-C bending / C-C-N linear bending / C-C stretching,nu(C2-C7),bond,0.22160931751925336,+,0.010286273543254836,0.266855307641462
17,597.6312981931212,,,mixed C-C-C bending / C-C-N linear bending / C-C stretching,delta_lin2(C2-C5-N6),linbend2,0.1963045060044698,+,0.018002533739015062,0.07717328181589451
17,597.6312981931212,,,mixed C-C-C bending / C-C-N linear bending / C-C stretching,delta(C2-C1-H12),angle,0.16654878801350387,-,-0.006997819279249427,0.4333312396216148
17,597.6312981931212,,,mixed C-C-C bending / C-C-N linear bending / C-C stretching,nu(C3-O4),bond,0.08125147901996749,-,-0.0034351971103225645,0.8772672552439119
17,597.6312981931212,,,mixed C-C-C bending / C-C-N linear bending / C-C stretching,delta(C2-C7-O9),angle,0.07877579396040241,+,0.00570849003223413,0.3080025148114132
17,597.6312981931212,,,mixed C-C-C bending / C-C-N linear bending / C-C stretching,nu(C7-O9),bond,0.04973741412742832,+,0.004799446803135103,0.2751090044314047
17,597.6312981931212,,,mixed C-C-C bending / C-C-N linear bending / C-C stretching,delta(O9-C8-H16),angle,0.04275922994456511,-,-0.004904867707959663,0.22645360898683478
17,597.6312981931212,,,mixed C-C-C bending / C-C-N linear bending / C-C stretching,delta(H10-C1-H12),angle,0.030000326807362688,+,0.0031225470449669592,0.3920233835726058
17,597.6312981931212,,,mixed C-C-C bending / C-C-N linear bending / C-C stretching,delta(C2-C7-H14),angle,0.01931211789509921,-,-0.003041070901272425,0.26606073120081736
17,597.6312981931212,,,mixed C-C-C bending / C-C-N linear bending / C-C stretching,nu(C8-H15),bond,0.012520392744422558,-,-0.002137127998367476,0.3492696522347172
17,597.6312981931212,,,mixed C-C-C bending / C-C-N linear bending / C-C stretching,tau(C3-C2-C7-O9),dihedral,0.009337985245471903,-,-0.0027149998056586327,0.16140520854966225
17,597.6312981931212,,,mixed C-C-C bending / C-C-N linear bending / C-C stretching,delta(O9-C8-H15),angle,0.00879239437866675,+,0.0022268245985664317,0.22591189957815877
17,597.6312981931212,,,mixed C-C-C bending / C-C-N linear bending / C-C stretching,nu(C1-H10),bond,0.008248133590822085,-,-0.0017574583021057293,0.34024331001250363
17,597.6312981931212,,,mixed C-C-C bending / C-C-N linear bending / C-C stretching,delta(H10-C1-H11),angle,0.0052214952311209276,+,0.001274556156224293,0.40952545667995893
17,597.6312981931212,,,mixed C-C-C bending / C-C-N linear bending / C-C stretching,tau(C1-C2-C7-H14),dihedral,0.002807938307878116,+,0.0015463105706774451,0.14962290410311005
17,597.6312981931212,,,mixed C-C-C bending / C-C-N linear bending / C-C stretching,nu(C7-H14),bond,0.0015744101451712412,-,-0.0007588144741689517,0.3483779301496586
17,597.6312981931212,,,mixed C-C-C bending / C-C-N linear bending / C-C stretching,nu(C3-H13),bond,0.0007287098285483187,+,0.0005530552080448721,0.3035439784651939
17,597.6312981931212,,,mixed C-C-C bending / C-C-N linear bending / C-C stretching,nu(C1-H11),bond,0.0003998679666930319,+,0.00038492218805933124,0.3438544825310618
17,597.6312981931212,,,mixed C-C-C bending / C-C-N linear bending / C-C stretching,nu(C1-H12),bond,0.00010164719714410106,+,0.00019512634319829422,0.34014771984390524
17,597.6312981931212,,,mixed C-C-C bending / C-C-N linear bending / C-C stretching,nu(C8-H16),bond,2.490959676826728e-05,-,-9.509907049679729e-05,0.3509280802784062
18,629.0907271577221,,,mixed C-C-O bending / C-C torsion,tau(H10-C1-C2-C5),dihedral,21.759129296372187,-,-0.11063193174639514,0.3176462861302484
18,629.0907271577221,,,mixed C-C-O bending / C-C torsion,delta(C2-C3-O4),angle,19.831274561360686,+,0.09520643819410786,0.3909140249669613
18,629.0907271577221,,,mixed C-C-O bending / C-C torsion,nu(C2-C5),bond,10.658066962347393,+,0.07874217004546284,0.30713332855890746
18,629.0907271577221,,,mixed C-C-O bending / C-C torsion,delta(C2-C7-O9),angle,9.772285776916808,-,-0.0752926492360279,0.3080025148114132
18,629.0907271577221,,,mixed C-C-O bending / C-C torsion,delta_lin2(C2-C5-N6),linbend2,7.245789076380168,+,0.12952123878849234,0.07717328181589451
18,629.0907271577221,,,mixed C-C-O bending / C-C torsion,delta(C3-C2-C7),angle,5.792189642531441,-,-0.04292746413318407,0.5616109478032196
18,629.0907271577221,,,mixed C-C-O bending / C-C torsion,delta(C1-C2-C7),angle,5.107602637345893,+,0.04123352000847026,0.5367592543463449
18,629.0907271577221,,,mixed C-C-O bending / C-C torsion,nu(C7-O9),bond,4.068071587077452,-,-0.05140123112146631,0.2751090044314047
18,629.0907271577221,,,mixed C-C-O bending / C-C torsion,delta(C2-C1-H12),angle,2.443292042224404,-,-0.03174017529114632,0.4333312396216148
18,629.0907271577221,,,mixed C-C-O bending / C-C torsion,delta(O4-C3-H13),angle,2.0345096486869534,-,-0.03491258928568394,0.2982351963672958
18,629.0907271577221,,,mixed C-C-O bending / C-C torsion,nu(C2-C3),bond,1.666047522698034,-,-0.03638498536822456,0.22485690906594918
18,629.0907271577221,,,mixed C-C-O bending / C-C torsion,nu(C1-C2),bond,1.5332965334678246,+,0.03318799549611565,0.2487295415383795
18,629.0907271577221,,,mixed C-C-O bending / C-C torsion,delta_lin1(C2-C5-N6),linbend1,1.2959334837825771,+,0.0528366476952021,0.08294218288781345
18,629.0907271577221,,,mixed C-C-O bending / C-C torsion,delta(C1-C2-C3),angle,1.027480922704092,-,-0.018835573630943733,0.5174630280054322
18,629.0907271577221,,,mixed C-C-O bending / C-C torsion,nu(C5-N6),bond,0.8522954526825118,+,0.010984888878542372,1.2620079646923392
18,629.0907271577221,,,mixed C-C-O bending / C-C torsion,tau(H16-C8-O9-C7),dihedral,0.8030940984578253,-,-0.030466595207697574,0.15459016127646946
18,629.0907271577221,,,mixed C-C-O bending / C-C torsion,delta(C2-C1-H11),angle,0.7689650395092437,+,0.020744085441502313,0.31928702534045783
18,629.0907271577221,,,mixed C-C-O bending / C-C torsion,tau(C1-C2-C7-H14),dihedral,0.6136897301285494,-,-0.027071169499337123,0.14962290410311005
18,629.0907271577221,,,mixed C-C-O bending / C-C torsion,tau(H15-C8-O9-C7),dihedral,0.5242783726282193,-,-0.025044499666601317,0.14934836877361438
18,629.0907271577221,,,mixed C-C-O bending / C-C torsion,delta(C1-C2-C5),angle,0.4981880919678356,-,-0.016541684957462256,0.32530977442154063
18,629.0907271577221,,,mixed C-C-O bending / C-C torsion,nu(C8-O9),bond,0.2936598138225278,+,0.014162118807154539,0.2616081760262354
18,629.0907271577221,,,mixed C-C-O bending / C-C torsion,delta(C2-C7-H14),angle,0.28527259063506516,+,0.013841120931763139,0.26606073120081736
18,629.0907271577221,,,mixed C-C-O bending / C-C torsion,"gamma(O4;C3,C2,H13)",oop,0.2542879871028915,-,-0.020470927557493666,0.10842116305321652
18,629.0907271577221,,,mixed C-C-O bending / C-C torsion,nu(C2-C7),bond,0.16892202759843797,-,-0.010634984236789954,0.266855307641462
18,629.0907271577221,,,mixed C-C-O bending / C-C torsion,delta(O9-C8-H15),angle,0.16745707835965537,-,-0.011508370403704055,0.22591189957815877
18,629.0907271577221,,,mixed C-C-O bending / C-C torsion,delta(H10-C1-H11),angle,0.14671932419239148,+,0.008000826220908088,0.40952545667995893
18,629.0907271577221,,,mixed C-C-O bending / C-C torsion,nu(C3-O4),bond,0.1443877036456535,+,0.005422889752887724,0.8772672552439119
18,629.0907271577221,,,mixed C-C-O bending / C-C torsion,delta(H10-C1-H12),angle,0.06702444523185268,-,-0.005527035548489032,0.3920233835726058
18,629.0907271577221,,,mixed C-C-O bending / C-C torsion,tau(C2-C7-O9-C8),dihedral,0.06204338625005964,+,0.00612161197517025,0.2958197445613641
18,629.0907271577221,,,mixed C-C-O bending / C-C torsion,delta(O9-C8-H16),angle,0.05215590757412492,+,0.006414957161970685,0.22645360898683478
18,629.0907271577221,,,mixed C-C-O bending / C-C torsion,tau(C7-C2-C3-H13),dihedral,0.027630779746623247,+,0.028454279745687937,0.006097631958842238
18,629.0907271577221,,,mixed C-C-O bending / C-C torsion,nu(C7-H14),bond,0.02164918375113225,+,0.0033321694341623435,0.3483779301496586
18,629.0907271577221,,,mixed C-C-O bending / C-C torsion,nu(C8-H15),bond,0.004508247274092175,-,-0.0015186408183536738,0.3492696522347172
18,629.0907271577221,,,mixed C-C-O bending / C-C torsion,tau(C3-C2-C7-O9),dihedral,0.0027304392517813426,-,-0.0017385577323673987,0.16140520854966225
18,629.0907271577221,,,mixed C-C-O bending / C-C torsion,nu(C8-H16),bond,0.0016115364429051893,-,-0.0009058215226059741,0.3509280802784062
18,629.0907271577221,,,mixed C-C-O bending / C-C torsion,delta(H11-C1-H12),angle,0.0012743080691287106,-,-0.0007591800984509713,0.39504635969426727
18,629.0907271577221,,,mixed C-C-O bending / C-C torsion,tau(H11-C1-C2-C3),dihedral,0.0010333994150622846,+,0.00075402895740489,0.3247546831827063
18,629.0907271577221,,,mixed C-C-O bending / C-C torsion,nu(C1-H12),bond,0.0008206962155751011,+,0.0006565821377798036,0.34014771984390524
18,629.0907271577221,,,mixed C-C-O bending / C-C torsion,nu(C7-C8),bond,0.0006526725763608668,+,0.0005709666474884951,0.35771499490439007
18,629.0907271577221,,,mixed C-C-O bending / C-C torsion,nu(C3-H13),bond,0.00047495024132496926,+,0.0005287432980123135,0.3035439784651939
18,629.0907271577221,,,mixed C-C-O bending / C-C torsion,nu(C1-H11),bond,0.00016069654264322606,-,-0.000288966535896448,0.3438544825310618
18,629.0907271577221,,,mixed C-C-O bending / C-C torsion,nu(C1-H10),bond,4.2346790578327444e-05,-,-0.00014912384174312881,0.34024331001250363
19,675.4950217386379,,,mixed exocyclic C-C stretching / C-C-O bending,nu(C2-C7),bond,28.632356892931696,-,-0.1514698337256526,0.266855307641462
19,675.4950217386379,,,mixed exocyclic C-C stretching / C-C-O bending,delta(C2-C3-O4),angle,14.767047740365468,+,0.08987558605215197,0.3909140249669613
19,675.4950217386379,,,mixed exocyclic C-C stretching / C-C-O bending,nu(C2-C5),bond,8.642367789435127,-,-0.07756904076101036,0.30713332855890746
19,675.4950217386379,,,mixed exocyclic C-C stretching / C-C-O bending,tau(C2-C7-O9-C8),dihedral,5.944196428171323,-,-0.06554936957963997,0.2958197445613641
19,675.4950217386379,,,mixed exocyclic C-C stretching / C-C-O bending,tau(H15-C8-O9-C7),dihedral,5.626763662108932,+,0.08975623297973027,0.14934836877361438
19,675.4950217386379,,,mixed exocyclic C-C stretching / C-C-O bending,tau(H16-C8-O9-C7),dihedral,4.79776021190092,+,0.08146365021236976,0.15459016127646946
19,675.4950217386379,,,mixed exocyclic C-C stretching / C-C-O bending,delta(C2-C7-O9),angle,3.8956255409227403,+,0.05200522658272664,0.3080025148114132
19,675.4950217386379,,,mixed exocyclic C-C stretching / C-C-O bending,nu(C8-O9),bond,3.7278230964430463,+,0.05519980109803244,0.2616081760262354
19,675.4950217386379,,,mixed exocyclic C-C stretching / C-C-O bending,nu(C1-C2),bond,3.3389897707495915,-,-0.0535771220684048,0.2487295415383795
19,675.4950217386379,,,mixed exocyclic C-C stretching / C-C-O bending,nu(C7-C8),bond,2.690360906649271,-,-0.04010257141991654,0.35771499490439007
19,675.4950217386379,,,mixed exocyclic C-C stretching / C-C-O bending,tau(C3-C2-C7-O9),dihedral,2.3399783648886623,+,0.0556778773816871,0.16140520854966225
19,675.4950217386379,,,mixed exocyclic C-C stretching / C-C-O bending,tau(H10-C1-C2-C5),dihedral,2.3013527415619603,-,-0.03936001236281,0.3176462861302484
19,675.4950217386379,,,mixed exocyclic C-C stretching / C-C-O bending,delta(C2-C7-H14),angle,2.268091133881345,-,-0.04269483919535321,0.26606073120081736
19,675.4950217386379,,,mixed exocyclic C-C stretching / C-C-O bending,nu(C7-O9),bond,1.91451074887928,-,-0.03857554084362145,0.2751090044314047
19,675.4950217386379,,,mixed exocyclic C-C stretching / C-C-O bending,tau(C1-C2-C7-H14),dihedral,1.5668632449107454,+,0.047320794586773955,0.14962290410311005
19,675.4950217386379,,,mixed exocyclic C-C stretching / C-C-O bending,delta(C1-C2-C7),angle,1.3861458745766195,+,0.023499045372262724,0.5367592543463449
19,675.4950217386379,,,mixed exocyclic C-C stretching / C-C-O bending,tau(H11-C1-C2-C3),dihedral,1.1032387195418099,-,-0.026952096835646446,0.3247546831827063
19,675.4950217386379,,,mixed exocyclic C-C stretching / C-C-O bending,nu(C2-C3),bond,1.074625328628271,-,-0.031967666801657885,0.22485690906594918
19,675.4950217386379,,,mixed exocyclic C-C stretching / C-C-O bending,nu(C5-N6),bond,1.0654441818509774,-,-0.013435994736949107,1.2620079646923392
19,675.4950217386379,,,mixed exocyclic C-C stretching / C-C-O bending,delta(C1-C2-C3),angle,0.8093268510139705,-,-0.01828764715261172,0.5174630280054322
19,675.4950217386379,,,mixed exocyclic C-C stretching / C-C-O bending,delta(O4-C3-H13),angle,0.6441000465127468,-,-0.021489818095012204,0.2982351963672958
19,675.4950217386379,,,mixed exocyclic C-C stretching / C-C-O bending,delta(C2-C1-H12),angle,0.391154837791652,-,-0.01389312282637858,0.4333312396216148
19,675.4950217386379,,,mixed exocyclic C-C stretching / C-C-O bending,delta(C3-C2-C7),angle,0.2729230328790567,-,-0.010193840491902544,0.5616109478032196
19,675.4950217386379,,,mixed exocyclic C-C stretching / C-C-O bending,delta(C2-C1-H11),angle,0.18168837806217966,+,0.011030836830223477,0.31928702534045783
19,675.4950217386379,,,mixed exocyclic C-C stretching / C-C-O bending,delta(C1-C2-C5),angle,0.1797765206900089,+,0.010870598388620449,0.32530977442154063
19,675.4950217386379,,,mixed exocyclic C-C stretching / C-C-O bending,delta_lin2(C2-C5-N6),linbend2,0.11367114066802454,+,0.0177470897801769,0.07717328181589451
19,675.4950217386379,,,mixed exocyclic C-C stretching / C-C-O bending,delta(O9-C8-H16),angle,0.10679066569621608,-,-0.01004182261712885,0.22645360898683478
19,675.4950217386379,,,mixed exocyclic C-C stretching / C-C-O bending,"gamma(O4;C3,C2,H13)",oop,0.10085880486074483,+,0.014103775937177293,0.10842116305321652
19,675.4950217386379,,,mixed exocyclic C-C stretching / C-C-O bending,nu(C8-H16),bond,0.025864825881948373,-,-0.003969915301395112,0.3509280802784062
19,675.4950217386379,,,mixed exocyclic C-C stretching / C-C-O bending,delta(H10-C1-H11),angle,0.02480758770041211,+,0.0035990455063629506,0.40952545667995893
19,675.4950217386379,,,mixed exocyclic C-C stretching / C-C-O bending,delta_lin1(C2-C5-N6),linbend1,0.021555957843533837,-,-0.007454722029039636,0.08294218288781345
19,675.4950217386379,,,mixed exocyclic C-C stretching / C-C-O bending,delta(O9-C8-H15),angle,0.015426868811685169,-,-0.0038212448056043494,0.22591189957815877
19,675.4950217386379,,,mixed exocyclic C-C stretching / C-C-O bending,delta(H11-C1-H12),angle,0.012278409021978699,+,0.0025779977744920615,0.39504635969426727
19,675.4950217386379,,,mixed exocyclic C-C stretching / C-C-O bending,nu(C7-H14),bond,0.008335443317697382,+,0.0022619060171894132,0.3483779301496586
19,675.4950217386379,,,mixed exocyclic C-C stretching / C-C-O bending,nu(C8-H15),bond,0.0035700718718130143,-,-0.0014784055207503204,0.3492696522347172
19,675.4950217386379,,,mixed exocyclic C-C stretching / C-C-O bending,nu(C1-H12),bond,0.0013714725733743206,-,-0.0009285286389188116,0.34014771984390524
19,675.4950217386379,,,mixed exocyclic C-C stretching / C-C-O bending,delta(H10-C1-H12),angle,0.0012580839734644264,+,0.0008283890517391658,0.3920233835726058
19,675.4950217386379,,,mixed exocyclic C-C stretching / C-C-O bending,nu(C3-H13),bond,0.00046305455149662914,-,-0.0005711376490743586,0.3035439784651939
19,675.4950217386379,,,mixed exocyclic C-C stretching / C-C-O bending,nu(C3-O4),bond,0.0004278091523695973,+,0.0003229197428566185,0.8772672552439119
19,675.4950217386379,,,mixed exocyclic C-C stretching / C-C-O bending,tau(C7-C2-C3-H13),dihedral,0.0003030041339504029,+,0.0032597117272075,0.006097631958842238
19,675.4950217386379,,,mixed exocyclic C-C stretching / C-C-O bending,nu(C1-H11),bond,0.0002936295849067363,-,-0.0004273149451573032,0.3438544825310618
19,675.4950217386379,,,mixed exocyclic C-C stretching / C-C-O bending,nu(C1-H10),bond,0.0002111250089837082,-,-0.0003642592298692194,0.34024331001250363
20,861.6007975742241,,,opposite-phase cyclic C-O stretching,nu(C8-O9),bond,45.917498626400445,-,-0.2539103177814462,0.2616081760262354
20,861.6007975742241,,,opposite-phase cyclic C-O stretching,nu(C7-O9),bond,30.15955052796758,+,0.20066744655936625,0.2751090044314047
20,861.6007975742241,,,opposite-phase cyclic C-O stretching,delta(C3-C2-C7),angle,5.742961024413718,-,-0.061286814192399036,0.5616109478032196
20,861.6007975742241,,,opposite-phase cyclic C-O stretching,nu(C2-C7),bond,4.966633864153377,-,-0.08268182322121581,0.266855307641462
20,861.6007975742241,,,opposite-phase cyclic C-O stretching,delta(O9-C8-H16),angle,2.055930038904115,+,0.057747267287953,0.22645360898683478
20,861.6007975742241,,,opposite-phase cyclic C-O stretching,delta(C2-C3-O4),angle,1.6781980283595685,+,0.03970981573715737,0.3909140249669613
20,861.6007975742241,,,opposite-phase cyclic C-O stretching,delta(C2-C7-H14),angle,1.5313791393716076,+,0.04597988363732921,0.26606073120081736
20,861.6007975742241,,,opposite-phase cyclic C-O stretching,tau(C1-C2-C7-H14),dihedral,1.3877641204875977,-,-0.05836811690144973,0.14962290410311005
20,861.6007975742241,,,opposite-phase cyclic C-O stretching,delta(C1-C2-C7),angle,1.1755961959432315,+,0.028363264188207133,0.5367592543463449
20,861.6007975742241,,,opposite-phase cyclic C-O stretching,delta(O9-C8-H15),angle,0.8661552045334047,+,0.03752711694170288,0.22591189957815877
20,861.6007975742241,,,opposite-phase cyclic C-O stretching,nu(C2-C3),bond,0.8490686625710003,-,-0.03724218751850945,0.22485690906594918
20,861.6007975742241,,,opposite-phase cyclic C-O stretching,nu(C1-C2),bond,0.7477030468993016,-,-0.03322903928108548,0.2487295415383795
20,861.6007975742241,,,opposite-phase cyclic C-O stretching,delta(C2-C7-O9),angle,0.7151296195572256,-,-0.029203314562834058,0.3080025148114132
20,861.6007975742241,,,opposite-phase cyclic C-O stretching,tau(C3-C2-C7-O9),dihedral,0.5880231468588868,-,-0.03658097974068546,0.16140520854966225
20,861.6007975742241,,,opposite-phase cyclic C-O stretching,tau(H15-C8-O9-C7),dihedral,0.5769824939168797,+,0.03767020391670088,0.14934836877361438
20,861.6007975742241,,,opposite-phase cyclic C-O stretching,nu(C7-C8),bond,0.3054601003358669,-,-0.01771028568563662,0.35771499490439007
20,861.6007975742241,,,opposite-phase cyclic C-O stretching,tau(H11-C1-C2-C3),dihedral,0.09912836418372976,-,-0.010588590504933805,0.3247546831827063
20,861.6007975742241,,,opposite-phase cyclic C-O stretching,delta(O4-C3-H13),angle,0.09623614182988638,-,-0.010886958026992216,0.2982351963672958
20,861.6007975742241,,,opposite-phase cyclic C-O stretching,"gamma(O4;C3,C2,H13)",oop,0.08540149156081625,-,-0.017009540892788395,0.10842116305321652
20,861.6007975742241,,,opposite-phase cyclic C-O stretching,nu(C2-C5),bond,0.07048944589562738,+,0.009181538713101975,0.30713332855890746
20,861.6007975742241,,,opposite-phase cyclic C-O stretching,nu(C7-H14),bond,0.06977970436040237,-,-0.008577409408815772,0.3483779301496586
20,861.6007975742241,,,opposite-phase cyclic C-O stretching,nu(C8-H15),bond,0.06519136717754867,+,0.008280022429788933,0.3492696522347172
20,861.6007975742241,,,opposite-phase cyclic C-O stretching,nu(C8-H16),bond,0.05450498470914642,+,0.0075531123610334035,0.3509280802784062
20,861.6007975742241,,,opposite-phase cyclic C-O stretching,tau(C2-C7-O9-C8),dihedral,0.04782661334042818,+,0.007706161923714383,0.2958197445613641
20,861.6007975742241,,,opposite-phase cyclic C-O stretching,delta(H11-C1-H12),angle,0.02974272203279863,+,0.005258758399299762,0.39504635969426727
20,861.6007975742241,,,opposite-phase cyclic C-O stretching,delta(C2-C1-H12),angle,0.02196038474917946,-,-0.004314464176754073,0.4333312396216148
20,861.6007975742241,,,opposite-phase cyclic C-O stretching,delta(C1-C2-C3),angle,0.02164124910001135,+,0.0039193892203908875,0.5174630280054322
20,861.6007975742241,,,opposite-phase cyclic C-O stretching,delta(C2-C1-H11),angle,0.014591495712666784,-,-0.0040970962362096314,0.31928702534045783
20,861.6007975742241,,,opposite-phase cyclic C-O stretching,nu(C3-O4),bond,0.010677471062189709,+,0.002114390196657886,0.8772672552439119
20,861.6007975742241,,,opposite-phase cyclic C-O stretching,tau(H10-C1-C2-C5),dihedral,0.010368238415733942,-,-0.0034625614630259412,0.3176462861302484
20,861.6007975742241,,,opposite-phase cyclic C-O stretching,tau(H16-C8-O9-C7),dihedral,0.010297525145874693,-,-0.004946436065695397,0.15459016127646946
20,861.6007975742241,,,opposite-phase cyclic C-O stretching,tau(C7-C2-C3-H13),dihedral,0.009434878103257075,+,0.023839900449607335,0.006097631958842238
20,861.6007975742241,,,opposite-phase cyclic C-O stretching,delta_lin2(C2-C5-N6),linbend2,0.004854518931714984,+,0.004806805059037603,0.07717328181589451
20,861.6007975742241,,,opposite-phase cyclic C-O stretching,delta(H10-C1-H12),angle,0.004544203970380961,+,0.002063430362101504,0.3920233835726058
20,861.6007975742241,,,opposite-phase cyclic C-O stretching,nu(C3-H13),bond,0.0033045889131873164,-,-0.0019996998054124335,0.3035439784651939
20,861.6007975742241,,,opposite-phase cyclic C-O stretching,delta(C1-C2-C5),angle,0.0030652898384419167,+,0.001860390491283811,0.32530977442154063
20,861.6007975742241,,,opposite-phase cyclic C-O stretching,nu(C1-H11),bond,0.0009412508391361957,-,-0.0010027259114265958,0.3438544825310618
20,861.6007975742241,,,opposite-phase cyclic C-O stretching,nu(C5-N6),bond,0.0007330998718889484,-,-0.00046192069344699643,1.2620079646923392
20,861.6007975742241,,,opposite-phase cyclic C-O stretching,delta_lin1(C2-C5-N6),linbend1,0.0007084656688154011,+,0.0017712855063867542,0.08294218288781345
20,861.6007975742241,,,opposite-phase cyclic C-O stretching,nu(C1-H10),bond,0.00038827039961996046,-,-0.0006474246618263337,0.34024331001250363
20,861.6007975742241,,,opposite-phase cyclic C-O stretching,delta(H10-C1-H11),angle,0.00014254183843394948,+,0.00035755892332391874,0.40952545667995893
20,861.6007975742241,,,opposite-phase cyclic C-O stretching,nu(C1-H12),bond,1.1851675265719442e-05,-,-0.00011312874890310105,0.34014771984390524
21,887.7522450507989,,,mixed in-phase cyclic C-O stretching / cyclic C-C stretching / mixed-phase C-C stretching,nu(C7-C8),bond,16.82974890746768,-,-0.13154014856257393,0.35771499490439007
21,887.7522450507989,,,mixed in-phase cyclic C-O stretching / cyclic C-C stretching / mixed-phase C-C stretching,nu(C7-O9),bond,14.061723942586694,+,0.1371055274116887,0.2751090044314047
21,887.7522450507989,,,mixed in-phase cyclic C-O stretching / cyclic C-C stretching / mixed-phase C-C stretching,nu(C8-O9),bond,10.079626348807228,+,0.11903773169876139,0.2616081760262354
21,887.7522450507989,,,mixed in-phase cyclic C-O stretching / cyclic C-C stretching / mixed-phase C-C stretching,nu(C2-C5),bond,7.9033653399890555,+,0.09728158509236268,0.30713332855890746
21,887.7522450507989,,,mixed in-phase cyclic C-O stretching / cyclic C-C stretching / mixed-phase C-C stretching,tau(H11-C1-C2-C3),dihedral,6.828345474740345,+,0.08793628497060646,0.3247546831827063
21,887.7522450507989,,,mixed in-phase cyclic C-O stretching / cyclic C-C stretching / mixed-phase C-C stretching,nu(C1-C2),bond,5.86245542527722,+,0.09310310706731863,0.2487295415383795
21,887.7522450507989,,,mixed in-phase cyclic C-O stretching / cyclic C-C stretching / mixed-phase C-C stretching,tau(C1-C2-C7-H14),dihedral,5.560006492330479,+,0.11690327876453122,0.14962290410311005
21,887.7522450507989,,,mixed in-phase cyclic C-O stretching / cyclic C-C stretching / mixed-phase C-C stretching,tau(H15-C8-O9-C7),dihedral,5.512683720223969,+,0.11651165706325452,0.14934836877361438
21,887.7522450507989,,,mixed in-phase cyclic C-O stretching / cyclic C-C stretching / mixed-phase C-C stretching,tau(H16-C8-O9-C7),dihedral,4.007897547481686,+,0.09764622609978087,0.15459016127646946
21,887.7522450507989,,,mixed in-phase cyclic C-O stretching / cyclic C-C stretching / mixed-phase C-C stretching,delta(C2-C1-H12),angle,3.801143952202865,-,-0.056798287461495414,0.4333312396216148
21,887.7522450507989,,,mixed in-phase cyclic C-O stretching / cyclic C-C stretching / mixed-phase C-C stretching,delta(C2-C1-H11),angle,3.1765184730534064,-,-0.06048854524357984,0.31928702534045783
21,887.7522450507989,,,mixed in-phase cyclic C-O stretching / cyclic C-C stretching / mixed-phase C-C stretching,delta(C3-C2-C7),angle,2.4618211650027506,+,0.04015120193445815,0.5616109478032196
21,887.7522450507989,,,mixed in-phase cyclic C-O stretching / cyclic C-C stretching / mixed-phase C-C stretching,delta(C2-C3-O4),angle,2.2539235679092715,-,-0.04604866550949646,0.3909140249669613
21,887.7522450507989,,,mixed in-phase cyclic C-O stretching / cyclic C-C stretching / mixed-phase C-C stretching,tau(C2-C7-O9-C8),dihedral,2.18232443597438,-,-0.05208757771672211,0.2958197445613641
21,887.7522450507989,,,mixed in-phase cyclic C-O stretching / cyclic C-C stretching / mixed-phase C-C stretching,delta(C1-C2-C5),angle,1.5528583350508738,-,-0.04189917242172856,0.32530977442154063
21,887.7522450507989,,,mixed in-phase cyclic C-O stretching / cyclic C-C stretching / mixed-phase C-C stretching,nu(C2-C3),bond,1.5240260537692778,-,-0.04992650440053561,0.22485690906594918
21,887.7522450507989,,,mixed in-phase cyclic C-O stretching / cyclic C-C stretching / mixed-phase C-C stretching,delta(C1-C2-C7),angle,1.4125600934717484,+,0.031110126600027196,0.5367592543463449
21,887.7522450507989,,,mixed in-phase cyclic C-O stretching / cyclic C-C stretching / mixed-phase C-C stretching,delta(C2-C7-H14),angle,0.9486812466961357,+,0.03621244513252457,0.26606073120081736
21,887.7522450507989,,,mixed in-phase cyclic C-O stretching / cyclic C-C stretching / mixed-phase C-C stretching,tau(C3-C2-C7-O9),dihedral,0.8402116391273421,+,0.04375459381650426,0.16140520854966225
21,887.7522450507989,,,mixed in-phase cyclic C-O stretching / cyclic C-C stretching / mixed-phase C-C stretching,nu(C5-N6),bond,0.5923238024412651,+,0.013138222942619023,1.2620079646923392
21,887.7522450507989,,,mixed in-phase cyclic C-O stretching / cyclic C-C stretching / mixed-phase C-C stretching,delta(C2-C7-O9),angle,0.38869712657708116,-,-0.021543517625158975,0.3080025148114132
21,887.7522450507989,,,mixed in-phase cyclic C-O stretching / cyclic C-C stretching / mixed-phase C-C stretching,delta(H11-C1-H12),angle,0.35195898762912303,-,-0.01810131309472433,0.39504635969426727
21,887.7522450507989,,,mixed in-phase cyclic C-O stretching / cyclic C-C stretching / mixed-phase C-C stretching,nu(C2-C7),bond,0.3284841735514201,-,-0.021276852600354477,0.266855307641462
21,887.7522450507989,,,mixed in-phase cyclic C-O stretching / cyclic C-C stretching / mixed-phase C-C stretching,"gamma(O4;C3,C2,H13)",oop,0.3213485890603326,+,0.033015604268166264,0.10842116305321652
21,887.7522450507989,,,mixed in-phase cyclic C-O stretching / cyclic C-C stretching / mixed-phase C-C stretching,delta(H10-C1-H11),angle,0.31052630938974285,+,0.01669924481964253,0.40952545667995893
21,887.7522450507989,,,mixed in-phase cyclic C-O stretching / cyclic C-C stretching / mixed-phase C-C stretching,delta(H10-C1-H12),angle,0.3078335523408287,+,0.01699378319049357,0.3920233835726058
21,887.7522450507989,,,mixed in-phase cyclic C-O stretching / cyclic C-C stretching / mixed-phase C-C stretching,delta(O4-C3-H13),angle,0.2951302477647547,+,0.019077237916755266,0.2982351963672958
21,887.7522450507989,,,mixed in-phase cyclic C-O stretching / cyclic C-C stretching / mixed-phase C-C stretching,delta_lin1(C2-C5-N6),linbend1,0.15000305667905275,+,0.025789944437675176,0.08294218288781345
21,887.7522450507989,,,mixed in-phase cyclic C-O stretching / cyclic C-C stretching / mixed-phase C-C stretching,delta(O9-C8-H16),angle,0.06183543756453487,+,0.010021141130683888,0.22645360898683478
21,887.7522450507989,,,mixed in-phase cyclic C-O stretching / cyclic C-C stretching / mixed-phase C-C stretching,tau(H10-C1-C2-C5),dihedral,0.035303828111432754,+,0.0063933295554644155,0.3176462861302484
21,887.7522450507989,,,mixed in-phase cyclic C-O stretching / cyclic C-C stretching / mixed-phase C-C stretching,nu(C8-H16),bond,0.025524648588181674,-,-0.005172004666066076,0.3509280802784062
21,887.7522450507989,,,mixed in-phase cyclic C-O stretching / cyclic C-C stretching / mixed-phase C-C stretching,delta(C1-C2-C3),angle,0.0083951707041065,+,0.002442660926862794,0.5174630280054322
21,887.7522450507989,,,mixed in-phase cyclic C-O stretching / cyclic C-C stretching / mixed-phase C-C stretching,delta_lin2(C2-C5-N6),linbend2,0.007155332229759424,-,-0.005839417131028816,0.07717328181589451
21,887.7522450507989,,,mixed in-phase cyclic C-O stretching / cyclic C-C stretching / mixed-phase C-C stretching,nu(C7-H14),bond,0.004543583794032691,-,-0.002190090373120145,0.3483779301496586
21,887.7522450507989,,,mixed in-phase cyclic C-O stretching / cyclic C-C stretching / mixed-phase C-C stretching,nu(C3-O4),bond,0.004195109295753375,-,-0.0013261533995277293,0.8772672552439119
21,887.7522450507989,,,mixed in-phase cyclic C-O stretching / cyclic C-C stretching / mixed-phase C-C stretching,nu(C1-H10),bond,0.003594287031652667,-,-0.001971059176366718,0.34024331001250363
21,887.7522450507989,,,mixed in-phase cyclic C-O stretching / cyclic C-C stretching / mixed-phase C-C stretching,nu(C8-H15),bond,0.0012319741702382359,-,-0.001138959962819507,0.3492696522347172
21,887.7522450507989,,,mixed in-phase cyclic C-O stretching / cyclic C-C stretching / mixed-phase C-C stretching,tau(C7-C2-C3-H13),dihedral,0.0006730662181079967,+,0.00637142206789535,0.006097631958842238
21,887.7522450507989,,,mixed in-phase cyclic C-O stretching / cyclic C-C stretching / mixed-phase C-C stretching,nu(C1-H12),bond,0.000491881925421361,+,0.0007292639285775452,0.34014771984390524
21,887.7522450507989,,,mixed in-phase cyclic C-O stretching / cyclic C-C stretching / mixed-phase C-C stretching,nu(C3-H13),bond,0.0004219517514596648,-,-0.0007150043244334951,0.3035439784651939
21,887.7522450507989,,,mixed in-phase cyclic C-O stretching / cyclic C-C stretching / mixed-phase C-C stretching,nu(C1-H11),bond,0.00020746393102041082,-,-0.000471055456374286,0.3438544825310618
21,887.7522450507989,,,mixed in-phase cyclic C-O stretching / cyclic C-C stretching / mixed-phase C-C stretching,delta(O9-C8-H15),angle,0.00019825808827658628,-,-0.0005681120302324466,0.22591189957815877
22,907.0477342754536,,,mixed C-H bending / mixed-phase C-C stretching,delta(C2-C1-H11),angle,27.008343692113215,+,0.22385982611382158,0.31928702534045783
22,907.0477342754536,,,mixed C-H bending / mixed-phase C-C stretching,nu(C2-C3),bond,16.18173522062842,+,0.20647964685208509,0.22485690906594918
22,907.0477342754536,,,mixed C-H bending / mixed-phase C-C stretching,tau(H10-C1-C2-C5),dihedral,13.475373528767005,-,-0.15853178034811324,0.3176462861302484
22,907.0477342754536,,,mixed C-H bending / mixed-phase C-C stretching,delta(C2-C1-H12),angle,11.166284128456253,-,-0.12355552182727324,0.4333312396216148
22,907.0477342754536,,,mixed C-H bending / mixed-phase C-C stretching,"gamma(O4;C3,C2,H13)",oop,6.747695502878074,-,-0.19201649102927643,0.10842116305321652
22,907.0477342754536,,,mixed C-H bending / mixed-phase C-C stretching,nu(C1-C2),bond,6.166228753646116,-,-0.12118920960858677,0.2487295415383795
22,907.0477342754536,,,mixed C-H bending / mixed-phase C-C stretching,delta(C2-C7-O9),angle,2.510437715824663,-,-0.06948889664102477,0.3080025148114132
22,907.0477342754536,,,mixed C-H bending / mixed-phase C-C stretching,delta(C2-C3-O4),angle,2.4478739536144274,-,-0.06090763286931577,0.3909140249669613
22,907.0477342754536,,,mixed C-H bending / mixed-phase C-C stretching,delta(H10-C1-H12),angle,2.310576504558184,-,-0.05909109144561841,0.3920233835726058
22,907.0477342754536,,,mixed C-H bending / mixed-phase C-C stretching,delta(C1-C2-C7),angle,2.1357331110733795,+,0.04855137586464821,0.5367592543463449
22,907.0477342754536,,,mixed C-H bending / mixed-phase C-C stretching,nu(C7-C8),bond,1.8321923184506033,-,-0.055085180636323956,0.35771499490439007
22,907.0477342754536,,,mixed C-H bending / mixed-phase C-C stretching,nu(C7-O9),bond,1.5160928389894177,+,0.057138431871099994,0.2751090044314047
22,907.0477342754536,,,mixed C-H bending / mixed-phase C-C stretching,delta(C3-C2-C7),angle,1.1927386793940724,-,-0.03547093943247401,0.5616109478032196
22,907.0477342754536,,,mixed C-H bending / mixed-phase C-C stretching,tau(C2-C7-O9-C8),dihedral,0.718253740410303,-,-0.03792653709363578,0.2958197445613641
22,907.0477342754536,,,mixed C-H bending / mixed-phase C-C stretching,nu(C8-O9),bond,0.6652256841760089,+,0.038812951510118474,0.2616081760262354
22,907.0477342754536,,,mixed C-H bending / mixed-phase C-C stretching,delta(C1-C2-C5),angle,0.6289569238707685,+,0.03384384650076732,0.32530977442154063
22,907.0477342754536,,,mixed C-H bending / mixed-phase C-C stretching,delta(C1-C2-C3),angle,0.5610661147350984,-,-0.025344584698936815,0.5174630280054322
22,907.0477342754536,,,mixed C-H bending / mixed-phase C-C stretching,delta_lin2(C2-C5-N6),linbend2,0.5293521105931914,+,0.06374654649770282,0.07717328181589451
22,907.0477342754536,,,mixed C-H bending / mixed-phase C-C stretching,tau(C7-C2-C3-H13),dihedral,0.4197681091989639,+,0.2019491076049132,0.006097631958842238
22,907.0477342754536,,,mixed C-H bending / mixed-phase C-C stretching,tau(H11-C1-C2-C3),dihedral,0.32184224025249863,+,0.024230458473517118,0.3247546831827063
22,907.0477342754536,,,mixed C-H bending / mixed-phase C-C stretching,nu(C2-C5),bond,0.30893409940360084,-,-0.024411095633568827,0.30713332855890746
22,907.0477342754536,,,mixed C-H bending / mixed-phase C-C stretching,tau(C3-C2-C7-O9),dihedral,0.2849762150687767,+,0.032341738110198776,0.16140520854966225
22,907.0477342754536,,,mixed C-H bending / mixed-phase C-C stretching,delta(H10-C1-H11),angle,0.2563045184859773,+,0.01925553108362697,0.40952545667995893
22,907.0477342754536,,,mixed C-H bending / mixed-phase C-C stretching,delta(O4-C3-H13),angle,0.11681528017842187,+,0.015233096782539104,0.2982351963672958
22,907.0477342754536,,,mixed C-H bending / mixed-phase C-C stretching,delta(O9-C8-H16),angle,0.11670573741725895,+,0.01747327459721086,0.22645360898683478
22,907.0477342754536,,,mixed C-H bending / mixed-phase C-C stretching,tau(C1-C2-C7-H14),dihedral,0.09422188842962621,-,-0.01931499872711601,0.14962290410311005
22,907.0477342754536,,,mixed C-H bending / mixed-phase C-C stretching,delta(C2-C7-H14),angle,0.07481623727517954,+,0.012907001566847274,0.26606073120081736
22,907.0477342754536,,,mixed C-H bending / mixed-phase C-C stretching,delta_lin1(C2-C5-N6),linbend1,0.059080136996364656,-,-0.02054238375238478,0.08294218288781345
22,907.0477342754536,,,mixed C-H bending / mixed-phase C-C stretching,nu(C2-C7),bond,0.04865240685208052,-,-0.01039278789739976,0.266855307641462
22,907.0477342754536,,,mixed C-H bending / mixed-phase C-C stretching,delta(O9-C8-H15),angle,0.03313447490771996,-,-0.009321553881984319,0.22591189957815877
22,907.0477342754536,,,mixed C-H bending / mixed-phase C-C stretching,nu(C3-O4),bond,0.016438083028331045,-,-0.0033317886693441617,0.8772672552439119
22,907.0477342754536,,,mixed C-H bending / mixed-phase C-C stretching,tau(H16-C8-O9-C7),dihedral,0.0127425509479402,-,-0.006988035231481757,0.15459016127646946
22,907.0477342754536,,,mixed C-H bending / mixed-phase C-C stretching,delta(H11-C1-H12),angle,0.011206992572009264,+,0.0040995702384480255,0.39504635969426727
22,907.0477342754536,,,mixed C-H bending / mixed-phase C-C stretching,nu(C1-H12),bond,0.010635665162943526,+,0.004303941580069467,0.34014771984390524
22,907.0477342754536,,,mixed C-H bending / mixed-phase C-C stretching,nu(C5-N6),bond,0.01036405951477608,-,-0.0022057268147745866,1.2620079646923392
22,907.0477342754536,,,mixed C-H bending / mixed-phase C-C stretching,nu(C1-H10),bond,0.00378631659822528,+,0.002567624357827881,0.34024331001250363
22,907.0477342754536,,,mixed C-H bending / mixed-phase C-C stretching,nu(C1-H11),bond,0.0034310079189468798,-,-0.002431315600742427,0.3438544825310618
22,907.0477342754536,,,mixed C-H bending / mixed-phase C-C stretching,nu(C3-H13),bond,0.0007543482522774769,+,0.0012133691671480664,0.3035439784651939
22,907.0477342754536,,,mixed C-H bending / mixed-phase C-C stretching,nu(C8-H16),bond,0.00046095575573848046,-,-0.0008821417613828978,0.3509280802784062
22,907.0477342754536,,,mixed C-H bending / mixed-phase C-C stretching,tau(H15-C8-O9-C7),dihedral,0.0003435499638312,+,0.0011673807660289076,0.14934836877361438
22,907.0477342754536,,,mixed C-H bending / mixed-phase C-C stretching,nu(C8-H15),bond,0.00030809986522314106,-,-0.0007229081982610114,0.3492696522347172
22,907.0477342754536,,,mixed C-H bending / mixed-phase C-C stretching,nu(C7-H14),bond,0.000116503774082343,-,-0.00044510502943855,0.3483779301496586
23,945.4216379195523,,,mixed mixed-phase C-C stretching / C-O out-of-plane bending,nu(C1-C2),bond,22.022186444325172,+,0.185280652872399,0.2487295415383795
23,945.4216379195523,,,mixed mixed-phase C-C stretching / C-O out-of-plane bending,nu(C2-C5),bond,19.911456382896162,-,-0.15854464564124526,0.30713332855890746
23,945.4216379195523,,,mixed mixed-phase C-C stretching / C-O out-of-plane bending,"gamma(O4;C3,C2,H13)",oop,19.10805358951652,+,0.2614055078158504,0.10842116305321652
23,945.4216379195523,,,mixed mixed-phase C-C stretching / C-O out-of-plane bending,tau(H16-C8-O9-C7),dihedral,6.801933197185347,-,-0.13061371903334962,0.15459016127646946
23,945.4216379195523,,,mixed mixed-phase C-C stretching / C-O out-of-plane bending,tau(H15-C8-O9-C7),dihedral,5.443381451332474,-,-0.11887695775311168,0.14934836877361438
23,945.4216379195523,,,mixed mixed-phase C-C stretching / C-O out-of-plane bending,nu(C7-O9),bond,3.271723987326327,+,0.06790464231349079,0.2751090044314047
23,945.4216379195523,,,mixed mixed-phase C-C stretching / C-O out-of-plane bending,nu(C7-C8),bond,3.042112297040401,-,-0.05742256493404189,0.35771499490439007
23,945.4216379195523,,,mixed mixed-phase C-C stretching / C-O out-of-plane bending,nu(C2-C3),bond,2.8349782354922577,+,0.06991740255573013,0.22485690906594918
23,945.4216379195523,,,mixed mixed-phase C-C stretching / C-O out-of-plane bending,tau(H11-C1-C2-C3),dihedral,2.2782644586772323,-,-0.05215403279463322,0.3247546831827063
23,945.4216379195523,,,mixed mixed-phase C-C stretching / C-O out-of-plane bending,delta(C3-C2-C7),angle,2.114484285746129,-,-0.03820744423140726,0.5616109478032196
23,945.4216379195523,,,mixed mixed-phase C-C stretching / C-O out-of-plane bending,tau(C1-C2-C7-H14),dihedral,1.6226228618634668,-,-0.06484452224524095,0.14962290410311005
23,945.4216379195523,,,mixed mixed-phase C-C stretching / C-O out-of-plane bending,nu(C5-N6),bond,1.3390445721146924,-,-0.02028289807606304,1.2620079646923392
23,945.4216379195523,,,mixed mixed-phase C-C stretching / C-O out-of-plane bending,tau(C7-C2-C3-H13),dihedral,1.3360910056080042,-,-0.2914747616623403,0.006097631958842238
23,945.4216379195523,,,mixed mixed-phase C-C stretching / C-O out-of-plane bending,delta(C2-C1-H11),angle,1.3246272316962584,+,0.04010695988454102,0.31928702534045783
23,945.4216379195523,,,mixed mixed-phase C-C stretching / C-O out-of-plane bending,delta(C2-C7-O9),angle,1.3006467578014052,-,-0.040463746348358864,0.3080025148114132
23,945.4216379195523,,,mixed mixed-phase C-C stretching / C-O out-of-plane bending,tau(H10-C1-C2-C5),dihedral,1.22015260631512,-,-0.03859212781189755,0.3176462861302484
23,945.4216379195523,,,mixed mixed-phase C-C stretching / C-O out-of-plane bending,delta(C1-C2-C3),angle,0.8574139300678857,-,-0.025346566911526314,0.5174630280054322
23,945.4216379195523,,,mixed mixed-phase C-C stretching / C-O out-of-plane bending,delta(H11-C1-H12),angle,0.7397190920055454,+,0.0269446732463486,0.39504635969426727
23,945.4216379195523,,,mixed mixed-phase C-C stretching / C-O out-of-plane bending,tau(C3-C2-C7-O9),dihedral,0.604277023327593,+,0.03809980978391778,0.16140520854966225
23,945.4216379195523,,,mixed mixed-phase C-C stretching / C-O out-of-plane bending,delta(C2-C1-H12),angle,0.5297756001514978,+,0.02177205967189167,0.4333312396216148
23,945.4216379195523,,,mixed mixed-phase C-C stretching / C-O out-of-plane bending,nu(C8-O9),bond,0.4257100059988825,+,0.025118564257126885,0.2616081760262354
23,945.4216379195523,,,mixed mixed-phase C-C stretching / C-O out-of-plane bending,delta(C2-C7-H14),angle,0.37759427868588846,-,-0.023457722909956957,0.26606073120081736
23,945.4216379195523,,,mixed mixed-phase C-C stretching / C-O out-of-plane bending,delta(C1-C2-C7),angle,0.29532254993561413,-,-0.014605689837770735,0.5367592543463449
23,945.4216379195523,,,mixed mixed-phase C-C stretching / C-O out-of-plane bending,delta_lin1(C2-C5-N6),linbend1,0.2896695660950975,+,0.03679825659019225,0.08294218288781345
23,945.4216379195523,,,mixed mixed-phase C-C stretching / C-O out-of-plane bending,delta(O9-C8-H16),angle,0.24035975031448953,+,0.02028639083882065,0.22645360898683478
23,945.4216379195523,,,mixed mixed-phase C-C stretching / C-O out-of-plane bending,nu(C2-C7),bond,0.21299647538708333,-,-0.017591862641033844,0.266855307641462
23,945.4216379195523,,,mixed mixed-phase C-C stretching / C-O out-of-plane bending,delta_lin2(C2-C5-N6),linbend2,0.17775677066176318,+,0.02988430297802776,0.07717328181589451
23,945.4216379195523,,,mixed mixed-phase C-C stretching / C-O out-of-plane bending,tau(C2-C7-O9-C8),dihedral,0.09306884396481373,+,0.011044654133073036,0.2958197445613641
23,945.4216379195523,,,mixed mixed-phase C-C stretching / C-O out-of-plane bending,delta(O4-C3-H13),angle,0.04810993921545247,-,-0.007908634332919154,0.2982351963672958
23,945.4216379195523,,,mixed mixed-phase C-C stretching / C-O out-of-plane bending,delta(C1-C2-C5),angle,0.029787626133220956,-,-0.005958444938231356,0.32530977442154063
23,945.4216379195523,,,mixed mixed-phase C-C stretching / C-O out-of-plane bending,delta(H10-C1-H12),angle,0.02795420423175767,-,-0.005258127587638205,0.3920233835726058
23,945.4216379195523,,,mixed mixed-phase C-C stretching / C-O out-of-plane bending,delta(C2-C3-O4),angle,0.025447830738625308,+,0.005023984573475024,0.3909140249669613
23,945.4216379195523,,,mixed mixed-phase C-C stretching / C-O out-of-plane bending,nu(C7-H14),bond,0.019050396362827213,-,-0.004604582199377462,0.3483779301496586
23,945.4216379195523,,,mixed mixed-phase C-C stretching / C-O out-of-plane bending,nu(C3-O4),bond,0.015333574118540888,+,0.0026032703875587234,0.8772672552439119
23,945.4216379195523,,,mixed mixed-phase C-C stretching / C-O out-of-plane bending,nu(C8-H15),bond,0.007836168896208964,-,-0.002949409043653811,0.3492696522347172
23,945.4216379195523,,,mixed mixed-phase C-C stretching / C-O out-of-plane bending,delta(H10-C1-H11),angle,0.004065015082166765,+,0.0019617974625632667,0.40952545667995893
23,945.4216379195523,,,mixed mixed-phase C-C stretching / C-O out-of-plane bending,nu(C8-H16),bond,0.00362484926753693,+,0.0020012412918573317,0.3509280802784062
23,945.4216379195523,,,mixed mixed-phase C-C stretching / C-O out-of-plane bending,delta(O9-C8-H15),angle,0.0030521061379929766,-,-0.0022887259931847373,0.22591189957815877
23,945.4216379195523,,,mixed mixed-phase C-C stretching / C-O out-of-plane bending,nu(C1-H10),bond,0.00013972898546029384,+,0.00039903592339417536,0.34024331001250363
23,945.4216379195523,,,mixed mixed-phase C-C stretching / C-O out-of-plane bending,nu(C1-H12),bond,0.00013495891983371684,-,-0.00039222073959745905,0.34014771984390524
23,945.4216379195523,,,mixed mixed-phase C-C stretching / C-O out-of-plane bending,nu(C1-H11),bond,2.255256961214284e-05,-,-0.00015946824341092633,0.3438544825310618
23,945.4216379195523,,,mixed mixed-phase C-C stretching / C-O out-of-plane bending,nu(C3-H13),bond,1.7797807616195676e-05,-,-0.00015077730709355292,0.3035439784651939
24,992.0330440937935,,,mixed C-H bending / C-C torsion,delta(C2-C1-H12),angle,25.616873648697254,-,-0.1878696346438146,0.4333312396216148
24,992.0330440937935,,,mixed C-H bending / C-C torsion,tau(H11-C1-C2-C3),dihedral,13.25328793541348,+,0.15609451141039699,0.3247546831827063
24,992.0330440937935,,,mixed C-H bending / C-C torsion,"gamma(O4;C3,C2,H13)",oop,8.001014778691061,+,0.20990318706346414,0.10842116305321652
24,992.0330440937935,,,mixed C-H bending / C-C torsion,nu(C2-C7),bond,7.782696109359267,-,-0.13195645543434562,0.266855307641462
24,992.0330440937935,,,mixed C-H bending / C-C torsion,tau(H10-C1-C2-C5),dihedral,6.958502641422839,-,-0.11436405205194013,0.3176462861302484
24,992.0330440937935,,,mixed C-H bending / C-C torsion,delta(C2-C3-O4),angle,5.045451359791945,-,-0.087783504168298,0.3909140249669613
24,992.0330440937935,,,mixed C-H bending / C-C torsion,nu(C8-O9),bond,4.937120574619512,-,-0.10614871417447869,0.2616081760262354
24,992.0330440937935,,,mixed C-H bending / C-C torsion,nu(C2-C3),bond,3.805257790255686,+,0.10051767876065171,0.22485690906594918
24,992.0330440937935,,,mixed C-H bending / C-C torsion,nu(C7-O9),bond,3.503837662727128,-,-0.08720133081848418,0.2751090044314047
24,992.0330440937935,,,mixed C-H bending / C-C torsion,delta(C3-C2-C7),angle,2.622518848778455,+,0.05280135332523459,0.5616109478032196
24,992.0330440937935,,,mixed C-H bending / C-C torsion,tau(H15-C8-O9-C7),dihedral,2.196504424350456,+,0.09370641580012117,0.14934836877361438
24,992.0330440937935,,,mixed C-H bending / C-C torsion,delta(H10-C1-H11),angle,1.7790667349339515,+,0.0509283018471039,0.40952545667995893
24,992.0330440937935,,,mixed C-H bending / C-C torsion,tau(H16-C8-O9-C7),dihedral,1.6016513866486706,+,0.07864961466829946,0.15459016127646946
24,992.0330440937935,,,mixed C-H bending / C-C torsion,delta(C2-C1-H11),angle,1.583756449441893,+,0.05441981864469238,0.31928702534045783
24,992.0330440937935,,,mixed C-H bending / C-C torsion,delta(H11-C1-H12),angle,1.485155281957696,-,-0.04737676767936892,0.39504635969426727
24,992.0330440937935,,,mixed C-H bending / C-C torsion,nu(C1-C2),bond,1.3499251893952713,+,0.05692390605812421,0.2487295415383795
24,992.0330440937935,,,mixed C-H bending / C-C torsion,tau(C3-C2-C7-O9),dihedral,1.2385434766258312,-,-0.06768623894811668,0.16140520854966225
24,992.0330440937935,,,mixed C-H bending / C-C torsion,nu(C7-C8),bond,1.131048409521923,+,0.04344857639372922,0.35771499490439007
24,992.0330440937935,,,mixed C-H bending / C-C torsion,nu(C2-C5),bond,0.9022986016691267,+,0.04188082192293572,0.30713332855890746
24,992.0330440937935,,,mixed C-H bending / C-C torsion,delta(C2-C7-O9),angle,0.8237516445470806,+,0.03995991386112551,0.3080025148114132
24,992.0330440937935,,,mixed C-H bending / C-C torsion,delta(O4-C3-H13),angle,0.7388346997530998,+,0.03845897643610368,0.2982351963672958
24,992.0330440937935,,,mixed C-H bending / C-C torsion,tau(C2-C7-O9-C8),dihedral,0.7148119412305692,+,0.03798270127745272,0.2958197445613641
24,992.0330440937935,,,mixed C-H bending / C-C torsion,delta(O9-C8-H15),angle,0.5277951252596149,+,0.03734794073642594,0.22591189957815877
24,992.0330440937935,,,mixed C-H bending / C-C torsion,tau(C1-C2-C7-H14),dihedral,0.5086163540712205,-,-0.04505050333082992,0.14962290410311005
24,992.0330440937935,,,mixed C-H bending / C-C torsion,delta(O9-C8-H16),angle,0.41197123949668635,-,-0.032956975805893296,0.22645360898683478
24,992.0330440937935,,,mixed C-H bending / C-C torsion,tau(C7-C2-C3-H13),dihedral,0.40709237999612996,-,-0.19965004394188776,0.006097631958842238
24,992.0330440937935,,,mixed C-H bending / C-C torsion,delta(C1-C2-C7),angle,0.29166709322254253,-,-0.018011814830512007,0.5367592543463449
24,992.0330440937935,,,mixed C-H bending / C-C torsion,delta_lin2(C2-C5-N6),linbend2,0.28976841968471057,+,0.0473473382286427,0.07717328181589451
24,992.0330440937935,,,mixed C-H bending / C-C torsion,delta(H10-C1-H12),angle,0.1270954789166108,-,-0.013912737525183672,0.3920233835726058
24,992.0330440937935,,,mixed C-H bending / C-C torsion,nu(C3-O4),bond,0.1021552531644568,-,-0.008338115753188774,0.8772672552439119
24,992.0330440937935,,,mixed C-H bending / C-C torsion,delta(C1-C2-C5),angle,0.09374322820303012,-,-0.013116710206847801,0.32530977442154063
24,992.0330440937935,,,mixed C-H bending / C-C torsion,nu(C5-N6),bond,0.08939739707110164,+,0.006503316886494163,1.2620079646923392
24,992.0330440937935,,,mixed C-H bending / C-C torsion,delta_lin1(C2-C5-N6),linbend1,0.0603472507103381,+,0.020842247148460485,0.08294218288781345
24,992.0330440937935,,,mixed C-H bending / C-C torsion,nu(C1-H12),bond,0.006187683987373112,+,0.0032955947937241153,0.34014771984390524
24,992.0330440937935,,,mixed C-H bending / C-C torsion,delta(C2-C7-H14),angle,0.004654281098175612,+,0.003231762533449862,0.26606073120081736
24,992.0330440937935,,,mixed C-H bending / C-C torsion,nu(C3-H13),bond,0.0024410057293670546,+,0.0021911752595875213,0.3035439784651939
24,992.0330440937935,,,mixed C-H bending / C-C torsion,nu(C8-H15),bond,0.0021050511289597506,+,0.0018969436313258866,0.3492696522347172
24,992.0330440937935,,,mixed C-H bending / C-C torsion,nu(C1-H10),bond,0.0016528924770795933,-,-0.0017030642459033225,0.34024331001250363
24,992.0330440937935,,,mixed C-H bending / C-C torsion,nu(C7-H14),bond,0.0011079940799802951,+,0.0013779927417208557,0.3483779301496586
24,992.0330440937935,,,mixed C-H bending / C-C torsion,nu(C1-H11),bond,0.00015690507375452036,+,0.0005219569393711604,0.3438544825310618
24,992.0330440937935,,,mixed C-H bending / C-C torsion,delta(C1-C2-C3),angle,0.0001351406335612786,-,-0.0003948724550189355,0.5174630280054322
24,992.0330440937935,,,mixed C-H bending / C-C torsion,nu(C8-H16),bond,2.3616309805751688e-07,+,2.0044742690096942e-05,0.3509280802784062
25,1029.5272225352578,,,mixed ring-site C-H out-of-plane bending / C-H bending,tau(H15-C8-O9-C7),dihedral,21.40669404469421,-,-0.28813683254170547,0.14934836877361438
25,1029.5272225352578,,,mixed ring-site C-H out-of-plane bending / C-H bending,delta(C2-C1-H12),angle,19.520006396466528,-,-0.16153037327836736,0.4333312396216148
25,1029.5272225352578,,,mixed ring-site C-H out-of-plane bending / C-H bending,tau(H16-C8-O9-C7),dihedral,17.09763212259978,-,-0.25310532227813387,0.15459016127646946
25,1029.5272225352578,,,mixed ring-site C-H out-of-plane bending / C-H bending,tau(C1-C2-C7-H14),dihedral,7.797932809184869,-,-0.17374604316564235,0.14962290410311005
25,1029.5272225352578,,,mixed ring-site C-H out-of-plane bending / C-H bending,delta(C2-C7-H14),angle,7.461749099133036,-,-0.12745419937825647,0.26606073120081736
25,1029.5272225352578,,,mixed ring-site C-H out-of-plane bending / C-H bending,tau(H11-C1-C2-C3),dihedral,4.773015707284567,+,0.09226626468388399,0.3247546831827063
25,1029.5272225352578,,,mixed ring-site C-H out-of-plane bending / C-H bending,"gamma(O4;C3,C2,H13)",oop,4.462003727560653,-,-0.15439461610764213,0.10842116305321652
25,1029.5272225352578,,,mixed ring-site C-H out-of-plane bending / C-H bending,tau(C2-C7-O9-C8),dihedral,3.4175145686540533,-,-0.08180235880576676,0.2958197445613641
25,1029.5272225352578,,,mixed ring-site C-H out-of-plane bending / C-H bending,nu(C2-C7),bond,2.423524491265545,-,-0.0725287182163684,0.266855307641462
25,1029.5272225352578,,,mixed ring-site C-H out-of-plane bending / C-H bending,delta(H10-C1-H11),angle,1.717152874236788,+,0.049281991263069556,0.40952545667995893
25,1029.5272225352578,,,mixed ring-site C-H out-of-plane bending / C-H bending,tau(C3-C2-C7-O9),dihedral,1.4114997592141614,+,0.07117145591133228,0.16140520854966225
25,1029.5272225352578,,,mixed ring-site C-H out-of-plane bending / C-H bending,delta(C2-C7-O9),angle,1.3343960171928617,+,0.05009443189210639,0.3080025148114132
25,1029.5272225352578,,,mixed ring-site C-H out-of-plane bending / C-H bending,delta(H11-C1-H12),angle,1.2574833656324564,-,-0.04293893917253195,0.39504635969426727
25,1029.5272225352578,,,mixed ring-site C-H out-of-plane bending / C-H bending,nu(C2-C3),bond,1.2369626866340502,-,-0.05644810927438209,0.22485690906594918
25,1029.5272225352578,,,mixed ring-site C-H out-of-plane bending / C-H bending,nu(C7-O9),bond,1.0166943713719525,+,0.04626654032426774,0.2751090044314047
25,1029.5272225352578,,,mixed ring-site C-H out-of-plane bending / C-H bending,nu(C8-O9),bond,0.772154272720252,+,0.041347628114918614,0.2616081760262354
25,1029.5272225352578,,,mixed ring-site C-H out-of-plane bending / C-H bending,nu(C1-C2),bond,0.5699554734744093,+,0.03643183095483342,0.2487295415383795
25,1029.5272225352578,,,mixed ring-site C-H out-of-plane bending / C-H bending,delta(C3-C2-C7),angle,0.3063277213364769,+,0.01777458976544486,0.5616109478032196
25,1029.5272225352578,,,mixed ring-site C-H out-of-plane bending / C-H bending,delta(O9-C8-H16),angle,0.28207640188491934,-,-0.02686073998594293,0.22645360898683478
25,1029.5272225352578,,,mixed ring-site C-H out-of-plane bending / C-H bending,tau(C7-C2-C3-H13),dihedral,0.2577703274949404,+,0.15648044637049252,0.006097631958842238
25,1029.5272225352578,,,mixed ring-site C-H out-of-plane bending / C-H bending,delta(C2-C1-H11),angle,0.22746008963847753,-,-0.020313566775182146,0.31928702534045783
25,1029.5272225352578,,,mixed ring-site C-H out-of-plane bending / C-H bending,nu(C7-C8),bond,0.21163053185600517,-,-0.01851163622876869,0.35771499490439007
25,1029.5272225352578,,,mixed ring-site C-H out-of-plane bending / C-H bending,tau(H10-C1-C2-C5),dihedral,0.17660638583989313,-,-0.017945498585313475,0.3176462861302484
25,1029.5272225352578,,,mixed ring-site C-H out-of-plane bending / C-H bending,delta(O9-C8-H15),angle,0.16947278803463836,+,0.020845132109827882,0.22591189957815877
25,1029.5272225352578,,,mixed ring-site C-H out-of-plane bending / C-H bending,delta(C1-C2-C3),angle,0.1597646854784205,-,-0.01337288007890528,0.5174630280054322
25,1029.5272225352578,,,mixed ring-site C-H out-of-plane bending / C-H bending,delta(C2-C3-O4),angle,0.1262116273903094,+,0.013675187062747073,0.3909140249669613
25,1029.5272225352578,,,mixed ring-site C-H out-of-plane bending / C-H bending,delta_lin2(C2-C5-N6),linbend2,0.1040933391305222,-,-0.02795131238835223,0.07717328181589451
25,1029.5272225352578,,,mixed ring-site C-H out-of-plane bending / C-H bending,delta(C1-C2-C5),angle,0.08460136877131698,+,0.012273384980886344,0.32530977442154063
25,1029.5272225352578,,,mixed ring-site C-H out-of-plane bending / C-H bending,delta(C1-C2-C7),angle,0.05314658812032652,-,-0.007573072989308452,0.5367592543463449
25,1029.5272225352578,,,mixed ring-site C-H out-of-plane bending / C-H bending,delta(H10-C1-H12),angle,0.051237077787476465,+,0.008700824491488084,0.3920233835726058
25,1029.5272225352578,,,mixed ring-site C-H out-of-plane bending / C-H bending,nu(C7-H14),bond,0.0403910749102374,-,-0.008194861286600668,0.3483779301496586
25,1029.5272225352578,,,mixed ring-site C-H out-of-plane bending / C-H bending,nu(C2-C5),bond,0.01892518932893682,+,0.005974215189358115,0.30713332855890746
25,1029.5272225352578,,,mixed ring-site C-H out-of-plane bending / C-H bending,nu(C8-H16),bond,0.013267358370659496,+,0.004679585517819492,0.3509280802784062
25,1029.5272225352578,,,mixed ring-site C-H out-of-plane bending / C-H bending,delta_lin1(C2-C5-N6),linbend1,0.009822084530822584,-,-0.008282059031651027,0.08294218288781345
25,1029.5272225352578,,,mixed ring-site C-H out-of-plane bending / C-H bending,nu(C8-H15),bond,0.008979724602635937,-,-0.0038590046454729304,0.3492696522347172
25,1029.5272225352578,,,mixed ring-site C-H out-of-plane bending / C-H bending,nu(C3-O4),bond,0.007210375660477826,-,-0.0021819118696567072,0.8772672552439119
25,1029.5272225352578,,,mixed ring-site C-H out-of-plane bending / C-H bending,nu(C1-H10),bond,0.006282255055866764,-,-0.0032702970558376584,0.34024331001250363
25,1029.5272225352578,,,mixed ring-site C-H out-of-plane bending / C-H bending,delta(O4-C3-H13),angle,0.004640837487803205,+,0.0030022230222492706,0.2982351963672958
25,1029.5272225352578,,,mixed ring-site C-H out-of-plane bending / C-H bending,nu(C1-H12),bond,0.0026745971442591584,+,0.002134123876627785,0.34014771984390524
25,1029.5272225352578,,,mixed ring-site C-H out-of-plane bending / C-H bending,nu(C1-H11),bond,0.0006903622201602027,-,-0.0010783888323594145,0.3438544825310618
25,1029.5272225352578,,,mixed ring-site C-H out-of-plane bending / C-H bending,nu(C3-H13),bond,0.0003183487302312033,-,-0.0007794081961360608,0.3035439784651939
25,1029.5272225352578,,,mixed ring-site C-H out-of-plane bending / C-H bending,nu(C5-N6),bond,2.707187401122118e-05,+,0.00011146854457946736,1.2620079646923392
26,1080.1919981034996,,,mixed ring-site C-H in-plane bending / mixed-phase C-C stretching,nu(C1-C2),bond,21.58524942522541,+,0.21702857270406017,0.2487295415383795
26,1080.1919981034996,,,mixed ring-site C-H in-plane bending / mixed-phase C-C stretching,"gamma(O4;C3,C2,H13)",oop,14.679863875865234,-,-0.271085349080916,0.10842116305321652
26,1080.1919981034996,,,mixed ring-site C-H in-plane bending / mixed-phase C-C stretching,delta(O9-C8-H15),angle,13.850269039756357,+,0.1824154480934221,0.22591189957815877
26,1080.1919981034996,,,mixed ring-site C-H in-plane bending / mixed-phase C-C stretching,delta(O9-C8-H16),angle,11.600693323598962,-,-0.16674561158920448,0.22645360898683478
26,1080.1919981034996,,,mixed ring-site C-H in-plane bending / mixed-phase C-C stretching,delta(C2-C1-H11),angle,4.317519824060874,+,0.08566996668446225,0.31928702534045783
26,1080.1919981034996,,,mixed ring-site C-H in-plane bending / mixed-phase C-C stretching,delta(C1-C2-C5),angle,4.290877299268213,-,-0.08461094679896974,0.32530977442154063
26,1080.1919981034996,,,mixed ring-site C-H in-plane bending / mixed-phase C-C stretching,tau(C1-C2-C7-H14),dihedral,3.981568651915254,-,-0.12017942657219403,0.14962290410311005
26,1080.1919981034996,,,mixed ring-site C-H in-plane bending / mixed-phase C-C stretching,delta(C3-C2-C7),angle,3.6041629289437886,+,0.05901827182601449,0.5616109478032196
26,1080.1919981034996,,,mixed ring-site C-H in-plane bending / mixed-phase C-C stretching,tau(H15-C8-O9-C7),dihedral,3.2679962599006385,+,0.10897894440250143,0.14934836877361438
26,1080.1919981034996,,,mixed ring-site C-H in-plane bending / mixed-phase C-C stretching,delta(C1-C2-C3),angle,2.9494439297082145,-,-0.05562019058902015,0.5174630280054322
26,1080.1919981034996,,,mixed ring-site C-H in-plane bending / mixed-phase C-C stretching,nu(C2-C3),bond,2.7563278337637898,-,-0.08156697951074723,0.22485690906594918
26,1080.1919981034996,,,mixed ring-site C-H in-plane bending / mixed-phase C-C stretching,tau(H16-C8-O9-C7),dihedral,2.1106296632085417,+,0.08608295303621671,0.15459016127646946
26,1080.1919981034996,,,mixed ring-site C-H in-plane bending / mixed-phase C-C stretching,delta(C1-C2-C7),angle,2.015524367584952,-,-0.04514465301269759,0.5367592543463449
26,1080.1919981034996,,,mixed ring-site C-H in-plane bending / mixed-phase C-C stretching,delta(H11-C1-H12),angle,1.563322825596214,+,0.04634494441408964,0.39504635969426727
26,1080.1919981034996,,,mixed ring-site C-H in-plane bending / mixed-phase C-C stretching,tau(H11-C1-C2-C3),dihedral,1.1679586599699336,-,-0.04418125900206554,0.3247546831827063
26,1080.1919981034996,,,mixed ring-site C-H in-plane bending / mixed-phase C-C stretching,tau(C3-C2-C7-O9),dihedral,1.1146335130823892,+,0.06122225738970073,0.16140520854966225
26,1080.1919981034996,,,mixed ring-site C-H in-plane bending / mixed-phase C-C stretching,delta_lin1(C2-C5-N6),linbend1,0.9529650767039192,+,0.07896830665593056,0.08294218288781345
26,1080.1919981034996,,,mixed ring-site C-H in-plane bending / mixed-phase C-C stretching,tau(C2-C7-O9-C8),dihedral,0.9356240331683797,+,0.04143231203881711,0.2958197445613641
26,1080.1919981034996,,,mixed ring-site C-H in-plane bending / mixed-phase C-C stretching,nu(C2-C5),bond,0.7464050698353542,-,-0.036318330824761394,0.30713332855890746
26,1080.1919981034996,,,mixed ring-site C-H in-plane bending / mixed-phase C-C stretching,nu(C2-C7),bond,0.5809892552831719,-,-0.03437543408110097,0.266855307641462
26,1080.1919981034996,,,mixed ring-site C-H in-plane bending / mixed-phase C-C stretching,delta(H10-C1-H12),angle,0.5560310071132949,-,-0.027745693358426773,0.3920233835726058
26,1080.1919981034996,,,mixed ring-site C-H in-plane bending / mixed-phase C-C stretching,tau(C7-C2-C3-H13),dihedral,0.28477884448976487,+,0.15921182521356822,0.006097631958842238
26,1080.1919981034996,,,mixed ring-site C-H in-plane bending / mixed-phase C-C stretching,tau(H10-C1-C2-C5),dihedral,0.23246674938859999,-,-0.019930151207894847,0.3176462861302484
26,1080.1919981034996,,,mixed ring-site C-H in-plane bending / mixed-phase C-C stretching,delta(C2-C7-H14),angle,0.21168082443686997,+,0.02078032962592703,0.26606073120081736
26,1080.1919981034996,,,mixed ring-site C-H in-plane bending / mixed-phase C-C stretching,nu(C8-O9),bond,0.1448546468877268,-,-0.017335749494149698,0.2616081760262354
26,1080.1919981034996,,,mixed ring-site C-H in-plane bending / mixed-phase C-C stretching,delta(C2-C1-H12),angle,0.09041156272937206,+,0.010641529457633064,0.4333312396216148
26,1080.1919981034996,,,mixed ring-site C-H in-plane bending / mixed-phase C-C stretching,nu(C7-C8),bond,0.09003883813038832,-,-0.01168822145592482,0.35771499490439007
26,1080.1919981034996,,,mixed ring-site C-H in-plane bending / mixed-phase C-C stretching,delta_lin2(C2-C5-N6),linbend2,0.08450574183427566,-,-0.024378764267660783,0.07717328181589451
26,1080.1919981034996,,,mixed ring-site C-H in-plane bending / mixed-phase C-C stretching,delta(O4-C3-H13),angle,0.08244490916582042,+,0.0122491100738824,0.2982351963672958
26,1080.1919981034996,,,mixed ring-site C-H in-plane bending / mixed-phase C-C stretching,delta(C2-C7-O9),angle,0.03383259335037786,+,0.007721338219651359,0.3080025148114132
26,1080.1919981034996,,,mixed ring-site C-H in-plane bending / mixed-phase C-C stretching,nu(C5-N6),bond,0.0305991564486602,-,-0.003627653033946617,1.2620079646923392
26,1080.1919981034996,,,mixed ring-site C-H in-plane bending / mixed-phase C-C stretching,delta(H10-C1-H11),angle,0.028894412832525654,+,0.00618825994350498,0.40952545667995893
26,1080.1919981034996,,,mixed ring-site C-H in-plane bending / mixed-phase C-C stretching,delta(C2-C3-O4),angle,0.026722066774980447,-,-0.0060911102399720096,0.3909140249669613
26,1080.1919981034996,,,mixed ring-site C-H in-plane bending / mixed-phase C-C stretching,nu(C8-H16),bond,0.00846181584244963,-,-0.0036176353403696688,0.3509280802784062
26,1080.1919981034996,,,mixed ring-site C-H in-plane bending / mixed-phase C-C stretching,nu(C8-H15),bond,0.005790719070289933,+,0.0029997695019590635,0.3492696522347172
26,1080.1919981034996,,,mixed ring-site C-H in-plane bending / mixed-phase C-C stretching,nu(C3-O4),bond,0.004376589739644748,+,0.0016455232485363994,0.8772672552439119
26,1080.1919981034996,,,mixed ring-site C-H in-plane bending / mixed-phase C-C stretching,nu(C1-H11),bond,0.004243956481814865,-,-0.0025882139823647735,0.3438544825310618
26,1080.1919981034996,,,mixed ring-site C-H in-plane bending / mixed-phase C-C stretching,nu(C1-H10),bond,0.003496585185117266,+,0.0023617249761507964,0.34024331001250363
26,1080.1919981034996,,,mixed ring-site C-H in-plane bending / mixed-phase C-C stretching,nu(C3-H13),bond,0.0028114157640063467,-,-0.0022420938635752245,0.3035439784651939
26,1080.1919981034996,,,mixed ring-site C-H in-plane bending / mixed-phase C-C stretching,nu(C7-O9),bond,0.0010431049077150804,-,-0.001434543278568056,0.2751090044314047
26,1080.1919981034996,,,mixed ring-site C-H in-plane bending / mixed-phase C-C stretching,nu(C7-H14),bond,0.00046462080607018267,-,-0.0008507972410993007,0.3483779301496586
26,1080.1919981034996,,,mixed ring-site C-H in-plane bending / mixed-phase C-C stretching,nu(C1-H12),bond,2.4982180654397443e-05,-,-0.00019965649994033535,0.34014771984390524
27,1112.9176406751612,,,mixed ring-site C-H in-plane bending / C-C torsion,delta(O9-C8-H16),angle,20.988938546967795,+,0.25390108600326716,0.22645360898683478
27,1112.9176406751612,,,mixed ring-site C-H in-plane bending / C-C torsion,delta(O9-C8-H15),angle,19.33955228652719,-,-0.24401279412914897,0.22591189957815877
27,1112.9176406751612,,,mixed ring-site C-H in-plane bending / C-C torsion,tau(C1-C2-C7-H14),dihedral,12.564612838651193,+,0.24167652026375636,0.14962290410311005
27,1112.9176406751612,,,mixed ring-site C-H in-plane bending / C-C torsion,nu(C1-C2),bond,10.720243556311061,+,0.17314006856579503,0.2487295415383795
27,1112.9176406751612,,,mixed ring-site C-H in-plane bending / C-C torsion,"gamma(O4;C3,C2,H13)",oop,7.669217504002356,-,-0.22180811968457984,0.10842116305321652
27,1112.9176406751612,,,mixed ring-site C-H in-plane bending / C-C torsion,delta(C3-C2-C7),angle,5.170949979572094,+,0.08002511915408511,0.5616109478032196
27,1112.9176406751612,,,mixed ring-site C-H in-plane bending / C-C torsion,tau(C2-C7-O9-C8),dihedral,4.148772074275214,+,0.09876547412404195,0.2958197445613641
27,1112.9176406751612,,,mixed ring-site C-H in-plane bending / C-C torsion,delta(C1-C2-C3),angle,3.1293291273452604,-,-0.06485521481826405,0.5174630280054322
27,1112.9176406751612,,,mixed ring-site C-H in-plane bending / C-C torsion,delta(C1-C2-C7),angle,2.980337628286538,-,-0.06214438668556546,0.5367592543463449
27,1112.9176406751612,,,mixed ring-site C-H in-plane bending / C-C torsion,nu(C7-O9),bond,2.9557690592915207,-,-0.08644538052968656,0.2751090044314047
27,1112.9176406751612,,,mixed ring-site C-H in-plane bending / C-C torsion,delta(C2-C7-O9),angle,2.4569695451517974,+,0.07448720854085984,0.3080025148114132
27,1112.9176406751612,,,mixed ring-site C-H in-plane bending / C-C torsion,nu(C2-C7),bond,1.9272055769085081,-,-0.07087368972616041,0.266855307641462
27,1112.9176406751612,,,mixed ring-site C-H in-plane bending / C-C torsion,nu(C8-O9),bond,1.8175271591824742,-,-0.06951423406030022,0.2616081760262354
27,1112.9176406751612,,,mixed ring-site C-H in-plane bending / C-C torsion,delta(C1-C2-C5),angle,1.2798591199938594,-,-0.052310813169624985,0.32530977442154063
27,1112.9176406751612,,,mixed ring-site C-H in-plane bending / C-C torsion,nu(C2-C5),bond,0.6093063713608059,-,-0.03714610912116655,0.30713332855890746
27,1112.9176406751612,,,mixed ring-site C-H in-plane bending / C-C torsion,delta_lin1(C2-C5-N6),linbend1,0.3989632764802734,+,0.0578412505640815,0.08294218288781345
27,1112.9176406751612,,,mixed ring-site C-H in-plane bending / C-C torsion,delta(C2-C3-O4),angle,0.3277503062325293,-,-0.024148483946777127,0.3909140249669613
27,1112.9176406751612,,,mixed ring-site C-H in-plane bending / C-C torsion,delta(O4-C3-H13),angle,0.26515374681173604,+,0.024867285475923314,0.2982351963672958
27,1112.9176406751612,,,mixed ring-site C-H in-plane bending / C-C torsion,nu(C2-C3),bond,0.1949966932891778,-,-0.024559495925863806,0.22485690906594918
27,1112.9176406751612,,,mixed ring-site C-H in-plane bending / C-C torsion,delta(C2-C1-H12),angle,0.1791529959790293,-,-0.01695746704416183,0.4333312396216148
27,1112.9176406751612,,,mixed ring-site C-H in-plane bending / C-C torsion,tau(H16-C8-O9-C7),dihedral,0.17796743024976056,-,-0.028296862423907745,0.15459016127646946
27,1112.9176406751612,,,mixed ring-site C-H in-plane bending / C-C torsion,tau(C3-C2-C7-O9),dihedral,0.15928186646702644,+,0.026198917005298514,0.16140520854966225
27,1112.9176406751612,,,mixed ring-site C-H in-plane bending / C-C torsion,tau(C7-C2-C3-H13),dihedral,0.10684003170444321,+,0.11039396801794332,0.006097631958842238
27,1112.9176406751612,,,mixed ring-site C-H in-plane bending / C-C torsion,delta(H10-C1-H11),angle,0.0890166833895228,+,0.012295726563895094,0.40952545667995893
27,1112.9176406751612,,,mixed ring-site C-H in-plane bending / C-C torsion,tau(H15-C8-O9-C7),dihedral,0.08031356294818297,+,0.01933985209490487,0.14934836877361438
27,1112.9176406751612,,,mixed ring-site C-H in-plane bending / C-C torsion,nu(C7-C8),bond,0.054198399325259626,+,0.010265582584103174,0.35771499490439007
27,1112.9176406751612,,,mixed ring-site C-H in-plane bending / C-C torsion,tau(H10-C1-C2-C5),dihedral,0.047590688588606433,-,-0.010208173599158751,0.3176462861302484
27,1112.9176406751612,,,mixed ring-site C-H in-plane bending / C-C torsion,tau(H11-C1-C2-C3),dihedral,0.040076240121838774,+,0.00926455827501191,0.3247546831827063
27,1112.9176406751612,,,mixed ring-site C-H in-plane bending / C-C torsion,nu(C5-N6),bond,0.02641244070039796,-,-0.003815330490787332,1.2620079646923392
27,1112.9176406751612,,,mixed ring-site C-H in-plane bending / C-C torsion,delta(C2-C7-H14),angle,0.024323120881833783,-,-0.007974036194816021,0.26606073120081736
27,1112.9176406751612,,,mixed ring-site C-H in-plane bending / C-C torsion,nu(C8-H15),bond,0.020395505787677688,-,-0.006373026989809149,0.3492696522347172
27,1112.9176406751612,,,mixed ring-site C-H in-plane bending / C-C torsion,delta(H11-C1-H12),angle,0.013199903766192416,+,0.004820813095779222,0.39504635969426727
27,1112.9176406751612,,,mixed ring-site C-H in-plane bending / C-C torsion,delta(H10-C1-H12),angle,0.012697058601625235,+,0.004746292722074718,0.3920233835726058
27,1112.9176406751612,,,mixed ring-site C-H in-plane bending / C-C torsion,nu(C8-H16),bond,0.00838004133251429,+,0.004075425548821792,0.3509280802784062
27,1112.9176406751612,,,mixed ring-site C-H in-plane bending / C-C torsion,delta_lin2(C2-C5-N6),linbend2,0.008310805837907581,-,-0.008654600534817437,0.07717328181589451
27,1112.9176406751612,,,mixed ring-site C-H in-plane bending / C-C torsion,nu(C3-O4),bond,0.005275309719127427,-,-0.0020451113800941025,0.8772672552439119
27,1112.9176406751612,,,mixed ring-site C-H in-plane bending / C-C torsion,delta(C2-C1-H11),angle,0.00047937262258550983,+,0.001021891818328351,0.31928702534045783
27,1112.9176406751612,,,mixed ring-site C-H in-plane bending / C-C torsion,nu(C3-H13),bond,0.0003694793272984128,-,-0.0009201173178880295,0.3035439784651939
27,1112.9176406751612,,,mixed ring-site C-H in-plane bending / C-C torsion,nu(C1-H11),bond,0.00021559953190744774,-,-0.0006603824229757079,0.3438544825310618
27,1112.9176406751612,,,mixed ring-site C-H in-plane bending / C-C torsion,nu(C1-H10),bond,2.37532589261988e-05,-,-0.00022035644016128606,0.34024331001250363
27,1112.9176406751612,,,mixed ring-site C-H in-plane bending / C-C torsion,nu(C7-H14),bond,2.2519761424063952e-05,-,-0.00021203888852545824,0.3483779301496586
27,1112.9176406751612,,,mixed ring-site C-H in-plane bending / C-C torsion,nu(C1-H12),bond,2.7934555619065015e-06,-,-7.557811312669002e-05,0.34014771984390524
28,1167.1614618850138,,,mixed ring-site C-H out-of-plane bending / ring-site C-H in-plane bending / C-H bending,tau(H16-C8-O9-C7),dihedral,25.967807754078706,+,0.34132701728355813,0.15459016127646946
28,1167.1614618850138,,,mixed ring-site C-H out-of-plane bending / ring-site C-H in-plane bending / C-H bending,delta(O9-C8-H15),angle,20.85149240182839,-,-0.25301307537477113,0.22591189957815877
28,1167.1614618850138,,,mixed ring-site C-H out-of-plane bending / ring-site C-H in-plane bending / C-H bending,tau(H15-C8-O9-C7),dihedral,13.59254851410619,-,-0.2512431045577102,0.14934836877361438
28,1167.1614618850138,,,mixed ring-site C-H out-of-plane bending / ring-site C-H in-plane bending / C-H bending,delta(C2-C1-H11),angle,8.360422323143917,+,0.13476199134896302,0.31928702534045783
28,1167.1614618850138,,,mixed ring-site C-H out-of-plane bending / ring-site C-H in-plane bending / C-H bending,delta(O9-C8-H16),angle,5.658711883553981,-,-0.1316476511891917,0.22645360898683478
28,1167.1614618850138,,,mixed ring-site C-H out-of-plane bending / ring-site C-H in-plane bending / C-H bending,delta(C2-C1-H12),angle,5.268793713495804,-,-0.09183104894434371,0.4333312396216148
28,1167.1614618850138,,,mixed ring-site C-H out-of-plane bending / ring-site C-H in-plane bending / C-H bending,nu(C7-O9),bond,3.870598727676152,+,0.09878263786040099,0.2751090044314047
28,1167.1614618850138,,,mixed ring-site C-H out-of-plane bending / ring-site C-H in-plane bending / C-H bending,nu(C2-C3),bond,3.5288686466474304,-,-0.10432984819177137,0.22485690906594918
28,1167.1614618850138,,,mixed ring-site C-H out-of-plane bending / ring-site C-H in-plane bending / C-H bending,nu(C8-O9),bond,2.3105463845862615,+,0.07826645015072413,0.2616081760262354
28,1167.1614618850138,,,mixed ring-site C-H out-of-plane bending / ring-site C-H in-plane bending / C-H bending,delta(C1-C2-C3),angle,2.2669496547090384,+,0.05512203239383058,0.5174630280054322
28,1167.1614618850138,,,mixed ring-site C-H out-of-plane bending / ring-site C-H in-plane bending / C-H bending,delta(H10-C1-H12),angle,1.7798772329303776,-,-0.05611551909028897,0.3920233835726058
28,1167.1614618850138,,,mixed ring-site C-H out-of-plane bending / ring-site C-H in-plane bending / C-H bending,delta(C1-C2-C7),angle,1.0485201868173477,-,-0.03680803004589748,0.5367592543463449
28,1167.1614618850138,,,mixed ring-site C-H out-of-plane bending / ring-site C-H in-plane bending / C-H bending,delta(H10-C1-H11),angle,1.0055765753545216,+,0.04126777646898014,0.40952545667995893
28,1167.1614618850138,,,mixed ring-site C-H out-of-plane bending / ring-site C-H in-plane bending / C-H bending,tau(H10-C1-C2-C5),dihedral,0.9022611418136222,-,-0.04438520018837975,0.3176462861302484
28,1167.1614618850138,,,mixed ring-site C-H out-of-plane bending / ring-site C-H in-plane bending / C-H bending,delta(H11-C1-H12),angle,0.7372132937242529,+,0.035976299829314676,0.39504635969426727
28,1167.1614618850138,,,mixed ring-site C-H out-of-plane bending / ring-site C-H in-plane bending / C-H bending,"gamma(O4;C3,C2,H13)",oop,0.5115199156500174,+,0.05720291886766239,0.10842116305321652
28,1167.1614618850138,,,mixed ring-site C-H out-of-plane bending / ring-site C-H in-plane bending / C-H bending,tau(C2-C7-O9-C8),dihedral,0.4738058339286753,+,0.03332963596268356,0.2958197445613641
28,1167.1614618850138,,,mixed ring-site C-H out-of-plane bending / ring-site C-H in-plane bending / C-H bending,nu(C2-C5),bond,0.32427453988728067,+,0.027060567477022436,0.30713332855890746
28,1167.1614618850138,,,mixed ring-site C-H out-of-plane bending / ring-site C-H in-plane bending / C-H bending,delta(C2-C3-O4),angle,0.3066047678737269,+,0.023323449008671476,0.3909140249669613
28,1167.1614618850138,,,mixed ring-site C-H out-of-plane bending / ring-site C-H in-plane bending / C-H bending,delta(C1-C2-C5),angle,0.2694363019159082,-,-0.023967539146718255,0.32530977442154063
28,1167.1614618850138,,,mixed ring-site C-H out-of-plane bending / ring-site C-H in-plane bending / C-H bending,tau(C1-C2-C7-H14),dihedral,0.22806235518391282,+,0.032514097942208664,0.14962290410311005
28,1167.1614618850138,,,mixed ring-site C-H out-of-plane bending / ring-site C-H in-plane bending / C-H bending,tau(C3-C2-C7-O9),dihedral,0.15725731405098536,-,-0.025995046658883452,0.16140520854966225
28,1167.1614618850138,,,mixed ring-site C-H out-of-plane bending / ring-site C-H in-plane bending / C-H bending,delta_lin2(C2-C5-N6),linbend2,0.1302364472337174,-,-0.03421186367074726,0.07717328181589451
28,1167.1614618850138,,,mixed ring-site C-H out-of-plane bending / ring-site C-H in-plane bending / C-H bending,delta(C2-C7-O9),angle,0.11433196835449028,+,0.016045403985577425,0.3080025148114132
28,1167.1614618850138,,,mixed ring-site C-H out-of-plane bending / ring-site C-H in-plane bending / C-H bending,nu(C2-C7),bond,0.08093597936996484,+,0.014503634196888715,0.266855307641462
28,1167.1614618850138,,,mixed ring-site C-H out-of-plane bending / ring-site C-H in-plane bending / C-H bending,nu(C7-C8),bond,0.07695481245704743,+,0.012214994236811171,0.35771499490439007
28,1167.1614618850138,,,mixed ring-site C-H out-of-plane bending / ring-site C-H in-plane bending / C-H bending,nu(C1-C2),bond,0.06525022121248253,+,0.01348873605659059,0.2487295415383795
28,1167.1614618850138,,,mixed ring-site C-H out-of-plane bending / ring-site C-H in-plane bending / C-H bending,delta(O4-C3-H13),angle,0.03675437100605869,-,-0.009245257181991241,0.2982351963672958
28,1167.1614618850138,,,mixed ring-site C-H out-of-plane bending / ring-site C-H in-plane bending / C-H bending,tau(C7-C2-C3-H13),dihedral,0.027019886776150758,-,-0.05543768745686638,0.006097631958842238
28,1167.1614618850138,,,mixed ring-site C-H out-of-plane bending / ring-site C-H in-plane bending / C-H bending,delta(C2-C7-H14),angle,0.012921170841861574,-,-0.005803693801422066,0.26606073120081736
28,1167.1614618850138,,,mixed ring-site C-H out-of-plane bending / ring-site C-H in-plane bending / C-H bending,nu(C1-H11),bond,0.008438410118191627,-,-0.004125598081366454,0.3438544825310618
28,1167.1614618850138,,,mixed ring-site C-H out-of-plane bending / ring-site C-H in-plane bending / C-H bending,nu(C5-N6),bond,0.007726550409128504,+,0.002060657055390233,1.2620079646923392
28,1167.1614618850138,,,mixed ring-site C-H out-of-plane bending / ring-site C-H in-plane bending / C-H bending,nu(C3-O4),bond,0.005191438924483679,+,0.002025917994936559,0.8772672552439119
28,1167.1614618850138,,,mixed ring-site C-H out-of-plane bending / ring-site C-H in-plane bending / C-H bending,delta_lin1(C2-C5-N6),linbend1,0.0028418773614954486,+,0.004874823351349131,0.08294218288781345
28,1167.1614618850138,,,mixed ring-site C-H out-of-plane bending / ring-site C-H in-plane bending / C-H bending,nu(C8-H16),bond,0.002774693838510643,+,0.0023417602060582013,0.3509280802784062
28,1167.1614618850138,,,mixed ring-site C-H out-of-plane bending / ring-site C-H in-plane bending / C-H bending,nu(C3-H13),bond,0.0020779911712844653,-,-0.002178988735561095,0.3035439784651939
28,1167.1614618850138,,,mixed ring-site C-H out-of-plane bending / ring-site C-H in-plane bending / C-H bending,nu(C7-H14),bond,0.0020101104352005226,+,0.002000454090331073,0.3483779301496586
28,1167.1614618850138,,,mixed ring-site C-H out-of-plane bending / ring-site C-H in-plane bending / C-H bending,nu(C1-H12),bond,0.0011038562192300042,+,0.0015002596174918652,0.34014771984390524
28,1167.1614618850138,,,mixed ring-site C-H out-of-plane bending / ring-site C-H in-plane bending / C-H bending,nu(C1-H10),bond,0.0009551150354224144,+,0.001395330189124945,0.34024331001250363
28,1167.1614618850138,,,mixed ring-site C-H out-of-plane bending / ring-site C-H in-plane bending / C-H bending,delta(C3-C2-C7),angle,0.0006986949973811115,-,-0.000928902178502815,0.5616109478032196
28,1167.1614618850138,,,mixed ring-site C-H out-of-plane bending / ring-site C-H in-plane bending / C-H bending,tau(H11-C1-C2-C3),dihedral,0.0005099608501454965,-,-0.0010436014023962894,0.3247546831827063
28,1167.1614618850138,,,mixed ring-site C-H out-of-plane bending / ring-site C-H in-plane bending / C-H bending,nu(C8-H15),bond,0.00011698043122280415,-,-0.00048197013715593003,0.3492696522347172
29,1174.1471940711313,,,mixed ring-site C-H in-plane bending / C-H bending,delta(O9-C8-H16),angle,30.581595948210005,+,0.2770018407651941,0.22645360898683478
29,1174.1471940711313,,,mixed ring-site C-H in-plane bending / C-H bending,delta(C2-C1-H11),angle,13.780310603390179,+,0.15659614736834981,0.31928702534045783
29,1174.1471940711313,,,mixed ring-site C-H in-plane bending / C-H bending,tau(C1-C2-C7-H14),dihedral,13.231809646085743,-,-0.2241572487614766,0.14962290410311005
29,1174.1471940711313,,,mixed ring-site C-H in-plane bending / C-H bending,tau(H15-C8-O9-C7),dihedral,10.020580866008132,+,0.19524881742411254,0.14934836877361438
29,1174.1471940711313,,,mixed ring-site C-H in-plane bending / C-H bending,delta(C1-C2-C3),angle,6.029027290812807,+,0.08136285274441585,0.5174630280054322
29,1174.1471940711313,,,mixed ring-site C-H in-plane bending / C-H bending,nu(C2-C3),bond,5.09036462028756,-,-0.11341318133864392,0.22485690906594918
29,1174.1471940711313,,,mixed ring-site C-H in-plane bending / C-H bending,delta(H10-C1-H12),angle,3.453043736090771,-,-0.07074361662714387,0.3920233835726058
29,1174.1471940711313,,,mixed ring-site C-H in-plane bending / C-H bending,delta(O9-C8-H15),angle,3.1247090248360565,-,-0.08864973516334683,0.22591189957815877
29,1174.1471940711313,,,mixed ring-site C-H in-plane bending / C-H bending,nu(C2-C5),bond,2.9215232953860255,+,0.07351626065163705,0.30713332855890746
29,1174.1471940711313,,,mixed ring-site C-H in-plane bending / C-H bending,"gamma(O4;C3,C2,H13)",oop,2.2198900784014794,+,0.10785763903957545,0.10842116305321652
29,1174.1471940711313,,,mixed ring-site C-H in-plane bending / C-H bending,delta(C2-C1-H12),angle,1.9284005040031815,-,-0.05028411649355409,0.4333312396216148
29,1174.1471940711313,,,mixed ring-site C-H in-plane bending / C-H bending,delta(H11-C1-H12),angle,1.5473709647493008,+,0.047175378674499606,0.39504635969426727
29,1174.1471940711313,,,mixed ring-site C-H in-plane bending / C-H bending,tau(H16-C8-O9-C7),dihedral,1.2275602947635187,-,-0.06716958987387103,0.15459016127646946
29,1174.1471940711313,,,mixed ring-site C-H in-plane bending / C-H bending,nu(C2-C7),bond,0.8782542335592011,+,0.043242859906877144,0.266855307641462
29,1174.1471940711313,,,mixed ring-site C-H in-plane bending / C-H bending,tau(H10-C1-C2-C5),dihedral,0.7132481549476173,-,-0.03571828866134528,0.3176462861302484
29,1174.1471940711313,,,mixed ring-site C-H in-plane bending / C-H bending,delta(C1-C2-C5),angle,0.6117910571013595,-,-0.03268851648150662,0.32530977442154063
29,1174.1471940711313,,,mixed ring-site C-H in-plane bending / C-H bending,delta(H10-C1-H11),angle,0.47790257093136873,+,0.02574965633145599,0.40952545667995893
29,1174.1471940711313,,,mixed ring-site C-H in-plane bending / C-H bending,nu(C1-C2),bond,0.41317287141208675,-,-0.03072164170298732,0.2487295415383795
29,1174.1471940711313,,,mixed ring-site C-H in-plane bending / C-H bending,delta(C2-C7-O9),angle,0.3293162600940958,+,0.024647431108260714,0.3080025148114132
29,1174.1471940711313,,,mixed ring-site C-H in-plane bending / C-H bending,nu(C8-O9),bond,0.21195470344607306,+,0.021455472248090704,0.2616081760262354
29,1174.1471940711313,,,mixed ring-site C-H in-plane bending / C-H bending,delta_lin2(C2-C5-N6),linbend2,0.21060513957180044,-,-0.03937705238946559,0.07717328181589451
29,1174.1471940711313,,,mixed ring-site C-H in-plane bending / C-H bending,delta(C2-C3-O4),angle,0.14930689957160972,+,0.014731315059430086,0.3909140249669613
29,1174.1471940711313,,,mixed ring-site C-H in-plane bending / C-H bending,nu(C5-N6),bond,0.1477259174702874,+,0.008155291808426121,1.2620079646923392
29,1174.1471940711313,,,mixed ring-site C-H in-plane bending / C-H bending,tau(C2-C7-O9-C8),dihedral,0.14216064415625337,-,-0.016524119146612993,0.2958197445613641
29,1174.1471940711313,,,mixed ring-site C-H in-plane bending / C-H bending,tau(H11-C1-C2-C3),dihedral,0.1283461609858988,-,-0.014984971987446917,0.3247546831827063
29,1174.1471940711313,,,mixed ring-site C-H in-plane bending / C-H bending,nu(C7-C8),bond,0.11154126603443393,+,0.013310409512533561,0.35771499490439007
29,1174.1471940711313,,,mixed ring-site C-H in-plane bending / C-H bending,nu(C7-O9),bond,0.10130638103008495,+,0.014464659119725628,0.2751090044314047
29,1174.1471940711313,,,mixed ring-site C-H in-plane bending / C-H bending,delta(C1-C2-C7),angle,0.03896979788178798,+,0.006422683357062865,0.5367592543463449
29,1174.1471940711313,,,mixed ring-site C-H in-plane bending / C-H bending,delta(C3-C2-C7),angle,0.03847009893965579,+,0.006238584679406391,0.5616109478032196
29,1174.1471940711313,,,mixed ring-site C-H in-plane bending / C-H bending,tau(C3-C2-C7-O9),dihedral,0.03639762247282694,+,0.011319309651957979,0.16140520854966225
29,1174.1471940711313,,,mixed ring-site C-H in-plane bending / C-H bending,nu(C8-H16),bond,0.024490782285415062,+,0.006297011316594858,0.3509280802784062
29,1174.1471940711313,,,mixed ring-site C-H in-plane bending / C-H bending,tau(C7-C2-C3-H13),dihedral,0.018171759050455278,-,-0.041149075876014574,0.006097631958842238
29,1174.1471940711313,,,mixed ring-site C-H in-plane bending / C-H bending,nu(C8-H15),bond,0.0143050995671707,-,-0.004823999142103017,0.3492696522347172
29,1174.1471940711313,,,mixed ring-site C-H in-plane bending / C-H bending,nu(C7-H14),bond,0.01181597853154428,-,-0.004389870760839173,0.3483779301496586
29,1174.1471940711313,,,mixed ring-site C-H in-plane bending / C-H bending,delta(O4-C3-H13),angle,0.010544138909443973,-,-0.004481963514821382,0.2982351963672958
29,1174.1471940711313,,,mixed ring-site C-H in-plane bending / C-H bending,nu(C1-H11),bond,0.009067699148555326,-,-0.0038708238781930983,0.3438544825310618
29,1174.1471940711313,,,mixed ring-site C-H in-plane bending / C-H bending,nu(C1-H10),bond,0.005603108546869183,+,0.0030588763798179196,0.34024331001250363
29,1174.1471940711313,,,mixed ring-site C-H in-plane bending / C-H bending,delta(C2-C7-H14),angle,0.004176723947283486,+,0.0029865493903290883,0.26606073120081736
29,1174.1471940711313,,,mixed ring-site C-H in-plane bending / C-H bending,delta_lin1(C2-C5-N6),linbend1,0.0034452810567524757,-,-0.004858103946163981,0.08294218288781345
29,1174.1471940711313,,,mixed ring-site C-H in-plane bending / C-H bending,nu(C1-H12),bond,0.001186738738572729,+,0.0014079459500361512,0.34014771984390524
29,1174.1471940711313,,,mixed ring-site C-H in-plane bending / C-H bending,nu(C3-H13),bond,0.0005256652432866868,-,-0.0009919414208405138,0.3035439784651939
29,1174.1471940711313,,,mixed ring-site C-H in-plane bending / C-H bending,nu(C3-O4),bond,1.037234345337057e-05,-,-8.196240440053836e-05,0.8772672552439119
30,1183.5413977977591,,,mixed C-H bending / C-C torsion,tau(C1-C2-C7-H14),dihedral,25.19764873083915,+,0.3717198954380213,0.14962290410311005
30,1183.5413977977591,,,mixed C-H bending / C-C torsion,delta(C2-C1-H11),angle,16.418088329980236,+,0.20540239167843133,0.31928702534045783
30,1183.5413977977591,,,mixed C-H bending / C-C torsion,tau(H16-C8-O9-C7),dihedral,8.59119559841887,-,-0.2135358095898993,0.15459016127646946
30,1183.5413977977591,,,mixed C-H bending / C-C torsion,delta(O9-C8-H15),angle,7.229842175972288,+,0.16204278264725075,0.22591189957815877
30,1183.5413977977591,,,mixed C-H bending / C-C torsion,nu(C2-C3),bond,6.769687528435242,-,-0.15716868914810112,0.22485690906594918
30,1183.5413977977591,,,mixed C-H bending / C-C torsion,delta(C2-C1-H12),angle,6.575488917808057,-,-0.11158064384836065,0.4333312396216148
30,1183.5413977977591,,,mixed C-H bending / C-C torsion,delta(C1-C2-C3),angle,5.695391904766447,+,0.09502917997200296,0.5174630280054322
30,1183.5413977977591,,,mixed C-H bending / C-C torsion,delta(H10-C1-H12),angle,3.0511148721843915,-,-0.07991128800030158,0.3920233835726058
30,1183.5413977977591,,,mixed C-H bending / C-C torsion,delta(C2-C7-O9),angle,2.5210849089710297,+,0.08195046888209205,0.3080025148114132
30,1183.5413977977591,,,mixed C-H bending / C-C torsion,nu(C2-C5),bond,1.9983810773585695,+,0.07306519012935934,0.30713332855890746
30,1183.5413977977591,,,mixed C-H bending / C-C torsion,delta(C3-C2-C7),angle,1.8719520505339344,+,0.05229551149693401,0.5616109478032196
30,1183.5413977977591,,,mixed C-H bending / C-C torsion,nu(C7-O9),bond,1.7811006083040908,-,-0.07288307052781533,0.2751090044314047
30,1183.5413977977591,,,mixed C-H bending / C-C torsion,delta(C1-C2-C7),angle,1.7728325166347108,-,-0.05205697423718667,0.5367592543463449
30,1183.5413977977591,,,mixed C-H bending / C-C torsion,delta(O9-C8-H16),angle,1.5516402564972185,-,-0.07497918814903927,0.22645360898683478
30,1183.5413977977591,,,mixed C-H bending / C-C torsion,delta(H10-C1-H11),angle,1.3409976095472869,+,0.05183324371996355,0.40952545667995893
30,1183.5413977977591,,,mixed C-H bending / C-C torsion,"gamma(O4;C3,C2,H13)",oop,1.2168493338607282,+,0.09596131951381466,0.10842116305321652
30,1183.5413977977591,,,mixed C-H bending / C-C torsion,tau(H10-C1-C2-C5),dihedral,1.0038587568783441,-,-0.050921273034509384,0.3176462861302484
30,1183.5413977977591,,,mixed C-H bending / C-C torsion,delta(H11-C1-H12),angle,0.9400657026319068,+,0.04418653123701626,0.39504635969426727
30,1183.5413977977591,,,mixed C-H bending / C-C torsion,nu(C8-O9),bond,0.8763869767396296,-,-0.052427257342256214,0.2616081760262354
30,1183.5413977977591,,,mixed C-H bending / C-C torsion,tau(H15-C8-O9-C7),dihedral,0.6821742151539855,-,-0.06121843821480073,0.14934836877361438
30,1183.5413977977591,,,mixed C-H bending / C-C torsion,delta(C1-C2-C5),angle,0.6609878366614603,-,-0.04083034177422057,0.32530977442154063
30,1183.5413977977591,,,mixed C-H bending / C-C torsion,tau(C2-C7-O9-C8),dihedral,0.5190614441872345,-,-0.03794291073679645,0.2958197445613641
30,1183.5413977977591,,,mixed C-H bending / C-C torsion,tau(C3-C2-C7-O9),dihedral,0.396197623326472,-,-0.04487784538225447,0.16140520854966225
30,1183.5413977977591,,,mixed C-H bending / C-C torsion,nu(C2-C7),bond,0.3846783169418178,+,0.034391076376742914,0.266855307641462
30,1183.5413977977591,,,mixed C-H bending / C-C torsion,delta_lin2(C2-C5-N6),linbend2,0.3246015638865053,-,-0.058745777623050104,0.07717328181589451
30,1183.5413977977591,,,mixed C-H bending / C-C torsion,delta(C2-C7-H14),angle,0.24465275339556025,+,0.02746752328557672,0.26606073120081736
30,1183.5413977977591,,,mixed C-H bending / C-C torsion,delta(C2-C3-O4),angle,0.18947249309245787,+,0.019941935001849934,0.3909140249669613
30,1183.5413977977591,,,mixed C-H bending / C-C torsion,nu(C5-N6),bond,0.09233412190785732,+,0.007747915960834502,1.2620079646923392
30,1183.5413977977591,,,mixed C-H bending / C-C torsion,tau(C7-C2-C3-H13),dihedral,0.025875567964831394,-,-0.05900640820872785,0.006097631958842238
30,1183.5413977977591,,,mixed C-H bending / C-C torsion,nu(C1-C2),bond,0.02138314793454278,-,-0.008398601461497356,0.2487295415383795
30,1183.5413977977591,,,mixed C-H bending / C-C torsion,nu(C7-C8),bond,0.012896110965844053,+,0.005438706785670556,0.35771499490439007
30,1183.5413977977591,,,mixed C-H bending / C-C torsion,nu(C8-H16),bond,0.00984847261214255,-,-0.004798552139264425,0.3509280802784062
30,1183.5413977977591,,,mixed C-H bending / C-C torsion,nu(C1-H11),bond,0.009800517680154022,-,-0.004835840862907895,0.3438544825310618
30,1183.5413977977591,,,mixed C-H bending / C-C torsion,delta(O4-C3-H13),angle,0.009253996495910513,-,-0.005045684081640659,0.2982351963672958
30,1183.5413977977591,,,mixed C-H bending / C-C torsion,nu(C8-H15),bond,0.005449925077934183,+,0.003578076961745772,0.3492696522347172
30,1183.5413977977591,,,mixed C-H bending / C-C torsion,nu(C1-H12),bond,0.0023451168486594517,+,0.0023783912532304823,0.34014771984390524
30,1183.5413977977591,,,mixed C-H bending / C-C torsion,nu(C3-H13),bond,0.002138500121946843,-,-0.00240424469412294,0.3035439784651939
30,1183.5413977977591,,,mixed C-H bending / C-C torsion,tau(H11-C1-C2-C3),dihedral,0.0019020555648204013,+,0.002192142218479436,0.3247546831827063
30,1183.5413977977591,,,mixed C-H bending / C-C torsion,nu(C1-H10),bond,0.001233620143234806,+,0.001724768318977086,0.34024331001250363
30,1183.5413977977591,,,mixed C-H bending / C-C torsion,nu(C7-H14),bond,0.00010292086818540041,+,0.0004923356009250211,0.3483779301496586
30,1183.5413977977591,,,mixed C-H bending / C-C torsion,delta_lin1(C2-C5-N6),linbend1,1.10043261703494e-06,+,0.00010433471506436964,0.08294218288781345
30,1183.5413977977591,,,mixed C-H bending / C-C torsion,nu(C3-O4),bond,7.223736926091454e-07,+,2.5992606896587657e-05,0.8772672552439119
31,1240.7494711678933,,,mixed C-H bending / C-C-C bending / exocyclic C-C stretching,delta(C2-C1-H12),angle,21.602771066869426,-,-0.21237472599748666,0.4333312396216148
31,1240.7494711678933,,,mixed C-H bending / C-C-C bending / exocyclic C-C stretching,nu(C2-C7),bond,15.065141271831273,+,0.22599913725423768,0.266855307641462
31,1240.7494711678933,,,mixed C-H bending / C-C-C bending / exocyclic C-C stretching,nu(C2-C5),bond,9.465304920708869,-,-0.16697902885368074,0.30713332855890746
31,1240.7494711678933,,,mixed C-H bending / C-C-C bending / exocyclic C-C stretching,delta(C1-C2-C7),angle,9.032746694513312,-,-0.12338951148853403,0.5367592543463449
31,1240.7494711678933,,,mixed C-H bending / C-C-C bending / exocyclic C-C stretching,tau(H15-C8-O9-C7),dihedral,5.531799910630305,+,0.1830590015486375,0.14934836877361438
31,1240.7494711678933,,,mixed C-H bending / C-C-C bending / exocyclic C-C stretching,delta(H10-C1-H11),angle,5.373537071727064,+,0.10895515242178577,0.40952545667995893
31,1240.7494711678933,,,mixed C-H bending / C-C-C bending / exocyclic C-C stretching,delta(C2-C3-O4),angle,5.0272223013759065,+,0.10786524108420935,0.3909140249669613
31,1240.7494711678933,,,mixed C-H bending / C-C-C bending / exocyclic C-C stretching,delta(O4-C3-H13),angle,4.657337988443213,-,-0.11886323061742982,0.2982351963672958
31,1240.7494711678933,,,mixed C-H bending / C-C-C bending / exocyclic C-C stretching,delta(C3-C2-C7),angle,4.521626373358291,-,-0.08534688083184856,0.5616109478032196
31,1240.7494711678933,,,mixed C-H bending / C-C-C bending / exocyclic C-C stretching,delta(H11-C1-H12),angle,3.2947608247645683,-,-0.08686523805928208,0.39504635969426727
31,1240.7494711678933,,,mixed C-H bending / C-C-C bending / exocyclic C-C stretching,tau(C2-C7-O9-C8),dihedral,3.254661675552847,+,0.09976941958404016,0.2958197445613641
31,1240.7494711678933,,,mixed C-H bending / C-C-C bending / exocyclic C-C stretching,delta(C1-C2-C5),angle,3.089271189941266,+,0.09269099846991696,0.32530977442154063
31,1240.7494711678933,,,mixed C-H bending / C-C-C bending / exocyclic C-C stretching,nu(C7-C8),bond,1.7210958472242555,+,0.06597692267404559,0.35771499490439007
31,1240.7494711678933,,,mixed C-H bending / C-C-C bending / exocyclic C-C stretching,nu(C2-C3),bond,1.4448370424517287,-,-0.07624553480879087,0.22485690906594918
31,1240.7494711678933,,,mixed C-H bending / C-C-C bending / exocyclic C-C stretching,delta(C2-C7-O9),angle,1.270731062048394,-,-0.061095298540315215,0.3080025148114132
31,1240.7494711678933,,,mixed C-H bending / C-C-C bending / exocyclic C-C stretching,tau(H11-C1-C2-C3),dihedral,1.1341361984263685,+,0.05620992350711785,0.3247546831827063
31,1240.7494711678933,,,mixed C-H bending / C-C-C bending / exocyclic C-C stretching,tau(H16-C8-O9-C7),dihedral,0.7545595731895807,+,0.06645290043490425,0.15459016127646946
31,1240.7494711678933,,,mixed C-H bending / C-C-C bending / exocyclic C-C stretching,delta(O9-C8-H15),angle,0.6917093711607977,+,0.0526320608619308,0.22591189957815877
31,1240.7494711678933,,,mixed C-H bending / C-C-C bending / exocyclic C-C stretching,nu(C5-N6),bond,0.6798691306678712,-,-0.022076982475762983,1.2620079646923392
31,1240.7494711678933,,,mixed C-H bending / C-C-C bending / exocyclic C-C stretching,delta(O9-C8-H16),angle,0.6718507455803858,+,0.05180896042899632,0.22645360898683478
31,1240.7494711678933,,,mixed C-H bending / C-C-C bending / exocyclic C-C stretching,tau(H10-C1-C2-C5),dihedral,0.4231402664549593,-,-0.03471589659729352,0.3176462861302484
31,1240.7494711678933,,,mixed C-H bending / C-C-C bending / exocyclic C-C stretching,nu(C8-O9),bond,0.2530464921240399,+,0.029582345413778126,0.2616081760262354
31,1240.7494711678933,,,mixed C-H bending / C-C-C bending / exocyclic C-C stretching,delta(C2-C1-H11),angle,0.19065067276370945,+,0.023242703132942754,0.31928702534045783
31,1240.7494711678933,,,mixed C-H bending / C-C-C bending / exocyclic C-C stretching,"gamma(O4;C3,C2,H13)",oop,0.13739341259629553,-,-0.03385977158239833,0.10842116305321652
31,1240.7494711678933,,,mixed C-H bending / C-C-C bending / exocyclic C-C stretching,delta_lin2(C2-C5-N6),linbend2,0.13716843625971817,-,-0.04010067738077605,0.07717328181589451
31,1240.7494711678933,,,mixed C-H bending / C-C-C bending / exocyclic C-C stretching,nu(C3-O4),bond,0.1101089796449812,+,0.010656228120747548,0.8772672552439119
31,1240.7494711678933,,,mixed C-H bending / C-C-C bending / exocyclic C-C stretching,nu(C7-O9),bond,0.10144688462493735,+,0.0182652261688309,0.2751090044314047
31,1240.7494711678933,,,mixed C-H bending / C-C-C bending / exocyclic C-C stretching,delta_lin1(C2-C5-N6),linbend1,0.08197606803181011,-,-0.029902941473762473,0.08294218288781345
31,1240.7494711678933,,,mixed C-H bending / C-C-C bending / exocyclic C-C stretching,nu(C1-C2),bond,0.07206958609048345,+,0.01619087905962941,0.2487295415383795
31,1240.7494711678933,,,mixed C-H bending / C-C-C bending / exocyclic C-C stretching,delta(H10-C1-H12),angle,0.049412331627233644,-,-0.010678734448239238,0.3920233835726058
31,1240.7494711678933,,,mixed C-H bending / C-C-C bending / exocyclic C-C stretching,delta(C1-C2-C3),angle,0.03688183796574949,+,0.008030169539017027,0.5174630280054322
31,1240.7494711678933,,,mixed C-H bending / C-C-C bending / exocyclic C-C stretching,tau(C1-C2-C7-H14),dihedral,0.025981164943930515,+,0.012533961882369483,0.14962290410311005
31,1240.7494711678933,,,mixed C-H bending / C-C-C bending / exocyclic C-C stretching,nu(C7-H14),bond,0.021674271085836992,+,0.007502483219451902,0.3483779301496586
31,1240.7494711678933,,,mixed C-H bending / C-C-C bending / exocyclic C-C stretching,tau(C7-C2-C3-H13),dihedral,0.019927628783097413,-,-0.05437575597791835,0.006097631958842238
31,1240.7494711678933,,,mixed C-H bending / C-C-C bending / exocyclic C-C stretching,tau(C3-C2-C7-O9),dihedral,0.01737845291506769,+,0.009869721149446694,0.16140520854966225
31,1240.7494711678933,,,mixed C-H bending / C-C-C bending / exocyclic C-C stretching,nu(C1-H10),bond,0.013293655106136308,-,-0.005945460604430059,0.34024331001250363
31,1240.7494711678933,,,mixed C-H bending / C-C-C bending / exocyclic C-C stretching,nu(C1-H12),bond,0.011985833766304804,+,0.005646228405285697,0.34014771984390524
31,1240.7494711678933,,,mixed C-H bending / C-C-C bending / exocyclic C-C stretching,nu(C8-H15),bond,0.004825675482962347,+,0.003535547938401034,0.3492696522347172
31,1240.7494711678933,,,mixed C-H bending / C-C-C bending / exocyclic C-C stretching,delta(C2-C7-H14),angle,0.003605685873064264,-,-0.003501560653728416,0.26606073120081736
31,1240.7494711678933,,,mixed C-H bending / C-C-C bending / exocyclic C-C stretching,nu(C8-H16),bond,0.0018653750804397849,+,0.0021929671422085927,0.3509280802784062
31,1240.7494711678933,,,mixed C-H bending / C-C-C bending / exocyclic C-C stretching,nu(C3-H13),bond,0.0008561902050039036,-,-0.001597468915250876,0.3035439784651939
31,1240.7494711678933,,,mixed C-H bending / C-C-C bending / exocyclic C-C stretching,nu(C1-H11),bond,0.0003408381084991853,-,-0.0009469887673287068,0.3438544825310618
32,1301.3461970940664,,,mixed cyclic C-C stretching / C-H bending,nu(C7-C8),bond,31.98905089805153,+,0.23255669307111904,0.35771499490439007
32,1301.3461970940664,,,mixed cyclic C-C stretching / C-H bending,delta(C2-C7-H14),angle,24.09650592043535,-,-0.23403638691027376,0.26606073120081736
32,1301.3461970940664,,,mixed cyclic C-C stretching / C-H bending,nu(C7-O9),bond,7.009211864508456,+,0.12413062142536781,0.2751090044314047
32,1301.3461970940664,,,mixed cyclic C-C stretching / C-H bending,nu(C2-C7),bond,6.070202850450211,-,-0.11728984654112715,0.266855307641462
32,1301.3461970940664,,,mixed cyclic C-C stretching / C-H bending,nu(C8-O9),bond,6.06165317371806,+,0.11837680769702981,0.2616081760262354
32,1301.3461970940664,,,mixed cyclic C-C stretching / C-H bending,tau(C1-C2-C7-H14),dihedral,3.860869386545619,+,0.12492238104122827,0.14962290410311005
32,1301.3461970940664,,,mixed cyclic C-C stretching / C-H bending,delta(O9-C8-H15),angle,3.7880546485628037,+,0.10070135230844293,0.22591189957815877
32,1301.3461970940664,,,mixed cyclic C-C stretching / C-H bending,nu(C2-C5),bond,2.6351145201799957,+,0.07203325042614406,0.30713332855890746
32,1301.3461970940664,,,mixed cyclic C-C stretching / C-H bending,tau(H15-C8-O9-C7),dihedral,1.98135745870338,+,0.08957316373305123,0.14934836877361438
32,1301.3461970940664,,,mixed cyclic C-C stretching / C-H bending,delta(O4-C3-H13),angle,1.8469907817366524,+,0.06119975092600278,0.2982351963672958
32,1301.3461970940664,,,mixed cyclic C-C stretching / C-H bending,delta(C2-C1-H12),angle,1.7287219810433976,+,0.04911897731426951,0.4333312396216148
32,1301.3461970940664,,,mixed cyclic C-C stretching / C-H bending,delta(O9-C8-H16),angle,1.6098658618969466,+,0.06556951341075243,0.22645360898683478
32,1301.3461970940664,,,mixed cyclic C-C stretching / C-H bending,delta(H11-C1-H12),angle,1.2424862683382378,+,0.043613255457489224,0.39504635969426727
32,1301.3461970940664,,,mixed cyclic C-C stretching / C-H bending,delta(C2-C3-O4),angle,1.095908474390946,-,-0.041175914654706325,0.3909140249669613
32,1301.3461970940664,,,mixed cyclic C-C stretching / C-H bending,delta(C1-C2-C5),angle,1.0497358333718603,-,-0.04417618351383929,0.32530977442154063
32,1301.3461970940664,,,mixed cyclic C-C stretching / C-H bending,delta(H10-C1-H11),angle,0.7686405366164333,-,-0.03369131243604428,0.40952545667995893
32,1301.3461970940664,,,mixed cyclic C-C stretching / C-H bending,tau(C2-C7-O9-C8),dihedral,0.5992429011575379,+,0.03500133494591949,0.2958197445613641
32,1301.3461970940664,,,mixed cyclic C-C stretching / C-H bending,tau(C3-C2-C7-O9),dihedral,0.5557121137574225,-,-0.04563130589798767,0.16140520854966225
32,1301.3461970940664,,,mixed cyclic C-C stretching / C-H bending,delta(C3-C2-C7),angle,0.5060671348990503,+,0.023344416495500227,0.5616109478032196
32,1301.3461970940664,,,mixed cyclic C-C stretching / C-H bending,delta(H10-C1-H12),angle,0.3468550309115907,-,-0.02313208349037626,0.3920233835726058
32,1301.3461970940664,,,mixed cyclic C-C stretching / C-H bending,nu(C5-N6),bond,0.22536443360828184,+,0.010392221137375026,1.2620079646923392
32,1301.3461970940664,,,mixed cyclic C-C stretching / C-H bending,delta(C2-C1-H11),angle,0.20808043953082697,+,0.019852798351067413,0.31928702534045783
32,1301.3461970940664,,,mixed cyclic C-C stretching / C-H bending,tau(H16-C8-O9-C7),dihedral,0.1522320158252828,-,-0.02440387616197104,0.15459016127646946
32,1301.3461970940664,,,mixed cyclic C-C stretching / C-H bending,nu(C7-H14),bond,0.12446965593829597,+,0.014699520416040075,0.3483779301496586
32,1301.3461970940664,,,mixed cyclic C-C stretching / C-H bending,delta(C1-C2-C7),angle,0.08916729057037943,+,0.010023277477652916,0.5367592543463449
32,1301.3461970940664,,,mixed cyclic C-C stretching / C-H bending,tau(H11-C1-C2-C3),dihedral,0.08548125729661303,-,-0.01261695278505426,0.3247546831827063
32,1301.3461970940664,,,mixed cyclic C-C stretching / C-H bending,nu(C8-H16),bond,0.06274349714539823,+,0.01039853214923115,0.3509280802784062
32,1301.3461970940664,,,mixed cyclic C-C stretching / C-H bending,nu(C8-H15),bond,0.04828265172920893,+,0.009143487375191736,0.3492696522347172
32,1301.3461970940664,,,mixed cyclic C-C stretching / C-H bending,"gamma(O4;C3,C2,H13)",oop,0.04014455393611994,+,0.01496418352770938,0.10842116305321652
32,1301.3461970940664,,,mixed cyclic C-C stretching / C-H bending,delta_lin1(C2-C5-N6),linbend1,0.03992953969038405,+,0.017063030214491116,0.08294218288781345
32,1301.3461970940664,,,mixed cyclic C-C stretching / C-H bending,delta(C1-C2-C3),angle,0.027495048386997366,+,0.005668711043883568,0.5174630280054322
32,1301.3461970940664,,,mixed cyclic C-C stretching / C-H bending,tau(H10-C1-C2-C5),dihedral,0.010776900282577967,-,-0.0045297244047851565,0.3176462861302484
32,1301.3461970940664,,,mixed cyclic C-C stretching / C-H bending,delta(C2-C7-O9),angle,0.009078360195105094,-,-0.004222049417008144,0.3080025148114132
32,1301.3461970940664,,,mixed cyclic C-C stretching / C-H bending,delta_lin2(C2-C5-N6),linbend2,0.008651454037928672,+,0.008233942054240453,0.07717328181589451
32,1301.3461970940664,,,mixed cyclic C-C stretching / C-H bending,nu(C1-H10),bond,0.007638541040290355,+,0.0036847425488232225,0.34024331001250363
32,1301.3461970940664,,,mixed cyclic C-C stretching / C-H bending,tau(C7-C2-C3-H13),dihedral,0.006555497279763761,-,-0.025498753784232178,0.006097631958842238
32,1301.3461970940664,,,mixed cyclic C-C stretching / C-H bending,nu(C1-C2),bond,0.004372658293411265,+,0.0032606623131508764,0.2487295415383795
32,1301.3461970940664,,,mixed cyclic C-C stretching / C-H bending,nu(C2-C3),bond,0.004226528316225567,+,0.0033715958587409267,0.22485690906594918
32,1301.3461970940664,,,mixed cyclic C-C stretching / C-H bending,nu(C3-O4),bond,0.0016786213437210938,+,0.001075739583132934,0.8772672552439119
32,1301.3461970940664,,,mixed cyclic C-C stretching / C-H bending,nu(C1-H12),bond,0.0010943915268115587,-,-0.001394920052383004,0.34014771984390524
32,1301.3461970940664,,,mixed cyclic C-C stretching / C-H bending,nu(C1-H11),bond,0.0002021421905159887,-,-0.0005962630224446362,0.3438544825310618
32,1301.3461970940664,,,mixed cyclic C-C stretching / C-H bending,nu(C3-H13),bond,8.688256040627442e-05,-,-0.0004160564249384654,0.3035439784651939
33,1405.5461357524664,,,C-H bending,delta(H11-C1-H12),angle,21.476359660371447,-,-0.3046404667788367,0.39504635969426727
33,1405.5461357524664,,,C-H bending,delta(C2-C1-H12),angle,17.828450641647493,+,0.2650196596667795,0.4333312396216148
33,1405.5461357524664,,,C-H bending,delta(H10-C1-H12),angle,17.142834507708898,-,-0.27322260010117855,0.3920233835726058
33,1405.5461357524664,,,C-H bending,delta(H10-C1-H11),angle,16.208351828331455,-,-0.25993230977553394,0.40952545667995893
33,1405.5461357524664,,,C-H bending,delta(C2-C1-H11),angle,15.511073956525925,+,0.28797951034382935,0.31928702534045783
33,1405.5461357524664,,,C-H bending,delta(O4-C3-H13),angle,4.359930001274891,+,0.15797617730388255,0.2982351963672958
33,1405.5461357524664,,,C-H bending,delta(C2-C7-H14),angle,2.7547501852466523,-,-0.13294806181831637,0.26606073120081736
33,1405.5461357524664,,,C-H bending,nu(C1-C2),bond,1.5683371858990578,-,-0.10374981364036062,0.2487295415383795
33,1405.5461357524664,,,C-H bending,nu(C7-C8),bond,1.2979251587925076,-,-0.07870232143534435,0.35771499490439007
33,1405.5461357524664,,,C-H bending,nu(C2-C7),bond,0.9003785368844914,+,0.07589373636727599,0.266855307641462
33,1405.5461357524664,,,C-H bending,nu(C7-O9),bond,0.3231708482635736,-,-0.04478112259633124,0.2751090044314047
33,1405.5461357524664,,,C-H bending,nu(C8-O9),bond,0.12638770381354755,-,-0.028718254870093867,0.2616081760262354
33,1405.5461357524664,,,C-H bending,delta(O9-C8-H16),angle,0.09134465651782395,-,-0.026241172754185995,0.22645360898683478
33,1405.5461357524664,,,C-H bending,delta(O9-C8-H15),angle,0.09077754480982093,-,-0.02619093197777615,0.22591189957815877
33,1405.5461357524664,,,C-H bending,tau(H15-C8-O9-C7),dihedral,0.06452377128315472,+,0.027157570763805417,0.14934836877361438
33,1405.5461357524664,,,C-H bending,delta(C1-C2-C3),angle,0.04159111873528755,+,0.011713641507816643,0.5174630280054322
33,1405.5461357524664,,,C-H bending,nu(C1-H12),bond,0.03348594184525328,+,0.012963693884096997,0.34014771984390524
33,1405.5461357524664,,,C-H bending,tau(H16-C8-O9-C7),dihedral,0.02927098778364828,+,0.01797873181285177,0.15459016127646946
33,1405.5461357524664,,,C-H bending,nu(C1-H10),bond,0.021127322118735387,+,0.010295767331260428,0.34024331001250363
33,1405.5461357524664,,,C-H bending,nu(C1-H11),bond,0.019006336274598738,+,0.009713889287214105,0.3438544825310618
33,1405.5461357524664,,,C-H bending,tau(H10-C1-C2-C5),dihedral,0.01895918303341286,+,0.010094137323119154,0.3176462861302484
33,1405.5461357524664,,,C-H bending,nu(C3-O4),bond,0.012733319476762461,+,0.004977785155101238,0.8772672552439119
33,1405.5461357524664,,,C-H bending,delta(C1-C2-C7),angle,0.009758650226571068,-,-0.0055710415257694285,0.5367592543463449
33,1405.5461357524664,,,C-H bending,tau(C2-C7-O9-C8),dihedral,0.008046987664148944,-,-0.006814506010990607,0.2958197445613641
33,1405.5461357524664,,,C-H bending,tau(C1-C2-C7-H14),dihedral,0.007713853054934217,+,0.009381405988306984,0.14962290410311005
33,1405.5461357524664,,,C-H bending,delta_lin2(C2-C5-N6),linbend2,0.007702747618679407,-,-0.013053309626311549,0.07717328181589451
33,1405.5461357524664,,,C-H bending,tau(H11-C1-C2-C3),dihedral,0.007029698370062219,+,0.006078856958061689,0.3247546831827063
33,1405.5461357524664,,,C-H bending,delta(C2-C3-O4),angle,0.005893031239440209,-,-0.005072943620205483,0.3909140249669613
33,1405.5461357524664,,,C-H bending,tau(C3-C2-C7-O9),dihedral,0.004750858206492748,+,0.007088568683490209,0.16140520854966225
33,1405.5461357524664,,,C-H bending,nu(C2-C3),bond,0.004405934790133971,-,-0.005783586087578515,0.22485690906594918
33,1405.5461357524664,,,C-H bending,delta(C3-C2-C7),angle,0.003471853128742122,+,0.0032485845898194607,0.5616109478032196
33,1405.5461357524664,,,C-H bending,nu(C5-N6),bond,0.003334402763654341,-,-0.002123778748570105,1.2620079646923392
33,1405.5461357524664,,,C-H bending,delta(C1-C2-C5),angle,0.003276171714066539,+,0.004146350985021555,0.32530977442154063
33,1405.5461357524664,,,C-H bending,nu(C8-H15),bond,0.002705237139099431,-,-0.003636248328935166,0.3492696522347172
33,1405.5461357524664,,,C-H bending,delta(C2-C7-O9),angle,0.0026786099105070337,-,-0.003853087703283084,0.3080025148114132
33,1405.5461357524664,,,C-H bending,nu(C2-C5),bond,0.0026474510186866476,-,-0.0038360281343465296,0.30713332855890746
33,1405.5461357524664,,,C-H bending,nu(C8-H16),bond,0.0017328784834520121,-,-0.002903396068114435,0.3509280802784062
33,1405.5461357524664,,,C-H bending,delta_lin1(C2-C5-N6),linbend1,0.0016325967405821165,-,-0.005796729329946526,0.08294218288781345
33,1405.5461357524664,,,C-H bending,nu(C3-H13),bond,0.0012228344717857922,+,0.0026224324821091977,0.3035439784651939
33,1405.5461357524664,,,C-H bending,"gamma(O4;C3,C2,H13)",oop,0.0005485227316939614,+,0.0029388104418191473,0.10842116305321652
33,1405.5461357524664,,,C-H bending,tau(C7-C2-C3-H13),dihedral,0.00035701466369015156,+,0.00999755295893065,0.006097631958842238
33,1405.5461357524664,,,C-H bending,nu(C7-H14),bond,0.0003202694251586969,+,0.001252747985146086,0.3483779301496586
34,1415.7705307924,,,C-H bending,delta(O4-C3-H13),angle,49.84270912286769,+,0.3870493071351107,0.2982351963672958
34,1415.7705307924,,,C-H bending,delta(C2-C7-H14),angle,25.235550043058495,+,0.29158214049029285,0.26606073120081736
34,1415.7705307924,,,C-H bending,nu(C7-C8),bond,5.995286790843564,+,0.1225691942075994,0.35771499490439007
34,1415.7705307924,,,C-H bending,delta(H11-C1-H12),angle,2.204845195037658,-,-0.07073102333285658,0.39504635969426727
34,1415.7705307924,,,C-H bending,nu(C7-O9),bond,2.0056364465698127,+,0.08083857070400308,0.2751090044314047
34,1415.7705307924,,,C-H bending,delta(H10-C1-H11),angle,1.8297715019870782,+,0.06328530832720825,0.40952545667995893
34,1415.7705307924,,,C-H bending,delta(H10-C1-H12),angle,1.599990788588804,+,0.060484998902851306,0.3920233835726058
34,1415.7705307924,,,C-H bending,nu(C2-C3),bond,1.3828235943943221,+,0.07424636475561545,0.22485690906594918
34,1415.7705307924,,,C-H bending,nu(C2-C5),bond,1.1678584266730387,-,-0.058381674663342965,0.30713332855890746
34,1415.7705307924,,,C-H bending,delta(O9-C8-H16),angle,0.8879247591678443,+,0.059284803152000444,0.22645360898683478
34,1415.7705307924,,,C-H bending,delta(O9-C8-H15),angle,0.8480632203953706,+,0.05800821249182255,0.22591189957815877
34,1415.7705307924,,,C-H bending,delta(C2-C1-H12),angle,0.7917057593069866,-,-0.040468473688649,0.4333312396216148
34,1415.7705307924,,,C-H bending,tau(H11-C1-C2-C3),dihedral,0.7445495150045818,+,0.045332952322359,0.3247546831827063
34,1415.7705307924,,,C-H bending,nu(C2-C7),bond,0.698063122556233,-,-0.048423296061587545,0.266855307641462
34,1415.7705307924,,,C-H bending,delta(C1-C2-C7),angle,0.6299175853351626,-,-0.032433739048392494,0.5367592543463449
34,1415.7705307924,,,C-H bending,nu(C8-O9),bond,0.6240986389176135,+,0.04624298749569539,0.2616081760262354
34,1415.7705307924,,,C-H bending,nu(C3-O4),bond,0.600800937834165,+,0.024776745713836375,0.8772672552439119
34,1415.7705307924,,,C-H bending,delta(C3-C2-C7),angle,0.5498564742674372,-,-0.029624553352554754,0.5616109478032196
34,1415.7705307924,,,C-H bending,tau(H15-C8-O9-C7),dihedral,0.5260110969284248,-,-0.05618781369263559,0.14934836877361438
34,1415.7705307924,,,C-H bending,tau(C2-C7-O9-C8),dihedral,0.3126557172518512,+,0.03077971050240962,0.2958197445613641
34,1415.7705307924,,,C-H bending,delta(C1-C2-C5),angle,0.29196579558676466,+,0.02836366543632944,0.32530977442154063
34,1415.7705307924,,,C-H bending,delta(C2-C3-O4),angle,0.25343781192975284,-,-0.024106824239311785,0.3909140249669613
34,1415.7705307924,,,C-H bending,tau(C1-C2-C7-H14),dihedral,0.1993021070547338,-,-0.03455427835549185,0.14962290410311005
34,1415.7705307924,,,C-H bending,delta(C1-C2-C3),angle,0.1931471957512337,-,-0.018291505969397496,0.5174630280054322
34,1415.7705307924,,,C-H bending,delta(C2-C1-H11),angle,0.14625511104287983,-,-0.020263283139807867,0.31928702534045783
34,1415.7705307924,,,C-H bending,"gamma(O4;C3,C2,H13)",oop,0.11422840391269067,-,-0.030730876388574253,0.10842116305321652
34,1415.7705307924,,,C-H bending,nu(C5-N6),bond,0.08138071241071172,-,-0.007602818417317558,1.2620079646923392
34,1415.7705307924,,,C-H bending,nu(C1-C2),bond,0.08002156954534902,+,0.01698184100132941,0.2487295415383795
34,1415.7705307924,,,C-H bending,nu(C3-H13),bond,0.05559107720380984,+,0.012812581947395693,0.3035439784651939
34,1415.7705307924,,,C-H bending,nu(C8-H15),bond,0.026185799334639128,+,0.008197801801841719,0.3492696522347172
34,1415.7705307924,,,C-H bending,delta(C2-C7-O9),angle,0.024179061418472873,-,-0.008388561836358395,0.3080025148114132
34,1415.7705307924,,,C-H bending,tau(H10-C1-C2-C5),dihedral,0.018112030101351935,-,-0.0071491860119442,0.3176462861302484
34,1415.7705307924,,,C-H bending,nu(C8-H16),bond,0.013665605814091007,+,0.005908133589645997,0.3509280802784062
34,1415.7705307924,,,C-H bending,nu(C1-H10),bond,0.009480801618834755,-,-0.004997728443301001,0.34024331001250363
34,1415.7705307924,,,C-H bending,nu(C7-H14),bond,0.006345432452975736,-,-0.004040640548677515,0.3483779301496586
34,1415.7705307924,,,C-H bending,delta_lin2(C2-C5-N6),linbend2,0.0029157851005961032,+,0.005819547186962965,0.07717328181589451
34,1415.7705307924,,,C-H bending,nu(C1-H12),bond,0.0025441629884153448,+,0.002589307358075396,0.34014771984390524
34,1415.7705307924,,,C-H bending,tau(H16-C8-O9-C7),dihedral,0.0018191234551874387,-,-0.0032477686396130577,0.15459016127646946
34,1415.7705307924,,,C-H bending,tau(C7-C2-C3-H13),dihedral,0.0007779626018650119,-,-0.010694086153956596,0.006097631958842238
34,1415.7705307924,,,C-H bending,nu(C1-H11),bond,0.00035008037823617584,+,0.0009553037047180927,0.3438544825310618
34,1415.7705307924,,,C-H bending,tau(C3-C2-C7-O9),dihedral,0.0001677167231688578,-,-0.0009651044852293699,0.16140520854966225
34,1415.7705307924,,,C-H bending,delta_lin1(C2-C5-N6),linbend1,7.916588084626137e-06,-,-0.00029250023273452816,0.08294218288781345
35,1433.6186828408015,,,C-H bending,delta(C2-C7-H14),angle,21.384643556889937,-,-0.2953700662437578,0.26606073120081736
35,1433.6186828408015,,,C-H bending,delta(O4-C3-H13),angle,19.562606482020676,+,0.2668331445527146,0.2982351963672958
35,1433.6186828408015,,,C-H bending,delta(H10-C1-H11),angle,15.350503810710826,+,0.20170967420374247,0.40952545667995893
35,1433.6186828408015,,,C-H bending,delta(C2-C1-H12),angle,7.633944489906942,-,-0.13828349960063313,0.4333312396216148
35,1433.6186828408015,,,C-H bending,nu(C7-C8),bond,7.446795432473479,-,-0.15032181185582455,0.35771499490439007
35,1433.6186828408015,,,C-H bending,delta(H11-C1-H12),angle,6.866136781124029,+,0.1373529704193955,0.39504635969426727
35,1433.6186828408015,,,C-H bending,nu(C2-C7),bond,5.4857300516667555,+,0.1493774895402111,0.266855307641462
35,1433.6186828408015,,,C-H bending,delta(C2-C1-H11),angle,5.163215810928456,-,-0.13248764066999388,0.31928702534045783
35,1433.6186828408015,,,C-H bending,nu(C7-O9),bond,2.487208426829509,-,-0.09906256075949937,0.2751090044314047
35,1433.6186828408015,,,C-H bending,delta(H10-C1-H12),angle,2.0277665762752184,+,0.07493053896558576,0.3920233835726058
35,1433.6186828408015,,,C-H bending,tau(H15-C8-O9-C7),dihedral,1.2034430460141134,+,0.09352299187481486,0.14934836877361438
35,1433.6186828408015,,,C-H bending,delta(O9-C8-H16),angle,1.1481949512177925,-,-0.0741863588433366,0.22645360898683478
35,1433.6186828408015,,,C-H bending,delta(O9-C8-H15),angle,0.967113363311554,-,-0.06816712868208291,0.22591189957815877
35,1433.6186828408015,,,C-H bending,nu(C3-O4),bond,0.7906672761028207,+,0.03127784228318395,0.8772672552439119
35,1433.6186828408015,,,C-H bending,nu(C8-O9),bond,0.6845633476027119,-,-0.053295068853063336,0.2616081760262354
35,1433.6186828408015,,,C-H bending,tau(H10-C1-C2-C5),dihedral,0.3868589784758189,-,-0.03635886453590613,0.3176462861302484
35,1433.6186828408015,,,C-H bending,delta(C1-C2-C3),angle,0.2845011900001434,+,0.024429143664978312,0.5174630280054322
35,1433.6186828408015,,,C-H bending,tau(H11-C1-C2-C3),dihedral,0.21899020004074565,+,0.027054561016107436,0.3247546831827063
35,1433.6186828408015,,,C-H bending,delta(C2-C3-O4),angle,0.20589801184350273,-,-0.023910646190791245,0.3909140249669613
35,1433.6186828408015,,,C-H bending,tau(C2-C7-O9-C8),dihedral,0.12810254039095617,-,-0.021680592912962062,0.2958197445613641
35,1433.6186828408015,,,C-H bending,delta(C2-C7-O9),angle,0.08626999834995712,-,-0.017436472384186767,0.3080025148114132
35,1433.6186828408015,,,C-H bending,delta(C1-C2-C5),angle,0.06644028320582561,+,0.014889257605968329,0.32530977442154063
35,1433.6186828408015,,,C-H bending,nu(C2-C3),bond,0.06576893217265953,+,0.017818171708516413,0.22485690906594918
35,1433.6186828408015,,,C-H bending,nu(C1-C2),bond,0.051611728324297675,+,0.015007777392110414,0.2487295415383795
35,1433.6186828408015,,,C-H bending,nu(C5-N6),bond,0.040431519056055625,+,0.005897050461004539,1.2620079646923392
35,1433.6186828408015,,,C-H bending,nu(C3-H13),bond,0.03948589963749472,+,0.011882725653921946,0.3035439784651939
35,1433.6186828408015,,,C-H bending,tau(H16-C8-O9-C7),dihedral,0.03168214833606252,+,0.014914965359849585,0.15459016127646946
35,1433.6186828408015,,,C-H bending,nu(C8-H15),bond,0.028633945574225023,-,-0.009433351873414212,0.3492696522347172
35,1433.6186828408015,,,C-H bending,delta_lin1(C2-C5-N6),linbend1,0.02638760832952527,-,-0.018583099265652592,0.08294218288781345
35,1433.6186828408015,,,C-H bending,delta(C1-C2-C7),angle,0.02087453720514179,+,0.006497174335427331,0.5367592543463449
35,1433.6186828408015,,,C-H bending,nu(C8-H16),bond,0.019599677111850206,-,-0.00778612301103026,0.3509280802784062
35,1433.6186828408015,,,C-H bending,nu(C7-H14),bond,0.016779696766444273,+,0.007230571075520964,0.3483779301496586
35,1433.6186828408015,,,C-H bending,delta_lin2(C2-C5-N6),linbend2,0.015761964166423063,-,-0.014889411956050385,0.07717328181589451
35,1433.6186828408015,,,C-H bending,delta(C3-C2-C7),angle,0.01510512465538657,+,0.005403189967668811,0.5616109478032196
35,1433.6186828408015,,,C-H bending,"gamma(O4;C3,C2,H13)",oop,0.010481436059407956,+,0.010243756027839269,0.10842116305321652
35,1433.6186828408015,,,C-H bending,nu(C1-H11),bond,0.010091026563412613,-,-0.0056439894367005345,0.3438544825310618
35,1433.6186828408015,,,C-H bending,tau(C1-C2-C7-H14),dihedral,0.008698987906818736,+,0.007944035683090392,0.14962290410311005
35,1433.6186828408015,,,C-H bending,nu(C2-C5),bond,0.005943559746423366,+,0.004583167248952902,0.30713332855890746
35,1433.6186828408015,,,C-H bending,tau(C7-C2-C3-H13),dihedral,0.0051180080132955915,+,0.030183926844264877,0.006097631958842238
35,1433.6186828408015,,,C-H bending,nu(C1-H10),bond,0.004774330463321069,-,-0.0039027191856070695,0.34024331001250363
35,1433.6186828408015,,,C-H bending,tau(C3-C2-C7-O9),dihedral,0.0021854361725195,+,0.0038336825985515626,0.16140520854966225
35,1433.6186828408015,,,C-H bending,nu(C1-H12),bond,0.0009898283574548711,-,-0.0017772643377221542,0.34014771984390524
36,1496.2129518941954,,,C-H bending,delta(H10-C1-H12),angle,54.9037358165618,-,-0.6377459066765798,0.3920233835726058
36,1496.2129518941954,,,C-H bending,delta(H10-C1-H11),angle,18.14847441244027,+,0.3587420852269591,0.40952545667995893
36,1496.2129518941954,,,C-H bending,tau(H10-C1-C2-C5),dihedral,14.098841840280453,-,-0.35902322723744934,0.3176462861302484
36,1496.2129518941954,,,C-H bending,delta(H11-C1-H12),angle,7.229490142936713,+,0.23053269161969844,0.39504635969426727
36,1496.2129518941954,,,C-H bending,delta(C2-C1-H11),angle,2.700553537817947,-,-0.15672507215995668,0.31928702534045783
36,1496.2129518941954,,,C-H bending,delta(C2-C1-H12),angle,2.121127234631463,+,0.11922740143540615,0.4333312396216148
36,1496.2129518941954,,,C-H bending,tau(H11-C1-C2-C3),dihedral,0.282896571045003,+,0.050296625519780445,0.3247546831827063
36,1496.2129518941954,,,C-H bending,delta(C2-C7-H14),angle,0.18734389576350274,+,0.04522016070957304,0.26606073120081736
36,1496.2129518941954,,,C-H bending,nu(C2-C3),bond,0.08623759104925739,+,0.033373204380106214,0.22485690906594918
36,1496.2129518941954,,,C-H bending,nu(C2-C7),bond,0.07278586084387195,-,-0.02814416102615116,0.266855307641462
36,1496.2129518941954,,,C-H bending,nu(C1-H11),bond,0.026532913250269526,-,-0.014969518851840374,0.3438544825310618
36,1496.2129518941954,,,C-H bending,delta(O9-C8-H15),angle,0.01960242414260196,+,0.015874061384700947,0.22591189957815877
36,1496.2129518941954,,,C-H bending,tau(H15-C8-O9-C7),dihedral,0.019131510835733705,-,-0.01928755202039387,0.14934836877361438
36,1496.2129518941954,,,C-H bending,nu(C1-H12),bond,0.015077414512365888,+,0.011345728150994596,0.34014771984390524
36,1496.2129518941954,,,C-H bending,nu(C2-C5),bond,0.013821002065562074,-,-0.011431652409071935,0.30713332855890746
36,1496.2129518941954,,,C-H bending,nu(C7-C8),bond,0.01267930328007351,+,0.010145695885807833,0.35771499490439007
36,1496.2129518941954,,,C-H bending,delta(O9-C8-H16),angle,0.01208620357930705,+,0.012449675952307322,0.22645360898683478
36,1496.2129518941954,,,C-H bending,delta(C3-C2-C7),angle,0.007537394974604883,-,-0.006243032163967005,0.5616109478032196
36,1496.2129518941954,,,C-H bending,nu(C1-H10),bond,0.006315667571189844,+,0.007342053622738693,0.34024331001250363
36,1496.2129518941954,,,C-H bending,nu(C7-O9),bond,0.00570251940156224,+,0.007758606058938881,0.2751090044314047
36,1496.2129518941954,,,C-H bending,nu(C1-C2),bond,0.0048102256696891275,-,-0.00749413926170339,0.2487295415383795
36,1496.2129518941954,,,C-H bending,"gamma(O4;C3,C2,H13)",oop,0.004705810351716084,-,-0.011226978672062175,0.10842116305321652
36,1496.2129518941954,,,C-H bending,delta(C2-C7-O9),angle,0.004629391308453618,-,-0.006606744819358106,0.3080025148114132
36,1496.2129518941954,,,C-H bending,delta_lin2(C2-C5-N6),linbend2,0.004101989577341239,+,0.012424144956615982,0.07717328181589451
36,1496.2129518941954,,,C-H bending,nu(C5-N6),bond,0.0025694929772991774,-,-0.002431618213591716,1.2620079646923392
36,1496.2129518941954,,,C-H bending,delta(C2-C3-O4),angle,0.002563481607882679,-,-0.0043639241657448995,0.3909140249669613
36,1496.2129518941954,,,C-H bending,delta(O4-C3-H13),angle,0.0019758321378758235,-,-0.004386299606639512,0.2982351963672958
36,1496.2129518941954,,,C-H bending,delta(C1-C2-C7),angle,0.001585019130605028,-,-0.0029283986760390603,0.5367592543463449
36,1496.2129518941954,,,C-H bending,nu(C7-H14),bond,0.0008901449671701118,-,-0.0027240041896099327,0.3483779301496586
36,1496.2129518941954,,,C-H bending,delta(C1-C2-C3),angle,0.0005570326834954225,+,0.0017680860363147456,0.5174630280054322
36,1496.2129518941954,,,C-H bending,tau(C3-C2-C7-O9),dihedral,0.0004906039593596692,+,0.0029710466425269507,0.16140520854966225
36,1496.2129518941954,,,C-H bending,tau(H16-C8-O9-C7),dihedral,0.00027313189254050735,+,0.0022651553895869743,0.15459016127646946
36,1496.2129518941954,,,C-H bending,nu(C8-H15),bond,0.0002070724854102165,+,0.0013121500167588389,0.3492696522347172
36,1496.2129518941954,,,C-H bending,nu(C3-O4),bond,0.00019366180359573168,+,0.0008006795650275332,0.8772672552439119
36,1496.2129518941954,,,C-H bending,tau(C2-C7-O9-C8),dihedral,0.00012411686841229736,+,0.0011038359748288093,0.2958197445613641
36,1496.2129518941954,,,C-H bending,nu(C8-O9),bond,0.000117693762633105,+,0.0011430198837109652,0.2616081760262354
36,1496.2129518941954,,,C-H bending,nu(C8-H16),bond,8.244323624926841e-05,+,0.0008259831226809135,0.3509280802784062
36,1496.2129518941954,,,C-H bending,tau(C1-C2-C7-H14),dihedral,6.55680868817875e-05,+,0.0011281060653260126,0.14962290410311005
36,1496.2129518941954,,,C-H bending,nu(C3-H13),bond,4.4108204829625116e-05,+,0.000649608349698558,0.3035439784651939
36,1496.2129518941954,,,C-H bending,tau(C7-C2-C3-H13),dihedral,1.978458742291984e-05,+,0.003069627050584402,0.006097631958842238
36,1496.2129518941954,,,C-H bending,delta(C1-C2-C5),angle,1.7232966061792083e-05,-,-0.0003922240124591781,0.32530977442154063
36,1496.2129518941954,,,C-H bending,delta_lin1(C2-C5-N6),linbend1,2.9047515393451145e-06,-,-0.00031891098788842503,0.08294218288781345
37,1503.1879874456315,,,C-H bending,delta(H11-C1-H12),angle,42.610847608578275,-,-0.5700848245636275,0.39504635969426727
37,1503.1879874456315,,,C-H bending,delta(H10-C1-H11),angle,34.30145115559814,+,0.5023648227835469,0.40952545667995893
37,1503.1879874456315,,,C-H bending,tau(H11-C1-C2-C3),dihedral,16.1157619311898,+,0.3866794891618485,0.3247546831827063
37,1503.1879874456315,,,C-H bending,delta(C2-C1-H12),angle,2.8910210963717637,+,0.14178133349075067,0.4333312396216148
37,1503.1879874456315,,,C-H bending,tau(H10-C1-C2-C5),dihedral,2.5925990484731267,-,-0.1568191926105582,0.3176462861302484
37,1503.1879874456315,,,C-H bending,delta(H10-C1-H12),angle,0.7509239052511075,+,0.07597057343894535,0.3920233835726058
37,1503.1879874456315,,,C-H bending,delta(O4-C3-H13),angle,0.24505367380945456,-,-0.04975704576296645,0.2982351963672958
37,1503.1879874456315,,,C-H bending,nu(C2-C5),bond,0.10851668321120207,+,0.03262783130811064,0.30713332855890746
37,1503.1879874456315,,,C-H bending,nu(C2-C7),bond,0.09624458585580786,-,-0.03296504381697173,0.266855307641462
37,1503.1879874456315,,,C-H bending,delta(C2-C7-H14),angle,0.06812647899606589,-,-0.02777608340683008,0.26606073120081736
37,1503.1879874456315,,,C-H bending,delta(C2-C1-H11),angle,0.05120562670892645,+,0.021982224223319295,0.31928702534045783
37,1503.1879874456315,,,C-H bending,delta(C3-C2-C7),angle,0.04329678943307679,+,0.01524100094711588,0.5616109478032196
37,1503.1879874456315,,,C-H bending,nu(C1-H10),bond,0.0318372503182459,-,-0.016790993927767152,0.34024331001250363
37,1503.1879874456315,,,C-H bending,nu(C1-H12),bond,0.028027688734091984,+,0.015756628177924233,0.34014771984390524
37,1503.1879874456315,,,C-H bending,nu(C5-N6),bond,0.013075843531164016,+,0.005587367476975783,1.2620079646923392
37,1503.1879874456315,,,C-H bending,tau(C2-C7-O9-C8),dihedral,0.012723838037344304,-,-0.011384105535403477,0.2958197445613641
37,1503.1879874456315,,,C-H bending,delta(C2-C3-O4),angle,0.010612448453977786,-,-0.009044209145940684,0.3909140249669613
37,1503.1879874456315,,,C-H bending,tau(H15-C8-O9-C7),dihedral,0.005845664549967922,-,-0.010859757541414933,0.14934836877361438
37,1503.1879874456315,,,C-H bending,delta(C2-C7-O9),angle,0.005390706959828483,+,0.007261881482041251,0.3080025148114132
37,1503.1879874456315,,,C-H bending,nu(C2-C3),bond,0.004703399994888016,-,-0.007938825661581314,0.22485690906594918
37,1503.1879874456315,,,C-H bending,nu(C3-H13),bond,0.0022314771265929383,-,-0.004706399992171428,0.3035439784651939
37,1503.1879874456315,,,C-H bending,nu(C3-O4),bond,0.002087890691445637,-,-0.0026778814404022308,0.8772672552439119
37,1503.1879874456315,,,C-H bending,"gamma(O4;C3,C2,H13)",oop,0.0012928916254209583,+,0.005994147922920459,0.10842116305321652
37,1503.1879874456315,,,C-H bending,delta_lin1(C2-C5-N6),linbend1,0.0011888673904463826,+,0.006571770716165872,0.08294218288781345
37,1503.1879874456315,,,C-H bending,nu(C7-C8),bond,0.0011200084742887528,-,-0.0030714645520070858,0.35771499490439007
37,1503.1879874456315,,,C-H bending,tau(C3-C2-C7-O9),dihedral,0.0008421728472031105,-,-0.003965018981893961,0.16140520854966225
37,1503.1879874456315,,,C-H bending,nu(C7-O9),bond,0.0008076622560437404,+,0.0029741708799451874,0.2751090044314047
37,1503.1879874456315,,,C-H bending,delta(C1-C2-C7),angle,0.0007190117634092611,+,0.002009007940611454,0.5367592543463449
37,1503.1879874456315,,,C-H bending,delta(O9-C8-H16),angle,0.0005812857329010677,+,0.0027810489595515133,0.22645360898683478
37,1503.1879874456315,,,C-H bending,delta(O9-C8-H15),angle,0.0004405534914126523,+,0.002424003239630386,0.22591189957815877
37,1503.1879874456315,,,C-H bending,tau(C1-C2-C7-H14),dihedral,0.0003768884837846906,-,-0.0027549315938590474,0.14962290410311005
37,1503.1879874456315,,,C-H bending,delta_lin2(C2-C5-N6),linbend2,0.0003261662023821281,+,0.0035685305564069738,0.07717328181589451
37,1503.1879874456315,,,C-H bending,nu(C1-H11),bond,0.0002471367165788674,+,0.0014715828469874632,0.3438544825310618
37,1503.1879874456315,,,C-H bending,tau(H16-C8-O9-C7),dihedral,0.00016089948136300262,+,0.0017708828125106012,0.15459016127646946
37,1503.1879874456315,,,C-H bending,tau(C7-C2-C3-H13),dihedral,9.289398615704604e-05,+,0.006775114226222896,0.006097631958842238
37,1503.1879874456315,,,C-H bending,delta(C1-C2-C5),angle,8.74691528580925e-05,-,-0.0009000825246435892,0.32530977442154063
37,1503.1879874456315,,,C-H bending,nu(C7-H14),bond,3.8230471799055734e-05,+,0.0005750199829666803,0.3483779301496586
37,1503.1879874456315,,,C-H bending,nu(C1-C2),bond,3.534064019326245e-05,-,-0.000654300040887704,0.2487295415383795
37,1503.1879874456315,,,C-H bending,nu(C8-H16),bond,2.5971369445491797e-05,+,0.00047221718795785884,0.3509280802784062
37,1503.1879874456315,,,C-H bending,delta(C1-C2-C3),angle,1.3563379834828867e-05,+,0.0002810267915859055,0.5174630280054322
37,1503.1879874456315,,,C-H bending,nu(C8-H15),bond,1.1388273639075895e-05,+,0.0003134382161259226,0.3492696522347172
37,1503.1879874456315,,,C-H bending,nu(C8-O9),bond,6.806386558414038e-06,+,0.00027998584441902164,0.2616081760262354
38,1532.0614321420587,,,mixed ring-site C-H in-plane bending / ring-site C-H out-of-plane bending,delta(O9-C8-H16),angle,22.79073537423803,+,0.26463575071181417,0.22645360898683478
38,1532.0614321420587,,,mixed ring-site C-H in-plane bending / ring-site C-H out-of-plane bending,delta(O9-C8-H15),angle,22.24869505632539,+,0.26178314835113026,0.22591189957815877
38,1532.0614321420587,,,mixed ring-site C-H in-plane bending / ring-site C-H out-of-plane bending,tau(H16-C8-O9-C7),dihedral,15.217018637741205,+,0.26171753999047076,0.15459016127646946
38,1532.0614321420587,,,mixed ring-site C-H in-plane bending / ring-site C-H out-of-plane bending,nu(C7-C8),bond,14.765040370357704,-,-0.16947580870949847,0.35771499490439007
38,1532.0614321420587,,,mixed ring-site C-H in-plane bending / ring-site C-H out-of-plane bending,tau(H15-C8-O9-C7),dihedral,11.264528243324595,-,-0.22909479951427547,0.14934836877361438
38,1532.0614321420587,,,mixed ring-site C-H in-plane bending / ring-site C-H out-of-plane bending,delta(C2-C7-H14),angle,4.355056175948015,-,-0.10672482685281168,0.26606073120081736
38,1532.0614321420587,,,mixed ring-site C-H in-plane bending / ring-site C-H out-of-plane bending,nu(C8-O9),bond,4.075863990701159,-,-0.1041221563401732,0.2616081760262354
38,1532.0614321420587,,,mixed ring-site C-H in-plane bending / ring-site C-H out-of-plane bending,nu(C7-O9),bond,2.5845289701437832,-,-0.08085321023336475,0.2751090044314047
38,1532.0614321420587,,,mixed ring-site C-H in-plane bending / ring-site C-H out-of-plane bending,nu(C2-C7),bond,1.2360543650135412,+,0.05677273701665873,0.266855307641462
38,1532.0614321420587,,,mixed ring-site C-H in-plane bending / ring-site C-H out-of-plane bending,delta(H10-C1-H12),angle,0.2595958871400682,+,0.021466037599954947,0.3920233835726058
38,1532.0614321420587,,,mixed ring-site C-H in-plane bending / ring-site C-H out-of-plane bending,delta(H11-C1-H12),angle,0.18790829005398085,+,0.018193150264405798,0.39504635969426727
38,1532.0614321420587,,,mixed ring-site C-H in-plane bending / ring-site C-H out-of-plane bending,delta(C3-C2-C7),angle,0.1715222672237876,+,0.014578117291369692,0.5616109478032196
38,1532.0614321420587,,,mixed ring-site C-H in-plane bending / ring-site C-H out-of-plane bending,tau(C2-C7-O9-C8),dihedral,0.11134397592346207,-,-0.016183734763052376,0.2958197445613641
38,1532.0614321420587,,,mixed ring-site C-H in-plane bending / ring-site C-H out-of-plane bending,nu(C8-H15),bond,0.11099479529129778,+,0.014870646496944279,0.3492696522347172
38,1532.0614321420587,,,mixed ring-site C-H in-plane bending / ring-site C-H out-of-plane bending,tau(H10-C1-C2-C5),dihedral,0.09974628217154403,+,0.014782076176396106,0.3176462861302484
38,1532.0614321420587,,,mixed ring-site C-H in-plane bending / ring-site C-H out-of-plane bending,tau(C1-C2-C7-H14),dihedral,0.09010845073007176,+,0.02047117117553643,0.14962290410311005
38,1532.0614321420587,,,mixed ring-site C-H in-plane bending / ring-site C-H out-of-plane bending,delta(C2-C1-H12),angle,0.08488310288170872,-,-0.011675072660576102,0.4333312396216148
38,1532.0614321420587,,,mixed ring-site C-H in-plane bending / ring-site C-H out-of-plane bending,nu(C8-H16),bond,0.07628787194130934,+,0.01229922250045095,0.3509280802784062
38,1532.0614321420587,,,mixed ring-site C-H in-plane bending / ring-site C-H out-of-plane bending,delta(H10-C1-H11),angle,0.04986102644274733,-,-0.009204477152644951,0.40952545667995893
38,1532.0614321420587,,,mixed ring-site C-H in-plane bending / ring-site C-H out-of-plane bending,tau(H11-C1-C2-C3),dihedral,0.04378597507004879,-,-0.009686096015861175,0.3247546831827063
38,1532.0614321420587,,,mixed ring-site C-H in-plane bending / ring-site C-H out-of-plane bending,nu(C2-C5),bond,0.03670946278680474,+,0.009119783104519219,0.30713332855890746
38,1532.0614321420587,,,mixed ring-site C-H in-plane bending / ring-site C-H out-of-plane bending,delta(C1-C2-C3),angle,0.032324005701656375,+,0.006592982044152935,0.5174630280054322
38,1532.0614321420587,,,mixed ring-site C-H in-plane bending / ring-site C-H out-of-plane bending,delta(C1-C2-C7),angle,0.03207096429373904,+,0.0064480026464598505,0.5367592543463449
38,1532.0614321420587,,,mixed ring-site C-H in-plane bending / ring-site C-H out-of-plane bending,nu(C2-C3),bond,0.01790373640427305,-,-0.007443508483894841,0.22485690906594918
38,1532.0614321420587,,,mixed ring-site C-H in-plane bending / ring-site C-H out-of-plane bending,tau(C3-C2-C7-O9),dihedral,0.015827224862643197,+,0.008260428606038943,0.16140520854966225
38,1532.0614321420587,,,mixed ring-site C-H in-plane bending / ring-site C-H out-of-plane bending,delta(C2-C7-O9),angle,0.00985676485497852,+,0.004718989762210811,0.3080025148114132
38,1532.0614321420587,,,mixed ring-site C-H in-plane bending / ring-site C-H out-of-plane bending,nu(C3-O4),bond,0.006861093901578176,+,0.0023328654452105056,0.8772672552439119
38,1532.0614321420587,,,mixed ring-site C-H in-plane bending / ring-site C-H out-of-plane bending,"gamma(O4;C3,C2,H13)",oop,0.004495748513352707,+,0.005371591057732883,0.10842116305321652
38,1532.0614321420587,,,mixed ring-site C-H in-plane bending / ring-site C-H out-of-plane bending,delta(C2-C1-H11),angle,0.0035761110864772076,-,-0.002791732699671475,0.31928702534045783
38,1532.0614321420587,,,mixed ring-site C-H in-plane bending / ring-site C-H out-of-plane bending,nu(C1-C2),bond,0.0034899528176967993,-,-0.00312467650197456,0.2487295415383795
38,1532.0614321420587,,,mixed ring-site C-H in-plane bending / ring-site C-H out-of-plane bending,delta(C2-C3-O4),angle,0.002556547281608425,-,-0.0021332672047511547,0.3909140249669613
38,1532.0614321420587,,,mixed ring-site C-H in-plane bending / ring-site C-H out-of-plane bending,nu(C5-N6),bond,0.002264065820818836,+,0.0011173068071696339,1.2620079646923392
38,1532.0614321420587,,,mixed ring-site C-H in-plane bending / ring-site C-H out-of-plane bending,delta_lin2(C2-C5-N6),linbend2,0.0020029949378618946,-,-0.0042497698358789065,0.07717328181589451
38,1532.0614321420587,,,mixed ring-site C-H in-plane bending / ring-site C-H out-of-plane bending,delta(O4-C3-H13),angle,0.0015965523738744765,+,0.0019300613123817015,0.2982351963672958
38,1532.0614321420587,,,mixed ring-site C-H in-plane bending / ring-site C-H out-of-plane bending,tau(C7-C2-C3-H13),dihedral,0.0015685672108676735,+,0.013379193371339818,0.006097631958842238
38,1532.0614321420587,,,mixed ring-site C-H in-plane bending / ring-site C-H out-of-plane bending,delta(C1-C2-C5),angle,0.0014458281833999989,-,-0.0017586068286518327,0.32530977442154063
38,1532.0614321420587,,,mixed ring-site C-H in-plane bending / ring-site C-H out-of-plane bending,nu(C1-H12),bond,0.0008452731594230333,-,-0.0013149938620881192,0.34014771984390524
38,1532.0614321420587,,,mixed ring-site C-H in-plane bending / ring-site C-H out-of-plane bending,delta_lin1(C2-C5-N6),linbend1,0.0005734504984295847,-,-0.002193406898951348,0.08294218288781345
38,1532.0614321420587,,,mixed ring-site C-H in-plane bending / ring-site C-H out-of-plane bending,nu(C1-H10),bond,0.0002173689937231884,+,0.0006667499141602021,0.34024331001250363
38,1532.0614321420587,,,mixed ring-site C-H in-plane bending / ring-site C-H out-of-plane bending,nu(C3-H13),bond,0.00017043096559766398,+,0.0006250610103901795,0.3035439784651939
38,1532.0614321420587,,,mixed ring-site C-H in-plane bending / ring-site C-H out-of-plane bending,nu(C1-H11),bond,8.003279761360464e-05,+,0.00040244415333389903,0.3438544825310618
38,1532.0614321420587,,,mixed ring-site C-H in-plane bending / ring-site C-H out-of-plane bending,nu(C7-H14),bond,4.7138901584534345e-06,+,9.703387618393261e-05,0.3483779301496586
39,1813.7153412123853,,,C-O stretching,nu(C3-O4),bond,88.98361562011164,+,0.37680883887461847,0.8772672552439119
39,1813.7153412123853,,,C-O stretching,delta(O4-C3-H13),angle,4.076842654015426,-,-0.1383294162934376,0.2982351963672958
39,1813.7153412123853,,,C-O stretching,nu(C2-C3),bond,2.669488309973329,-,-0.12891187065282697,0.22485690906594918
39,1813.7153412123853,,,C-O stretching,delta(C3-C2-C7),angle,1.6975537441114463,+,0.06504680969993344,0.5616109478032196
39,1813.7153412123853,,,C-O stretching,delta(C2-C3-O4),angle,1.0768673290760276,-,-0.062097267720039206,0.3909140249669613
39,1813.7153412123853,,,C-O stretching,tau(H11-C1-C2-C3),dihedral,0.9744052470316183,+,0.06480732752716158,0.3247546831827063
39,1813.7153412123853,,,C-O stretching,delta(H10-C1-H11),angle,0.07500912068590324,-,-0.016012111388464235,0.40952545667995893
39,1813.7153412123853,,,C-O stretching,nu(C2-C7),bond,0.0710009789136627,-,-0.019298620357555446,0.266855307641462
39,1813.7153412123853,,,C-O stretching,delta(C1-C2-C3),angle,0.06740966482662827,-,-0.013503720433284506,0.5174630280054322
39,1813.7153412123853,,,C-O stretching,tau(C3-C2-C7-O9),dihedral,0.05734195220385778,-,-0.02230023715458433,0.16140520854966225
39,1813.7153412123853,,,C-O stretching,nu(C5-N6),bond,0.05385880648323825,-,-0.007729107216313107,1.2620079646923392
39,1813.7153412123853,,,C-O stretching,delta(C2-C1-H12),angle,0.04285721743956863,+,0.011766139760479277,0.4333312396216148
39,1813.7153412123853,,,C-O stretching,nu(C2-C5),bond,0.03793339358503046,+,0.013148596329039178,0.30713332855890746
39,1813.7153412123853,,,C-O stretching,delta(C2-C1-H11),angle,0.02131677192586598,+,0.009667231105688474,0.31928702534045783
39,1813.7153412123853,,,C-O stretching,delta(H11-C1-H12),angle,0.014697280867237962,-,-0.0072164977714015395,0.39504635969426727
39,1813.7153412123853,,,C-O stretching,delta(C2-C7-H14),angle,0.009964541549909433,+,0.007240528846857628,0.26606073120081736
39,1813.7153412123853,,,C-O stretching,nu(C7-H14),bond,0.009343619158028033,-,-0.006127231145009921,0.3483779301496586
39,1813.7153412123853,,,C-O stretching,delta(C1-C2-C7),angle,0.008878142697928058,+,0.004811752794399473,0.5367592543463449
39,1813.7153412123853,,,C-O stretching,delta(C2-C7-O9),angle,0.008447345613828178,+,0.006196051480116213,0.3080025148114132
39,1813.7153412123853,,,C-O stretching,delta(C1-C2-C5),angle,0.00685179581890999,-,-0.005429822929545318,0.32530977442154063
39,1813.7153412123853,,,C-O stretching,delta(H10-C1-H12),angle,0.005645823792294526,-,-0.0044899312434439585,0.3920233835726058
39,1813.7153412123853,,,C-O stretching,"gamma(O4;C3,C2,H13)",oop,0.005530547994878216,+,0.00845004591918087,0.10842116305321652
39,1813.7153412123853,,,C-O stretching,nu(C7-C8),bond,0.005415050033499984,+,0.004603251265058332,0.35771499490439007
39,1813.7153412123853,,,C-O stretching,nu(C3-H13),bond,0.004347449718299143,-,-0.004477529851509405,0.3035439784651939
39,1813.7153412123853,,,C-O stretching,tau(H15-C8-O9-C7),dihedral,0.0037272035407232627,-,-0.005910487869670834,0.14934836877361438
39,1813.7153412123853,,,C-O stretching,tau(H16-C8-O9-C7),dihedral,0.003249466484000898,-,-0.005424342740488675,0.15459016127646946
39,1813.7153412123853,,,C-O stretching,nu(C1-C2),bond,0.001749576654899335,-,-0.003137869081701028,0.2487295415383795
39,1813.7153412123853,,,C-O stretching,delta_lin2(C2-C5-N6),linbend2,0.0015637663585585295,+,0.005325795243449505,0.07717328181589451
39,1813.7153412123853,,,C-O stretching,nu(C1-H10),bond,0.001459950811362159,-,-0.0024507913093406992,0.34024331001250363
39,1813.7153412123853,,,C-O stretching,tau(C2-C7-O9-C8),dihedral,0.0014061154011118732,-,-0.002579460731478435,0.2958197445613641
39,1813.7153412123853,,,C-O stretching,nu(C1-H12),bond,0.0009425942217699838,-,-0.001969521026328837,0.34014771984390524
39,1813.7153412123853,,,C-O stretching,tau(C1-C2-C7-H14),dihedral,0.00028389427533990103,+,0.0016297136185700403,0.14962290410311005
39,1813.7153412123853,,,C-O stretching,nu(C7-O9),bond,0.00023049462538578323,+,0.001082954015578102,0.2751090044314047
39,1813.7153412123853,,,C-O stretching,delta(O9-C8-H15),angle,0.00018974865344494542,-,-0.0010843058845634674,0.22591189957815877
39,1813.7153412123853,,,C-O stretching,delta_lin1(C2-C5-N6),linbend1,0.0001568952773209344,+,0.0016272310481521674,0.08294218288781345
39,1813.7153412123853,,,C-O stretching,tau(H10-C1-C2-C5),dihedral,0.00014668839832842747,+,0.0008040036296887847,0.3176462861302484
39,1813.7153412123853,,,C-O stretching,nu(C8-H15),bond,0.00012077621953085505,-,-0.000695732525210153,0.3492696522347172
39,1813.7153412123853,,,C-O stretching,delta(O9-C8-H16),angle,0.00011349434491149435,+,0.0008375861841341091,0.22645360898683478
39,1813.7153412123853,,,C-O stretching,nu(C1-H11),bond,1.8959059209957788e-05,-,-0.0002778133192894071,0.3438544825310618
39,1813.7153412123853,,,C-O stretching,nu(C8-O9),bond,9.666432909694588e-06,+,0.00022742566914238268,0.2616081760262354
39,1813.7153412123853,,,C-O stretching,tau(C7-C2-C3-H13),dihedral,8.28452228225636e-06,+,0.0013790663083227761,0.006097631958842238
39,1813.7153412123853,,,C-O stretching,nu(C8-H16),bond,1.7090887501907045e-08,-,-8.256676413179942e-06,0.3509280802784062
40,2355.194592023595,,,C-N stretching,nu(C5-N6),bond,90.8951543103772,+,0.39071108131067445,1.2620079646923392
40,2355.194592023595,,,C-N stretching,nu(C2-C5),bond,8.936777161437663,-,-0.24833812759554227,0.30713332855890746
40,2355.194592023595,,,C-N stretching,nu(C3-O4),bond,0.028140153137707305,+,0.008245437037105249,0.8772672552439119
40,2355.194592023595,,,C-N stretching,delta(C1-C2-C7),angle,0.019718649716616212,-,-0.008823994459587531,0.5367592543463449
40,2355.194592023595,,,C-N stretching,delta(C2-C7-H14),angle,0.01771375239899872,+,0.011879038937187461,0.26606073120081736
40,2355.194592023595,,,C-N stretching,delta(C3-C2-C7),angle,0.014971888513756663,-,-0.007516867946230419,0.5616109478032196
40,2355.194592023595,,,C-N stretching,delta(C1-C2-C3),angle,0.011059679660849447,-,-0.00673051075114514,0.5174630280054322
40,2355.194592023595,,,C-N stretching,delta(C1-C2-C5),angle,0.008403753664762481,+,0.007399536412621834,0.32530977442154063
40,2355.194592023595,,,C-N stretching,tau(H11-C1-C2-C3),dihedral,0.008221184751458851,-,-0.007324970901671375,0.3247546831827063
40,2355.194592023595,,,C-N stretching,nu(C2-C7),bond,0.007769190294937385,+,0.00785536497527354,0.266855307641462
40,2355.194592023595,,,C-N stretching,delta(C2-C3-O4),angle,0.007638828111862863,+,0.006435601643230487,0.3909140249669613
40,2355.194592023595,,,C-N stretching,tau(C2-C7-O9-C8),dihedral,0.006502149486954935,+,0.006825450276488982,0.2958197445613641
40,2355.194592023595,,,C-N stretching,tau(C1-C2-C7-H14),dihedral,0.0052678369809652445,-,-0.008638404463174558,0.14962290410311005
40,2355.194592023595,,,C-N stretching,delta(O4-C3-H13),angle,0.005114902989999058,-,-0.006029144100286059,0.2982351963672958
40,2355.194592023595,,,C-N stretching,nu(C3-H13),bond,0.0047836472073783725,-,-0.005779432177876338,0.3035439784651939
40,2355.194592023595,,,C-N stretching,nu(C1-C2),bond,0.004173763009278792,+,0.005963711408922227,0.2487295415383795
40,2355.194592023595,,,C-N stretching,delta(H10-C1-H11),angle,0.003309266614968508,-,-0.0041384893168887014,0.40952545667995893
40,2355.194592023595,,,C-N stretching,delta(H10-C1-H12),angle,0.0031389484021356264,-,-0.00411957594095638,0.3920233835726058
40,2355.194592023595,,,C-N stretching,tau(C3-C2-C7-O9),dihedral,0.0026785835326585553,+,0.005930758442035969,0.16140520854966225
40,2355.194592023595,,,C-N stretching,delta(C2-C7-O9),angle,0.002094953538172283,-,-0.0037968765565815524,0.3080025148114132
40,2355.194592023595,,,C-N stretching,tau(H10-C1-C2-C5),dihedral,0.0015665565759162285,+,0.003233088271185015,0.3176462861302484
40,2355.194592023595,,,C-N stretching,delta(C2-C1-H12),angle,0.0011624752673966088,-,-0.002384505191553944,0.4333312396216148
40,2355.194592023595,,,C-N stretching,nu(C7-H14),bond,0.001035545211929345,-,-0.0025100110089181726,0.3483779301496586
40,2355.194592023595,,,C-N stretching,"gamma(O4;C3,C2,H13)",oop,0.0006710386879077132,-,-0.0036218725179556197,0.10842116305321652
40,2355.194592023595,,,C-N stretching,nu(C1-H12),bond,0.0005421270183231507,-,-0.0018379477253184756,0.34014771984390524
40,2355.194592023595,,,C-N stretching,nu(C2-C3),bond,0.0004451709699208793,+,0.0020484563340501735,0.22485690906594918
40,2355.194592023595,,,C-N stretching,nu(C7-O9),bond,0.00037322822312059283,+,0.0016957086948940167,0.2751090044314047
40,2355.194592023595,,,C-N stretching,nu(C1-H10),bond,0.0003247870375075579,-,-0.0014223974258832574,0.34024331001250363
40,2355.194592023595,,,C-N stretching,tau(H15-C8-O9-C7),dihedral,0.0002636441911454557,-,-0.0019343064181917586,0.14934836877361438
40,2355.194592023595,,,C-N stretching,nu(C7-C8),bond,0.00023879591771059326,+,0.001189491347779853,0.35771499490439007
40,2355.194592023595,,,C-N stretching,delta_lin2(C2-C5-N6),linbend2,0.0002181471826297412,-,-0.0024476974237104343,0.07717328181589451
40,2355.194592023595,,,C-N stretching,tau(C7-C2-C3-H13),dihedral,0.00018587167859935523,-,-0.008037896649666629,0.006097631958842238
40,2355.194592023595,,,C-N stretching,nu(C1-H11),bond,0.00014311121669220774,-,-0.0009392169095543041,0.3438544825310618
40,2355.194592023595,,,C-N stretching,delta(O9-C8-H16),angle,8.141977235756527e-05,+,0.0008729547446424288,0.22645360898683478
40,2355.194592023595,,,C-N stretching,delta(H11-C1-H12),angle,4.1228649257093786e-05,-,-0.00047031835944147323,0.39504635969426727
40,2355.194592023595,,,C-N stretching,delta(C2-C1-H11),angle,3.8652127568979735e-05,-,-0.0005065385208270085,0.31928702534045783
40,2355.194592023595,,,C-N stretching,nu(C8-H16),bond,1.7714842549192517e-05,+,0.00032709657681096696,0.3509280802784062
40,2355.194592023595,,,C-N stretching,delta(O9-C8-H15),angle,1.1690618243297863e-05,+,0.00033118114007423167,0.22591189957815877
40,2355.194592023595,,,C-N stretching,delta_lin1(C2-C5-N6),linbend1,3.0489547907529e-06,-,-0.0002791284943596045,0.08294218288781345
40,2355.194592023595,,,C-N stretching,nu(C8-O9),bond,1.530754034131183e-06,+,0.00011136365109304823,0.2616081760262354
40,2355.194592023595,,,C-N stretching,nu(C8-H15),bond,1.1597877142947493e-06,+,8.389290576926473e-05,0.3492696522347172
40,2355.194592023595,,,C-N stretching,tau(H16-C8-O9-C7),dihedral,4.5148636897973864e-07,-,-7.867700285007321e-05,0.15459016127646946
41,2926.134888849426,,,C-H stretching,nu(C3-H13),bond,98.74238839308546,-,-1.0365964508753205,0.3035439784651939
41,2926.134888849426,,,C-H stretching,nu(C3-O4),bond,0.4533031497280594,+,0.04131398841599612,0.8772672552439119
41,2926.134888849426,,,C-H stretching,delta(C2-C3-O4),angle,0.3695727249886482,-,-0.05588278539148145,0.3909140249669613
41,2926.134888849426,,,C-H stretching,delta(O4-C3-H13),angle,0.14031106426372134,+,0.03942168889205018,0.2982351963672958
41,2926.134888849426,,,C-H stretching,delta(C3-C2-C7),angle,0.09431992473198203,+,0.023553348327420225,0.5616109478032196
41,2926.134888849426,,,C-H stretching,nu(C2-C3),bond,0.09050358301810903,+,0.03646267135018112,0.22485690906594918
41,2926.134888849426,,,C-H stretching,tau(H11-C1-C2-C3),dihedral,0.061898923695492374,+,0.025091842459400084,0.3247546831827063
41,2926.134888849426,,,C-H stretching,nu(C1-H12),bond,0.028242831800402914,+,0.016561095153125434,0.34014771984390524
41,2926.134888849426,,,C-H stretching,delta(C1-C2-C3),angle,0.005580761723892194,-,-0.005968645592855445,0.5174630280054322
41,2926.134888849426,,,C-H stretching,nu(C1-H11),bond,0.004921577318305952,+,0.006875962915207025,0.3438544825310618
41,2926.134888849426,,,C-H stretching,tau(C3-C2-C7-O9),dihedral,0.0026390683934283997,-,-0.0073491187465105755,0.16140520854966225
41,2926.134888849426,,,C-H stretching,nu(C1-H10),bond,0.002581427760248949,+,0.005006150542472309,0.34024331001250363
41,2926.134888849426,,,C-H stretching,nu(C5-N6),bond,0.0017908439603623527,-,-0.0021650430685534105,1.2620079646923392
41,2926.134888849426,,,C-H stretching,delta(H11-C1-H12),angle,0.0004514467533092331,+,0.0019428888217196058,0.39504635969426727
41,2926.134888849426,,,C-H stretching,delta(C2-C1-H12),angle,0.0003887448571090813,-,-0.0017214366434085344,0.4333312396216148
41,2926.134888849426,,,C-H stretching,delta(C2-C1-H11),angle,0.00024248688596647283,-,-0.001583879753971936,0.31928702534045783
41,2926.134888849426,,,C-H stretching,nu(C1-C2),bond,0.00014341168084686635,-,-0.0013800578537911902,0.2487295415383795
41,2926.134888849426,,,C-H stretching,nu(C2-C7),bond,0.00013240339867219027,+,0.0012802074750364939,0.266855307641462
41,2926.134888849426,,,C-H stretching,nu(C8-H16),bond,0.00012127298523796081,+,0.0010684192112522908,0.3509280802784062
41,2926.134888849426,,,C-H stretching,delta(C1-C2-C5),angle,9.176610533533066e-05,+,0.0009652977823888764,0.32530977442154063
41,2926.134888849426,,,C-H stretching,nu(C7-O9),bond,7.59295240144406e-05,-,-0.0009548203153127979,0.2751090044314047
41,2926.134888849426,,,C-H stretching,nu(C7-H14),bond,5.222432370479305e-05,-,-0.0007036874566793974,0.3483779301496586
41,2926.134888849426,,,C-H stretching,tau(C1-C2-C7-H14),dihedral,4.691951937622687e-05,-,-0.0010177625165395466,0.14962290410311005
41,2926.134888849426,,,C-H stretching,nu(C7-C8),bond,3.864053151444041e-05,-,-0.0005973401239483054,0.35771499490439007
41,2926.134888849426,,,C-H stretching,nu(C8-H15),bond,2.950002304496535e-05,+,0.0005282013007977089,0.3492696522347172
41,2926.134888849426,,,C-H stretching,nu(C2-C5),bond,2.9340294826547152e-05,+,0.0005617427528616817,0.30713332855890746
41,2926.134888849426,,,C-H stretching,delta(C2-C7-O9),angle,2.629463869519429e-05,-,-0.0005310374960502119,0.3080025148114132
41,2926.134888849426,,,C-H stretching,delta_lin1(C2-C5-N6),linbend1,1.4565045728733524e-05,-,-0.0007616174928942665,0.08294218288781345
41,2926.134888849426,,,C-H stretching,delta_lin2(C2-C5-N6),linbend2,1.4080173915846789e-05,+,0.0007763172558308902,0.07717328181589451
41,2926.134888849426,,,C-H stretching,tau(H10-C1-C2-C5),dihedral,1.0078679322690183e-05,-,-0.0003237416958346831,0.3176462861302484
41,2926.134888849426,,,C-H stretching,tau(H15-C8-O9-C7),dihedral,9.506106013950042e-06,+,0.0004585321583891589,0.14934836877361438
41,2926.134888849426,,,C-H stretching,tau(C7-C2-C3-H13),dihedral,9.465755008900487e-06,+,0.0022644656688709723,0.006097631958842238
41,2926.134888849426,,,C-H stretching,delta(H10-C1-H11),angle,6.079093761654706e-06,+,0.00022143572270371469,0.40952545667995893
41,2926.134888849426,,,C-H stretching,delta(H10-C1-H12),angle,3.437931932627331e-06,+,0.00017020070913364695,0.3920233835726058
41,2926.134888849426,,,C-H stretching,"gamma(O4;C3,C2,H13)",oop,2.597365701059381e-06,-,-0.00028130550712067263,0.10842116305321652
41,2926.134888849426,,,C-H stretching,delta(C1-C2-C7),angle,1.879388414869408e-06,-,-0.0001075442553784965,0.5367592543463449
41,2926.134888849426,,,C-H stretching,tau(H16-C8-O9-C7),dihedral,1.652613418493388e-06,+,0.00018791585611630624,0.15459016127646946
41,2926.134888849426,,,C-H stretching,nu(C8-O9),bond,9.86019521264053e-07,-,-0.00011157986069113331,0.2616081760262354
41,2926.134888849426,,,C-H stretching,delta(C2-C7-H14),angle,5.872881058536944e-07,-,-8.538939316560961e-05,0.26606073120081736
41,2926.134888849426,,,C-H stretching,tau(C2-C7-O9-C8),dihedral,4.105358572697256e-07,+,6.770654980784116e-05,0.2958197445613641
41,2926.134888849426,,,C-H stretching,delta(O9-C8-H15),angle,1.0046204767117827e-08,-,-1.2119931742608339e-05,0.22591189957815877
41,2926.134888849426,,,C-H stretching,delta(O9-C8-H16),angle,7.967328873006451e-09,+,1.078041460061466e-05,0.22645360898683478
42,3049.312008901951,,,in-phase C-H stretching,nu(C1-H10),bond,38.1481133076972,-,-0.6259493314219711,0.34024331001250363
42,3049.312008901951,,,in-phase C-H stretching,nu(C1-H12),bond,36.79030103663265,-,-0.6147950101744579,0.34014771984390524
42,3049.312008901951,,,in-phase C-H stretching,nu(C1-H11),bond,24.70872102616055,-,-0.5011124965957217,0.3438544825310618
42,3049.312008901951,,,in-phase C-H stretching,nu(C1-C2),bond,0.15091828485966263,+,0.04604735522044409,0.2487295415383795
42,3049.312008901951,,,in-phase C-H stretching,delta(H10-C1-H12),angle,0.04254295262735078,+,0.01947400481191864,0.3920233835726058
42,3049.312008901951,,,in-phase C-H stretching,delta(C2-C1-H11),angle,0.03519854267186394,-,-0.01962768824496692,0.31928702534045783
42,3049.312008901951,,,in-phase C-H stretching,delta(H10-C1-H11),angle,0.027311747340803494,+,0.01526622773556249,0.40952545667995893
42,3049.312008901951,,,in-phase C-H stretching,delta(C2-C1-H12),angle,0.025728676017035705,-,-0.014404432898199987,0.4333312396216148
42,3049.312008901951,,,in-phase C-H stretching,nu(C3-H13),bond,0.025152291133225375,-,-0.017016702644824005,0.3035439784651939
42,3049.312008901951,,,in-phase C-H stretching,delta(H11-C1-H12),angle,0.022240013052622448,+,0.014026229224471522,0.39504635969426727
42,3049.312008901951,,,in-phase C-H stretching,nu(C7-H14),bond,0.019919382379901433,+,0.014135463786483697,0.3483779301496586
42,3049.312008901951,,,in-phase C-H stretching,delta(C1-C2-C3),angle,0.001011773277018067,-,-0.002613962692391271,0.5174630280054322
42,3049.312008901951,,,in-phase C-H stretching,delta(O4-C3-H13),angle,0.0003962929826679293,+,0.0021548953726784857,0.2982351963672958
42,3049.312008901951,,,in-phase C-H stretching,nu(C5-N6),bond,0.0003513968684449742,-,-0.0009864278853083212,1.2620079646923392
42,3049.312008901951,,,in-phase C-H stretching,tau(C1-C2-C7-H14),dihedral,0.00031237731882887554,-,-0.002701084382304087,0.14962290410311005
42,3049.312008901951,,,in-phase C-H stretching,delta(C1-C2-C5),angle,0.0002655080999633722,+,0.0016888371605054552,0.32530977442154063
42,3049.312008901951,,,in-phase C-H stretching,tau(H10-C1-C2-C5),dihedral,0.0002582022393633494,+,0.0016854099619077122,0.3176462861302484
42,3049.312008901951,,,in-phase C-H stretching,nu(C2-C3),bond,0.0002019864582385131,+,0.0017717622904991866,0.22485690906594918
42,3049.312008901951,,,in-phase C-H stretching,delta(C1-C2-C7),angle,0.00019520319957743292,+,0.001127330198296289,0.5367592543463449
42,3049.312008901951,,,in-phase C-H stretching,delta(C2-C3-O4),angle,0.0001405468842648333,-,-0.0011209014486085963,0.3909140249669613
42,3049.312008901951,,,in-phase C-H stretching,nu(C8-H16),bond,0.00013455035290402668,+,0.0011575261353485476,0.3509280802784062
42,3049.312008901951,,,in-phase C-H stretching,tau(H11-C1-C2-C3),dihedral,0.00011195500495917815,+,0.0010975934097590173,0.3247546831827063
42,3049.312008901951,,,in-phase C-H stretching,delta(C2-C7-H14),angle,0.0001023269961105454,-,-0.0011593169024428892,0.26606073120081736
42,3049.312008901951,,,in-phase C-H stretching,nu(C7-C8),bond,7.856713933394019e-05,-,-0.0008760912499783105,0.35771499490439007
42,3049.312008901951,,,in-phase C-H stretching,nu(C3-O4),bond,6.692159263332981e-05,-,-0.0005163148541135859,0.8772672552439119
42,3049.312008901951,,,in-phase C-H stretching,nu(C7-O9),bond,6.098489165708328e-05,-,-0.000880148941410679,0.2751090044314047
42,3049.312008901951,,,in-phase C-H stretching,nu(C2-C5),bond,5.026774985543497e-05,+,0.0007562731723037784,0.30713332855890746
42,3049.312008901951,,,in-phase C-H stretching,tau(C2-C7-O9-C8),dihedral,3.764940059431405e-05,-,-0.0006669033509365961,0.2958197445613641
42,3049.312008901951,,,in-phase C-H stretching,delta(C3-C2-C7),angle,3.3356279500341176e-05,+,0.0004555840015512274,0.5616109478032196
42,3049.312008901951,,,in-phase C-H stretching,nu(C8-H15),bond,2.489393781311996e-05,-,-0.0004990727064214599,0.3492696522347172
42,3049.312008901951,,,in-phase C-H stretching,delta(C2-C7-O9),angle,9.607046859306008e-06,+,0.00033015301568427584,0.3080025148114132
42,3049.312008901951,,,in-phase C-H stretching,tau(H16-C8-O9-C7),dihedral,2.3551138389003775e-06,-,-0.00023073446610443106,0.15459016127646946
42,3049.312008901951,,,in-phase C-H stretching,nu(C8-O9),bond,2.051704824428442e-06,-,-0.00016555001662591555,0.2616081760262354
42,3049.312008901951,,,in-phase C-H stretching,tau(C3-C2-C7-O9),dihedral,1.6028684459824571e-06,+,0.0001862891719927992,0.16140520854966225
42,3049.312008901951,,,in-phase C-H stretching,delta(O9-C8-H15),angle,1.0156107427058043e-06,+,0.00012534053226630966,0.22591189957815877
42,3049.312008901951,,,in-phase C-H stretching,delta_lin1(C2-C5-N6),linbend1,5.118423709984834e-07,-,-0.0001468513123687836,0.08294218288781345
42,3049.312008901951,,,in-phase C-H stretching,tau(C7-C2-C3-H13),dihedral,3.391136794604805e-07,+,0.00044084863051574116,0.006097631958842238
42,3049.312008901951,,,in-phase C-H stretching,tau(H15-C8-O9-C7),dihedral,2.4002259063261373e-07,-,-7.494165210978758e-05,0.14934836877361438
42,3049.312008901951,,,in-phase C-H stretching,delta_lin2(C2-C5-N6),linbend2,1.3796386149123353e-07,+,7.903994537282642e-05,0.07717328181589451
42,3049.312008901951,,,in-phase C-H stretching,nu(C2-C7),bond,1.1212858747026566e-07,-,-3.831931158806714e-05,0.266855307641462
42,3049.312008901951,,,in-phase C-H stretching,delta(O9-C8-H16),angle,5.332222585728648e-09,+,9.07114182615528e-06,0.22645360898683478
42,3049.312008901951,,,in-phase C-H stretching,"gamma(O4;C3,C2,H13)",oop,5.3757311261727454e-12,+,4.1625473221147257e-07,0.10842116305321652
43,3102.865360125356,,,in-phase ring-site C-H stretching,nu(C8-H15),bond,53.604671991254456,-,-0.7487187022746988,0.3492696522347172
43,3102.865360125356,,,in-phase ring-site C-H stretching,nu(C8-H16),bond,45.57045935357241,-,-0.6887005484042265,0.3509280802784062
43,3102.865360125356,,,in-phase ring-site C-H stretching,nu(C7-C8),bond,0.3392570668858402,+,0.058856395946244186,0.35771499490439007
43,3102.865360125356,,,in-phase ring-site C-H stretching,nu(C7-H14),bond,0.2835477891552533,+,0.05452373538465136,0.3483779301496586
43,3102.865360125356,,,in-phase ring-site C-H stretching,nu(C8-O9),bond,0.15252505246319326,+,0.046146920106303245,0.2616081760262354
43,3102.865360125356,,,in-phase ring-site C-H stretching,tau(H16-C8-O9-C7),dihedral,0.02265651680141477,-,-0.02313680743863367,0.15459016127646946
43,3102.865360125356,,,in-phase ring-site C-H stretching,tau(H15-C8-O9-C7),dihedral,0.01100758025794629,+,0.016407540107697377,0.14934836877361438
43,3102.865360125356,,,in-phase ring-site C-H stretching,nu(C1-H12),bond,0.004954919911555613,+,0.007294278207993313,0.34014771984390524
43,3102.865360125356,,,in-phase ring-site C-H stretching,delta(O9-C8-H16),angle,0.004210139067001616,-,-0.00824055350356613,0.22645360898683478
43,3102.865360125356,,,in-phase ring-site C-H stretching,nu(C1-H11),bond,0.0019912298150060255,-,-0.00459908179975232,0.3438544825310618
43,3102.865360125356,,,in-phase ring-site C-H stretching,nu(C2-C7),bond,0.0012771028074685623,-,-0.004180929006798076,0.266855307641462
43,3102.865360125356,,,in-phase ring-site C-H stretching,delta(O9-C8-H15),angle,0.0008363152317387272,-,-0.0036771659977367487,0.22591189957815877
43,3102.865360125356,,,in-phase ring-site C-H stretching,nu(C1-H10),bond,0.0007909872159789994,-,-0.002913987743998221,0.34024331001250363
43,3102.865360125356,,,in-phase ring-site C-H stretching,tau(C2-C7-O9-C8),dihedral,0.0006828843603181225,-,-0.002903740422260356,0.2958197445613641
43,3102.865360125356,,,in-phase ring-site C-H stretching,nu(C7-O9),bond,0.0005495242340454314,+,0.002701088464138995,0.2751090044314047
43,3102.865360125356,,,in-phase ring-site C-H stretching,delta(C2-C7-O9),angle,0.00022627384468820518,+,0.0016380902779368487,0.3080025148114132
43,3102.865360125356,,,in-phase ring-site C-H stretching,nu(C3-H13),bond,0.0001095191912686097,-,-0.0011479740978480085,0.3035439784651939
43,3102.865360125356,,,in-phase ring-site C-H stretching,delta(C2-C7-H14),angle,0.00010488223391372571,+,0.0011999367659492367,0.26606073120081736
43,3102.865360125356,,,in-phase ring-site C-H stretching,delta(C2-C1-H12),angle,2.6478685331560883e-05,-,-0.0004724283981688196,0.4333312396216148
43,3102.865360125356,,,in-phase ring-site C-H stretching,delta(C2-C1-H11),angle,2.00043361639922e-05,+,0.0004783758232421793,0.31928702534045783
43,3102.865360125356,,,in-phase ring-site C-H stretching,delta(H11-C1-H12),angle,1.7221572936964676e-05,-,-0.0003990342387786755,0.39504635969426727
43,3102.865360125356,,,in-phase ring-site C-H stretching,delta(H10-C1-H11),angle,1.528705805965187e-05,+,0.00036924896938531776,0.40952545667995893
43,3102.865360125356,,,in-phase ring-site C-H stretching,tau(H11-C1-C2-C3),dihedral,9.909908937083788e-06,+,0.00033385271047652217,0.3247546831827063
43,3102.865360125356,,,in-phase ring-site C-H stretching,tau(H10-C1-C2-C5),dihedral,9.43362586234095e-06,-,-0.00032935572658780867,0.3176462861302484
43,3102.865360125356,,,in-phase ring-site C-H stretching,delta(C1-C2-C3),angle,9.256931693754591e-06,+,0.00025561812962434944,0.5174630280054322
43,3102.865360125356,,,in-phase ring-site C-H stretching,delta(H10-C1-H12),angle,8.858683731911152e-06,-,-0.00028729389549951757,0.3920233835726058
43,3102.865360125356,,,in-phase ring-site C-H stretching,delta(C1-C2-C5),angle,4.517050499258307e-06,+,0.00022520431247766734,0.32530977442154063
43,3102.865360125356,,,in-phase ring-site C-H stretching,nu(C5-N6),bond,3.1708805697604663e-06,+,9.57980525317818e-05,1.2620079646923392
43,3102.865360125356,,,in-phase ring-site C-H stretching,delta(O4-C3-H13),angle,3.010147082211195e-06,+,0.00019200484887963015,0.2982351963672958
43,3102.865360125356,,,in-phase ring-site C-H stretching,nu(C1-C2),bond,2.7277898137831296e-06,-,-0.0002001426072035707,0.2487295415383795
43,3102.865360125356,,,in-phase ring-site C-H stretching,delta_lin1(C2-C5-N6),linbend1,2.726630002266496e-06,-,-0.0003465158943025567,0.08294218288781345
43,3102.865360125356,,,in-phase ring-site C-H stretching,tau(C1-C2-C7-H14),dihedral,1.8919039046550045e-06,-,-0.00021490587231240508,0.14962290410311005
43,3102.865360125356,,,in-phase ring-site C-H stretching,delta(C1-C2-C7),angle,1.5369598099203094e-06,-,-0.00010226788422880163,0.5367592543463449
43,3102.865360125356,,,in-phase ring-site C-H stretching,nu(C3-O4),bond,1.351796275783449e-06,-,-7.502179467451045e-05,0.8772672552439119
43,3102.865360125356,,,in-phase ring-site C-H stretching,nu(C2-C5),bond,1.1139570800225794e-06,-,-0.00011509820263944364,0.30713332855890746
43,3102.865360125356,,,in-phase ring-site C-H stretching,delta(C3-C2-C7),angle,9.528564628115869e-07,-,-7.872156971125917e-05,0.5616109478032196
43,3102.865360125356,,,in-phase ring-site C-H stretching,tau(C3-C2-C7-O9),dihedral,6.745920582191439e-07,-,-0.00012355480093793344,0.16140520854966225
43,3102.865360125356,,,in-phase ring-site C-H stretching,nu(C2-C3),bond,4.7224128334245293e-07,+,8.758437656221118e-05,0.22485690906594918
43,3102.865360125356,,,in-phase ring-site C-H stretching,"gamma(O4;C3,C2,H13)",oop,1.3275545303480445e-07,+,6.687548422785646e-05,0.10842116305321652
43,3102.865360125356,,,in-phase ring-site C-H stretching,tau(C7-C2-C3-H13),dihedral,1.1789584609897986e-07,+,0.0002657458150026422,0.006097631958842238
43,3102.865360125356,,,in-phase ring-site C-H stretching,delta(C2-C3-O4),angle,1.5605653404941702e-08,+,1.20753058198176e-05,0.3909140249669613
43,3102.865360125356,,,in-phase ring-site C-H stretching,delta_lin2(C2-C5-N6),linbend2,7.831975163466035e-09,-,-1.9253068330786572e-05,0.07717328181589451
44,3124.2416452603343,,,opposite-phase C-H stretching,nu(C1-H12),bond,53.92835036574381,-,-0.7740336975835991,0.34014771984390524
44,3124.2416452603343,,,opposite-phase C-H stretching,nu(C1-H10),bond,44.5788747287889,+,0.7036469925562849,0.34024331001250363
44,3124.2416452603343,,,opposite-phase C-H stretching,nu(C1-H11),bond,0.43863731248870363,+,0.0694305368261077,0.3438544825310618
44,3124.2416452603343,,,opposite-phase C-H stretching,nu(C7-H14),bond,0.22305385785142332,-,-0.049188619554643286,0.3483779301496586
44,3124.2416452603343,,,opposite-phase C-H stretching,delta(C2-C1-H12),angle,0.20105225743667995,+,0.04187256443650451,0.4333312396216148
44,3124.2416452603343,,,opposite-phase C-H stretching,delta(H10-C1-H11),angle,0.16242310393723414,-,-0.03871404348065906,0.40952545667995893
44,3124.2416452603343,,,opposite-phase C-H stretching,delta(H11-C1-H12),angle,0.12580010225425217,+,0.034689780133820416,0.39504635969426727
44,3124.2416452603343,,,opposite-phase C-H stretching,tau(H11-C1-C2-C3),dihedral,0.11560540664144289,-,-0.036677222831051244,0.3247546831827063
44,3124.2416452603343,,,opposite-phase C-H stretching,delta(C1-C2-C7),angle,0.10446199601163443,+,0.027119049997983743,0.5367592543463449
44,3124.2416452603343,,,opposite-phase C-H stretching,delta(C1-C2-C5),angle,0.05477558496061209,-,-0.025224933972949868,0.32530977442154063
44,3124.2416452603343,,,opposite-phase C-H stretching,tau(H10-C1-C2-C5),dihedral,0.03785537832538012,+,0.021221544409162116,0.3176462861302484
44,3124.2416452603343,,,opposite-phase C-H stretching,nu(C8-H16),bond,0.007264022631429771,-,-0.008844323435342579,0.3509280802784062
44,3124.2416452603343,,,opposite-phase C-H stretching,tau(C1-C2-C7-H14),dihedral,0.00619608159395698,+,0.01250963408350906,0.14962290410311005
44,3124.2416452603343,,,opposite-phase C-H stretching,nu(C3-H13),bond,0.005522704767168134,-,-0.008291826093498923,0.3035439784651939
44,3124.2416452603343,,,opposite-phase C-H stretching,nu(C8-H15),bond,0.00267831737846571,-,-0.005383140016496111,0.3492696522347172
44,3124.2416452603343,,,opposite-phase C-H stretching,delta(C1-C2-C3),angle,0.0016763921741205173,-,-0.003498913708727742,0.5174630280054322
44,3124.2416452603343,,,opposite-phase C-H stretching,delta(C2-C1-H11),angle,0.0014316028213767118,-,-0.004116287684811007,0.31928702534045783
44,3124.2416452603343,,,opposite-phase C-H stretching,delta(H10-C1-H12),angle,0.0013249498545253656,+,0.0035737882516385755,0.3920233835726058
44,3124.2416452603343,,,opposite-phase C-H stretching,nu(C7-C8),bond,0.0006286667750618365,+,0.0025770732548422264,0.35771499490439007
44,3124.2416452603343,,,opposite-phase C-H stretching,tau(C2-C7-O9-C8),dihedral,0.0004281028605355701,+,0.002338544122136686,0.2958197445613641
44,3124.2416452603343,,,opposite-phase C-H stretching,nu(C2-C7),bond,0.00036076164209352345,+,0.00226025447228362,0.266855307641462
44,3124.2416452603343,,,opposite-phase C-H stretching,delta(C2-C7-O9),angle,0.0003556314754832975,-,-0.002088853811161726,0.3080025148114132
44,3124.2416452603343,,,opposite-phase C-H stretching,nu(C7-O9),bond,0.00024316941878236865,+,0.0018276252858162622,0.2751090044314047
44,3124.2416452603343,,,opposite-phase C-H stretching,delta(C2-C7-H14),angle,0.0002238797495303503,+,0.0017832083879119939,0.26606073120081736
44,3124.2416452603343,,,opposite-phase C-H stretching,tau(H15-C8-O9-C7),dihedral,0.00015916200242548174,+,0.002006802058095274,0.14934836877361438
44,3124.2416452603343,,,opposite-phase C-H stretching,delta(C3-C2-C7),angle,0.00014711993201140406,-,-0.0009949541263120072,0.5616109478032196
44,3124.2416452603343,,,opposite-phase C-H stretching,nu(C1-C2),bond,0.00014266365635582964,+,0.0014722381684785838,0.2487295415383795
44,3124.2416452603343,,,opposite-phase C-H stretching,delta(O4-C3-H13),angle,7.116736487776329e-05,+,0.0009496117445377558,0.2982351963672958
44,3124.2416452603343,,,opposite-phase C-H stretching,tau(H16-C8-O9-C7),dihedral,5.747121422826765e-05,+,0.0011852755984697015,0.15459016127646946
44,3124.2416452603343,,,opposite-phase C-H stretching,tau(C3-C2-C7-O9),dihedral,5.082492842668436e-05,-,-0.0010908491498512944,0.16140520854966225
44,3124.2416452603343,,,opposite-phase C-H stretching,nu(C3-O4),bond,4.958474217143576e-05,+,0.00046216084900279535,0.8772672552439119
44,3124.2416452603343,,,opposite-phase C-H stretching,nu(C2-C5),bond,2.7873448360358815e-05,-,-0.0005856214282358601,0.30713332855890746
44,3124.2416452603343,,,opposite-phase C-H stretching,nu(C8-O9),bond,2.428888457099148e-05,+,0.0005923292938481709,0.2616081760262354
44,3124.2416452603343,,,opposite-phase C-H stretching,nu(C5-N6),bond,2.1109047389192736e-05,-,-0.0002514133597909187,1.2620079646923392
44,3124.2416452603343,,,opposite-phase C-H stretching,nu(C2-C3),bond,7.122201313872023e-06,+,0.0003459705138757154,0.22485690906594918
44,3124.2416452603343,,,opposite-phase C-H stretching,delta(C2-C3-O4),angle,6.2086122733390284e-06,-,-0.000244986258911266,0.3909140249669613
44,3124.2416452603343,,,opposite-phase C-H stretching,delta_lin1(C2-C5-N6),linbend1,4.949553641917922e-06,+,0.00047487616222934194,0.08294218288781345
44,3124.2416452603343,,,opposite-phase C-H stretching,delta(O9-C8-H15),angle,2.7896541361807304e-06,-,-0.00021601838248362767,0.22591189957815877
44,3124.2416452603343,,,opposite-phase C-H stretching,tau(C7-C2-C3-H13),dihedral,1.6090431117997844e-06,-,-0.0009985925431903419,0.006097631958842238
44,3124.2416452603343,,,opposite-phase C-H stretching,delta(O9-C8-H16),angle,6.770440390146082e-07,-,-0.00010629281735675283,0.22645360898683478
44,3124.2416452603343,,,opposite-phase C-H stretching,"gamma(O4;C3,C2,H13)",oop,5.792533535081813e-07,-,-0.000142089612480091,0.10842116305321652
44,3124.2416452603343,,,opposite-phase C-H stretching,delta_lin2(C2-C5-N6),linbend2,4.2183471522966273e-07,-,-0.0001437218359764894,0.07717328181589451
45,3136.938658510799,,,mixed-phase C-H stretching,nu(C1-H11),bond,72.09654371015274,+,0.893337535912595,0.3438544825310618
45,3136.938658510799,,,mixed-phase C-H stretching,nu(C1-H10),bond,15.596298681123132,-,-0.4176973109394198,0.34024331001250363
45,3136.938658510799,,,mixed-phase C-H stretching,nu(C1-H12),bond,8.635674532633008,-,-0.310856573698241,0.34014771984390524
45,3136.938658510799,,,mixed-phase C-H stretching,nu(C7-H14),bond,2.8380895896381206,+,0.1760894909415083,0.3483779301496586
45,3136.938658510799,,,mixed-phase C-H stretching,delta(H10-C1-H12),angle,0.17998754937542696,+,0.041803336923300564,0.3920233835726058
45,3136.938658510799,,,mixed-phase C-H stretching,delta(C2-C1-H11),angle,0.15361971938851354,-,-0.04279357342587598,0.31928702534045783
45,3136.938658510799,,,mixed-phase C-H stretching,delta(C1-C2-C3),angle,0.11925486213670977,-,-0.029617206232445813,0.5174630280054322
45,3136.938658510799,,,mixed-phase C-H stretching,tau(H10-C1-C2-C5),dihedral,0.0802187486309012,+,0.031003573603947624,0.3176462861302484
45,3136.938658510799,,,mixed-phase C-H stretching,delta(H11-C1-H12),angle,0.07522934936748714,-,-0.02692249628332154,0.39504635969426727
45,3136.938658510799,,,mixed-phase C-H stretching,delta(C2-C1-H12),angle,0.05188810514645236,+,0.02134861036528978,0.4333312396216148
45,3136.938658510799,,,mixed-phase C-H stretching,delta(H10-C1-H11),angle,0.0471632274853259,-,-0.020936641267689956,0.40952545667995893
45,3136.938658510799,,,mixed-phase C-H stretching,tau(C1-C2-C7-H14),dihedral,0.031240169266907057,-,-0.028190537342835897,0.14962290410311005
45,3136.938658510799,,,mixed-phase C-H stretching,delta(C1-C2-C7),angle,0.02681703560773931,+,0.013789906411878525,0.5367592543463449
45,3136.938658510799,,,mixed-phase C-H stretching,delta(C1-C2-C5),angle,0.021391985900552607,+,0.015820590902731888,0.32530977442154063
45,3136.938658510799,,,mixed-phase C-H stretching,nu(C8-H16),bond,0.016718110992555754,+,0.013465740679965007,0.3509280802784062
45,3136.938658510799,,,mixed-phase C-H stretching,tau(C2-C7-O9-C8),dihedral,0.0053840356228654785,-,-0.008323118700085515,0.2958197445613641
45,3136.938658510799,,,mixed-phase C-H stretching,nu(C7-C8),bond,0.005157493165990653,-,-0.0074079230542482815,0.35771499490439007
45,3136.938658510799,,,mixed-phase C-H stretching,nu(C8-H15),bond,0.003942204718711933,-,-0.006554429035174091,0.3492696522347172
45,3136.938658510799,,,mixed-phase C-H stretching,delta(C2-C7-O9),angle,0.0034205019415195818,+,0.006501498912989717,0.3080025148114132
45,3136.938658510799,,,mixed-phase C-H stretching,nu(C2-C7),bond,0.0020812654203481405,-,-0.005448431769336542,0.266855307641462
45,3136.938658510799,,,mixed-phase C-H stretching,nu(C7-O9),bond,0.001864324724517512,-,-0.005078717800105133,0.2751090044314047
45,3136.938658510799,,,mixed-phase C-H stretching,tau(H15-C8-O9-C7),dihedral,0.0015687456094810785,-,-0.006322978787272108,0.14934836877361438
45,3136.938658510799,,,mixed-phase C-H stretching,tau(H16-C8-O9-C7),dihedral,0.0014309135170930453,-,-0.005935556903559154,0.15459016127646946
45,3136.938658510799,,,mixed-phase C-H stretching,delta(C3-C2-C7),angle,0.001377536308421437,+,0.0030554800299758657,0.5616109478032196
45,3136.938658510799,,,mixed-phase C-H stretching,delta(C2-C7-H14),angle,0.0009486465032622055,-,-0.003683897346263382,0.26606073120081736
45,3136.938658510799,,,mixed-phase C-H stretching,tau(H11-C1-C2-C3),dihedral,0.0009435510881182235,+,0.0033254521525580877,0.3247546831827063
45,3136.938658510799,,,mixed-phase C-H stretching,tau(C3-C2-C7-O9),dihedral,0.0007841593613989549,+,0.004300204387591382,0.16140520854966225
45,3136.938658510799,,,mixed-phase C-H stretching,nu(C1-C2),bond,0.00072909389296849,-,-0.003340209835113567,0.2487295415383795
45,3136.938658510799,,,mixed-phase C-H stretching,nu(C3-H13),bond,8.501776748556028e-05,-,-0.001032499243475528,0.3035439784651939
45,3136.938658510799,,,mixed-phase C-H stretching,nu(C2-C3),bond,3.0244562482166788e-05,-,-0.0007155108764608559,0.22485690906594918
45,3136.938658510799,,,mixed-phase C-H stretching,tau(C7-C2-C3-H13),dihedral,2.872830049742541e-05,+,0.00423467483889015,0.006097631958842238
45,3136.938658510799,,,mixed-phase C-H stretching,nu(C8-O9),bond,2.177117307499706e-05,-,-0.0005628089091730715,0.2616081760262354
45,3136.938658510799,,,mixed-phase C-H stretching,delta(O9-C8-H16),angle,1.5531807701089497e-05,-,-0.0005109366828849499,0.22645360898683478
45,3136.938658510799,,,mixed-phase C-H stretching,delta(O9-C8-H15),angle,1.4155911507336778e-05,+,0.0004883656063837504,0.22591189957815877
45,3136.938658510799,,,mixed-phase C-H stretching,nu(C2-C5),bond,1.322439404002727e-05,+,0.00040482760787105776,0.30713332855890746
45,3136.938658510799,,,mixed-phase C-H stretching,"gamma(O4;C3,C2,H13)",oop,1.3133316291143661e-05,-,-0.0006790095395125416,0.10842116305321652
45,3136.938658510799,,,mixed-phase C-H stretching,delta_lin1(C2-C5-N6),linbend1,3.903658973365189e-06,+,0.00042324702052476285,0.08294218288781345
45,3136.938658510799,,,mixed-phase C-H stretching,delta(C2-C3-O4),angle,2.392709838760516e-06,-,-0.00015263358207181712,0.3909140249669613
45,3136.938658510799,,,mixed-phase C-H stretching,nu(C5-N6),bond,1.9243527975757134e-06,+,7.61828130175665e-05,1.2620079646923392
45,3136.938658510799,,,mixed-phase C-H stretching,delta_lin2(C2-C5-N6),linbend2,1.7081106722146688e-06,-,-0.0002902486599948501,0.07717328181589451
45,3136.938658510799,,,mixed-phase C-H stretching,nu(C3-O4),bond,2.4230523355681005e-07,-,-3.242359324624509e-05,0.8772672552439119
45,3136.938658510799,,,mixed-phase C-H stretching,delta(O4-C3-H13),angle,1.729091510834371e-07,+,4.6975914815667273e-05,0.2982351963672958
46,3141.778831590358,,,ring-site C-H stretching,nu(C7-H14),bond,94.95961293267989,+,1.0147905592752375,0.3483779301496586
46,3141.778831590358,,,ring-site C-H stretching,nu(C1-H11),bond,1.8961465240903,-,-0.14433806195923696,0.3438544825310618
46,3141.778831590358,,,ring-site C-H stretching,nu(C1-H10),bond,1.1970097226120315,+,0.11528858510915535,0.34024331001250363
46,3141.778831590358,,,ring-site C-H stretching,nu(C8-H16),bond,0.9899850873211337,+,0.10323751296878395,0.3509280802784062
46,3141.778831590358,,,ring-site C-H stretching,nu(C7-C8),bond,0.1823141056192056,-,-0.04388072865112157,0.35771499490439007
46,3141.778831590358,,,ring-site C-H stretching,tau(C2-C7-O9-C8),dihedral,0.17562844295754979,-,-0.04736048207551934,0.2958197445613641
46,3141.778831590358,,,ring-site C-H stretching,delta(C2-C7-O9),angle,0.11171123992179727,+,0.03701720060864805,0.3080025148114132
46,3141.778831590358,,,ring-site C-H stretching,nu(C7-O9),bond,0.07215190958816206,-,-0.03147775710789639,0.2751090044314047
46,3141.778831590358,,,ring-site C-H stretching,nu(C2-C7),bond,0.07189059039568507,-,-0.031902915252426355,0.266855307641462
46,3141.778831590358,,,ring-site C-H stretching,tau(H15-C8-O9-C7),dihedral,0.05586626330249204,-,-0.03759298729149883,0.14934836877361438
46,3141.778831590358,,,ring-site C-H stretching,nu(C1-H12),bond,0.05479411114081485,+,0.024669788647712597,0.34014771984390524
46,3141.778831590358,,,ring-site C-H stretching,nu(C8-H15),bond,0.0502196306154844,-,-0.02330711927993838,0.3492696522347172
46,3141.778831590358,,,ring-site C-H stretching,tau(H16-C8-O9-C7),dihedral,0.048483908323312154,-,-0.03442232123753479,0.15459016127646946
46,3141.778831590358,,,ring-site C-H stretching,delta(C3-C2-C7),angle,0.04060143597063028,+,0.01652666340395146,0.5616109478032196
46,3141.778831590358,,,ring-site C-H stretching,delta(C2-C7-H14),angle,0.024682397085896354,-,-0.018721280268663727,0.26606073120081736
46,3141.778831590358,,,ring-site C-H stretching,tau(C3-C2-C7-O9),dihedral,0.02428706323774502,+,0.023843005382990463,0.16140520854966225
46,3141.778831590358,,,ring-site C-H stretching,delta(C1-C2-C7),angle,0.012037943298472168,+,0.009204890867398924,0.5367592543463449
46,3141.778831590358,,,ring-site C-H stretching,delta(H10-C1-H12),angle,0.007900105586771221,-,-0.008725548346093936,0.3920233835726058
46,3141.778831590358,,,ring-site C-H stretching,delta(C2-C1-H11),angle,0.004504649724109661,+,0.007300828478857232,0.31928702534045783
46,3141.778831590358,,,ring-site C-H stretching,delta(H11-C1-H12),angle,0.004013247865436703,+,0.00619521278114713,0.39504635969426727
46,3141.778831590358,,,ring-site C-H stretching,tau(C1-C2-C7-H14),dihedral,0.0034005768987234735,+,0.009266367663695829,0.14962290410311005
46,3141.778831590358,,,ring-site C-H stretching,delta(C1-C2-C3),angle,0.002778957443045486,+,0.0045043647686760805,0.5174630280054322
46,3141.778831590358,,,ring-site C-H stretching,nu(C8-O9),bond,0.0019423661993498277,-,-0.005296295002693388,0.2616081760262354
46,3141.778831590358,,,ring-site C-H stretching,tau(H10-C1-C2-C5),dihedral,0.0017888660075931944,-,-0.004612637043801906,0.3176462861302484
46,3141.778831590358,,,ring-site C-H stretching,delta(C1-C2-C5),angle,0.0014636273032297602,-,-0.004122863559282613,0.32530977442154063
46,3141.778831590358,,,ring-site C-H stretching,delta(O9-C8-H15),angle,0.0012952262916930703,+,0.00465409817051451,0.22591189957815877
46,3141.778831590358,,,ring-site C-H stretching,nu(C3-O4),bond,0.001024401920565126,+,0.0021003975356231577,0.8772672552439119
46,3141.778831590358,,,ring-site C-H stretching,tau(C7-C2-C3-H13),dihedral,0.0007292840369029683,+,0.021256904313879492,0.006097631958842238
46,3141.778831590358,,,ring-site C-H stretching,delta(O9-C8-H16),angle,0.0005639769530958348,-,-0.003067420551017152,0.22645360898683478
46,3141.778831590358,,,ring-site C-H stretching,tau(H11-C1-C2-C3),dihedral,0.0003600192496417097,-,-0.002046526711935195,0.3247546831827063
46,3141.778831590358,,,ring-site C-H stretching,nu(C5-N6),bond,0.000193938590088897,+,0.000761962041599639,1.2620079646923392
46,3141.778831590358,,,ring-site C-H stretching,delta(H10-C1-H11),angle,0.0001773066996681635,+,0.0012789524230653834,0.40952545667995893
46,3141.778831590358,,,ring-site C-H stretching,delta(O4-C3-H13),angle,0.00012164747720427944,-,-0.0012413789397745835,0.2982351963672958
46,3141.778831590358,,,ring-site C-H stretching,nu(C2-C5),bond,9.702183719717593e-05,-,-0.0010924549617725159,0.30713332855890746
46,3141.778831590358,,,ring-site C-H stretching,delta(C2-C1-H12),angle,6.571525507103073e-05,-,-0.000756929387748871,0.4333312396216148
46,3141.778831590358,,,ring-site C-H stretching,delta(C2-C3-O4),angle,4.5069821636801746e-05,-,-0.0006599857541015294,0.3909140249669613
46,3141.778831590358,,,ring-site C-H stretching,nu(C3-H13),bond,3.763571359445507e-05,-,-0.0006844181753850796,0.3035439784651939
46,3141.778831590358,,,ring-site C-H stretching,nu(C1-C2),bond,3.748131645611244e-05,+,0.0007545291124748324,0.2487295415383795
46,3141.778831590358,,,ring-site C-H stretching,nu(C2-C3),bond,2.93708115799606e-05,-,-0.0007024851096006614,0.22485690906594918
46,3141.778831590358,,,ring-site C-H stretching,"gamma(O4;C3,C2,H13)",oop,5.0924271689674065e-06,-,-0.00042124780418997294,0.10842116305321652
46,3141.778831590358,,,ring-site C-H stretching,delta_lin2(C2-C5-N6),linbend2,9.570741604373415e-07,-,-0.00021645697190468433,0.07717328181589451
46,3141.778831590358,,,ring-site C-H stretching,delta_lin1(C2-C5-N6),linbend1,1.4933539109147148e-07,+,8.247568077182396e-05,0.08294218288781345
47,3194.6165107294473,,,opposite-phase ring-site C-H stretching,nu(C8-H16),bond,52.86578380268837,+,0.7677869381509079,0.3509280802784062
47,3194.6165107294473,,,opposite-phase ring-site C-H stretching,nu(C8-H15),bond,45.826495429919625,-,-0.7165398345445471,0.3492696522347172
47,3194.6165107294473,,,opposite-phase ring-site C-H stretching,nu(C7-H14),bond,0.7396910976905022,-,-0.09115118535649297,0.3483779301496586
47,3194.6165107294473,,,opposite-phase ring-site C-H stretching,delta(O9-C8-H15),angle,0.18106355607609007,+,0.05600262849129211,0.22591189957815877
47,3194.6165107294473,,,opposite-phase ring-site C-H stretching,delta(O9-C8-H16),angle,0.1725828250745598,-,-0.05460992822445006,0.22645360898683478
47,3194.6165107294473,,,opposite-phase ring-site C-H stretching,tau(C2-C7-O9-C8),dihedral,0.09947190335149259,-,-0.03627430306963059,0.2958197445613641
47,3194.6165107294473,,,opposite-phase ring-site C-H stretching,tau(H15-C8-O9-C7),dihedral,0.05765895726804406,-,-0.0388683041373196,0.14934836877361438
47,3194.6165107294473,,,opposite-phase ring-site C-H stretching,tau(H16-C8-O9-C7),dihedral,0.052473984001495805,-,-0.036445468397733355,0.15459016127646946
47,3194.6165107294473,,,opposite-phase ring-site C-H stretching,delta(C2-C7-O9),angle,0.0010841294166780598,-,-0.0037112984062333968,0.3080025148114132
47,3194.6165107294473,,,opposite-phase ring-site C-H stretching,delta(C2-C7-H14),angle,0.0008575374459168234,+,0.003551391889674009,0.26606073120081736
47,3194.6165107294473,,,opposite-phase ring-site C-H stretching,nu(C2-C7),bond,0.000738074937580699,+,0.003289839787417556,0.266855307641462
47,3194.6165107294473,,,opposite-phase ring-site C-H stretching,nu(C7-O9),bond,0.00039995877847149165,+,0.002385160761111009,0.2751090044314047
47,3194.6165107294473,,,opposite-phase ring-site C-H stretching,delta(C3-C2-C7),angle,0.0003596874034974282,-,-0.001583096081158477,0.5616109478032196
47,3194.6165107294473,,,opposite-phase ring-site C-H stretching,tau(C3-C2-C7-O9),dihedral,0.00026783009218191937,-,-0.0025481990810547897,0.16140520854966225
47,3194.6165107294473,,,opposite-phase ring-site C-H stretching,nu(C1-H10),bond,0.0002645925642903939,-,-0.0017444417103660765,0.34024331001250363
47,3194.6165107294473,,,opposite-phase ring-site C-H stretching,tau(C1-C2-C7-H14),dihedral,0.0002522568464423868,+,0.0025685314226980777,0.14962290410311005
47,3194.6165107294473,,,opposite-phase ring-site C-H stretching,nu(C8-O9),bond,0.00019782643908215165,-,-0.0017202000360368186,0.2616081760262354
47,3194.6165107294473,,,opposite-phase ring-site C-H stretching,nu(C1-H11),bond,0.00011954092255730056,+,0.0011663620982150793,0.3438544825310618
47,3194.6165107294473,,,opposite-phase ring-site C-H stretching,delta(C1-C2-C7),angle,7.760668326959507e-05,-,-0.0007521807819569233,0.5367592543463449
47,3194.6165107294473,,,opposite-phase ring-site C-H stretching,nu(C1-H12),bond,3.932882567624426e-05,+,0.0006726422604300456,0.34014771984390524
47,3194.6165107294473,,,opposite-phase ring-site C-H stretching,nu(C3-O4),bond,2.5803484786817166e-05,-,-0.00033926234787717705,0.8772672552439119
47,3194.6165107294473,,,opposite-phase ring-site C-H stretching,nu(C1-C2),bond,1.972651293818722e-05,-,-0.0005570881469514411,0.2487295415383795
47,3194.6165107294473,,,opposite-phase ring-site C-H stretching,nu(C3-H13),bond,1.9501937263418937e-05,+,0.0005014071336826802,0.3035439784651939
47,3194.6165107294473,,,opposite-phase ring-site C-H stretching,nu(C7-C8),bond,1.3710115612921518e-05,+,0.0003872705102957829,0.35771499490439007
47,3194.6165107294473,,,opposite-phase ring-site C-H stretching,nu(C2-C5),bond,1.0250086063851443e-05,+,0.00036137884436774476,0.30713332855890746
47,3194.6165107294473,,,opposite-phase ring-site C-H stretching,delta(C1-C2-C3),angle,5.299873896434042e-06,+,0.00020019606985515243,0.5174630280054322
47,3194.6165107294473,,,opposite-phase ring-site C-H stretching,tau(C7-C2-C3-H13),dihedral,4.782463760324789e-06,-,-0.001751893422575281,0.006097631958842238
47,3194.6165107294473,,,opposite-phase ring-site C-H stretching,nu(C5-N6),bond,3.5601417396038014e-06,-,-0.00010506668709417271,1.2620079646923392
47,3194.6165107294473,,,opposite-phase ring-site C-H stretching,delta(H10-C1-H12),angle,3.1433850204210454e-06,+,0.00017713535223134446,0.3920233835726058
47,3194.6165107294473,,,opposite-phase ring-site C-H stretching,delta(O4-C3-H13),angle,2.9500750628102627e-06,+,0.00019674310785486405,0.2982351963672958
47,3194.6165107294473,,,opposite-phase ring-site C-H stretching,delta(C1-C2-C5),angle,2.7240553032879815e-06,+,0.0001810180348796132,0.32530977442154063
47,3194.6165107294473,,,opposite-phase ring-site C-H stretching,nu(C2-C3),bond,2.478579583374439e-06,+,0.0002076876908852692,0.22485690906594918
47,3194.6165107294473,,,opposite-phase ring-site C-H stretching,delta(C2-C1-H12),angle,1.3557362095985863e-06,+,0.00011064710111522969,0.4333312396216148
47,3194.6165107294473,,,opposite-phase ring-site C-H stretching,delta(C2-C3-O4),angle,1.2109222663719896e-06,+,0.00011009813149684056,0.3909140249669613
47,3194.6165107294473,,,opposite-phase ring-site C-H stretching,"gamma(O4;C3,C2,H13)",oop,1.1417411633850533e-06,+,0.00020299682282373067,0.10842116305321652
47,3194.6165107294473,,,opposite-phase ring-site C-H stretching,delta(H11-C1-H12),angle,6.669795601148878e-07,-,-8.128205450517246e-05,0.39504635969426727
47,3194.6165107294473,,,opposite-phase ring-site C-H stretching,tau(H10-C1-C2-C5),dihedral,5.335434247805963e-07,+,8.107284940503318e-05,0.3176462861302484
47,3194.6165107294473,,,opposite-phase ring-site C-H stretching,delta(C2-C1-H11),angle,5.333946406809902e-07,-,-8.085299846544995e-05,0.31928702534045783
47,3194.6165107294473,,,opposite-phase ring-site C-H stretching,tau(H11-C1-C2-C3),dihedral,2.135038982260008e-07,-,-5.072097988841401e-05,0.3247546831827063
47,3194.6165107294473,,,opposite-phase ring-site C-H stretching,delta_lin2(C2-C5-N6),linbend2,2.0215838006829206e-07,+,0.0001012452907430109,0.07717328181589451
47,3194.6165107294473,,,opposite-phase ring-site C-H stretching,delta_lin1(C2-C5-N6),linbend1,1.632556212289399e-07,-,-8.776245905705775e-05,0.08294218288781345
47,3194.6165107294473,,,opposite-phase ring-site C-H stretching,delta(H10-C1-H11),angle,1.2162794575323453e-07,+,3.409091644392303e-05,0.40952545667995893
