mode,harmonic_frequency_cm-1,vpt2_fundamental_cm-1,harmonic_intensity_km_mol,assignment,internal_coordinate,type,percent,phase,D_value,F_diagonal
6,57.18890400328477,,,C-C torsion,tau(C2-C3-C6-C9),dihedral,74.34444839472933,+,0.0791653553986167,0.019379447476020113
6,57.18890400328477,,,C-C torsion,delta(O1-C2-C3),angle,3.9555850839416205,-,-0.0036712108150863476,0.4794631797439876
6,57.18890400328477,,,C-C torsion,tau(C6-C3-N4-O5),dihedral,3.7832976307390354,-,-0.006310912540580257,0.15518486550550248
6,57.18890400328477,,,C-C torsion,tau(O1-C2-C3-C6),dihedral,3.4519802692058614,-,-0.010118228135451207,0.05508362958384606
6,57.18890400328477,,,C-C torsion,delta(C2-C3-N4),angle,2.6367841891468826,-,-0.002660389817788947,0.6086213889266646
6,57.18890400328477,,,C-C torsion,tau(H16-C7-C8-H17),dihedral,1.9515984265487851,-,-0.004143186080816425,0.1857311553103021
6,57.18890400328477,,,C-C torsion,tau(C7-C8-C9-C6),dihedral,1.4591576904305168,+,0.001453534545100096,1.1282742892792177
6,57.18890400328477,,,C-C torsion,delta(C3-C2-H12),angle,1.2492102446923077,+,0.002286917422171455,0.39020942049172896
6,57.18890400328477,,,C-C torsion,tau(H10-O1-C2-H11),dihedral,1.0437854500895982,+,0.007589090659987115,0.02960703626146141
6,57.18890400328477,,,C-C torsion,tau(C2-C3-N4-O5),dihedral,0.9040847622746593,-,-0.0039166579635477585,0.096281098080716
6,57.18890400328477,,,C-C torsion,tau(H14-C6-C7-H16),dihedral,0.7952224499093247,+,0.0025156361906158568,0.20528449235177543
6,57.18890400328477,,,C-C torsion,delta(C2-C3-C6),angle,0.613463177849784,+,0.0015651456020955065,0.4091119718155291
6,57.18890400328477,,,C-C torsion,nu(C6-C7),bond,0.604869768058263,+,0.0018528638421314166,0.2878313169969325
6,57.18890400328477,,,C-C torsion,tau(C9-C6-C7-H16),dihedral,0.5378816332705527,+,0.0015020003475535977,0.38950212149901003
6,57.18890400328477,,,C-C torsion,tau(C6-C7-C8-H17),dihedral,0.45207137790292845,-,-0.0014165560796786136,0.36804646047394296
6,57.18890400328477,,,C-C torsion,delta(C6-C9-C8),angle,0.44905811688266506,+,0.0006976082727898021,1.507448504872666
6,57.18890400328477,,,C-C torsion,delta(H11-C2-H12),angle,0.24859807568059983,+,0.0011093789830812063,0.32999022352814855
6,57.18890400328477,,,C-C torsion,nu(O1-C2),bond,0.24771458336559815,+,0.0010948430780050758,0.33760665575380766
6,57.18890400328477,,,C-C torsion,tau(C3-C6-C9-C8),dihedral,0.24280547286613138,+,0.0014775661218420788,0.1816886511150176
6,57.18890400328477,,,C-C torsion,delta(C3-C6-C9),angle,0.14499455006547338,+,0.0008751727023776646,0.3092625491988139
6,57.18890400328477,,,C-C torsion,delta(C8-C7-H15),angle,0.14207487391330598,+,0.0010339661433374145,0.217103998270187
6,57.18890400328477,,,C-C torsion,tau(C6-C7-C8-H18),dihedral,0.12305072372276493,-,-0.0010876665714167747,0.1699244172304189
6,57.18890400328477,,,C-C torsion,nu(C6-H14),bond,0.09124530700182455,-,-0.0006773886871624708,0.3248611945164227
6,57.18890400328477,,,C-C torsion,tau(C7-C8-C9-H20),dihedral,0.085150930532562,-,-0.0006513453336625237,0.32789135382743356
6,57.18890400328477,,,C-C torsion,nu(C2-H12),bond,0.04816251748620002,-,-0.0004965082436369997,0.3191680655609865
6,57.18890400328477,,,C-C torsion,tau(H14-C6-C9-C8),dihedral,0.040238267989107464,-,-0.00041619804226346703,0.3794917959790914
6,57.18890400328477,,,C-C torsion,delta(C3-N4-O5),angle,0.039798379552865096,-,-0.00036469117401673445,0.48885274981676025
6,57.18890400328477,,,C-C torsion,nu(N4-O5),bond,0.03627515514975856,-,-0.0004765635848454529,0.26093404664752
6,57.18890400328477,,,C-C torsion,tau(H18-C8-C9-H20),dihedral,0.03532452446673793,-,-0.000583246993759855,0.1696424301144722
6,57.18890400328477,,,C-C torsion,tau(H17-C8-C9-H19),dihedral,0.02999283528163712,+,0.0005127882226498054,0.18633936756269648
6,57.18890400328477,,,C-C torsion,delta(C2-O1-H10),angle,0.026307601768827543,-,-0.00046401711103664207,0.19960731200682177
6,57.18890400328477,,,C-C torsion,tau(C3-N4-O5-H13),dihedral,0.02592110083889093,-,-0.0015071734207688875,0.018641899705102983
6,57.18890400328477,,,C-C torsion,delta(C6-C7-H15),angle,0.025268092031205683,+,0.00043613080262245126,0.21702117349718755
6,57.18890400328477,,,C-C torsion,nu(C7-C8),bond,0.024604513556902147,-,-0.0003700524357325264,0.2935292790201741
6,57.18890400328477,,,C-C torsion,nu(C9-H19),bond,0.024507189622463135,-,-0.0003428104054994559,0.3406816157892765
6,57.18890400328477,,,C-C torsion,nu(C3-N4),bond,0.01862712853266808,+,0.0002105922359650506,0.6861583910804996
6,57.18890400328477,,,C-C torsion,tau(C7-C8-C9-H19),dihedral,0.017903246785966866,+,0.0002823464046748164,0.3668854199820777
6,57.18890400328477,,,C-C torsion,delta(O1-C2-H12),angle,0.011812048406976194,-,-0.0002103158789750289,0.4362588699976363
6,57.18890400328477,,,C-C torsion,nu(C7-H16),bond,0.008806012707478416,-,-0.0002074248587731488,0.3343650536129274
6,57.18890400328477,,,C-C torsion,nu(C9-H20),bond,0.008428361604932311,+,0.00020189124004490824,0.33780913365345233
6,57.18890400328477,,,C-C torsion,tau(H14-C6-C9-H19),dihedral,0.006605840895963117,-,-0.00024034212786816676,0.18682349159156134
6,57.18890400328477,,,C-C torsion,delta(C8-C9-H20),angle,0.004319624428984262,-,-0.00018765217551584284,0.20040195782920825
6,57.18890400328477,,,C-C torsion,nu(C6-C9),bond,0.003570968382653838,-,-0.00013931773890893295,0.3005635759709016
6,57.18890400328477,,,C-C torsion,nu(O1-H10),bond,0.0012254934309536226,-,-6.265349513451005e-05,0.5100157173560682
6,57.18890400328477,,,C-C torsion,nu(C7-H15),bond,0.0010951927837652626,+,7.292600634859831e-05,0.3364254876547383
6,57.18890400328477,,,C-C torsion,delta(N4-O5-H13),angle,0.0009572960713319144,-,-8.73129353052699e-05,0.20514091020311076
6,57.18890400328477,,,C-C torsion,delta(O1-C2-H11),angle,0.0005645491295458442,-,-5.0259216456445034e-05,0.3651182100925562
6,57.18890400328477,,,C-C torsion,nu(C3-C6),bond,0.0005556125553152178,-,-5.571612519158476e-05,0.29239734091777053
6,57.18890400328477,,,C-C torsion,nu(C2-C3),bond,0.00029824123620571426,+,4.2678970301228356e-05,0.2674871996149321
6,57.18890400328477,,,C-C torsion,nu(C8-H17),bond,0.00028516353115714616,+,3.732217007079019e-05,0.33444398356763794
6,57.18890400328477,,,C-C torsion,nu(O5-H13),bond,0.00026210180229458476,+,2.8539222965379933e-05,0.5257132188054624
6,57.18890400328477,,,C-C torsion,nu(C2-H11),bond,5.873541148841811e-05,-,-1.679497217953579e-05,0.3401767416555715
6,57.18890400328477,,,C-C torsion,nu(C8-C9),bond,5.054067381980673e-05,-,-1.6344708208194933e-05,0.3090650261509001
6,57.18890400328477,,,C-C torsion,nu(C8-H18),bond,4.0481063519837225e-05,+,1.4005168250496345e-05,0.33716185262197673
7,86.90112126383437,,,mixed ring-site C-H out-of-plane bending / C-C torsion / cyclic-ring torsional/out-of-plane deformation,tau(O1-C2-C3-C6),dihedral,21.188757171035128,+,0.1024113905739331,0.05508362958384606
7,86.90112126383437,,,mixed ring-site C-H out-of-plane bending / C-C torsion / cyclic-ring torsional/out-of-plane deformation,tau(C7-C8-C9-C6),dihedral,9.742128797940413,-,-0.015343568743968937,1.1282742892792177
7,86.90112126383437,,,mixed ring-site C-H out-of-plane bending / C-C torsion / cyclic-ring torsional/out-of-plane deformation,tau(C3-C6-C9-C8),dihedral,8.338354848224673,+,0.03537391126211945,0.1816886511150176
7,86.90112126383437,,,mixed ring-site C-H out-of-plane bending / C-C torsion / cyclic-ring torsional/out-of-plane deformation,tau(C6-C3-N4-O5),dihedral,7.294617398654636,-,-0.03580002853567511,0.15518486550550248
7,86.90112126383437,,,mixed ring-site C-H out-of-plane bending / C-C torsion / cyclic-ring torsional/out-of-plane deformation,tau(H14-C6-C9-C8),dihedral,7.145965555024557,+,0.022658755818400846,0.3794917959790914
7,86.90112126383437,,,mixed ring-site C-H out-of-plane bending / C-C torsion / cyclic-ring torsional/out-of-plane deformation,tau(C9-C6-C7-H16),dihedral,5.064953497860109,-,-0.018829535785953477,0.38950212149901003
7,86.90112126383437,,,mixed ring-site C-H out-of-plane bending / C-C torsion / cyclic-ring torsional/out-of-plane deformation,tau(C6-C7-C8-H17),dihedral,5.06088584623481,+,0.01936282604595657,0.36804646047394296
7,86.90112126383437,,,mixed ring-site C-H out-of-plane bending / C-C torsion / cyclic-ring torsional/out-of-plane deformation,tau(H14-C6-C9-H19),dihedral,5.0171744998042005,+,0.0270595554026383,0.18682349159156134
7,86.90112126383437,,,mixed ring-site C-H out-of-plane bending / C-C torsion / cyclic-ring torsional/out-of-plane deformation,tau(H14-C6-C7-H16),dihedral,4.905031778041245,-,-0.02552405295484371,0.20528449235177543
7,86.90112126383437,,,mixed ring-site C-H out-of-plane bending / C-C torsion / cyclic-ring torsional/out-of-plane deformation,tau(C7-C8-C9-H19),dihedral,4.600907885566593,-,-0.01849112516781931,0.3668854199820777
7,86.90112126383437,,,mixed ring-site C-H out-of-plane bending / C-C torsion / cyclic-ring torsional/out-of-plane deformation,tau(C7-C8-C9-H20),dihedral,3.6575153891073753,-,-0.017439534739099698,0.32789135382743356
7,86.90112126383437,,,mixed ring-site C-H out-of-plane bending / C-C torsion / cyclic-ring torsional/out-of-plane deformation,tau(H17-C8-C9-H19),dihedral,3.4070917435914656,-,-0.02232782405794883,0.18633936756269648
7,86.90112126383437,,,mixed ring-site C-H out-of-plane bending / C-C torsion / cyclic-ring torsional/out-of-plane deformation,tau(H16-C7-C8-H17),dihedral,3.113954268937332,+,0.021380631620430225,0.1857311553103021
7,86.90112126383437,,,mixed ring-site C-H out-of-plane bending / C-C torsion / cyclic-ring torsional/out-of-plane deformation,tau(H18-C8-C9-H20),dihedral,2.4804002139781756,-,-0.019966430618100644,0.1696424301144722
7,86.90112126383437,,,mixed ring-site C-H out-of-plane bending / C-C torsion / cyclic-ring torsional/out-of-plane deformation,delta(O1-C2-C3),angle,2.241593414923398,+,0.011290354706084133,0.4794631797439876
7,86.90112126383437,,,mixed ring-site C-H out-of-plane bending / C-C torsion / cyclic-ring torsional/out-of-plane deformation,tau(C6-C7-C8-H18),dihedral,1.9921973602430345,+,0.0178790764494926,0.1699244172304189
7,86.90112126383437,,,mixed ring-site C-H out-of-plane bending / C-C torsion / cyclic-ring torsional/out-of-plane deformation,tau(H10-O1-C2-H11),dihedral,1.1892843374146238,-,-0.03309422213920841,0.02960703626146141
7,86.90112126383437,,,mixed ring-site C-H out-of-plane bending / C-C torsion / cyclic-ring torsional/out-of-plane deformation,delta(C6-C9-C8),angle,0.7566958956111965,+,0.0036995273496094787,1.507448504872666
7,86.90112126383437,,,mixed ring-site C-H out-of-plane bending / C-C torsion / cyclic-ring torsional/out-of-plane deformation,delta(C2-C3-N4),angle,0.7492189892101085,+,0.005793454206597134,0.6086213889266646
7,86.90112126383437,,,mixed ring-site C-H out-of-plane bending / C-C torsion / cyclic-ring torsional/out-of-plane deformation,delta(C3-C2-H12),angle,0.46721845063446715,-,-0.005713706307444396,0.39020942049172896
7,86.90112126383437,,,mixed ring-site C-H out-of-plane bending / C-C torsion / cyclic-ring torsional/out-of-plane deformation,delta(C3-C6-C9),angle,0.3563854826829555,-,-0.0056053551271906124,0.3092625491988139
7,86.90112126383437,,,mixed ring-site C-H out-of-plane bending / C-C torsion / cyclic-ring torsional/out-of-plane deformation,delta(C3-N4-O5),angle,0.20263924327787006,+,0.0033618593667455758,0.48885274981676025
7,86.90112126383437,,,mixed ring-site C-H out-of-plane bending / C-C torsion / cyclic-ring torsional/out-of-plane deformation,delta(H11-C2-H12),angle,0.19840390713217385,-,-0.004048847033297402,0.32999022352814855
7,86.90112126383437,,,mixed ring-site C-H out-of-plane bending / C-C torsion / cyclic-ring torsional/out-of-plane deformation,tau(C2-C3-C6-C9),dihedral,0.16758112170220085,-,-0.015354958497433825,0.019379447476020113
7,86.90112126383437,,,mixed ring-site C-H out-of-plane bending / C-C torsion / cyclic-ring torsional/out-of-plane deformation,nu(O1-C2),bond,0.14544966133572762,-,-0.003427343657454658,0.33760665575380766
7,86.90112126383437,,,mixed ring-site C-H out-of-plane bending / C-C torsion / cyclic-ring torsional/out-of-plane deformation,tau(C3-N4-O5-H13),dihedral,0.09573415709024614,-,-0.011833008355184521,0.018641899705102983
7,86.90112126383437,,,mixed ring-site C-H out-of-plane bending / C-C torsion / cyclic-ring torsional/out-of-plane deformation,delta(C8-C9-H20),angle,0.06629607955689248,-,-0.0030033070757366793,0.20040195782920825
7,86.90112126383437,,,mixed ring-site C-H out-of-plane bending / C-C torsion / cyclic-ring torsional/out-of-plane deformation,nu(C6-C7),bond,0.06435253226464115,+,0.0024689971800230725,0.2878313169969325
7,86.90112126383437,,,mixed ring-site C-H out-of-plane bending / C-C torsion / cyclic-ring torsional/out-of-plane deformation,delta(C2-C3-C6),angle,0.051904721861632495,-,-0.0018598980354293663,0.4091119718155291
7,86.90112126383437,,,mixed ring-site C-H out-of-plane bending / C-C torsion / cyclic-ring torsional/out-of-plane deformation,nu(C2-H12),bond,0.04630288070306814,+,0.0019888456771661217,0.3191680655609865
7,86.90112126383437,,,mixed ring-site C-H out-of-plane bending / C-C torsion / cyclic-ring torsional/out-of-plane deformation,nu(C3-C6),bond,0.03687591987271593,+,0.001854349184932113,0.29239734091777053
7,86.90112126383437,,,mixed ring-site C-H out-of-plane bending / C-C torsion / cyclic-ring torsional/out-of-plane deformation,delta(C6-C7-H15),angle,0.033954330318146715,-,-0.002065395976731007,0.21702117349718755
7,86.90112126383437,,,mixed ring-site C-H out-of-plane bending / C-C torsion / cyclic-ring torsional/out-of-plane deformation,nu(C6-C9),bond,0.02805818637717533,+,0.0015953957070668062,0.3005635759709016
7,86.90112126383437,,,mixed ring-site C-H out-of-plane bending / C-C torsion / cyclic-ring torsional/out-of-plane deformation,nu(C2-C3),bond,0.024420839608612844,+,0.001577740556594957,0.2674871996149321
7,86.90112126383437,,,mixed ring-site C-H out-of-plane bending / C-C torsion / cyclic-ring torsional/out-of-plane deformation,delta(C8-C7-H15),angle,0.02178561094427466,-,-0.0016540847466726804,0.217103998270187
7,86.90112126383437,,,mixed ring-site C-H out-of-plane bending / C-C torsion / cyclic-ring torsional/out-of-plane deformation,tau(C2-C3-N4-O5),dihedral,0.013297042917254486,-,-0.0019405007444431893,0.096281098080716
7,86.90112126383437,,,mixed ring-site C-H out-of-plane bending / C-C torsion / cyclic-ring torsional/out-of-plane deformation,nu(C6-H14),bond,0.010285021266116188,-,-0.0009290957519516328,0.3248611945164227
7,86.90112126383437,,,mixed ring-site C-H out-of-plane bending / C-C torsion / cyclic-ring torsional/out-of-plane deformation,delta(O1-C2-H11),angle,0.004590538964116094,+,0.0005854932437837075,0.3651182100925562
7,86.90112126383437,,,mixed ring-site C-H out-of-plane bending / C-C torsion / cyclic-ring torsional/out-of-plane deformation,nu(C9-H19),bond,0.004229087945516859,-,-0.0005817760048018338,0.3406816157892765
7,86.90112126383437,,,mixed ring-site C-H out-of-plane bending / C-C torsion / cyclic-ring torsional/out-of-plane deformation,nu(C3-N4),bond,0.003249392270257795,-,-0.0003593318207191578,0.6861583910804996
7,86.90112126383437,,,mixed ring-site C-H out-of-plane bending / C-C torsion / cyclic-ring torsional/out-of-plane deformation,nu(C2-H11),bond,0.002421305991805671,+,0.0004405338916764042,0.3401767416555715
7,86.90112126383437,,,mixed ring-site C-H out-of-plane bending / C-C torsion / cyclic-ring torsional/out-of-plane deformation,delta(C2-O1-H10),angle,0.0023727897204939385,+,0.000569309195720788,0.19960731200682177
7,86.90112126383437,,,mixed ring-site C-H out-of-plane bending / C-C torsion / cyclic-ring torsional/out-of-plane deformation,nu(C7-C8),bond,0.0013872624914499439,-,-0.0003589718588376007,0.2935292790201741
7,86.90112126383437,,,mixed ring-site C-H out-of-plane bending / C-C torsion / cyclic-ring torsional/out-of-plane deformation,delta(N4-O5-H13),angle,0.0011599303980480507,+,0.00039264188116046534,0.20514091020311076
7,86.90112126383437,,,mixed ring-site C-H out-of-plane bending / C-C torsion / cyclic-ring torsional/out-of-plane deformation,nu(O1-H10),bond,0.0010032487850769602,+,0.00023158975164244537,0.5100157173560682
7,86.90112126383437,,,mixed ring-site C-H out-of-plane bending / C-C torsion / cyclic-ring torsional/out-of-plane deformation,delta(O1-C2-H12),angle,0.0005875186847097378,+,0.00019162205892177421,0.4362588699976363
7,86.90112126383437,,,mixed ring-site C-H out-of-plane bending / C-C torsion / cyclic-ring torsional/out-of-plane deformation,nu(C7-H16),bond,0.0004521011210167395,-,-0.0001920057114309613,0.3343650536129274
7,86.90112126383437,,,mixed ring-site C-H out-of-plane bending / C-C torsion / cyclic-ring torsional/out-of-plane deformation,nu(C8-H17),bond,0.00039557452929358253,-,-0.00017958053537303286,0.33444398356763794
7,86.90112126383437,,,mixed ring-site C-H out-of-plane bending / C-C torsion / cyclic-ring torsional/out-of-plane deformation,nu(O5-H13),bond,0.00018481387092865274,-,-9.790381808479376e-05,0.5257132188054624
7,86.90112126383437,,,mixed ring-site C-H out-of-plane bending / C-C torsion / cyclic-ring torsional/out-of-plane deformation,nu(C8-C9),bond,0.00012917003639092406,+,0.00010674873943680912,0.3090650261509001
7,86.90112126383437,,,mixed ring-site C-H out-of-plane bending / C-C torsion / cyclic-ring torsional/out-of-plane deformation,nu(C8-H18),bond,7.335730554513201e-05,+,7.702101997345432e-05,0.33716185262197673
7,86.90112126383437,,,mixed ring-site C-H out-of-plane bending / C-C torsion / cyclic-ring torsional/out-of-plane deformation,nu(N4-O5),bond,6.173517904263543e-05,+,8.031705524682083e-05,0.26093404664752
7,86.90112126383437,,,mixed ring-site C-H out-of-plane bending / C-C torsion / cyclic-ring torsional/out-of-plane deformation,nu(C9-H20),bond,2.311714741306718e-05,+,4.319547191884126e-05,0.33780913365345233
7,86.90112126383437,,,mixed ring-site C-H out-of-plane bending / C-C torsion / cyclic-ring torsional/out-of-plane deformation,nu(C7-H15),bond,4.974609627561908e-06,-,-2.0078989542485367e-05,0.3364254876547383
8,133.9353580251169,,,mixed ring-site C-H out-of-plane bending / cyclic-ring torsional/out-of-plane deformation,tau(C7-C8-C9-C6),dihedral,16.49745353573768,+,0.053588873886676575,1.1282742892792177
8,133.9353580251169,,,mixed ring-site C-H out-of-plane bending / cyclic-ring torsional/out-of-plane deformation,tau(H14-C6-C9-C8),dihedral,10.072683963761422,-,-0.072201285169785,0.3794917959790914
8,133.9353580251169,,,mixed ring-site C-H out-of-plane bending / cyclic-ring torsional/out-of-plane deformation,tau(C9-C6-C7-H16),dihedral,8.556361902218239,+,0.06568454240789635,0.38950212149901003
8,133.9353580251169,,,mixed ring-site C-H out-of-plane bending / cyclic-ring torsional/out-of-plane deformation,tau(C6-C7-C8-H17),dihedral,8.117683959674128,-,-0.06581702786070834,0.36804646047394296
8,133.9353580251169,,,mixed ring-site C-H out-of-plane bending / cyclic-ring torsional/out-of-plane deformation,tau(C7-C8-C9-H19),dihedral,7.686930601335677,+,0.06414824412543876,0.3668854199820777
8,133.9353580251169,,,mixed ring-site C-H out-of-plane bending / cyclic-ring torsional/out-of-plane deformation,tau(H14-C6-C7-H16),dihedral,7.530882993741463,+,0.0848825461675647,0.20528449235177543
8,133.9353580251169,,,mixed ring-site C-H out-of-plane bending / cyclic-ring torsional/out-of-plane deformation,tau(H14-C6-C9-H19),dihedral,7.02381757151261,-,-0.08592991638194075,0.18682349159156134
8,133.9353580251169,,,mixed ring-site C-H out-of-plane bending / cyclic-ring torsional/out-of-plane deformation,tau(C3-C6-C9-C8),dihedral,6.396784847647726,-,-0.08315540658127556,0.1816886511150176
8,133.9353580251169,,,mixed ring-site C-H out-of-plane bending / cyclic-ring torsional/out-of-plane deformation,tau(C7-C8-C9-H20),dihedral,6.081085823894123,+,0.06035303350024336,0.32789135382743356
8,133.9353580251169,,,mixed ring-site C-H out-of-plane bending / cyclic-ring torsional/out-of-plane deformation,tau(H16-C7-C8-H17),dihedral,5.670297960985818,-,-0.07743442540373914,0.1857311553103021
8,133.9353580251169,,,mixed ring-site C-H out-of-plane bending / cyclic-ring torsional/out-of-plane deformation,tau(H17-C8-C9-H19),dihedral,5.5599062210132635,+,0.07655171847760679,0.18633936756269648
8,133.9353580251169,,,mixed ring-site C-H out-of-plane bending / cyclic-ring torsional/out-of-plane deformation,tau(H18-C8-C9-H20),dihedral,3.964506145447341,+,0.06774867798003696,0.1696424301144722
8,133.9353580251169,,,mixed ring-site C-H out-of-plane bending / cyclic-ring torsional/out-of-plane deformation,tau(C6-C7-C8-H18),dihedral,3.15027472397385,-,-0.06034201932325375,0.1699244172304189
8,133.9353580251169,,,mixed ring-site C-H out-of-plane bending / cyclic-ring torsional/out-of-plane deformation,tau(O1-C2-C3-C6),dihedral,1.7664128754390005,+,0.07936122375783425,0.05508362958384606
8,133.9353580251169,,,mixed ring-site C-H out-of-plane bending / cyclic-ring torsional/out-of-plane deformation,delta(C6-C9-C8),angle,0.5702748832244383,-,-0.008619744624612995,1.507448504872666
8,133.9353580251169,,,mixed ring-site C-H out-of-plane bending / cyclic-ring torsional/out-of-plane deformation,delta(O1-C2-C3),angle,0.2538964873591123,+,0.010198216687400473,0.4794631797439876
8,133.9353580251169,,,mixed ring-site C-H out-of-plane bending / cyclic-ring torsional/out-of-plane deformation,tau(H10-O1-C2-H11),dihedral,0.25169491241327646,-,-0.04086140264901665,0.02960703626146141
8,133.9353580251169,,,mixed ring-site C-H out-of-plane bending / cyclic-ring torsional/out-of-plane deformation,delta(C3-C6-C9),angle,0.21666848651607865,+,0.01173026244859451,0.3092625491988139
8,133.9353580251169,,,mixed ring-site C-H out-of-plane bending / cyclic-ring torsional/out-of-plane deformation,delta(C2-C3-N4),angle,0.10844819263272489,+,0.005915767180976198,0.6086213889266646
8,133.9353580251169,,,mixed ring-site C-H out-of-plane bending / cyclic-ring torsional/out-of-plane deformation,delta(C8-C9-H20),angle,0.09983938697891703,+,0.009891758222683211,0.20040195782920825
8,133.9353580251169,,,mixed ring-site C-H out-of-plane bending / cyclic-ring torsional/out-of-plane deformation,tau(C2-C3-C6-C9),dihedral,0.08318645731452846,+,0.02903548863036121,0.019379447476020113
8,133.9353580251169,,,mixed ring-site C-H out-of-plane bending / cyclic-ring torsional/out-of-plane deformation,delta(C8-C7-H15),angle,0.08197389812503285,+,0.008611472178608009,0.217103998270187
8,133.9353580251169,,,mixed ring-site C-H out-of-plane bending / cyclic-ring torsional/out-of-plane deformation,delta(C6-C7-H15),angle,0.07118517961159952,+,0.008026334564998256,0.21702117349718755
8,133.9353580251169,,,mixed ring-site C-H out-of-plane bending / cyclic-ring torsional/out-of-plane deformation,delta(C3-C2-H12),angle,0.041587147137273725,-,-0.00457513811658269,0.39020942049172896
8,133.9353580251169,,,mixed ring-site C-H out-of-plane bending / cyclic-ring torsional/out-of-plane deformation,delta(H11-C2-H12),angle,0.030896279982597263,-,-0.004288210334509711,0.32999022352814855
8,133.9353580251169,,,mixed ring-site C-H out-of-plane bending / cyclic-ring torsional/out-of-plane deformation,delta(C3-N4-O5),angle,0.030842672343612564,+,0.0035201444780208146,0.48885274981676025
8,133.9353580251169,,,mixed ring-site C-H out-of-plane bending / cyclic-ring torsional/out-of-plane deformation,nu(O1-C2),bond,0.014065892158893265,-,-0.002860563952472883,0.33760665575380766
8,133.9353580251169,,,mixed ring-site C-H out-of-plane bending / cyclic-ring torsional/out-of-plane deformation,tau(C3-N4-O5-H13),dihedral,0.01359818248599443,-,-0.011969303209958135,0.018641899705102983
8,133.9353580251169,,,mixed ring-site C-H out-of-plane bending / cyclic-ring torsional/out-of-plane deformation,tau(C6-C3-N4-O5),dihedral,0.01269135552355706,+,0.004007770487052106,0.15518486550550248
8,133.9353580251169,,,mixed ring-site C-H out-of-plane bending / cyclic-ring torsional/out-of-plane deformation,nu(C3-C6),bond,0.007962597969397004,+,0.002312672865299315,0.29239734091777053
8,133.9353580251169,,,mixed ring-site C-H out-of-plane bending / cyclic-ring torsional/out-of-plane deformation,nu(C2-C3),bond,0.0077066340015276924,+,0.002378780583249492,0.2674871996149321
8,133.9353580251169,,,mixed ring-site C-H out-of-plane bending / cyclic-ring torsional/out-of-plane deformation,nu(C2-H12),bond,0.00689076842419122,+,0.002059195742330058,0.3191680655609865
8,133.9353580251169,,,mixed ring-site C-H out-of-plane bending / cyclic-ring torsional/out-of-plane deformation,nu(C6-C9),bond,0.004343199405999346,-,-0.00168465210857978,0.3005635759709016
8,133.9353580251169,,,mixed ring-site C-H out-of-plane bending / cyclic-ring torsional/out-of-plane deformation,tau(C2-C3-N4-O5),dihedral,0.0038773679287782193,-,-0.002812363865778676,0.096281098080716
8,133.9353580251169,,,mixed ring-site C-H out-of-plane bending / cyclic-ring torsional/out-of-plane deformation,nu(N4-O5),bond,0.0024157337467896585,+,0.0013484432641533103,0.26093404664752
8,133.9353580251169,,,mixed ring-site C-H out-of-plane bending / cyclic-ring torsional/out-of-plane deformation,nu(C8-C9),bond,0.0018592766506235789,-,-0.001086977603919542,0.3090650261509001
8,133.9353580251169,,,mixed ring-site C-H out-of-plane bending / cyclic-ring torsional/out-of-plane deformation,nu(C9-H19),bond,0.001510062096228039,+,0.0009330320752265445,0.3406816157892765
8,133.9353580251169,,,mixed ring-site C-H out-of-plane bending / cyclic-ring torsional/out-of-plane deformation,nu(C6-H14),bond,0.0013620063636409136,+,0.0009074321659552502,0.3248611945164227
8,133.9353580251169,,,mixed ring-site C-H out-of-plane bending / cyclic-ring torsional/out-of-plane deformation,nu(C6-C7),bond,0.0012550408329415424,-,-0.0009254083745046476,0.2878313169969325
8,133.9353580251169,,,mixed ring-site C-H out-of-plane bending / cyclic-ring torsional/out-of-plane deformation,nu(C7-C8),bond,0.000932341305303565,-,-0.0007898329880278448,0.2935292790201741
8,133.9353580251169,,,mixed ring-site C-H out-of-plane bending / cyclic-ring torsional/out-of-plane deformation,delta(C2-C3-C6),angle,0.0007514010406461887,+,0.0006006041403074353,0.4091119718155291
8,133.9353580251169,,,mixed ring-site C-H out-of-plane bending / cyclic-ring torsional/out-of-plane deformation,delta(O1-C2-H12),angle,0.0007106958039334257,+,0.0005656440985356544,0.4362588699976363
8,133.9353580251169,,,mixed ring-site C-H out-of-plane bending / cyclic-ring torsional/out-of-plane deformation,nu(C8-H17),bond,0.0006564734706558444,+,0.0006208982217587105,0.33444398356763794
8,133.9353580251169,,,mixed ring-site C-H out-of-plane bending / cyclic-ring torsional/out-of-plane deformation,delta(O1-C2-H11),angle,0.0006323579062446829,+,0.0005832278437697902,0.3651182100925562
8,133.9353580251169,,,mixed ring-site C-H out-of-plane bending / cyclic-ring torsional/out-of-plane deformation,nu(C2-H11),bond,0.00032555277373006656,+,0.00043354273326258463,0.3401767416555715
8,133.9353580251169,,,mixed ring-site C-H out-of-plane bending / cyclic-ring torsional/out-of-plane deformation,nu(O1-H10),bond,0.0003233134475436962,+,0.0003528528454846906,0.5100157173560682
8,133.9353580251169,,,mixed ring-site C-H out-of-plane bending / cyclic-ring torsional/out-of-plane deformation,nu(C7-H16),bond,0.00024022178964403667,+,0.0003756377915709627,0.3343650536129274
8,133.9353580251169,,,mixed ring-site C-H out-of-plane bending / cyclic-ring torsional/out-of-plane deformation,delta(N4-O5-H13),angle,0.00021689300213456475,+,0.0004556906847496371,0.20514091020311076
8,133.9353580251169,,,mixed ring-site C-H out-of-plane bending / cyclic-ring torsional/out-of-plane deformation,nu(C8-H18),bond,3.8428249675093675e-05,-,-0.00014961653958805621,0.33716185262197673
8,133.9353580251169,,,mixed ring-site C-H out-of-plane bending / cyclic-ring torsional/out-of-plane deformation,nu(C7-H15),bond,3.426189239747041e-05,+,0.00014142778769952365,0.3364254876547383
8,133.9353580251169,,,mixed ring-site C-H out-of-plane bending / cyclic-ring torsional/out-of-plane deformation,nu(O5-H13),bond,1.6761530545315736e-05,-,-7.913268606610493e-05,0.5257132188054624
8,133.9353580251169,,,mixed ring-site C-H out-of-plane bending / cyclic-ring torsional/out-of-plane deformation,delta(C2-O1-H10),angle,4.865774583149097e-06,+,6.91928611827358e-05,0.19960731200682177
8,133.9353580251169,,,mixed ring-site C-H out-of-plane bending / cyclic-ring torsional/out-of-plane deformation,nu(C9-H20),bond,8.154917730255916e-07,-,-2.1774471256545253e-05,0.33780913365345233
8,133.9353580251169,,,mixed ring-site C-H out-of-plane bending / cyclic-ring torsional/out-of-plane deformation,nu(C3-N4),bond,3.889110839245939e-07,+,1.0550826726561588e-05,0.6861583910804996
9,152.67485321255683,,,mixed ring-site C-H out-of-plane bending / C-C-C bending,tau(C7-C8-C9-C6),dihedral,13.390562467091923,-,-0.02111871993427227,1.1282742892792177
9,152.67485321255683,,,mixed ring-site C-H out-of-plane bending / C-C-C bending,delta(C3-C6-C9),angle,9.79793573902612,-,-0.03450477139895795,0.3092625491988139
9,152.67485321255683,,,mixed ring-site C-H out-of-plane bending / C-C-C bending,delta(C2-C3-C6),angle,9.455619329401522,+,0.02947130876378388,0.4091119718155291
9,152.67485321255683,,,mixed ring-site C-H out-of-plane bending / C-C-C bending,tau(C9-C6-C7-H16),dihedral,8.304279098988747,-,-0.028305548926069454,0.38950212149901003
9,152.67485321255683,,,mixed ring-site C-H out-of-plane bending / C-C-C bending,tau(C6-C7-C8-H17),dihedral,7.2968655611488735,+,0.027295583107827,0.36804646047394296
9,152.67485321255683,,,mixed ring-site C-H out-of-plane bending / C-C-C bending,tau(H16-C7-C8-H17),dihedral,7.034631796608635,+,0.03772713551477515,0.1857311553103021
9,152.67485321255683,,,mixed ring-site C-H out-of-plane bending / C-C-C bending,tau(H14-C6-C7-H16),dihedral,6.869397136711079,-,-0.03546147269327997,0.20528449235177543
9,152.67485321255683,,,mixed ring-site C-H out-of-plane bending / C-C-C bending,tau(C6-C3-N4-O5),dihedral,6.231477562683753,+,0.038846005069269884,0.15518486550550248
9,152.67485321255683,,,mixed ring-site C-H out-of-plane bending / C-C-C bending,tau(H14-C6-C9-C8),dihedral,5.889946887392621,+,0.02415071652255124,0.3794917959790914
9,152.67485321255683,,,mixed ring-site C-H out-of-plane bending / C-C-C bending,tau(C7-C8-C9-H19),dihedral,4.398412232585989,-,-0.021225516411435982,0.3668854199820777
9,152.67485321255683,,,mixed ring-site C-H out-of-plane bending / C-C-C bending,tau(H14-C6-C9-H19),dihedral,3.88861448774083,+,0.0279677307202818,0.18682349159156134
9,152.67485321255683,,,mixed ring-site C-H out-of-plane bending / C-C-C bending,tau(H17-C8-C9-H19),dihedral,3.588626023636543,-,-0.026902170404722932,0.18633936756269648
9,152.67485321255683,,,mixed ring-site C-H out-of-plane bending / C-C-C bending,tau(C7-C8-C9-H20),dihedral,3.1277481344961395,-,-0.018933305004962275,0.32789135382743356
9,152.67485321255683,,,mixed ring-site C-H out-of-plane bending / C-C-C bending,tau(C6-C7-C8-H18),dihedral,2.9198484306196764,+,0.02541135281834661,0.1699244172304189
9,152.67485321255683,,,mixed ring-site C-H out-of-plane bending / C-C-C bending,tau(H18-C8-C9-H20),dihedral,2.360466890730035,-,-0.022866897276482206,0.1696424301144722
9,152.67485321255683,,,mixed ring-site C-H out-of-plane bending / C-C-C bending,delta(C6-C9-C8),angle,1.3327205152177233,+,0.00576399805549001,1.507448504872666
9,152.67485321255683,,,mixed ring-site C-H out-of-plane bending / C-C-C bending,tau(O1-C2-C3-C6),dihedral,1.1839783687832475,-,-0.028420789378734587,0.05508362958384606
9,152.67485321255683,,,mixed ring-site C-H out-of-plane bending / C-C-C bending,delta(C3-N4-O5),angle,0.7085391951540864,+,0.0073802051697616404,0.48885274981676025
9,152.67485321255683,,,mixed ring-site C-H out-of-plane bending / C-C-C bending,delta(O1-C2-C3),angle,0.36099704256261883,-,-0.005319241621101334,0.4794631797439876
9,152.67485321255683,,,mixed ring-site C-H out-of-plane bending / C-C-C bending,delta(C2-C3-N4),angle,0.29262490264924684,-,-0.004250671689160621,0.6086213889266646
9,152.67485321255683,,,mixed ring-site C-H out-of-plane bending / C-C-C bending,tau(C2-C3-C6-C9),dihedral,0.26349024882509486,+,0.022604094026744015,0.019379447476020113
9,152.67485321255683,,,mixed ring-site C-H out-of-plane bending / C-C-C bending,delta(C6-C7-H15),angle,0.24715384026342185,-,-0.006541964068790214,0.21702117349718755
9,152.67485321255683,,,mixed ring-site C-H out-of-plane bending / C-C-C bending,tau(C3-C6-C9-C8),dihedral,0.2036913335715959,-,-0.006490795138458226,0.1816886511150176
9,152.67485321255683,,,mixed ring-site C-H out-of-plane bending / C-C-C bending,delta(C8-C7-H15),angle,0.18557965421318753,-,-0.005667699245923678,0.217103998270187
9,152.67485321255683,,,mixed ring-site C-H out-of-plane bending / C-C-C bending,nu(N4-O5),bond,0.18170587305090402,-,-0.005115577097677463,0.26093404664752
9,152.67485321255683,,,mixed ring-site C-H out-of-plane bending / C-C-C bending,nu(C3-C6),bond,0.14757442100662244,+,0.00435506219285617,0.29239734091777053
9,152.67485321255683,,,mixed ring-site C-H out-of-plane bending / C-C-C bending,nu(C7-C8),bond,0.10773946209879776,+,0.0037139599344058333,0.2935292790201741
9,152.67485321255683,,,mixed ring-site C-H out-of-plane bending / C-C-C bending,nu(C8-C9),bond,0.07267282956937025,-,-0.002972601073664574,0.3090650261509001
9,152.67485321255683,,,mixed ring-site C-H out-of-plane bending / C-C-C bending,nu(O1-C2),bond,0.04064636545656548,+,0.0021270656078615055,0.33760665575380766
9,152.67485321255683,,,mixed ring-site C-H out-of-plane bending / C-C-C bending,delta(O1-C2-H11),angle,0.0225997272390021,+,0.0015251423430525486,0.3651182100925562
9,152.67485321255683,,,mixed ring-site C-H out-of-plane bending / C-C-C bending,nu(C6-C7),bond,0.02106688826097971,+,0.0016584664876656166,0.2878313169969325
9,152.67485321255683,,,mixed ring-site C-H out-of-plane bending / C-C-C bending,nu(C3-N4),bond,0.020630812883784898,+,0.0010629712232906243,0.6861583910804996
9,152.67485321255683,,,mixed ring-site C-H out-of-plane bending / C-C-C bending,delta(C3-C2-H12),angle,0.011817607578424233,+,0.0010668207002741317,0.39020942049172896
9,152.67485321255683,,,mixed ring-site C-H out-of-plane bending / C-C-C bending,tau(H10-O1-C2-H11),dihedral,0.010901592652412775,-,-0.003719829498409416,0.02960703626146141
9,152.67485321255683,,,mixed ring-site C-H out-of-plane bending / C-C-C bending,delta(O1-C2-H12),angle,0.008982578901492748,-,-0.000879637857436368,0.4362588699976363
9,152.67485321255683,,,mixed ring-site C-H out-of-plane bending / C-C-C bending,nu(C9-H19),bond,0.007661247626376624,-,-0.000919286595428729,0.3406816157892765
9,152.67485321255683,,,mixed ring-site C-H out-of-plane bending / C-C-C bending,delta(H11-C2-H12),angle,0.0044127518458803115,+,0.0007088914571613953,0.32999022352814855
9,152.67485321255683,,,mixed ring-site C-H out-of-plane bending / C-C-C bending,tau(C3-N4-O5-H13),dihedral,0.0014170440378347986,+,0.0016901378074596638,0.018641899705102983
9,152.67485321255683,,,mixed ring-site C-H out-of-plane bending / C-C-C bending,nu(C2-C3),bond,0.0013534875616851654,-,-0.0004360649288035027,0.2674871996149321
9,152.67485321255683,,,mixed ring-site C-H out-of-plane bending / C-C-C bending,tau(C2-C3-N4-O5),dihedral,0.0012788279459548537,-,-0.0007064982143664513,0.096281098080716
9,152.67485321255683,,,mixed ring-site C-H out-of-plane bending / C-C-C bending,delta(C8-C9-H20),angle,0.0010451363025475368,-,-0.0004427015201883871,0.20040195782920825
9,152.67485321255683,,,mixed ring-site C-H out-of-plane bending / C-C-C bending,delta(C2-O1-H10),angle,0.0008668778704786612,-,-0.00040398595054112166,0.19960731200682177
9,152.67485321255683,,,mixed ring-site C-H out-of-plane bending / C-C-C bending,nu(C7-H16),bond,0.0007860496717655082,-,-0.000297228248189907,0.3343650536129274
9,152.67485321255683,,,mixed ring-site C-H out-of-plane bending / C-C-C bending,nu(C8-H17),bond,0.0004298175188869867,-,-0.00021976366508630424,0.33444398356763794
9,152.67485321255683,,,mixed ring-site C-H out-of-plane bending / C-C-C bending,nu(C6-H14),bond,0.0002814095052135915,+,0.00018042469907610882,0.3248611945164227
9,152.67485321255683,,,mixed ring-site C-H out-of-plane bending / C-C-C bending,nu(C2-H11),bond,0.00023394382245890222,+,0.00016076037445477762,0.3401767416555715
9,152.67485321255683,,,mixed ring-site C-H out-of-plane bending / C-C-C bending,nu(O1-H10),bond,0.00019471454992906723,+,0.00011977962505323505,0.5100157173560682
9,152.67485321255683,,,mixed ring-site C-H out-of-plane bending / C-C-C bending,nu(C6-C9),bond,0.00019438761872576078,+,0.00015589839785389432,0.3005635759709016
9,152.67485321255683,,,mixed ring-site C-H out-of-plane bending / C-C-C bending,nu(C8-H18),bond,0.00014284759057915845,+,0.0001261806530491182,0.33716185262197673
9,152.67485321255683,,,mixed ring-site C-H out-of-plane bending / C-C-C bending,nu(C9-H20),bond,6.650801089295313e-05,+,8.601551867624969e-05,0.33780913365345233
9,152.67485321255683,,,mixed ring-site C-H out-of-plane bending / C-C-C bending,nu(C2-H12),bond,3.200720649627775e-05,-,-6.138887814865296e-05,0.3191680655609865
9,152.67485321255683,,,mixed ring-site C-H out-of-plane bending / C-C-C bending,delta(N4-O5-H13),angle,2.7897734034220597e-05,-,-7.148811611285592e-05,0.20514091020311076
9,152.67485321255683,,,mixed ring-site C-H out-of-plane bending / C-C-C bending,nu(O5-H13),bond,2.3790055355514752e-05,-,-4.123811490659447e-05,0.5257132188054624
9,152.67485321255683,,,mixed ring-site C-H out-of-plane bending / C-C-C bending,nu(C7-H15),bond,6.214723862409653e-06,-,-2.634765691873556e-05,0.3364254876547383
10,228.9020450309703,,,ring-site C-H out-of-plane bending,tau(C7-C8-C9-C6),dihedral,17.222746898143996,-,-0.05742790249848336,1.1282742892792177
10,228.9020450309703,,,ring-site C-H out-of-plane bending,tau(C7-C8-C9-H19),dihedral,10.140971834494216,-,-0.0772776046953431,0.3668854199820777
10,228.9020450309703,,,ring-site C-H out-of-plane bending,tau(C9-C6-C7-H16),dihedral,9.125758853113279,-,-0.07114734054821181,0.38950212149901003
10,228.9020450309703,,,ring-site C-H out-of-plane bending,tau(C6-C7-C8-H17),dihedral,8.878668363184271,+,0.0721940964066661,0.36804646047394296
10,228.9020450309703,,,ring-site C-H out-of-plane bending,tau(C7-C8-C9-H20),dihedral,7.929199823650464,-,-0.07228177176581642,0.32789135382743356
10,228.9020450309703,,,ring-site C-H out-of-plane bending,tau(H17-C8-C9-H19),dihedral,7.49942580102545,-,-0.09324827107615914,0.18633936756269648
10,228.9020450309703,,,ring-site C-H out-of-plane bending,tau(H16-C7-C8-H17),dihedral,6.927141683073453,+,0.08976638700888653,0.1857311553103021
10,228.9020450309703,,,ring-site C-H out-of-plane bending,tau(H14-C6-C9-C8),dihedral,6.136464714824955,+,0.0591067411837716,0.3794917959790914
10,228.9020450309703,,,ring-site C-H out-of-plane bending,tau(H18-C8-C9-H20),dihedral,5.333591029442176,-,-0.08241793023200523,0.1696424301144722
10,228.9020450309703,,,ring-site C-H out-of-plane bending,tau(H14-C6-C9-H19),dihedral,4.8575554527695335,+,0.07495010263064879,0.18682349159156134
10,228.9020450309703,,,ring-site C-H out-of-plane bending,tau(H14-C6-C7-H16),dihedral,4.7332324844247795,-,-0.07057972099644741,0.20528449235177543
10,228.9020450309703,,,ring-site C-H out-of-plane bending,tau(C6-C7-C8-H18),dihedral,3.561570367583052,+,0.06729332082772176,0.1699244172304189
10,228.9020450309703,,,ring-site C-H out-of-plane bending,tau(C6-C3-N4-O5),dihedral,1.8271705307869288,+,0.050436384808825264,0.15518486550550248
10,228.9020450309703,,,ring-site C-H out-of-plane bending,tau(C3-C6-C9-C8),dihedral,1.164630036848299,+,0.037214242524974905,0.1816886511150176
10,228.9020450309703,,,ring-site C-H out-of-plane bending,delta(C2-C3-N4),angle,1.128085373425414,-,-0.020011353750924783,0.6086213889266646
10,228.9020450309703,,,ring-site C-H out-of-plane bending,delta(O1-C2-C3),angle,0.7848372343471667,-,-0.018805776019903325,0.4794631797439876
10,228.9020450309703,,,ring-site C-H out-of-plane bending,delta(C3-C6-C9),angle,0.5078351021709079,+,0.01883548394494284,0.3092625491988139
10,228.9020450309703,,,ring-site C-H out-of-plane bending,delta(C6-C9-C8),angle,0.48830928773021054,+,0.008365758824980403,1.507448504872666
10,228.9020450309703,,,ring-site C-H out-of-plane bending,delta(C3-N4-O5),angle,0.3263134815451834,-,-0.012009019990854932,0.48885274981676025
10,228.9020450309703,,,ring-site C-H out-of-plane bending,nu(N4-O5),bond,0.27590841221153006,+,0.01511458359001393,0.26093404664752
10,228.9020450309703,,,ring-site C-H out-of-plane bending,delta(C2-C3-C6),angle,0.22325070892905893,-,-0.010858114566086133,0.4091119718155291
10,228.9020450309703,,,ring-site C-H out-of-plane bending,tau(C2-C3-C6-C9),dihedral,0.1545162086593481,+,0.041504522029263746,0.019379447476020113
10,228.9020450309703,,,ring-site C-H out-of-plane bending,delta(C6-C7-H15),angle,0.1507003620889994,-,-0.012248564251717182,0.21702117349718755
10,228.9020450309703,,,ring-site C-H out-of-plane bending,delta(C8-C9-H20),angle,0.1479554214098264,-,-0.01262971504973077,0.20040195782920825
10,228.9020450309703,,,ring-site C-H out-of-plane bending,delta(C8-C7-H15),angle,0.10569256530929136,-,-0.010255749374455874,0.217103998270187
10,228.9020450309703,,,ring-site C-H out-of-plane bending,tau(H10-O1-C2-H11),dihedral,0.0593293008353851,-,-0.02080732439053866,0.02960703626146141
10,228.9020450309703,,,ring-site C-H out-of-plane bending,delta(C3-C2-H12),angle,0.046679760959999365,+,0.005083871060774304,0.39020942049172896
10,228.9020450309703,,,ring-site C-H out-of-plane bending,nu(C3-C6),bond,0.040892743466690314,+,0.005496870494596585,0.29239734091777053
10,228.9020450309703,,,ring-site C-H out-of-plane bending,delta(O1-C2-H12),angle,0.03933468505386808,+,0.004413618528035623,0.4362588699976363
10,228.9020450309703,,,ring-site C-H out-of-plane bending,delta(O1-C2-H11),angle,0.03587745864519557,+,0.004607583134728953,0.3651182100925562
10,228.9020450309703,,,ring-site C-H out-of-plane bending,tau(C2-C3-N4-O5),dihedral,0.03104307599635078,-,-0.008346241505347173,0.096281098080716
10,228.9020450309703,,,ring-site C-H out-of-plane bending,nu(C8-C9),bond,0.02824181244115394,+,0.004443246846001362,0.3090650261509001
10,228.9020450309703,,,ring-site C-H out-of-plane bending,delta(C2-O1-H10),angle,0.02760578101453889,-,-0.005466267575002784,0.19960731200682177
10,228.9020450309703,,,ring-site C-H out-of-plane bending,nu(O1-C2),bond,0.015626475059558463,-,-0.003162307529703875,0.33760665575380766
10,228.9020450309703,,,ring-site C-H out-of-plane bending,nu(C2-C3),bond,0.011580749596815286,-,-0.0030584115431953026,0.2674871996149321
10,228.9020450309703,,,ring-site C-H out-of-plane bending,nu(C7-C8),bond,0.008326906018687952,+,0.0024756839900572786,0.2935292790201741
10,228.9020450309703,,,ring-site C-H out-of-plane bending,tau(C3-N4-O5-H13),dihedral,0.0056456061898562246,-,-0.008088896849644794,0.018641899705102983
10,228.9020450309703,,,ring-site C-H out-of-plane bending,nu(C6-C7),bond,0.005457892979617821,+,0.002024056241774395,0.2878313169969325
10,228.9020450309703,,,ring-site C-H out-of-plane bending,nu(C6-C9),bond,0.004264022954069723,+,0.0017507360838645322,0.3005635759709016
10,228.9020450309703,,,ring-site C-H out-of-plane bending,tau(O1-C2-C3-C6),dihedral,0.003748995133274672,-,-0.0038346457931683485,0.05508362958384606
10,228.9020450309703,,,ring-site C-H out-of-plane bending,nu(C3-N4),bond,0.0017315353831981242,+,0.0007383845254730258,0.6861583910804996
10,228.9020450309703,,,ring-site C-H out-of-plane bending,nu(C8-H17),bond,0.0008904433526692577,-,-0.000758438804152072,0.33444398356763794
10,228.9020450309703,,,ring-site C-H out-of-plane bending,nu(O1-H10),bond,0.0007575088814871578,+,0.0005664755569091695,0.5100157173560682
10,228.9020450309703,,,ring-site C-H out-of-plane bending,nu(C7-H16),bond,0.0006548958371278503,-,-0.0006505111803352761,0.3343650536129274
10,228.9020450309703,,,ring-site C-H out-of-plane bending,nu(C2-H12),bond,0.00048400771861085567,+,0.0005723945876778387,0.3191680655609865
10,228.9020450309703,,,ring-site C-H out-of-plane bending,nu(C6-H14),bond,0.0001048076626107527,+,0.0002640138376100848,0.3248611945164227
10,228.9020450309703,,,ring-site C-H out-of-plane bending,delta(N4-O5-H13),angle,9.939077193902463e-05,+,0.00032353851164812155,0.20514091020311076
10,228.9020450309703,,,ring-site C-H out-of-plane bending,nu(C9-H20),bond,3.1153536694260524e-05,+,0.00014115526285997027,0.33780913365345233
10,228.9020450309703,,,ring-site C-H out-of-plane bending,delta(H11-C2-H12),angle,2.998826436013786e-05,-,-0.0001401213197701744,0.32999022352814855
10,228.9020450309703,,,ring-site C-H out-of-plane bending,nu(C7-H15),bond,9.067970772513624e-06,-,-7.631144918813357e-05,0.3364254876547383
10,228.9020450309703,,,ring-site C-H out-of-plane bending,nu(C8-H18),bond,7.457652327233927e-06,-,-6.912910611785309e-05,0.33716185262197673
10,228.9020450309703,,,ring-site C-H out-of-plane bending,nu(O5-H13),bond,7.3766711476885765e-06,-,-5.505982838553451e-05,0.5257132188054624
10,228.9020450309703,,,ring-site C-H out-of-plane bending,nu(C2-H11),bond,2.6759381921610533e-06,+,4.122539457796203e-05,0.3401767416555715
10,228.9020450309703,,,ring-site C-H out-of-plane bending,nu(C9-H19),bond,2.3928220211666558e-06,+,3.8954706791164956e-05,0.3406816157892765
11,268.8974612394449,,,mixed ring-site C-H out-of-plane bending / cyclic-ring torsional/out-of-plane deformation,tau(C7-C8-C9-C6),dihedral,12.505896709705143,-,-0.04068395389342377,1.1282742892792177
11,268.8974612394449,,,mixed ring-site C-H out-of-plane bending / cyclic-ring torsional/out-of-plane deformation,delta(C2-C3-N4),angle,8.9573233992103,+,0.04688010788487401,0.6086213889266646
11,268.8974612394449,,,mixed ring-site C-H out-of-plane bending / cyclic-ring torsional/out-of-plane deformation,tau(C7-C8-C9-H19),dihedral,7.912603707682544,-,-0.05675022158532266,0.3668854199820777
11,268.8974612394449,,,mixed ring-site C-H out-of-plane bending / cyclic-ring torsional/out-of-plane deformation,tau(C9-C6-C7-H16),dihedral,6.697620493801549,-,-0.05067321212372173,0.38950212149901003
11,268.8974612394449,,,mixed ring-site C-H out-of-plane bending / cyclic-ring torsional/out-of-plane deformation,tau(C6-C7-C8-H17),dihedral,6.682269870659214,+,0.052069542693193735,0.36804646047394296
11,268.8974612394449,,,mixed ring-site C-H out-of-plane bending / cyclic-ring torsional/out-of-plane deformation,tau(C7-C8-C9-H20),dihedral,6.599922951918026,-,-0.05482485995188208,0.32789135382743356
11,268.8974612394449,,,mixed ring-site C-H out-of-plane bending / cyclic-ring torsional/out-of-plane deformation,delta(C2-C3-C6),angle,5.78582251424332,-,-0.04595518724377292,0.4091119718155291
11,268.8974612394449,,,mixed ring-site C-H out-of-plane bending / cyclic-ring torsional/out-of-plane deformation,tau(H17-C8-C9-H19),dihedral,5.781687813399165,-,-0.06806879946724062,0.18633936756269648
11,268.8974612394449,,,mixed ring-site C-H out-of-plane bending / cyclic-ring torsional/out-of-plane deformation,tau(C6-C3-N4-O5),dihedral,5.459942968304664,+,0.07248405007094126,0.15518486550550248
11,268.8974612394449,,,mixed ring-site C-H out-of-plane bending / cyclic-ring torsional/out-of-plane deformation,tau(H16-C7-C8-H17),dihedral,5.218908092129817,+,0.06477695437756122,0.1857311553103021
11,268.8974612394449,,,mixed ring-site C-H out-of-plane bending / cyclic-ring torsional/out-of-plane deformation,delta(O1-C2-C3),angle,4.640779421171175,+,0.03801814417593832,0.4794631797439876
11,268.8974612394449,,,mixed ring-site C-H out-of-plane bending / cyclic-ring torsional/out-of-plane deformation,tau(H18-C8-C9-H20),dihedral,4.317863856420487,-,-0.06165102627408917,0.1696424301144722
11,268.8974612394449,,,mixed ring-site C-H out-of-plane bending / cyclic-ring torsional/out-of-plane deformation,tau(H14-C6-C9-C8),dihedral,3.7994580383778107,+,0.038666308449352205,0.3794917959790914
11,268.8974612394449,,,mixed ring-site C-H out-of-plane bending / cyclic-ring torsional/out-of-plane deformation,tau(H14-C6-C9-H19),dihedral,3.2060440463900832,+,0.05062232418407523,0.18682349159156134
11,268.8974612394449,,,mixed ring-site C-H out-of-plane bending / cyclic-ring torsional/out-of-plane deformation,tau(H14-C6-C7-H16),dihedral,2.87957275705715,-,-0.04576769464090812,0.20528449235177543
11,268.8974612394449,,,mixed ring-site C-H out-of-plane bending / cyclic-ring torsional/out-of-plane deformation,tau(C6-C7-C8-H18),dihedral,2.6400648737085914,+,0.0481673202605129,0.1699244172304189
11,268.8974612394449,,,mixed ring-site C-H out-of-plane bending / cyclic-ring torsional/out-of-plane deformation,tau(C2-C3-N4-O5),dihedral,2.450351011795721,+,0.06164767667489888,0.096281098080716
11,268.8974612394449,,,mixed ring-site C-H out-of-plane bending / cyclic-ring torsional/out-of-plane deformation,delta(C3-N4-O5),angle,1.4944813316523193,+,0.021366298753222542,0.48885274981676025
11,268.8974612394449,,,mixed ring-site C-H out-of-plane bending / cyclic-ring torsional/out-of-plane deformation,tau(C2-C3-C6-C9),dihedral,0.5289191360656076,+,0.06384060957397623,0.019379447476020113
11,268.8974612394449,,,mixed ring-site C-H out-of-plane bending / cyclic-ring torsional/out-of-plane deformation,delta(C3-C6-C9),angle,0.463397779220646,+,0.01495844293575263,0.3092625491988139
11,268.8974612394449,,,mixed ring-site C-H out-of-plane bending / cyclic-ring torsional/out-of-plane deformation,tau(H10-O1-C2-H11),dihedral,0.41671098404542467,-,-0.04584511715554626,0.02960703626146141
11,268.8974612394449,,,mixed ring-site C-H out-of-plane bending / cyclic-ring torsional/out-of-plane deformation,delta(C6-C9-C8),angle,0.24135230079815176,+,0.004889647591053594,1.507448504872666
11,268.8974612394449,,,mixed ring-site C-H out-of-plane bending / cyclic-ring torsional/out-of-plane deformation,tau(O1-C2-C3-C6),dihedral,0.20634914478523508,+,0.02365174253030673,0.05508362958384606
11,268.8974612394449,,,mixed ring-site C-H out-of-plane bending / cyclic-ring torsional/out-of-plane deformation,delta(O1-C2-H11),angle,0.14081474410783296,-,-0.007588927413571372,0.3651182100925562
11,268.8974612394449,,,mixed ring-site C-H out-of-plane bending / cyclic-ring torsional/out-of-plane deformation,tau(C3-C6-C9-C8),dihedral,0.10633188492446456,+,0.00934847856515801,0.1816886511150176
11,268.8974612394449,,,mixed ring-site C-H out-of-plane bending / cyclic-ring torsional/out-of-plane deformation,delta(C6-C7-H15),angle,0.10610646584793847,-,-0.008544623900425171,0.21702117349718755
11,268.8974612394449,,,mixed ring-site C-H out-of-plane bending / cyclic-ring torsional/out-of-plane deformation,delta(C8-C9-H20),angle,0.1030606545936458,-,-0.008763317543638667,0.20040195782920825
11,268.8974612394449,,,mixed ring-site C-H out-of-plane bending / cyclic-ring torsional/out-of-plane deformation,delta(C2-O1-H10),angle,0.09713709096317642,+,0.008524666626371542,0.19960731200682177
11,268.8974612394449,,,mixed ring-site C-H out-of-plane bending / cyclic-ring torsional/out-of-plane deformation,delta(H11-C2-H12),angle,0.09452813616450143,-,-0.006540381649439847,0.32999022352814855
11,268.8974612394449,,,mixed ring-site C-H out-of-plane bending / cyclic-ring torsional/out-of-plane deformation,delta(C8-C7-H15),angle,0.09330882454904624,-,-0.008011254508994502,0.217103998270187
11,268.8974612394449,,,mixed ring-site C-H out-of-plane bending / cyclic-ring torsional/out-of-plane deformation,nu(C2-C3),bond,0.08702865274751823,+,0.006970319875986756,0.2674871996149321
11,268.8974612394449,,,mixed ring-site C-H out-of-plane bending / cyclic-ring torsional/out-of-plane deformation,nu(N4-O5),bond,0.08024317542668134,-,-0.006776598559335687,0.26093404664752
11,268.8974612394449,,,mixed ring-site C-H out-of-plane bending / cyclic-ring torsional/out-of-plane deformation,nu(C3-C6),bond,0.049078778874197045,+,0.005006488760210038,0.29239734091777053
11,268.8974612394449,,,mixed ring-site C-H out-of-plane bending / cyclic-ring torsional/out-of-plane deformation,delta(C3-C2-H12),angle,0.045748241403189484,-,-0.004184190101080772,0.39020942049172896
11,268.8974612394449,,,mixed ring-site C-H out-of-plane bending / cyclic-ring torsional/out-of-plane deformation,nu(C6-C9),bond,0.02015240964878927,-,-0.003164232576730239,0.3005635759709016
11,268.8974612394449,,,mixed ring-site C-H out-of-plane bending / cyclic-ring torsional/out-of-plane deformation,nu(C8-C9),bond,0.018919263590493552,+,0.003023432402285339,0.3090650261509001
11,268.8974612394449,,,mixed ring-site C-H out-of-plane bending / cyclic-ring torsional/out-of-plane deformation,nu(O1-C2),bond,0.017587602065903835,-,-0.0027891437374539087,0.33760665575380766
11,268.8974612394449,,,mixed ring-site C-H out-of-plane bending / cyclic-ring torsional/out-of-plane deformation,tau(C3-N4-O5-H13),dihedral,0.01408260451192011,+,0.010621099772995553,0.018641899705102983
11,268.8974612394449,,,mixed ring-site C-H out-of-plane bending / cyclic-ring torsional/out-of-plane deformation,delta(O1-C2-H12),angle,0.01243598149490149,-,-0.0020631983372575223,0.4362588699976363
11,268.8974612394449,,,mixed ring-site C-H out-of-plane bending / cyclic-ring torsional/out-of-plane deformation,nu(C7-C8),bond,0.009185748041962871,+,0.002161745836202279,0.2935292790201741
11,268.8974612394449,,,mixed ring-site C-H out-of-plane bending / cyclic-ring torsional/out-of-plane deformation,nu(C2-H12),bond,0.007448545410917103,+,0.00186680562077775,0.3191680655609865
11,268.8974612394449,,,mixed ring-site C-H out-of-plane bending / cyclic-ring torsional/out-of-plane deformation,nu(C3-N4),bond,0.0033096431438831165,+,0.0008486946723387885,0.6861583910804996
11,268.8974612394449,,,mixed ring-site C-H out-of-plane bending / cyclic-ring torsional/out-of-plane deformation,delta(N4-O5-H13),angle,0.0023387788797239206,-,-0.0013047927148383753,0.20514091020311076
11,268.8974612394449,,,mixed ring-site C-H out-of-plane bending / cyclic-ring torsional/out-of-plane deformation,nu(C6-H14),bond,0.000716584583043163,+,0.0005739286334258109,0.3248611945164227
11,268.8974612394449,,,mixed ring-site C-H out-of-plane bending / cyclic-ring torsional/out-of-plane deformation,nu(C2-H11),bond,0.0006843713282439992,+,0.0005481086744840995,0.3401767416555715
11,268.8974612394449,,,mixed ring-site C-H out-of-plane bending / cyclic-ring torsional/out-of-plane deformation,nu(C8-H17),bond,0.0006000303220259617,-,-0.0005176044311312506,0.33444398356763794
11,268.8974612394449,,,mixed ring-site C-H out-of-plane bending / cyclic-ring torsional/out-of-plane deformation,nu(C9-H19),bond,0.0005756089296949205,-,-0.0005022992073349589,0.3406816157892765
11,268.8974612394449,,,mixed ring-site C-H out-of-plane bending / cyclic-ring torsional/out-of-plane deformation,nu(C7-H16),bond,0.00048437174353878836,-,-0.0004651061052823797,0.3343650536129274
11,268.8974612394449,,,mixed ring-site C-H out-of-plane bending / cyclic-ring torsional/out-of-plane deformation,nu(O1-H10),bond,0.00036760441989362215,-,-0.000328073885984122,0.5100157173560682
11,268.8974612394449,,,mixed ring-site C-H out-of-plane bending / cyclic-ring torsional/out-of-plane deformation,nu(C9-H20),bond,0.0002684198033042637,+,0.00034446465292281716,0.33780913365345233
11,268.8974612394449,,,mixed ring-site C-H out-of-plane bending / cyclic-ring torsional/out-of-plane deformation,nu(C6-C7),bond,6.171643339272346e-05,+,0.00017893877845893733,0.2878313169969325
11,268.8974612394449,,,mixed ring-site C-H out-of-plane bending / cyclic-ring torsional/out-of-plane deformation,nu(C7-H15),bond,2.5674246911783447e-05,+,0.00010675236177916496,0.3364254876547383
11,268.8974612394449,,,mixed ring-site C-H out-of-plane bending / cyclic-ring torsional/out-of-plane deformation,nu(O5-H13),bond,2.1642208930256797e-05,+,7.84060228218125e-05,0.5257132188054624
11,268.8974612394449,,,mixed ring-site C-H out-of-plane bending / cyclic-ring torsional/out-of-plane deformation,nu(C8-H18),bond,3.5470482085331323e-06,-,-3.9635780112291425e-05,0.33716185262197673
12,312.1330185431063,,,mixed O-C-C bending / C-C-N bending,delta(O1-C2-C3),angle,24.155752203163804,-,-0.05931512430301806,0.4794631797439876
12,312.1330185431063,,,mixed O-C-C bending / C-C-N bending,delta(C2-C3-N4),angle,15.033562965031116,+,0.04153269832868418,0.6086213889266646
12,312.1330185431063,,,mixed O-C-C bending / C-C-N bending,tau(C2-C3-N4-O5),dihedral,9.42175949871612,-,-0.08266625859827047,0.096281098080716
12,312.1330185431063,,,mixed O-C-C bending / C-C-N bending,delta(C3-C2-H12),angle,8.75311889295757,+,0.03957904685814894,0.39020942049172896
12,312.1330185431063,,,mixed O-C-C bending / C-C-N bending,delta(C2-C3-C6),angle,8.620773299228892,-,-0.03836054870607434,0.4091119718155291
12,312.1330185431063,,,mixed O-C-C bending / C-C-N bending,nu(C3-C6),bond,3.6938184223946737,-,-0.029701874221055788,0.29239734091777053
12,312.1330185431063,,,mixed O-C-C bending / C-C-N bending,tau(C3-N4-O5-H13),dihedral,3.6683983316439956,-,-0.11722654158974297,0.018641899705102983
12,312.1330185431063,,,mixed O-C-C bending / C-C-N bending,tau(C7-C8-C9-C6),dihedral,2.104984161050219,+,0.011414315244796504,1.1282742892792177
12,312.1330185431063,,,mixed O-C-C bending / C-C-N bending,tau(C7-C8-C9-H19),dihedral,2.0972889253972262,+,0.019980055844061016,0.3668854199820777
12,312.1330185431063,,,mixed O-C-C bending / C-C-N bending,nu(C2-C3),bond,2.0713634745928795,-,-0.02325463072522247,0.2674871996149321
12,312.1330185431063,,,mixed O-C-C bending / C-C-N bending,tau(H17-C8-C9-H19),dihedral,2.011200545919685,+,0.02745416080455698,0.18633936756269648
12,312.1330185431063,,,mixed O-C-C bending / C-C-N bending,delta(C3-N4-O5),angle,1.9108063095160464,+,0.016521599669278016,0.48885274981676025
12,312.1330185431063,,,mixed O-C-C bending / C-C-N bending,delta(O1-C2-H12),angle,1.7909064347579324,+,0.01693156514642399,0.4362588699976363
12,312.1330185431063,,,mixed O-C-C bending / C-C-N bending,tau(H16-C7-C8-H17),dihedral,1.518750845673689,-,-0.023896466004848738,0.1857311553103021
12,312.1330185431063,,,mixed O-C-C bending / C-C-N bending,tau(C6-C7-C8-H17),dihedral,1.4985141932623762,-,-0.016862109305829303,0.36804646047394296
12,312.1330185431063,,,mixed O-C-C bending / C-C-N bending,nu(C6-C9),bond,1.494284430125563,-,-0.018632934343424445,0.3005635759709016
12,312.1330185431063,,,mixed O-C-C bending / C-C-N bending,delta(C6-C9-C8),angle,1.4349485866653093,-,-0.008153230497512095,1.507448504872666
12,312.1330185431063,,,mixed O-C-C bending / C-C-N bending,tau(C9-C6-C7-H16),dihedral,1.3610983755997437,+,0.015621496529294766,0.38950212149901003
12,312.1330185431063,,,mixed O-C-C bending / C-C-N bending,delta(C3-C6-C9),angle,1.149683666098959,-,-0.016112328491074614,0.3092625491988139
12,312.1330185431063,,,mixed O-C-C bending / C-C-N bending,tau(H18-C8-C9-H20),dihedral,1.120441145814524,+,0.0214763302928984,0.1696424301144722
12,312.1330185431063,,,mixed O-C-C bending / C-C-N bending,tau(H10-O1-C2-H11),dihedral,1.0367298390767983,-,-0.04945020815406292,0.02960703626146141
12,312.1330185431063,,,mixed O-C-C bending / C-C-N bending,tau(C7-C8-C9-H20),dihedral,0.8821562135193063,+,0.01370694148712593,0.32789135382743356
12,312.1330185431063,,,mixed O-C-C bending / C-C-N bending,tau(C6-C7-C8-H18),dihedral,0.842509261312798,-,-0.018607680470383442,0.1699244172304189
12,312.1330185431063,,,mixed O-C-C bending / C-C-N bending,nu(O1-C2),bond,0.47105095838790717,-,-0.009871001967299764,0.33760665575380766
12,312.1330185431063,,,mixed O-C-C bending / C-C-N bending,tau(C3-C6-C9-C8),dihedral,0.45649055657100973,+,0.013246001231610348,0.1816886511150176
12,312.1330185431063,,,mixed O-C-C bending / C-C-N bending,nu(C6-C7),bond,0.3939615350909861,-,-0.00977666379421334,0.2878313169969325
12,312.1330185431063,,,mixed O-C-C bending / C-C-N bending,delta(O1-C2-H11),angle,0.2957532668101241,+,0.007521090611231588,0.3651182100925562
12,312.1330185431063,,,mixed O-C-C bending / C-C-N bending,tau(O1-C2-C3-C6),dihedral,0.22340646486186372,+,0.016829429193999122,0.05508362958384606
12,312.1330185431063,,,mixed O-C-C bending / C-C-N bending,delta(C6-C7-H15),angle,0.1000362827419542,+,0.005673623483495724,0.21702117349718755
12,312.1330185431063,,,mixed O-C-C bending / C-C-N bending,delta(C8-C9-H20),angle,0.05562890597522631,+,0.004402831571573582,0.20040195782920825
12,312.1330185431063,,,mixed O-C-C bending / C-C-N bending,tau(C6-C3-N4-O5),dihedral,0.0498519281768936,-,-0.004736407834501571,0.15518486550550248
12,312.1330185431063,,,mixed O-C-C bending / C-C-N bending,delta(N4-O5-H13),angle,0.03656530592072457,-,-0.0035281030294692563,0.20514091020311076
12,312.1330185431063,,,mixed O-C-C bending / C-C-N bending,delta(C2-O1-H10),angle,0.03559209762500248,-,-0.0035287538208521618,0.19960731200682177
12,312.1330185431063,,,mixed O-C-C bending / C-C-N bending,nu(C3-N4),bond,0.034715147416118225,-,-0.0018796635081978865,0.6861583910804996
12,312.1330185431063,,,mixed O-C-C bending / C-C-N bending,tau(H14-C6-C9-C8),dihedral,0.033507186483200564,+,0.0024831364109167047,0.3794917959790914
12,312.1330185431063,,,mixed O-C-C bending / C-C-N bending,delta(C8-C7-H15),angle,0.03124105535310093,+,0.0031700180122083413,0.217103998270187
12,312.1330185431063,,,mixed O-C-C bending / C-C-N bending,tau(C2-C3-C6-C9),dihedral,0.030181575113679398,+,0.010428768995719373,0.019379447476020113
12,312.1330185431063,,,mixed O-C-C bending / C-C-N bending,nu(C8-C9),bond,0.021460110978795147,-,-0.002202033100138929,0.3090650261509001
12,312.1330185431063,,,mixed O-C-C bending / C-C-N bending,nu(O1-H10),bond,0.013059845083454246,+,0.001337242051584537,0.5100157173560682
12,312.1330185431063,,,mixed O-C-C bending / C-C-N bending,delta(H11-C2-H12),angle,0.012793143338447293,-,-0.0016453977110049457,0.32999022352814855
12,312.1330185431063,,,mixed O-C-C bending / C-C-N bending,nu(N4-O5),bond,0.01143670147072945,-,-0.0017495155636512729,0.26093404664752
12,312.1330185431063,,,mixed O-C-C bending / C-C-N bending,tau(H14-C6-C7-H16),dihedral,0.010446936579919259,-,-0.0018851642713159224,0.20528449235177543
12,312.1330185431063,,,mixed O-C-C bending / C-C-N bending,nu(C2-H12),bond,0.004085601940201199,+,0.0009454772914954119,0.3191680655609865
12,312.1330185431063,,,mixed O-C-C bending / C-C-N bending,nu(C2-H11),bond,0.00341821950458324,+,0.0008376844584445199,0.3401767416555715
12,312.1330185431063,,,mixed O-C-C bending / C-C-N bending,nu(C9-H20),bond,0.000729326555252227,-,-0.0003882917042528484,0.33780913365345233
12,312.1330185431063,,,mixed O-C-C bending / C-C-N bending,nu(C7-C8),bond,0.000536165455285651,-,-0.0003571548017067884,0.2935292790201741
12,312.1330185431063,,,mixed O-C-C bending / C-C-N bending,nu(C7-H16),bond,0.0002703719204439418,+,0.00023763102713359764,0.3343650536129274
12,312.1330185431063,,,mixed O-C-C bending / C-C-N bending,nu(O5-H13),bond,0.00026307748719041503,+,0.00018693911676092843,0.5257132188054624
12,312.1330185431063,,,mixed O-C-C bending / C-C-N bending,nu(C8-H17),bond,0.00020855468218516432,+,0.00020868011672273146,0.33444398356763794
12,312.1330185431063,,,mixed O-C-C bending / C-C-N bending,nu(C7-H15),bond,0.00012422000475096866,-,-0.00016057728770957005,0.3364254876547383
12,312.1330185431063,,,mixed O-C-C bending / C-C-N bending,tau(H14-C6-C9-H19),dihedral,0.00011855901502185309,-,-0.00021051562782364004,0.18682349159156134
12,312.1330185431063,,,mixed O-C-C bending / C-C-N bending,nu(C9-H19),bond,0.00010451441261306037,-,-0.00014636813374836524,0.3406816157892765
12,312.1330185431063,,,mixed O-C-C bending / C-C-N bending,nu(C8-H18),bond,9.232691052752481e-05,-,-0.00013828584520823083,0.33716185262197673
12,312.1330185431063,,,mixed O-C-C bending / C-C-N bending,nu(C6-H14),bond,2.0036613579634078e-05,-,-6.562903755733074e-05,0.3248611945164227
13,356.36493571026864,,,mixed ring-site C-H out-of-plane bending / C-N torsion,tau(C2-C3-N4-O5),dihedral,17.66715281973842,+,0.13994248641224707,0.096281098080716
13,356.36493571026864,,,mixed ring-site C-H out-of-plane bending / C-N torsion,tau(C6-C3-N4-O5),dihedral,15.472004471606242,+,0.10315384709297717,0.15518486550550248
13,356.36493571026864,,,mixed ring-site C-H out-of-plane bending / C-N torsion,tau(C3-N4-O5-H13),dihedral,10.671643075305049,+,0.24717661622723405,0.018641899705102983
13,356.36493571026864,,,mixed ring-site C-H out-of-plane bending / C-N torsion,tau(C7-C8-C9-C6),dihedral,6.605722382481855,+,0.024997100338006926,1.1282742892792177
13,356.36493571026864,,,mixed ring-site C-H out-of-plane bending / C-N torsion,tau(H16-C7-C8-H17),dihedral,6.328872888587994,-,-0.06030559780786103,0.1857311553103021
13,356.36493571026864,,,mixed ring-site C-H out-of-plane bending / C-N torsion,tau(C6-C7-C8-H17),dihedral,5.203664354720654,-,-0.038845448114004325,0.36804646047394296
13,356.36493571026864,,,mixed ring-site C-H out-of-plane bending / C-N torsion,tau(C7-C8-C9-H19),dihedral,5.037659648238484,+,0.0382812407214341,0.3668854199820777
13,356.36493571026864,,,mixed ring-site C-H out-of-plane bending / C-N torsion,tau(C9-C6-C7-H16),dihedral,4.737789378590999,+,0.036030457919016316,0.38950212149901003
13,356.36493571026864,,,mixed ring-site C-H out-of-plane bending / C-N torsion,tau(H17-C8-C9-H19),dihedral,4.666320580759683,+,0.05169776854506562,0.18633936756269648
13,356.36493571026864,,,mixed ring-site C-H out-of-plane bending / C-N torsion,nu(C3-C6),bond,3.149661276953842,-,-0.03390642775026336,0.29239734091777053
13,356.36493571026864,,,mixed ring-site C-H out-of-plane bending / C-N torsion,tau(H18-C8-C9-H20),dihedral,2.807682266528648,+,0.042028467786399556,0.1696424301144722
13,356.36493571026864,,,mixed ring-site C-H out-of-plane bending / C-N torsion,tau(C7-C8-C9-H20),dihedral,2.654504053841269,+,0.02939432789622289,0.32789135382743356
13,356.36493571026864,,,mixed ring-site C-H out-of-plane bending / C-N torsion,delta(C6-C9-C8),angle,2.5871734502426853,-,-0.013534067890227833,1.507448504872666
13,356.36493571026864,,,mixed ring-site C-H out-of-plane bending / C-N torsion,tau(C6-C7-C8-H18),dihedral,2.380864730385317,-,-0.03867018828351588,0.1699244172304189
13,356.36493571026864,,,mixed ring-site C-H out-of-plane bending / C-N torsion,delta(C3-N4-O5),angle,2.375849910675004,-,-0.022774942542653873,0.48885274981676025
13,356.36493571026864,,,mixed ring-site C-H out-of-plane bending / C-N torsion,delta(C3-C6-C9),angle,1.1554770492583937,-,-0.019968885032540556,0.3092625491988139
13,356.36493571026864,,,mixed ring-site C-H out-of-plane bending / C-N torsion,nu(C6-C7),bond,1.043283513134955,-,-0.01966839719956341,0.2878313169969325
13,356.36493571026864,,,mixed ring-site C-H out-of-plane bending / C-N torsion,tau(C3-C6-C9-C8),dihedral,1.0220184757298871,+,0.02450204276764858,0.1816886511150176
13,356.36493571026864,,,mixed ring-site C-H out-of-plane bending / C-N torsion,delta(C3-C2-H12),angle,0.6646917894918593,-,-0.013483359144082933,0.39020942049172896
13,356.36493571026864,,,mixed ring-site C-H out-of-plane bending / C-N torsion,nu(C2-C3),bond,0.6182249922456595,-,-0.015705747003498777,0.2674871996149321
13,356.36493571026864,,,mixed ring-site C-H out-of-plane bending / C-N torsion,tau(H14-C6-C7-H16),dihedral,0.45941012351394084,+,0.015454644853139046,0.20528449235177543
13,356.36493571026864,,,mixed ring-site C-H out-of-plane bending / C-N torsion,delta(C6-C7-H15),angle,0.39727179104180693,+,0.013977504181857073,0.21702117349718755
13,356.36493571026864,,,mixed ring-site C-H out-of-plane bending / C-N torsion,tau(H10-O1-C2-H11),dihedral,0.3092190096507538,-,-0.033386619307974645,0.02960703626146141
13,356.36493571026864,,,mixed ring-site C-H out-of-plane bending / C-N torsion,delta(N4-O5-H13),angle,0.3062661808947931,+,0.012622930843229812,0.20514091020311076
13,356.36493571026864,,,mixed ring-site C-H out-of-plane bending / C-N torsion,nu(C6-C9),bond,0.23590233263792088,-,-0.009152395175939432,0.3005635759709016
13,356.36493571026864,,,mixed ring-site C-H out-of-plane bending / C-N torsion,nu(N4-O5),bond,0.23379862842036955,-,-0.009778954495515638,0.26093404664752
13,356.36493571026864,,,mixed ring-site C-H out-of-plane bending / C-N torsion,delta(C8-C7-H15),angle,0.173507851272371,+,0.009235543865067747,0.217103998270187
13,356.36493571026864,,,mixed ring-site C-H out-of-plane bending / C-N torsion,nu(O1-C2),bond,0.17060830472191255,-,-0.007343978626633163,0.33760665575380766
13,356.36493571026864,,,mixed ring-site C-H out-of-plane bending / C-N torsion,tau(O1-C2-C3-C6),dihedral,0.138211658988886,-,-0.016364317076787087,0.05508362958384606
13,356.36493571026864,,,mixed ring-site C-H out-of-plane bending / C-N torsion,delta(C2-C3-C6),angle,0.1376027614335499,+,0.005991413601227937,0.4091119718155291
13,356.36493571026864,,,mixed ring-site C-H out-of-plane bending / C-N torsion,delta(C2-C3-N4),angle,0.11330525325424753,-,-0.004457468040005196,0.6086213889266646
13,356.36493571026864,,,mixed ring-site C-H out-of-plane bending / C-N torsion,delta(C8-C9-H20),angle,0.07566225412569665,+,0.006347832788135911,0.20040195782920825
13,356.36493571026864,,,mixed ring-site C-H out-of-plane bending / C-N torsion,nu(C3-N4),bond,0.07543634691155783,-,-0.0034254288850849857,0.6861583910804996
13,356.36493571026864,,,mixed ring-site C-H out-of-plane bending / C-N torsion,tau(C2-C3-C6-C9),dihedral,0.073740632696696,-,-0.020152064978086835,0.019379447476020113
13,356.36493571026864,,,mixed ring-site C-H out-of-plane bending / C-N torsion,tau(H14-C6-C9-H19),dihedral,0.06650083619493301,-,-0.006163602623484409,0.18682349159156134
13,356.36493571026864,,,mixed ring-site C-H out-of-plane bending / C-N torsion,delta(O1-C2-H11),angle,0.06428099476183474,+,0.00433472317872978,0.3651182100925562
13,356.36493571026864,,,mixed ring-site C-H out-of-plane bending / C-N torsion,nu(C7-C8),bond,0.05802759014776569,-,-0.004593337681888965,0.2935292790201741
13,356.36493571026864,,,mixed ring-site C-H out-of-plane bending / C-N torsion,delta(O1-C2-H12),angle,0.012370256968745812,+,0.001739618614369164,0.4362588699976363
13,356.36493571026864,,,mixed ring-site C-H out-of-plane bending / C-N torsion,delta(C2-O1-H10),angle,0.009677944762115472,+,0.0022747840098484287,0.19960731200682177
13,356.36493571026864,,,mixed ring-site C-H out-of-plane bending / C-N torsion,delta(H11-C2-H12),angle,0.008198669942177555,+,0.0016283883450633576,0.32999022352814855
13,356.36493571026864,,,mixed ring-site C-H out-of-plane bending / C-N torsion,nu(C8-C9),bond,0.007202471643562935,-,-0.0015770761627923956,0.3090650261509001
13,356.36493571026864,,,mixed ring-site C-H out-of-plane bending / C-N torsion,nu(C2-H12),bond,0.005998539659532345,+,0.001416282444912976,0.3191680655609865
13,356.36493571026864,,,mixed ring-site C-H out-of-plane bending / C-N torsion,nu(O5-H13),bond,0.0058277599107481245,-,-0.0010877101911612433,0.5257132188054624
13,356.36493571026864,,,mixed ring-site C-H out-of-plane bending / C-N torsion,tau(H14-C6-C9-C8),dihedral,0.00420827904365856,+,0.001087897276140624,0.3794917959790914
13,356.36493571026864,,,mixed ring-site C-H out-of-plane bending / C-N torsion,nu(O1-H10),bond,0.0026936435102860165,-,-0.0007507841571455854,0.5100157173560682
13,356.36493571026864,,,mixed ring-site C-H out-of-plane bending / C-N torsion,nu(C6-H14),bond,0.0011153130663142104,-,-0.0006053217752706267,0.3248611945164227
13,356.36493571026864,,,mixed ring-site C-H out-of-plane bending / C-N torsion,nu(C9-H19),bond,0.0007589253096176236,-,-0.00048759808300124265,0.3406816157892765
13,356.36493571026864,,,mixed ring-site C-H out-of-plane bending / C-N torsion,nu(C7-H16),bond,0.0006921149158654866,+,0.00047001907624295933,0.3343650536129274
13,356.36493571026864,,,mixed ring-site C-H out-of-plane bending / C-N torsion,nu(C8-H17),bond,0.0006333618648216196,+,0.000449573891296593,0.33444398356763794
13,356.36493571026864,,,mixed ring-site C-H out-of-plane bending / C-N torsion,delta(O1-C2-C3),angle,0.0006060252072504586,-,-0.00036728613509111075,0.4794631797439876
13,356.36493571026864,,,mixed ring-site C-H out-of-plane bending / C-N torsion,nu(C9-H20),bond,0.0005297481903507467,-,-0.00040910601741914513,0.33780913365345233
13,356.36493571026864,,,mixed ring-site C-H out-of-plane bending / C-N torsion,nu(C7-H15),bond,0.00032945292397945256,-,-0.00032328760832524446,0.3364254876547383
13,356.36493571026864,,,mixed ring-site C-H out-of-plane bending / C-N torsion,nu(C2-H11),bond,0.00011000502279725364,+,0.00018577649703275557,0.3401767416555715
13,356.36493571026864,,,mixed ring-site C-H out-of-plane bending / C-N torsion,nu(C8-H18),bond,3.3828872289264625e-05,-,-0.00010348117823576417,0.33716185262197673
14,419.32038143575653,,,mixed N-O torsion / C-C-C bending,tau(C3-N4-O5-H13),dihedral,24.899210501894594,+,0.33272564302889335,0.018641899705102983
14,419.32038143575653,,,mixed N-O torsion / C-C-C bending,delta(C2-C3-C6),angle,13.749839421104221,-,-0.05277962340708189,0.4091119718155291
14,419.32038143575653,,,mixed N-O torsion / C-C-C bending,tau(C6-C3-N4-O5),dihedral,9.075860112026374,-,-0.06962380959515899,0.15518486550550248
14,419.32038143575653,,,mixed N-O torsion / C-C-C bending,delta(C3-C6-C9),angle,7.99949269205436,-,-0.046302679657769984,0.3092625491988139
14,419.32038143575653,,,mixed N-O torsion / C-C-C bending,tau(C3-C6-C9-C8),dihedral,7.1910065493234825,-,-0.05727558188111624,0.1816886511150176
14,419.32038143575653,,,mixed N-O torsion / C-C-C bending,nu(C6-C9),bond,4.50875871329087,-,-0.035261346384040666,0.3005635759709016
14,419.32038143575653,,,mixed N-O torsion / C-C-C bending,nu(C6-C7),bond,4.333037861409795,+,0.035323667466398055,0.2878313169969325
14,419.32038143575653,,,mixed N-O torsion / C-C-C bending,tau(H16-C7-C8-H17),dihedral,3.2288805148252955,+,0.03795964788104366,0.1857311553103021
14,419.32038143575653,,,mixed N-O torsion / C-C-C bending,delta(C6-C9-C8),angle,3.0707469073408262,+,0.012993894522815531,1.507448504872666
14,419.32038143575653,,,mixed N-O torsion / C-C-C bending,tau(C2-C3-N4-O5),dihedral,2.9833724687444683,-,-0.05067827101141055,0.096281098080716
14,419.32038143575653,,,mixed N-O torsion / C-C-C bending,nu(C2-C3),bond,1.915966835396493,-,-0.02436582158652022,0.2674871996149321
14,419.32038143575653,,,mixed N-O torsion / C-C-C bending,delta(C3-N4-O5),angle,1.9040157533552773,-,-0.01796738217808225,0.48885274981676025
14,419.32038143575653,,,mixed N-O torsion / C-C-C bending,tau(H14-C6-C7-H16),dihedral,1.8633943037218994,-,-0.02742918340845213,0.20528449235177543
14,419.32038143575653,,,mixed N-O torsion / C-C-C bending,tau(H14-C6-C9-C8),dihedral,1.6260909045973941,-,-0.018845591920465147,0.3794917959790914
14,419.32038143575653,,,mixed N-O torsion / C-C-C bending,tau(C9-C6-C7-H16),dihedral,1.5741060952316288,-,-0.018302088655946017,0.38950212149901003
14,419.32038143575653,,,mixed N-O torsion / C-C-C bending,tau(O1-C2-C3-C6),dihedral,1.418175946112482,+,0.04619472128086983,0.05508362958384606
14,419.32038143575653,,,mixed N-O torsion / C-C-C bending,tau(H10-O1-C2-H11),dihedral,1.0348378686672333,+,0.05382415950831689,0.02960703626146141
14,419.32038143575653,,,mixed N-O torsion / C-C-C bending,tau(H14-C6-C9-H19),dihedral,1.0058477954905058,-,-0.02112462266512528,0.18682349159156134
14,419.32038143575653,,,mixed N-O torsion / C-C-C bending,tau(C6-C7-C8-H17),dihedral,0.9696196389516581,+,0.014777056950798733,0.36804646047394296
14,419.32038143575653,,,mixed N-O torsion / C-C-C bending,delta(O1-C2-C3),angle,0.6288270788775647,+,0.010426212092503781,0.4794631797439876
14,419.32038143575653,,,mixed N-O torsion / C-C-C bending,delta(C2-C3-N4),angle,0.5654908292579461,+,0.008775618720278643,0.6086213889266646
14,419.32038143575653,,,mixed N-O torsion / C-C-C bending,delta(C6-C7-H15),angle,0.48125747515586476,-,-0.01355739528126185,0.21702117349718755
14,419.32038143575653,,,mixed N-O torsion / C-C-C bending,nu(C7-C8),bond,0.3805329833846709,+,0.01036594755554857,0.2935292790201741
14,419.32038143575653,,,mixed N-O torsion / C-C-C bending,tau(C7-C8-C9-H20),dihedral,0.3447359867654707,+,0.009335055331960778,0.32789135382743356
14,419.32038143575653,,,mixed N-O torsion / C-C-C bending,delta(C8-C7-H15),angle,0.3305690307798643,-,-0.011234034146271806,0.217103998270187
14,419.32038143575653,,,mixed N-O torsion / C-C-C bending,tau(C6-C7-C8-H18),dihedral,0.3281095274538838,+,0.01265086130044376,0.1699244172304189
14,419.32038143575653,,,mixed N-O torsion / C-C-C bending,nu(C8-C9),bond,0.30271243738671605,-,-0.00901008253321033,0.3090650261509001
14,419.32038143575653,,,mixed N-O torsion / C-C-C bending,delta(C2-O1-H10),angle,0.27534771364088545,+,0.010692791101972628,0.19960731200682177
14,419.32038143575653,,,mixed N-O torsion / C-C-C bending,nu(C3-N4),bond,0.2698353328299458,+,0.005709206967152092,0.6861583910804996
14,419.32038143575653,,,mixed N-O torsion / C-C-C bending,tau(H18-C8-C9-H20),dihedral,0.20647740809293694,+,0.010044020619504119,0.1696424301144722
14,419.32038143575653,,,mixed N-O torsion / C-C-C bending,nu(N4-O5),bond,0.17702394696499477,+,0.007498755669173475,0.26093404664752
14,419.32038143575653,,,mixed N-O torsion / C-C-C bending,delta(O1-C2-H12),angle,0.15235912641110053,+,0.005380227873091603,0.4362588699976363
14,419.32038143575653,,,mixed N-O torsion / C-C-C bending,delta(O1-C2-H11),angle,0.1464089600998455,-,-0.0057650841298555015,0.3651182100925562
14,419.32038143575653,,,mixed N-O torsion / C-C-C bending,tau(C7-C8-C9-C6),dihedral,0.1457011340648898,-,-0.0032716187492106987,1.1282742892792177
14,419.32038143575653,,,mixed N-O torsion / C-C-C bending,delta(C8-C9-H20),angle,0.14248990950676757,+,0.007676789698396276,0.20040195782920825
14,419.32038143575653,,,mixed N-O torsion / C-C-C bending,nu(C3-C6),bond,0.14235046335064738,-,-0.006352304403192169,0.29239734091777053
14,419.32038143575653,,,mixed N-O torsion / C-C-C bending,tau(C7-C8-C9-H19),dihedral,0.13910704145470945,+,0.005605932944405586,0.3668854199820777
14,419.32038143575653,,,mixed N-O torsion / C-C-C bending,nu(O1-C2),bond,0.13772813263594189,-,-0.005814928751718209,0.33760665575380766
14,419.32038143575653,,,mixed N-O torsion / C-C-C bending,delta(C3-C2-H12),angle,0.1240125693229944,+,0.005132424221954477,0.39020942049172896
14,419.32038143575653,,,mixed N-O torsion / C-C-C bending,delta(N4-O5-H13),angle,0.09209957860166096,+,0.006100160344080112,0.20514091020311076
14,419.32038143575653,,,mixed N-O torsion / C-C-C bending,tau(C2-C3-C6-C9),dihedral,0.06005743407479279,+,0.01602696392662566,0.019379447476020113
14,419.32038143575653,,,mixed N-O torsion / C-C-C bending,tau(H17-C8-C9-H19),dihedral,0.03658871381885346,+,0.004034222351550583,0.18633936756269648
14,419.32038143575653,,,mixed N-O torsion / C-C-C bending,delta(H11-C2-H12),angle,0.019310419639064814,-,-0.0022023375687950813,0.32999022352814855
14,419.32038143575653,,,mixed N-O torsion / C-C-C bending,nu(O1-H10),bond,0.011215081288349062,-,-0.0013500442423725557,0.5100157173560682
14,419.32038143575653,,,mixed N-O torsion / C-C-C bending,nu(C7-H16),bond,0.0030602026860897112,-,-0.0008709700554715577,0.3343650536129274
14,419.32038143575653,,,mixed N-O torsion / C-C-C bending,nu(C2-H12),bond,0.0015314749741578509,+,0.0006306433269776368,0.3191680655609865
14,419.32038143575653,,,mixed N-O torsion / C-C-C bending,nu(C9-H19),bond,0.0014143033032386779,+,0.0005865911371175066,0.3406816157892765
14,419.32038143575653,,,mixed N-O torsion / C-C-C bending,nu(O5-H13),bond,0.0006996363780364749,-,-0.0003321240391365948,0.5257132188054624
14,419.32038143575653,,,mixed N-O torsion / C-C-C bending,nu(C7-H15),bond,0.00040147974081798437,-,-0.00031450383133747867,0.3364254876547383
14,419.32038143575653,,,mixed N-O torsion / C-C-C bending,nu(C8-H17),bond,8.796930846196403e-05,-,-0.00014765306391285792,0.33444398356763794
14,419.32038143575653,,,mixed N-O torsion / C-C-C bending,nu(C9-H20),bond,7.631432895061058e-05,-,-0.00013683774830492327,0.33780913365345233
14,419.32038143575653,,,mixed N-O torsion / C-C-C bending,nu(C6-H14),bond,5.931603751787536e-05,+,0.00012301999792609672,0.3248611945164227
14,419.32038143575653,,,mixed N-O torsion / C-C-C bending,nu(C2-H11),bond,5.86852395898255e-05,+,0.0001195778390212624,0.3401767416555715
14,419.32038143575653,,,mixed N-O torsion / C-C-C bending,nu(C8-H18),bond,1.4196039183100216e-06,-,-1.868112158985656e-05,0.33716185262197673
15,432.8650508635551,,,mixed N-O torsion / O-C-C bending / C-N-O bending,tau(C3-N4-O5-H13),dihedral,28.339446598720343,-,-0.36744681718124306,0.018641899705102983
15,432.8650508635551,,,mixed N-O torsion / O-C-C bending / C-N-O bending,delta(O1-C2-C3),angle,19.053410540693687,+,0.05940905206378686,0.4794631797439876
15,432.8650508635551,,,mixed N-O torsion / O-C-C bending / C-N-O bending,delta(C3-N4-O5),angle,18.959720357036627,-,-0.05869090730277721,0.48885274981676025
15,432.8650508635551,,,mixed N-O torsion / O-C-C bending / C-N-O bending,delta(C3-C6-C9),angle,8.516155414917904,-,-0.04945406716626949,0.3092625491988139
15,432.8650508635551,,,mixed N-O torsion / O-C-C bending / C-N-O bending,delta(C2-C3-C6),angle,4.556367484365121,-,-0.03145083415858765,0.4091119718155291
15,432.8650508635551,,,mixed N-O torsion / O-C-C bending / C-N-O bending,nu(C6-C9),bond,3.1102218325206716,-,-0.030315965142931535,0.3005635759709016
15,432.8650508635551,,,mixed N-O torsion / O-C-C bending / C-N-O bending,nu(C3-C6),bond,3.108741429200539,-,-0.030729074607358263,0.29239734091777053
15,432.8650508635551,,,mixed N-O torsion / O-C-C bending / C-N-O bending,tau(C2-C3-N4-O5),dihedral,2.5289634819507323,+,0.04829972438636218,0.096281098080716
15,432.8650508635551,,,mixed N-O torsion / O-C-C bending / C-N-O bending,delta(C3-C2-H12),angle,1.8945973537427245,-,-0.020766030091078788,0.39020942049172896
15,432.8650508635551,,,mixed N-O torsion / O-C-C bending / C-N-O bending,tau(C3-C6-C9-C8),dihedral,1.7686069729629816,-,-0.0294032716948888,0.1816886511150176
15,432.8650508635551,,,mixed N-O torsion / O-C-C bending / C-N-O bending,tau(C7-C8-C9-H19),dihedral,1.236565641449977,+,0.017301639223722975,0.3668854199820777
15,432.8650508635551,,,mixed N-O torsion / O-C-C bending / C-N-O bending,tau(H14-C6-C7-H16),dihedral,1.1967248432073774,-,-0.022754273436837183,0.20528449235177543
15,432.8650508635551,,,mixed N-O torsion / O-C-C bending / C-N-O bending,tau(H17-C8-C9-H19),dihedral,1.1017673984953824,+,0.022915880080497542,0.18633936756269648
15,432.8650508635551,,,mixed N-O torsion / O-C-C bending / C-N-O bending,tau(H18-C8-C9-H20),dihedral,0.8686682640242535,+,0.021325716225812096,0.1696424301144722
15,432.8650508635551,,,mixed N-O torsion / O-C-C bending / C-N-O bending,tau(C7-C8-C9-H20),dihedral,0.6505390871727811,+,0.013274421583620806,0.32789135382743356
15,432.8650508635551,,,mixed N-O torsion / O-C-C bending / C-N-O bending,delta(N4-O5-H13),angle,0.3671245442879986,+,0.012607368934481408,0.20514091020311076
15,432.8650508635551,,,mixed N-O torsion / O-C-C bending / C-N-O bending,delta(O1-C2-H11),angle,0.33538340753365653,-,-0.009032291192594298,0.3651182100925562
15,432.8650508635551,,,mixed N-O torsion / O-C-C bending / C-N-O bending,nu(C2-C3),bond,0.3243122523766194,-,-0.010377053767809202,0.2674871996149321
15,432.8650508635551,,,mixed N-O torsion / O-C-C bending / C-N-O bending,tau(C7-C8-C9-C6),dihedral,0.31503686166725936,+,0.004979861119969327,1.1282742892792177
15,432.8650508635551,,,mixed N-O torsion / O-C-C bending / C-N-O bending,nu(C6-C7),bond,0.2707694648423569,+,0.0091406001557189,0.2878313169969325
15,432.8650508635551,,,mixed N-O torsion / O-C-C bending / C-N-O bending,delta(O1-C2-H12),angle,0.23384691104844166,-,-0.006899817034680783,0.4362588699976363
15,432.8650508635551,,,mixed N-O torsion / O-C-C bending / C-N-O bending,nu(C8-C9),bond,0.20572577250744997,-,-0.007688884023259432,0.3090650261509001
15,432.8650508635551,,,mixed N-O torsion / O-C-C bending / C-N-O bending,delta(C2-O1-H10),angle,0.19746505880385234,-,-0.009373478705371821,0.19960731200682177
15,432.8650508635551,,,mixed N-O torsion / O-C-C bending / C-N-O bending,delta(C8-C9-H20),angle,0.12524070753281188,+,0.007450161153049382,0.20040195782920825
15,432.8650508635551,,,mixed N-O torsion / O-C-C bending / C-N-O bending,delta(H11-C2-H12),angle,0.11928830463557145,-,-0.005666205055378082,0.32999022352814855
15,432.8650508635551,,,mixed N-O torsion / O-C-C bending / C-N-O bending,tau(H14-C6-C9-H19),dihedral,0.09800181101486352,-,-0.006825668609813438,0.18682349159156134
15,432.8650508635551,,,mixed N-O torsion / O-C-C bending / C-N-O bending,tau(C6-C7-C8-H18),dihedral,0.09296202585461202,-,-0.006970577914361329,0.1699244172304189
15,432.8650508635551,,,mixed N-O torsion / O-C-C bending / C-N-O bending,tau(C2-C3-C6-C9),dihedral,0.09025608538705195,+,0.02033814981083897,0.019379447476020113
15,432.8650508635551,,,mixed N-O torsion / O-C-C bending / C-N-O bending,nu(C7-C8),bond,0.08661867139481248,+,0.00511945742800624,0.2935292790201741
15,432.8650508635551,,,mixed N-O torsion / O-C-C bending / C-N-O bending,tau(C6-C7-C8-H17),dihedral,0.08410314719267326,-,-0.004505040420145729,0.36804646047394296
15,432.8650508635551,,,mixed N-O torsion / O-C-C bending / C-N-O bending,tau(O1-C2-C3-C6),dihedral,0.04380076077909696,+,0.00840375617059154,0.05508362958384606
15,432.8650508635551,,,mixed N-O torsion / O-C-C bending / C-N-O bending,tau(H14-C6-C9-C8),dihedral,0.03413224938091433,-,-0.0028263448490668122,0.3794917959790914
15,432.8650508635551,,,mixed N-O torsion / O-C-C bending / C-N-O bending,delta(C8-C7-H15),angle,0.03209836055921591,-,-0.0036236930708948892,0.217103998270187
15,432.8650508635551,,,mixed N-O torsion / O-C-C bending / C-N-O bending,delta(C6-C7-H15),angle,0.02961500996976574,-,-0.0034813587459888214,0.21702117349718755
15,432.8650508635551,,,mixed N-O torsion / O-C-C bending / C-N-O bending,tau(C9-C6-C7-H16),dihedral,0.006189779803751583,-,-0.0011880277276815662,0.38950212149901003
15,432.8650508635551,,,mixed N-O torsion / O-C-C bending / C-N-O bending,delta(C2-C3-N4),angle,0.0039430170004270265,-,-0.0007585506942556808,0.6086213889266646
15,432.8650508635551,,,mixed N-O torsion / O-C-C bending / C-N-O bending,tau(H10-O1-C2-H11),dihedral,0.0034067274964268324,-,-0.003196797455782065,0.02960703626146141
15,432.8650508635551,,,mixed N-O torsion / O-C-C bending / C-N-O bending,nu(C3-N4),bond,0.002728471543703905,+,0.0005942804120327825,0.6861583910804996
15,432.8650508635551,,,mixed N-O torsion / O-C-C bending / C-N-O bending,nu(C7-H16),bond,0.0017438828855467258,-,-0.0006806002562686873,0.3343650536129274
15,432.8650508635551,,,mixed N-O torsion / O-C-C bending / C-N-O bending,nu(C2-H12),bond,0.001023057490986524,+,0.000533561143870254,0.3191680655609865
15,432.8650508635551,,,mixed N-O torsion / O-C-C bending / C-N-O bending,nu(C7-H15),bond,0.0010178985098040385,-,-0.0005183841149165392,0.3364254876547383
15,432.8650508635551,,,mixed N-O torsion / O-C-C bending / C-N-O bending,nu(O1-C2),bond,0.0008156528214644048,-,-0.00046322401044469343,0.33760665575380766
15,432.8650508635551,,,mixed N-O torsion / O-C-C bending / C-N-O bending,nu(C2-H11),bond,0.0006497496677236018,-,-0.00041187422556133383,0.3401767416555715
15,432.8650508635551,,,mixed N-O torsion / O-C-C bending / C-N-O bending,nu(O1-H10),bond,0.0005673660975289946,-,-0.00031432852992876076,0.5100157173560682
15,432.8650508635551,,,mixed N-O torsion / O-C-C bending / C-N-O bending,tau(C6-C3-N4-O5),dihedral,0.00037740615002794606,-,-0.00046475459808066014,0.15518486550550248
15,432.8650508635551,,,mixed N-O torsion / O-C-C bending / C-N-O bending,tau(H16-C7-C8-H17),dihedral,0.0003695446642385434,+,0.0004203731593260974,0.1857311553103021
15,432.8650508635551,,,mixed N-O torsion / O-C-C bending / C-N-O bending,nu(O5-H13),bond,0.0003481055099155998,+,0.0002425073416279905,0.5257132188054624
15,432.8650508635551,,,mixed N-O torsion / O-C-C bending / C-N-O bending,nu(C8-H18),bond,0.00015515761894968464,-,-0.0002021674476502018,0.33716185262197673
15,432.8650508635551,,,mixed N-O torsion / O-C-C bending / C-N-O bending,nu(N4-O5),bond,0.0001496060754156596,-,-0.00022565924523425623,0.26093404664752
15,432.8650508635551,,,mixed N-O torsion / O-C-C bending / C-N-O bending,nu(C6-H14),bond,0.0001123788662519975,-,-0.0001752819901410102,0.3248611945164227
15,432.8650508635551,,,mixed N-O torsion / O-C-C bending / C-N-O bending,nu(C8-H17),bond,6.736737508170581e-05,+,0.00013375407116769493,0.33444398356763794
15,432.8650508635551,,,mixed N-O torsion / O-C-C bending / C-N-O bending,nu(C9-H20),bond,3.6571166993731546e-05,-,-9.80567751812318e-05,0.33780913365345233
15,432.8650508635551,,,mixed N-O torsion / O-C-C bending / C-N-O bending,nu(C9-H19),bond,1.994409437993774e-05,-,-7.210687958930076e-05,0.3406816157892765
15,432.8650508635551,,,mixed N-O torsion / O-C-C bending / C-N-O bending,delta(C6-C9-C8),angle,2.0793124480807766e-07,-,-3.5001167012545623e-06,1.507448504872666
16,519.4082122080168,,,mixed C-O torsion / ring-site C-H out-of-plane bending,tau(H10-O1-C2-H11),dihedral,60.10688576479663,-,-0.5010482846560633,0.02960703626146141
16,519.4082122080168,,,mixed C-O torsion / ring-site C-H out-of-plane bending,tau(C7-C8-C9-H20),dihedral,5.491187907462184,+,0.04550751324927847,0.32789135382743356
16,519.4082122080168,,,mixed C-O torsion / ring-site C-H out-of-plane bending,tau(C7-C8-C9-H19),dihedral,4.052473356956092,+,0.036958113207979156,0.3668854199820777
16,519.4082122080168,,,mixed C-O torsion / ring-site C-H out-of-plane bending,delta(C6-C9-C8),angle,3.1372457268465617,+,0.016042348974754768,1.507448504872666
16,519.4082122080168,,,mixed C-O torsion / ring-site C-H out-of-plane bending,tau(C2-C3-N4-O5),dihedral,3.1163109981192956,+,0.06326518943172064,0.096281098080716
16,519.4082122080168,,,mixed C-O torsion / ring-site C-H out-of-plane bending,delta(C3-N4-O5),angle,2.336434409601863,+,0.02431099307007054,0.48885274981676025
16,519.4082122080168,,,mixed C-O torsion / ring-site C-H out-of-plane bending,tau(H18-C8-C9-H20),dihedral,2.148171519959321,+,0.03957146862593541,0.1696424301144722
16,519.4082122080168,,,mixed C-O torsion / ring-site C-H out-of-plane bending,tau(H17-C8-C9-H19),dihedral,2.0486512558256753,+,0.03687199553156278,0.18633936756269648
16,519.4082122080168,,,mixed C-O torsion / ring-site C-H out-of-plane bending,tau(C7-C8-C9-C6),dihedral,2.041832189633926,+,0.014959518362695715,1.1282742892792177
16,519.4082122080168,,,mixed C-O torsion / ring-site C-H out-of-plane bending,nu(N4-O5),bond,1.8600995296569127,+,0.029690509523404802,0.26093404664752
16,519.4082122080168,,,mixed C-O torsion / ring-site C-H out-of-plane bending,delta(C2-C3-C6),angle,1.7028026156944558,-,-0.02268694373863585,0.4091119718155291
16,519.4082122080168,,,mixed C-O torsion / ring-site C-H out-of-plane bending,nu(C6-C7),bond,1.3644673441421151,+,0.024211822678280096,0.2878313169969325
16,519.4082122080168,,,mixed C-O torsion / ring-site C-H out-of-plane bending,delta(C3-C2-H12),angle,1.1902051119230663,-,-0.0194212404214836,0.39020942049172896
16,519.4082122080168,,,mixed C-O torsion / ring-site C-H out-of-plane bending,tau(H14-C6-C9-H19),dihedral,1.1500489312218678,-,-0.027590358974065417,0.18682349159156134
16,519.4082122080168,,,mixed C-O torsion / ring-site C-H out-of-plane bending,nu(C3-C6),bond,1.1324932439487623,+,0.021884973972869017,0.29239734091777053
16,519.4082122080168,,,mixed C-O torsion / ring-site C-H out-of-plane bending,delta(C3-C6-C9),angle,1.1135556093929542,-,-0.02110120337277474,0.3092625491988139
16,519.4082122080168,,,mixed C-O torsion / ring-site C-H out-of-plane bending,tau(C9-C6-C7-H16),dihedral,0.9156754361789102,+,0.017050252000465983,0.38950212149901003
16,519.4082122080168,,,mixed C-O torsion / ring-site C-H out-of-plane bending,tau(O1-C2-C3-C6),dihedral,0.7682085896493124,+,0.041528212559872435,0.05508362958384606
16,519.4082122080168,,,mixed C-O torsion / ring-site C-H out-of-plane bending,tau(H14-C6-C9-C8),dihedral,0.574736266238803,-,-0.013685102018055157,0.3794917959790914
16,519.4082122080168,,,mixed C-O torsion / ring-site C-H out-of-plane bending,nu(C2-C3),bond,0.49876941998066393,-,-0.015184949125276086,0.2674871996149321
16,519.4082122080168,,,mixed C-O torsion / ring-site C-H out-of-plane bending,nu(C3-N4),bond,0.4862272046995336,+,0.009361002725265645,0.6861583910804996
16,519.4082122080168,,,mixed C-O torsion / ring-site C-H out-of-plane bending,tau(C3-N4-O5-H13),dihedral,0.41742396254501996,-,-0.052620932332777225,0.018641899705102983
16,519.4082122080168,,,mixed C-O torsion / ring-site C-H out-of-plane bending,tau(H16-C7-C8-H17),dihedral,0.4119326637073301,-,-0.016560966128495957,0.1857311553103021
16,519.4082122080168,,,mixed C-O torsion / ring-site C-H out-of-plane bending,delta(N4-O5-H13),angle,0.28864210489611714,-,-0.013190724090590593,0.20514091020311076
16,519.4082122080168,,,mixed C-O torsion / ring-site C-H out-of-plane bending,tau(C6-C7-C8-H17),dihedral,0.24946226212145603,-,-0.009155162122072546,0.36804646047394296
16,519.4082122080168,,,mixed C-O torsion / ring-site C-H out-of-plane bending,nu(C6-C9),bond,0.23576453820613005,-,-0.009848860830207985,0.3005635759709016
16,519.4082122080168,,,mixed C-O torsion / ring-site C-H out-of-plane bending,delta(C8-C9-H20),angle,0.20804412379436585,+,0.011330307085933163,0.20040195782920825
16,519.4082122080168,,,mixed C-O torsion / ring-site C-H out-of-plane bending,tau(C2-C3-C6-C9),dihedral,0.16853784757241608,-,-0.03279389185218953,0.019379447476020113
16,519.4082122080168,,,mixed C-O torsion / ring-site C-H out-of-plane bending,tau(C6-C3-N4-O5),dihedral,0.1463565429019288,-,-0.010799317834369538,0.15518486550550248
16,519.4082122080168,,,mixed C-O torsion / ring-site C-H out-of-plane bending,delta(O1-C2-H11),angle,0.13992742730300176,+,0.0068841386986648375,0.3651182100925562
16,519.4082122080168,,,mixed C-O torsion / ring-site C-H out-of-plane bending,nu(C8-C9),bond,0.08694519062361268,-,-0.005898108866271838,0.3090650261509001
16,519.4082122080168,,,mixed C-O torsion / ring-site C-H out-of-plane bending,tau(C3-C6-C9-C8),dihedral,0.08617352057372349,-,-0.007658398338648497,0.1816886511150176
16,519.4082122080168,,,mixed C-O torsion / ring-site C-H out-of-plane bending,nu(O1-C2),bond,0.06089923320343658,-,-0.004722971730938399,0.33760665575380766
16,519.4082122080168,,,mixed C-O torsion / ring-site C-H out-of-plane bending,delta(C6-C7-H15),angle,0.05814537829614606,+,0.005756009212825896,0.21702117349718755
16,519.4082122080168,,,mixed C-O torsion / ring-site C-H out-of-plane bending,delta(C2-C3-N4),angle,0.0510931552381687,-,-0.0032219788861414323,0.6086213889266646
16,519.4082122080168,,,mixed C-O torsion / ring-site C-H out-of-plane bending,nu(C2-H12),bond,0.04033559754669387,+,0.003953206181547639,0.3191680655609865
16,519.4082122080168,,,mixed C-O torsion / ring-site C-H out-of-plane bending,nu(O1-H10),bond,0.03677372298116878,+,0.0029860147863136786,0.5100157173560682
16,519.4082122080168,,,mixed C-O torsion / ring-site C-H out-of-plane bending,delta(H11-C2-H12),angle,0.020678297183549323,+,0.0027836958598786727,0.32999022352814855
16,519.4082122080168,,,mixed C-O torsion / ring-site C-H out-of-plane bending,delta(C8-C7-H15),angle,0.012755981052899134,+,0.0026954914329144018,0.217103998270187
16,519.4082122080168,,,mixed C-O torsion / ring-site C-H out-of-plane bending,tau(C6-C7-C8-H18),dihedral,0.010571037772255784,-,-0.002773612920019501,0.1699244172304189
16,519.4082122080168,,,mixed C-O torsion / ring-site C-H out-of-plane bending,delta(O1-C2-H12),angle,0.009977063281731067,-,-0.0016816831097287528,0.4362588699976363
16,519.4082122080168,,,mixed C-O torsion / ring-site C-H out-of-plane bending,nu(O5-H13),bond,0.007973464836470155,+,0.0013695062763698668,0.5257132188054624
16,519.4082122080168,,,mixed C-O torsion / ring-site C-H out-of-plane bending,nu(C7-C8),bond,0.007145709313816244,+,0.0017350495924031133,0.2935292790201741
16,519.4082122080168,,,mixed C-O torsion / ring-site C-H out-of-plane bending,delta(C2-O1-H10),angle,0.002774368873146508,-,-0.0013110184767242922,0.19960731200682177
16,519.4082122080168,,,mixed C-O torsion / ring-site C-H out-of-plane bending,tau(H14-C6-C7-H16),dihedral,0.0021717170777585866,+,0.0011437694323216943,0.20528449235177543
16,519.4082122080168,,,mixed C-O torsion / ring-site C-H out-of-plane bending,nu(C6-H14),bond,0.0010358330139741002,-,-0.0006279295046801945,0.3248611945164227
16,519.4082122080168,,,mixed C-O torsion / ring-site C-H out-of-plane bending,nu(C9-H19),bond,0.0009963707663863505,+,0.0006013828974379686,0.3406816157892765
16,519.4082122080168,,,mixed C-O torsion / ring-site C-H out-of-plane bending,nu(C7-H16),bond,0.00044470115670697843,-,-0.0004055446002222651,0.3343650536129274
16,519.4082122080168,,,mixed C-O torsion / ring-site C-H out-of-plane bending,delta(O1-C2-C3),angle,0.00031067369259044184,+,0.0002830671960583246,0.4794631797439876
16,519.4082122080168,,,mixed C-O torsion / ring-site C-H out-of-plane bending,nu(C7-H15),bond,0.00020661330935433525,-,-0.0002755812308890996,0.3364254876547383
16,519.4082122080168,,,mixed C-O torsion / ring-site C-H out-of-plane bending,nu(C8-H18),bond,9.39773734912484e-06,+,5.870936319234934e-05,0.33716185262197673
16,519.4082122080168,,,mixed C-O torsion / ring-site C-H out-of-plane bending,nu(C8-H17),bond,8.544630123424318e-06,+,5.620822540376116e-05,0.33444398356763794
16,519.4082122080168,,,mixed C-O torsion / ring-site C-H out-of-plane bending,nu(C9-H20),bond,5.093828558714256e-07,-,-1.3655304911406406e-05,0.33780913365345233
16,519.4082122080168,,,mixed C-O torsion / ring-site C-H out-of-plane bending,nu(C2-H11),bond,1.3479405495296469e-08,+,2.2135941303435184e-06,0.3401767416555715
17,530.1624640338458,,,mixed ring-site C-H out-of-plane bending / C-O torsion,tau(C7-C8-C9-H20),dihedral,15.624827667260794,-,-0.11476638698789676,0.32789135382743356
17,530.1624640338458,,,mixed ring-site C-H out-of-plane bending / C-O torsion,tau(C7-C8-C9-H19),dihedral,12.399032100330889,-,-0.0966497510323763,0.3668854199820777
17,530.1624640338458,,,mixed ring-site C-H out-of-plane bending / C-O torsion,tau(H10-O1-C2-H11),dihedral,9.278056861998085,-,-0.2943087141019623,0.02960703626146141
17,530.1624640338458,,,mixed ring-site C-H out-of-plane bending / C-O torsion,tau(H17-C8-C9-H19),dihedral,6.640628778412049,-,-0.0992485949172157,0.18633936756269648
17,530.1624640338458,,,mixed ring-site C-H out-of-plane bending / C-O torsion,tau(C7-C8-C9-C6),dihedral,6.23830356114963,-,-0.039092908252719154,1.1282742892792177
17,530.1624640338458,,,mixed ring-site C-H out-of-plane bending / C-O torsion,tau(H18-C8-C9-H20),dihedral,6.112220702528066,-,-0.09979398039766187,0.1696424301144722
17,530.1624640338458,,,mixed ring-site C-H out-of-plane bending / C-O torsion,delta(C6-C9-C8),angle,5.8391617697798575,-,-0.03272096362084501,1.507448504872666
17,530.1624640338458,,,mixed ring-site C-H out-of-plane bending / C-O torsion,tau(C9-C6-C7-H16),dihedral,5.408074452167497,-,-0.061949597819206566,0.38950212149901003
17,530.1624640338458,,,mixed ring-site C-H out-of-plane bending / C-O torsion,tau(H16-C7-C8-H17),dihedral,4.408030523234148,+,0.08099384013683605,0.1857311553103021
17,530.1624640338458,,,mixed ring-site C-H out-of-plane bending / C-O torsion,delta(C3-N4-O5),angle,4.058496716911427,-,-0.0479033231497388,0.48885274981676025
17,530.1624640338458,,,mixed ring-site C-H out-of-plane bending / C-O torsion,tau(C2-C3-N4-O5),dihedral,3.929430549331714,-,-0.1062102339169097,0.096281098080716
17,530.1624640338458,,,mixed ring-site C-H out-of-plane bending / C-O torsion,delta(C3-C6-C9),angle,2.4921973128989667,+,0.047195394439769604,0.3092625491988139
17,530.1624640338458,,,mixed ring-site C-H out-of-plane bending / C-O torsion,nu(C3-C6),bond,2.449494749893483,-,-0.0481197786747794,0.29239734091777053
17,530.1624640338458,,,mixed ring-site C-H out-of-plane bending / C-O torsion,delta(C2-C3-N4),angle,1.8658379342697478,+,0.029109545716789326,0.6086213889266646
17,530.1624640338458,,,mixed ring-site C-H out-of-plane bending / C-O torsion,tau(C6-C7-C8-H17),dihedral,1.7417155507888789,+,0.03616674016661847,0.36804646047394296
17,530.1624640338458,,,mixed ring-site C-H out-of-plane bending / C-O torsion,tau(C6-C3-N4-O5),dihedral,1.1438926239630671,-,-0.04513776194825902,0.15518486550550248
17,530.1624640338458,,,mixed ring-site C-H out-of-plane bending / C-O torsion,nu(N4-O5),bond,1.0938035714330216,-,-0.03403896668922936,0.26093404664752
17,530.1624640338458,,,mixed ring-site C-H out-of-plane bending / C-O torsion,tau(C3-C6-C9-C8),dihedral,1.018362488150148,-,-0.03936038796401052,0.1816886511150176
17,530.1624640338458,,,mixed ring-site C-H out-of-plane bending / C-O torsion,delta(C6-C7-H15),angle,0.9331556735671668,-,-0.03447450751401303,0.21702117349718755
17,530.1624640338458,,,mixed ring-site C-H out-of-plane bending / C-O torsion,tau(H14-C6-C9-H19),dihedral,0.917172789629885,+,0.03683680140510194,0.18682349159156134
17,530.1624640338458,,,mixed ring-site C-H out-of-plane bending / C-O torsion,tau(C3-N4-O5-H13),dihedral,0.8335901047109784,+,0.1111740087361551,0.018641899705102983
17,530.1624640338458,,,mixed ring-site C-H out-of-plane bending / C-O torsion,nu(C6-C7),bond,0.8182386079351244,-,-0.02803128683353295,0.2878313169969325
17,530.1624640338458,,,mixed ring-site C-H out-of-plane bending / C-O torsion,delta(O1-C2-C3),angle,0.8081562766374838,+,0.021584506252840713,0.4794631797439876
17,530.1624640338458,,,mixed ring-site C-H out-of-plane bending / C-O torsion,nu(C2-C3),bond,0.6395533957386605,+,0.02570744862993462,0.2674871996149321
17,530.1624640338458,,,mixed ring-site C-H out-of-plane bending / C-O torsion,delta(C2-C3-C6),angle,0.507246352104096,+,0.018512302834547002,0.4091119718155291
17,530.1624640338458,,,mixed ring-site C-H out-of-plane bending / C-O torsion,delta(C8-C9-H20),angle,0.4971522396701459,-,-0.026185796842811374,0.20040195782920825
17,530.1624640338458,,,mixed ring-site C-H out-of-plane bending / C-O torsion,delta(N4-O5-H13),angle,0.48470317890536496,+,0.025555469787608222,0.20514091020311076
17,530.1624640338458,,,mixed ring-site C-H out-of-plane bending / C-O torsion,tau(C2-C3-C6-C9),dihedral,0.3196906190476906,+,0.0675252693124635,0.019379447476020113
17,530.1624640338458,,,mixed ring-site C-H out-of-plane bending / C-O torsion,delta(C8-C7-H15),angle,0.26375870995964923,-,-0.018324898096971125,0.217103998270187
17,530.1624640338458,,,mixed ring-site C-H out-of-plane bending / C-O torsion,tau(H14-C6-C7-H16),dihedral,0.2192080125588655,-,-0.017179962630978745,0.20528449235177543
17,530.1624640338458,,,mixed ring-site C-H out-of-plane bending / C-O torsion,tau(C6-C7-C8-H18),dihedral,0.1952034889060786,+,0.017819190357632863,0.1699244172304189
17,530.1624640338458,,,mixed ring-site C-H out-of-plane bending / C-O torsion,nu(C3-N4),bond,0.16219410775605017,-,-0.008083090126113,0.6861583910804996
17,530.1624640338458,,,mixed ring-site C-H out-of-plane bending / C-O torsion,nu(O1-C2),bond,0.14673099695315708,+,0.010960427868145665,0.33760665575380766
17,530.1624640338458,,,mixed ring-site C-H out-of-plane bending / C-O torsion,delta(O1-C2-H11),angle,0.10559899062052903,-,-0.00894098179702477,0.3651182100925562
17,530.1624640338458,,,mixed ring-site C-H out-of-plane bending / C-O torsion,nu(C8-C9),bond,0.1038525765199406,+,0.009637308920558184,0.3090650261509001
17,530.1624640338458,,,mixed ring-site C-H out-of-plane bending / C-O torsion,delta(C3-C2-H12),angle,0.10349894704620725,+,0.008562314284809887,0.39020942049172896
17,530.1624640338458,,,mixed ring-site C-H out-of-plane bending / C-O torsion,tau(O1-C2-C3-C6),dihedral,0.08541245366028505,+,0.0207024335125176,0.05508362958384606
17,530.1624640338458,,,mixed ring-site C-H out-of-plane bending / C-O torsion,delta(O1-C2-H12),angle,0.04911259469118329,-,-0.005578229506645631,0.4362588699976363
17,530.1624640338458,,,mixed ring-site C-H out-of-plane bending / C-O torsion,nu(C7-C8),bond,0.021058548399281823,+,0.004453080804204065,0.2935292790201741
17,530.1624640338458,,,mixed ring-site C-H out-of-plane bending / C-O torsion,tau(H14-C6-C9-C8),dihedral,0.017162167761150357,+,0.0035355497256512017,0.3794917959790914
17,530.1624640338458,,,mixed ring-site C-H out-of-plane bending / C-O torsion,nu(C6-C9),bond,0.015710901819181076,+,0.0038010576526334187,0.3005635759709016
17,530.1624640338458,,,mixed ring-site C-H out-of-plane bending / C-O torsion,nu(O1-H10),bond,0.0035950490359901266,+,0.001395830562600163,0.5100157173560682
17,530.1624640338458,,,mixed ring-site C-H out-of-plane bending / C-O torsion,nu(C6-H14),bond,0.002535648987629341,+,0.0014688171083278101,0.3248611945164227
17,530.1624640338458,,,mixed ring-site C-H out-of-plane bending / C-O torsion,nu(C9-H19),bond,0.0017878578140777537,-,-0.001204381881338679,0.3406816157892765
17,530.1624640338458,,,mixed ring-site C-H out-of-plane bending / C-O torsion,delta(C2-O1-H10),angle,0.000987282741237207,-,-0.0011692425825186833,0.19960731200682177
17,530.1624640338458,,,mixed ring-site C-H out-of-plane bending / C-O torsion,nu(O5-H13),bond,0.000980880420757943,-,-0.0007181342801784402,0.5257132188054624
17,530.1624640338458,,,mixed ring-site C-H out-of-plane bending / C-O torsion,nu(C8-H18),bond,0.0005854263732917315,-,-0.0006927698842874606,0.33716185262197673
17,530.1624640338458,,,mixed ring-site C-H out-of-plane bending / C-O torsion,nu(C8-H17),bond,0.0003292260170079079,-,-0.0005216238667423853,0.33444398356763794
17,530.1624640338458,,,mixed ring-site C-H out-of-plane bending / C-O torsion,nu(C7-H16),bond,0.0001647872944118399,-,-0.00036908253548827933,0.3343650536129274
17,530.1624640338458,,,mixed ring-site C-H out-of-plane bending / C-O torsion,nu(C9-H20),bond,0.00012759309042947482,+,0.00032310967202826255,0.33780913365345233
17,530.1624640338458,,,mixed ring-site C-H out-of-plane bending / C-O torsion,nu(C2-H11),bond,7.780120944197626e-05,+,0.00025142759413841645,0.3401767416555715
17,530.1624640338458,,,mixed ring-site C-H out-of-plane bending / C-O torsion,delta(H11-C2-H12),angle,5.439457500937891e-05,+,0.00021345155909080666,0.32999022352814855
17,530.1624640338458,,,mixed ring-site C-H out-of-plane bending / C-O torsion,nu(C2-H12),bond,2.870789903032924e-05,+,0.0001576750812337296,0.3191680655609865
17,530.1624640338458,,,mixed ring-site C-H out-of-plane bending / C-O torsion,nu(C7-H15),bond,1.5695442043959052e-05,-,-0.00011355712915838209,0.3364254876547383
18,620.2924909641152,,,mixed ring-site C-H out-of-plane bending / cyclic-ring deformation (C-C-C bend),delta(C6-C9-C8),angle,13.353750965263798,-,-0.04679831415368653,1.507448504872666
18,620.2924909641152,,,mixed ring-site C-H out-of-plane bending / cyclic-ring deformation (C-C-C bend),tau(C7-C8-C9-H20),dihedral,11.202004184182934,-,-0.09190363680338447,0.32789135382743356
18,620.2924909641152,,,mixed ring-site C-H out-of-plane bending / cyclic-ring deformation (C-C-C bend),tau(C2-C3-N4-O5),dihedral,9.482151087588402,+,0.15603884712617502,0.096281098080716
18,620.2924909641152,,,mixed ring-site C-H out-of-plane bending / cyclic-ring deformation (C-C-C bend),delta(C3-N4-O5),angle,6.988635097097883,+,0.05945069910105424,0.48885274981676025
18,620.2924909641152,,,mixed ring-site C-H out-of-plane bending / cyclic-ring deformation (C-C-C bend),tau(C3-C6-C9-C8),dihedral,6.4215617097209,-,-0.09347731827308224,0.1816886511150176
18,620.2924909641152,,,mixed ring-site C-H out-of-plane bending / cyclic-ring deformation (C-C-C bend),tau(C9-C6-C7-H16),dihedral,5.650297969783305,-,-0.05988672677791741,0.38950212149901003
18,620.2924909641152,,,mixed ring-site C-H out-of-plane bending / cyclic-ring deformation (C-C-C bend),tau(C7-C8-C9-H19),dihedral,5.027467843708336,-,-0.058204858649100494,0.3668854199820777
18,620.2924909641152,,,mixed ring-site C-H out-of-plane bending / cyclic-ring deformation (C-C-C bend),delta(C3-C2-H12),angle,4.0123331038449805,-,-0.050419603987578186,0.39020942049172896
18,620.2924909641152,,,mixed ring-site C-H out-of-plane bending / cyclic-ring deformation (C-C-C bend),tau(H14-C6-C9-C8),dihedral,3.9256118098014414,-,-0.0505710877063044,0.3794917959790914
18,620.2924909641152,,,mixed ring-site C-H out-of-plane bending / cyclic-ring deformation (C-C-C bend),tau(H10-O1-C2-H11),dihedral,3.259448588488906,+,0.1649773846717587,0.02960703626146141
18,620.2924909641152,,,mixed ring-site C-H out-of-plane bending / cyclic-ring deformation (C-C-C bend),tau(C6-C3-N4-O5),dihedral,2.9951325729419036,-,-0.0690769506642843,0.15518486550550248
18,620.2924909641152,,,mixed ring-site C-H out-of-plane bending / cyclic-ring deformation (C-C-C bend),nu(C2-C3),bond,2.9207181845422916,-,-0.05195688911185955,0.2674871996149321
18,620.2924909641152,,,mixed ring-site C-H out-of-plane bending / cyclic-ring deformation (C-C-C bend),delta(C2-C3-N4),angle,2.819849565893198,-,-0.033844583926710525,0.6086213889266646
18,620.2924909641152,,,mixed ring-site C-H out-of-plane bending / cyclic-ring deformation (C-C-C bend),delta(C2-C3-C6),angle,2.628646405157315,+,0.039856100547293445,0.4091119718155291
18,620.2924909641152,,,mixed ring-site C-H out-of-plane bending / cyclic-ring deformation (C-C-C bend),delta(O1-C2-C3),angle,2.1723800085161913,-,-0.03346879549804194,0.4794631797439876
18,620.2924909641152,,,mixed ring-site C-H out-of-plane bending / cyclic-ring deformation (C-C-C bend),tau(O1-C2-C3-C6),dihedral,2.1558179478591657,+,0.0983659026990548,0.05508362958384606
18,620.2924909641152,,,mixed ring-site C-H out-of-plane bending / cyclic-ring deformation (C-C-C bend),tau(C6-C7-C8-H18),dihedral,1.9059360317035268,-,-0.05265942109434852,0.1699244172304189
18,620.2924909641152,,,mixed ring-site C-H out-of-plane bending / cyclic-ring deformation (C-C-C bend),delta(C6-C7-H15),angle,1.8761388596950728,-,-0.04623078315148317,0.21702117349718755
18,620.2924909641152,,,mixed ring-site C-H out-of-plane bending / cyclic-ring deformation (C-C-C bend),delta(C8-C7-H15),angle,1.3763229482452266,-,-0.039589141085730244,0.217103998270187
18,620.2924909641152,,,mixed ring-site C-H out-of-plane bending / cyclic-ring deformation (C-C-C bend),tau(H16-C7-C8-H17),dihedral,1.371077143549174,+,0.04272070196434302,0.1857311553103021
18,620.2924909641152,,,mixed ring-site C-H out-of-plane bending / cyclic-ring deformation (C-C-C bend),delta(O1-C2-H11),angle,1.1539425129024876,+,0.02795278954526982,0.3651182100925562
18,620.2924909641152,,,mixed ring-site C-H out-of-plane bending / cyclic-ring deformation (C-C-C bend),tau(C3-N4-O5-H13),dihedral,1.1192239807770727,-,-0.12183252206233602,0.018641899705102983
18,620.2924909641152,,,mixed ring-site C-H out-of-plane bending / cyclic-ring deformation (C-C-C bend),delta(C3-C6-C9),angle,1.0276070549294323,+,0.02866155096301835,0.3092625491988139
18,620.2924909641152,,,mixed ring-site C-H out-of-plane bending / cyclic-ring deformation (C-C-C bend),delta(C8-C9-H20),angle,0.8839355747590114,-,-0.03302243858429852,0.20040195782920825
18,620.2924909641152,,,mixed ring-site C-H out-of-plane bending / cyclic-ring deformation (C-C-C bend),delta(N4-O5-H13),angle,0.6423661965060308,-,-0.027823708525070247,0.20514091020311076
18,620.2924909641152,,,mixed ring-site C-H out-of-plane bending / cyclic-ring deformation (C-C-C bend),tau(C6-C7-C8-H17),dihedral,0.573697329497111,-,-0.01963088623280566,0.36804646047394296
18,620.2924909641152,,,mixed ring-site C-H out-of-plane bending / cyclic-ring deformation (C-C-C bend),nu(C3-C6),bond,0.5341302017271143,-,-0.02125135729288338,0.29239734091777053
18,620.2924909641152,,,mixed ring-site C-H out-of-plane bending / cyclic-ring deformation (C-C-C bend),tau(H17-C8-C9-H19),dihedral,0.4914049504076846,-,-0.025533906856354247,0.18633936756269648
18,620.2924909641152,,,mixed ring-site C-H out-of-plane bending / cyclic-ring deformation (C-C-C bend),tau(H18-C8-C9-H20),dihedral,0.47812920511556783,-,-0.02639703864896112,0.1696424301144722
18,620.2924909641152,,,mixed ring-site C-H out-of-plane bending / cyclic-ring deformation (C-C-C bend),nu(O1-C2),bond,0.45499830123276097,-,-0.018253628286473086,0.33760665575380766
18,620.2924909641152,,,mixed ring-site C-H out-of-plane bending / cyclic-ring deformation (C-C-C bend),tau(C7-C8-C9-C6),dihedral,0.34561161332810214,-,-0.008702351730704527,1.1282742892792177
18,620.2924909641152,,,mixed ring-site C-H out-of-plane bending / cyclic-ring deformation (C-C-C bend),nu(C6-C7),bond,0.2129676263754164,+,0.013525009773124815,0.2878313169969325
18,620.2924909641152,,,mixed ring-site C-H out-of-plane bending / cyclic-ring deformation (C-C-C bend),nu(N4-O5),bond,0.1222031134278932,+,0.01076032962444988,0.26093404664752
18,620.2924909641152,,,mixed ring-site C-H out-of-plane bending / cyclic-ring deformation (C-C-C bend),tau(H14-C6-C7-H16),dihedral,0.11755053439466714,-,-0.01189827622670735,0.20528449235177543
18,620.2924909641152,,,mixed ring-site C-H out-of-plane bending / cyclic-ring deformation (C-C-C bend),nu(C6-C9),bond,0.09273815766680696,-,-0.0087339534356696,0.3005635759709016
18,620.2924909641152,,,mixed ring-site C-H out-of-plane bending / cyclic-ring deformation (C-C-C bend),nu(C7-C8),bond,0.04827428767447335,+,0.006376495211968631,0.2935292790201741
18,620.2924909641152,,,mixed ring-site C-H out-of-plane bending / cyclic-ring deformation (C-C-C bend),tau(H14-C6-C9-H19),dihedral,0.04602865770426963,-,-0.007804556475109564,0.18682349159156134
18,620.2924909641152,,,mixed ring-site C-H out-of-plane bending / cyclic-ring deformation (C-C-C bend),nu(C3-N4),bond,0.036473274106906844,-,-0.0036251418140113775,0.6861583910804996
18,620.2924909641152,,,mixed ring-site C-H out-of-plane bending / cyclic-ring deformation (C-C-C bend),tau(C2-C3-C6-C9),dihedral,0.02489898620522156,-,-0.017822554509722106,0.019379447476020113
18,620.2924909641152,,,mixed ring-site C-H out-of-plane bending / cyclic-ring deformation (C-C-C bend),delta(H11-C2-H12),angle,0.015701642486055403,+,0.003429823884558433,0.32999022352814855
18,620.2924909641152,,,mixed ring-site C-H out-of-plane bending / cyclic-ring deformation (C-C-C bend),delta(C2-O1-H10),angle,0.015380427942431127,-,-0.004364613597242343,0.19960731200682177
18,620.2924909641152,,,mixed ring-site C-H out-of-plane bending / cyclic-ring deformation (C-C-C bend),nu(C2-H12),bond,0.006704071074341998,+,0.0022788167553276775,0.3191680655609865
18,620.2924909641152,,,mixed ring-site C-H out-of-plane bending / cyclic-ring deformation (C-C-C bend),nu(C7-H16),bond,0.0027364749262661606,-,-0.0014224437816621526,0.3343650536129274
18,620.2924909641152,,,mixed ring-site C-H out-of-plane bending / cyclic-ring deformation (C-C-C bend),nu(C9-H19),bond,0.002731005118279932,-,-0.0014077862614668818,0.3406816157892765
18,620.2924909641152,,,mixed ring-site C-H out-of-plane bending / cyclic-ring deformation (C-C-C bend),nu(C6-H14),bond,0.0016702476885844667,+,0.001127434540871647,0.3248611945164227
18,620.2924909641152,,,mixed ring-site C-H out-of-plane bending / cyclic-ring deformation (C-C-C bend),nu(C8-C9),bond,0.0011171877116540468,+,0.0009453398341454165,0.3090650261509001
18,620.2924909641152,,,mixed ring-site C-H out-of-plane bending / cyclic-ring deformation (C-C-C bend),nu(C8-H18),bond,0.0007009824350324908,-,-0.0007169422374402249,0.33716185262197673
18,620.2924909641152,,,mixed ring-site C-H out-of-plane bending / cyclic-ring deformation (C-C-C bend),nu(C9-H20),bond,0.0006158189154939332,+,0.0006713370767298377,0.33780913365345233
18,620.2924909641152,,,mixed ring-site C-H out-of-plane bending / cyclic-ring deformation (C-C-C bend),nu(C8-H17),bond,0.0004882155846751974,+,0.0006007502224508109,0.33444398356763794
18,620.2924909641152,,,mixed ring-site C-H out-of-plane bending / cyclic-ring deformation (C-C-C bend),nu(C2-H11),bond,0.00038220481912015444,-,-0.0005270424369601007,0.3401767416555715
18,620.2924909641152,,,mixed ring-site C-H out-of-plane bending / cyclic-ring deformation (C-C-C bend),delta(O1-C2-H12),angle,0.00018599197694397934,+,0.0003246570103217117,0.4362588699976363
18,620.2924909641152,,,mixed ring-site C-H out-of-plane bending / cyclic-ring deformation (C-C-C bend),nu(O1-H10),bond,7.143850929868076e-05,-,-0.00018609051016442525,0.5100157173560682
18,620.2924909641152,,,mixed ring-site C-H out-of-plane bending / cyclic-ring deformation (C-C-C bend),nu(O5-H13),bond,5.068335991735282e-05,+,0.00015438605322469986,0.5257132188054624
18,620.2924909641152,,,mixed ring-site C-H out-of-plane bending / cyclic-ring deformation (C-C-C bend),nu(C7-H15),bond,2.1129916835106496e-08,+,3.940526598470788e-06,0.3364254876547383
19,726.0630937636806,,,ring-site C-H out-of-plane bending,tau(C6-C7-C8-H17),dihedral,17.905820638953642,-,-0.18485726037998876,0.36804646047394296
19,726.0630937636806,,,ring-site C-H out-of-plane bending,tau(C6-C7-C8-H18),dihedral,14.004600607955854,-,-0.24060142187766095,0.1699244172304189
19,726.0630937636806,,,ring-site C-H out-of-plane bending,tau(H16-C7-C8-H17),dihedral,11.489644836579163,-,-0.20844987651091368,0.1857311553103021
19,726.0630937636806,,,ring-site C-H out-of-plane bending,tau(H18-C8-C9-H20),dihedral,10.689796162972172,+,0.21038181119454788,0.1696424301144722
19,726.0630937636806,,,ring-site C-H out-of-plane bending,tau(H17-C8-C9-H19),dihedral,10.204604963475639,+,0.1961266047933965,0.18633936756269648
19,726.0630937636806,,,ring-site C-H out-of-plane bending,tau(H14-C6-C9-H19),dihedral,5.060826654611573,+,0.13793856668682947,0.18682349159156134
19,726.0630937636806,,,ring-site C-H out-of-plane bending,delta(C6-C9-C8),angle,4.206273770495524,-,-0.0442708892395689,1.507448504872666
19,726.0630937636806,,,ring-site C-H out-of-plane bending,tau(H14-C6-C7-H16),dihedral,4.138394775622292,-,-0.11899497093232775,0.20528449235177543
19,726.0630937636806,,,ring-site C-H out-of-plane bending,tau(C3-C6-C9-C8),dihedral,2.0806430729353758,+,0.08968619771850977,0.1816886511150176
19,726.0630937636806,,,ring-site C-H out-of-plane bending,tau(C9-C6-C7-H16),dihedral,1.6464857362989953,-,-0.054489747172208836,0.38950212149901003
19,726.0630937636806,,,ring-site C-H out-of-plane bending,tau(H14-C6-C9-C8),dihedral,1.6333284824709653,+,0.05498272905704035,0.3794917959790914
19,726.0630937636806,,,ring-site C-H out-of-plane bending,delta(C3-C6-C9),angle,1.6211316077432851,-,-0.060678689309911084,0.3092625491988139
19,726.0630937636806,,,ring-site C-H out-of-plane bending,delta(C8-C9-H20),angle,1.4153038379532181,-,-0.07043111801037584,0.20040195782920825
19,726.0630937636806,,,ring-site C-H out-of-plane bending,nu(C6-C7),bond,1.2714570926641227,+,0.05570222614994516,0.2878313169969325
19,726.0630937636806,,,ring-site C-H out-of-plane bending,nu(C3-C6),bond,1.1461383935306042,+,0.0524713866338248,0.29239734091777053
19,726.0630937636806,,,ring-site C-H out-of-plane bending,delta(C8-C7-H15),angle,1.0950268002375083,-,-0.05952085808324299,0.217103998270187
19,726.0630937636806,,,ring-site C-H out-of-plane bending,tau(C2-C3-N4-O5),dihedral,1.073597954017156,-,-0.08849954551855527,0.096281098080716
19,726.0630937636806,,,ring-site C-H out-of-plane bending,tau(C7-C8-C9-C6),dihedral,1.0165122445899568,+,0.025155889683386924,1.1282742892792177
19,726.0630937636806,,,ring-site C-H out-of-plane bending,nu(C6-C9),bond,1.0005027482012725,+,0.048353920106790634,0.3005635759709016
19,726.0630937636806,,,ring-site C-H out-of-plane bending,tau(C7-C8-C9-H19),dihedral,0.8712044601379467,+,0.04083998168404792,0.3668854199820777
19,726.0630937636806,,,ring-site C-H out-of-plane bending,nu(N4-O5),bond,0.8662761255754876,+,0.04828959001447991,0.26093404664752
19,726.0630937636806,,,ring-site C-H out-of-plane bending,delta(O1-C2-C3),angle,0.777544686478164,+,0.03375015475222048,0.4794631797439876
19,726.0630937636806,,,ring-site C-H out-of-plane bending,tau(C6-C3-N4-O5),dihedral,0.7293992793498422,+,0.057457761603473836,0.15518486550550248
19,726.0630937636806,,,ring-site C-H out-of-plane bending,nu(C2-C3),bond,0.690537846948096,+,0.04258267710429319,0.2674871996149321
19,726.0630937636806,,,ring-site C-H out-of-plane bending,nu(C7-C8),bond,0.6460536749890107,-,-0.03931871418239861,0.2935292790201741
19,726.0630937636806,,,ring-site C-H out-of-plane bending,nu(C8-C9),bond,0.598683147928115,-,-0.0368862330193877,0.3090650261509001
19,726.0630937636806,,,ring-site C-H out-of-plane bending,tau(O1-C2-C3-C6),dihedral,0.4599672598403269,-,-0.07658485697189485,0.05508362958384606
19,726.0630937636806,,,ring-site C-H out-of-plane bending,delta(C2-C3-N4),angle,0.286658167634015,-,-0.018188600120899234,0.6086213889266646
19,726.0630937636806,,,ring-site C-H out-of-plane bending,nu(O1-C2),bond,0.21928811973213794,+,0.021359583114674216,0.33760665575380766
19,726.0630937636806,,,ring-site C-H out-of-plane bending,delta(C3-C2-H12),angle,0.2086956970816417,+,0.019382000150864585,0.39020942049172896
19,726.0630937636806,,,ring-site C-H out-of-plane bending,delta(O1-C2-H11),angle,0.2039475134890675,-,-0.019807660366688403,0.3651182100925562
19,726.0630937636806,,,ring-site C-H out-of-plane bending,delta(C6-C7-H15),angle,0.19166732782765697,+,0.02490655781630233,0.21702117349718755
19,726.0630937636806,,,ring-site C-H out-of-plane bending,nu(C3-N4),bond,0.1263301339488769,+,0.011371873216421333,0.6861583910804996
19,726.0630937636806,,,ring-site C-H out-of-plane bending,tau(C3-N4-O5-H13),dihedral,0.09188901780719698,+,0.058840647252162044,0.018641899705102983
19,726.0630937636806,,,ring-site C-H out-of-plane bending,tau(H10-O1-C2-H11),dihedral,0.08961939787465616,-,-0.046109908801385976,0.02960703626146141
19,726.0630937636806,,,ring-site C-H out-of-plane bending,delta(C2-C3-C6),angle,0.08897523160344585,-,-0.01235959356490619,0.4091119718155291
19,726.0630937636806,,,ring-site C-H out-of-plane bending,delta(O1-C2-H12),angle,0.06076540910487237,-,-0.009891150232287727,0.4362588699976363
19,726.0630937636806,,,ring-site C-H out-of-plane bending,delta(N4-O5-H13),angle,0.04939902433271102,-,-0.01300540157887772,0.20514091020311076
19,726.0630937636806,,,ring-site C-H out-of-plane bending,nu(C8-H17),bond,0.009708430598180943,+,0.004515476033470096,0.33444398356763794
19,726.0630937636806,,,ring-site C-H out-of-plane bending,delta(C3-N4-O5),angle,0.008562249016815437,+,0.003507483334017857,0.48885274981676025
19,726.0630937636806,,,ring-site C-H out-of-plane bending,delta(C2-O1-H10),angle,0.00798127499438569,+,0.005299545611987437,0.19960731200682177
19,726.0630937636806,,,ring-site C-H out-of-plane bending,nu(C6-H14),bond,0.006115808500891857,-,-0.003636375649364138,0.3248611945164227
19,726.0630937636806,,,ring-site C-H out-of-plane bending,tau(C2-C3-C6-C9),dihedral,0.0033164151106071407,+,0.010963632445275715,0.019379447476020113
19,726.0630937636806,,,ring-site C-H out-of-plane bending,nu(C2-H12),bond,0.002327870716607244,-,-0.0022633954216610443,0.3191680655609865
19,726.0630937636806,,,ring-site C-H out-of-plane bending,delta(H11-C2-H12),angle,0.0014358466082792138,-,-0.0017482124421250738,0.32999022352814855
19,726.0630937636806,,,ring-site C-H out-of-plane bending,tau(C7-C8-C9-H20),dihedral,0.001301246441085525,-,-0.0016695733933574537,0.32789135382743356
19,726.0630937636806,,,ring-site C-H out-of-plane bending,nu(O5-H13),bond,0.0007483602053917842,+,0.0009999346416847742,0.5257132188054624
19,726.0630937636806,,,ring-site C-H out-of-plane bending,nu(C9-H19),bond,0.0006248175186152163,-,-0.0011349924429733453,0.3406816157892765
19,726.0630937636806,,,ring-site C-H out-of-plane bending,nu(C8-H18),bond,0.0003145374450462403,+,0.0008094829054494527,0.33716185262197673
19,726.0630937636806,,,ring-site C-H out-of-plane bending,nu(C7-H16),bond,0.00023246195780918697,-,-0.000698805356825244,0.3343650536129274
19,726.0630937636806,,,ring-site C-H out-of-plane bending,nu(C7-H15),bond,0.00012642669580821588,+,0.00051376636507547,0.3364254876547383
19,726.0630937636806,,,ring-site C-H out-of-plane bending,nu(C9-H20),bond,0.00012115825038667254,+,0.0005019165577561849,0.33780913365345233
19,726.0630937636806,,,ring-site C-H out-of-plane bending,nu(O1-H10),bond,9.105518125537964e-05,+,0.00035412066552206414,0.5100157173560682
19,726.0630937636806,,,ring-site C-H out-of-plane bending,nu(C2-H11),bond,1.3776724677590331e-07,-,-1.6865973023418882e-05,0.3401767416555715
20,790.8080442893256,,,ring-site C-H out-of-plane bending,tau(C9-C6-C7-H16),dihedral,13.885483197983485,-,-0.2097405106917444,0.38950212149901003
20,790.8080442893256,,,ring-site C-H out-of-plane bending,tau(C7-C8-C9-H20),dihedral,12.026258870951372,+,0.21274385657838288,0.32789135382743356
20,790.8080442893256,,,ring-site C-H out-of-plane bending,tau(H18-C8-C9-H20),dihedral,11.538165202280142,+,0.2897062536895177,0.1696424301144722
20,790.8080442893256,,,ring-site C-H out-of-plane bending,tau(H14-C6-C7-H16),dihedral,10.444441881746938,-,-0.2505655058346455,0.20528449235177543
20,790.8080442893256,,,ring-site C-H out-of-plane bending,tau(H14-C6-C9-H19),dihedral,9.321350412304312,-,-0.24813064886620362,0.18682349159156134
20,790.8080442893256,,,ring-site C-H out-of-plane bending,tau(H17-C8-C9-H19),dihedral,9.20806896973553,+,0.24693844523659036,0.18633936756269648
20,790.8080442893256,,,ring-site C-H out-of-plane bending,tau(H16-C7-C8-H17),dihedral,8.216862551707623,+,0.23365085108188852,0.1857311553103021
20,790.8080442893256,,,ring-site C-H out-of-plane bending,tau(C7-C8-C9-H19),dihedral,7.1371512556645325,+,0.1549365780940292,0.3668854199820777
20,790.8080442893256,,,ring-site C-H out-of-plane bending,delta(C8-C7-H15),angle,4.315502543941387,-,-0.15661686046766155,0.217103998270187
20,790.8080442893256,,,ring-site C-H out-of-plane bending,delta(C6-C7-H15),angle,3.200214617287811,-,-0.13489480813388094,0.21702117349718755
20,790.8080442893256,,,ring-site C-H out-of-plane bending,delta(C8-C9-H20),angle,2.8818269099450506,+,0.1332108815671102,0.20040195782920825
20,790.8080442893256,,,ring-site C-H out-of-plane bending,tau(C6-C7-C8-H17),dihedral,1.4240947499703625,+,0.0690994922577042,0.36804646047394296
20,790.8080442893256,,,ring-site C-H out-of-plane bending,tau(H14-C6-C9-C8),dihedral,1.2076136418767793,-,-0.0626642066395143,0.3794917959790914
20,790.8080442893256,,,ring-site C-H out-of-plane bending,delta(O1-C2-C3),angle,0.8333508792069484,-,-0.04631194860283142,0.4794631797439876
20,790.8080442893256,,,ring-site C-H out-of-plane bending,delta(C6-C9-C8),angle,0.7020434216863636,+,0.023972729262083915,1.507448504872666
20,790.8080442893256,,,ring-site C-H out-of-plane bending,nu(C2-C3),bond,0.673023580872608,+,0.05572118896101808,0.2674871996149321
20,790.8080442893256,,,ring-site C-H out-of-plane bending,nu(C8-C9),bond,0.5827388775944244,-,-0.04823572397656168,0.3090650261509001
20,790.8080442893256,,,ring-site C-H out-of-plane bending,nu(C6-C7),bond,0.4648468872378252,+,0.044641900727774145,0.2878313169969325
20,790.8080442893256,,,ring-site C-H out-of-plane bending,delta(C3-C6-C9),angle,0.2761134149636386,+,0.033192260036637576,0.3092625491988139
20,790.8080442893256,,,ring-site C-H out-of-plane bending,tau(C6-C7-C8-H18),dihedral,0.25017685699364384,+,0.042623823786074364,0.1699244172304189
20,790.8080442893256,,,ring-site C-H out-of-plane bending,nu(C7-C8),bond,0.2276435263865388,+,0.030935609328293624,0.2935292790201741
20,790.8080442893256,,,ring-site C-H out-of-plane bending,delta(C3-C2-H12),angle,0.21587895223917725,+,0.02612841178928253,0.39020942049172896
20,790.8080442893256,,,ring-site C-H out-of-plane bending,delta(C2-C3-N4),angle,0.20868484577395655,+,0.02056972981239227,0.6086213889266646
20,790.8080442893256,,,ring-site C-H out-of-plane bending,delta(C3-N4-O5),angle,0.1768501728201747,-,-0.021128586767766213,0.48885274981676025
20,790.8080442893256,,,ring-site C-H out-of-plane bending,tau(C2-C3-N4-O5),dihedral,0.14250222665525636,+,0.042736312273713176,0.096281098080716
20,790.8080442893256,,,ring-site C-H out-of-plane bending,nu(N4-O5),bond,0.09870698466739038,-,-0.021605548889641783,0.26093404664752
20,790.8080442893256,,,ring-site C-H out-of-plane bending,tau(C3-C6-C9-C8),dihedral,0.0918685770291475,+,0.024979073774691943,0.1816886511150176
20,790.8080442893256,,,ring-site C-H out-of-plane bending,delta(N4-O5-H13),angle,0.07401774770204309,+,0.02110078099818577,0.20514091020311076
20,790.8080442893256,,,ring-site C-H out-of-plane bending,delta(O1-C2-H12),angle,0.03548277511534165,+,0.010018285189521973,0.4362588699976363
20,790.8080442893256,,,ring-site C-H out-of-plane bending,delta(C2-O1-H10),angle,0.02125611479514876,-,-0.011463321070072184,0.19960731200682177
20,790.8080442893256,,,ring-site C-H out-of-plane bending,delta(C2-C3-C6),angle,0.02022263742667947,-,-0.007810063046763884,0.4091119718155291
20,790.8080442893256,,,ring-site C-H out-of-plane bending,nu(C3-C6),bond,0.01966012298582057,+,0.009108841433810447,0.29239734091777053
20,790.8080442893256,,,ring-site C-H out-of-plane bending,delta(O1-C2-H11),angle,0.015881515372118196,+,0.007326321266956732,0.3651182100925562
20,790.8080442893256,,,ring-site C-H out-of-plane bending,tau(C7-C8-C9-C6),dihedral,0.013200818134456296,+,0.0037997044223962665,1.1282742892792177
20,790.8080442893256,,,ring-site C-H out-of-plane bending,nu(C3-N4),bond,0.006748775084563886,+,0.0034838305581653723,0.6861583910804996
20,790.8080442893256,,,ring-site C-H out-of-plane bending,nu(C9-H19),bond,0.006735559003356897,+,0.004939343270977019,0.3406816157892765
20,790.8080442893256,,,ring-site C-H out-of-plane bending,tau(C6-C3-N4-O5),dihedral,0.005781616382071925,+,0.00678042146838586,0.15518486550550248
20,790.8080442893256,,,ring-site C-H out-of-plane bending,tau(C3-N4-O5-H13),dihedral,0.0056210144424526575,-,-0.019289412622982848,0.018641899705102983
20,790.8080442893256,,,ring-site C-H out-of-plane bending,delta(H11-C2-H12),angle,0.005594906494950933,+,0.004574067991355716,0.32999022352814855
20,790.8080442893256,,,ring-site C-H out-of-plane bending,nu(C7-H16),bond,0.005285822320473708,-,-0.004416747543881934,0.3343650536129274
20,790.8080442893256,,,ring-site C-H out-of-plane bending,tau(C2-C3-C6-C9),dihedral,0.004880025962927575,-,-0.017627759111227576,0.019379447476020113
20,790.8080442893256,,,ring-site C-H out-of-plane bending,nu(C6-C9),bond,0.003592864766626379,+,0.0038406877225868876,0.3005635759709016
20,790.8080442893256,,,ring-site C-H out-of-plane bending,tau(O1-C2-C3-C6),dihedral,0.0008699704570256037,+,0.004414664600147256,0.05508362958384606
20,790.8080442893256,,,ring-site C-H out-of-plane bending,tau(H10-O1-C2-H11),dihedral,0.0007976589742155817,-,-0.005765910491973091,0.02960703626146141
20,790.8080442893256,,,ring-site C-H out-of-plane bending,nu(C7-H15),bond,0.000722163551178088,-,-0.0016275340131035954,0.3364254876547383
20,790.8080442893256,,,ring-site C-H out-of-plane bending,nu(C9-H20),bond,0.0006773752478505086,+,0.0015730252857473171,0.33780913365345233
20,790.8080442893256,,,ring-site C-H out-of-plane bending,nu(O1-C2),bond,0.0005023367986658523,-,-0.0013550294463505392,0.33760665575380766
20,790.8080442893256,,,ring-site C-H out-of-plane bending,nu(C2-H12),bond,0.00023706141937707042,-,-0.0009573648115209544,0.3191680655609865
20,790.8080442893256,,,ring-site C-H out-of-plane bending,nu(C2-H11),bond,0.00022316754676386457,+,0.0008997460472735465,0.3401767416555715
20,790.8080442893256,,,ring-site C-H out-of-plane bending,nu(C6-H14),bond,0.00021381177236063698,-,-0.0009012050663719452,0.3248611945164227
20,790.8080442893256,,,ring-site C-H out-of-plane bending,nu(C8-H17),bond,0.00014050687943602318,+,0.0007200188007336193,0.33444398356763794
20,790.8080442893256,,,ring-site C-H out-of-plane bending,nu(O5-H13),bond,9.566630384464662e-05,-,-0.00047387280421567167,0.5257132188054624
20,790.8080442893256,,,ring-site C-H out-of-plane bending,nu(O1-H10),bond,7.738772611157458e-05,+,0.0004327140523846794,0.5100157173560682
20,790.8080442893256,,,ring-site C-H out-of-plane bending,nu(C8-H18),bond,1.6567811709156418e-05,+,0.00024624651653879236,0.33716185262197673
21,815.5615395797931,,,mixed ring-site C-H out-of-plane bending / O-C-C bending,delta(O1-C2-C3),angle,14.200585855775044,-,-0.11392032661345222,0.4794631797439876
21,815.5615395797931,,,mixed ring-site C-H out-of-plane bending / O-C-C bending,delta(C2-C3-N4),angle,7.029649246591104,+,0.0711408325967519,0.6086213889266646
21,815.5615395797931,,,mixed ring-site C-H out-of-plane bending / O-C-C bending,tau(C6-C7-C8-H17),dihedral,6.5895414128608545,-,-0.08857313044434964,0.36804646047394296
21,815.5615395797931,,,mixed ring-site C-H out-of-plane bending / O-C-C bending,nu(C6-C7),bond,5.921234425925229,+,0.09494297289573565,0.2878313169969325
21,815.5615395797931,,,mixed ring-site C-H out-of-plane bending / O-C-C bending,delta(C3-N4-O5),angle,5.681235471034279,-,-0.07136053294534306,0.48885274981676025
21,815.5615395797931,,,mixed ring-site C-H out-of-plane bending / O-C-C bending,tau(H16-C7-C8-H17),dihedral,5.539737035983944,-,-0.11432150046692402,0.1857311553103021
21,815.5615395797931,,,mixed ring-site C-H out-of-plane bending / O-C-C bending,delta(C8-C9-H20),angle,5.4373484880345435,-,-0.10903560190192048,0.20040195782920825
21,815.5615395797931,,,mixed ring-site C-H out-of-plane bending / O-C-C bending,delta(C6-C9-C8),angle,5.364423068975069,+,0.03948807738967884,1.507448504872666
21,815.5615395797931,,,mixed ring-site C-H out-of-plane bending / O-C-C bending,tau(H14-C6-C9-H19),dihedral,4.9152242872015135,+,0.10736967755315355,0.18682349159156134
21,815.5615395797931,,,mixed ring-site C-H out-of-plane bending / O-C-C bending,tau(C2-C3-N4-O5),dihedral,4.904071367347499,+,0.14939415101546494,0.096281098080716
21,815.5615395797931,,,mixed ring-site C-H out-of-plane bending / O-C-C bending,tau(C7-C8-C9-H19),dihedral,4.754254430014309,-,-0.07535320074947693,0.3668854199820777
21,815.5615395797931,,,mixed ring-site C-H out-of-plane bending / O-C-C bending,delta(C3-C2-H12),angle,3.039697794898584,+,0.05842410260323867,0.39020942049172896
21,815.5615395797931,,,mixed ring-site C-H out-of-plane bending / O-C-C bending,tau(C6-C7-C8-H18),dihedral,3.016758368697293,-,-0.0881998993674065,0.1699244172304189
21,815.5615395797931,,,mixed ring-site C-H out-of-plane bending / O-C-C bending,tau(C7-C8-C9-H20),dihedral,2.6416042280891046,-,-0.05941479652816126,0.32789135382743356
21,815.5615395797931,,,mixed ring-site C-H out-of-plane bending / O-C-C bending,nu(N4-O5),bond,2.5030372290434983,-,-0.06483268394947474,0.26093404664752
21,815.5615395797931,,,mixed ring-site C-H out-of-plane bending / O-C-C bending,nu(C2-C3),bond,2.29568864268934,+,0.06132403345883162,0.2674871996149321
21,815.5615395797931,,,mixed ring-site C-H out-of-plane bending / O-C-C bending,nu(C6-C9),bond,2.177954831289543,+,0.05634845086218269,0.3005635759709016
21,815.5615395797931,,,mixed ring-site C-H out-of-plane bending / O-C-C bending,delta(O1-C2-H12),angle,2.0304268511803008,+,0.04515930609799534,0.4362588699976363
21,815.5615395797931,,,mixed ring-site C-H out-of-plane bending / O-C-C bending,delta(N4-O5-H13),angle,1.9512900842314458,+,0.06455955093591384,0.20514091020311076
21,815.5615395797931,,,mixed ring-site C-H out-of-plane bending / O-C-C bending,delta(C2-C3-C6),angle,1.6303505423757436,-,-0.04178737813321805,0.4091119718155291
21,815.5615395797931,,,mixed ring-site C-H out-of-plane bending / O-C-C bending,nu(C7-C8),bond,1.545562099240925,-,-0.048033389821844144,0.2935292790201741
21,815.5615395797931,,,mixed ring-site C-H out-of-plane bending / O-C-C bending,nu(O1-C2),bond,0.9272555180653338,-,-0.034691248857061124,0.33760665575380766
21,815.5615395797931,,,mixed ring-site C-H out-of-plane bending / O-C-C bending,tau(H14-C6-C7-H16),dihedral,0.9032311239897116,+,0.04390834791446911,0.20528449235177543
21,815.5615395797931,,,mixed ring-site C-H out-of-plane bending / O-C-C bending,delta(C6-C7-H15),angle,0.8356643513625703,+,0.04107623268476303,0.21702117349718755
21,815.5615395797931,,,mixed ring-site C-H out-of-plane bending / O-C-C bending,tau(H17-C8-C9-H19),dihedral,0.8318739319364844,-,-0.04422849587786049,0.18633936756269648
21,815.5615395797931,,,mixed ring-site C-H out-of-plane bending / O-C-C bending,nu(C8-C9),bond,0.45064219468478867,-,-0.025276487114456396,0.3090650261509001
21,815.5615395797931,,,mixed ring-site C-H out-of-plane bending / O-C-C bending,tau(C2-C3-C6-C9),dihedral,0.43573335164905325,-,-0.09925797873176419,0.019379447476020113
21,815.5615395797931,,,mixed ring-site C-H out-of-plane bending / O-C-C bending,delta(O1-C2-H11),angle,0.39087528159092877,+,0.0216584851565031,0.3651182100925562
21,815.5615395797931,,,mixed ring-site C-H out-of-plane bending / O-C-C bending,tau(O1-C2-C3-C6),dihedral,0.3290373574349337,+,0.05116076747726295,0.05508362958384606
21,815.5615395797931,,,mixed ring-site C-H out-of-plane bending / O-C-C bending,nu(C3-N4),bond,0.30937547847062685,+,0.014055829347123341,0.6861583910804996
21,815.5615395797931,,,mixed ring-site C-H out-of-plane bending / O-C-C bending,tau(C3-N4-O5-H13),dihedral,0.27035489027987997,-,-0.07971641371052159,0.018641899705102983
21,815.5615395797931,,,mixed ring-site C-H out-of-plane bending / O-C-C bending,nu(C3-C6),bond,0.22326250055535332,+,0.01829139818496357,0.29239734091777053
21,815.5615395797931,,,mixed ring-site C-H out-of-plane bending / O-C-C bending,tau(C6-C3-N4-O5),dihedral,0.21102455859125518,-,-0.024409986502935504,0.15518486550550248
21,815.5615395797931,,,mixed ring-site C-H out-of-plane bending / O-C-C bending,delta(C2-O1-H10),angle,0.17128713008170235,-,-0.019390984730217477,0.19960731200682177
21,815.5615395797931,,,mixed ring-site C-H out-of-plane bending / O-C-C bending,delta(C3-C6-C9),angle,0.11787189128414938,+,0.012923114177517046,0.3092625491988139
21,815.5615395797931,,,mixed ring-site C-H out-of-plane bending / O-C-C bending,tau(C3-C6-C9-C8),dihedral,0.11230629488304916,-,-0.016457500258155962,0.1816886511150176
21,815.5615395797931,,,mixed ring-site C-H out-of-plane bending / O-C-C bending,tau(H10-O1-C2-H11),dihedral,0.0880096964591768,-,-0.0360905511933204,0.02960703626146141
21,815.5615395797931,,,mixed ring-site C-H out-of-plane bending / O-C-C bending,delta(H11-C2-H12),angle,0.05599188380050235,+,0.008622589759945594,0.32999022352814855
21,815.5615395797931,,,mixed ring-site C-H out-of-plane bending / O-C-C bending,tau(H14-C6-C9-C8),dihedral,0.05397280523956305,-,-0.007894270814881173,0.3794917959790914
21,815.5615395797931,,,mixed ring-site C-H out-of-plane bending / O-C-C bending,delta(C8-C7-H15),angle,0.05015465757160033,-,-0.010061145858340758,0.217103998270187
21,815.5615395797931,,,mixed ring-site C-H out-of-plane bending / O-C-C bending,tau(C9-C6-C7-H16),dihedral,0.026296678654409614,+,0.005439027529946149,0.38950212149901003
21,815.5615395797931,,,mixed ring-site C-H out-of-plane bending / O-C-C bending,tau(H18-C8-C9-H20),dihedral,0.011513187799992008,-,-0.005453260860776173,0.1696424301144722
21,815.5615395797931,,,mixed ring-site C-H out-of-plane bending / O-C-C bending,tau(C7-C8-C9-C6),dihedral,0.006385374365638703,+,0.0015747497840696532,1.1282742892792177
21,815.5615395797931,,,mixed ring-site C-H out-of-plane bending / O-C-C bending,nu(C9-H19),bond,0.003648177585520473,-,-0.002166154141022622,0.3406816157892765
21,815.5615395797931,,,mixed ring-site C-H out-of-plane bending / O-C-C bending,nu(C2-H11),bond,0.0032319281751689594,+,0.0020403480766029223,0.3401767416555715
21,815.5615395797931,,,mixed ring-site C-H out-of-plane bending / O-C-C bending,nu(C7-H15),bond,0.0030739068089559608,+,0.002000905713254686,0.3364254876547383
21,815.5615395797931,,,mixed ring-site C-H out-of-plane bending / O-C-C bending,nu(C8-H17),bond,0.0029063701980791396,+,0.0019513694120069517,0.33444398356763794
21,815.5615395797931,,,mixed ring-site C-H out-of-plane bending / O-C-C bending,nu(O5-H13),bond,0.0020506345260701193,-,-0.0013073606379512947,0.5257132188054624
21,815.5615395797931,,,mixed ring-site C-H out-of-plane bending / O-C-C bending,nu(C6-H14),bond,0.0007599528031824108,+,0.001012441907317309,0.3248611945164227
21,815.5615395797931,,,mixed ring-site C-H out-of-plane bending / O-C-C bending,nu(C8-H18),bond,0.0007376251622220758,+,0.0009790939498663751,0.33716185262197673
21,815.5615395797931,,,mixed ring-site C-H out-of-plane bending / O-C-C bending,nu(C2-H12),bond,0.0005977820616968621,+,0.0009059149874393591,0.3191680655609865
21,815.5615395797931,,,mixed ring-site C-H out-of-plane bending / O-C-C bending,nu(C7-H16),bond,0.0005958071496175926,+,0.0008836252876064881,0.3343650536129274
21,815.5615395797931,,,mixed ring-site C-H out-of-plane bending / O-C-C bending,nu(C9-H20),bond,0.0005898457961582206,+,0.0008747002919360377,0.33780913365345233
21,815.5615395797931,,,mixed ring-site C-H out-of-plane bending / O-C-C bending,nu(O1-H10),bond,1.2069503434091807e-05,+,0.00010183067964214858,0.5100157173560682
22,855.9567564115326,,,mixed ring-site C-H out-of-plane bending / N-O stretching / C-C stretching,nu(N4-O5),bond,21.86741249378948,-,-0.19470924634739212,0.26093404664752
22,855.9567564115326,,,mixed ring-site C-H out-of-plane bending / N-O stretching / C-C stretching,nu(C2-C3),bond,15.077978793206018,-,-0.15968837956895932,0.2674871996149321
22,855.9567564115326,,,mixed ring-site C-H out-of-plane bending / N-O stretching / C-C stretching,tau(C9-C6-C7-H16),dihedral,8.643209643986463,-,-0.10019264959485459,0.38950212149901003
22,855.9567564115326,,,mixed ring-site C-H out-of-plane bending / N-O stretching / C-C stretching,delta(C6-C9-C8),angle,8.071393545264375,+,0.049215995125870965,1.507448504872666
22,855.9567564115326,,,mixed ring-site C-H out-of-plane bending / N-O stretching / C-C stretching,tau(H14-C6-C7-H16),dihedral,6.157105241725652,-,-0.11648324716520152,0.20528449235177543
22,855.9567564115326,,,mixed ring-site C-H out-of-plane bending / N-O stretching / C-C stretching,delta(C3-N4-O5),angle,5.503354167514091,+,0.07136379746296871,0.48885274981676025
22,855.9567564115326,,,mixed ring-site C-H out-of-plane bending / N-O stretching / C-C stretching,delta(O1-C2-C3),angle,4.770033907322846,+,0.0670866884026244,0.4794631797439876
22,855.9567564115326,,,mixed ring-site C-H out-of-plane bending / N-O stretching / C-C stretching,tau(C6-C7-C8-H17),dihedral,4.245256715503527,-,-0.07223603636807169,0.36804646047394296
22,855.9567564115326,,,mixed ring-site C-H out-of-plane bending / N-O stretching / C-C stretching,tau(H18-C8-C9-H20),dihedral,3.860203784240299,+,0.10145912799980981,0.1696424301144722
22,855.9567564115326,,,mixed ring-site C-H out-of-plane bending / N-O stretching / C-C stretching,tau(H17-C8-C9-H19),dihedral,3.3517631911834753,+,0.09020645313013786,0.18633936756269648
22,855.9567564115326,,,mixed ring-site C-H out-of-plane bending / N-O stretching / C-C stretching,delta(C8-C7-H15),angle,2.6357618138800074,-,-0.07410925064550987,0.217103998270187
22,855.9567564115326,,,mixed ring-site C-H out-of-plane bending / N-O stretching / C-C stretching,delta(C2-C3-N4),angle,2.2296076233249518,-,-0.04070932175339072,0.6086213889266646
22,855.9567564115326,,,mixed ring-site C-H out-of-plane bending / N-O stretching / C-C stretching,nu(C3-N4),bond,2.1287980334564423,-,-0.03746349517857662,0.6861583910804996
22,855.9567564115326,,,mixed ring-site C-H out-of-plane bending / N-O stretching / C-C stretching,tau(C6-C7-C8-H18),dihedral,1.8407147976740927,-,-0.07000331542851827,0.1699244172304189
22,855.9567564115326,,,mixed ring-site C-H out-of-plane bending / N-O stretching / C-C stretching,tau(H14-C6-C9-H19),dihedral,1.5403651398718856,+,0.061073013593442464,0.18682349159156134
22,855.9567564115326,,,mixed ring-site C-H out-of-plane bending / N-O stretching / C-C stretching,nu(C7-C8),bond,0.9333328053090835,-,-0.03792676523578282,0.2935292790201741
22,855.9567564115326,,,mixed ring-site C-H out-of-plane bending / N-O stretching / C-C stretching,delta(C3-C6-C9),angle,0.7665384394448035,+,0.03348548204694419,0.3092625491988139
22,855.9567564115326,,,mixed ring-site C-H out-of-plane bending / N-O stretching / C-C stretching,delta(C8-C9-H20),angle,0.6745629904373864,-,-0.03902235961758166,0.20040195782920825
22,855.9567564115326,,,mixed ring-site C-H out-of-plane bending / N-O stretching / C-C stretching,delta(C2-O1-H10),angle,0.670865869977821,+,0.038992661327197434,0.19960731200682177
22,855.9567564115326,,,mixed ring-site C-H out-of-plane bending / N-O stretching / C-C stretching,tau(C3-C6-C9-C8),dihedral,0.6421874880511341,+,0.039987133393508,0.1816886511150176
22,855.9567564115326,,,mixed ring-site C-H out-of-plane bending / N-O stretching / C-C stretching,tau(H16-C7-C8-H17),dihedral,0.5522569935283304,-,-0.03667595945230953,0.1857311553103021
22,855.9567564115326,,,mixed ring-site C-H out-of-plane bending / N-O stretching / C-C stretching,nu(C3-C6),bond,0.5450349702831,-,-0.029038804075861867,0.29239734091777053
22,855.9567564115326,,,mixed ring-site C-H out-of-plane bending / N-O stretching / C-C stretching,tau(C2-C3-N4-O5),dihedral,0.4559743395114551,-,-0.046286350103279625,0.096281098080716
22,855.9567564115326,,,mixed ring-site C-H out-of-plane bending / N-O stretching / C-C stretching,tau(H14-C6-C9-C8),dihedral,0.39278856168869536,+,0.02163871526499602,0.3794917959790914
22,855.9567564115326,,,mixed ring-site C-H out-of-plane bending / N-O stretching / C-C stretching,delta(O1-C2-H11),angle,0.3756632867103619,-,-0.021574258691776003,0.3651182100925562
22,855.9567564115326,,,mixed ring-site C-H out-of-plane bending / N-O stretching / C-C stretching,tau(C7-C8-C9-C6),dihedral,0.3484139578063727,-,-0.011819352316832584,1.1282742892792177
22,855.9567564115326,,,mixed ring-site C-H out-of-plane bending / N-O stretching / C-C stretching,delta(C6-C7-H15),angle,0.3387850354611778,-,-0.02657445138452129,0.21702117349718755
22,855.9567564115326,,,mixed ring-site C-H out-of-plane bending / N-O stretching / C-C stretching,nu(C8-C9),bond,0.2040672129936206,-,-0.017282833139533924,0.3090650261509001
22,855.9567564115326,,,mixed ring-site C-H out-of-plane bending / N-O stretching / C-C stretching,delta(C3-C2-H12),angle,0.14085473798565912,-,-0.012778800995974641,0.39020942049172896
22,855.9567564115326,,,mixed ring-site C-H out-of-plane bending / N-O stretching / C-C stretching,tau(C7-C8-C9-H19),dihedral,0.138257843176341,-,-0.013056684621655188,0.3668854199820777
22,855.9567564115326,,,mixed ring-site C-H out-of-plane bending / N-O stretching / C-C stretching,nu(C6-C9),bond,0.13622621233004925,+,0.014319089977334136,0.3005635759709016
22,855.9567564115326,,,mixed ring-site C-H out-of-plane bending / N-O stretching / C-C stretching,delta(C2-C3-C6),angle,0.13164322802042677,+,0.012065113705817756,0.4091119718155291
22,855.9567564115326,,,mixed ring-site C-H out-of-plane bending / N-O stretching / C-C stretching,delta(H11-C2-H12),angle,0.11923056234439001,-,-0.012784875738831213,0.32999022352814855
22,855.9567564115326,,,mixed ring-site C-H out-of-plane bending / N-O stretching / C-C stretching,tau(O1-C2-C3-C6),dihedral,0.10383526162505746,-,-0.029202121799789076,0.05508362958384606
22,855.9567564115326,,,mixed ring-site C-H out-of-plane bending / N-O stretching / C-C stretching,tau(C6-C3-N4-O5),dihedral,0.08567611746328167,+,0.015803688416034457,0.15518486550550248
22,855.9567564115326,,,mixed ring-site C-H out-of-plane bending / N-O stretching / C-C stretching,tau(H10-O1-C2-H11),dihedral,0.080252983008334,-,-0.035017599886921394,0.02960703626146141
22,855.9567564115326,,,mixed ring-site C-H out-of-plane bending / N-O stretching / C-C stretching,delta(O1-C2-H12),angle,0.07083651801068341,-,-0.008570570257405962,0.4362588699976363
22,855.9567564115326,,,mixed ring-site C-H out-of-plane bending / N-O stretching / C-C stretching,tau(C7-C8-C9-H20),dihedral,0.06875487025144968,+,0.009739574923768072,0.32789135382743356
22,855.9567564115326,,,mixed ring-site C-H out-of-plane bending / N-O stretching / C-C stretching,nu(C6-C7),bond,0.040747321230581814,+,0.008002648853235216,0.2878313169969325
22,855.9567564115326,,,mixed ring-site C-H out-of-plane bending / N-O stretching / C-C stretching,delta(N4-O5-H13),angle,0.018329204074237142,+,0.006357683678071205,0.20514091020311076
22,855.9567564115326,,,mixed ring-site C-H out-of-plane bending / N-O stretching / C-C stretching,nu(O1-H10),bond,0.01758688006396351,-,-0.003949625086975848,0.5100157173560682
22,855.9567564115326,,,mixed ring-site C-H out-of-plane bending / N-O stretching / C-C stretching,tau(C3-N4-O5-H13),dihedral,0.005934420323162889,+,0.012000444146899955,0.018641899705102983
22,855.9567564115326,,,mixed ring-site C-H out-of-plane bending / N-O stretching / C-C stretching,nu(O5-H13),bond,0.005141434639863529,-,-0.0021033956084724813,0.5257132188054624
22,855.9567564115326,,,mixed ring-site C-H out-of-plane bending / N-O stretching / C-C stretching,nu(C2-H12),bond,0.004675219315357411,+,0.0025742133036209583,0.3191680655609865
22,855.9567564115326,,,mixed ring-site C-H out-of-plane bending / N-O stretching / C-C stretching,nu(C8-H17),bond,0.003841019574660293,+,0.002279369948843203,0.33444398356763794
22,855.9567564115326,,,mixed ring-site C-H out-of-plane bending / N-O stretching / C-C stretching,nu(C2-H11),bond,0.0033558970354965055,-,-0.0021125415383360245,0.3401767416555715
22,855.9567564115326,,,mixed ring-site C-H out-of-plane bending / N-O stretching / C-C stretching,nu(C7-H16),bond,0.00046920494297294954,-,-0.0007967537219796567,0.3343650536129274
22,855.9567564115326,,,mixed ring-site C-H out-of-plane bending / N-O stretching / C-C stretching,nu(C6-H14),bond,0.0002658678573388481,+,0.0006084673107760117,0.3248611945164227
22,855.9567564115326,,,mixed ring-site C-H out-of-plane bending / N-O stretching / C-C stretching,nu(C9-H20),bond,0.00023430513840991734,+,0.0005601553193147652,0.33780913365345233
22,855.9567564115326,,,mixed ring-site C-H out-of-plane bending / N-O stretching / C-C stretching,nu(C9-H19),bond,0.00016838040576264572,+,0.0004728513992955604,0.3406816157892765
22,855.9567564115326,,,mixed ring-site C-H out-of-plane bending / N-O stretching / C-C stretching,nu(C8-H18),bond,0.00013674901933454075,+,0.0004283474111011304,0.33716185262197673
22,855.9567564115326,,,mixed ring-site C-H out-of-plane bending / N-O stretching / C-C stretching,nu(O1-C2),bond,0.00010936996252015129,+,0.0003828219080651062,0.33760665575380766
22,855.9567564115326,,,mixed ring-site C-H out-of-plane bending / N-O stretching / C-C stretching,tau(C2-C3-C6-C9),dihedral,5.437578250811602e-06,+,0.00035627497345067793,0.019379447476020113
22,855.9567564115326,,,mixed ring-site C-H out-of-plane bending / N-O stretching / C-C stretching,nu(C7-H15),bond,1.1147548649683287e-07,-,-1.224330009939661e-05,0.3364254876547383
23,895.7510090894241,,,mixed ring-site C-H out-of-plane bending / mixed-phase cyclic C-C stretching,tau(C6-C7-C8-H17),dihedral,14.915743647026535,-,-0.14167680016628148,0.36804646047394296
23,895.7510090894241,,,mixed ring-site C-H out-of-plane bending / mixed-phase cyclic C-C stretching,nu(C6-C7),bond,14.584783909834922,-,-0.15841948021501015,0.2878313169969325
23,895.7510090894241,,,mixed ring-site C-H out-of-plane bending / mixed-phase cyclic C-C stretching,nu(N4-O5),bond,9.618689870286083,+,0.1351201732279865,0.26093404664752
23,895.7510090894241,,,mixed ring-site C-H out-of-plane bending / mixed-phase cyclic C-C stretching,delta(C6-C9-C8),angle,8.603101666580013,+,0.05316598836076546,1.507448504872666
23,895.7510090894241,,,mixed ring-site C-H out-of-plane bending / mixed-phase cyclic C-C stretching,tau(C9-C6-C7-H16),dihedral,8.351878800862917,-,-0.1030539837467823,0.38950212149901003
23,895.7510090894241,,,mixed ring-site C-H out-of-plane bending / mixed-phase cyclic C-C stretching,delta(C6-C7-H15),angle,5.673628518269283,-,-0.11379076094251768,0.21702117349718755
23,895.7510090894241,,,mixed ring-site C-H out-of-plane bending / mixed-phase cyclic C-C stretching,tau(H14-C6-C7-H16),dihedral,5.4412882800995535,-,-0.11457777996211475,0.20528449235177543
23,895.7510090894241,,,mixed ring-site C-H out-of-plane bending / mixed-phase cyclic C-C stretching,tau(C7-C8-C9-H20),dihedral,5.083261252615015,-,-0.08762617203202555,0.32789135382743356
23,895.7510090894241,,,mixed ring-site C-H out-of-plane bending / mixed-phase cyclic C-C stretching,tau(C6-C7-C8-H18),dihedral,3.1684928161906605,-,-0.09610059482426005,0.1699244172304189
23,895.7510090894241,,,mixed ring-site C-H out-of-plane bending / mixed-phase cyclic C-C stretching,tau(H14-C6-C9-H19),dihedral,3.0778384258723213,+,0.09033057472429934,0.18682349159156134
23,895.7510090894241,,,mixed ring-site C-H out-of-plane bending / mixed-phase cyclic C-C stretching,tau(H17-C8-C9-H19),dihedral,2.7534192527461765,+,0.08554831714572622,0.18633936756269648
23,895.7510090894241,,,mixed ring-site C-H out-of-plane bending / mixed-phase cyclic C-C stretching,nu(C7-C8),bond,2.6343145696130046,+,0.06667080669141172,0.2935292790201741
23,895.7510090894241,,,mixed ring-site C-H out-of-plane bending / mixed-phase cyclic C-C stretching,tau(C7-C8-C9-H19),dihedral,2.603996697457185,-,-0.05929015625317172,0.3668854199820777
23,895.7510090894241,,,mixed ring-site C-H out-of-plane bending / mixed-phase cyclic C-C stretching,nu(C6-C9),bond,2.575796681175837,-,-0.06515012030968477,0.3005635759709016
23,895.7510090894241,,,mixed ring-site C-H out-of-plane bending / mixed-phase cyclic C-C stretching,nu(C8-C9),bond,1.8792383413709661,+,0.054877410199821286,0.3090650261509001
23,895.7510090894241,,,mixed ring-site C-H out-of-plane bending / mixed-phase cyclic C-C stretching,tau(H16-C7-C8-H17),dihedral,1.4060872319610462,-,-0.061233820837654517,0.1857311553103021
23,895.7510090894241,,,mixed ring-site C-H out-of-plane bending / mixed-phase cyclic C-C stretching,delta(C3-N4-O5),angle,1.1263893041260409,-,-0.03378180375339013,0.48885274981676025
23,895.7510090894241,,,mixed ring-site C-H out-of-plane bending / mixed-phase cyclic C-C stretching,delta(C3-C2-H12),angle,1.1097553330524252,-,-0.03753119151695318,0.39020942049172896
23,895.7510090894241,,,mixed ring-site C-H out-of-plane bending / mixed-phase cyclic C-C stretching,delta(C8-C7-H15),angle,0.8602442525414059,-,-0.04430008769889894,0.217103998270187
23,895.7510090894241,,,mixed ring-site C-H out-of-plane bending / mixed-phase cyclic C-C stretching,delta(C8-C9-H20),angle,0.7294443987812829,-,-0.04245928962524123,0.20040195782920825
23,895.7510090894241,,,mixed ring-site C-H out-of-plane bending / mixed-phase cyclic C-C stretching,delta(C2-C3-N4),angle,0.698727538542863,+,0.02384558226959889,0.6086213889266646
23,895.7510090894241,,,mixed ring-site C-H out-of-plane bending / mixed-phase cyclic C-C stretching,tau(C7-C8-C9-C6),dihedral,0.6968634995463913,-,-0.017490173590436933,1.1282742892792177
23,895.7510090894241,,,mixed ring-site C-H out-of-plane bending / mixed-phase cyclic C-C stretching,nu(C2-C3),bond,0.48991692457405545,+,0.030118776539061885,0.2674871996149321
23,895.7510090894241,,,mixed ring-site C-H out-of-plane bending / mixed-phase cyclic C-C stretching,nu(C3-C6),bond,0.33627400849830835,-,-0.023866434779369252,0.29239734091777053
23,895.7510090894241,,,mixed ring-site C-H out-of-plane bending / mixed-phase cyclic C-C stretching,delta(O1-C2-H11),angle,0.2864220083023118,+,0.01971124485752002,0.3651182100925562
23,895.7510090894241,,,mixed ring-site C-H out-of-plane bending / mixed-phase cyclic C-C stretching,tau(C3-C6-C9-C8),dihedral,0.2577397830288687,-,-0.02650662511801214,0.1816886511150176
23,895.7510090894241,,,mixed ring-site C-H out-of-plane bending / mixed-phase cyclic C-C stretching,delta(N4-O5-H13),angle,0.18196603500344927,-,-0.020960258473889385,0.20514091020311076
23,895.7510090894241,,,mixed ring-site C-H out-of-plane bending / mixed-phase cyclic C-C stretching,tau(H10-O1-C2-H11),dihedral,0.14623766753250572,+,0.049460643788786125,0.02960703626146141
23,895.7510090894241,,,mixed ring-site C-H out-of-plane bending / mixed-phase cyclic C-C stretching,delta(C2-O1-H10),angle,0.13093507847317276,-,-0.01802467281931331,0.19960731200682177
23,895.7510090894241,,,mixed ring-site C-H out-of-plane bending / mixed-phase cyclic C-C stretching,nu(O1-C2),bond,0.12901506677011926,-,-0.013757588737632028,0.33760665575380766
23,895.7510090894241,,,mixed ring-site C-H out-of-plane bending / mixed-phase cyclic C-C stretching,tau(C6-C3-N4-O5),dihedral,0.11761346872347991,-,-0.019374542414541483,0.15518486550550248
23,895.7510090894241,,,mixed ring-site C-H out-of-plane bending / mixed-phase cyclic C-C stretching,nu(C3-N4),bond,0.07759392313548352,+,0.007483922348937505,0.6861583910804996
23,895.7510090894241,,,mixed ring-site C-H out-of-plane bending / mixed-phase cyclic C-C stretching,tau(O1-C2-C3-C6),dihedral,0.07528660888416243,+,0.026018077336558542,0.05508362958384606
23,895.7510090894241,,,mixed ring-site C-H out-of-plane bending / mixed-phase cyclic C-C stretching,tau(H14-C6-C9-C8),dihedral,0.06280734156005537,-,-0.009053815015786731,0.3794917959790914
23,895.7510090894241,,,mixed ring-site C-H out-of-plane bending / mixed-phase cyclic C-C stretching,delta(O1-C2-H12),angle,0.03678784017138293,-,-0.006462605076063052,0.4362588699976363
23,895.7510090894241,,,mixed ring-site C-H out-of-plane bending / mixed-phase cyclic C-C stretching,delta(C3-C6-C9),angle,0.02558678031618189,-,-0.0064013527730676706,0.3092625491988139
23,895.7510090894241,,,mixed ring-site C-H out-of-plane bending / mixed-phase cyclic C-C stretching,delta(C2-C3-C6),angle,0.009872313777565042,-,-0.0034571322058648698,0.4091119718155291
23,895.7510090894241,,,mixed ring-site C-H out-of-plane bending / mixed-phase cyclic C-C stretching,delta(O1-C2-C3),angle,0.00935579952424885,-,-0.0031087831542824297,0.4794631797439876
23,895.7510090894241,,,mixed ring-site C-H out-of-plane bending / mixed-phase cyclic C-C stretching,delta(H11-C2-H12),angle,0.006566410972927584,+,0.0031393598559073164,0.32999022352814855
23,895.7510090894241,,,mixed ring-site C-H out-of-plane bending / mixed-phase cyclic C-C stretching,nu(O1-H10),bond,0.005579311366766096,+,0.0023276952822102103,0.5100157173560682
23,895.7510090894241,,,mixed ring-site C-H out-of-plane bending / mixed-phase cyclic C-C stretching,nu(C8-H17),bond,0.004179272584692325,+,0.002487804575046222,0.33444398356763794
23,895.7510090894241,,,mixed ring-site C-H out-of-plane bending / mixed-phase cyclic C-C stretching,tau(C2-C3-C6-C9),dihedral,0.003052627503285125,+,0.008832706873022117,0.019379447476020113
23,895.7510090894241,,,mixed ring-site C-H out-of-plane bending / mixed-phase cyclic C-C stretching,nu(C9-H19),bond,0.0029664160974923275,-,-0.0020766786230782173,0.3406816157892765
23,895.7510090894241,,,mixed ring-site C-H out-of-plane bending / mixed-phase cyclic C-C stretching,tau(C2-C3-N4-O5),dihedral,0.002596938597746763,-,-0.0036550046197143995,0.096281098080716
23,895.7510090894241,,,mixed ring-site C-H out-of-plane bending / mixed-phase cyclic C-C stretching,tau(H18-C8-C9-H20),dihedral,0.0025821195234044434,+,0.002745671243015168,0.1696424301144722
23,895.7510090894241,,,mixed ring-site C-H out-of-plane bending / mixed-phase cyclic C-C stretching,nu(C7-H16),bond,0.002144093834091724,-,-0.001782128685002317,0.3343650536129274
23,895.7510090894241,,,mixed ring-site C-H out-of-plane bending / mixed-phase cyclic C-C stretching,nu(O5-H13),bond,0.002126681047639249,+,0.001415481959868804,0.5257132188054624
23,895.7510090894241,,,mixed ring-site C-H out-of-plane bending / mixed-phase cyclic C-C stretching,nu(C6-H14),bond,0.0005887861723285536,+,0.0009474525948020236,0.3248611945164227
23,895.7510090894241,,,mixed ring-site C-H out-of-plane bending / mixed-phase cyclic C-C stretching,tau(C3-N4-O5-H13),dihedral,0.00044438779297516337,+,0.0034360825085959254,0.018641899705102983
23,895.7510090894241,,,mixed ring-site C-H out-of-plane bending / mixed-phase cyclic C-C stretching,nu(C7-H15),bond,0.0002675131461237933,-,-0.0006275606817718368,0.3364254876547383
23,895.7510090894241,,,mixed ring-site C-H out-of-plane bending / mixed-phase cyclic C-C stretching,nu(C8-H18),bond,0.00019667302184091617,-,-0.0005375028688009679,0.33716185262197673
23,895.7510090894241,,,mixed ring-site C-H out-of-plane bending / mixed-phase cyclic C-C stretching,nu(C2-H11),bond,0.00018575838258031992,+,0.0005200552787052007,0.3401767416555715
23,895.7510090894241,,,mixed ring-site C-H out-of-plane bending / mixed-phase cyclic C-C stretching,nu(C9-H20),bond,6.414956790773714e-05,-,-0.00030668234882211227,0.33780913365345233
23,895.7510090894241,,,mixed ring-site C-H out-of-plane bending / mixed-phase cyclic C-C stretching,nu(C2-H12),bond,6.39235608980093e-05,+,0.00031495490120033717,0.3191680655609865
24,929.8722733960859,,,mixed opposite-phase cyclic C-C stretching / ring-site C-H out-of-plane bending,nu(C7-C8),bond,31.30872468438667,-,-0.23328312457523173,0.2935292790201741
24,929.8722733960859,,,mixed opposite-phase cyclic C-C stretching / ring-site C-H out-of-plane bending,nu(C8-C9),bond,29.913446890984805,+,0.2222207693162284,0.3090650261509001
24,929.8722733960859,,,mixed opposite-phase cyclic C-C stretching / ring-site C-H out-of-plane bending,delta(C6-C9-C8),angle,16.1671518983922,-,-0.07397276722234321,1.507448504872666
24,929.8722733960859,,,mixed opposite-phase cyclic C-C stretching / ring-site C-H out-of-plane bending,tau(C7-C8-C9-H19),dihedral,4.265293572947027,+,0.07701682060958015,0.3668854199820777
24,929.8722733960859,,,mixed opposite-phase cyclic C-C stretching / ring-site C-H out-of-plane bending,tau(H16-C7-C8-H17),dihedral,3.664561896274804,+,0.10033327753819078,0.1857311553103021
24,929.8722733960859,,,mixed opposite-phase cyclic C-C stretching / ring-site C-H out-of-plane bending,tau(H17-C8-C9-H19),dihedral,2.680130677330699,+,0.08566472499175204,0.18633936756269648
24,929.8722733960859,,,mixed opposite-phase cyclic C-C stretching / ring-site C-H out-of-plane bending,delta(C8-C7-H15),angle,2.548294802892991,-,-0.07738686833135551,0.217103998270187
24,929.8722733960859,,,mixed opposite-phase cyclic C-C stretching / ring-site C-H out-of-plane bending,delta(C8-C9-H20),angle,2.3962248981437333,+,0.07810685603151912,0.20040195782920825
24,929.8722733960859,,,mixed opposite-phase cyclic C-C stretching / ring-site C-H out-of-plane bending,tau(H14-C6-C9-H19),dihedral,1.2917865996423958,-,-0.059395835257081836,0.18682349159156134
24,929.8722733960859,,,mixed opposite-phase cyclic C-C stretching / ring-site C-H out-of-plane bending,tau(H18-C8-C9-H20),dihedral,1.2470802317172887,-,-0.06124297844016785,0.1696424301144722
24,929.8722733960859,,,mixed opposite-phase cyclic C-C stretching / ring-site C-H out-of-plane bending,tau(C6-C7-C8-H18),dihedral,1.2382486630453162,-,-0.060975081292162545,0.1699244172304189
24,929.8722733960859,,,mixed opposite-phase cyclic C-C stretching / ring-site C-H out-of-plane bending,tau(H14-C6-C7-H16),dihedral,1.0553717098843347,-,-0.051215450990744704,0.20528449235177543
24,929.8722733960859,,,mixed opposite-phase cyclic C-C stretching / ring-site C-H out-of-plane bending,tau(C9-C6-C7-H16),dihedral,0.44266067981639645,-,-0.0240800236029736,0.38950212149901003
24,929.8722733960859,,,mixed opposite-phase cyclic C-C stretching / ring-site C-H out-of-plane bending,tau(C6-C7-C8-H17),dihedral,0.3945917795634677,+,0.023388320832278077,0.36804646047394296
24,929.8722733960859,,,mixed opposite-phase cyclic C-C stretching / ring-site C-H out-of-plane bending,delta(C6-C7-H15),angle,0.3629924545297745,-,-0.029212861096684885,0.21702117349718755
24,929.8722733960859,,,mixed opposite-phase cyclic C-C stretching / ring-site C-H out-of-plane bending,delta(C3-C6-C9),angle,0.338016864729613,-,-0.023614669271813948,0.3092625491988139
24,929.8722733960859,,,mixed opposite-phase cyclic C-C stretching / ring-site C-H out-of-plane bending,nu(N4-O5),bond,0.24073955247063059,+,0.02169625109383475,0.26093404664752
24,929.8722733960859,,,mixed opposite-phase cyclic C-C stretching / ring-site C-H out-of-plane bending,tau(C7-C8-C9-H20),dihedral,0.08302880648666885,+,0.01136647402476896,0.32789135382743356
24,929.8722733960859,,,mixed opposite-phase cyclic C-C stretching / ring-site C-H out-of-plane bending,delta(C3-N4-O5),angle,0.06621017270207177,-,-0.00831284490472532,0.48885274981676025
24,929.8722733960859,,,mixed opposite-phase cyclic C-C stretching / ring-site C-H out-of-plane bending,nu(C6-C7),bond,0.05191915468369137,+,0.009593368629155377,0.2878313169969325
24,929.8722733960859,,,mixed opposite-phase cyclic C-C stretching / ring-site C-H out-of-plane bending,tau(H14-C6-C9-C8),dihedral,0.046736181430661515,-,-0.007926870544609676,0.3794917959790914
24,929.8722733960859,,,mixed opposite-phase cyclic C-C stretching / ring-site C-H out-of-plane bending,delta(C2-C3-N4),angle,0.041635598262698456,+,0.0059079273753732,0.6086213889266646
24,929.8722733960859,,,mixed opposite-phase cyclic C-C stretching / ring-site C-H out-of-plane bending,tau(C2-C3-C6-C9),dihedral,0.037112001057963334,+,0.03125811893041955,0.019379447476020113
24,929.8722733960859,,,mixed opposite-phase cyclic C-C stretching / ring-site C-H out-of-plane bending,delta(C3-C2-H12),angle,0.025043671873627698,-,-0.005722377127809112,0.39020942049172896
24,929.8722733960859,,,mixed opposite-phase cyclic C-C stretching / ring-site C-H out-of-plane bending,nu(C3-N4),bond,0.017339683573493494,+,0.003590746478950704,0.6861583910804996
24,929.8722733960859,,,mixed opposite-phase cyclic C-C stretching / ring-site C-H out-of-plane bending,tau(C7-C8-C9-C6),dihedral,0.013529957692927247,+,0.0024735302284070865,1.1282742892792177
24,929.8722733960859,,,mixed opposite-phase cyclic C-C stretching / ring-site C-H out-of-plane bending,nu(C3-C6),bond,0.013277145513204802,-,-0.004813289647055816,0.29239734091777053
24,929.8722733960859,,,mixed opposite-phase cyclic C-C stretching / ring-site C-H out-of-plane bending,delta(O1-C2-H11),angle,0.012528093824643705,+,0.004184100431824174,0.3651182100925562
24,929.8722733960859,,,mixed opposite-phase cyclic C-C stretching / ring-site C-H out-of-plane bending,delta(C2-C3-C6),angle,0.00807121562114122,+,0.0031726687379199903,0.4091119718155291
24,929.8722733960859,,,mixed opposite-phase cyclic C-C stretching / ring-site C-H out-of-plane bending,delta(C2-O1-H10),angle,0.0057896754178898445,-,-0.003846938416551731,0.19960731200682177
24,929.8722733960859,,,mixed opposite-phase cyclic C-C stretching / ring-site C-H out-of-plane bending,nu(C2-C3),bond,0.005089857555582393,+,0.003115858026173775,0.2674871996149321
24,929.8722733960859,,,mixed opposite-phase cyclic C-C stretching / ring-site C-H out-of-plane bending,nu(C6-C9),bond,0.003842352720233033,-,-0.0025539170588544124,0.3005635759709016
24,929.8722733960859,,,mixed opposite-phase cyclic C-C stretching / ring-site C-H out-of-plane bending,tau(H10-O1-C2-H11),dihedral,0.0019352527817500936,+,0.005774943386782188,0.02960703626146141
24,929.8722733960859,,,mixed opposite-phase cyclic C-C stretching / ring-site C-H out-of-plane bending,tau(C3-C6-C9-C8),dihedral,0.001781461748152945,+,0.0022366637500818324,0.1816886511150176
24,929.8722733960859,,,mixed opposite-phase cyclic C-C stretching / ring-site C-H out-of-plane bending,nu(C7-H16),bond,0.0017266365712080923,-,-0.0016231788531702479,0.3343650536129274
24,929.8722733960859,,,mixed opposite-phase cyclic C-C stretching / ring-site C-H out-of-plane bending,tau(C6-C3-N4-O5),dihedral,0.0015088581932260862,+,0.0022272854466546285,0.15518486550550248
24,929.8722733960859,,,mixed opposite-phase cyclic C-C stretching / ring-site C-H out-of-plane bending,nu(C7-H15),bond,0.0012958782884554393,-,-0.0014018902336096586,0.3364254876547383
24,929.8722733960859,,,mixed opposite-phase cyclic C-C stretching / ring-site C-H out-of-plane bending,delta(O1-C2-C3),angle,0.001233490517693596,-,-0.001145688689590639,0.4794631797439876
24,929.8722733960859,,,mixed opposite-phase cyclic C-C stretching / ring-site C-H out-of-plane bending,nu(C9-H19),bond,0.0011281035578678033,+,0.0012997998543854887,0.3406816157892765
24,929.8722733960859,,,mixed opposite-phase cyclic C-C stretching / ring-site C-H out-of-plane bending,nu(O1-C2),bond,0.000993520710650045,-,-0.0012253476185782293,0.33760665575380766
24,929.8722733960859,,,mixed opposite-phase cyclic C-C stretching / ring-site C-H out-of-plane bending,nu(C9-H20),bond,0.0008029611205383245,+,0.0011012550510925091,0.33780913365345233
24,929.8722733960859,,,mixed opposite-phase cyclic C-C stretching / ring-site C-H out-of-plane bending,delta(H11-C2-H12),angle,0.0004697573029307564,+,0.000852241311229344,0.32999022352814855
24,929.8722733960859,,,mixed opposite-phase cyclic C-C stretching / ring-site C-H out-of-plane bending,nu(O1-H10),bond,0.00014505213179204332,+,0.00038093127171561246,0.5100157173560682
24,929.8722733960859,,,mixed opposite-phase cyclic C-C stretching / ring-site C-H out-of-plane bending,delta(O1-C2-H12),angle,0.00014155175496011842,-,-0.0004068757839539353,0.4362588699976363
24,929.8722733960859,,,mixed opposite-phase cyclic C-C stretching / ring-site C-H out-of-plane bending,delta(N4-O5-H13),angle,0.00010255931055507404,-,-0.0005050539312953644,0.20514091020311076
24,929.8722733960859,,,mixed opposite-phase cyclic C-C stretching / ring-site C-H out-of-plane bending,tau(O1-C2-C3-C6),dihedral,7.633242715337059e-05,-,-0.0008408520940336655,0.05508362958384606
24,929.8722733960859,,,mixed opposite-phase cyclic C-C stretching / ring-site C-H out-of-plane bending,nu(O5-H13),bond,6.282763080770833e-05,+,0.0002469319247351389,0.5257132188054624
24,929.8722733960859,,,mixed opposite-phase cyclic C-C stretching / ring-site C-H out-of-plane bending,tau(C2-C3-N4-O5),dihedral,5.489675928451247e-05,+,0.0005393605587628163,0.096281098080716
24,929.8722733960859,,,mixed opposite-phase cyclic C-C stretching / ring-site C-H out-of-plane bending,nu(C6-H14),bond,4.579193909386171e-05,-,-0.0002681772589197502,0.3248611945164227
24,929.8722733960859,,,mixed opposite-phase cyclic C-C stretching / ring-site C-H out-of-plane bending,nu(C2-H11),bond,8.99145810003281e-06,-,-0.0001161285765275744,0.3401767416555715
24,929.8722733960859,,,mixed opposite-phase cyclic C-C stretching / ring-site C-H out-of-plane bending,tau(C3-N4-O5-H13),dihedral,5.872939738566476e-06,-,-0.0004009212146568358,0.018641899705102983
24,929.8722733960859,,,mixed opposite-phase cyclic C-C stretching / ring-site C-H out-of-plane bending,nu(C8-H17),bond,5.161960880848411e-06,-,-8.874052819094411e-05,0.33444398356763794
24,929.8722733960859,,,mixed opposite-phase cyclic C-C stretching / ring-site C-H out-of-plane bending,nu(C2-H12),bond,1.8799725713825516e-06,+,5.482042390981124e-05,0.3191680655609865
24,929.8722733960859,,,mixed opposite-phase cyclic C-C stretching / ring-site C-H out-of-plane bending,nu(C8-H18),bond,1.735753978357668e-06,+,5.125086711169696e-05,0.33716185262197673
25,939.2156062806412,,,mixed mixed-phase cyclic C-C stretching / N-O stretching,nu(N4-O5),bond,22.987141686223264,-,-0.19364729567900182,0.26093404664752
25,939.2156062806412,,,mixed mixed-phase cyclic C-C stretching / N-O stretching,nu(C8-C9),bond,18.544686523141916,+,0.15981558964946768,0.3090650261509001
25,939.2156062806412,,,mixed mixed-phase cyclic C-C stretching / N-O stretching,nu(C7-C8),bond,11.270585090035143,+,0.12784443904863682,0.2935292790201741
25,939.2156062806412,,,mixed mixed-phase cyclic C-C stretching / N-O stretching,nu(C6-C9),bond,10.717516823957494,-,-0.1232007175177009,0.3005635759709016
25,939.2156062806412,,,mixed mixed-phase cyclic C-C stretching / N-O stretching,nu(C2-C3),bond,4.573382142354869,+,0.0853103195201738,0.2674871996149321
25,939.2156062806412,,,mixed mixed-phase cyclic C-C stretching / N-O stretching,delta(C3-N4-O5),angle,3.5267406228550073,+,0.05541560176740984,0.48885274981676025
25,939.2156062806412,,,mixed mixed-phase cyclic C-C stretching / N-O stretching,nu(O1-C2),bond,3.2385437660139016,+,0.0639004196149357,0.33760665575380766
25,939.2156062806412,,,mixed mixed-phase cyclic C-C stretching / N-O stretching,delta(C2-C3-N4),angle,3.1959887553962707,-,-0.04727846205061267,0.6086213889266646
25,939.2156062806412,,,mixed mixed-phase cyclic C-C stretching / N-O stretching,tau(H16-C7-C8-H17),dihedral,3.047610569927315,-,-0.08357409457578843,0.1857311553103021
25,939.2156062806412,,,mixed mixed-phase cyclic C-C stretching / N-O stretching,nu(C3-C6),bond,2.9918000172542967,+,0.0659954349590479,0.29239734091777053
25,939.2156062806412,,,mixed mixed-phase cyclic C-C stretching / N-O stretching,delta(O1-C2-C3),angle,1.9239280520475435,-,-0.04132863937279179,0.4794631797439876
25,939.2156062806412,,,mixed mixed-phase cyclic C-C stretching / N-O stretching,tau(H17-C8-C9-H19),dihedral,1.7674987988497317,+,0.06354210236129432,0.18633936756269648
25,939.2156062806412,,,mixed mixed-phase cyclic C-C stretching / N-O stretching,delta(C3-C2-H12),angle,1.487878470277196,+,0.04028739434178734,0.39020942049172896
25,939.2156062806412,,,mixed mixed-phase cyclic C-C stretching / N-O stretching,tau(C7-C8-C9-H20),dihedral,1.4800221890670524,-,-0.04383322811176358,0.32789135382743356
25,939.2156062806412,,,mixed mixed-phase cyclic C-C stretching / N-O stretching,tau(C6-C7-C8-H17),dihedral,1.1832569952281182,-,-0.03699325467691462,0.36804646047394296
25,939.2156062806412,,,mixed mixed-phase cyclic C-C stretching / N-O stretching,delta(C8-C7-H15),angle,1.1554328707450174,+,0.047596253968649735,0.217103998270187
25,939.2156062806412,,,mixed mixed-phase cyclic C-C stretching / N-O stretching,delta(N4-O5-H13),angle,1.1506162505715958,+,0.04886224729925161,0.20514091020311076
25,939.2156062806412,,,mixed mixed-phase cyclic C-C stretching / N-O stretching,delta(C8-C9-H20),angle,0.9999625362007195,+,0.04608665728447518,0.20040195782920825
25,939.2156062806412,,,mixed mixed-phase cyclic C-C stretching / N-O stretching,delta(C3-C6-C9),angle,0.8580654332529476,-,-0.03436614851271763,0.3092625491988139
25,939.2156062806412,,,mixed mixed-phase cyclic C-C stretching / N-O stretching,nu(C6-C7),bond,0.587729902902302,+,0.029481813607575985,0.2878313169969325
25,939.2156062806412,,,mixed mixed-phase cyclic C-C stretching / N-O stretching,tau(H14-C6-C9-H19),dihedral,0.579250569025487,+,0.0363288639451351,0.18682349159156134
25,939.2156062806412,,,mixed mixed-phase cyclic C-C stretching / N-O stretching,nu(C3-N4),bond,0.5293627143187518,+,0.018121694706752636,0.6861583910804996
25,939.2156062806412,,,mixed mixed-phase cyclic C-C stretching / N-O stretching,tau(C9-C6-C7-H16),dihedral,0.5128635699170457,+,0.02367447388683648,0.38950212149901003
25,939.2156062806412,,,mixed mixed-phase cyclic C-C stretching / N-O stretching,delta(O1-C2-H12),angle,0.27724669820076325,-,-0.01644732904761861,0.4362588699976363
25,939.2156062806412,,,mixed mixed-phase cyclic C-C stretching / N-O stretching,tau(H14-C6-C7-H16),dihedral,0.21023007845022004,+,0.02087871083338654,0.20528449235177543
25,939.2156062806412,,,mixed mixed-phase cyclic C-C stretching / N-O stretching,tau(C7-C8-C9-H19),dihedral,0.20712849393374674,+,0.015502046019804339,0.3668854199820777
25,939.2156062806412,,,mixed mixed-phase cyclic C-C stretching / N-O stretching,tau(C7-C8-C9-C6),dihedral,0.1977215656953423,+,0.008636822600610182,1.1282742892792177
25,939.2156062806412,,,mixed mixed-phase cyclic C-C stretching / N-O stretching,tau(C2-C3-N4-O5),dihedral,0.17924198468748342,+,0.0281503422552029,0.096281098080716
25,939.2156062806412,,,mixed mixed-phase cyclic C-C stretching / N-O stretching,delta(C2-O1-H10),angle,0.1539895636168428,-,-0.018121399955367223,0.19960731200682177
25,939.2156062806412,,,mixed mixed-phase cyclic C-C stretching / N-O stretching,tau(H14-C6-C9-C8),dihedral,0.12174911141792187,+,0.011686003958399447,0.3794917959790914
25,939.2156062806412,,,mixed mixed-phase cyclic C-C stretching / N-O stretching,tau(C6-C7-C8-H18),dihedral,0.11779994640840354,-,-0.01717825228455008,0.1699244172304189
25,939.2156062806412,,,mixed mixed-phase cyclic C-C stretching / N-O stretching,delta(C2-C3-C6),angle,0.11457777227561557,-,-0.010918511040337548,0.4091119718155291
25,939.2156062806412,,,mixed mixed-phase cyclic C-C stretching / N-O stretching,tau(H18-C8-C9-H20),dihedral,0.024232664357155292,-,-0.007797720524501677,0.1696424301144722
25,939.2156062806412,,,mixed mixed-phase cyclic C-C stretching / N-O stretching,delta(H11-C2-H12),angle,0.020739349857473867,+,0.005172272017365003,0.32999022352814855
25,939.2156062806412,,,mixed mixed-phase cyclic C-C stretching / N-O stretching,delta(O1-C2-H11),angle,0.012659058327168612,-,-0.0038416542738449427,0.3651182100925562
25,939.2156062806412,,,mixed mixed-phase cyclic C-C stretching / N-O stretching,tau(C6-C3-N4-O5),dihedral,0.010616167428952128,+,0.005396268148752155,0.15518486550550248
25,939.2156062806412,,,mixed mixed-phase cyclic C-C stretching / N-O stretching,tau(C3-C6-C9-C8),dihedral,0.005961048441344526,-,-0.0037370744500478826,0.1816886511150176
25,939.2156062806412,,,mixed mixed-phase cyclic C-C stretching / N-O stretching,nu(C7-H15),bond,0.004826120127171589,+,0.002471092162890251,0.3364254876547383
25,939.2156062806412,,,mixed mixed-phase cyclic C-C stretching / N-O stretching,nu(C2-H12),bond,0.004449790276637415,-,-0.002436095897492025,0.3191680655609865
25,939.2156062806412,,,mixed mixed-phase cyclic C-C stretching / N-O stretching,nu(C8-H18),bond,0.00433917225949002,+,0.0023405534034688412,0.33716185262197673
25,939.2156062806412,,,mixed mixed-phase cyclic C-C stretching / N-O stretching,tau(C3-N4-O5-H13),dihedral,0.003463503338827185,-,-0.008892974490052939,0.018641899705102983
25,939.2156062806412,,,mixed mixed-phase cyclic C-C stretching / N-O stretching,tau(O1-C2-C3-C6),dihedral,0.003051464254238431,+,0.004855983401777841,0.05508362958384606
25,939.2156062806412,,,mixed mixed-phase cyclic C-C stretching / N-O stretching,nu(O5-H13),bond,0.002602440986305701,-,-0.0014516112361084384,0.5257132188054624
25,939.2156062806412,,,mixed mixed-phase cyclic C-C stretching / N-O stretching,nu(C9-H20),bond,0.0024990630905348055,+,0.0017745459156213773,0.33780913365345233
25,939.2156062806412,,,mixed mixed-phase cyclic C-C stretching / N-O stretching,nu(C8-H17),bond,0.002248717608441104,+,0.001691765215779051,0.33444398356763794
25,939.2156062806412,,,mixed mixed-phase cyclic C-C stretching / N-O stretching,tau(H10-O1-C2-H11),dihedral,0.0017797733590169584,-,-0.005058470338788672,0.02960703626146141
25,939.2156062806412,,,mixed mixed-phase cyclic C-C stretching / N-O stretching,tau(C2-C3-C6-C9),dihedral,0.001654196461487654,-,-0.006027776945288323,0.019379447476020113
25,939.2156062806412,,,mixed mixed-phase cyclic C-C stretching / N-O stretching,nu(O1-H10),bond,0.001463675710971633,-,-0.0011052613354460574,0.5100157173560682
25,939.2156062806412,,,mixed mixed-phase cyclic C-C stretching / N-O stretching,nu(C9-H19),bond,0.0011800649160014535,+,0.0012142634562549964,0.3406816157892765
25,939.2156062806412,,,mixed mixed-phase cyclic C-C stretching / N-O stretching,nu(C7-H16),bond,0.0011799523658600787,+,0.0012256207983438274,0.3343650536129274
25,939.2156062806412,,,mixed mixed-phase cyclic C-C stretching / N-O stretching,delta(C6-C7-H15),angle,0.0011660960055460356,-,-0.0015123434330024884,0.21702117349718755
25,939.2156062806412,,,mixed mixed-phase cyclic C-C stretching / N-O stretching,nu(C2-H11),bond,0.0002404988630903516,-,-0.0005485781809996289,0.3401767416555715
25,939.2156062806412,,,mixed mixed-phase cyclic C-C stretching / N-O stretching,nu(C6-H14),bond,8.93365943717339e-05,-,-0.00034213704696825904,0.3248611945164227
25,939.2156062806412,,,mixed mixed-phase cyclic C-C stretching / N-O stretching,delta(C6-C9-C8),angle,8.281120586906245e-06,+,4.835680920159997e-05,1.507448504872666
26,949.8932948101333,,,mixed C-H bending / mixed-phase cyclic C-C stretching,delta(C3-C2-H12),angle,16.842147337677304,-,-0.14961311830495197,0.39020942049172896
26,949.8932948101333,,,mixed C-H bending / mixed-phase cyclic C-C stretching,delta(C6-C9-C8),angle,10.044187145072366,+,0.05878357218559977,1.507448504872666
26,949.8932948101333,,,mixed C-H bending / mixed-phase cyclic C-C stretching,nu(C6-C9),bond,9.263557473978274,-,-0.126427207155822,0.3005635759709016
26,949.8932948101333,,,mixed C-H bending / mixed-phase cyclic C-C stretching,delta(O1-C2-H12),angle,8.808805958318171,-,-0.10233076133635888,0.4362588699976363
26,949.8932948101333,,,mixed C-H bending / mixed-phase cyclic C-C stretching,delta(O1-C2-H11),angle,6.899549928137349,+,0.09899504391716396,0.3651182100925562
26,949.8932948101333,,,mixed C-H bending / mixed-phase cyclic C-C stretching,nu(C6-C7),bond,6.784274163416848,+,0.11056113572386252,0.2878313169969325
26,949.8932948101333,,,mixed C-H bending / mixed-phase cyclic C-C stretching,tau(H14-C6-C9-C8),dihedral,4.678196757189095,+,0.07995725290618635,0.3794917959790914
26,949.8932948101333,,,mixed C-H bending / mixed-phase cyclic C-C stretching,nu(C7-C8),bond,3.766951324991705,-,-0.08158101586472608,0.2935292790201741
26,949.8932948101333,,,mixed C-H bending / mixed-phase cyclic C-C stretching,nu(C3-C6),bond,3.516060587975201,-,-0.0789698447652575,0.29239734091777053
26,949.8932948101333,,,mixed C-H bending / mixed-phase cyclic C-C stretching,delta(C2-O1-H10),angle,3.323788101309398,-,-0.09292835723695951,0.19960731200682177
26,949.8932948101333,,,mixed C-H bending / mixed-phase cyclic C-C stretching,tau(C7-C8-C9-H19),dihedral,2.8707263486994123,-,-0.06370162186138748,0.3668854199820777
26,949.8932948101333,,,mixed C-H bending / mixed-phase cyclic C-C stretching,nu(C8-C9),bond,2.557543112764012,-,-0.06550981437272692,0.3090650261509001
26,949.8932948101333,,,mixed C-H bending / mixed-phase cyclic C-C stretching,nu(O1-C2),bond,2.5096428106972533,+,0.06208980211810551,0.33760665575380766
26,949.8932948101333,,,mixed C-H bending / mixed-phase cyclic C-C stretching,delta(C6-C7-H15),angle,2.4684598780525904,+,0.07680363963164982,0.21702117349718755
26,949.8932948101333,,,mixed C-H bending / mixed-phase cyclic C-C stretching,tau(H10-O1-C2-H11),dihedral,2.2202414900691143,+,0.19720705968420174,0.02960703626146141
26,949.8932948101333,,,mixed C-H bending / mixed-phase cyclic C-C stretching,tau(H14-C6-C9-H19),dihedral,1.904437922038587,+,0.0727088853432385,0.18682349159156134
26,949.8932948101333,,,mixed C-H bending / mixed-phase cyclic C-C stretching,tau(C6-C7-C8-H17),dihedral,1.7159848168510239,+,0.049172831445679334,0.36804646047394296
26,949.8932948101333,,,mixed C-H bending / mixed-phase cyclic C-C stretching,nu(C2-C3),bond,1.7047081547041287,+,0.05749013598968276,0.2674871996149321
26,949.8932948101333,,,mixed C-H bending / mixed-phase cyclic C-C stretching,delta(C3-C6-C9),angle,1.5543105132147643,+,0.051053444100547574,0.3092625491988139
26,949.8932948101333,,,mixed C-H bending / mixed-phase cyclic C-C stretching,tau(C6-C7-C8-H18),dihedral,1.1826965998829633,+,0.060079816589550916,0.1699244172304189
26,949.8932948101333,,,mixed C-H bending / mixed-phase cyclic C-C stretching,tau(C3-C6-C9-C8),dihedral,1.0806191570142305,+,0.055538257467620214,0.1816886511150176
26,949.8932948101333,,,mixed C-H bending / mixed-phase cyclic C-C stretching,tau(C9-C6-C7-H16),dihedral,0.7993599825157369,-,-0.03262391720990524,0.38950212149901003
26,949.8932948101333,,,mixed C-H bending / mixed-phase cyclic C-C stretching,delta(C8-C7-H15),angle,0.7371380002881158,-,-0.04196239889644919,0.217103998270187
26,949.8932948101333,,,mixed C-H bending / mixed-phase cyclic C-C stretching,tau(C2-C3-N4-O5),dihedral,0.7153268297824739,-,-0.06207283178211376,0.096281098080716
26,949.8932948101333,,,mixed C-H bending / mixed-phase cyclic C-C stretching,tau(H17-C8-C9-H19),dihedral,0.3957723251594179,-,-0.03318869845657402,0.18633936756269648
26,949.8932948101333,,,mixed C-H bending / mixed-phase cyclic C-C stretching,tau(C6-C3-N4-O5),dihedral,0.27819009838947834,+,0.030490600001520915,0.15518486550550248
26,949.8932948101333,,,mixed C-H bending / mixed-phase cyclic C-C stretching,tau(C7-C8-C9-H20),dihedral,0.25142003206566443,-,-0.019941360048287025,0.32789135382743356
26,949.8932948101333,,,mixed C-H bending / mixed-phase cyclic C-C stretching,nu(C3-N4),bond,0.23235981924089602,+,0.013252204964320145,0.6861583910804996
26,949.8932948101333,,,mixed C-H bending / mixed-phase cyclic C-C stretching,delta(C3-N4-O5),angle,0.22630649697262506,+,0.015494561799375571,0.48885274981676025
26,949.8932948101333,,,mixed C-H bending / mixed-phase cyclic C-C stretching,tau(H18-C8-C9-H20),dihedral,0.12733467789237948,+,0.019729947204470438,0.1696424301144722
26,949.8932948101333,,,mixed C-H bending / mixed-phase cyclic C-C stretching,tau(H16-C7-C8-H17),dihedral,0.12417343561474713,-,-0.018620519235935593,0.1857311553103021
26,949.8932948101333,,,mixed C-H bending / mixed-phase cyclic C-C stretching,delta(C2-C3-N4),angle,0.06728911480158534,+,0.007572139753023262,0.6086213889266646
26,949.8932948101333,,,mixed C-H bending / mixed-phase cyclic C-C stretching,delta(H11-C2-H12),angle,0.05526074772014497,+,0.00931917914569336,0.32999022352814855
26,949.8932948101333,,,mixed C-H bending / mixed-phase cyclic C-C stretching,nu(N4-O5),bond,0.04901979992285751,-,-0.009870524050457696,0.26093404664752
26,949.8932948101333,,,mixed C-H bending / mixed-phase cyclic C-C stretching,delta(C2-C3-C6),angle,0.045185622549856176,-,-0.007568309075512022,0.4091119718155291
26,949.8932948101333,,,mixed C-H bending / mixed-phase cyclic C-C stretching,tau(C3-N4-O5-H13),dihedral,0.0362056805187612,+,0.03173679689419712,0.018641899705102983
26,949.8932948101333,,,mixed C-H bending / mixed-phase cyclic C-C stretching,delta(N4-O5-H13),angle,0.03539076801209825,+,0.009458857292366613,0.20514091020311076
26,949.8932948101333,,,mixed C-H bending / mixed-phase cyclic C-C stretching,nu(O1-H10),bond,0.02698872943337303,+,0.005238648487113914,0.5100157173560682
26,949.8932948101333,,,mixed C-H bending / mixed-phase cyclic C-C stretching,tau(C7-C8-C9-C6),dihedral,0.026327555912530727,+,0.0034787061474592577,1.1282742892792177
26,949.8932948101333,,,mixed C-H bending / mixed-phase cyclic C-C stretching,tau(H14-C6-C7-H16),dihedral,0.025627488902110033,-,-0.008046273196785667,0.20528449235177543
26,949.8932948101333,,,mixed C-H bending / mixed-phase cyclic C-C stretching,tau(O1-C2-C3-C6),dihedral,0.024961573202418923,+,0.015330083510864345,0.05508362958384606
26,949.8932948101333,,,mixed C-H bending / mixed-phase cyclic C-C stretching,nu(C2-H11),bond,0.007074827198461778,-,-0.003284168479273556,0.3401767416555715
26,949.8932948101333,,,mixed C-H bending / mixed-phase cyclic C-C stretching,delta(C8-C9-H20),angle,0.006276816919155304,-,-0.004030311087569337,0.20040195782920825
26,949.8932948101333,,,mixed C-H bending / mixed-phase cyclic C-C stretching,nu(C9-H20),bond,0.0030542402895315317,-,-0.00216538799957053,0.33780913365345233
26,949.8932948101333,,,mixed C-H bending / mixed-phase cyclic C-C stretching,delta(O1-C2-C3),angle,0.0022294411389598813,+,0.0015528882125003761,0.4794631797439876
26,949.8932948101333,,,mixed C-H bending / mixed-phase cyclic C-C stretching,tau(C2-C3-C6-C9),dihedral,0.0014858123831626444,-,-0.0063056681314929966,0.019379447476020113
26,949.8932948101333,,,mixed C-H bending / mixed-phase cyclic C-C stretching,nu(C8-H18),bond,0.001483018065829423,-,-0.0015103368673205287,0.33716185262197673
26,949.8932948101333,,,mixed C-H bending / mixed-phase cyclic C-C stretching,nu(C7-H15),bond,0.0008357354483869967,-,-0.0011350363888841374,0.3364254876547383
26,949.8932948101333,,,mixed C-H bending / mixed-phase cyclic C-C stretching,nu(C9-H19),bond,0.0006681917817987069,-,-0.0010085467503895198,0.3406816157892765
26,949.8932948101333,,,mixed C-H bending / mixed-phase cyclic C-C stretching,nu(C8-H17),bond,0.00020329769053133167,-,-0.0005614671441049675,0.33444398356763794
26,949.8932948101333,,,mixed C-H bending / mixed-phase cyclic C-C stretching,nu(C2-H12),bond,0.0001076859560474843,-,-0.00041830170713523214,0.3191680655609865
26,949.8932948101333,,,mixed C-H bending / mixed-phase cyclic C-C stretching,nu(O5-H13),bond,2.793189752486283e-05,-,-0.0001659952229616996,0.5257132188054624
26,949.8932948101333,,,mixed C-H bending / mixed-phase cyclic C-C stretching,nu(C6-H14),bond,2.1775428973136107e-05,+,0.00018644651060927296,0.3248611945164227
26,949.8932948101333,,,mixed C-H bending / mixed-phase cyclic C-C stretching,nu(C7-H16),bond,2.864850588225671e-06,+,6.665924137894288e-05,0.3343650536129274
27,972.5054697678108,,,mixed ring-site C-H out-of-plane bending / C-H bending,tau(C7-C8-C9-H19),dihedral,12.643102254306426,-,-0.12695152152114056,0.3668854199820777
27,972.5054697678108,,,mixed ring-site C-H out-of-plane bending / C-H bending,tau(C7-C8-C9-H20),dihedral,7.6843674430871145,-,-0.1046924566728626,0.32789135382743356
27,972.5054697678108,,,mixed ring-site C-H out-of-plane bending / C-H bending,tau(H14-C6-C9-C8),dihedral,6.970243258505036,+,0.09268278673540414,0.3794917959790914
27,972.5054697678108,,,mixed ring-site C-H out-of-plane bending / C-H bending,nu(C6-C7),bond,6.801710842061483,+,0.10512750848668856,0.2878313169969325
27,972.5054697678108,,,mixed ring-site C-H out-of-plane bending / C-H bending,nu(N4-O5),bond,6.573934544816661,+,0.10854844958767676,0.26093404664752
27,972.5054697678108,,,mixed ring-site C-H out-of-plane bending / C-H bending,delta(C3-C2-H12),angle,5.182509209163789,+,0.07881293082343487,0.39020942049172896
27,972.5054697678108,,,mixed ring-site C-H out-of-plane bending / C-H bending,tau(C6-C7-C8-H17),dihedral,5.146710842045982,+,0.08087045255394379,0.36804646047394296
27,972.5054697678108,,,mixed ring-site C-H out-of-plane bending / C-H bending,delta(O1-C2-H12),angle,4.629203716891388,+,0.07044615973982583,0.4362588699976363
27,972.5054697678108,,,mixed ring-site C-H out-of-plane bending / C-H bending,tau(C9-C6-C7-H16),dihedral,4.347678485527282,-,-0.0722520390597539,0.38950212149901003
27,972.5054697678108,,,mixed ring-site C-H out-of-plane bending / C-H bending,nu(C6-C9),bond,3.884850134919757,-,-0.07774908237554193,0.3005635759709016
27,972.5054697678108,,,mixed ring-site C-H out-of-plane bending / C-H bending,delta(C6-C7-H15),angle,3.27298312666746,+,0.08398411326468098,0.21702117349718755
27,972.5054697678108,,,mixed ring-site C-H out-of-plane bending / C-H bending,delta(O1-C2-H11),angle,3.192440642193684,-,-0.06394711860608283,0.3651182100925562
27,972.5054697678108,,,mixed ring-site C-H out-of-plane bending / C-H bending,delta(C6-C9-C8),angle,3.0903097451811186,+,0.030963929839459437,1.507448504872666
27,972.5054697678108,,,mixed ring-site C-H out-of-plane bending / C-H bending,delta(C2-C3-C6),angle,3.085676555662683,+,0.05939233747288093,0.4091119718155291
27,972.5054697678108,,,mixed ring-site C-H out-of-plane bending / C-H bending,delta(C8-C7-H15),angle,2.5748580377366026,-,-0.07447646343325313,0.217103998270187
27,972.5054697678108,,,mixed ring-site C-H out-of-plane bending / C-H bending,nu(O1-C2),bond,2.2123523290689193,-,-0.05536023916422165,0.33760665575380766
27,972.5054697678108,,,mixed ring-site C-H out-of-plane bending / C-H bending,delta(C2-O1-H10),angle,2.1576723397397353,+,0.07110183933260657,0.19960731200682177
27,972.5054697678108,,,mixed ring-site C-H out-of-plane bending / C-H bending,tau(C6-C7-C8-H18),dihedral,2.075425844949179,+,0.075579154197392,0.1699244172304189
27,972.5054697678108,,,mixed ring-site C-H out-of-plane bending / C-H bending,nu(C8-C9),bond,1.9645561490880714,+,0.054523484513519516,0.3090650261509001
27,972.5054697678108,,,mixed ring-site C-H out-of-plane bending / C-H bending,nu(C2-C3),bond,1.8987907002156648,-,-0.0576186870275762,0.2674871996149321
27,972.5054697678108,,,mixed ring-site C-H out-of-plane bending / C-H bending,delta(C8-C9-H20),angle,1.714709090913984,+,0.06325874284749221,0.20040195782920825
27,972.5054697678108,,,mixed ring-site C-H out-of-plane bending / C-H bending,tau(H14-C6-C7-H16),dihedral,1.080880853162234,+,0.04962347255219032,0.20528449235177543
27,972.5054697678108,,,mixed ring-site C-H out-of-plane bending / C-H bending,tau(H10-O1-C2-H11),dihedral,0.9575096087730754,-,-0.12298450977417608,0.02960703626146141
27,972.5054697678108,,,mixed ring-site C-H out-of-plane bending / C-H bending,delta(C3-N4-O5),angle,0.8775122725767713,-,-0.028974361879848178,0.48885274981676025
27,972.5054697678108,,,mixed ring-site C-H out-of-plane bending / C-H bending,delta(C3-C6-C9),angle,0.8267295068736172,+,0.03535854334233662,0.3092625491988139
27,972.5054697678108,,,mixed ring-site C-H out-of-plane bending / C-H bending,nu(C3-N4),bond,0.7757006498807762,-,-0.02299382384827464,0.6861583910804996
27,972.5054697678108,,,mixed ring-site C-H out-of-plane bending / C-H bending,tau(H14-C6-C9-H19),dihedral,0.7351930441767418,+,0.04290039236001654,0.18682349159156134
27,972.5054697678108,,,mixed ring-site C-H out-of-plane bending / C-H bending,delta(N4-O5-H13),angle,0.7015625594234945,-,-0.03999294395488326,0.20514091020311076
27,972.5054697678108,,,mixed ring-site C-H out-of-plane bending / C-H bending,tau(H17-C8-C9-H19),dihedral,0.6030776044736935,-,-0.03890546439667533,0.18633936756269648
27,972.5054697678108,,,mixed ring-site C-H out-of-plane bending / C-H bending,tau(C7-C8-C9-C6),dihedral,0.5936164931074223,+,0.015686351602892338,1.1282742892792177
27,972.5054697678108,,,mixed ring-site C-H out-of-plane bending / C-H bending,tau(H18-C8-C9-H20),dihedral,0.4371978999939717,-,-0.03471747270864267,0.1696424301144722
27,972.5054697678108,,,mixed ring-site C-H out-of-plane bending / C-H bending,tau(O1-C2-C3-C6),dihedral,0.3001281700532155,-,-0.05047989201891698,0.05508362958384606
27,972.5054697678108,,,mixed ring-site C-H out-of-plane bending / C-H bending,delta(O1-C2-C3),angle,0.29117889206183517,+,0.01685305451759924,0.4794631797439876
27,972.5054697678108,,,mixed ring-site C-H out-of-plane bending / C-H bending,tau(C3-C6-C9-C8),dihedral,0.16915793011112412,+,0.02086693160221955,0.1816886511150176
27,972.5054697678108,,,mixed ring-site C-H out-of-plane bending / C-H bending,nu(C7-C8),bond,0.1664595817206912,+,0.0162856462606274,0.2935292790201741
27,972.5054697678108,,,mixed ring-site C-H out-of-plane bending / C-H bending,delta(C2-C3-N4),angle,0.11500682818605573,+,0.00940079363740215,0.6086213889266646
27,972.5054697678108,,,mixed ring-site C-H out-of-plane bending / C-H bending,tau(C2-C3-N4-O5),dihedral,0.07456810350441098,+,0.019031908594452123,0.096281098080716
27,972.5054697678108,,,mixed ring-site C-H out-of-plane bending / C-H bending,tau(C6-C3-N4-O5),dihedral,0.06280793386554392,+,0.013758113348758106,0.15518486550550248
27,972.5054697678108,,,mixed ring-site C-H out-of-plane bending / C-H bending,tau(C2-C3-C6-C9),dihedral,0.03841932297432357,-,-0.03044952134134169,0.019379447476020113
27,972.5054697678108,,,mixed ring-site C-H out-of-plane bending / C-H bending,tau(H16-C7-C8-H17),dihedral,0.03723267136648485,-,-0.009682690053057014,0.1857311553103021
27,972.5054697678108,,,mixed ring-site C-H out-of-plane bending / C-H bending,nu(C3-C6),bond,0.02825712041722145,+,0.0067228520445798065,0.29239734091777053
27,972.5054697678108,,,mixed ring-site C-H out-of-plane bending / C-H bending,nu(O1-H10),bond,0.0077162751914906956,-,-0.0026600413366017154,0.5100157173560682
27,972.5054697678108,,,mixed ring-site C-H out-of-plane bending / C-H bending,tau(C3-N4-O5-H13),dihedral,0.005350309200388602,-,-0.011585657050282973,0.018641899705102983
27,972.5054697678108,,,mixed ring-site C-H out-of-plane bending / C-H bending,delta(H11-C2-H12),angle,0.00441402083281661,-,-0.0025011685793712712,0.32999022352814855
27,972.5054697678108,,,mixed ring-site C-H out-of-plane bending / C-H bending,nu(C2-H11),bond,0.0019093240088405522,+,0.0016201820638372174,0.3401767416555715
27,972.5054697678108,,,mixed ring-site C-H out-of-plane bending / C-H bending,nu(C9-H19),bond,0.0013211173982804693,-,-0.0013467056076330564,0.3406816157892765
27,972.5054697678108,,,mixed ring-site C-H out-of-plane bending / C-H bending,nu(C7-H15),bond,0.0008808010378937705,+,0.0011065493190477497,0.3364254876547383
27,972.5054697678108,,,mixed ring-site C-H out-of-plane bending / C-H bending,nu(O5-H13),bond,0.0008587878846433089,+,0.0008740671883788116,0.5257132188054624
27,972.5054697678108,,,mixed ring-site C-H out-of-plane bending / C-H bending,nu(C7-H16),bond,0.0003860204139205379,+,0.0007348031467145431,0.3343650536129274
27,972.5054697678108,,,mixed ring-site C-H out-of-plane bending / C-H bending,nu(C9-H20),bond,0.00035852213443217124,+,0.0007045285621404453,0.33780913365345233
27,972.5054697678108,,,mixed ring-site C-H out-of-plane bending / C-H bending,nu(C8-H18),bond,0.00022913476872723611,+,0.0005637708188989406,0.33716185262197673
27,972.5054697678108,,,mixed ring-site C-H out-of-plane bending / C-H bending,nu(C8-H17),bond,0.0002116595097085905,+,0.0005440433557497112,0.33444398356763794
27,972.5054697678108,,,mixed ring-site C-H out-of-plane bending / C-H bending,nu(C6-H14),bond,6.429621749905568e-05,+,0.0003042426572063131,0.3248611945164227
27,972.5054697678108,,,mixed ring-site C-H out-of-plane bending / C-H bending,nu(C2-H12),bond,1.73919566193506e-05,+,0.00015963966866805235,0.3191680655609865
28,1015.1835235873019,,,mixed cyclic C-C stretching / ring-site C-H out-of-plane bending / C-H bending,nu(C6-C9),bond,14.728340961312623,+,0.16167441496386525,0.3005635759709016
28,1015.1835235873019,,,mixed cyclic C-C stretching / ring-site C-H out-of-plane bending / C-H bending,nu(C7-C8),bond,12.336770181551199,+,0.14972957131712542,0.2935292790201741
28,1015.1835235873019,,,mixed cyclic C-C stretching / ring-site C-H out-of-plane bending / C-H bending,nu(C8-C9),bond,11.69452982274741,+,0.1420688971825837,0.3090650261509001
28,1015.1835235873019,,,mixed cyclic C-C stretching / ring-site C-H out-of-plane bending / C-H bending,delta(C3-C2-H12),angle,10.615669310906398,-,-0.12046402600699314,0.39020942049172896
28,1015.1835235873019,,,mixed cyclic C-C stretching / ring-site C-H out-of-plane bending / C-H bending,nu(C6-C7),bond,5.872526934719333,+,0.1043220335419199,0.2878313169969325
28,1015.1835235873019,,,mixed cyclic C-C stretching / ring-site C-H out-of-plane bending / C-H bending,tau(H14-C6-C9-C8),dihedral,5.414748738920743,+,0.08724097618978845,0.3794917959790914
28,1015.1835235873019,,,mixed cyclic C-C stretching / ring-site C-H out-of-plane bending / C-H bending,nu(O1-C2),bond,4.978958739088705,-,-0.08869442479077062,0.33760665575380766
28,1015.1835235873019,,,mixed cyclic C-C stretching / ring-site C-H out-of-plane bending / C-H bending,delta(O1-C2-H11),angle,4.281363273918174,+,0.07908731847844343,0.3651182100925562
28,1015.1835235873019,,,mixed cyclic C-C stretching / ring-site C-H out-of-plane bending / C-H bending,delta(C2-C3-N4),angle,3.92287319714617,+,0.05863556139675935,0.6086213889266646
28,1015.1835235873019,,,mixed cyclic C-C stretching / ring-site C-H out-of-plane bending / C-H bending,tau(H14-C6-C7-H16),dihedral,2.577799158749079,-,-0.08184252602439268,0.20528449235177543
28,1015.1835235873019,,,mixed cyclic C-C stretching / ring-site C-H out-of-plane bending / C-H bending,tau(H18-C8-C9-H20),dihedral,2.465244457243272,+,0.08804309699644387,0.1696424301144722
28,1015.1835235873019,,,mixed cyclic C-C stretching / ring-site C-H out-of-plane bending / C-H bending,nu(C2-C3),bond,1.967575324168181,-,-0.06263927746021337,0.2674871996149321
28,1015.1835235873019,,,mixed cyclic C-C stretching / ring-site C-H out-of-plane bending / C-H bending,tau(H17-C8-C9-H19),dihedral,1.9440333017159166,+,0.07459884430964862,0.18633936756269648
28,1015.1835235873019,,,mixed cyclic C-C stretching / ring-site C-H out-of-plane bending / C-H bending,delta(C3-N4-O5),angle,1.743831577579235,-,-0.043621017882810434,0.48885274981676025
28,1015.1835235873019,,,mixed cyclic C-C stretching / ring-site C-H out-of-plane bending / C-H bending,tau(H16-C7-C8-H17),dihedral,1.7106641625154524,-,-0.07009266237714087,0.1857311553103021
28,1015.1835235873019,,,mixed cyclic C-C stretching / ring-site C-H out-of-plane bending / C-H bending,delta(O1-C2-H12),angle,1.700572210548368,-,-0.04559927752579586,0.4362588699976363
28,1015.1835235873019,,,mixed cyclic C-C stretching / ring-site C-H out-of-plane bending / C-H bending,tau(C7-C8-C9-H20),dihedral,1.2880620539000713,+,0.04577580269118148,0.32789135382743356
28,1015.1835235873019,,,mixed cyclic C-C stretching / ring-site C-H out-of-plane bending / C-H bending,delta(O1-C2-C3),angle,1.1979086154447878,+,0.03650621199445775,0.4794631797439876
28,1015.1835235873019,,,mixed cyclic C-C stretching / ring-site C-H out-of-plane bending / C-H bending,tau(H14-C6-C9-H19),dihedral,1.0741139416231313,+,0.055378602562533075,0.18682349159156134
28,1015.1835235873019,,,mixed cyclic C-C stretching / ring-site C-H out-of-plane bending / C-H bending,delta(C6-C7-H15),angle,1.0193141462197017,+,0.0500536243413251,0.21702117349718755
28,1015.1835235873019,,,mixed cyclic C-C stretching / ring-site C-H out-of-plane bending / C-H bending,nu(N4-O5),bond,1.0019152163582556,+,0.04525667771764054,0.26093404664752
28,1015.1835235873019,,,mixed cyclic C-C stretching / ring-site C-H out-of-plane bending / C-H bending,tau(C7-C8-C9-H19),dihedral,0.9904671989664373,+,0.03794786790097355,0.3668854199820777
28,1015.1835235873019,,,mixed cyclic C-C stretching / ring-site C-H out-of-plane bending / C-H bending,tau(C7-C8-C9-C6),dihedral,0.7734630521482551,-,-0.019122514473343736,1.1282742892792177
28,1015.1835235873019,,,mixed cyclic C-C stretching / ring-site C-H out-of-plane bending / C-H bending,tau(C2-C3-N4-O5),dihedral,0.6835269625664188,-,-0.06153750240741903,0.096281098080716
28,1015.1835235873019,,,mixed cyclic C-C stretching / ring-site C-H out-of-plane bending / C-H bending,delta(C8-C9-H20),angle,0.6490322889172823,+,0.04156375052681375,0.20040195782920825
28,1015.1835235873019,,,mixed cyclic C-C stretching / ring-site C-H out-of-plane bending / C-H bending,tau(H10-O1-C2-H11),dihedral,0.532689426818827,+,0.09796526744172879,0.02960703626146141
28,1015.1835235873019,,,mixed cyclic C-C stretching / ring-site C-H out-of-plane bending / C-H bending,nu(C3-C6),bond,0.5199534588149635,-,-0.030798394971340827,0.29239734091777053
28,1015.1835235873019,,,mixed cyclic C-C stretching / ring-site C-H out-of-plane bending / C-H bending,delta(C2-O1-H10),angle,0.3657920922298594,-,-0.03126522014691239,0.19960731200682177
28,1015.1835235873019,,,mixed cyclic C-C stretching / ring-site C-H out-of-plane bending / C-H bending,tau(C6-C7-C8-H18),dihedral,0.36443878443921507,-,-0.033823376351127754,0.1699244172304189
28,1015.1835235873019,,,mixed cyclic C-C stretching / ring-site C-H out-of-plane bending / C-H bending,delta(C6-C9-C8),angle,0.3229867634095955,-,-0.010690639316294619,1.507448504872666
28,1015.1835235873019,,,mixed cyclic C-C stretching / ring-site C-H out-of-plane bending / C-H bending,delta(C2-C3-C6),angle,0.3208905890064517,-,-0.02045455114974432,0.4091119718155291
28,1015.1835235873019,,,mixed cyclic C-C stretching / ring-site C-H out-of-plane bending / C-H bending,delta(C8-C7-H15),angle,0.28594386910020253,+,0.026505685567490708,0.217103998270187
28,1015.1835235873019,,,mixed cyclic C-C stretching / ring-site C-H out-of-plane bending / C-H bending,tau(C2-C3-C6-C9),dihedral,0.11599772879868338,+,0.05650496437586393,0.019379447476020113
28,1015.1835235873019,,,mixed cyclic C-C stretching / ring-site C-H out-of-plane bending / C-H bending,tau(C3-C6-C9-C8),dihedral,0.09088036558850811,+,0.01633441894818433,0.1816886511150176
28,1015.1835235873019,,,mixed cyclic C-C stretching / ring-site C-H out-of-plane bending / C-H bending,delta(N4-O5-H13),angle,0.07240885703309002,+,0.013721521325893299,0.20514091020311076
28,1015.1835235873019,,,mixed cyclic C-C stretching / ring-site C-H out-of-plane bending / C-H bending,tau(C6-C3-N4-O5),dihedral,0.07142936616491712,+,0.01566918016011041,0.15518486550550248
28,1015.1835235873019,,,mixed cyclic C-C stretching / ring-site C-H out-of-plane bending / C-H bending,tau(C9-C6-C7-H16),dihedral,0.07093377339553986,-,-0.009856078997242109,0.38950212149901003
28,1015.1835235873019,,,mixed cyclic C-C stretching / ring-site C-H out-of-plane bending / C-H bending,nu(C3-N4),bond,0.05491100695099419,-,-0.006533562838628884,0.6861583910804996
28,1015.1835235873019,,,mixed cyclic C-C stretching / ring-site C-H out-of-plane bending / C-H bending,delta(H11-C2-H12),angle,0.04446885025289809,-,-0.008478323266760755,0.32999022352814855
28,1015.1835235873019,,,mixed cyclic C-C stretching / ring-site C-H out-of-plane bending / C-H bending,nu(C8-H18),bond,0.02290993471981652,+,0.0060203989034097105,0.33716185262197673
28,1015.1835235873019,,,mixed cyclic C-C stretching / ring-site C-H out-of-plane bending / C-H bending,nu(C9-H20),bond,0.018753417330200025,+,0.005441731044518154,0.33780913365345233
28,1015.1835235873019,,,mixed cyclic C-C stretching / ring-site C-H out-of-plane bending / C-H bending,nu(C2-H12),bond,0.018467584114710004,+,0.005555560546644948,0.3191680655609865
28,1015.1835235873019,,,mixed cyclic C-C stretching / ring-site C-H out-of-plane bending / C-H bending,nu(C7-H15),bond,0.016970043557274314,+,0.005187159365859727,0.3364254876547383
28,1015.1835235873019,,,mixed cyclic C-C stretching / ring-site C-H out-of-plane bending / C-H bending,tau(C6-C7-C8-H17),dihedral,0.013028025709378672,-,-0.004345307734750105,0.36804646047394296
28,1015.1835235873019,,,mixed cyclic C-C stretching / ring-site C-H out-of-plane bending / C-H bending,tau(C3-N4-O5-H13),dihedral,0.00951697387491679,+,0.016502012543252564,0.018641899705102983
28,1015.1835235873019,,,mixed cyclic C-C stretching / ring-site C-H out-of-plane bending / C-H bending,nu(C9-H19),bond,0.007856405279484306,+,0.0035072776531579163,0.3406816157892765
28,1015.1835235873019,,,mixed cyclic C-C stretching / ring-site C-H out-of-plane bending / C-H bending,nu(C7-H16),bond,0.007688524263932538,+,0.00350222151948313,0.3343650536129274
28,1015.1835235873019,,,mixed cyclic C-C stretching / ring-site C-H out-of-plane bending / C-H bending,nu(C8-H17),bond,0.0054152280671106315,+,0.002938862315686883,0.33444398356763794
28,1015.1835235873019,,,mixed cyclic C-C stretching / ring-site C-H out-of-plane bending / C-H bending,nu(O1-H10),bond,0.004655635791546067,+,0.0022066338547834866,0.5100157173560682
28,1015.1835235873019,,,mixed cyclic C-C stretching / ring-site C-H out-of-plane bending / C-H bending,delta(C3-C6-C9),angle,0.003965553925288256,-,-0.0026152958350397076,0.3092625491988139
28,1015.1835235873019,,,mixed cyclic C-C stretching / ring-site C-H out-of-plane bending / C-H bending,nu(C6-H14),bond,0.0021430529789692185,+,0.0018758585762639033,0.3248611945164227
28,1015.1835235873019,,,mixed cyclic C-C stretching / ring-site C-H out-of-plane bending / C-H bending,tau(O1-C2-C3-C6),dihedral,0.0013318218509326776,+,0.0035912393517608028,0.05508362958384606
28,1015.1835235873019,,,mixed cyclic C-C stretching / ring-site C-H out-of-plane bending / C-H bending,nu(O5-H13),bond,0.000141594190539401,-,-0.00037903631988317,0.5257132188054624
28,1015.1835235873019,,,mixed cyclic C-C stretching / ring-site C-H out-of-plane bending / C-H bending,nu(C2-H11),bond,0.00012644336752847319,-,-0.0004452749630308432,0.3401767416555715
29,1043.6847385969781,,,mixed mixed-phase cyclic C-C stretching / ring-site C-H out-of-plane bending,nu(C6-C7),bond,22.447023349189106,-,-0.2256794405703022,0.2878313169969325
29,1043.6847385969781,,,mixed mixed-phase cyclic C-C stretching / ring-site C-H out-of-plane bending,delta(C6-C9-C8),angle,11.661144423348205,-,-0.07107731018774309,1.507448504872666
29,1043.6847385969781,,,mixed mixed-phase cyclic C-C stretching / ring-site C-H out-of-plane bending,tau(C7-C8-C9-H20),dihedral,7.506962517197705,-,-0.12227812793640234,0.32789135382743356
29,1043.6847385969781,,,mixed mixed-phase cyclic C-C stretching / ring-site C-H out-of-plane bending,nu(C6-C9),bond,7.100961534207976,+,0.12421442843854408,0.3005635759709016
29,1043.6847385969781,,,mixed mixed-phase cyclic C-C stretching / ring-site C-H out-of-plane bending,delta(C6-C7-H15),angle,6.443591552816175,+,0.1392498024915353,0.21702117349718755
29,1043.6847385969781,,,mixed mixed-phase cyclic C-C stretching / ring-site C-H out-of-plane bending,tau(H14-C6-C9-C8),dihedral,6.118119763759311,+,0.10260993940710757,0.3794917959790914
29,1043.6847385969781,,,mixed mixed-phase cyclic C-C stretching / ring-site C-H out-of-plane bending,delta(C8-C9-H20),angle,4.247494948027728,+,0.11765139887947461,0.20040195782920825
29,1043.6847385969781,,,mixed mixed-phase cyclic C-C stretching / ring-site C-H out-of-plane bending,tau(C7-C8-C9-H19),dihedral,3.80921333074601,-,-0.08234439840159284,0.3668854199820777
29,1043.6847385969781,,,mixed mixed-phase cyclic C-C stretching / ring-site C-H out-of-plane bending,tau(C9-C6-C7-H16),dihedral,3.6558420840283277,-,-0.07829255031168345,0.38950212149901003
29,1043.6847385969781,,,mixed mixed-phase cyclic C-C stretching / ring-site C-H out-of-plane bending,tau(C6-C7-C8-H17),dihedral,3.1661075697145917,+,0.07495371277770521,0.36804646047394296
29,1043.6847385969781,,,mixed mixed-phase cyclic C-C stretching / ring-site C-H out-of-plane bending,delta(C8-C7-H15),angle,2.987295798860203,-,-0.09479530824062268,0.217103998270187
29,1043.6847385969781,,,mixed mixed-phase cyclic C-C stretching / ring-site C-H out-of-plane bending,nu(N4-O5),bond,2.5356061402544663,-,-0.07966309266637712,0.26093404664752
29,1043.6847385969781,,,mixed mixed-phase cyclic C-C stretching / ring-site C-H out-of-plane bending,delta(C3-C6-C9),angle,2.4855108411596367,-,-0.07244790061153467,0.3092625491988139
29,1043.6847385969781,,,mixed mixed-phase cyclic C-C stretching / ring-site C-H out-of-plane bending,delta(C2-C3-C6),angle,2.1744123262665447,-,-0.05891576162132518,0.4091119718155291
29,1043.6847385969781,,,mixed mixed-phase cyclic C-C stretching / ring-site C-H out-of-plane bending,tau(C7-C8-C9-C6),dihedral,1.8923339120912468,-,-0.03309582261353168,1.1282742892792177
29,1043.6847385969781,,,mixed mixed-phase cyclic C-C stretching / ring-site C-H out-of-plane bending,tau(H18-C8-C9-H20),dihedral,1.6911253075117096,-,-0.08068676280619289,0.1696424301144722
29,1043.6847385969781,,,mixed mixed-phase cyclic C-C stretching / ring-site C-H out-of-plane bending,nu(C3-C6),bond,1.657866814953093,+,0.06085128444155145,0.29239734091777053
29,1043.6847385969781,,,mixed mixed-phase cyclic C-C stretching / ring-site C-H out-of-plane bending,tau(C3-C6-C9-C8),dihedral,1.6186937355597142,-,-0.07627813789916499,0.1816886511150176
29,1043.6847385969781,,,mixed mixed-phase cyclic C-C stretching / ring-site C-H out-of-plane bending,nu(C3-N4),bond,0.842213106437683,+,0.028312645308432565,0.6861583910804996
29,1043.6847385969781,,,mixed mixed-phase cyclic C-C stretching / ring-site C-H out-of-plane bending,delta(N4-O5-H13),angle,0.7493777929879002,+,0.04884340255004829,0.20514091020311076
29,1043.6847385969781,,,mixed mixed-phase cyclic C-C stretching / ring-site C-H out-of-plane bending,delta(O1-C2-H11),angle,0.7081841204852284,+,0.03559081926971574,0.3651182100925562
29,1043.6847385969781,,,mixed mixed-phase cyclic C-C stretching / ring-site C-H out-of-plane bending,tau(H16-C7-C8-H17),dihedral,0.6857259489406983,-,-0.04910373777167176,0.1857311553103021
29,1043.6847385969781,,,mixed mixed-phase cyclic C-C stretching / ring-site C-H out-of-plane bending,tau(C6-C3-N4-O5),dihedral,0.6436405575182963,-,-0.05204495758635057,0.15518486550550248
29,1043.6847385969781,,,mixed mixed-phase cyclic C-C stretching / ring-site C-H out-of-plane bending,nu(C8-C9),bond,0.49794802532083776,-,-0.032437600113787636,0.3090650261509001
29,1043.6847385969781,,,mixed mixed-phase cyclic C-C stretching / ring-site C-H out-of-plane bending,delta(C3-C2-H12),angle,0.43052101121900344,-,-0.026842931350822836,0.39020942049172896
29,1043.6847385969781,,,mixed mixed-phase cyclic C-C stretching / ring-site C-H out-of-plane bending,delta(O1-C2-H12),angle,0.34832578608549586,-,-0.02283506844783893,0.4362588699976363
29,1043.6847385969781,,,mixed mixed-phase cyclic C-C stretching / ring-site C-H out-of-plane bending,tau(O1-C2-C3-C6),dihedral,0.34828870416837326,+,0.06425990216597206,0.05508362958384606
29,1043.6847385969781,,,mixed mixed-phase cyclic C-C stretching / ring-site C-H out-of-plane bending,nu(C7-C8),bond,0.3363322520739943,-,-0.02735521821904114,0.2935292790201741
29,1043.6847385969781,,,mixed mixed-phase cyclic C-C stretching / ring-site C-H out-of-plane bending,nu(O1-C2),bond,0.2920393331915433,-,-0.023768228498737647,0.33760665575380766
29,1043.6847385969781,,,mixed mixed-phase cyclic C-C stretching / ring-site C-H out-of-plane bending,tau(H17-C8-C9-H19),dihedral,0.288706200054259,+,0.03180953983747686,0.18633936756269648
29,1043.6847385969781,,,mixed mixed-phase cyclic C-C stretching / ring-site C-H out-of-plane bending,delta(C2-O1-H10),angle,0.2121321899053055,-,-0.026344909096712783,0.19960731200682177
29,1043.6847385969781,,,mixed mixed-phase cyclic C-C stretching / ring-site C-H out-of-plane bending,nu(C2-C3),bond,0.10420085551037855,+,0.015950187038749664,0.2674871996149321
29,1043.6847385969781,,,mixed mixed-phase cyclic C-C stretching / ring-site C-H out-of-plane bending,tau(C2-C3-C6-C9),dihedral,0.08347372122653429,+,0.05303784035744896,0.019379447476020113
29,1043.6847385969781,,,mixed mixed-phase cyclic C-C stretching / ring-site C-H out-of-plane bending,tau(H10-O1-C2-H11),dihedral,0.06089711611387609,+,0.0366507220679258,0.02960703626146141
29,1043.6847385969781,,,mixed mixed-phase cyclic C-C stretching / ring-site C-H out-of-plane bending,delta(O1-C2-C3),angle,0.05686356851996726,-,-0.008800777970714187,0.4794631797439876
29,1043.6847385969781,,,mixed mixed-phase cyclic C-C stretching / ring-site C-H out-of-plane bending,tau(H14-C6-C9-H19),dihedral,0.03372415860562696,-,-0.010857665532304378,0.18682349159156134
29,1043.6847385969781,,,mixed mixed-phase cyclic C-C stretching / ring-site C-H out-of-plane bending,tau(H14-C6-C7-H16),dihedral,0.03231456674916783,+,0.010139177759056863,0.20528449235177543
29,1043.6847385969781,,,mixed mixed-phase cyclic C-C stretching / ring-site C-H out-of-plane bending,tau(C6-C7-C8-H18),dihedral,0.017526521042330864,-,-0.008207324495200344,0.1699244172304189
29,1043.6847385969781,,,mixed mixed-phase cyclic C-C stretching / ring-site C-H out-of-plane bending,delta(H11-C2-H12),angle,0.014837099112129805,-,-0.005418830942516819,0.32999022352814855
29,1043.6847385969781,,,mixed mixed-phase cyclic C-C stretching / ring-site C-H out-of-plane bending,nu(C2-H12),bond,0.0050670674406263355,+,0.003219958441203647,0.3191680655609865
29,1043.6847385969781,,,mixed mixed-phase cyclic C-C stretching / ring-site C-H out-of-plane bending,delta(C2-C3-N4),angle,0.002397950761606885,+,0.0016040879082367433,0.6086213889266646
29,1043.6847385969781,,,mixed mixed-phase cyclic C-C stretching / ring-site C-H out-of-plane bending,delta(C3-N4-O5),angle,0.002151782843508895,+,0.0016954767116768947,0.48885274981676025
29,1043.6847385969781,,,mixed mixed-phase cyclic C-C stretching / ring-site C-H out-of-plane bending,nu(C6-H14),bond,0.0010047132746349781,+,0.001421195394955079,0.3248611945164227
29,1043.6847385969781,,,mixed mixed-phase cyclic C-C stretching / ring-site C-H out-of-plane bending,tau(C3-N4-O5-H13),dihedral,0.0009148009568266288,-,-0.005661087419560237,0.018641899705102983
29,1043.6847385969781,,,mixed mixed-phase cyclic C-C stretching / ring-site C-H out-of-plane bending,tau(C2-C3-N4-O5),dihedral,0.0005762855693957147,+,0.0019771061854840706,0.096281098080716
29,1043.6847385969781,,,mixed mixed-phase cyclic C-C stretching / ring-site C-H out-of-plane bending,nu(C8-H18),bond,0.0003782536839863306,-,-0.0008559610589458989,0.33716185262197673
29,1043.6847385969781,,,mixed mixed-phase cyclic C-C stretching / ring-site C-H out-of-plane bending,nu(C7-H15),bond,0.00030844041649075014,-,-0.0007737895049311343,0.3364254876547383
29,1043.6847385969781,,,mixed mixed-phase cyclic C-C stretching / ring-site C-H out-of-plane bending,nu(C2-H11),bond,0.00022755050009575257,+,0.0006609494241052698,0.3401767416555715
29,1043.6847385969781,,,mixed mixed-phase cyclic C-C stretching / ring-site C-H out-of-plane bending,nu(O5-H13),bond,0.00018201604325555792,-,-0.00047551259627709685,0.5257132188054624
29,1043.6847385969781,,,mixed mixed-phase cyclic C-C stretching / ring-site C-H out-of-plane bending,nu(C9-H20),bond,0.0001732694702493686,-,-0.0005787712766483855,0.33780913365345233
29,1043.6847385969781,,,mixed mixed-phase cyclic C-C stretching / ring-site C-H out-of-plane bending,nu(C7-H16),bond,2.3035210590080376e-05,-,-0.0002121130032471153,0.3343650536129274
29,1043.6847385969781,,,mixed mixed-phase cyclic C-C stretching / ring-site C-H out-of-plane bending,nu(O1-H10),bond,1.344416361106309e-05,+,0.00013120692407691224,0.5100157173560682
29,1043.6847385969781,,,mixed mixed-phase cyclic C-C stretching / ring-site C-H out-of-plane bending,nu(C9-H19),bond,2.210727211714592e-06,-,-6.509908271876911e-05,0.3406816157892765
29,1043.6847385969781,,,mixed mixed-phase cyclic C-C stretching / ring-site C-H out-of-plane bending,nu(C8-H17),bond,5.939775379636311e-07,-,-3.405688767331559e-05,0.33444398356763794
30,1064.1846452256793,,,mixed C-O stretching / cyclic C-C stretching,nu(O1-C2),bond,66.00709297530717,+,0.3349661097479459,0.33760665575380766
30,1064.1846452256793,,,mixed C-O stretching / cyclic C-C stretching,nu(C2-C3),bond,5.182657776849471,-,-0.10544738894817422,0.2674871996149321
30,1064.1846452256793,,,mixed C-O stretching / cyclic C-C stretching,delta(C2-O1-H10),angle,4.668241538124751,-,-0.11585092411728909,0.19960731200682177
30,1064.1846452256793,,,mixed C-O stretching / cyclic C-C stretching,nu(C6-C9),bond,4.473869484743231,+,0.09242395456751425,0.3005635759709016
30,1064.1846452256793,,,mixed C-O stretching / cyclic C-C stretching,delta(O1-C2-C3),angle,3.8415675546374657,-,-0.06780905202821333,0.4794631797439876
30,1064.1846452256793,,,mixed C-O stretching / cyclic C-C stretching,delta(C3-C2-H12),angle,3.2580155566083318,+,0.06922114329682678,0.39020942049172896
30,1064.1846452256793,,,mixed C-O stretching / cyclic C-C stretching,delta(C2-C3-N4),angle,2.3928545169115156,+,0.0475002185912318,0.6086213889266646
30,1064.1846452256793,,,mixed C-O stretching / cyclic C-C stretching,tau(C2-C3-N4-O5),dihedral,1.5570850998786858,+,0.09633779975228887,0.096281098080716
30,1064.1846452256793,,,mixed C-O stretching / cyclic C-C stretching,nu(N4-O5),bond,1.3784373729819597,+,0.055060380867970764,0.26093404664752
30,1064.1846452256793,,,mixed C-O stretching / cyclic C-C stretching,delta(C2-C3-C6),angle,0.915286436464409,-,-0.0358317884472722,0.4091119718155291
30,1064.1846452256793,,,mixed C-O stretching / cyclic C-C stretching,nu(C7-C8),bond,0.7561277386675622,+,0.03844881307593766,0.2935292790201741
30,1064.1846452256793,,,mixed C-O stretching / cyclic C-C stretching,delta(H11-C2-H12),angle,0.7553804525047686,+,0.036244607459879535,0.32999022352814855
30,1064.1846452256793,,,mixed C-O stretching / cyclic C-C stretching,tau(C7-C8-C9-H19),dihedral,0.7151430269379861,-,-0.03344585432133846,0.3668854199820777
30,1064.1846452256793,,,mixed C-O stretching / cyclic C-C stretching,nu(C8-C9),bond,0.49444878456232144,+,0.030300290450806407,0.3090650261509001
30,1064.1846452256793,,,mixed C-O stretching / cyclic C-C stretching,nu(C3-C6),bond,0.44296185518471887,-,-0.029485433791558786,0.29239734091777053
30,1064.1846452256793,,,mixed C-O stretching / cyclic C-C stretching,delta(C8-C7-H15),angle,0.34726901288161566,-,-0.03029773562655238,0.217103998270187
30,1064.1846452256793,,,mixed C-O stretching / cyclic C-C stretching,delta(C3-N4-O5),angle,0.2667106219323616,-,-0.017694658733031818,0.48885274981676025
30,1064.1846452256793,,,mixed C-O stretching / cyclic C-C stretching,tau(C7-C8-C9-H20),dihedral,0.2571052985976732,-,-0.021212975836529865,0.32789135382743356
30,1064.1846452256793,,,mixed C-O stretching / cyclic C-C stretching,tau(H18-C8-C9-H20),dihedral,0.21660965546024039,-,-0.027069655543242505,0.1696424301144722
30,1064.1846452256793,,,mixed C-O stretching / cyclic C-C stretching,tau(C9-C6-C7-H16),dihedral,0.20916963807713373,-,-0.017555187605632346,0.38950212149901003
30,1064.1846452256793,,,mixed C-O stretching / cyclic C-C stretching,tau(C2-C3-C6-C9),dihedral,0.16511838852781152,-,-0.06992590431284623,0.019379447476020113
30,1064.1846452256793,,,mixed C-O stretching / cyclic C-C stretching,nu(C3-N4),bond,0.15432267527579982,-,-0.011360926459009994,0.6861583910804996
30,1064.1846452256793,,,mixed C-O stretching / cyclic C-C stretching,tau(H17-C8-C9-H19),dihedral,0.14921230303146302,-,-0.021436855201073295,0.18633936756269648
30,1064.1846452256793,,,mixed C-O stretching / cyclic C-C stretching,tau(H14-C6-C7-H16),dihedral,0.1284492554506982,-,-0.01894954516616901,0.20528449235177543
30,1064.1846452256793,,,mixed C-O stretching / cyclic C-C stretching,tau(H14-C6-C9-C8),dihedral,0.12743803258812172,+,0.013882235242936762,0.3794917959790914
30,1064.1846452256793,,,mixed C-O stretching / cyclic C-C stretching,tau(H10-O1-C2-H11),dihedral,0.11519887556011622,-,-0.04725390658802795,0.02960703626146141
30,1064.1846452256793,,,mixed C-O stretching / cyclic C-C stretching,delta(N4-O5-H13),angle,0.1138420243804227,-,-0.017845808655566002,0.20514091020311076
30,1064.1846452256793,,,mixed C-O stretching / cyclic C-C stretching,tau(O1-C2-C3-C6),dihedral,0.10468554105259138,+,0.03302502405630804,0.05508362958384606
30,1064.1846452256793,,,mixed C-O stretching / cyclic C-C stretching,delta(C6-C7-H15),angle,0.1017748968367106,+,0.01640515537129774,0.21702117349718755
30,1064.1846452256793,,,mixed C-O stretching / cyclic C-C stretching,tau(C3-C6-C9-C8),dihedral,0.09677588646453597,-,-0.01748359529313459,0.1816886511150176
30,1064.1846452256793,,,mixed C-O stretching / cyclic C-C stretching,tau(C6-C7-C8-H17),dihedral,0.09550028812894804,+,0.012202872803821907,0.36804646047394296
30,1064.1846452256793,,,mixed C-O stretching / cyclic C-C stretching,nu(C2-H12),bond,0.08468647174836427,-,-0.012339807086749081,0.3191680655609865
30,1064.1846452256793,,,mixed C-O stretching / cyclic C-C stretching,tau(H16-C7-C8-H17),dihedral,0.07516921678429082,+,0.015240130952067853,0.1857311553103021
30,1064.1846452256793,,,mixed C-O stretching / cyclic C-C stretching,delta(C6-C9-C8),angle,0.07210405379351353,-,-0.005239256544812801,1.507448504872666
30,1064.1846452256793,,,mixed C-O stretching / cyclic C-C stretching,nu(O1-H10),bond,0.05379422049156791,+,0.007780134330848553,0.5100157173560682
30,1064.1846452256793,,,mixed C-O stretching / cyclic C-C stretching,delta(O1-C2-H12),angle,0.04910937115417576,-,-0.008037502438374547,0.4362588699976363
30,1064.1846452256793,,,mixed C-O stretching / cyclic C-C stretching,nu(C6-C7),bond,0.043770630974227134,+,0.00934186199809064,0.2878313169969325
30,1064.1846452256793,,,mixed C-O stretching / cyclic C-C stretching,delta(C3-C6-C9),angle,0.03821581756963359,-,-0.008421102976142666,0.3092625491988139
30,1064.1846452256793,,,mixed C-O stretching / cyclic C-C stretching,nu(C2-H11),bond,0.02490197317935397,-,-0.006481501684717134,0.3401767416555715
30,1064.1846452256793,,,mixed C-O stretching / cyclic C-C stretching,tau(C6-C7-C8-H18),dihedral,0.015821987186878165,-,-0.0073099378726535335,0.1699244172304189
30,1064.1846452256793,,,mixed C-O stretching / cyclic C-C stretching,tau(C6-C3-N4-O5),dihedral,0.014274452810318467,-,-0.007265510232502161,0.15518486550550248
30,1064.1846452256793,,,mixed C-O stretching / cyclic C-C stretching,delta(C8-C9-H20),angle,0.013717960370436752,+,0.006267651756070162,0.20040195782920825
30,1064.1846452256793,,,mixed C-O stretching / cyclic C-C stretching,delta(O1-C2-H11),angle,0.011402645187183013,-,-0.004233476221055094,0.3651182100925562
30,1064.1846452256793,,,mixed C-O stretching / cyclic C-C stretching,tau(C3-N4-O5-H13),dihedral,0.006668770911278774,-,-0.014328109173450143,0.018641899705102983
30,1064.1846452256793,,,mixed C-O stretching / cyclic C-C stretching,tau(H14-C6-C9-H19),dihedral,0.0016247675134536356,+,0.002234039962338126,0.18682349159156134
30,1064.1846452256793,,,mixed C-O stretching / cyclic C-C stretching,nu(C7-H15),bond,0.001444034438215675,+,0.0015694785922075942,0.3364254876547383
30,1064.1846452256793,,,mixed C-O stretching / cyclic C-C stretching,nu(C9-H20),bond,0.0010379668197878717,+,0.0013279053105912215,0.33780913365345233
30,1064.1846452256793,,,mixed C-O stretching / cyclic C-C stretching,nu(C8-H18),bond,0.0009518694298196762,+,0.0012728597105501607,0.33716185262197673
30,1064.1846452256793,,,mixed C-O stretching / cyclic C-C stretching,nu(O5-H13),bond,0.0009455890455117995,+,0.001015986257863899,0.5257132188054624
30,1064.1846452256793,,,mixed C-O stretching / cyclic C-C stretching,nu(C6-H14),bond,0.0008270530740509978,+,0.0012087287105610846,0.3248611945164227
30,1064.1846452256793,,,mixed C-O stretching / cyclic C-C stretching,tau(C7-C8-C9-C6),dihedral,0.0005136648516354012,+,0.0005111444447040805,1.1282742892792177
30,1064.1846452256793,,,mixed C-O stretching / cyclic C-C stretching,nu(C7-H16),bond,0.0005031840403911974,+,0.0009293173706076147,0.3343650536129274
30,1064.1846452256793,,,mixed C-O stretching / cyclic C-C stretching,nu(C8-H17),bond,0.00013115616609735785,+,0.0004743989607088519,0.33444398356763794
30,1064.1846452256793,,,mixed C-O stretching / cyclic C-C stretching,nu(C9-H19),bond,3.057784919392066e-05,+,0.00022695522431184835,0.3406816157892765
31,1131.2766970765279,,,mixed ring-site C-H out-of-plane bending / cyclic-ring torsional/out-of-plane deformation,tau(C7-C8-C9-C6),dihedral,17.67917489628286,+,0.12347376566785453,1.1282742892792177
31,1131.2766970765279,,,mixed ring-site C-H out-of-plane bending / cyclic-ring torsional/out-of-plane deformation,tau(H18-C8-C9-H20),dihedral,13.770003252777961,-,-0.2810287954864735,0.1696424301144722
31,1131.2766970765279,,,mixed ring-site C-H out-of-plane bending / cyclic-ring torsional/out-of-plane deformation,tau(H17-C8-C9-H19),dihedral,12.297210865843963,-,-0.25339733588202923,0.18633936756269648
31,1131.2766970765279,,,mixed ring-site C-H out-of-plane bending / cyclic-ring torsional/out-of-plane deformation,tau(H14-C6-C9-C8),dihedral,10.682158798025657,-,-0.16549289841545167,0.3794917959790914
31,1131.2766970765279,,,mixed ring-site C-H out-of-plane bending / cyclic-ring torsional/out-of-plane deformation,tau(H16-C7-C8-H17),dihedral,10.043206971257248,+,0.2293743597523754,0.1857311553103021
31,1131.2766970765279,,,mixed ring-site C-H out-of-plane bending / cyclic-ring torsional/out-of-plane deformation,tau(C7-C8-C9-H19),dihedral,5.76015762821643,-,-0.12359559726336415,0.3668854199820777
31,1131.2766970765279,,,mixed ring-site C-H out-of-plane bending / cyclic-ring torsional/out-of-plane deformation,delta(C6-C7-H15),angle,5.002977931024382,-,-0.14976636286141037,0.21702117349718755
31,1131.2766970765279,,,mixed ring-site C-H out-of-plane bending / cyclic-ring torsional/out-of-plane deformation,tau(C7-C8-C9-H20),dihedral,4.586548400514103,-,-0.11666190156281801,0.32789135382743356
31,1131.2766970765279,,,mixed ring-site C-H out-of-plane bending / cyclic-ring torsional/out-of-plane deformation,delta(C8-C7-H15),angle,3.0663120701974367,-,-0.11722636772756706,0.217103998270187
31,1131.2766970765279,,,mixed ring-site C-H out-of-plane bending / cyclic-ring torsional/out-of-plane deformation,nu(C6-C9),bond,2.8987983242892783,+,0.0968705731491952,0.3005635759709016
31,1131.2766970765279,,,mixed ring-site C-H out-of-plane bending / cyclic-ring torsional/out-of-plane deformation,delta(C8-C9-H20),angle,2.609202091179882,-,-0.11255218280712583,0.20040195782920825
31,1131.2766970765279,,,mixed ring-site C-H out-of-plane bending / cyclic-ring torsional/out-of-plane deformation,delta(C3-C6-C9),angle,2.0010292992945313,-,-0.07934400187773706,0.3092625491988139
31,1131.2766970765279,,,mixed ring-site C-H out-of-plane bending / cyclic-ring torsional/out-of-plane deformation,delta(O1-C2-H12),angle,1.5662917093346413,-,-0.05910377665041551,0.4362588699976363
31,1131.2766970765279,,,mixed ring-site C-H out-of-plane bending / cyclic-ring torsional/out-of-plane deformation,nu(C6-C7),bond,1.0160090301281315,+,0.058604478357232884,0.2878313169969325
31,1131.2766970765279,,,mixed ring-site C-H out-of-plane bending / cyclic-ring torsional/out-of-plane deformation,delta(O1-C2-H11),angle,0.7106666871935983,+,0.043517834409972915,0.3651182100925562
31,1131.2766970765279,,,mixed ring-site C-H out-of-plane bending / cyclic-ring torsional/out-of-plane deformation,tau(C6-C3-N4-O5),dihedral,0.6608238050514024,+,0.06436787926986995,0.15518486550550248
31,1131.2766970765279,,,mixed ring-site C-H out-of-plane bending / cyclic-ring torsional/out-of-plane deformation,tau(H14-C6-C9-H19),dihedral,0.5723782384219283,-,-0.054598015527777065,0.18682349159156134
31,1131.2766970765279,,,mixed ring-site C-H out-of-plane bending / cyclic-ring torsional/out-of-plane deformation,nu(C3-N4),bond,0.4963707890413034,+,0.02653028782242291,0.6861583910804996
31,1131.2766970765279,,,mixed ring-site C-H out-of-plane bending / cyclic-ring torsional/out-of-plane deformation,delta(C2-C3-C6),angle,0.47099880688893314,-,-0.033468777732421406,0.4091119718155291
31,1131.2766970765279,,,mixed ring-site C-H out-of-plane bending / cyclic-ring torsional/out-of-plane deformation,delta(O1-C2-C3),angle,0.43544938697352975,+,0.029726395674997394,0.4794631797439876
31,1131.2766970765279,,,mixed ring-site C-H out-of-plane bending / cyclic-ring torsional/out-of-plane deformation,nu(C7-C8),bond,0.36043693900008766,+,0.03456527174451992,0.2935292790201741
31,1131.2766970765279,,,mixed ring-site C-H out-of-plane bending / cyclic-ring torsional/out-of-plane deformation,nu(C8-C9),bond,0.35400156187656845,+,0.033383256599753997,0.3090650261509001
31,1131.2766970765279,,,mixed ring-site C-H out-of-plane bending / cyclic-ring torsional/out-of-plane deformation,tau(C6-C7-C8-H18),dihedral,0.31860378291472513,+,0.042711872608274526,0.1699244172304189
31,1131.2766970765279,,,mixed ring-site C-H out-of-plane bending / cyclic-ring torsional/out-of-plane deformation,nu(N4-O5),bond,0.29912314598452844,-,-0.03339724774458688,0.26093404664752
31,1131.2766970765279,,,mixed ring-site C-H out-of-plane bending / cyclic-ring torsional/out-of-plane deformation,tau(C2-C3-N4-O5),dihedral,0.2954291716254077,-,-0.054639562599492895,0.096281098080716
31,1131.2766970765279,,,mixed ring-site C-H out-of-plane bending / cyclic-ring torsional/out-of-plane deformation,delta(N4-O5-H13),angle,0.2912915267087777,+,0.037169680658144015,0.20514091020311076
31,1131.2766970765279,,,mixed ring-site C-H out-of-plane bending / cyclic-ring torsional/out-of-plane deformation,tau(C6-C7-C8-H17),dihedral,0.2526722936905155,+,0.025845118737627158,0.36804646047394296
31,1131.2766970765279,,,mixed ring-site C-H out-of-plane bending / cyclic-ring torsional/out-of-plane deformation,delta(C2-O1-H10),angle,0.25199001131274146,-,-0.03504729329017653,0.19960731200682177
31,1131.2766970765279,,,mixed ring-site C-H out-of-plane bending / cyclic-ring torsional/out-of-plane deformation,tau(C3-C6-C9-C8),dihedral,0.24012883034868499,+,0.035859918275773596,0.1816886511150176
31,1131.2766970765279,,,mixed ring-site C-H out-of-plane bending / cyclic-ring torsional/out-of-plane deformation,tau(O1-C2-C3-C6),dihedral,0.1891562161802758,-,-0.0578029598578308,0.05508362958384606
31,1131.2766970765279,,,mixed ring-site C-H out-of-plane bending / cyclic-ring torsional/out-of-plane deformation,nu(O1-C2),bond,0.16827213294965787,-,-0.022021740615166062,0.33760665575380766
31,1131.2766970765279,,,mixed ring-site C-H out-of-plane bending / cyclic-ring torsional/out-of-plane deformation,nu(C3-C6),bond,0.13971111921568993,+,0.021561542140933705,0.29239734091777053
31,1131.2766970765279,,,mixed ring-site C-H out-of-plane bending / cyclic-ring torsional/out-of-plane deformation,delta(C6-C9-C8),angle,0.12526966140738124,-,-0.008991926579954318,1.507448504872666
31,1131.2766970765279,,,mixed ring-site C-H out-of-plane bending / cyclic-ring torsional/out-of-plane deformation,nu(C2-C3),bond,0.09337115877059708,-,-0.01842917590465616,0.2674871996149321
31,1131.2766970765279,,,mixed ring-site C-H out-of-plane bending / cyclic-ring torsional/out-of-plane deformation,delta(C3-C2-H12),angle,0.06766973912627805,-,-0.012989708917467112,0.39020942049172896
31,1131.2766970765279,,,mixed ring-site C-H out-of-plane bending / cyclic-ring torsional/out-of-plane deformation,tau(H14-C6-C7-H16),dihedral,0.05209488800379373,+,0.01571341302073744,0.20528449235177543
31,1131.2766970765279,,,mixed ring-site C-H out-of-plane bending / cyclic-ring torsional/out-of-plane deformation,tau(C9-C6-C7-H16),dihedral,0.04794365870877329,-,-0.01094363792782978,0.38950212149901003
31,1131.2766970765279,,,mixed ring-site C-H out-of-plane bending / cyclic-ring torsional/out-of-plane deformation,delta(H11-C2-H12),angle,0.04726276972979068,-,-0.01180483961108746,0.32999022352814855
31,1131.2766970765279,,,mixed ring-site C-H out-of-plane bending / cyclic-ring torsional/out-of-plane deformation,tau(C2-C3-C6-C9),dihedral,0.02562174749539285,-,-0.03586614675013807,0.019379447476020113
31,1131.2766970765279,,,mixed ring-site C-H out-of-plane bending / cyclic-ring torsional/out-of-plane deformation,tau(H10-O1-C2-H11),dihedral,0.02326319837260169,+,0.027649563994585305,0.02960703626146141
31,1131.2766970765279,,,mixed ring-site C-H out-of-plane bending / cyclic-ring torsional/out-of-plane deformation,tau(C3-N4-O5-H13),dihedral,0.008908772375103893,+,0.021563283403521948,0.018641899705102983
31,1131.2766970765279,,,mixed ring-site C-H out-of-plane bending / cyclic-ring torsional/out-of-plane deformation,delta(C3-N4-O5),angle,0.006747615921918378,-,-0.0036646895436544154,0.48885274981676025
31,1131.2766970765279,,,mixed ring-site C-H out-of-plane bending / cyclic-ring torsional/out-of-plane deformation,delta(C2-C3-N4),angle,0.005931687453591183,+,0.0030794032759822476,0.6086213889266646
31,1131.2766970765279,,,mixed ring-site C-H out-of-plane bending / cyclic-ring torsional/out-of-plane deformation,nu(C9-H19),bond,0.003952682353971894,-,-0.003359871372063087,0.3406816157892765
31,1131.2766970765279,,,mixed ring-site C-H out-of-plane bending / cyclic-ring torsional/out-of-plane deformation,nu(C7-H16),bond,0.001958401418014378,-,-0.0023872145909447627,0.3343650536129274
31,1131.2766970765279,,,mixed ring-site C-H out-of-plane bending / cyclic-ring torsional/out-of-plane deformation,nu(C6-H14),bond,0.0015875033464280688,-,-0.002180516861651544,0.3248611945164227
31,1131.2766970765279,,,mixed ring-site C-H out-of-plane bending / cyclic-ring torsional/out-of-plane deformation,nu(O1-H10),bond,0.0004912642885204528,+,0.0009680925111379294,0.5100157173560682
31,1131.2766970765279,,,mixed ring-site C-H out-of-plane bending / cyclic-ring torsional/out-of-plane deformation,nu(C9-H20),bond,0.0003938707607626513,+,0.001065104501381344,0.33780913365345233
31,1131.2766970765279,,,mixed ring-site C-H out-of-plane bending / cyclic-ring torsional/out-of-plane deformation,nu(C2-H12),bond,0.0003818448014878824,+,0.0010789088824538693,0.3191680655609865
31,1131.2766970765279,,,mixed ring-site C-H out-of-plane bending / cyclic-ring torsional/out-of-plane deformation,nu(C7-H15),bond,0.0003150788040144401,+,0.0009545884864664351,0.3364254876547383
31,1131.2766970765279,,,mixed ring-site C-H out-of-plane bending / cyclic-ring torsional/out-of-plane deformation,nu(C8-H17),bond,0.00013399171257506067,-,-0.0006243502906377897,0.33444398356763794
31,1131.2766970765279,,,mixed ring-site C-H out-of-plane bending / cyclic-ring torsional/out-of-plane deformation,nu(C8-H18),bond,8.145338281350889e-05,-,-0.00048482654500198077,0.33716185262197673
31,1131.2766970765279,,,mixed ring-site C-H out-of-plane bending / cyclic-ring torsional/out-of-plane deformation,nu(O5-H13),bond,2.541480848273125e-05,-,-0.000216880254958517,0.5257132188054624
31,1131.2766970765279,,,mixed ring-site C-H out-of-plane bending / cyclic-ring torsional/out-of-plane deformation,nu(C2-H11),bond,7.88321286716124e-06,-,-0.00015015865220344138,0.3401767416555715
32,1186.3278971526106,,,mixed C-H bending / ring-site C-H out-of-plane bending,delta(O1-C2-H11),angle,16.902121889807834,-,-0.19049295467395722,0.3651182100925562
32,1186.3278971526106,,,mixed C-H bending / ring-site C-H out-of-plane bending,nu(C3-C6),bond,11.843753050874323,-,-0.17818987066972658,0.29239734091777053
32,1186.3278971526106,,,mixed C-H bending / ring-site C-H out-of-plane bending,delta(O1-C2-H12),angle,10.17629289810502,+,0.1352221118993155,0.4362588699976363
32,1186.3278971526106,,,mixed C-H bending / ring-site C-H out-of-plane bending,delta(C2-O1-H10),angle,10.056928033917872,+,0.1987327756690906,0.19960731200682177
32,1186.3278971526106,,,mixed C-H bending / ring-site C-H out-of-plane bending,nu(C2-C3),bond,8.870442824270443,+,0.16123012797686437,0.2674871996149321
32,1186.3278971526106,,,mixed C-H bending / ring-site C-H out-of-plane bending,tau(H14-C6-C7-H16),dihedral,7.436372219862242,-,-0.16851072171675918,0.20528449235177543
32,1186.3278971526106,,,mixed C-H bending / ring-site C-H out-of-plane bending,delta(C2-C3-N4),angle,6.723846865342151,-,-0.09305942222220312,0.6086213889266646
32,1186.3278971526106,,,mixed C-H bending / ring-site C-H out-of-plane bending,tau(H18-C8-C9-H20),dihedral,5.529519058514804,-,-0.15984589489937834,0.1696424301144722
32,1186.3278971526106,,,mixed C-H bending / ring-site C-H out-of-plane bending,delta(C8-C7-H15),angle,3.0221009525518077,-,-0.10445894211608647,0.217103998270187
32,1186.3278971526106,,,mixed C-H bending / ring-site C-H out-of-plane bending,delta(C3-N4-O5),angle,2.9331062884919215,+,0.06858038511000782,0.48885274981676025
32,1186.3278971526106,,,mixed C-H bending / ring-site C-H out-of-plane bending,delta(N4-O5-H13),angle,2.8873552016186297,-,-0.10503862261790202,0.20514091020311076
32,1186.3278971526106,,,mixed C-H bending / ring-site C-H out-of-plane bending,nu(C6-C9),bond,1.9684151791681042,+,0.071649840572307,0.3005635759709016
32,1186.3278971526106,,,mixed C-H bending / ring-site C-H out-of-plane bending,tau(C7-C8-C9-H20),dihedral,1.3806829795461912,-,-0.057452251553616676,0.32789135382743356
32,1186.3278971526106,,,mixed C-H bending / ring-site C-H out-of-plane bending,delta(C3-C2-H12),angle,1.3462450127293912,-,-0.05200417714519432,0.39020942049172896
32,1186.3278971526106,,,mixed C-H bending / ring-site C-H out-of-plane bending,tau(H14-C6-C9-H19),dihedral,1.153302227040345,+,0.06956341166313662,0.18682349159156134
32,1186.3278971526106,,,mixed C-H bending / ring-site C-H out-of-plane bending,nu(C7-C8),bond,1.1078266782746036,+,0.05439202729079336,0.2935292790201741
32,1186.3278971526106,,,mixed C-H bending / ring-site C-H out-of-plane bending,tau(H17-C8-C9-H19),dihedral,1.042173955926938,-,-0.06621293659844939,0.18633936756269648
32,1186.3278971526106,,,mixed C-H bending / ring-site C-H out-of-plane bending,delta(C6-C7-H15),angle,0.9785387178082066,+,0.05945152558614765,0.21702117349718755
32,1186.3278971526106,,,mixed C-H bending / ring-site C-H out-of-plane bending,tau(H14-C6-C9-C8),dihedral,0.6396897395918468,+,0.036350345820994355,0.3794917959790914
32,1186.3278971526106,,,mixed C-H bending / ring-site C-H out-of-plane bending,tau(C7-C8-C9-H19),dihedral,0.5165634695117649,-,-0.03322168597750485,0.3668854199820777
32,1186.3278971526106,,,mixed C-H bending / ring-site C-H out-of-plane bending,tau(C7-C8-C9-C6),dihedral,0.4586872913124333,+,0.017851555240073348,1.1282742892792177
32,1186.3278971526106,,,mixed C-H bending / ring-site C-H out-of-plane bending,tau(C9-C6-C7-H16),dihedral,0.45296999686594125,-,-0.030192901830378434,0.38950212149901003
32,1186.3278971526106,,,mixed C-H bending / ring-site C-H out-of-plane bending,delta(C6-C9-C8),angle,0.3321924098270526,+,0.0131431256598516,1.507448504872666
32,1186.3278971526106,,,mixed C-H bending / ring-site C-H out-of-plane bending,delta(O1-C2-C3),angle,0.329325345074262,-,-0.023203847226253252,0.4794631797439876
32,1186.3278971526106,,,mixed C-H bending / ring-site C-H out-of-plane bending,nu(C6-C7),bond,0.3138590124871576,+,0.02923636194706176,0.2878313169969325
32,1186.3278971526106,,,mixed C-H bending / ring-site C-H out-of-plane bending,tau(H16-C7-C8-H17),dihedral,0.27806129218338493,+,0.0342572848208137,0.1857311553103021
32,1186.3278971526106,,,mixed C-H bending / ring-site C-H out-of-plane bending,delta(C3-C6-C9),angle,0.2308301110169691,-,-0.024188426340655336,0.3092625491988139
32,1186.3278971526106,,,mixed C-H bending / ring-site C-H out-of-plane bending,tau(C6-C7-C8-H17),dihedral,0.23062380245084785,+,0.022162859420306543,0.36804646047394296
32,1186.3278971526106,,,mixed C-H bending / ring-site C-H out-of-plane bending,tau(H10-O1-C2-H11),dihedral,0.20560362512243258,+,0.07378073312804964,0.02960703626146141
32,1186.3278971526106,,,mixed C-H bending / ring-site C-H out-of-plane bending,tau(C6-C7-C8-H18),dihedral,0.2051560521293526,-,-0.03076375346241359,0.1699244172304189
32,1186.3278971526106,,,mixed C-H bending / ring-site C-H out-of-plane bending,nu(N4-O5),bond,0.10468776108916196,-,-0.017734037865673777,0.26093404664752
32,1186.3278971526106,,,mixed C-H bending / ring-site C-H out-of-plane bending,tau(C2-C3-N4-O5),dihedral,0.08779714258657455,+,0.026735894804385384,0.096281098080716
32,1186.3278971526106,,,mixed C-H bending / ring-site C-H out-of-plane bending,tau(C3-C6-C9-C8),dihedral,0.06549198184295378,-,-0.016809516287240197,0.1816886511150176
32,1186.3278971526106,,,mixed C-H bending / ring-site C-H out-of-plane bending,nu(O1-H10),bond,0.062496867017598504,-,-0.009800819557755776,0.5100157173560682
32,1186.3278971526106,,,mixed C-H bending / ring-site C-H out-of-plane bending,delta(C8-C9-H20),angle,0.0335766842287971,+,0.011460220491689392,0.20040195782920825
32,1186.3278971526106,,,mixed C-H bending / ring-site C-H out-of-plane bending,delta(C2-C3-C6),angle,0.029889108998563823,-,-0.00756763958854037,0.4091119718155291
32,1186.3278971526106,,,mixed C-H bending / ring-site C-H out-of-plane bending,tau(C2-C3-C6-C9),dihedral,0.02344472311731994,-,-0.030794766037891056,0.019379447476020113
32,1186.3278971526106,,,mixed C-H bending / ring-site C-H out-of-plane bending,nu(C8-C9),bond,0.009069477513827967,-,-0.004796133387378029,0.3090650261509001
32,1186.3278971526106,,,mixed C-H bending / ring-site C-H out-of-plane bending,delta(H11-C2-H12),angle,0.008259416793977455,-,-0.0044294438913488575,0.32999022352814855
32,1186.3278971526106,,,mixed C-H bending / ring-site C-H out-of-plane bending,tau(O1-C2-C3-C6),dihedral,0.005293370414420907,-,-0.00867920444336032,0.05508362958384606
32,1186.3278971526106,,,mixed C-H bending / ring-site C-H out-of-plane bending,nu(C2-H11),bond,0.0034290986783043864,+,0.0028110122176356568,0.3401767416555715
32,1186.3278971526106,,,mixed C-H bending / ring-site C-H out-of-plane bending,nu(C2-H12),bond,0.00332473222728767,+,0.0028575489006368404,0.3191680655609865
32,1186.3278971526106,,,mixed C-H bending / ring-site C-H out-of-plane bending,nu(C3-N4),bond,0.0028347266036250905,+,0.0017995687821163319,0.6861583910804996
32,1186.3278971526106,,,mixed C-H bending / ring-site C-H out-of-plane bending,nu(C6-H14),bond,0.0027631504168636623,+,0.0025821317355325182,0.3248611945164227
32,1186.3278971526106,,,mixed C-H bending / ring-site C-H out-of-plane bending,tau(C3-N4-O5-H13),dihedral,0.0026646742053625283,-,-0.010585272084929492,0.018641899705102983
32,1186.3278971526106,,,mixed C-H bending / ring-site C-H out-of-plane bending,tau(C6-C3-N4-O5),dihedral,0.0008727158004039014,-,-0.0020996010806339296,0.15518486550550248
32,1186.3278971526106,,,mixed C-H bending / ring-site C-H out-of-plane bending,nu(O1-C2),bond,0.0008033357702591637,-,-0.0013657402316363692,0.33760665575380766
32,1186.3278971526106,,,mixed C-H bending / ring-site C-H out-of-plane bending,nu(C8-H18),bond,0.0004207646629606309,+,0.0009890664357081356,0.33716185262197673
32,1186.3278971526106,,,mixed C-H bending / ring-site C-H out-of-plane bending,nu(C7-H16),bond,0.000125585851907026,+,0.0005426064700095815,0.3343650536129274
32,1186.3278971526106,,,mixed C-H bending / ring-site C-H out-of-plane bending,nu(C7-H15),bond,4.856303107103816e-05,+,0.0003363825803803291,0.3364254876547383
32,1186.3278971526106,,,mixed C-H bending / ring-site C-H out-of-plane bending,nu(C8-H17),bond,4.801823485476127e-05,+,0.0003354798592361722,0.33444398356763794
32,1186.3278971526106,,,mixed C-H bending / ring-site C-H out-of-plane bending,nu(C9-H19),bond,4.2724274755152094e-05,+,0.0003135364600920725,0.3406816157892765
32,1186.3278971526106,,,mixed C-H bending / ring-site C-H out-of-plane bending,nu(O5-H13),bond,2.4500401028145895e-05,+,0.00019113366968420546,0.5257132188054624
32,1186.3278971526106,,,mixed C-H bending / ring-site C-H out-of-plane bending,nu(C9-H20),bond,4.694813836090673e-06,+,0.00010437549407089984,0.33780913365345233
33,1205.251330844869,,,mixed ring-site C-H out-of-plane bending / ring-site C-H in-plane bending,tau(H18-C8-C9-H20),dihedral,21.858222463634505,+,0.3040854655511193,0.1696424301144722
33,1205.251330844869,,,mixed ring-site C-H out-of-plane bending / ring-site C-H in-plane bending,delta(C8-C7-H15),angle,12.501726420852442,+,0.20328557796629287,0.217103998270187
33,1205.251330844869,,,mixed ring-site C-H out-of-plane bending / ring-site C-H in-plane bending,tau(C6-C7-C8-H18),dihedral,11.296324699723307,+,0.21842189629890668,0.1699244172304189
33,1205.251330844869,,,mixed ring-site C-H out-of-plane bending / ring-site C-H in-plane bending,delta(C8-C9-H20),angle,10.406862770236026,-,-0.19304760503542825,0.20040195782920825
33,1205.251330844869,,,mixed ring-site C-H out-of-plane bending / ring-site C-H in-plane bending,delta(C6-C7-H15),angle,7.430364410251356,-,-0.15675069939647043,0.21702117349718755
33,1205.251330844869,,,mixed ring-site C-H out-of-plane bending / ring-site C-H in-plane bending,nu(C8-C9),bond,6.132244355636394,+,0.11932742770467795,0.3090650261509001
33,1205.251330844869,,,mixed ring-site C-H out-of-plane bending / ring-site C-H in-plane bending,nu(C7-C8),bond,5.704287472335915,-,-0.11809471769775423,0.2935292790201741
33,1205.251330844869,,,mixed ring-site C-H out-of-plane bending / ring-site C-H in-plane bending,tau(C7-C8-C9-H19),dihedral,4.78918449028662,-,-0.09678789424931203,0.3668854199820777
33,1205.251330844869,,,mixed ring-site C-H out-of-plane bending / ring-site C-H in-plane bending,delta(C6-C9-C8),angle,3.946576345293755,-,-0.043345547788388235,1.507448504872666
33,1205.251330844869,,,mixed ring-site C-H out-of-plane bending / ring-site C-H in-plane bending,tau(C7-C8-C9-H20),dihedral,3.3260682396155183,+,0.08532102798841558,0.32789135382743356
33,1205.251330844869,,,mixed ring-site C-H out-of-plane bending / ring-site C-H in-plane bending,delta(O1-C2-H11),angle,2.201384180516246,-,-0.06577890777968508,0.3651182100925562
33,1205.251330844869,,,mixed ring-site C-H out-of-plane bending / ring-site C-H in-plane bending,delta(O1-C2-H12),angle,1.4310182573941896,+,0.04851834033019589,0.4362588699976363
33,1205.251330844869,,,mixed ring-site C-H out-of-plane bending / ring-site C-H in-plane bending,tau(C6-C7-C8-H17),dihedral,1.3569353200673706,+,0.0514379598364205,0.36804646047394296
33,1205.251330844869,,,mixed ring-site C-H out-of-plane bending / ring-site C-H in-plane bending,tau(H14-C6-C7-H16),dihedral,1.2501157551222999,-,-0.06610777297966239,0.20528449235177543
33,1205.251330844869,,,mixed ring-site C-H out-of-plane bending / ring-site C-H in-plane bending,delta(C3-C6-C9),angle,0.939568077886215,-,-0.046693448022715425,0.3092625491988139
33,1205.251330844869,,,mixed ring-site C-H out-of-plane bending / ring-site C-H in-plane bending,delta(C2-O1-H10),angle,0.9347290993086392,+,0.057970913314680225,0.19960731200682177
33,1205.251330844869,,,mixed ring-site C-H out-of-plane bending / ring-site C-H in-plane bending,tau(H17-C8-C9-H19),dihedral,0.6417647068606401,-,-0.049715417466887304,0.18633936756269648
33,1205.251330844869,,,mixed ring-site C-H out-of-plane bending / ring-site C-H in-plane bending,tau(H16-C7-C8-H17),dihedral,0.6322863079689985,-,-0.04942765342161603,0.1857311553103021
33,1205.251330844869,,,mixed ring-site C-H out-of-plane bending / ring-site C-H in-plane bending,delta(C3-C2-H12),angle,0.564338790650766,-,-0.03221636676510072,0.39020942049172896
33,1205.251330844869,,,mixed ring-site C-H out-of-plane bending / ring-site C-H in-plane bending,tau(C9-C6-C7-H16),dihedral,0.4824005425319213,-,-0.029812916538221844,0.38950212149901003
33,1205.251330844869,,,mixed ring-site C-H out-of-plane bending / ring-site C-H in-plane bending,nu(C3-C6),bond,0.42763978007888687,-,-0.032397225858366234,0.29239734091777053
33,1205.251330844869,,,mixed ring-site C-H out-of-plane bending / ring-site C-H in-plane bending,nu(C6-C9),bond,0.2633142416656248,+,0.02507404980711947,0.3005635759709016
33,1205.251330844869,,,mixed ring-site C-H out-of-plane bending / ring-site C-H in-plane bending,nu(C3-N4),bond,0.2349290367131161,+,0.015675147777773287,0.6861583910804996
33,1205.251330844869,,,mixed ring-site C-H out-of-plane bending / ring-site C-H in-plane bending,nu(C2-C3),bond,0.21224442965729143,+,0.02386284018775079,0.2674871996149321
33,1205.251330844869,,,mixed ring-site C-H out-of-plane bending / ring-site C-H in-plane bending,delta(C2-C3-N4),angle,0.19458273083891764,-,-0.015147258110807851,0.6086213889266646
33,1205.251330844869,,,mixed ring-site C-H out-of-plane bending / ring-site C-H in-plane bending,tau(C3-C6-C9-C8),dihedral,0.1804004658856113,-,-0.026693800556154012,0.1816886511150176
33,1205.251330844869,,,mixed ring-site C-H out-of-plane bending / ring-site C-H in-plane bending,tau(H14-C6-C9-H19),dihedral,0.1595668281903133,-,-0.02475774287494993,0.18682349159156134
33,1205.251330844869,,,mixed ring-site C-H out-of-plane bending / ring-site C-H in-plane bending,delta(C2-C3-C6),angle,0.1147569907206378,-,-0.014188091010651728,0.4091119718155291
33,1205.251330844869,,,mixed ring-site C-H out-of-plane bending / ring-site C-H in-plane bending,delta(C3-N4-O5),angle,0.06128645158494272,+,0.009485248023962672,0.48885274981676025
33,1205.251330844869,,,mixed ring-site C-H out-of-plane bending / ring-site C-H in-plane bending,nu(N4-O5),bond,0.05829285128372967,-,-0.012661867331254711,0.26093404664752
33,1205.251330844869,,,mixed ring-site C-H out-of-plane bending / ring-site C-H in-plane bending,tau(H10-O1-C2-H11),dihedral,0.05817125880707578,+,0.037550199385687294,0.02960703626146141
33,1205.251330844869,,,mixed ring-site C-H out-of-plane bending / ring-site C-H in-plane bending,nu(O1-C2),bond,0.05581657227396973,+,0.01089260024912413,0.33760665575380766
33,1205.251330844869,,,mixed ring-site C-H out-of-plane bending / ring-site C-H in-plane bending,delta(O1-C2-C3),angle,0.05087865445052343,-,-0.008726611906607779,0.4794631797439876
33,1205.251330844869,,,mixed ring-site C-H out-of-plane bending / ring-site C-H in-plane bending,tau(H14-C6-C9-C8),dihedral,0.04700807817672592,+,0.009428455087283382,0.3794917959790914
33,1205.251330844869,,,mixed ring-site C-H out-of-plane bending / ring-site C-H in-plane bending,tau(C6-C3-N4-O5),dihedral,0.020790291882681163,-,-0.00980530473455765,0.15518486550550248
33,1205.251330844869,,,mixed ring-site C-H out-of-plane bending / ring-site C-H in-plane bending,tau(C2-C3-N4-O5),dihedral,0.009930285590265105,+,0.008603315235654567,0.096281098080716
33,1205.251330844869,,,mixed ring-site C-H out-of-plane bending / ring-site C-H in-plane bending,tau(O1-C2-C3-C6),dihedral,0.007768940460356124,+,0.010060628354638581,0.05508362958384606
33,1205.251330844869,,,mixed ring-site C-H out-of-plane bending / ring-site C-H in-plane bending,nu(O1-H10),bond,0.0051641626252357815,-,-0.0026956509685469453,0.5100157173560682
33,1205.251330844869,,,mixed ring-site C-H out-of-plane bending / ring-site C-H in-plane bending,delta(H11-C2-H12),angle,0.0028879825078453637,-,-0.002506122102557913,0.32999022352814855
33,1205.251330844869,,,mixed ring-site C-H out-of-plane bending / ring-site C-H in-plane bending,nu(C2-H12),bond,0.0022680221918414158,+,0.0022582364777192776,0.3191680655609865
33,1205.251330844869,,,mixed ring-site C-H out-of-plane bending / ring-site C-H in-plane bending,tau(C7-C8-C9-C6),dihedral,0.001987348527473218,+,0.0011243076276546751,1.1282742892792177
33,1205.251330844869,,,mixed ring-site C-H out-of-plane bending / ring-site C-H in-plane bending,tau(C2-C3-C6-C9),dihedral,0.0018492378008047791,+,0.008275250897578565,0.019379447476020113
33,1205.251330844869,,,mixed ring-site C-H out-of-plane bending / ring-site C-H in-plane bending,nu(C7-H16),bond,0.0007312291539437596,-,-0.001252771293130907,0.3343650536129274
33,1205.251330844869,,,mixed ring-site C-H out-of-plane bending / ring-site C-H in-plane bending,nu(C6-C7),bond,0.0003523750746777582,-,-0.0009373225217563592,0.2878313169969325
33,1205.251330844869,,,mixed ring-site C-H out-of-plane bending / ring-site C-H in-plane bending,tau(C3-N4-O5-H13),dihedral,0.0003244042472528287,-,-0.003533895203199993,0.018641899705102983
33,1205.251330844869,,,mixed ring-site C-H out-of-plane bending / ring-site C-H in-plane bending,nu(C2-H11),bond,0.00019763333054885845,+,0.0006457036933016835,0.3401767416555715
33,1205.251330844869,,,mixed ring-site C-H out-of-plane bending / ring-site C-H in-plane bending,nu(C9-H19),bond,0.00015351673397647525,+,0.0005686682695294213,0.3406816157892765
33,1205.251330844869,,,mixed ring-site C-H out-of-plane bending / ring-site C-H in-plane bending,nu(C7-H15),bond,0.0001446383220199153,-,-0.0005554599188146374,0.3364254876547383
33,1205.251330844869,,,mixed ring-site C-H out-of-plane bending / ring-site C-H in-plane bending,nu(C6-H14),bond,0.00013924599948744964,+,0.0005546230684114486,0.3248611945164227
33,1205.251330844869,,,mixed ring-site C-H out-of-plane bending / ring-site C-H in-plane bending,nu(C9-H20),bond,1.1027681423703078e-05,+,0.0001530600659141943,0.33780913365345233
33,1205.251330844869,,,mixed ring-site C-H out-of-plane bending / ring-site C-H in-plane bending,nu(O5-H13),bond,5.810038733480841e-06,+,8.905751022851783e-05,0.5257132188054624
33,1205.251330844869,,,mixed ring-site C-H out-of-plane bending / ring-site C-H in-plane bending,nu(C8-H18),bond,2.2286083549474836e-06,-,-6.887365735173399e-05,0.33716185262197673
33,1205.251330844869,,,mixed ring-site C-H out-of-plane bending / ring-site C-H in-plane bending,delta(N4-O5-H13),angle,3.8918290584334703e-07,-,-3.689828860027083e-05,0.20514091020311076
33,1205.251330844869,,,mixed ring-site C-H out-of-plane bending / ring-site C-H in-plane bending,nu(C8-H17),bond,1.5353967459166394e-07,-,-1.8151148016156873e-05,0.33444398356763794
34,1236.1060092655996,,,mixed ring-site C-H out-of-plane bending / ring-site C-H in-plane bending,tau(H14-C6-C9-H19),dihedral,25.416029153559606,-,-0.3690122888698487,0.18682349159156134
34,1236.1060092655996,,,mixed ring-site C-H out-of-plane bending / ring-site C-H in-plane bending,tau(C7-C8-C9-H19),dihedral,14.801106815891812,-,-0.20094841792987572,0.3668854199820777
34,1236.1060092655996,,,mixed ring-site C-H out-of-plane bending / ring-site C-H in-plane bending,delta(C8-C9-H20),angle,9.011974287096386,+,0.2121591239697704,0.20040195782920825
34,1236.1060092655996,,,mixed ring-site C-H out-of-plane bending / ring-site C-H in-plane bending,delta(C8-C7-H15),angle,8.747991767223779,+,0.2008274128583818,0.217103998270187
34,1236.1060092655996,,,mixed ring-site C-H out-of-plane bending / ring-site C-H in-plane bending,tau(H14-C6-C9-C8),dihedral,7.365522483865725,-,-0.13938091317713341,0.3794917959790914
34,1236.1060092655996,,,mixed ring-site C-H out-of-plane bending / ring-site C-H in-plane bending,tau(C6-C7-C8-H17),dihedral,5.975368985532073,-,-0.1274775661361208,0.36804646047394296
34,1236.1060092655996,,,mixed ring-site C-H out-of-plane bending / ring-site C-H in-plane bending,tau(C7-C8-C9-H20),dihedral,5.477713269982971,-,-0.1293115706565431,0.32789135382743356
34,1236.1060092655996,,,mixed ring-site C-H out-of-plane bending / ring-site C-H in-plane bending,tau(C6-C7-C8-H18),dihedral,3.8821993427360435,-,-0.1512215700648168,0.1699244172304189
34,1236.1060092655996,,,mixed ring-site C-H out-of-plane bending / ring-site C-H in-plane bending,tau(H16-C7-C8-H17),dihedral,3.3354473056940313,-,-0.13407178249936638,0.1857311553103021
34,1236.1060092655996,,,mixed ring-site C-H out-of-plane bending / ring-site C-H in-plane bending,tau(H17-C8-C9-H19),dihedral,2.9241068982133616,-,-0.1253276901901508,0.18633936756269648
34,1236.1060092655996,,,mixed ring-site C-H out-of-plane bending / ring-site C-H in-plane bending,delta(C6-C7-H15),angle,2.4693844551333037,-,-0.10672005066334496,0.21702117349718755
34,1236.1060092655996,,,mixed ring-site C-H out-of-plane bending / ring-site C-H in-plane bending,nu(C6-C7),bond,2.235647471622768,+,0.08817294783162002,0.2878313169969325
34,1236.1060092655996,,,mixed ring-site C-H out-of-plane bending / ring-site C-H in-plane bending,tau(C3-C6-C9-C8),dihedral,1.4404168398624149,+,0.08908055542556373,0.1816886511150176
34,1236.1060092655996,,,mixed ring-site C-H out-of-plane bending / ring-site C-H in-plane bending,tau(C9-C6-C7-H16),dihedral,1.3973081207248037,+,0.059923048493728974,0.38950212149901003
34,1236.1060092655996,,,mixed ring-site C-H out-of-plane bending / ring-site C-H in-plane bending,tau(C7-C8-C9-C6),dihedral,1.3558942000993972,-,-0.03468233087837284,1.1282742892792177
34,1236.1060092655996,,,mixed ring-site C-H out-of-plane bending / ring-site C-H in-plane bending,delta(C6-C9-C8),angle,0.932797053757807,+,0.02488714405865158,1.507448504872666
34,1236.1060092655996,,,mixed ring-site C-H out-of-plane bending / ring-site C-H in-plane bending,nu(C7-C8),bond,0.6522100951651253,-,-0.047159670924774966,0.2935292790201741
34,1236.1060092655996,,,mixed ring-site C-H out-of-plane bending / ring-site C-H in-plane bending,tau(H14-C6-C7-H16),dihedral,0.4744414009703043,+,0.04809677311191486,0.20528449235177543
34,1236.1060092655996,,,mixed ring-site C-H out-of-plane bending / ring-site C-H in-plane bending,delta(O1-C2-H11),angle,0.36158298998230903,-,-0.03148400484281985,0.3651182100925562
34,1236.1060092655996,,,mixed ring-site C-H out-of-plane bending / ring-site C-H in-plane bending,nu(C8-C9),bond,0.304800031032828,-,-0.031418488903636424,0.3090650261509001
34,1236.1060092655996,,,mixed ring-site C-H out-of-plane bending / ring-site C-H in-plane bending,nu(C3-C6),bond,0.20310309711295596,-,-0.026367823632335356,0.29239734091777053
34,1236.1060092655996,,,mixed ring-site C-H out-of-plane bending / ring-site C-H in-plane bending,tau(C6-C3-N4-O5),dihedral,0.2014379338897477,+,0.0360453020058701,0.15518486550550248
34,1236.1060092655996,,,mixed ring-site C-H out-of-plane bending / ring-site C-H in-plane bending,delta(C2-O1-H10),angle,0.18657935367386402,+,0.030587662566779143,0.19960731200682177
34,1236.1060092655996,,,mixed ring-site C-H out-of-plane bending / ring-site C-H in-plane bending,nu(C3-N4),bond,0.1852982135802577,+,0.01644092122162951,0.6861583910804996
34,1236.1060092655996,,,mixed ring-site C-H out-of-plane bending / ring-site C-H in-plane bending,delta(C3-C2-H12),angle,0.17889679302901354,-,-0.02142175875935905,0.39020942049172896
34,1236.1060092655996,,,mixed ring-site C-H out-of-plane bending / ring-site C-H in-plane bending,nu(C6-C9),bond,0.16365960604423502,+,0.023345613845971884,0.3005635759709016
34,1236.1060092655996,,,mixed ring-site C-H out-of-plane bending / ring-site C-H in-plane bending,tau(O1-C2-C3-C6),dihedral,0.06364617592249744,-,-0.034007726903613894,0.05508362958384606
34,1236.1060092655996,,,mixed ring-site C-H out-of-plane bending / ring-site C-H in-plane bending,delta(O1-C2-H12),angle,0.050850159800799856,+,0.0108013178819278,0.4362588699976363
34,1236.1060092655996,,,mixed ring-site C-H out-of-plane bending / ring-site C-H in-plane bending,delta(C3-C6-C9),angle,0.030567892821623286,+,0.00994653480878266,0.3092625491988139
34,1236.1060092655996,,,mixed ring-site C-H out-of-plane bending / ring-site C-H in-plane bending,tau(H10-O1-C2-H11),dihedral,0.027161506421847354,+,0.030302759583137256,0.02960703626146141
34,1236.1060092655996,,,mixed ring-site C-H out-of-plane bending / ring-site C-H in-plane bending,tau(C2-C3-N4-O5),dihedral,0.02651373382147617,-,-0.016602276793732558,0.096281098080716
34,1236.1060092655996,,,mixed ring-site C-H out-of-plane bending / ring-site C-H in-plane bending,delta(O1-C2-C3),angle,0.02368243789037372,+,0.007031343168266041,0.4794631797439876
34,1236.1060092655996,,,mixed ring-site C-H out-of-plane bending / ring-site C-H in-plane bending,nu(C2-C3),bond,0.023413377309882553,-,-0.009360159546511319,0.2674871996149321
34,1236.1060092655996,,,mixed ring-site C-H out-of-plane bending / ring-site C-H in-plane bending,delta(H11-C2-H12),angle,0.014623321527482715,-,-0.006660014878147785,0.32999022352814855
34,1236.1060092655996,,,mixed ring-site C-H out-of-plane bending / ring-site C-H in-plane bending,delta(N4-O5-H13),angle,0.014390951250792,+,0.008379562286498924,0.20514091020311076
34,1236.1060092655996,,,mixed ring-site C-H out-of-plane bending / ring-site C-H in-plane bending,nu(N4-O5),bond,0.01159864383571279,-,-0.006670232207874423,0.26093404664752
34,1236.1060092655996,,,mixed ring-site C-H out-of-plane bending / ring-site C-H in-plane bending,nu(O1-C2),bond,0.00902383992670847,+,0.005172409646131905,0.33760665575380766
34,1236.1060092655996,,,mixed ring-site C-H out-of-plane bending / ring-site C-H in-plane bending,tau(H18-C8-C9-H20),dihedral,0.008339650057898319,+,0.007014704693823734,0.1696424301144722
34,1236.1060092655996,,,mixed ring-site C-H out-of-plane bending / ring-site C-H in-plane bending,tau(C2-C3-C6-C9),dihedral,0.00416205054879443,-,-0.014661746333045454,0.019379447476020113
34,1236.1060092655996,,,mixed ring-site C-H out-of-plane bending / ring-site C-H in-plane bending,nu(C9-H19),bond,0.003364239245825251,-,-0.00314392233312454,0.3406816157892765
34,1236.1060092655996,,,mixed ring-site C-H out-of-plane bending / ring-site C-H in-plane bending,delta(C3-N4-O5),angle,0.0020425223407677003,-,-0.002045017826166571,0.48885274981676025
34,1236.1060092655996,,,mixed ring-site C-H out-of-plane bending / ring-site C-H in-plane bending,nu(O1-H10),bond,0.0009960996679658828,-,-0.00139817759698573,0.5100157173560682
34,1236.1060092655996,,,mixed ring-site C-H out-of-plane bending / ring-site C-H in-plane bending,nu(C8-H18),bond,0.0008282072112260571,+,0.0015680250973135043,0.33716185262197673
34,1236.1060092655996,,,mixed ring-site C-H out-of-plane bending / ring-site C-H in-plane bending,nu(C7-H15),bond,0.0008214581868554892,+,0.0015633312432532904,0.3364254876547383
34,1236.1060092655996,,,mixed ring-site C-H out-of-plane bending / ring-site C-H in-plane bending,tau(C3-N4-O5-H13),dihedral,0.0007950319752218023,+,0.006533560784638002,0.018641899705102983
34,1236.1060092655996,,,mixed ring-site C-H out-of-plane bending / ring-site C-H in-plane bending,nu(C9-H20),bond,0.0006749640764381203,+,0.0014141886818752906,0.33780913365345233
34,1236.1060092655996,,,mixed ring-site C-H out-of-plane bending / ring-site C-H in-plane bending,delta(C2-C3-C6),angle,0.000554659134659851,-,-0.0011649162733814898,0.4091119718155291
34,1236.1060092655996,,,mixed ring-site C-H out-of-plane bending / ring-site C-H in-plane bending,nu(C6-H14),bond,0.0003841687036550713,+,0.001087964674068982,0.3248611945164227
34,1236.1060092655996,,,mixed ring-site C-H out-of-plane bending / ring-site C-H in-plane bending,nu(C8-H17),bond,0.0003712990179544369,-,-0.001054151249778705,0.33444398356763794
34,1236.1060092655996,,,mixed ring-site C-H out-of-plane bending / ring-site C-H in-plane bending,nu(C2-H12),bond,0.00024700061512822346,+,0.0008801202698563744,0.3191680655609865
34,1236.1060092655996,,,mixed ring-site C-H out-of-plane bending / ring-site C-H in-plane bending,delta(C2-C3-N4),angle,2.071818404725118e-05,-,-0.0001845886355200676,0.6086213889266646
34,1236.1060092655996,,,mixed ring-site C-H out-of-plane bending / ring-site C-H in-plane bending,nu(C7-H16),bond,3.615398194328067e-06,-,-0.00010403281488773545,0.3343650536129274
34,1236.1060092655996,,,mixed ring-site C-H out-of-plane bending / ring-site C-H in-plane bending,nu(O5-H13),bond,2.3616216932509066e-06,-,-6.705535061098244e-05,0.5257132188054624
34,1236.1060092655996,,,mixed ring-site C-H out-of-plane bending / ring-site C-H in-plane bending,nu(C2-H11),bond,1.948007533872203e-06,+,7.570868957313458e-05,0.3401767416555715
35,1250.1836265605718,,,mixed ring-site C-H out-of-plane bending / C-H bending,tau(H14-C6-C7-H16),dihedral,19.05488666681217,+,0.31125604449345734,0.20528449235177543
35,1250.1836265605718,,,mixed ring-site C-H out-of-plane bending / C-H bending,delta(C3-C2-H12),angle,13.091593967064735,-,-0.18712855723906474,0.39020942049172896
35,1250.1836265605718,,,mixed ring-site C-H out-of-plane bending / C-H bending,delta(O1-C2-H12),angle,10.011885745131254,+,0.15476704403784866,0.4362588699976363
35,1250.1836265605718,,,mixed ring-site C-H out-of-plane bending / C-H bending,tau(H16-C7-C8-H17),dihedral,7.317628078852285,+,0.20278483172124734,0.1857311553103021
35,1250.1836265605718,,,mixed ring-site C-H out-of-plane bending / C-H bending,delta(O1-C2-H11),angle,6.282835399268381,-,-0.1340151123197479,0.3651182100925562
35,1250.1836265605718,,,mixed ring-site C-H out-of-plane bending / C-H bending,tau(C9-C6-C7-H16),dihedral,5.7971018613242755,+,0.12463592250971019,0.38950212149901003
35,1250.1836265605718,,,mixed ring-site C-H out-of-plane bending / C-H bending,tau(H17-C8-C9-H19),dihedral,5.6058767395505305,+,0.17719935802589473,0.18633936756269648
35,1250.1836265605718,,,mixed ring-site C-H out-of-plane bending / C-H bending,delta(C2-O1-H10),angle,5.251472092460031,+,0.16570857717032922,0.19960731200682177
35,1250.1836265605718,,,mixed ring-site C-H out-of-plane bending / C-H bending,delta(N4-O5-H13),angle,4.545600420656531,+,0.15207652134451746,0.20514091020311076
35,1250.1836265605718,,,mixed ring-site C-H out-of-plane bending / C-H bending,tau(H14-C6-C9-C8),dihedral,4.379583790002896,+,0.10975085306525778,0.3794917959790914
35,1250.1836265605718,,,mixed ring-site C-H out-of-plane bending / C-H bending,tau(H14-C6-C9-H19),dihedral,4.171142627442669,+,0.15265268885776115,0.18682349159156134
35,1250.1836265605718,,,mixed ring-site C-H out-of-plane bending / C-H bending,tau(C7-C8-C9-H19),dihedral,2.454470274288734,+,0.08356152212275224,0.3668854199820777
35,1250.1836265605718,,,mixed ring-site C-H out-of-plane bending / C-H bending,nu(C2-C3),bond,2.03181136192646,-,-0.08903953244407652,0.2674871996149321
35,1250.1836265605718,,,mixed ring-site C-H out-of-plane bending / C-H bending,delta(C2-C3-N4),angle,2.0286068468603675,+,0.058981799517677985,0.6086213889266646
35,1250.1836265605718,,,mixed ring-site C-H out-of-plane bending / C-H bending,nu(C3-C6),bond,1.549325980655534,+,0.07436650525796408,0.29239734091777053
35,1250.1836265605718,,,mixed ring-site C-H out-of-plane bending / C-H bending,nu(C3-N4),bond,1.161616817363065,+,0.042035085647058136,0.6861583910804996
35,1250.1836265605718,,,mixed ring-site C-H out-of-plane bending / C-H bending,delta(C3-N4-O5),angle,0.9129698332997942,-,-0.04415011743900726,0.48885274981676025
35,1250.1836265605718,,,mixed ring-site C-H out-of-plane bending / C-H bending,tau(C6-C7-C8-H17),dihedral,0.64182132402045,+,0.042662709000927966,0.36804646047394296
35,1250.1836265605718,,,mixed ring-site C-H out-of-plane bending / C-H bending,nu(C8-C9),bond,0.4597480639593562,-,-0.03940285618517887,0.3090650261509001
35,1250.1836265605718,,,mixed ring-site C-H out-of-plane bending / C-H bending,nu(C6-C9),bond,0.3853751049156704,+,0.036581906379432934,0.3005635759709016
35,1250.1836265605718,,,mixed ring-site C-H out-of-plane bending / C-H bending,nu(C6-C7),bond,0.38232746836128095,-,-0.03723414696983292,0.2878313169969325
35,1250.1836265605718,,,mixed ring-site C-H out-of-plane bending / C-H bending,tau(H10-O1-C2-H11),dihedral,0.37333463186263777,+,0.11472137721292758,0.02960703626146141
35,1250.1836265605718,,,mixed ring-site C-H out-of-plane bending / C-H bending,nu(O1-C2),bond,0.338415009206347,+,0.03234535997129464,0.33760665575380766
35,1250.1836265605718,,,mixed ring-site C-H out-of-plane bending / C-H bending,tau(C6-C7-C8-H18),dihedral,0.3307514675148065,-,-0.045072918088482974,0.1699244172304189
35,1250.1836265605718,,,mixed ring-site C-H out-of-plane bending / C-H bending,delta(C8-C9-H20),angle,0.32366919617821804,+,0.0410574889942038,0.20040195782920825
35,1250.1836265605718,,,mixed ring-site C-H out-of-plane bending / C-H bending,delta(C6-C7-H15),angle,0.27229430436275825,-,-0.03618769367360728,0.21702117349718755
35,1250.1836265605718,,,mixed ring-site C-H out-of-plane bending / C-H bending,nu(C7-C8),bond,0.23203383130173588,+,0.028723848151077994,0.2935292790201741
35,1250.1836265605718,,,mixed ring-site C-H out-of-plane bending / C-H bending,delta(C2-C3-C6),angle,0.11920669070642279,-,-0.017439013030593465,0.4091119718155291
35,1250.1836265605718,,,mixed ring-site C-H out-of-plane bending / C-H bending,delta(C8-C7-H15),angle,0.09970382585570577,+,0.021893474084568185,0.217103998270187
35,1250.1836265605718,,,mixed ring-site C-H out-of-plane bending / C-H bending,tau(C3-C6-C9-C8),dihedral,0.0788832250253945,+,0.021287325901438524,0.1816886511150176
35,1250.1836265605718,,,mixed ring-site C-H out-of-plane bending / C-H bending,tau(H18-C8-C9-H20),dihedral,0.07766083245832164,+,0.0218588071622045,0.1696424301144722
35,1250.1836265605718,,,mixed ring-site C-H out-of-plane bending / C-H bending,tau(C2-C3-N4-O5),dihedral,0.0483452775085669,-,-0.02289281464251961,0.096281098080716
35,1250.1836265605718,,,mixed ring-site C-H out-of-plane bending / C-H bending,tau(C7-C8-C9-C6),dihedral,0.04715372352673369,-,-0.006604551501183759,1.1282742892792177
35,1250.1836265605718,,,mixed ring-site C-H out-of-plane bending / C-H bending,nu(N4-O5),bond,0.029149510649356416,-,-0.010797990473612703,0.26093404664752
35,1250.1836265605718,,,mixed ring-site C-H out-of-plane bending / C-H bending,nu(C2-H12),bond,0.029124568773459644,+,0.009759166257719368,0.3191680655609865
35,1250.1836265605718,,,mixed ring-site C-H out-of-plane bending / C-H bending,delta(O1-C2-C3),angle,0.028842281120213267,-,-0.007923733358515934,0.4794631797439876
35,1250.1836265605718,,,mixed ring-site C-H out-of-plane bending / C-H bending,nu(O1-H10),bond,0.018576150394405792,-,-0.006165648464529871,0.5100157173560682
35,1250.1836265605718,,,mixed ring-site C-H out-of-plane bending / C-H bending,tau(C6-C3-N4-O5),dihedral,0.01737703735193535,+,0.010810751031184113,0.15518486550550248
35,1250.1836265605718,,,mixed ring-site C-H out-of-plane bending / C-H bending,delta(C6-C9-C8),angle,0.007069434941048475,-,-0.002212400708610637,1.507448504872666
35,1250.1836265605718,,,mixed ring-site C-H out-of-plane bending / C-H bending,delta(H11-C2-H12),angle,0.002590306602969491,-,-0.0028623170011655894,0.32999022352814855
35,1250.1836265605718,,,mixed ring-site C-H out-of-plane bending / C-H bending,tau(C2-C3-C6-C9),dihedral,0.0018443358218803363,+,0.009966484275254634,0.019379447476020113
35,1250.1836265605718,,,mixed ring-site C-H out-of-plane bending / C-H bending,nu(C2-H11),bond,0.0016269758216783145,-,-0.002234245652478725,0.3401767416555715
35,1250.1836265605718,,,mixed ring-site C-H out-of-plane bending / C-H bending,tau(O1-C2-C3-C6),dihedral,0.001403037076257135,+,0.005156036461045776,0.05508362958384606
35,1250.1836265605718,,,mixed ring-site C-H out-of-plane bending / C-H bending,delta(C3-C6-C9),angle,0.0013666839696478059,+,0.002147647817899456,0.3092625491988139
35,1250.1836265605718,,,mixed ring-site C-H out-of-plane bending / C-H bending,tau(C7-C8-C9-H20),dihedral,0.000507707316412834,-,-0.0012712600786164844,0.32789135382743356
35,1250.1836265605718,,,mixed ring-site C-H out-of-plane bending / C-H bending,tau(C3-N4-O5-H13),dihedral,0.0004588253165939457,+,0.005068404682337572,0.018641899705102983
35,1250.1836265605718,,,mixed ring-site C-H out-of-plane bending / C-H bending,nu(C9-H20),bond,0.00041087520463589406,+,0.0011267094926957818,0.33780913365345233
35,1250.1836265605718,,,mixed ring-site C-H out-of-plane bending / C-H bending,nu(C9-H19),bond,0.00017303010179416692,+,0.0007280801033377832,0.3406816157892765
35,1250.1836265605718,,,mixed ring-site C-H out-of-plane bending / C-H bending,nu(C8-H18),bond,0.00014363660654613858,+,0.0006668160320782534,0.33716185262197673
35,1250.1836265605718,,,mixed ring-site C-H out-of-plane bending / C-H bending,nu(C7-H15),bond,9.533393761622934e-05,+,0.0005438410689318264,0.3364254876547383
35,1250.1836265605718,,,mixed ring-site C-H out-of-plane bending / C-H bending,nu(C6-H14),bond,8.952570335797391e-05,-,-0.0005363121463815361,0.3248611945164227
35,1250.1836265605718,,,mixed ring-site C-H out-of-plane bending / C-H bending,nu(C7-H16),bond,1.455082507891148e-05,+,0.00021312090427902825,0.3343650536129274
35,1250.1836265605718,,,mixed ring-site C-H out-of-plane bending / C-H bending,nu(C8-H17),bond,3.3903429085671684e-06,+,0.00010286148734122876,0.33444398356763794
35,1250.1836265605718,,,mixed ring-site C-H out-of-plane bending / C-H bending,nu(O5-H13),bond,3.2239808134978104e-07,+,2.529964668398595e-05,0.5257132188054624
36,1259.897616363239,,,mixed ring-site C-H out-of-plane bending / C-H bending,tau(C9-C6-C7-H16),dihedral,14.703009113787306,+,0.2002484804041137,0.38950212149901003
36,1259.897616363239,,,mixed ring-site C-H out-of-plane bending / C-H bending,tau(H16-C7-C8-H17),dihedral,11.969095487746578,+,0.26164311764983256,0.1857311553103021
36,1259.897616363239,,,mixed ring-site C-H out-of-plane bending / C-H bending,tau(H14-C6-C9-H19),dihedral,9.957864097496074,+,0.23795146601055517,0.18682349159156134
36,1259.897616363239,,,mixed ring-site C-H out-of-plane bending / C-H bending,tau(H17-C8-C9-H19),dihedral,8.799604406035108,+,0.22397538681009757,0.18633936756269648
36,1259.897616363239,,,mixed ring-site C-H out-of-plane bending / C-H bending,tau(C7-C8-C9-H20),dihedral,6.97234143990559,-,-0.15029528991213226,0.32789135382743356
36,1259.897616363239,,,mixed ring-site C-H out-of-plane bending / C-H bending,tau(H14-C6-C7-H16),dihedral,6.686859433124849,+,0.18601760780502222,0.20528449235177543
36,1259.897616363239,,,mixed ring-site C-H out-of-plane bending / C-H bending,tau(H14-C6-C9-C8),dihedral,6.3733233699072525,+,0.13356811931194953,0.3794917959790914
36,1259.897616363239,,,mixed ring-site C-H out-of-plane bending / C-H bending,delta(C3-C2-H12),angle,4.888186315350576,+,0.11535755166869802,0.39020942049172896
36,1259.897616363239,,,mixed ring-site C-H out-of-plane bending / C-H bending,delta(O1-C2-H12),angle,3.382628484886062,-,-0.09075614606902146,0.4362588699976363
36,1259.897616363239,,,mixed ring-site C-H out-of-plane bending / C-H bending,delta(N4-O5-H13),angle,3.2950767648170314,-,-0.13062540769253753,0.20514091020311076
36,1259.897616363239,,,mixed ring-site C-H out-of-plane bending / C-H bending,tau(C6-C7-C8-H17),dihedral,2.9456526829566343,+,0.09220627472071019,0.36804646047394296
36,1259.897616363239,,,mixed ring-site C-H out-of-plane bending / C-H bending,nu(C6-C9),bond,2.942057394412377,+,0.10197141022440982,0.3005635759709016
36,1259.897616363239,,,mixed ring-site C-H out-of-plane bending / C-H bending,delta(C8-C9-H20),angle,2.4251877530057206,+,0.11338163955283946,0.20040195782920825
36,1259.897616363239,,,mixed ring-site C-H out-of-plane bending / C-H bending,nu(C2-C3),bond,1.954492859501449,+,0.08810216315156834,0.2674871996149321
36,1259.897616363239,,,mixed ring-site C-H out-of-plane bending / C-H bending,delta(O1-C2-H11),angle,1.8447523759109508,+,0.07326108089280087,0.3651182100925562
36,1259.897616363239,,,mixed ring-site C-H out-of-plane bending / C-H bending,delta(C2-O1-H10),angle,1.8093040365879036,-,-0.0981270137844728,0.19960731200682177
36,1259.897616363239,,,mixed ring-site C-H out-of-plane bending / C-H bending,delta(C2-C3-N4),angle,1.6049410517974703,-,-0.05292696210139588,0.6086213889266646
36,1259.897616363239,,,mixed ring-site C-H out-of-plane bending / C-H bending,nu(C3-C6),bond,1.3005892037840994,-,-0.06873918719542567,0.29239734091777053
36,1259.897616363239,,,mixed ring-site C-H out-of-plane bending / C-H bending,tau(C7-C8-C9-H19),dihedral,1.2597500292087636,+,0.06039458363507827,0.3668854199820777
36,1259.897616363239,,,mixed ring-site C-H out-of-plane bending / C-H bending,delta(C8-C7-H15),angle,1.1703339623072764,+,0.07567318666390381,0.217103998270187
36,1259.897616363239,,,mixed ring-site C-H out-of-plane bending / C-H bending,nu(C8-C9),bond,0.7638806342056377,-,-0.05123996779596482,0.3090650261509001
36,1259.897616363239,,,mixed ring-site C-H out-of-plane bending / C-H bending,delta(C3-N4-O5),angle,0.7615349340141356,+,0.04067962246315614,0.48885274981676025
36,1259.897616363239,,,mixed ring-site C-H out-of-plane bending / C-H bending,nu(C3-N4),bond,0.6333821847076553,-,-0.031314231803598686,0.6861583910804996
36,1259.897616363239,,,mixed ring-site C-H out-of-plane bending / C-H bending,delta(C6-C7-H15),angle,0.3087533557978893,-,-0.03887548490645618,0.21702117349718755
36,1259.897616363239,,,mixed ring-site C-H out-of-plane bending / C-H bending,delta(C3-C6-C9),angle,0.30409806353493557,-,-0.03231946709646795,0.3092625491988139
36,1259.897616363239,,,mixed ring-site C-H out-of-plane bending / C-H bending,nu(O1-C2),bond,0.15644122363451765,-,-0.022186619319415363,0.33760665575380766
36,1259.897616363239,,,mixed ring-site C-H out-of-plane bending / C-H bending,nu(C6-C7),bond,0.12867352536906954,-,-0.02179197575839849,0.2878313169969325
36,1259.897616363239,,,mixed ring-site C-H out-of-plane bending / C-H bending,tau(H18-C8-C9-H20),dihedral,0.12841514015940825,-,-0.028357105709021335,0.1696424301144722
36,1259.897616363239,,,mixed ring-site C-H out-of-plane bending / C-H bending,delta(C2-C3-C6),angle,0.11976066494466331,-,-0.01763425167615581,0.4091119718155291
36,1259.897616363239,,,mixed ring-site C-H out-of-plane bending / C-H bending,tau(H10-O1-C2-H11),dihedral,0.11973191379790875,-,-0.06554333325773229,0.02960703626146141
36,1259.897616363239,,,mixed ring-site C-H out-of-plane bending / C-H bending,tau(C6-C7-C8-H18),dihedral,0.08192005364674357,+,0.022630192544161584,0.1699244172304189
36,1259.897616363239,,,mixed ring-site C-H out-of-plane bending / C-H bending,delta(C6-C9-C8),angle,0.06114113781192443,-,-0.006563969360903954,1.507448504872666
36,1259.897616363239,,,mixed ring-site C-H out-of-plane bending / C-H bending,tau(C7-C8-C9-C6),dihedral,0.053054280151933315,-,-0.007067631487768847,1.1282742892792177
36,1259.897616363239,,,mixed ring-site C-H out-of-plane bending / C-H bending,tau(C2-C3-N4-O5),dihedral,0.028610584712839462,+,0.017766990864335287,0.096281098080716
36,1259.897616363239,,,mixed ring-site C-H out-of-plane bending / C-H bending,nu(C7-C8),bond,0.0173003953369794,+,0.007912675023003378,0.2935292790201741
36,1259.897616363239,,,mixed ring-site C-H out-of-plane bending / C-H bending,nu(C2-H12),bond,0.011586973955239837,-,-0.0062100676224991465,0.3191680655609865
36,1259.897616363239,,,mixed ring-site C-H out-of-plane bending / C-H bending,tau(C2-C3-C6-C9),dihedral,0.009826615147027888,-,-0.0232087797966742,0.019379447476020113
36,1259.897616363239,,,mixed ring-site C-H out-of-plane bending / C-H bending,tau(C3-C6-C9-C8),dihedral,0.005642777290743485,+,0.0057438565387921085,0.1816886511150176
36,1259.897616363239,,,mixed ring-site C-H out-of-plane bending / C-H bending,nu(O1-H10),bond,0.005061533392848618,+,0.003246910389006801,0.5100157173560682
36,1259.897616363239,,,mixed ring-site C-H out-of-plane bending / C-H bending,nu(C6-H14),bond,0.004808913886031638,+,0.003965478606878392,0.3248611945164227
36,1259.897616363239,,,mixed ring-site C-H out-of-plane bending / C-H bending,delta(O1-C2-C3),angle,0.0023831542059129986,+,0.002297838340142359,0.4794631797439876
36,1259.897616363239,,,mixed ring-site C-H out-of-plane bending / C-H bending,tau(O1-C2-C3-C6),dihedral,0.002210207381751362,-,-0.0065286933066991916,0.05508362958384606
36,1259.897616363239,,,mixed ring-site C-H out-of-plane bending / C-H bending,tau(C6-C3-N4-O5),dihedral,0.002081290144430137,-,-0.003774528087092238,0.15518486550550248
36,1259.897616363239,,,mixed ring-site C-H out-of-plane bending / C-H bending,nu(C9-H19),bond,0.0020427392024410965,+,0.0025237895758917187,0.3406816157892765
36,1259.897616363239,,,mixed ring-site C-H out-of-plane bending / C-H bending,nu(C2-H11),bond,0.0007696825768625216,+,0.0015503314205130095,0.3401767416555715
36,1259.897616363239,,,mixed ring-site C-H out-of-plane bending / C-H bending,nu(C8-H17),bond,0.0005496591508394965,-,-0.001321314092782826,0.33444398356763794
36,1259.897616363239,,,mixed ring-site C-H out-of-plane bending / C-H bending,nu(C7-H16),bond,0.0004630100863887853,-,-0.0012128464331451873,0.3343650536129274
36,1259.897616363239,,,mixed ring-site C-H out-of-plane bending / C-H bending,tau(C3-N4-O5-H13),dihedral,0.00040007965278544166,-,-0.004774733959359502,0.018641899705102983
36,1259.897616363239,,,mixed ring-site C-H out-of-plane bending / C-H bending,nu(N4-O5),bond,0.00024242504967533424,-,-0.0009934463112112552,0.26093404664752
36,1259.897616363239,,,mixed ring-site C-H out-of-plane bending / C-H bending,delta(H11-C2-H12),angle,0.0001540442044933698,+,0.0007041953853980513,0.32999022352814855
36,1259.897616363239,,,mixed ring-site C-H out-of-plane bending / C-H bending,nu(C8-H18),bond,2.2095224287633646e-05,+,0.0002638463077621717,0.33716185262197673
36,1259.897616363239,,,mixed ring-site C-H out-of-plane bending / C-H bending,nu(O5-H13),bond,3.2322593219417788e-06,-,-8.081643323536943e-05,0.5257132188054624
36,1259.897616363239,,,mixed ring-site C-H out-of-plane bending / C-H bending,nu(C7-H15),bond,3.181420412321948e-06,-,-0.00010022755034876461,0.3364254876547383
36,1259.897616363239,,,mixed ring-site C-H out-of-plane bending / C-H bending,nu(C9-H20),bond,3.141318239930101e-08,-,-9.938968261147917e-06,0.33780913365345233
37,1262.427971563935,,,mixed ring-site C-H out-of-plane bending / ring-site C-H in-plane bending,tau(H14-C6-C9-C8),dihedral,31.562209455824643,+,0.2479144419217706,0.3794917959790914
37,1262.427971563935,,,mixed ring-site C-H out-of-plane bending / ring-site C-H in-plane bending,delta(C6-C7-H15),angle,15.99899521913526,-,-0.23340740181896896,0.21702117349718755
37,1262.427971563935,,,mixed ring-site C-H out-of-plane bending / ring-site C-H in-plane bending,tau(C7-C8-C9-H20),dihedral,11.188437881129392,+,0.15879582091587524,0.32789135382743356
37,1262.427971563935,,,mixed ring-site C-H out-of-plane bending / ring-site C-H in-plane bending,tau(C6-C7-C8-H18),dihedral,10.284484768446479,-,-0.21148652381443322,0.1699244172304189
37,1262.427971563935,,,mixed ring-site C-H out-of-plane bending / ring-site C-H in-plane bending,delta(C8-C7-H15),angle,7.401600665452944,+,0.15872606069836764,0.217103998270187
37,1262.427971563935,,,mixed ring-site C-H out-of-plane bending / ring-site C-H in-plane bending,tau(C9-C6-C7-H16),dihedral,7.119539119383855,-,-0.1162225367248829,0.38950212149901003
37,1262.427971563935,,,mixed ring-site C-H out-of-plane bending / ring-site C-H in-plane bending,tau(H14-C6-C9-H19),dihedral,3.6462354508537826,+,0.12009527918738123,0.18682349159156134
37,1262.427971563935,,,mixed ring-site C-H out-of-plane bending / ring-site C-H in-plane bending,delta(C8-C9-H20),angle,2.520851501968984,-,-0.09641441605077779,0.20040195782920825
37,1262.427971563935,,,mixed ring-site C-H out-of-plane bending / ring-site C-H in-plane bending,tau(C7-C8-C9-H19),dihedral,1.7244472944279965,-,-0.058935783261936096,0.3668854199820777
37,1262.427971563935,,,mixed ring-site C-H out-of-plane bending / ring-site C-H in-plane bending,tau(C6-C7-C8-H17),dihedral,1.0824742246078185,+,0.04662048454046332,0.36804646047394296
37,1262.427971563935,,,mixed ring-site C-H out-of-plane bending / ring-site C-H in-plane bending,delta(C3-C2-H12),angle,1.0445124809311241,+,0.04447615812593639,0.39020942049172896
37,1262.427971563935,,,mixed ring-site C-H out-of-plane bending / ring-site C-H in-plane bending,delta(N4-O5-H13),angle,0.8655568563760387,-,-0.05583943111705528,0.20514091020311076
37,1262.427971563935,,,mixed ring-site C-H out-of-plane bending / ring-site C-H in-plane bending,delta(C3-C6-C9),angle,0.6481300126016292,-,-0.03935380454415103,0.3092625491988139
37,1262.427971563935,,,mixed ring-site C-H out-of-plane bending / ring-site C-H in-plane bending,delta(O1-C2-H12),angle,0.6428851606088014,-,-0.03299999615717122,0.4362588699976363
37,1262.427971563935,,,mixed ring-site C-H out-of-plane bending / ring-site C-H in-plane bending,nu(C2-C3),bond,0.5666334308050185,+,0.039565705915596744,0.2674871996149321
37,1262.427971563935,,,mixed ring-site C-H out-of-plane bending / ring-site C-H in-plane bending,delta(C2-C3-N4),angle,0.47468864226583757,-,-0.024007676954603853,0.6086213889266646
37,1262.427971563935,,,mixed ring-site C-H out-of-plane bending / ring-site C-H in-plane bending,nu(C8-C9),bond,0.42727004411986974,-,-0.03196285870667179,0.3090650261509001
37,1262.427971563935,,,mixed ring-site C-H out-of-plane bending / ring-site C-H in-plane bending,tau(H18-C8-C9-H20),dihedral,0.39039986362568074,-,-0.04123888455733615,0.1696424301144722
37,1262.427971563935,,,mixed ring-site C-H out-of-plane bending / ring-site C-H in-plane bending,delta(C2-O1-H10),angle,0.3262835235715067,-,-0.03475591067604007,0.19960731200682177
37,1262.427971563935,,,mixed ring-site C-H out-of-plane bending / ring-site C-H in-plane bending,delta(C2-C3-C6),angle,0.29751546887344626,-,-0.023182112287083046,0.4091119718155291
37,1262.427971563935,,,mixed ring-site C-H out-of-plane bending / ring-site C-H in-plane bending,nu(C3-C6),bond,0.24911823866942204,-,-0.02509200564985086,0.29239734091777053
37,1262.427971563935,,,mixed ring-site C-H out-of-plane bending / ring-site C-H in-plane bending,delta(C3-N4-O5),angle,0.22741946151635273,+,0.01854146757241153,0.48885274981676025
37,1262.427971563935,,,mixed ring-site C-H out-of-plane bending / ring-site C-H in-plane bending,delta(O1-C2-H11),angle,0.19712664281123268,+,0.01997446885359568,0.3651182100925562
37,1262.427971563935,,,mixed ring-site C-H out-of-plane bending / ring-site C-H in-plane bending,tau(C3-C6-C9-C8),dihedral,0.18462669578123977,-,-0.027403287811361858,0.1816886511150176
37,1262.427971563935,,,mixed ring-site C-H out-of-plane bending / ring-site C-H in-plane bending,nu(C6-C7),bond,0.1842738743871597,+,0.021751148069007697,0.2878313169969325
37,1262.427971563935,,,mixed ring-site C-H out-of-plane bending / ring-site C-H in-plane bending,delta(C6-C9-C8),angle,0.15452369746393188,+,0.00870353393093616,1.507448504872666
37,1262.427971563935,,,mixed ring-site C-H out-of-plane bending / ring-site C-H in-plane bending,tau(H14-C6-C7-H16),dihedral,0.10158397581622851,+,0.019122904465033168,0.20528449235177543
37,1262.427971563935,,,mixed ring-site C-H out-of-plane bending / ring-site C-H in-plane bending,tau(H16-C7-C8-H17),dihedral,0.09990536333139076,+,0.01993752961083166,0.1857311553103021
37,1262.427971563935,,,mixed ring-site C-H out-of-plane bending / ring-site C-H in-plane bending,nu(C3-N4),bond,0.0931805819117341,-,-0.01001774202208138,0.6861583910804996
37,1262.427971563935,,,mixed ring-site C-H out-of-plane bending / ring-site C-H in-plane bending,tau(C7-C8-C9-C6),dihedral,0.08231607589364315,+,0.007342675022759072,1.1282742892792177
37,1262.427971563935,,,mixed ring-site C-H out-of-plane bending / ring-site C-H in-plane bending,tau(C6-C3-N4-O5),dihedral,0.05133885432009235,-,-0.01563571436153398,0.15518486550550248
37,1262.427971563935,,,mixed ring-site C-H out-of-plane bending / ring-site C-H in-plane bending,nu(C7-C8),bond,0.04118305074977351,+,0.010182463625135979,0.2935292790201741
37,1262.427971563935,,,mixed ring-site C-H out-of-plane bending / ring-site C-H in-plane bending,tau(C2-C3-N4-O5),dihedral,0.019025045638890396,+,0.012084026249225489,0.096281098080716
37,1262.427971563935,,,mixed ring-site C-H out-of-plane bending / ring-site C-H in-plane bending,tau(H10-O1-C2-H11),dihedral,0.01878051601911628,-,-0.02165088316199032,0.02960703626146141
37,1262.427971563935,,,mixed ring-site C-H out-of-plane bending / ring-site C-H in-plane bending,nu(O1-C2),bond,0.017579669565924775,-,-0.006203248476786693,0.33760665575380766
37,1262.427971563935,,,mixed ring-site C-H out-of-plane bending / ring-site C-H in-plane bending,tau(C2-C3-C6-C9),dihedral,0.016187824787755996,+,0.024845221668151098,0.019379447476020113
37,1262.427971563935,,,mixed ring-site C-H out-of-plane bending / ring-site C-H in-plane bending,nu(N4-O5),bond,0.013439723984689443,-,-0.006169487998974466,0.26093404664752
37,1262.427971563935,,,mixed ring-site C-H out-of-plane bending / ring-site C-H in-plane bending,tau(O1-C2-C3-C6),dihedral,0.010543303694071826,+,0.011893136606703335,0.05508362958384606
37,1262.427971563935,,,mixed ring-site C-H out-of-plane bending / ring-site C-H in-plane bending,tau(H17-C8-C9-H19),dihedral,0.005049333957772843,-,-0.004474907503511032,0.18633936756269648
37,1262.427971563935,,,mixed ring-site C-H out-of-plane bending / ring-site C-H in-plane bending,nu(C6-C9),bond,0.004790116258667047,+,0.0034318174343011096,0.3005635759709016
37,1262.427971563935,,,mixed ring-site C-H out-of-plane bending / ring-site C-H in-plane bending,delta(H11-C2-H12),angle,0.0035564816445286637,+,0.002822143369222965,0.32999022352814855
37,1262.427971563935,,,mixed ring-site C-H out-of-plane bending / ring-site C-H in-plane bending,delta(O1-C2-C3),angle,0.0030684396252077736,-,-0.0021747056577857914,0.4794631797439876
37,1262.427971563935,,,mixed ring-site C-H out-of-plane bending / ring-site C-H in-plane bending,nu(C9-H19),bond,0.0019347258007874674,-,-0.0020485882913396825,0.3406816157892765
37,1262.427971563935,,,mixed ring-site C-H out-of-plane bending / ring-site C-H in-plane bending,nu(C2-H12),bond,0.0014304698339006178,-,-0.0018199060128637624,0.3191680655609865
37,1262.427971563935,,,mixed ring-site C-H out-of-plane bending / ring-site C-H in-plane bending,nu(C7-H16),bond,0.0012812176097661207,+,0.0016827528433248473,0.3343650536129274
37,1262.427971563935,,,mixed ring-site C-H out-of-plane bending / ring-site C-H in-plane bending,nu(C6-H14),bond,0.001278305937741091,+,0.001705249019136936,0.3248611945164227
37,1262.427971563935,,,mixed ring-site C-H out-of-plane bending / ring-site C-H in-plane bending,nu(O1-H10),bond,0.0008203554602964453,+,0.0010902562380128793,0.5100157173560682
37,1262.427971563935,,,mixed ring-site C-H out-of-plane bending / ring-site C-H in-plane bending,nu(C7-H15),bond,0.0006069032751560647,-,-0.0011546081507755846,0.3364254876547383
37,1262.427971563935,,,mixed ring-site C-H out-of-plane bending / ring-site C-H in-plane bending,tau(C3-N4-O5-H13),dihedral,0.0004195385187098957,-,-0.004078121497969039,0.018641899705102983
37,1262.427971563935,,,mixed ring-site C-H out-of-plane bending / ring-site C-H in-plane bending,nu(C2-H11),bond,0.00020327024146254207,+,0.0006645136659105479,0.3401767416555715
37,1262.427971563935,,,mixed ring-site C-H out-of-plane bending / ring-site C-H in-plane bending,nu(C8-H17),bond,0.00015225740956543906,-,-0.0005800251809070273,0.33444398356763794
37,1262.427971563935,,,mixed ring-site C-H out-of-plane bending / ring-site C-H in-plane bending,nu(C9-H20),bond,0.00010065451538659392,-,-0.0004692456560633573,0.33780913365345233
37,1262.427971563935,,,mixed ring-site C-H out-of-plane bending / ring-site C-H in-plane bending,nu(O5-H13),bond,2.5806263671113128e-06,-,-6.022924792544235e-05,0.5257132188054624
37,1262.427971563935,,,mixed ring-site C-H out-of-plane bending / ring-site C-H in-plane bending,nu(C8-H18),bond,1.6879319221389343e-06,+,6.082436326933182e-05,0.33716185262197673
38,1277.4660727742885,,,mixed ring-site C-H out-of-plane bending / ring-site C-H in-plane bending,tau(H14-C6-C7-H16),dihedral,13.514509371855347,+,0.2802170468094856,0.20528449235177543
38,1277.4660727742885,,,mixed ring-site C-H out-of-plane bending / ring-site C-H in-plane bending,tau(C9-C6-C7-H16),dihedral,11.19213718838519,+,0.18512884008745611,0.38950212149901003
38,1277.4660727742885,,,mixed ring-site C-H out-of-plane bending / ring-site C-H in-plane bending,tau(C7-C8-C9-H19),dihedral,10.978355548928564,-,-0.18891911424728838,0.3668854199820777
38,1277.4660727742885,,,mixed ring-site C-H out-of-plane bending / ring-site C-H in-plane bending,tau(C7-C8-C9-H20),dihedral,10.803577542816146,+,0.19824000302173325,0.32789135382743356
38,1277.4660727742885,,,mixed ring-site C-H out-of-plane bending / ring-site C-H in-plane bending,tau(H18-C8-C9-H20),dihedral,9.706879197184637,+,0.2612432339390381,0.1696424301144722
38,1277.4660727742885,,,mixed ring-site C-H out-of-plane bending / ring-site C-H in-plane bending,tau(H14-C6-C9-H19),dihedral,7.657522425799555,-,-0.22110617816352,0.18682349159156134
38,1277.4660727742885,,,mixed ring-site C-H out-of-plane bending / ring-site C-H in-plane bending,delta(C6-C7-H15),angle,7.471935591026251,+,0.20264597747619123,0.21702117349718755
38,1277.4660727742885,,,mixed ring-site C-H out-of-plane bending / ring-site C-H in-plane bending,delta(C8-C9-H20),angle,5.907386261768699,-,-0.1875077340936596,0.20040195782920825
38,1277.4660727742885,,,mixed ring-site C-H out-of-plane bending / ring-site C-H in-plane bending,delta(C8-C7-H15),angle,5.064881918376192,-,-0.16681044192992545,0.217103998270187
38,1277.4660727742885,,,mixed ring-site C-H out-of-plane bending / ring-site C-H in-plane bending,nu(C8-C9),bond,3.330725415691996,+,0.11337491263089862,0.3090650261509001
38,1277.4660727742885,,,mixed ring-site C-H out-of-plane bending / ring-site C-H in-plane bending,nu(C7-C8),bond,2.514130586665915,+,0.10107428627555363,0.2935292790201741
38,1277.4660727742885,,,mixed ring-site C-H out-of-plane bending / ring-site C-H in-plane bending,tau(H16-C7-C8-H17),dihedral,2.3599192136115383,+,0.12310584382999519,0.1857311553103021
38,1277.4660727742885,,,mixed ring-site C-H out-of-plane bending / ring-site C-H in-plane bending,tau(H17-C8-C9-H19),dihedral,1.7614308340202434,-,-0.10618250579775056,0.18633936756269648
38,1277.4660727742885,,,mixed ring-site C-H out-of-plane bending / ring-site C-H in-plane bending,nu(C6-C7),bond,1.445698814971217,-,-0.07740025143288325,0.2878313169969325
38,1277.4660727742885,,,mixed ring-site C-H out-of-plane bending / ring-site C-H in-plane bending,tau(C7-C8-C9-C6),dihedral,1.1382767309718427,-,-0.03468878307357537,1.1282742892792177
38,1277.4660727742885,,,mixed ring-site C-H out-of-plane bending / ring-site C-H in-plane bending,nu(C6-C9),bond,1.0527062153319076,-,-0.06463353365096079,0.3005635759709016
38,1277.4660727742885,,,mixed ring-site C-H out-of-plane bending / ring-site C-H in-plane bending,delta(N4-O5-H13),angle,0.8077479809141745,-,-0.06853056034517394,0.20514091020311076
38,1277.4660727742885,,,mixed ring-site C-H out-of-plane bending / ring-site C-H in-plane bending,tau(C6-C7-C8-H17),dihedral,0.7982113537115507,-,-0.05086043954383751,0.36804646047394296
38,1277.4660727742885,,,mixed ring-site C-H out-of-plane bending / ring-site C-H in-plane bending,delta(O1-C2-H12),angle,0.5265822759851476,-,-0.03794315718611265,0.4362588699976363
38,1277.4660727742885,,,mixed ring-site C-H out-of-plane bending / ring-site C-H in-plane bending,delta(C3-C2-H12),angle,0.39240887878711744,+,0.03463323175427011,0.39020942049172896
38,1277.4660727742885,,,mixed ring-site C-H out-of-plane bending / ring-site C-H in-plane bending,nu(C3-C6),bond,0.3225370130465732,-,-0.03627233817659455,0.29239734091777053
38,1277.4660727742885,,,mixed ring-site C-H out-of-plane bending / ring-site C-H in-plane bending,nu(C2-C3),bond,0.2818445088086879,+,0.0354507778104078,0.2674871996149321
38,1277.4660727742885,,,mixed ring-site C-H out-of-plane bending / ring-site C-H in-plane bending,delta(C2-C3-N4),angle,0.2163076966621548,-,-0.02058898145236965,0.6086213889266646
38,1277.4660727742885,,,mixed ring-site C-H out-of-plane bending / ring-site C-H in-plane bending,tau(H14-C6-C9-C8),dihedral,0.1775029681002842,-,-0.023619684669258543,0.3794917959790914
38,1277.4660727742885,,,mixed ring-site C-H out-of-plane bending / ring-site C-H in-plane bending,delta(C6-C9-C8),angle,0.17054863015218563,+,0.011616501596679383,1.507448504872666
38,1277.4660727742885,,,mixed ring-site C-H out-of-plane bending / ring-site C-H in-plane bending,delta(C3-C6-C9),angle,0.16850460823985436,-,-0.025492633769735602,0.3092625491988139
38,1277.4660727742885,,,mixed ring-site C-H out-of-plane bending / ring-site C-H in-plane bending,delta(C3-N4-O5),angle,0.07674845383024172,+,0.013684163912691994,0.48885274981676025
38,1277.4660727742885,,,mixed ring-site C-H out-of-plane bending / ring-site C-H in-plane bending,tau(C6-C7-C8-H18),dihedral,0.057046486067653335,-,-0.0200105504712742,0.1699244172304189
38,1277.4660727742885,,,mixed ring-site C-H out-of-plane bending / ring-site C-H in-plane bending,delta(O1-C2-H11),angle,0.027516317440272484,+,0.00948092890738266,0.3651182100925562
38,1277.4660727742885,,,mixed ring-site C-H out-of-plane bending / ring-site C-H in-plane bending,tau(C2-C3-C6-C9),dihedral,0.01954239165854217,+,0.03468092261368649,0.019379447476020113
38,1277.4660727742885,,,mixed ring-site C-H out-of-plane bending / ring-site C-H in-plane bending,nu(O1-C2),bond,0.011117695375755783,-,-0.006267211722398496,0.33760665575380766
38,1277.4660727742885,,,mixed ring-site C-H out-of-plane bending / ring-site C-H in-plane bending,delta(C2-C3-C6),angle,0.010946390782464151,-,-0.005649198840519882,0.4091119718155291
38,1277.4660727742885,,,mixed ring-site C-H out-of-plane bending / ring-site C-H in-plane bending,delta(O1-C2-C3),angle,0.00932180924284,+,0.004815539577006711,0.4794631797439876
38,1277.4660727742885,,,mixed ring-site C-H out-of-plane bending / ring-site C-H in-plane bending,nu(C3-N4),bond,0.006292204687582349,-,-0.003307209547106956,0.6861583910804996
38,1277.4660727742885,,,mixed ring-site C-H out-of-plane bending / ring-site C-H in-plane bending,nu(C8-H18),bond,0.0038962016057199726,+,0.003712564231142756,0.33716185262197673
38,1277.4660727742885,,,mixed ring-site C-H out-of-plane bending / ring-site C-H in-plane bending,tau(C2-C3-N4-O5),dihedral,0.0025253710472688006,-,-0.005593254266200998,0.096281098080716
38,1277.4660727742885,,,mixed ring-site C-H out-of-plane bending / ring-site C-H in-plane bending,tau(C3-C6-C9-C8),dihedral,0.0024222455943677984,-,-0.003987655835463093,0.1816886511150176
38,1277.4660727742885,,,mixed ring-site C-H out-of-plane bending / ring-site C-H in-plane bending,nu(C8-H17),bond,0.0021013054947577373,+,0.0027375079282182385,0.33444398356763794
38,1277.4660727742885,,,mixed ring-site C-H out-of-plane bending / ring-site C-H in-plane bending,delta(H11-C2-H12),angle,0.0019473191353025696,-,-0.0026530199172107045,0.32999022352814855
38,1277.4660727742885,,,mixed ring-site C-H out-of-plane bending / ring-site C-H in-plane bending,nu(C2-H12),bond,0.0014875128957901344,-,-0.002357724928791082,0.3191680655609865
38,1277.4660727742885,,,mixed ring-site C-H out-of-plane bending / ring-site C-H in-plane bending,nu(C9-H19),bond,0.0013640329612024718,-,-0.00218529747876954,0.3406816157892765
38,1277.4660727742885,,,mixed ring-site C-H out-of-plane bending / ring-site C-H in-plane bending,nu(C6-H14),bond,0.0011523421409281255,-,-0.002056905242437191,0.3248611945164227
38,1277.4660727742885,,,mixed ring-site C-H out-of-plane bending / ring-site C-H in-plane bending,nu(C7-H15),bond,0.000882329479853978,+,0.001768656241430487,0.3364254876547383
38,1277.4660727742885,,,mixed ring-site C-H out-of-plane bending / ring-site C-H in-plane bending,tau(H10-O1-C2-H11),dihedral,0.0004192425197569557,-,-0.004109676858138722,0.02960703626146141
38,1277.4660727742885,,,mixed ring-site C-H out-of-plane bending / ring-site C-H in-plane bending,nu(C9-H20),bond,0.0002989222910270996,+,0.0010273441175614275,0.33780913365345233
38,1277.4660727742885,,,mixed ring-site C-H out-of-plane bending / ring-site C-H in-plane bending,nu(O1-H10),bond,0.00020422465922891324,-,-0.000691090290466954,0.5100157173560682
38,1277.4660727742885,,,mixed ring-site C-H out-of-plane bending / ring-site C-H in-plane bending,tau(C3-N4-O5-H13),dihedral,0.0001592535915723733,+,0.003192067126416217,0.018641899705102983
38,1277.4660727742885,,,mixed ring-site C-H out-of-plane bending / ring-site C-H in-plane bending,tau(C6-C3-N4-O5),dihedral,0.00013609611256656498,-,-0.0010227527582729033,0.15518486550550248
38,1277.4660727742885,,,mixed ring-site C-H out-of-plane bending / ring-site C-H in-plane bending,delta(C2-O1-H10),angle,9.276333572200516e-05,-,-0.0007445132596455207,0.19960731200682177
38,1277.4660727742885,,,mixed ring-site C-H out-of-plane bending / ring-site C-H in-plane bending,nu(C2-H11),bond,4.624113786169743e-05,+,0.0004026562355980563,0.3401767416555715
38,1277.4660727742885,,,mixed ring-site C-H out-of-plane bending / ring-site C-H in-plane bending,nu(O5-H13),bond,4.051612016804265e-05,+,0.000303187964980376,0.5257132188054624
38,1277.4660727742885,,,mixed ring-site C-H out-of-plane bending / ring-site C-H in-plane bending,tau(O1-C2-C3-C6),dihedral,1.2967846347626203e-05,+,0.0005299014828477457,0.05508362958384606
38,1277.4660727742885,,,mixed ring-site C-H out-of-plane bending / ring-site C-H in-plane bending,nu(C7-H16),bond,5.987829329961225e-06,-,-0.00014614930273531656,0.3343650536129274
38,1277.4660727742885,,,mixed ring-site C-H out-of-plane bending / ring-site C-H in-plane bending,nu(N4-O5),bond,4.603302901728794e-06,-,-0.0001450580660525742,0.26093404664752
39,1283.4882729176106,,,ring-site C-H out-of-plane bending,tau(C6-C7-C8-H17),dihedral,32.61223504955969,-,-0.3010668642969262,0.36804646047394296
39,1283.4882729176106,,,ring-site C-H out-of-plane bending,tau(H14-C6-C9-C8),dihedral,22.631355233262614,+,0.24698926919512015,0.3794917959790914
39,1283.4882729176106,,,ring-site C-H out-of-plane bending,tau(H17-C8-C9-H19),dihedral,8.741990431820023,-,-0.21906694656633302,0.18633936756269648
39,1283.4882729176106,,,ring-site C-H out-of-plane bending,tau(H16-C7-C8-H17),dihedral,5.494993812480789,-,-0.17396633889363008,0.1857311553103021
39,1283.4882729176106,,,ring-site C-H out-of-plane bending,delta(C6-C9-C8),angle,4.6513978791500845,-,-0.056181651659286624,1.507448504872666
39,1283.4882729176106,,,ring-site C-H out-of-plane bending,tau(H14-C6-C9-H19),dihedral,4.371728922618678,+,0.1547158723194028,0.18682349159156134
39,1283.4882729176106,,,ring-site C-H out-of-plane bending,delta(C8-C9-H20),angle,3.0480810499564286,+,0.12473440953771556,0.20040195782920825
39,1283.4882729176106,,,ring-site C-H out-of-plane bending,tau(H18-C8-C9-H20),dihedral,2.6879035523491788,+,0.12731031661244077,0.1696424301144722
39,1283.4882729176106,,,ring-site C-H out-of-plane bending,nu(C7-C8),bond,2.4329349062053516,-,-0.0920796226606922,0.2935292790201741
39,1283.4882729176106,,,ring-site C-H out-of-plane bending,tau(C6-C7-C8-H18),dihedral,2.1867456472709375,+,0.11473482059655908,0.1699244172304189
39,1283.4882729176106,,,ring-site C-H out-of-plane bending,nu(C8-C9),bond,2.1212103614363462,+,0.08378975846753922,0.3090650261509001
39,1283.4882729176106,,,ring-site C-H out-of-plane bending,tau(C7-C8-C9-H19),dihedral,1.553740926828674,+,0.06581851451031318,0.3668854199820777
39,1283.4882729176106,,,ring-site C-H out-of-plane bending,delta(C8-C7-H15),angle,1.5272512208503901,-,-0.08482919188394933,0.217103998270187
39,1283.4882729176106,,,ring-site C-H out-of-plane bending,nu(C6-C9),bond,1.4905803645826299,+,0.07122517476329385,0.3005635759709016
39,1283.4882729176106,,,ring-site C-H out-of-plane bending,nu(C6-C7),bond,1.0939627861147048,-,-0.06235284184080473,0.2878313169969325
39,1283.4882729176106,,,ring-site C-H out-of-plane bending,tau(C9-C6-C7-H16),dihedral,1.0292337480359228,-,-0.05199075154913141,0.38950212149901003
39,1283.4882729176106,,,ring-site C-H out-of-plane bending,delta(C6-C7-H15),angle,0.878187623095616,-,-0.06433785866824228,0.21702117349718755
39,1283.4882729176106,,,ring-site C-H out-of-plane bending,tau(H14-C6-C7-H16),dihedral,0.36589308445124347,+,0.042699523558172595,0.20528449235177543
39,1283.4882729176106,,,ring-site C-H out-of-plane bending,delta(C3-C6-C9),angle,0.2823345359618808,-,-0.030559225077714976,0.3092625491988139
39,1283.4882729176106,,,ring-site C-H out-of-plane bending,delta(C2-C3-C6),angle,0.24601598491366092,-,-0.024801878125321378,0.4091119718155291
39,1283.4882729176106,,,ring-site C-H out-of-plane bending,delta(N4-O5-H13),angle,0.1713877636732483,-,-0.0292339679863266,0.20514091020311076
39,1283.4882729176106,,,ring-site C-H out-of-plane bending,nu(C2-C3),bond,0.1132184748635462,+,0.02080803876388372,0.2674871996149321
39,1283.4882729176106,,,ring-site C-H out-of-plane bending,delta(C2-C3-N4),angle,0.05546176327044399,-,-0.009654887798117436,0.6086213889266646
39,1283.4882729176106,,,ring-site C-H out-of-plane bending,delta(C3-N4-O5),angle,0.031773946991333755,+,0.008153997091740972,0.48885274981676025
39,1283.4882729176106,,,ring-site C-H out-of-plane bending,tau(C6-C3-N4-O5),dihedral,0.029786211296457147,-,-0.014012220117222578,0.15518486550550248
39,1283.4882729176106,,,ring-site C-H out-of-plane bending,delta(C3-C2-H12),angle,0.026355425096360092,+,0.00831208810377797,0.39020942049172896
39,1283.4882729176106,,,ring-site C-H out-of-plane bending,delta(C2-O1-H10),angle,0.019350671299331646,-,-0.009958267654098806,0.19960731200682177
39,1283.4882729176106,,,ring-site C-H out-of-plane bending,nu(C3-N4),bond,0.017894705149712052,-,-0.005165044697760074,0.6861583910804996
39,1283.4882729176106,,,ring-site C-H out-of-plane bending,tau(C7-C8-C9-C6),dihedral,0.011843965381832598,+,0.0032769153212523073,1.1282742892792177
39,1283.4882729176106,,,ring-site C-H out-of-plane bending,tau(C2-C3-C6-C9),dihedral,0.01056540553812735,+,0.023615458963418857,0.019379447476020113
39,1283.4882729176106,,,ring-site C-H out-of-plane bending,tau(O1-C2-C3-C6),dihedral,0.009676117002513477,+,0.013404890820304566,0.05508362958384606
39,1283.4882729176106,,,ring-site C-H out-of-plane bending,delta(O1-C2-C3),angle,0.009199386920432534,-,-0.0044302252924774506,0.4794631797439876
39,1283.4882729176106,,,ring-site C-H out-of-plane bending,nu(N4-O5),bond,0.009131257541838408,-,-0.005983067759537402,0.26093404664752
39,1283.4882729176106,,,ring-site C-H out-of-plane bending,tau(C2-C3-N4-O5),dihedral,0.0070787859620072965,+,0.00867227164973433,0.096281098080716
39,1283.4882729176106,,,ring-site C-H out-of-plane bending,tau(C7-C8-C9-H20),dihedral,0.005940860267766401,-,-0.004305104388145148,0.32789135382743356
39,1283.4882729176106,,,ring-site C-H out-of-plane bending,tau(C3-C6-C9-C8),dihedral,0.004785421293363878,-,-0.005190631388290656,0.1816886511150176
39,1283.4882729176106,,,ring-site C-H out-of-plane bending,delta(O1-C2-H12),angle,0.003739960760933609,-,-0.0029613203282337704,0.4362588699976363
39,1283.4882729176106,,,ring-site C-H out-of-plane bending,nu(C7-H15),bond,0.0036824993095257515,-,-0.0033461922717926912,0.3364254876547383
39,1283.4882729176106,,,ring-site C-H out-of-plane bending,nu(C3-C6),bond,0.0029428859512546936,+,0.003208662263028764,0.29239734091777053
39,1283.4882729176106,,,ring-site C-H out-of-plane bending,nu(C9-H20),bond,0.0029203060063141845,+,0.0029737365245236596,0.33780913365345233
39,1283.4882729176106,,,ring-site C-H out-of-plane bending,nu(C6-H14),bond,0.002216602617156939,+,0.002641915984466201,0.3248611945164227
39,1283.4882729176106,,,ring-site C-H out-of-plane bending,delta(H11-C2-H12),angle,0.0010023746192607931,+,0.0017627409520043075,0.32999022352814855
39,1283.4882729176106,,,ring-site C-H out-of-plane bending,delta(O1-C2-H11),angle,0.0005747146541117875,+,0.001268917505319065,0.3651182100925562
39,1283.4882729176106,,,ring-site C-H out-of-plane bending,nu(C8-H17),bond,0.0005569795698889875,-,-0.0013052146477354853,0.33444398356763794
39,1283.4882729176106,,,ring-site C-H out-of-plane bending,tau(H10-O1-C2-H11),dihedral,0.00037711117635885413,-,-0.0036096179209718715,0.02960703626146141
39,1283.4882729176106,,,ring-site C-H out-of-plane bending,nu(O1-C2),bond,0.0003652377870476702,-,-0.0010519772587702432,0.33760665575380766
39,1283.4882729176106,,,ring-site C-H out-of-plane bending,tau(C3-N4-O5-H13),dihedral,0.00023351082818620248,-,-0.003579582931951016,0.018641899705102983
39,1283.4882729176106,,,ring-site C-H out-of-plane bending,nu(C8-H18),bond,4.103116356900996e-05,-,-0.0003528269096690086,0.33716185262197673
39,1283.4882729176106,,,ring-site C-H out-of-plane bending,nu(C2-H12),bond,4.0163807461421736e-05,+,0.00035878288904748703,0.3191680655609865
39,1283.4882729176106,,,ring-site C-H out-of-plane bending,nu(C7-H16),bond,3.366934626368553e-05,+,0.00032094521257472133,0.3343650536129274
39,1283.4882729176106,,,ring-site C-H out-of-plane bending,nu(O1-H10),bond,2.1990734500605077e-05,+,0.00021001585738547883,0.5100157173560682
39,1283.4882729176106,,,ring-site C-H out-of-plane bending,nu(C2-H11),bond,2.184329992432128e-05,+,0.0002562895013561207,0.3401767416555715
39,1283.4882729176106,,,ring-site C-H out-of-plane bending,nu(C9-H19),bond,1.7729252814141846e-06,-,-7.296168705791499e-05,0.3406816157892765
39,1283.4882729176106,,,ring-site C-H out-of-plane bending,nu(O5-H13),bond,6.294981843131588e-08,+,1.1067430218098655e-05,0.5257132188054624
40,1353.2195889082366,,,mixed O-H bending / ring-site C-H out-of-plane bending,delta(N4-O5-H13),angle,39.86721468949708,+,0.38594970384474464,0.20514091020311076
40,1353.2195889082366,,,mixed O-H bending / ring-site C-H out-of-plane bending,tau(H14-C6-C9-C8),dihedral,17.143768557423606,+,0.18608049616544192,0.3794917959790914
40,1353.2195889082366,,,mixed O-H bending / ring-site C-H out-of-plane bending,tau(H14-C6-C7-H16),dihedral,11.274398280272797,-,-0.20517172907480546,0.20528449235177543
40,1353.2195889082366,,,mixed O-H bending / ring-site C-H out-of-plane bending,tau(C9-C6-C7-H16),dihedral,4.704588273289464,+,0.096217662225398,0.38950212149901003
40,1353.2195889082366,,,mixed O-H bending / ring-site C-H out-of-plane bending,tau(C7-C8-C9-H19),dihedral,3.9479739691245643,-,-0.0908177665556636,0.3668854199820777
40,1353.2195889082366,,,mixed O-H bending / ring-site C-H out-of-plane bending,delta(C2-O1-H10),angle,3.645828074573752,-,-0.1183201667199418,0.19960731200682177
40,1353.2195889082366,,,mixed O-H bending / ring-site C-H out-of-plane bending,tau(H14-C6-C9-H19),dihedral,3.499045035894714,+,0.11981409937047637,0.18682349159156134
40,1353.2195889082366,,,mixed O-H bending / ring-site C-H out-of-plane bending,nu(C6-C9),bond,2.8115630739685056,-,-0.08467489065484181,0.3005635759709016
40,1353.2195889082366,,,mixed O-H bending / ring-site C-H out-of-plane bending,delta(C2-C3-N4),angle,1.6324089943766973,-,-0.045340863594306925,0.6086213889266646
40,1353.2195889082366,,,mixed O-H bending / ring-site C-H out-of-plane bending,delta(C2-C3-C6),angle,1.4598732620503616,+,0.05229803683915527,0.4091119718155291
40,1353.2195889082366,,,mixed O-H bending / ring-site C-H out-of-plane bending,delta(C3-N4-O5),angle,1.1905775040663371,+,0.04320546748412423,0.48885274981676025
40,1353.2195889082366,,,mixed O-H bending / ring-site C-H out-of-plane bending,delta(O1-C2-H12),angle,1.1275764514335693,+,0.044509197832982114,0.4362588699976363
40,1353.2195889082366,,,mixed O-H bending / ring-site C-H out-of-plane bending,tau(H17-C8-C9-H19),dihedral,0.9992590533944647,-,-0.06411145613276895,0.18633936756269648
40,1353.2195889082366,,,mixed O-H bending / ring-site C-H out-of-plane bending,nu(C6-C7),bond,0.6944683890051448,-,-0.04300372958921761,0.2878313169969325
40,1353.2195889082366,,,mixed O-H bending / ring-site C-H out-of-plane bending,nu(C3-C6),bond,0.6676574243788882,+,0.041834928937639564,0.29239734091777053
40,1353.2195889082366,,,mixed O-H bending / ring-site C-H out-of-plane bending,tau(C7-C8-C9-C6),dihedral,0.6315967271716092,+,0.020713881778409653,1.1282742892792177
40,1353.2195889082366,,,mixed O-H bending / ring-site C-H out-of-plane bending,delta(C3-C2-H12),angle,0.5647809964638337,+,0.03330734889475289,0.39020942049172896
40,1353.2195889082366,,,mixed O-H bending / ring-site C-H out-of-plane bending,tau(H16-C7-C8-H17),dihedral,0.5638172548599086,+,0.04823649074555663,0.1857311553103021
40,1353.2195889082366,,,mixed O-H bending / ring-site C-H out-of-plane bending,delta(C8-C9-H20),angle,0.5441026292383117,-,-0.04561822005874118,0.20040195782920825
40,1353.2195889082366,,,mixed O-H bending / ring-site C-H out-of-plane bending,tau(H18-C8-C9-H20),dihedral,0.36650310667478225,-,-0.040693073351827154,0.1696424301144722
40,1353.2195889082366,,,mixed O-H bending / ring-site C-H out-of-plane bending,delta(C8-C7-H15),angle,0.3263422872534964,-,-0.033943112953769804,0.217103998270187
40,1353.2195889082366,,,mixed O-H bending / ring-site C-H out-of-plane bending,delta(C6-C9-C8),angle,0.28908762246927105,-,-0.01212390178877882,1.507448504872666
40,1353.2195889082366,,,mixed O-H bending / ring-site C-H out-of-plane bending,delta(O1-C2-H11),angle,0.26776067360918715,-,-0.02370858052340982,0.3651182100925562
40,1353.2195889082366,,,mixed O-H bending / ring-site C-H out-of-plane bending,tau(C6-C7-C8-H17),dihedral,0.2432157258584316,-,-0.02250574568296625,0.36804646047394296
40,1353.2195889082366,,,mixed O-H bending / ring-site C-H out-of-plane bending,nu(C3-N4),bond,0.23886313901549774,+,0.016334704483532227,0.6861583910804996
40,1353.2195889082366,,,mixed O-H bending / ring-site C-H out-of-plane bending,nu(C7-C8),bond,0.21430630842009835,+,0.023655964914148418,0.2935292790201741
40,1353.2195889082366,,,mixed O-H bending / ring-site C-H out-of-plane bending,nu(N4-O5),bond,0.18931658545807362,-,-0.023581849335395345,0.26093404664752
40,1353.2195889082366,,,mixed O-H bending / ring-site C-H out-of-plane bending,delta(O1-C2-C3),angle,0.16373376157739283,+,0.016178579698722127,0.4794631797439876
40,1353.2195889082366,,,mixed O-H bending / ring-site C-H out-of-plane bending,nu(C8-C9),bond,0.09948391134569502,+,0.01570725874990368,0.3090650261509001
40,1353.2195889082366,,,mixed O-H bending / ring-site C-H out-of-plane bending,tau(C7-C8-C9-H20),dihedral,0.0961782505572772,-,-0.014994167490807953,0.32789135382743356
40,1353.2195889082366,,,mixed O-H bending / ring-site C-H out-of-plane bending,nu(C2-C3),bond,0.09204198647924573,-,-0.016240163349239434,0.2674871996149321
40,1353.2195889082366,,,mixed O-H bending / ring-site C-H out-of-plane bending,delta(H11-C2-H12),angle,0.09049898996113565,-,-0.01449840519374991,0.32999022352814855
40,1353.2195889082366,,,mixed O-H bending / ring-site C-H out-of-plane bending,nu(O1-C2),bond,0.060328018271642685,-,-0.011703154362325009,0.33760665575380766
40,1353.2195889082366,,,mixed O-H bending / ring-site C-H out-of-plane bending,tau(H10-O1-C2-H11),dihedral,0.049405956694008255,-,-0.03576358877443287,0.02960703626146141
40,1353.2195889082366,,,mixed O-H bending / ring-site C-H out-of-plane bending,tau(C3-C6-C9-C8),dihedral,0.03954871353915674,-,-0.012916688430088176,0.1816886511150176
40,1353.2195889082366,,,mixed O-H bending / ring-site C-H out-of-plane bending,tau(C2-C3-N4-O5),dihedral,0.03941309751792224,+,0.01771326704979602,0.096281098080716
40,1353.2195889082366,,,mixed O-H bending / ring-site C-H out-of-plane bending,nu(O1-H10),bond,0.031241895035578577,+,0.00685213337891988,0.5100157173560682
40,1353.2195889082366,,,mixed O-H bending / ring-site C-H out-of-plane bending,tau(O1-C2-C3-C6),dihedral,0.0276983023182569,-,-0.01963198459664587,0.05508362958384606
40,1353.2195889082366,,,mixed O-H bending / ring-site C-H out-of-plane bending,tau(C6-C3-N4-O5),dihedral,0.027068631136085916,-,-0.01156264970078545,0.15518486550550248
40,1353.2195889082366,,,mixed O-H bending / ring-site C-H out-of-plane bending,delta(C3-C6-C9),angle,0.021863143853515444,-,-0.007361080109513335,0.3092625491988139
40,1353.2195889082366,,,mixed O-H bending / ring-site C-H out-of-plane bending,nu(C6-H14),bond,0.020608192223000858,+,0.006973004307655232,0.3248611945164227
40,1353.2195889082366,,,mixed O-H bending / ring-site C-H out-of-plane bending,tau(C6-C7-C8-H18),dihedral,0.009338096469406358,-,-0.006490082047370689,0.1699244172304189
40,1353.2195889082366,,,mixed O-H bending / ring-site C-H out-of-plane bending,nu(C9-H20),bond,0.0059883823147267624,-,-0.003686107267890133,0.33780913365345233
40,1353.2195889082366,,,mixed O-H bending / ring-site C-H out-of-plane bending,delta(C6-C7-H15),angle,0.005253145147948871,+,0.004307324092882588,0.21702117349718755
40,1353.2195889082366,,,mixed O-H bending / ring-site C-H out-of-plane bending,nu(C7-H15),bond,0.0040603699831861795,-,-0.0030414960908492473,0.3364254876547383
40,1353.2195889082366,,,mixed O-H bending / ring-site C-H out-of-plane bending,tau(C2-C3-C6-C9),dihedral,0.0034264144652397413,-,-0.011641210856905192,0.019379447476020113
40,1353.2195889082366,,,mixed O-H bending / ring-site C-H out-of-plane bending,nu(C8-H17),bond,0.0024626551153300543,-,-0.0023756858298698605,0.33444398356763794
40,1353.2195889082366,,,mixed O-H bending / ring-site C-H out-of-plane bending,tau(C3-N4-O5-H13),dihedral,0.0023357890889811874,-,-0.009799877180049084,0.018641899705102983
40,1353.2195889082366,,,mixed O-H bending / ring-site C-H out-of-plane bending,nu(C9-H19),bond,0.0013339836294188666,-,-0.0017324064996648322,0.3406816157892765
40,1353.2195889082366,,,mixed O-H bending / ring-site C-H out-of-plane bending,nu(C8-H18),bond,0.0003319691060351741,-,-0.0008687174040843967,0.33716185262197673
40,1353.2195889082366,,,mixed O-H bending / ring-site C-H out-of-plane bending,nu(C2-H11),bond,0.0002202507367389368,+,0.000704458283217285,0.3401767416555715
40,1353.2195889082366,,,mixed O-H bending / ring-site C-H out-of-plane bending,nu(C7-H16),bond,0.00021958475074138254,-,-0.0007094790107355378,0.3343650536129274
40,1353.2195889082366,,,mixed O-H bending / ring-site C-H out-of-plane bending,nu(O5-H13),bond,1.4919185195851172e-05,-,-0.00014748471303264391,0.5257132188054624
40,1353.2195889082366,,,mixed O-H bending / ring-site C-H out-of-plane bending,nu(C2-H12),bond,7.500254640408942e-06,-,-0.00013420762535508877,0.3191680655609865
41,1367.4396775064704,,,C-H bending,delta(O1-C2-H12),angle,45.383535781254785,-,-0.3829876180967774,0.4362588699976363
41,1367.4396775064704,,,C-H bending,delta(C3-C2-H12),angle,32.21717516470398,+,0.34119492177973926,0.39020942049172896
41,1367.4396775064704,,,C-H bending,delta(N4-O5-H13),angle,5.30361181591187,+,0.19092703584534895,0.20514091020311076
41,1367.4396775064704,,,C-H bending,delta(C2-O1-H10),angle,4.934231581327292,+,0.18669352064017572,0.19960731200682177
41,1367.4396775064704,,,C-H bending,delta(O1-C2-H11),angle,2.866218123726577,-,-0.10520722765201432,0.3651182100925562
41,1367.4396775064704,,,C-H bending,nu(C3-C6),bond,2.3736123454855185,-,-0.10698573906127612,0.29239734091777053
41,1367.4396775064704,,,C-H bending,nu(C2-C3),bond,1.1071362544193384,-,-0.07639355819183828,0.2674871996149321
41,1367.4396775064704,,,C-H bending,nu(O1-C2),bond,0.8458897105432944,+,0.05943730036595631,0.33760665575380766
41,1367.4396775064704,,,C-H bending,nu(C3-N4),bond,0.7179619659622092,+,0.03841017042830291,0.6861583910804996
41,1367.4396775064704,,,C-H bending,tau(H14-C6-C7-H16),dihedral,0.702094481732207,+,0.06944283023253328,0.20528449235177543
41,1367.4396775064704,,,C-H bending,nu(C6-C9),bond,0.48868681445442186,+,0.047880077040397144,0.3005635759709016
41,1367.4396775064704,,,C-H bending,tau(C9-C6-C7-H16),dihedral,0.42083757607462896,-,-0.03903103304138721,0.38950212149901003
41,1367.4396775064704,,,C-H bending,tau(H14-C6-C9-C8),dihedral,0.38114286173965706,-,-0.03763140244873485,0.3794917959790914
41,1367.4396775064704,,,C-H bending,tau(C7-C8-C9-H19),dihedral,0.37344996382836876,+,0.03788424954873204,0.3668854199820777
41,1367.4396775064704,,,C-H bending,tau(C7-C8-C9-C6),dihedral,0.2292548055821492,-,-0.016926204459972893,1.1282742892792177
41,1367.4396775064704,,,C-H bending,tau(H10-O1-C2-H11),dihedral,0.19901835697853557,+,0.09735467357484254,0.02960703626146141
41,1367.4396775064704,,,C-H bending,delta(C3-C6-C9),angle,0.1542626178208277,+,0.02652005297738935,0.3092625491988139
41,1367.4396775064704,,,C-H bending,delta(C3-N4-O5),angle,0.14729140122214313,+,0.020611394234025412,0.48885274981676025
41,1367.4396775064704,,,C-H bending,tau(H17-C8-C9-H19),dihedral,0.1264047359507145,+,0.030926948331303484,0.18633936756269648
41,1367.4396775064704,,,C-H bending,nu(C6-C7),bond,0.11919702293389692,+,0.024164142398648416,0.2878313169969325
41,1367.4396775064704,,,C-H bending,delta(C6-C9-C8),angle,0.1113000447549166,+,0.010203146707697607,1.507448504872666
41,1367.4396775064704,,,C-H bending,tau(C2-C3-N4-O5),dihedral,0.09205461721390268,+,0.036716390089423914,0.096281098080716
41,1367.4396775064704,,,C-H bending,tau(H18-C8-C9-H20),dihedral,0.09202816965131985,+,0.027656731544740604,0.1696424301144722
41,1367.4396775064704,,,C-H bending,nu(C2-H12),bond,0.07776653875279953,-,-0.018535076107173032,0.3191680655609865
41,1367.4396775064704,,,C-H bending,delta(C2-C3-N4),angle,0.07084945352946063,-,-0.012811569930830104,0.6086213889266646
41,1367.4396775064704,,,C-H bending,tau(O1-C2-C3-C6),dihedral,0.06872568602144369,+,0.041942660174537856,0.05508362958384606
41,1367.4396775064704,,,C-H bending,delta(C8-C9-H20),angle,0.06630528201001691,+,0.021598857924453502,0.20040195782920825
41,1367.4396775064704,,,C-H bending,nu(O1-H10),bond,0.05735398319441695,-,-0.012592087033874086,0.5100157173560682
41,1367.4396775064704,,,C-H bending,tau(H16-C7-C8-H17),dihedral,0.04513783164014838,-,-0.018511246777998282,0.1857311553103021
41,1367.4396775064704,,,C-H bending,delta(H11-C2-H12),angle,0.038997821984306145,-,-0.012908546514081565,0.32999022352814855
41,1367.4396775064704,,,C-H bending,tau(C7-C8-C9-H20),dihedral,0.03678119044524757,+,0.012576378882967998,0.32789135382743356
41,1367.4396775064704,,,C-H bending,tau(C6-C7-C8-H17),dihedral,0.02571361795626275,+,0.009925170482047102,0.36804646047394296
41,1367.4396775064704,,,C-H bending,tau(H14-C6-C9-H19),dihedral,0.024046144699779046,-,-0.013471460757346463,0.18682349159156134
41,1367.4396775064704,,,C-H bending,delta(O1-C2-C3),angle,0.015195084964140229,+,0.0066846956709143415,0.4794631797439876
41,1367.4396775064704,,,C-H bending,tau(C6-C3-N4-O5),dihedral,0.013309949571855736,-,-0.010996924095414933,0.15518486550550248
41,1367.4396775064704,,,C-H bending,tau(C3-C6-C9-C8),dihedral,0.011219981616235643,-,-0.009331251111769164,0.1816886511150176
41,1367.4396775064704,,,C-H bending,delta(C2-C3-C6),angle,0.010528645711975291,+,0.006023832208366725,0.4091119718155291
41,1367.4396775064704,,,C-H bending,delta(C8-C7-H15),angle,0.010060412949647048,+,0.00808316971583025,0.217103998270187
41,1367.4396775064704,,,C-H bending,delta(C6-C7-H15),angle,0.007668899360087169,+,0.007058674734747831,0.21702117349718755
41,1367.4396775064704,,,C-H bending,tau(C6-C7-C8-H18),dihedral,0.006446199397023126,+,0.007313607974722386,0.1699244172304189
41,1367.4396775064704,,,C-H bending,nu(C7-C8),bond,0.006399359737248934,-,-0.005544345078590138,0.2935292790201741
41,1367.4396775064704,,,C-H bending,tau(C3-N4-O5-H13),dihedral,0.0046646058909490095,-,-0.018783222330578116,0.018641899705102983
41,1367.4396775064704,,,C-H bending,nu(C8-C9),bond,0.004411857381715954,-,-0.004486353653133296,0.3090650261509001
41,1367.4396775064704,,,C-H bending,tau(C2-C3-C6-C9),dihedral,0.003962473184726719,-,-0.016979315459833267,0.019379447476020113
41,1367.4396775064704,,,C-H bending,nu(C2-H11),bond,0.0037719609249131803,+,0.003954021154551377,0.3401767416555715
41,1367.4396775064704,,,C-H bending,nu(N4-O5),bond,0.002456968721006393,+,0.0036436960644869957,0.26093404664752
41,1367.4396775064704,,,C-H bending,nu(O5-H13),bond,0.0007340142512684663,+,0.001403089911129836,0.5257132188054624
41,1367.4396775064704,,,C-H bending,nu(C9-H20),bond,0.0004996140313654212,+,0.0014440735850506409,0.33780913365345233
41,1367.4396775064704,,,C-H bending,nu(C8-H17),bond,0.0002199537020579914,+,0.0009629675413347892,0.33444398356763794
41,1367.4396775064704,,,C-H bending,nu(C6-H14),bond,0.00014297844515710767,-,-0.0007877602650044444,0.3248611945164227
41,1367.4396775064704,,,C-H bending,nu(C7-H15),bond,0.00012901020585657626,+,0.000735318162540496,0.3364254876547383
41,1367.4396775064704,,,C-H bending,nu(C9-H19),bond,5.491071124887793e-05,+,0.00047671837259554404,0.3406816157892765
41,1367.4396775064704,,,C-H bending,nu(C8-H18),bond,4.7111234433378367e-05,+,0.00044386482592714274,0.33716185262197673
41,1367.4396775064704,,,C-H bending,nu(C7-H16),bond,2.2445006258559335e-06,+,9.728751929995612e-05,0.3343650536129274
42,1394.2911173863658,,,mixed ring-site C-H out-of-plane bending / O-H bending / exocyclic C-C stretching,nu(C3-C6),bond,18.470256592957856,-,-0.24815889043771566,0.29239734091777053
42,1394.2911173863658,,,mixed ring-site C-H out-of-plane bending / O-H bending / exocyclic C-C stretching,delta(C2-O1-H10),angle,12.50886950258117,-,-0.24717292184271786,0.19960731200682177
42,1394.2911173863658,,,mixed ring-site C-H out-of-plane bending / O-H bending / exocyclic C-C stretching,delta(O1-C2-H12),angle,10.249435684399964,+,0.15134146229265252,0.4362588699976363
42,1394.2911173863658,,,mixed ring-site C-H out-of-plane bending / O-H bending / exocyclic C-C stretching,tau(H14-C6-C9-C8),dihedral,8.560246581725508,-,-0.1482934692294177,0.3794917959790914
42,1394.2911173863658,,,mixed ring-site C-H out-of-plane bending / O-H bending / exocyclic C-C stretching,delta(N4-O5-H13),angle,8.25811682821885,+,0.19810455251056236,0.20514091020311076
42,1394.2911173863658,,,mixed ring-site C-H out-of-plane bending / O-H bending / exocyclic C-C stretching,delta(C2-C3-N4),angle,8.093680426396938,-,-0.11386218262419129,0.6086213889266646
42,1394.2911173863658,,,mixed ring-site C-H out-of-plane bending / O-H bending / exocyclic C-C stretching,tau(H14-C6-C7-H16),dihedral,8.061106616705587,+,0.19565878158798428,0.20528449235177543
42,1394.2911173863658,,,mixed ring-site C-H out-of-plane bending / O-H bending / exocyclic C-C stretching,nu(C6-C9),bond,3.3976318665281364,+,0.10497842911206132,0.3005635759709016
42,1394.2911173863658,,,mixed ring-site C-H out-of-plane bending / O-H bending / exocyclic C-C stretching,tau(C9-C6-C7-H16),dihedral,2.9977181885318482,-,-0.08662047709052895,0.38950212149901003
42,1394.2911173863658,,,mixed ring-site C-H out-of-plane bending / O-H bending / exocyclic C-C stretching,delta(C3-N4-O5),angle,2.9882806784558538,+,0.0771972350871707,0.48885274981676025
42,1394.2911173863658,,,mixed ring-site C-H out-of-plane bending / O-H bending / exocyclic C-C stretching,nu(C2-C3),bond,2.154982015688441,+,0.08862380795656087,0.2674871996149321
42,1394.2911173863658,,,mixed ring-site C-H out-of-plane bending / O-H bending / exocyclic C-C stretching,tau(H14-C6-C9-H19),dihedral,2.0615669814975255,-,-0.10372013332646884,0.18682349159156134
42,1394.2911173863658,,,mixed ring-site C-H out-of-plane bending / O-H bending / exocyclic C-C stretching,tau(C7-C8-C9-H19),dihedral,1.2472276463666316,+,0.057568872201756646,0.3668854199820777
42,1394.2911173863658,,,mixed ring-site C-H out-of-plane bending / O-H bending / exocyclic C-C stretching,tau(C7-C8-C9-C6),dihedral,1.1928218972627096,-,-0.03210410294677509,1.1282742892792177
42,1394.2911173863658,,,mixed ring-site C-H out-of-plane bending / O-H bending / exocyclic C-C stretching,delta(C3-C2-H12),angle,1.122598174452228,-,-0.0529594388203086,0.39020942049172896
42,1394.2911173863658,,,mixed ring-site C-H out-of-plane bending / O-H bending / exocyclic C-C stretching,nu(C6-C7),bond,1.0210862084591947,+,0.05880879305933744,0.2878313169969325
42,1394.2911173863658,,,mixed ring-site C-H out-of-plane bending / O-H bending / exocyclic C-C stretching,tau(H18-C8-C9-H20),dihedral,0.9747766281033144,+,0.07484544846728891,0.1696424301144722
42,1394.2911173863658,,,mixed ring-site C-H out-of-plane bending / O-H bending / exocyclic C-C stretching,delta(C6-C9-C8),angle,0.9364885862911415,+,0.024609913391477525,1.507448504872666
42,1394.2911173863658,,,mixed ring-site C-H out-of-plane bending / O-H bending / exocyclic C-C stretching,delta(C2-C3-C6),angle,0.8156185978780305,+,0.04408618812034734,0.4091119718155291
42,1394.2911173863658,,,mixed ring-site C-H out-of-plane bending / O-H bending / exocyclic C-C stretching,delta(O1-C2-H11),angle,0.7546301828984868,-,-0.044888017255169395,0.3651182100925562
42,1394.2911173863658,,,mixed ring-site C-H out-of-plane bending / O-H bending / exocyclic C-C stretching,delta(O1-C2-C3),angle,0.7519456762881053,+,0.039101704224581965,0.4794631797439876
42,1394.2911173863658,,,mixed ring-site C-H out-of-plane bending / O-H bending / exocyclic C-C stretching,nu(C3-N4),bond,0.6111044700393466,+,0.029466301247749786,0.6861583910804996
42,1394.2911173863658,,,mixed ring-site C-H out-of-plane bending / O-H bending / exocyclic C-C stretching,tau(C7-C8-C9-H20),dihedral,0.4593417061459375,+,0.036955836820751556,0.32789135382743356
42,1394.2911173863658,,,mixed ring-site C-H out-of-plane bending / O-H bending / exocyclic C-C stretching,delta(C8-C9-H20),angle,0.276397804782953,+,0.0366687747218496,0.20040195782920825
42,1394.2911173863658,,,mixed ring-site C-H out-of-plane bending / O-H bending / exocyclic C-C stretching,nu(O1-C2),bond,0.2734175491049548,-,-0.028098800230825536,0.33760665575380766
42,1394.2911173863658,,,mixed ring-site C-H out-of-plane bending / O-H bending / exocyclic C-C stretching,tau(O1-C2-C3-C6),dihedral,0.25232429714567933,-,-0.06682644297246898,0.05508362958384606
42,1394.2911173863658,,,mixed ring-site C-H out-of-plane bending / O-H bending / exocyclic C-C stretching,tau(C6-C7-C8-H17),dihedral,0.24822715357537486,+,0.025642089079020585,0.36804646047394296
42,1394.2911173863658,,,mixed ring-site C-H out-of-plane bending / O-H bending / exocyclic C-C stretching,tau(H17-C8-C9-H19),dihedral,0.24627877100507842,+,0.03589560387695148,0.18633936756269648
42,1394.2911173863658,,,mixed ring-site C-H out-of-plane bending / O-H bending / exocyclic C-C stretching,delta(C3-C6-C9),angle,0.24079479152566566,+,0.027551164660480253,0.3092625491988139
42,1394.2911173863658,,,mixed ring-site C-H out-of-plane bending / O-H bending / exocyclic C-C stretching,nu(N4-O5),bond,0.12944558856470442,-,-0.021991676388967846,0.26093404664752
42,1394.2911173863658,,,mixed ring-site C-H out-of-plane bending / O-H bending / exocyclic C-C stretching,tau(H10-O1-C2-H11),dihedral,0.1270101518417821,-,-0.06466984700214609,0.02960703626146141
42,1394.2911173863658,,,mixed ring-site C-H out-of-plane bending / O-H bending / exocyclic C-C stretching,tau(H16-C7-C8-H17),dihedral,0.10183657594251358,-,-0.023120094126832285,0.1857311553103021
42,1394.2911173863658,,,mixed ring-site C-H out-of-plane bending / O-H bending / exocyclic C-C stretching,nu(O1-H10),bond,0.09022103722458621,+,0.013132342818719105,0.5100157173560682
42,1394.2911173863658,,,mixed ring-site C-H out-of-plane bending / O-H bending / exocyclic C-C stretching,delta(C6-C7-H15),angle,0.07580829482428739,+,0.01845386732638326,0.21702117349718755
42,1394.2911173863658,,,mixed ring-site C-H out-of-plane bending / O-H bending / exocyclic C-C stretching,delta(C8-C7-H15),angle,0.07095350953613318,+,0.017849790105495866,0.217103998270187
42,1394.2911173863658,,,mixed ring-site C-H out-of-plane bending / O-H bending / exocyclic C-C stretching,tau(C2-C3-N4-O5),dihedral,0.0377495944950508,-,-0.019550853061842167,0.096281098080716
42,1394.2911173863658,,,mixed ring-site C-H out-of-plane bending / O-H bending / exocyclic C-C stretching,tau(C3-C6-C9-C8),dihedral,0.034742071215743596,+,0.013653501313140444,0.1816886511150176
42,1394.2911173863658,,,mixed ring-site C-H out-of-plane bending / O-H bending / exocyclic C-C stretching,nu(C7-C8),bond,0.03208118672729932,-,-0.010322373807716839,0.2935292790201741
42,1394.2911173863658,,,mixed ring-site C-H out-of-plane bending / O-H bending / exocyclic C-C stretching,tau(C6-C3-N4-O5),dihedral,0.012772319059464417,+,0.008957571450886033,0.15518486550550248
42,1394.2911173863658,,,mixed ring-site C-H out-of-plane bending / O-H bending / exocyclic C-C stretching,nu(C8-C9),bond,0.010936162615511082,-,-0.00587337366815472,0.3090650261509001
42,1394.2911173863658,,,mixed ring-site C-H out-of-plane bending / O-H bending / exocyclic C-C stretching,nu(C6-H14),bond,0.009177765088654928,-,-0.005248070178993513,0.3248611945164227
42,1394.2911173863658,,,mixed ring-site C-H out-of-plane bending / O-H bending / exocyclic C-C stretching,delta(H11-C2-H12),angle,0.008693695477436533,+,0.0050679434333015475,0.32999022352814855
42,1394.2911173863658,,,mixed ring-site C-H out-of-plane bending / O-H bending / exocyclic C-C stretching,nu(C2-H12),bond,0.007411344161891579,+,0.004757938876697628,0.3191680655609865
42,1394.2911173863658,,,mixed ring-site C-H out-of-plane bending / O-H bending / exocyclic C-C stretching,nu(C9-H20),bond,0.005145751222889569,+,0.003853619072366801,0.33780913365345233
42,1394.2911173863658,,,mixed ring-site C-H out-of-plane bending / O-H bending / exocyclic C-C stretching,nu(C2-H11),bond,0.0048445253692051,-,-0.0037260904443111482,0.3401767416555715
42,1394.2911173863658,,,mixed ring-site C-H out-of-plane bending / O-H bending / exocyclic C-C stretching,tau(C2-C3-C6-C9),dihedral,0.003411195356127176,+,0.013099740246479046,0.019379447476020113
42,1394.2911173863658,,,mixed ring-site C-H out-of-plane bending / O-H bending / exocyclic C-C stretching,nu(C8-H17),bond,0.0033246140088663474,+,0.003113070851715531,0.33444398356763794
42,1394.2911173863658,,,mixed ring-site C-H out-of-plane bending / O-H bending / exocyclic C-C stretching,tau(C3-N4-O5-H13),dihedral,0.002992759421804871,+,0.012510391579613185,0.018641899705102983
42,1394.2911173863658,,,mixed ring-site C-H out-of-plane bending / O-H bending / exocyclic C-C stretching,nu(C7-H15),bond,0.0022236372839911614,+,0.0025384441463209323,0.3364254876547383
42,1394.2911173863658,,,mixed ring-site C-H out-of-plane bending / O-H bending / exocyclic C-C stretching,nu(C8-H18),bond,0.0011131181321940734,+,0.0017940374168444416,0.33716185262197673
42,1394.2911173863658,,,mixed ring-site C-H out-of-plane bending / O-H bending / exocyclic C-C stretching,tau(C6-C7-C8-H18),dihedral,0.0004779347957815664,+,0.001655909181634641,0.1699244172304189
42,1394.2911173863658,,,mixed ring-site C-H out-of-plane bending / O-H bending / exocyclic C-C stretching,nu(C9-H19),bond,0.0003379079073936008,+,0.0009833427313076918,0.3406816157892765
42,1394.2911173863658,,,mixed ring-site C-H out-of-plane bending / O-H bending / exocyclic C-C stretching,nu(C7-H16),bond,0.0001594191394412735,+,0.0006817731186389006,0.3343650536129274
42,1394.2911173863658,,,mixed ring-site C-H out-of-plane bending / O-H bending / exocyclic C-C stretching,nu(O5-H13),bond,0.00015773557473248108,+,0.0005408420637369896,0.5257132188054624
43,1449.4746650067925,,,mixed C-H bending / O-H bending,delta(O1-C2-H11),angle,50.85685289183893,+,0.36376647281480834,0.3651182100925562
43,1449.4746650067925,,,mixed C-H bending / O-H bending,delta(C2-O1-H10),angle,24.519291614945157,+,0.3416098709347356,0.19960731200682177
43,1449.4746650067925,,,mixed C-H bending / O-H bending,delta(C3-C2-H12),angle,7.400902009414803,-,-0.1342326385597603,0.39020942049172896
43,1449.4746650067925,,,mixed C-H bending / O-H bending,nu(C2-C3),bond,4.391075721654033,+,0.12488165228400731,0.2674871996149321
43,1449.4746650067925,,,mixed C-H bending / O-H bending,delta(N4-O5-H13),angle,3.4063008227137552,+,0.12559722258298048,0.20514091020311076
43,1449.4746650067925,,,mixed C-H bending / O-H bending,nu(C3-C6),bond,2.0786961674451785,-,-0.0821813882429094,0.29239734091777053
43,1449.4746650067925,,,mixed C-H bending / O-H bending,delta(H11-C2-H12),angle,1.7051264737941414,+,0.07006359814892178,0.32999022352814855
43,1449.4746650067925,,,mixed C-H bending / O-H bending,delta(O1-C2-H12),angle,1.1806826284693148,+,0.05070597368235384,0.4362588699976363
43,1449.4746650067925,,,mixed C-H bending / O-H bending,tau(H10-O1-C2-H11),dihedral,0.8955552560104219,-,-0.16951705575692047,0.02960703626146141
43,1449.4746650067925,,,mixed C-H bending / O-H bending,nu(O1-C2),bond,0.8235719277641064,-,-0.04814042748388037,0.33760665575380766
43,1449.4746650067925,,,mixed C-H bending / O-H bending,delta(C3-N4-O5),angle,0.7258412294191676,+,0.03755748137239908,0.48885274981676025
43,1449.4746650067925,,,mixed C-H bending / O-H bending,delta(C2-C3-N4),angle,0.6342323295092726,-,-0.03146409593987334,0.6086213889266646
43,1449.4746650067925,,,mixed C-H bending / O-H bending,delta(O1-C2-C3),angle,0.45628049839999074,-,-0.030067893133081645,0.4794631797439876
43,1449.4746650067925,,,mixed C-H bending / O-H bending,nu(C6-C9),bond,0.1881667645354533,+,0.024387538002701114,0.3005635759709016
43,1449.4746650067925,,,mixed C-H bending / O-H bending,nu(O1-H10),bond,0.1393822361776668,-,-0.0161130074859131,0.5100157173560682
43,1449.4746650067925,,,mixed C-H bending / O-H bending,tau(H14-C6-C7-H16),dihedral,0.10477179658915355,+,0.022019568238640885,0.20528449235177543
43,1449.4746650067925,,,mixed C-H bending / O-H bending,tau(H14-C6-C9-C8),dihedral,0.07129846736380378,-,-0.013359911350433693,0.3794917959790914
43,1449.4746650067925,,,mixed C-H bending / O-H bending,tau(C9-C6-C7-H16),dihedral,0.07127039132855226,-,-0.013184520292117839,0.38950212149901003
43,1449.4746650067925,,,mixed C-H bending / O-H bending,tau(H18-C8-C9-H20),dihedral,0.04831706118490219,+,0.016449310103054456,0.1696424301144722
43,1449.4746650067925,,,mixed C-H bending / O-H bending,tau(O1-C2-C3-C6),dihedral,0.038931383052110954,+,0.025912142100998535,0.05508362958384606
43,1449.4746650067925,,,mixed C-H bending / O-H bending,tau(H14-C6-C9-H19),dihedral,0.03707196885229919,-,-0.013730038611426283,0.18682349159156134
43,1449.4746650067925,,,mixed C-H bending / O-H bending,tau(C7-C8-C9-C6),dihedral,0.03553975068983001,-,-0.005470342488738693,1.1282742892792177
43,1449.4746650067925,,,mixed C-H bending / O-H bending,nu(C6-C7),bond,0.02599992908257606,+,0.00926364138550066,0.2878313169969325
43,1449.4746650067925,,,mixed C-H bending / O-H bending,nu(N4-O5),bond,0.025267065676705,-,-0.009591282987028054,0.26093404664752
43,1449.4746650067925,,,mixed C-H bending / O-H bending,tau(C2-C3-N4-O5),dihedral,0.02137602497874934,-,-0.014523043286128964,0.096281098080716
43,1449.4746650067925,,,mixed C-H bending / O-H bending,nu(C2-H11),bond,0.018367114049997812,+,0.007161975448182365,0.3401767416555715
43,1449.4746650067925,,,mixed C-H bending / O-H bending,delta(C6-C9-C8),angle,0.018302391986761167,+,0.0033962320696073064,1.507448504872666
43,1449.4746650067925,,,mixed C-H bending / O-H bending,delta(C8-C7-H15),angle,0.016084990868650468,+,0.00838959842612517,0.217103998270187
43,1449.4746650067925,,,mixed C-H bending / O-H bending,nu(C3-N4),bond,0.015122731807844242,+,0.0045758060774711,0.6861583910804996
43,1449.4746650067925,,,mixed C-H bending / O-H bending,tau(C6-C7-C8-H17),dihedral,0.010392356501539737,+,0.005179291689777625,0.36804646047394296
43,1449.4746650067925,,,mixed C-H bending / O-H bending,tau(H17-C8-C9-H19),dihedral,0.007538734687610305,-,-0.006199570400823837,0.18633936756269648
43,1449.4746650067925,,,mixed C-H bending / O-H bending,tau(C7-C8-C9-H20),dihedral,0.006070229252842969,+,0.004193747119308491,0.32789135382743356
43,1449.4746650067925,,,mixed C-H bending / O-H bending,nu(C2-H12),bond,0.004514558106051976,-,-0.003665747802195707,0.3191680655609865
43,1449.4746650067925,,,mixed C-H bending / O-H bending,delta(C8-C9-H20),angle,0.0043783879459609425,+,0.00455586466637794,0.20040195782920825
43,1449.4746650067925,,,mixed C-H bending / O-H bending,tau(C2-C3-C6-C9),dihedral,0.003109161336733262,+,0.012345696856994425,0.019379447476020113
43,1449.4746650067925,,,mixed C-H bending / O-H bending,nu(C7-C8),bond,0.003043035495539526,-,-0.003138285644339606,0.2935292790201741
43,1449.4746650067925,,,mixed C-H bending / O-H bending,delta(C6-C7-H15),angle,0.002905174529097149,-,-0.003566151055924917,0.21702117349718755
43,1449.4746650067925,,,mixed C-H bending / O-H bending,tau(H16-C7-C8-H17),dihedral,0.0015981256049523935,+,0.0028590894947972847,0.1857311553103021
43,1449.4746650067925,,,mixed C-H bending / O-H bending,delta(C2-C3-C6),angle,0.0013981260239172768,-,-0.0018018421438426874,0.4091119718155291
43,1449.4746650067925,,,mixed C-H bending / O-H bending,tau(C6-C7-C8-H18),dihedral,0.0011145366743519763,-,-0.0024962263444226807,0.1699244172304189
43,1449.4746650067925,,,mixed C-H bending / O-H bending,tau(C3-C6-C9-C8),dihedral,0.0007514282755830942,+,0.001982186624491746,0.1816886511150176
43,1449.4746650067925,,,mixed C-H bending / O-H bending,nu(C6-H14),bond,0.0006175720406724417,+,0.0013438771496236328,0.3248611945164227
43,1449.4746650067925,,,mixed C-H bending / O-H bending,tau(C3-N4-O5-H13),dihedral,0.0006129000503732162,-,-0.005588746616877882,0.018641899705102983
43,1449.4746650067925,,,mixed C-H bending / O-H bending,nu(C7-H15),bond,0.0005972352041221814,+,0.0012986524207112453,0.3364254876547383
43,1449.4746650067925,,,mixed C-H bending / O-H bending,nu(C8-C9),bond,0.000543170823013298,+,0.0012921352076934731,0.3090650261509001
43,1449.4746650067925,,,mixed C-H bending / O-H bending,tau(C6-C3-N4-O5),dihedral,0.000420842498153203,+,0.0016050914741925514,0.15518486550550248
43,1449.4746650067925,,,mixed C-H bending / O-H bending,nu(C8-H17),bond,0.00019221715782188537,+,0.0007389227823226642,0.33444398356763794
43,1449.4746650067925,,,mixed C-H bending / O-H bending,nu(C8-H18),bond,0.0001770029650222631,+,0.0007062130360014763,0.33716185262197673
43,1449.4746650067925,,,mixed C-H bending / O-H bending,nu(C9-H20),bond,0.0001106382418966539,+,0.0005578039869421583,0.33780913365345233
43,1449.4746650067925,,,mixed C-H bending / O-H bending,delta(C3-C6-C9),angle,0.00010760737112715693,-,-0.0005749393320970541,0.3092625491988139
43,1449.4746650067925,,,mixed C-H bending / O-H bending,tau(C7-C8-C9-H19),dihedral,6.157830621297857e-05,-,-0.000399312879156529,0.3668854199820777
43,1449.4746650067925,,,mixed C-H bending / O-H bending,nu(O5-H13),bond,4.6342474668238374e-05,+,0.0002893875459746281,0.5257132188054624
43,1449.4746650067925,,,mixed C-H bending / O-H bending,nu(C9-H19),bond,1.3879928940389836e-05,-,-0.00019673604984776826,0.3406816157892765
43,1449.4746650067925,,,mixed C-H bending / O-H bending,nu(C7-H16),bond,5.518900462905761e-06,+,0.00012522196525613586,0.3343650536129274
44,1486.0404234204902,,,ring-site C-H out-of-plane bending,tau(C9-C6-C7-H16),dihedral,21.21953562147911,+,0.23992462476590504,0.38950212149901003
44,1486.0404234204902,,,ring-site C-H out-of-plane bending,tau(H14-C6-C7-H16),dihedral,11.863064013630881,+,0.2471053599355282,0.20528449235177543
44,1486.0404234204902,,,ring-site C-H out-of-plane bending,tau(C7-C8-C9-H20),dihedral,10.30696643930095,+,0.1822477808586887,0.32789135382743356
44,1486.0404234204902,,,ring-site C-H out-of-plane bending,tau(C7-C8-C9-H19),dihedral,8.465895749396553,-,-0.15614677963538523,0.3668854199820777
44,1486.0404234204902,,,ring-site C-H out-of-plane bending,tau(H18-C8-C9-H20),dihedral,8.417402266819566,+,0.22897264399858705,0.1696424301144722
44,1486.0404234204902,,,ring-site C-H out-of-plane bending,tau(H17-C8-C9-H19),dihedral,7.639050660552432,-,-0.20812736546129235,0.18633936756269648
44,1486.0404234204902,,,ring-site C-H out-of-plane bending,tau(H16-C7-C8-H17),dihedral,6.684223542436858,-,-0.19500462107246902,0.1857311553103021
44,1486.0404234204902,,,ring-site C-H out-of-plane bending,delta(C8-C7-H15),angle,6.186663927105927,-,-0.1735226421702846,0.217103998270187
44,1486.0404234204902,,,ring-site C-H out-of-plane bending,delta(C6-C7-H15),angle,6.126288801746463,-,-0.17270681679822808,0.21702117349718755
44,1486.0404234204902,,,ring-site C-H out-of-plane bending,tau(H14-C6-C9-H19),dihedral,5.014961147973398,+,0.16841464123840263,0.18682349159156134
44,1486.0404234204902,,,ring-site C-H out-of-plane bending,delta(C8-C9-H20),angle,2.546784706398714,+,0.11587958652330624,0.20040195782920825
44,1486.0404234204902,,,ring-site C-H out-of-plane bending,delta(H11-C2-H12),angle,1.818896908501464,-,-0.07631594845550681,0.32999022352814855
44,1486.0404234204902,,,ring-site C-H out-of-plane bending,tau(C6-C7-C8-H17),dihedral,0.734724583774553,+,0.04592749550637679,0.36804646047394296
44,1486.0404234204902,,,ring-site C-H out-of-plane bending,nu(C6-C7),bond,0.4794001667020876,+,0.04195095658422315,0.2878313169969325
44,1486.0404234204902,,,ring-site C-H out-of-plane bending,nu(C7-C8),bond,0.3816844017683858,+,0.037067072922822214,0.2935292790201741
44,1486.0404234204902,,,ring-site C-H out-of-plane bending,tau(C6-C7-C8-H18),dihedral,0.3794788490280289,-,-0.048576664754049995,0.1699244172304189
44,1486.0404234204902,,,ring-site C-H out-of-plane bending,nu(C8-C9),bond,0.34537363779018876,-,-0.034362239565881476,0.3090650261509001
44,1486.0404234204902,,,ring-site C-H out-of-plane bending,delta(C6-C9-C8),angle,0.3387857194935184,+,0.015410016561219674,1.507448504872666
44,1486.0404234204902,,,ring-site C-H out-of-plane bending,delta(O1-C2-H11),angle,0.187106647497658,+,0.02326963987498086,0.3651182100925562
44,1486.0404234204902,,,ring-site C-H out-of-plane bending,nu(C6-C9),bond,0.18708496963278565,-,-0.025645612426781712,0.3005635759709016
44,1486.0404234204902,,,ring-site C-H out-of-plane bending,nu(C7-H15),bond,0.15256066871481636,-,-0.021889641395782984,0.3364254876547383
44,1486.0404234204902,,,ring-site C-H out-of-plane bending,delta(O1-C2-H12),angle,0.1275017880608845,+,0.01757307663223312,0.4362588699976363
44,1486.0404234204902,,,ring-site C-H out-of-plane bending,nu(C7-H16),bond,0.09348500401301416,-,-0.017187880895179464,0.3343650536129274
44,1486.0404234204902,,,ring-site C-H out-of-plane bending,delta(C3-C2-H12),angle,0.07640313583187629,+,0.01438363047502452,0.39020942049172896
44,1486.0404234204902,,,ring-site C-H out-of-plane bending,nu(C9-H20),bond,0.0636701680611218,+,0.014112179912080032,0.33780913365345233
44,1486.0404234204902,,,ring-site C-H out-of-plane bending,nu(C9-H19),bond,0.039511869002666816,+,0.011070092194019944,0.3406816157892765
44,1486.0404234204902,,,ring-site C-H out-of-plane bending,tau(H10-O1-C2-H11),dihedral,0.029906042443568117,+,0.03266959910432143,0.02960703626146141
44,1486.0404234204902,,,ring-site C-H out-of-plane bending,tau(C7-C8-C9-C6),dihedral,0.02042977716881715,+,0.004374075442572801,1.1282742892792177
44,1486.0404234204902,,,ring-site C-H out-of-plane bending,delta(C3-C6-C9),angle,0.011873390381498627,+,0.006369209118058214,0.3092625491988139
44,1486.0404234204902,,,ring-site C-H out-of-plane bending,delta(O1-C2-C3),angle,0.009921112597689994,+,0.004675890787364587,0.4794631797439876
44,1486.0404234204902,,,ring-site C-H out-of-plane bending,nu(C3-N4),bond,0.009477462397020403,+,0.003820283968087555,0.6861583910804996
44,1486.0404234204902,,,ring-site C-H out-of-plane bending,tau(H14-C6-C9-C8),dihedral,0.009165725754466983,+,0.005051775401493875,0.3794917959790914
44,1486.0404234204902,,,ring-site C-H out-of-plane bending,nu(C8-H18),bond,0.006440367419122913,+,0.0044926015924470495,0.33716185262197673
44,1486.0404234204902,,,ring-site C-H out-of-plane bending,nu(C2-C3),bond,0.005458002487173063,-,-0.004643304478862102,0.2674871996149321
44,1486.0404234204902,,,ring-site C-H out-of-plane bending,nu(O1-C2),bond,0.005029223977512592,-,-0.003967407308935923,0.33760665575380766
44,1486.0404234204902,,,ring-site C-H out-of-plane bending,nu(C8-H17),bond,0.00285113364600301,+,0.0030012964468232985,0.33444398356763794
44,1486.0404234204902,,,ring-site C-H out-of-plane bending,delta(N4-O5-H13),angle,0.0027982907809983564,-,-0.003796488442342561,0.20514091020311076
44,1486.0404234204902,,,ring-site C-H out-of-plane bending,delta(C2-C3-N4),angle,0.00218152326345072,-,-0.0019461132934028974,0.6086213889266646
44,1486.0404234204902,,,ring-site C-H out-of-plane bending,nu(C2-H12),bond,0.0018256750738232196,+,0.002458463855640105,0.3191680655609865
44,1486.0404234204902,,,ring-site C-H out-of-plane bending,tau(C3-C6-C9-C8),dihedral,0.0016317665012662139,+,0.003080540384604478,0.1816886511150176
44,1486.0404234204902,,,ring-site C-H out-of-plane bending,nu(C3-C6),bond,0.0016188176228490252,-,-0.0024186557141960188,0.29239734091777053
44,1486.0404234204902,,,ring-site C-H out-of-plane bending,nu(C2-H11),bond,0.0010598001829962406,+,0.0018143517456481527,0.3401767416555715
44,1486.0404234204902,,,ring-site C-H out-of-plane bending,tau(C6-C3-N4-O5),dihedral,0.00045702982385781825,-,-0.0017640439002837766,0.15518486550550248
44,1486.0404234204902,,,ring-site C-H out-of-plane bending,tau(C2-C3-N4-O5),dihedral,0.0004361670966396431,-,-0.002187850956595449,0.096281098080716
44,1486.0404234204902,,,ring-site C-H out-of-plane bending,nu(C6-H14),bond,0.0002779406411957771,-,-0.000950799422812217,0.3248611945164227
44,1486.0404234204902,,,ring-site C-H out-of-plane bending,delta(C3-N4-O5),angle,0.00019677070774105064,-,-0.0006521582504904939,0.48885274981676025
44,1486.0404234204902,,,ring-site C-H out-of-plane bending,delta(C2-O1-H10),angle,0.00017448273415320684,+,0.0009610584602589996,0.19960731200682177
44,1486.0404234204902,,,ring-site C-H out-of-plane bending,nu(N4-O5),bond,0.00013928407140811636,-,-0.0007510124768141222,0.26093404664752
44,1486.0404234204902,,,ring-site C-H out-of-plane bending,tau(C2-C3-C6-C9),dihedral,0.00011892456034580078,-,-0.002546401504385501,0.019379447476020113
44,1486.0404234204902,,,ring-site C-H out-of-plane bending,tau(O1-C2-C3-C6),dihedral,1.8630234332481865e-05,+,0.0005978051945897178,0.05508362958384606
44,1486.0404234204902,,,ring-site C-H out-of-plane bending,nu(O1-H10),bond,4.894097102497367e-06,+,0.00010069463016813085,0.5100157173560682
44,1486.0404234204902,,,ring-site C-H out-of-plane bending,delta(C2-C3-C6),angle,2.1312869611951363e-06,+,7.419278439738748e-05,0.4091119718155291
44,1486.0404234204902,,,ring-site C-H out-of-plane bending,nu(O5-H13),bond,1.9417967009324862e-07,+,1.9755554824502178e-05,0.5257132188054624
44,1486.0404234204902,,,ring-site C-H out-of-plane bending,tau(C3-N4-O5-H13),dihedral,4.415443961664264e-08,+,5.002693611049331e-05,0.018641899705102983
45,1493.4270883117988,,,ring-site C-H out-of-plane bending,tau(C6-C7-C8-H17),dihedral,28.088561957890732,-,-0.24182354501328526,0.36804646047394296
45,1493.4270883117988,,,ring-site C-H out-of-plane bending,tau(C6-C7-C8-H18),dihedral,15.078021463094705,+,0.26075307430394273,0.1699244172304189
45,1493.4270883117988,,,ring-site C-H out-of-plane bending,tau(C7-C8-C9-H19),dihedral,14.2703356498615,-,-0.17263824839255448,0.3668854199820777
45,1493.4270883117988,,,ring-site C-H out-of-plane bending,tau(C7-C8-C9-H20),dihedral,13.977884024834294,+,0.18073442736607084,0.32789135382743356
45,1493.4270883117988,,,ring-site C-H out-of-plane bending,tau(H16-C7-C8-H17),dihedral,7.340298992966416,-,-0.17402019404932537,0.1857311553103021
45,1493.4270883117988,,,ring-site C-H out-of-plane bending,tau(H14-C6-C9-H19),dihedral,6.763073094719253,+,0.16654877851896746,0.18682349159156134
45,1493.4270883117988,,,ring-site C-H out-of-plane bending,delta(C8-C9-H20),angle,3.07655387418146,+,0.10845920973394085,0.20040195782920825
45,1493.4270883117988,,,ring-site C-H out-of-plane bending,tau(C9-C6-C7-H16),dihedral,2.722137706594632,-,-0.07317880031394018,0.38950212149901003
45,1493.4270883117988,,,ring-site C-H out-of-plane bending,delta(C6-C9-C8),angle,2.255295368356809,+,0.03385833711663787,1.507448504872666
45,1493.4270883117988,,,ring-site C-H out-of-plane bending,tau(H18-C8-C9-H20),dihedral,1.401139517205047,-,-0.07955337369578498,0.1696424301144722
45,1493.4270883117988,,,ring-site C-H out-of-plane bending,tau(H17-C8-C9-H19),dihedral,1.2597957230873622,+,0.07197520486854397,0.18633936756269648
45,1493.4270883117988,,,ring-site C-H out-of-plane bending,tau(H14-C6-C7-H16),dihedral,1.033359795085776,-,-0.06210590035804302,0.20528449235177543
45,1493.4270883117988,,,ring-site C-H out-of-plane bending,delta(C6-C7-H15),angle,0.48529412922667864,+,0.0413939259577732,0.21702117349718755
45,1493.4270883117988,,,ring-site C-H out-of-plane bending,delta(H11-C2-H12),angle,0.43588952742137266,+,0.0318143338575141,0.32999022352814855
45,1493.4270883117988,,,ring-site C-H out-of-plane bending,delta(C8-C7-H15),angle,0.4152831071209862,+,0.03828453488649961,0.217103998270187
45,1493.4270883117988,,,ring-site C-H out-of-plane bending,nu(C7-C8),bond,0.3314268272623975,+,0.029413944541736518,0.2935292790201741
45,1493.4270883117988,,,ring-site C-H out-of-plane bending,nu(C6-C9),bond,0.27964004692965605,-,-0.026700332033572652,0.3005635759709016
45,1493.4270883117988,,,ring-site C-H out-of-plane bending,nu(C8-H18),bond,0.20881096921446177,-,-0.021784248993061493,0.33716185262197673
45,1493.4270883117988,,,ring-site C-H out-of-plane bending,nu(C8-H17),bond,0.11297072830460303,-,-0.016088161747984355,0.33444398356763794
45,1493.4270883117988,,,ring-site C-H out-of-plane bending,nu(C9-H20),bond,0.10290095291160777,+,0.015277741513535125,0.33780913365345233
45,1493.4270883117988,,,ring-site C-H out-of-plane bending,tau(H14-C6-C9-C8),dihedral,0.0917547645572596,-,-0.013611258131981012,0.3794917959790914
45,1493.4270883117988,,,ring-site C-H out-of-plane bending,nu(C8-C9),bond,0.05757754468992976,+,0.011947768318482,0.3090650261509001
45,1493.4270883117988,,,ring-site C-H out-of-plane bending,delta(C3-C2-H12),angle,0.03990049537216339,-,-0.008851674233228912,0.39020942049172896
45,1493.4270883117988,,,ring-site C-H out-of-plane bending,nu(C6-C7),bond,0.03795641804703178,-,-0.010052144933377721,0.2878313169969325
45,1493.4270883117988,,,ring-site C-H out-of-plane bending,nu(C9-H19),bond,0.03162889269843432,+,0.008434372902857992,0.3406816157892765
45,1493.4270883117988,,,ring-site C-H out-of-plane bending,delta(C3-C6-C9),angle,0.02516387472324315,+,0.007896056459046182,0.3092625491988139
45,1493.4270883117988,,,ring-site C-H out-of-plane bending,nu(C7-H15),bond,0.01956365697875702,+,0.006675222217874333,0.3364254876547383
45,1493.4270883117988,,,ring-site C-H out-of-plane bending,delta(O1-C2-H11),angle,0.017499553628905828,-,-0.006060129323641984,0.3651182100925562
45,1493.4270883117988,,,ring-site C-H out-of-plane bending,delta(O1-C2-H12),angle,0.01347792413019638,-,-0.0048654668967506726,0.4362588699976363
45,1493.4270883117988,,,ring-site C-H out-of-plane bending,tau(H10-O1-C2-H11),dihedral,0.008718807693460881,-,-0.015021601445610334,0.02960703626146141
45,1493.4270883117988,,,ring-site C-H out-of-plane bending,nu(C2-C3),bond,0.0038681587096837033,+,0.003328785368392824,0.2674871996149321
45,1493.4270883117988,,,ring-site C-H out-of-plane bending,nu(C6-H14),bond,0.002821766898455465,+,0.002579863940603814,0.3248611945164227
45,1493.4270883117988,,,ring-site C-H out-of-plane bending,nu(C7-H16),bond,0.0022783700429686213,+,0.002285003365450335,0.3343650536129274
45,1493.4270883117988,,,ring-site C-H out-of-plane bending,delta(O1-C2-C3),angle,0.0021212115253081195,-,-0.0018411938344986415,0.4794631797439876
45,1493.4270883117988,,,ring-site C-H out-of-plane bending,tau(C2-C3-C6-C9),dihedral,0.0016099678921907023,-,-0.00797853336529944,0.019379447476020113
45,1493.4270883117988,,,ring-site C-H out-of-plane bending,delta(C2-C3-C6),angle,0.0009953821370657313,-,-0.0013653971142361357,0.4091119718155291
45,1493.4270883117988,,,ring-site C-H out-of-plane bending,delta(C2-O1-H10),angle,0.0009484333160894348,+,0.0019080964826294414,0.19960731200682177
45,1493.4270883117988,,,ring-site C-H out-of-plane bending,delta(N4-O5-H13),angle,0.000718373600366295,+,0.0016380765621586818,0.20514091020311076
45,1493.4270883117988,,,ring-site C-H out-of-plane bending,tau(C7-C8-C9-C6),dihedral,0.0004963857256872164,-,-0.0005806139281248965,1.1282742892792177
45,1493.4270883117988,,,ring-site C-H out-of-plane bending,nu(N4-O5),bond,0.00046039918807966703,-,-0.0011627518877646325,0.26093404664752
45,1493.4270883117988,,,ring-site C-H out-of-plane bending,nu(C2-H12),bond,0.0004332855693926188,-,-0.0010199116447089764,0.3191680655609865
45,1493.4270883117988,,,ring-site C-H out-of-plane bending,delta(C3-N4-O5),angle,0.0003915037483345847,+,0.0007833648569531893,0.48885274981676025
45,1493.4270883117988,,,ring-site C-H out-of-plane bending,tau(C3-C6-C9-C8),dihedral,0.00038634747700466677,-,-0.0012764690625884578,0.1816886511150176
45,1493.4270883117988,,,ring-site C-H out-of-plane bending,nu(O1-C2),bond,0.00019568862100792283,+,0.0006664421241356655,0.33760665575380766
45,1493.4270883117988,,,ring-site C-H out-of-plane bending,nu(C2-H11),bond,0.00016407706666170079,-,-0.000607934495095057,0.3401767416555715
45,1493.4270883117988,,,ring-site C-H out-of-plane bending,nu(C3-C6),bond,5.8065176924611586e-05,+,0.00039008236852674,0.29239734091777053
45,1493.4270883117988,,,ring-site C-H out-of-plane bending,delta(C2-C3-N4),angle,4.0950457243773205e-05,-,-0.000227060152793394,0.6086213889266646
45,1493.4270883117988,,,ring-site C-H out-of-plane bending,tau(C6-C3-N4-O5),dihedral,3.769680024152452e-05,+,0.0004314323588628571,0.15518486550550248
45,1493.4270883117988,,,ring-site C-H out-of-plane bending,tau(C2-C3-N4-O5),dihedral,2.317506718262684e-05,+,0.000429462390351523,0.096281098080716
45,1493.4270883117988,,,ring-site C-H out-of-plane bending,nu(O1-H10),bond,1.7301044359663064e-05,-,-0.00016122394111013782,0.5100157173560682
45,1493.4270883117988,,,ring-site C-H out-of-plane bending,nu(O5-H13),bond,8.001406051433447e-06,-,-0.00010799256587336168,0.5257132188054624
45,1493.4270883117988,,,ring-site C-H out-of-plane bending,nu(C3-N4),bond,7.916891111584343e-06,+,9.402650639901464e-05,0.6861583910804996
45,1493.4270883117988,,,ring-site C-H out-of-plane bending,tau(C3-N4-O5-H13),dihedral,1.131500925885407e-06,-,-0.00021565897005154018,0.018641899705102983
45,1493.4270883117988,,,ring-site C-H out-of-plane bending,tau(O1-C2-C3-C6),dihedral,1.0213485031055887e-06,+,0.0001191957737773114,0.05508362958384606
46,1498.0245693855115,,,C-H bending,delta(H11-C2-H12),angle,80.29714172338163,+,0.7062221800562982,0.32999022352814855
46,1498.0245693855115,,,C-H bending,delta(O1-C2-H11),angle,7.380540147708351,-,-0.20354909385848366,0.3651182100925562
46,1498.0245693855115,,,C-H bending,delta(O1-C2-H12),angle,5.0640684592274745,-,-0.1542479836985535,0.4362588699976363
46,1498.0245693855115,,,C-H bending,delta(C3-C2-H12),angle,3.883304630610812,-,-0.14282153685333956,0.39020942049172896
46,1498.0245693855115,,,C-H bending,tau(H10-O1-C2-H11),dihedral,1.3534001062340648,-,-0.30609587854818643,0.02960703626146141
46,1498.0245693855115,,,C-H bending,delta(O1-C2-C3),angle,0.41971391723664664,-,-0.042358532061229685,0.4794631797439876
46,1498.0245693855115,,,C-H bending,nu(O1-C2),bond,0.20116935574520395,+,0.034947592196601006,0.33760665575380766
46,1498.0245693855115,,,C-H bending,tau(H17-C8-C9-H19),dihedral,0.18207958851616385,-,-0.044752795593406884,0.18633936756269648
46,1498.0245693855115,,,C-H bending,nu(C2-C3),bond,0.17670573982744595,+,0.03679727623614407,0.2674871996149321
46,1498.0245693855115,,,C-H bending,tau(C9-C6-C7-H16),dihedral,0.14411840629103462,+,0.027538904401309832,0.38950212149901003
46,1498.0245693855115,,,C-H bending,tau(H18-C8-C9-H20),dihedral,0.13175162810913627,+,0.039898135371743755,0.1696424301144722
46,1498.0245693855115,,,C-H bending,tau(C7-C8-C9-H19),dihedral,0.08801505893423396,-,-0.02217456516113737,0.3668854199820777
46,1498.0245693855115,,,C-H bending,nu(C2-H12),bond,0.08620881160469859,-,-0.02352924328355658,0.3191680655609865
46,1498.0245693855115,,,C-H bending,tau(C6-C7-C8-H17),dihedral,0.08505832906338531,+,0.021764512678156794,0.36804646047394296
46,1498.0245693855115,,,C-H bending,delta(C2-C3-N4),angle,0.07216954463306217,+,0.015589968003239054,0.6086213889266646
46,1498.0245693855115,,,C-H bending,tau(C6-C7-C8-H18),dihedral,0.051875098346301704,-,-0.02501459170970794,0.1699244172304189
46,1498.0245693855115,,,C-H bending,delta(C2-C3-C6),angle,0.05069114251124936,-,-0.015936274154847867,0.4091119718155291
46,1498.0245693855115,,,C-H bending,nu(C2-H11),bond,0.047648756399229324,-,-0.01694397583530861,0.3401767416555715
46,1498.0245693855115,,,C-H bending,tau(C7-C8-C9-H20),dihedral,0.04524606140622633,+,0.01681772530427188,0.32789135382743356
46,1498.0245693855115,,,C-H bending,tau(H14-C6-C9-H19),dihedral,0.03239613586513465,+,0.01885266325821808,0.18682349159156134
46,1498.0245693855115,,,C-H bending,delta(C8-C7-H15),angle,0.030667706786564223,-,-0.017015651692680465,0.217103998270187
46,1498.0245693855115,,,C-H bending,delta(C6-C7-H15),angle,0.030190436331538038,-,-0.01688594956769035,0.21702117349718755
46,1498.0245693855115,,,C-H bending,nu(C3-N4),bond,0.027316734937084357,-,-0.009033250456022917,0.6861583910804996
46,1498.0245693855115,,,C-H bending,tau(H14-C6-C7-H16),dihedral,0.02653336525238732,+,0.01627645953889002,0.20528449235177543
46,1498.0245693855115,,,C-H bending,nu(C3-C6),bond,0.025003863534072242,+,0.013239107155487997,0.29239734091777053
46,1498.0245693855115,,,C-H bending,tau(C2-C3-N4-O5),dihedral,0.01647570260603081,+,0.018728081965415814,0.096281098080716
46,1498.0245693855115,,,C-H bending,delta(C8-C9-H20),angle,0.013281088957893742,+,0.011654877401906117,0.20040195782920825
46,1498.0245693855115,,,C-H bending,nu(C8-C9),bond,0.00764547885572939,-,-0.007120643794254965,0.3090650261509001
46,1498.0245693855115,,,C-H bending,nu(C6-C9),bond,0.0052627919267353804,-,-0.005990757940464507,0.3005635759709016
46,1498.0245693855115,,,C-H bending,tau(C2-C3-C6-C9),dihedral,0.004064658275464615,-,-0.020734003667780335,0.019379447476020113
46,1498.0245693855115,,,C-H bending,tau(C7-C8-C9-C6),dihedral,0.003260789174465177,+,0.0024338615014402295,1.1282742892792177
46,1498.0245693855115,,,C-H bending,delta(C2-O1-H10),angle,0.0029893286046776247,-,-0.005540391477114142,0.19960731200682177
46,1498.0245693855115,,,C-H bending,tau(O1-C2-C3-C6),dihedral,0.0022438877474265408,+,0.00913757881040202,0.05508362958384606
46,1498.0245693855115,,,C-H bending,tau(H14-C6-C9-C8),dihedral,0.002184256115355049,+,0.003434728637506552,0.3794917959790914
46,1498.0245693855115,,,C-H bending,delta(C3-C6-C9),angle,0.0017231701726678097,-,-0.0033794207418971494,0.3092625491988139
46,1498.0245693855115,,,C-H bending,nu(C7-H15),bond,0.0009556221100608966,-,-0.0024129065154128654,0.3364254876547383
46,1498.0245693855115,,,C-H bending,tau(H16-C7-C8-H17),dihedral,0.0009362802765185165,+,0.0032144183895344903,0.1857311553103021
46,1498.0245693855115,,,C-H bending,nu(N4-O5),bond,0.0009179737846733736,-,-0.0026852925775779973,0.26093404664752
46,1498.0245693855115,,,C-H bending,nu(C7-H16),bond,0.0006335622926970628,-,-0.001970725187715953,0.3343650536129274
46,1498.0245693855115,,,C-H bending,nu(C8-H18),bond,0.0006175426605547457,+,0.001937564252357401,0.33716185262197673
46,1498.0245693855115,,,C-H bending,nu(C6-H14),bond,0.0006061499629692036,+,0.0019556132439773515,0.3248611945164227
46,1498.0245693855115,,,C-H bending,nu(O1-H10),bond,0.0005906551087624935,-,-0.001540696333306564,0.5100157173560682
46,1498.0245693855115,,,C-H bending,delta(N4-O5-H13),angle,0.0005900965607638452,+,0.002428159714044753,0.20514091020311076
46,1498.0245693855115,,,C-H bending,delta(C6-C9-C8),angle,0.0005551062357635074,-,-0.0008687776844483517,1.507448504872666
46,1498.0245693855115,,,C-H bending,nu(C8-H17),bond,0.00040400971321105753,+,0.0015735337276502517,0.33444398356763794
46,1498.0245693855115,,,C-H bending,tau(C3-C6-C9-C8),dihedral,0.000287294345528766,+,0.00180028592287606,0.1816886511150176
46,1498.0245693855115,,,C-H bending,nu(C9-H19),bond,0.0002788140793753293,+,0.001295164249044757,0.3406816157892765
46,1498.0245693855115,,,C-H bending,nu(C9-H20),bond,0.00025599959043666573,+,0.0012463091631684418,0.33780913365345233
46,1498.0245693855115,,,C-H bending,tau(C6-C3-N4-O5),dihedral,0.00015370684552700215,+,0.0014248323583963213,0.15518486550550248
46,1498.0245693855115,,,C-H bending,nu(O5-H13),bond,4.8320029283522925e-05,-,-0.00043404123695737947,0.5257132188054624
46,1498.0245693855115,,,C-H bending,nu(C7-C8),bond,1.4741439188346418e-05,+,0.00032083820315115377,0.2935292790201741
46,1498.0245693855115,,,C-H bending,nu(C6-C7),bond,4.605757408035019e-06,-,-0.00018110204482161752,0.2878313169969325
46,1498.0245693855115,,,C-H bending,delta(C3-N4-O5),angle,3.3937821908819646e-06,+,0.0001192874620509273,0.48885274981676025
46,1498.0245693855115,,,C-H bending,tau(C3-N4-O5-H13),dihedral,2.2449551854818633e-07,+,0.00015710883242716744,0.018641899705102983
47,1517.7773198698692,,,ring-site C-H out-of-plane bending,tau(H17-C8-C9-H19),dihedral,16.449740400317083,-,-0.3647153368755334,0.18633936756269648
47,1517.7773198698692,,,ring-site C-H out-of-plane bending,tau(H18-C8-C9-H20),dihedral,15.203662954868674,+,0.3674799807053009,0.1696424301144722
47,1517.7773198698692,,,ring-site C-H out-of-plane bending,tau(H16-C7-C8-H17),dihedral,13.53126407921094,+,0.3313245491236871,0.1857311553103021
47,1517.7773198698692,,,ring-site C-H out-of-plane bending,tau(C7-C8-C9-H19),dihedral,9.215469526142202,-,-0.19454510945351755,0.3668854199820777
47,1517.7773198698692,,,ring-site C-H out-of-plane bending,tau(C7-C8-C9-H20),dihedral,7.818144710446763,+,0.18954558834448007,0.32789135382743356
47,1517.7773198698692,,,ring-site C-H out-of-plane bending,tau(C6-C7-C8-H17),dihedral,7.042387724243545,+,0.1697991273603414,0.36804646047394296
47,1517.7773198698692,,,ring-site C-H out-of-plane bending,tau(C9-C6-C7-H16),dihedral,5.989448920718015,-,-0.15221776109234594,0.38950212149901003
47,1517.7773198698692,,,ring-site C-H out-of-plane bending,tau(H14-C6-C9-H19),dihedral,5.615927246081195,+,0.21282458980168706,0.18682349159156134
47,1517.7773198698692,,,ring-site C-H out-of-plane bending,tau(H14-C6-C7-H16),dihedral,5.005030948193848,-,-0.19166910851834185,0.20528449235177543
47,1517.7773198698692,,,ring-site C-H out-of-plane bending,tau(C6-C7-C8-H18),dihedral,3.710606880512847,-,-0.18139336148082125,0.1699244172304189
47,1517.7773198698692,,,ring-site C-H out-of-plane bending,delta(C8-C9-H20),angle,2.170205146202503,+,0.12773979805603097,0.20040195782920825
47,1517.7773198698692,,,ring-site C-H out-of-plane bending,delta(C8-C7-H15),angle,1.8377335584413215,+,0.11293646059885565,0.217103998270187
47,1517.7773198698692,,,ring-site C-H out-of-plane bending,delta(C6-C7-H15),angle,1.663929314156853,+,0.10748384488426314,0.21702117349718755
47,1517.7773198698692,,,ring-site C-H out-of-plane bending,nu(C8-C9),bond,1.3095409802404419,-,-0.07990269470725912,0.3090650261509001
47,1517.7773198698692,,,ring-site C-H out-of-plane bending,nu(C7-C8),bond,1.0991237999608585,-,-0.0751146076060458,0.2935292790201741
47,1517.7773198698692,,,ring-site C-H out-of-plane bending,nu(C6-C9),bond,0.7996851837175515,-,-0.06331668385068896,0.3005635759709016
47,1517.7773198698692,,,ring-site C-H out-of-plane bending,nu(C6-C7),bond,0.5198490658607622,-,-0.05216706728047262,0.2878313169969325
47,1517.7773198698692,,,ring-site C-H out-of-plane bending,nu(C3-C6),bond,0.25740760234556315,+,0.03642090944013038,0.29239734091777053
47,1517.7773198698692,,,ring-site C-H out-of-plane bending,delta(H11-C2-H12),angle,0.2053968848270686,-,-0.03062479571169316,0.32999022352814855
47,1517.7773198698692,,,ring-site C-H out-of-plane bending,tau(H14-C6-C9-C8),dihedral,0.1789665095448591,+,0.026657013933212324,0.3794917959790914
47,1517.7773198698692,,,ring-site C-H out-of-plane bending,delta(C6-C9-C8),angle,0.07256513434662915,+,0.008516665101199942,1.507448504872666
47,1517.7773198698692,,,ring-site C-H out-of-plane bending,nu(C3-N4),bond,0.04967061130895168,-,-0.010443940138639982,0.6861583910804996
47,1517.7773198698692,,,ring-site C-H out-of-plane bending,nu(C8-H17),bond,0.03592803631694083,+,0.012722775311712523,0.33444398356763794
47,1517.7773198698692,,,ring-site C-H out-of-plane bending,nu(C9-H20),bond,0.034280310253448576,+,0.012365551450548429,0.33780913365345233
47,1517.7773198698692,,,ring-site C-H out-of-plane bending,nu(C8-H18),bond,0.02934087844163902,+,0.011451019417044375,0.33716185262197673
47,1517.7773198698692,,,ring-site C-H out-of-plane bending,nu(C9-H19),bond,0.024969232634546302,+,0.010508846765236545,0.3406816157892765
47,1517.7773198698692,,,ring-site C-H out-of-plane bending,nu(C7-H15),bond,0.024725804297516356,+,0.010523436365205394,0.3364254876547383
47,1517.7773198698692,,,ring-site C-H out-of-plane bending,nu(C7-H16),bond,0.021839715465118013,+,0.009920643842738637,0.3343650536129274
47,1517.7773198698692,,,ring-site C-H out-of-plane bending,delta(C3-C2-H12),angle,0.020818001368198,+,0.008965973525573268,0.39020942049172896
47,1517.7773198698692,,,ring-site C-H out-of-plane bending,delta(C2-C3-N4),angle,0.017563845254920694,+,0.0065942135351065925,0.6086213889266646
47,1517.7773198698692,,,ring-site C-H out-of-plane bending,tau(C7-C8-C9-C6),dihedral,0.01089830585677534,+,0.0038150388153353316,1.1282742892792177
47,1517.7773198698692,,,ring-site C-H out-of-plane bending,delta(O1-C2-H11),angle,0.008486900315372697,+,0.0059181315489224996,0.3651182100925562
47,1517.7773198698692,,,ring-site C-H out-of-plane bending,tau(H10-O1-C2-H11),dihedral,0.004872249850993185,+,0.015746865516425988,0.02960703626146141
47,1517.7773198698692,,,ring-site C-H out-of-plane bending,nu(C2-C3),bond,0.004436325710562429,-,-0.004999044708204072,0.2674871996149321
47,1517.7773198698692,,,ring-site C-H out-of-plane bending,delta(C3-C6-C9),angle,0.0023993102326666685,+,0.0034190570559182874,0.3092625491988139
47,1517.7773198698692,,,ring-site C-H out-of-plane bending,delta(O1-C2-H12),angle,0.0022971953587051014,+,0.0028167846202330382,0.4362588699976363
47,1517.7773198698692,,,ring-site C-H out-of-plane bending,delta(C3-N4-O5),angle,0.0016855165922046997,-,-0.0022793147219373295,0.48885274981676025
47,1517.7773198698692,,,ring-site C-H out-of-plane bending,tau(C2-C3-C6-C9),dihedral,0.0014270328397009632,-,-0.010533509690139508,0.019379447476020113
47,1517.7773198698692,,,ring-site C-H out-of-plane bending,delta(C2-C3-C6),angle,0.0013665095348696415,-,-0.002243427554667243,0.4091119718155291
47,1517.7773198698692,,,ring-site C-H out-of-plane bending,tau(C6-C3-N4-O5),dihedral,0.0011651237764105484,-,-0.003363474668033417,0.15518486550550248
47,1517.7773198698692,,,ring-site C-H out-of-plane bending,tau(C3-C6-C9-C8),dihedral,0.0010641706484038418,+,0.002970766709456368,0.1816886511150176
47,1517.7773198698692,,,ring-site C-H out-of-plane bending,tau(O1-C2-C3-C6),dihedral,0.0009141082459421845,+,0.005000510568760431,0.05508362958384606
47,1517.7773198698692,,,ring-site C-H out-of-plane bending,delta(N4-O5-H13),angle,0.0008812270328615862,+,0.002544160920395813,0.20514091020311076
47,1517.7773198698692,,,ring-site C-H out-of-plane bending,tau(C2-C3-N4-O5),dihedral,0.0006581068293988756,+,0.003209256963652667,0.096281098080716
47,1517.7773198698692,,,ring-site C-H out-of-plane bending,delta(O1-C2-C3),angle,0.0006529313470136019,-,-0.0014324614390820165,0.4794631797439876
47,1517.7773198698692,,,ring-site C-H out-of-plane bending,nu(N4-O5),bond,0.0006277102556078302,+,0.0019038864726799037,0.26093404664752
47,1517.7773198698692,,,ring-site C-H out-of-plane bending,delta(C2-O1-H10),angle,0.00026363006040134803,+,0.0014107045016444732,0.19960731200682177
47,1517.7773198698692,,,ring-site C-H out-of-plane bending,nu(C2-H11),bond,0.00020949647004899616,+,0.0009633028764531448,0.3401767416555715
47,1517.7773198698692,,,ring-site C-H out-of-plane bending,nu(C6-H14),bond,0.00020415269578867056,+,0.0009730954723672288,0.3248611945164227
47,1517.7773198698692,,,ring-site C-H out-of-plane bending,nu(C2-H12),bond,0.00018118241594399529,+,0.0009248581293026858,0.3191680655609865
47,1517.7773198698692,,,ring-site C-H out-of-plane bending,tau(C3-N4-O5-H13),dihedral,6.423888833692724e-05,-,-0.0022786663324663174,0.018641899705102983
47,1517.7773198698692,,,ring-site C-H out-of-plane bending,nu(O1-C2),bond,2.0776915928040483e-05,-,-0.00030451721695536163,0.33760665575380766
47,1517.7773198698692,,,ring-site C-H out-of-plane bending,nu(O1-H10),bond,6.712014314789646e-07,+,4.4530899500866426e-05,0.5100157173560682
47,1517.7773198698692,,,ring-site C-H out-of-plane bending,nu(O5-H13),bond,1.2120380374732187e-07,-,-1.863847978147836e-05,0.5257132188054624
48,1710.1544123813542,,,C-N stretching,nu(C3-N4),bond,75.80640291053051,+,0.37902854093292576,0.6861583910804996
48,1710.1544123813542,,,C-N stretching,delta(C2-C3-C6),angle,6.261872554887873,+,0.1410789362233358,0.4091119718155291
48,1710.1544123813542,,,C-N stretching,delta(N4-O5-H13),angle,4.030843741951341,-,-0.15984645187858532,0.20514091020311076
48,1710.1544123813542,,,C-N stretching,nu(C2-C3),bond,3.8525180196947915,-,-0.1368522668904722,0.2674871996149321
48,1710.1544123813542,,,C-N stretching,nu(C3-C6),bond,2.1563042685517524,-,-0.09792632809229966,0.29239734091777053
48,1710.1544123813542,,,C-N stretching,delta(C2-C3-N4),angle,1.879586817095678,-,-0.06337073555572305,0.6086213889266646
48,1710.1544123813542,,,C-N stretching,delta(C3-C6-C9),angle,1.5494192343346067,+,0.08071457495614343,0.3092625491988139
48,1710.1544123813542,,,C-N stretching,delta(C3-N4-O5),angle,1.5137237162737471,-,-0.06345493955359742,0.48885274981676025
48,1710.1544123813542,,,C-N stretching,nu(N4-O5),bond,0.7316986139737115,-,-0.06038539336691295,0.26093404664752
48,1710.1544123813542,,,C-N stretching,delta(O1-C2-C3),angle,0.5494355655671761,+,0.0386021871447963,0.4794631797439876
48,1710.1544123813542,,,C-N stretching,delta(C3-C2-H12),angle,0.38809473571048736,+,0.03596260635215147,0.39020942049172896
48,1710.1544123813542,,,C-N stretching,tau(H14-C6-C9-C8),dihedral,0.2986754494603404,+,0.03199114067113291,0.3794917959790914
48,1710.1544123813542,,,C-N stretching,tau(H14-C6-C7-H16),dihedral,0.2632358775319764,-,-0.040834348149271324,0.20528449235177543
48,1710.1544123813542,,,C-N stretching,tau(H14-C6-C9-H19),dihedral,0.18659902009969062,+,0.036038781231906444,0.18682349159156134
48,1710.1544123813542,,,C-N stretching,delta(O1-C2-H11),angle,0.09070487319636586,+,0.017973378564060644,0.3651182100925562
48,1710.1544123813542,,,C-N stretching,delta(H11-C2-H12),angle,0.08245392115285538,+,0.018025456760131786,0.32999022352814855
48,1710.1544123813542,,,C-N stretching,delta(C2-O1-H10),angle,0.04726607764841468,-,-0.017547599643437363,0.19960731200682177
48,1710.1544123813542,,,C-N stretching,nu(C6-C9),bond,0.04540532852631042,-,-0.014015751696607449,0.3005635759709016
48,1710.1544123813542,,,C-N stretching,tau(H10-O1-C2-H11),dihedral,0.04447751397400249,-,-0.04419813488080703,0.02960703626146141
48,1710.1544123813542,,,C-N stretching,tau(H16-C7-C8-H17),dihedral,0.03481091824608756,+,0.015611567741295702,0.1857311553103021
48,1710.1544123813542,,,C-N stretching,tau(O1-C2-C3-C6),dihedral,0.0320217527844152,-,-0.027494285237442448,0.05508362958384606
48,1710.1544123813542,,,C-N stretching,delta(C6-C9-C8),angle,0.030153730215342647,+,0.005100120509818548,1.507448504872666
48,1710.1544123813542,,,C-N stretching,tau(C7-C8-C9-H20),dihedral,0.019941330223618034,+,0.00889289651528974,0.32789135382743356
48,1710.1544123813542,,,C-N stretching,delta(C6-C7-H15),angle,0.017975254048337313,+,0.01037809455181531,0.21702117349718755
48,1710.1544123813542,,,C-N stretching,tau(H18-C8-C9-H20),dihedral,0.015157756695646535,+,0.010779072218335354,0.1696424301144722
48,1710.1544123813542,,,C-N stretching,tau(C6-C7-C8-H17),dihedral,0.014023097027463462,+,0.0070388515353597735,0.36804646047394296
48,1710.1544123813542,,,C-N stretching,nu(C6-H14),bond,0.013655258549215066,+,0.007393195723592029,0.3248611945164227
48,1710.1544123813542,,,C-N stretching,tau(C7-C8-C9-C6),dihedral,0.011634579062981125,-,-0.003661838193141557,1.1282742892792177
48,1710.1544123813542,,,C-N stretching,tau(C3-C6-C9-C8),dihedral,0.0066692233389809025,+,0.0069088360796272594,0.1816886511150176
48,1710.1544123813542,,,C-N stretching,tau(C9-C6-C7-H16),dihedral,0.0048985598130449025,-,-0.004043993531293916,0.38950212149901003
48,1710.1544123813542,,,C-N stretching,nu(C8-C9),bond,0.004554320099539092,-,-0.004377417831058608,0.3090650261509001
48,1710.1544123813542,,,C-N stretching,nu(O1-C2),bond,0.003999802788276287,-,-0.0039250477793719716,0.33760665575380766
48,1710.1544123813542,,,C-N stretching,delta(O1-C2-H12),angle,0.0029177821099610046,+,0.0029490725166607906,0.4362588699976363
48,1710.1544123813542,,,C-N stretching,nu(C7-C8),bond,0.0017959323042775043,+,0.0028206579591731865,0.2935292790201741
48,1710.1544123813542,,,C-N stretching,tau(C7-C8-C9-H19),dihedral,0.001494701216896542,+,0.0023016703635506935,0.3668854199820777
48,1710.1544123813542,,,C-N stretching,nu(C6-C7),bond,0.001392974471507413,+,0.0025086132660559176,0.2878313169969325
48,1710.1544123813542,,,C-N stretching,nu(C2-H11),bond,0.001189867297733715,+,0.002132691873543222,0.3401767416555715
48,1710.1544123813542,,,C-N stretching,delta(C8-C9-H20),angle,0.0007994911243520461,+,0.0022776500712638394,0.20040195782920825
48,1710.1544123813542,,,C-N stretching,tau(C6-C3-N4-O5),dihedral,0.0006768329840870593,-,-0.002381481618461462,0.15518486550550248
48,1710.1544123813542,,,C-N stretching,tau(C2-C3-C6-C9),dihedral,0.00034464097076019527,-,-0.0048088797285166275,0.019379447476020113
48,1710.1544123813542,,,C-N stretching,nu(C9-H19),bond,0.00024502579567483863,-,-0.0009670806934298807,0.3406816157892765
48,1710.1544123813542,,,C-N stretching,nu(O1-H10),bond,0.0002088097848588497,+,0.0007296503602242999,0.5100157173560682
48,1710.1544123813542,,,C-N stretching,nu(O5-H13),bond,0.0001963468067800569,+,0.0006968970578302223,0.5257132188054624
48,1710.1544123813542,,,C-N stretching,nu(C9-H20),bond,0.00017525780052461028,-,-0.000821361123241543,0.33780913365345233
48,1710.1544123813542,,,C-N stretching,tau(C2-C3-N4-O5),dihedral,9.6190346771512e-05,+,0.0011397940516515736,0.096281098080716
48,1710.1544123813542,,,C-N stretching,delta(C8-C7-H15),angle,9.257718534130733e-05,-,-0.00074464492468271,0.217103998270187
48,1710.1544123813542,,,C-N stretching,nu(C2-H12),bond,8.801383554809591e-05,+,0.0005988208541045094,0.3191680655609865
48,1710.1544123813542,,,C-N stretching,tau(C6-C7-C8-H18),dihedral,2.417408188472149e-05,-,-0.00043010873056897615,0.1699244172304189
48,1710.1544123813542,,,C-N stretching,nu(C7-H15),bond,2.2964547894630495e-05,-,-0.00029793097847843366,0.3364254876547383
48,1710.1544123813542,,,C-N stretching,nu(C8-H18),bond,1.680111181623317e-05,-,-0.00025455460244617833,0.33716185262197673
48,1710.1544123813542,,,C-N stretching,tau(H17-C8-C9-H19),dihedral,4.2927938445458966e-06,-,-0.00017308078890016762,0.18633936756269648
48,1710.1544123813542,,,C-N stretching,nu(C8-H17),bond,2.2225068434462193e-06,+,9.29589089783455e-05,0.33444398356763794
48,1710.1544123813542,,,C-N stretching,nu(C7-H16),bond,7.053662441391383e-07,+,5.2375484592184894e-05,0.3343650536129274
48,1710.1544123813542,,,C-N stretching,tau(C3-N4-O5-H13),dihedral,5.725018324698012e-07,-,-0.0001998363622333784,0.018641899705102983
49,2994.9856279831615,,,C-H stretching,nu(C2-H12),bond,96.34641459253322,-,-1.0170585039338136,0.3191680655609865
49,2994.9856279831615,,,C-H stretching,nu(C2-H11),bond,2.949805415476499,-,-0.17237816297349987,0.3401767416555715
49,2994.9856279831615,,,C-H stretching,delta(O1-C2-H12),angle,0.1592992799307752,+,0.035373061049805414,0.4362588699976363
49,2994.9856279831615,,,C-H stretching,delta(O1-C2-C3),angle,0.1472140941905253,-,-0.032436571022732744,0.4794631797439876
49,2994.9856279831615,,,C-H stretching,nu(C2-C3),bond,0.07034158448340674,+,0.030018738922975605,0.2674871996149321
49,2994.9856279831615,,,C-H stretching,nu(O1-C2),bond,0.06808153540382794,+,0.02628736426132723,0.33760665575380766
49,2994.9856279831615,,,C-H stretching,delta(H11-C2-H12),angle,0.059196870876045374,+,0.02479343561775293,0.32999022352814855
49,2994.9856279831615,,,C-H stretching,nu(C7-H16),bond,0.04626583919259184,+,0.02177497444879189,0.3343650536129274
49,2994.9856279831615,,,C-H stretching,delta(O1-C2-H11),angle,0.04548232153753584,-,-0.02066057659044286,0.3651182100925562
49,2994.9856279831615,,,C-H stretching,delta(C3-C2-H12),angle,0.022579529665626024,+,0.014081419701751221,0.39020942049172896
49,2994.9856279831615,,,C-H stretching,nu(C6-H14),bond,0.02012822553384602,+,0.014571078533171578,0.3248611945164227
49,2994.9856279831615,,,C-H stretching,tau(C2-C3-N4-O5),dihedral,0.019187785831751444,+,0.026132429422903884,0.096281098080716
49,2994.9856279831615,,,C-H stretching,nu(C7-H15),bond,0.011057359300249392,+,0.010612535059340072,0.3364254876547383
49,2994.9856279831615,,,C-H stretching,delta(C2-C3-N4),angle,0.007162697089584295,-,-0.006350421611725929,0.6086213889266646
49,2994.9856279831615,,,C-H stretching,tau(H10-O1-C2-H11),dihedral,0.005833910032411856,-,-0.025984853234773224,0.02960703626146141
49,2994.9856279831615,,,C-H stretching,delta(C2-C3-C6),angle,0.0056715051659600975,+,0.00689232811365365,0.4091119718155291
49,2994.9856279831615,,,C-H stretching,nu(O1-H10),bond,0.0045474619587637455,-,-0.005527523907213307,0.5100157173560682
49,2994.9856279831615,,,C-H stretching,tau(O1-C2-C3-C6),dihedral,0.0035199405722204074,-,-0.01479770153162351,0.05508362958384606
49,2994.9856279831615,,,C-H stretching,tau(C2-C3-C6-C9),dihedral,0.003338993228048256,-,-0.02429824719929118,0.019379447476020113
49,2994.9856279831615,,,C-H stretching,delta(C2-O1-H10),angle,0.0031244461311981235,-,-0.007323794837909048,0.19960731200682177
49,2994.9856279831615,,,C-H stretching,nu(C9-H19),bond,0.0003559545559106962,+,0.0018921728257373681,0.3406816157892765
49,2994.9856279831615,,,C-H stretching,nu(C6-C7),bond,0.0002616451838248659,-,-0.0017649208040813793,0.2878313169969325
49,2994.9856279831615,,,C-H stretching,tau(C7-C8-C9-C6),dihedral,0.00018052816203445538,-,-0.000740462393940376,1.1282742892792177
49,2994.9856279831615,,,C-H stretching,nu(C8-H18),bond,0.00013933997877485987,-,-0.0011900262096987742,0.33716185262197673
49,2994.9856279831615,,,C-H stretching,nu(C7-C8),bond,0.00011585816643609315,-,-0.001162988670476354,0.2935292790201741
49,2994.9856279831615,,,C-H stretching,nu(C3-N4),bond,0.00011247606672704656,+,0.0007494725710970116,0.6861583910804996
49,2994.9856279831615,,,C-H stretching,nu(O5-H13),bond,9.603278527725776e-05,-,-0.0007911761486298871,0.5257132188054624
49,2994.9856279831615,,,C-H stretching,tau(C9-C6-C7-H16),dihedral,8.746758568737369e-05,-,-0.0008772159672028302,0.38950212149901003
49,2994.9856279831615,,,C-H stretching,nu(C3-C6),bond,7.41142090899199e-05,+,0.0009319699344287093,0.29239734091777053
49,2994.9856279831615,,,C-H stretching,nu(N4-O5),bond,6.117903486736501e-05,-,-0.0008963421272184337,0.26093404664752
49,2994.9856279831615,,,C-H stretching,nu(C9-H20),bond,4.749704030626678e-05,-,-0.0006941214295160865,0.33780913365345233
49,2994.9856279831615,,,C-H stretching,delta(C3-N4-O5),angle,3.861427809696171e-05,-,-0.0005202628325584841,0.48885274981676025
49,2994.9856279831615,,,C-H stretching,tau(C6-C7-C8-H18),dihedral,2.5576529324666035e-05,+,0.0007181758274874629,0.1699244172304189
49,2994.9856279831615,,,C-H stretching,delta(N4-O5-H13),angle,2.136705889067272e-05,-,-0.0005974259829109073,0.20514091020311076
49,2994.9856279831615,,,C-H stretching,delta(C3-C6-C9),angle,1.652795891245106e-05,+,0.0004279409228777842,0.3092625491988139
49,2994.9856279831615,,,C-H stretching,tau(C7-C8-C9-H20),dihedral,1.6097691463595778e-05,-,-0.0004101613081021782,0.32789135382743356
49,2994.9856279831615,,,C-H stretching,delta(C6-C7-H15),angle,1.4222895735996935e-05,+,0.00047389358716137553,0.21702117349718755
49,2994.9856279831615,,,C-H stretching,tau(C3-C6-C9-C8),dihedral,1.3574789630452947e-05,-,-0.0005059883597475816,0.1816886511150176
49,2994.9856279831615,,,C-H stretching,delta(C8-C7-H15),angle,1.3547246990469136e-05,+,0.00046241241529683906,0.217103998270187
49,2994.9856279831615,,,C-H stretching,tau(C6-C7-C8-H17),dihedral,1.3403402358758636e-05,+,0.000353259684789728,0.36804646047394296
49,2994.9856279831615,,,C-H stretching,delta(C6-C9-C8),angle,1.3369623488317804e-05,-,-0.00017433164095930008,1.507448504872666
49,2994.9856279831615,,,C-H stretching,tau(C7-C8-C9-H19),dihedral,1.0029381557296145e-05,-,-0.0003060622190263387,0.3668854199820777
49,2994.9856279831615,,,C-H stretching,tau(H14-C6-C9-C8),dihedral,6.7458012433121065e-06,+,0.0002468047120596486,0.3794917959790914
49,2994.9856279831615,,,C-H stretching,nu(C6-C9),bond,6.506144533221211e-06,-,-0.0002723526160560602,0.3005635759709016
49,2994.9856279831615,,,C-H stretching,tau(H16-C7-C8-H17),dihedral,9.963433701270559e-07,-,-0.00013558136746793451,0.1857311553103021
49,2994.9856279831615,,,C-H stretching,delta(C8-C9-H20),angle,9.066694051720561e-07,+,0.0001245120469370311,0.20040195782920825
49,2994.9856279831615,,,C-H stretching,tau(C6-C3-N4-O5),dihedral,8.378613345131154e-07,-,-0.00013601890203157371,0.15518486550550248
49,2994.9856279831615,,,C-H stretching,tau(H17-C8-C9-H19),dihedral,5.684247819705421e-07,-,-0.00010224028835820759,0.18633936756269648
49,2994.9856279831615,,,C-H stretching,nu(C8-C9),bond,5.16383295527622e-07,+,7.566569635367763e-05,0.3090650261509001
49,2994.9856279831615,,,C-H stretching,tau(C3-N4-O5-H13),dihedral,4.526082619369289e-07,+,0.0002884390307038556,0.018641899705102983
49,2994.9856279831615,,,C-H stretching,nu(C8-H17),bond,2.873243686997511e-07,+,5.425782857289462e-05,0.33444398356763794
49,2994.9856279831615,,,C-H stretching,tau(H14-C6-C9-H19),dihedral,2.025043568618366e-07,+,6.094517323263185e-05,0.18682349159156134
49,2994.9856279831615,,,C-H stretching,tau(H14-C6-C7-H16),dihedral,1.479562200575371e-07,+,4.969656992401485e-05,0.20528449235177543
49,2994.9856279831615,,,C-H stretching,tau(H18-C8-C9-H20),dihedral,2.0219331066923177e-08,+,2.0209427995593626e-05,0.1696424301144722
50,3026.448438348228,,,ring-site C-H stretching,nu(C6-H14),bond,96.43204383354691,+,1.0236298328936726,0.3248611945164227
50,3026.448438348228,,,ring-site C-H stretching,nu(C7-H16),bond,1.4612801701033964,+,0.12420454047711099,0.3343650536129274
50,3026.448438348228,,,ring-site C-H stretching,nu(C9-H19),bond,0.43837578242065767,+,0.06739537514487043,0.3406816157892765
50,3026.448438348228,,,ring-site C-H stretching,tau(C7-C8-C9-C6),dihedral,0.3198661025721622,-,-0.03163427828265837,1.1282742892792177
50,3026.448438348228,,,ring-site C-H stretching,nu(C9-H20),bond,0.304270855195323,-,-0.056386566584090296,0.33780913365345233
50,3026.448438348228,,,ring-site C-H stretching,nu(C8-H18),bond,0.14313077064491656,-,-0.03871047106915061,0.33716185262197673
50,3026.448438348228,,,ring-site C-H stretching,nu(C7-H15),bond,0.13268295011797862,-,-0.037311635108212074,0.3364254876547383
50,3026.448438348228,,,ring-site C-H stretching,delta(C3-C6-C9),angle,0.09712366404384686,+,0.03329507753460024,0.3092625491988139
50,3026.448438348228,,,ring-site C-H stretching,nu(C2-H11),bond,0.07918270070266535,-,-0.028664476448786794,0.3401767416555715
50,3026.448438348228,,,ring-site C-H stretching,tau(C6-C7-C8-H17),dihedral,0.07858917660292399,+,0.027454353025603246,0.36804646047394296
50,3026.448438348228,,,ring-site C-H stretching,nu(C6-C9),bond,0.0638004965363706,-,-0.02737316542659944,0.3005635759709016
50,3026.448438348228,,,ring-site C-H stretching,tau(C3-C6-C9-C8),dihedral,0.06212799403510331,-,-0.03474248931886663,0.1816886511150176
50,3026.448438348228,,,ring-site C-H stretching,nu(C6-C7),bond,0.05857890059868479,-,-0.02680295968589745,0.2878313169969325
50,3026.448438348228,,,ring-site C-H stretching,nu(C3-C6),bond,0.04883082752546022,-,-0.02427959845656528,0.29239734091777053
50,3026.448438348228,,,ring-site C-H stretching,delta(C6-C7-H15),angle,0.046613841288253174,+,0.027535157188700022,0.21702117349718755
50,3026.448438348228,,,ring-site C-H stretching,nu(C2-H12),bond,0.046356900994570925,+,0.022642722766160542,0.3191680655609865
50,3026.448438348228,,,ring-site C-H stretching,tau(C9-C6-C7-H16),dihedral,0.045506444905568655,-,-0.020307792056290862,0.38950212149901003
50,3026.448438348228,,,ring-site C-H stretching,tau(C6-C7-C8-H18),dihedral,0.035403668537251826,+,0.027119233204410023,0.1699244172304189
50,3026.448438348228,,,ring-site C-H stretching,nu(C8-H17),bond,0.028417619730391686,-,-0.01731862157410141,0.33444398356763794
50,3026.448438348228,,,ring-site C-H stretching,tau(C6-C3-N4-O5),dihedral,0.026455650997932425,-,-0.024531025930155912,0.15518486550550248
50,3026.448438348228,,,ring-site C-H stretching,delta(C2-C3-C6),angle,0.018576329913553596,+,0.012660184382620487,0.4091119718155291
50,3026.448438348228,,,ring-site C-H stretching,tau(O1-C2-C3-C6),dihedral,0.01076281236467948,+,0.026262301154722365,0.05508362958384606
50,3026.448438348228,,,ring-site C-H stretching,tau(H14-C6-C9-H19),dihedral,0.005461485286997369,-,-0.010158294726490573,0.18682349159156134
50,3026.448438348228,,,ring-site C-H stretching,tau(H14-C6-C7-H16),dihedral,0.005091975549434843,+,0.009357207290610188,0.20528449235177543
50,3026.448438348228,,,ring-site C-H stretching,tau(C2-C3-C6-C9),dihedral,0.0040193363234568204,+,0.02705749867149788,0.019379447476020113
50,3026.448438348228,,,ring-site C-H stretching,tau(H18-C8-C9-H20),dihedral,0.0014825238526445313,+,0.00555411374353867,0.1696424301144722
50,3026.448438348228,,,ring-site C-H stretching,nu(C3-N4),bond,0.0010126761031396992,-,-0.002282465694230008,0.6861583910804996
50,3026.448438348228,,,ring-site C-H stretching,delta(C8-C7-H15),angle,0.0008363064912899057,+,0.003687482689830914,0.217103998270187
50,3026.448438348228,,,ring-site C-H stretching,tau(H17-C8-C9-H19),dihedral,0.0007648820487226216,+,0.003806502267953156,0.18633936756269648
50,3026.448438348228,,,ring-site C-H stretching,tau(H16-C7-C8-H17),dihedral,0.0006688037436432771,-,-0.003565234782457294,0.1857311553103021
50,3026.448438348228,,,ring-site C-H stretching,tau(H14-C6-C9-C8),dihedral,0.0005678386705581953,-,-0.0022982245210798244,0.3794917959790914
50,3026.448438348228,,,ring-site C-H stretching,nu(C8-C9),bond,0.00032672911632095997,+,0.001931746592399884,0.3090650261509001
50,3026.448438348228,,,ring-site C-H stretching,delta(C8-C9-H20),angle,0.00029005700938501325,+,0.0022603301065021986,0.20040195782920825
50,3026.448438348228,,,ring-site C-H stretching,delta(C2-C3-N4),angle,0.0002799243940595271,+,0.0012741716421524245,0.6086213889266646
50,3026.448438348228,,,ring-site C-H stretching,delta(O1-C2-H12),angle,0.00019841680814815108,-,-0.001267063153476499,0.4362588699976363
50,3026.448438348228,,,ring-site C-H stretching,delta(C3-C2-H12),angle,0.00017718170909754565,-,-0.001266023407850664,0.39020942049172896
50,3026.448438348228,,,ring-site C-H stretching,delta(H11-C2-H12),angle,0.00015820961464564753,-,-0.001300909445251428,0.32999022352814855
50,3026.448438348228,,,ring-site C-H stretching,delta(O1-C2-H11),angle,0.00014625565328798835,+,0.0011891064954122623,0.3651182100925562
50,3026.448438348228,,,ring-site C-H stretching,nu(O1-H10),bond,0.00013194716539102148,-,-0.0009556292177493093,0.5100157173560682
50,3026.448438348228,,,ring-site C-H stretching,nu(C2-C3),bond,8.320958291299856e-05,+,0.0010478915487531321,0.2674871996149321
50,3026.448438348228,,,ring-site C-H stretching,tau(C7-C8-C9-H19),dihedral,6.356823810766234e-05,-,-0.0007820527145929311,0.3668854199820777
50,3026.448438348228,,,ring-site C-H stretching,tau(C2-C3-N4-O5),dihedral,5.3862289172358314e-05,-,-0.0014052482511202366,0.096281098080716
50,3026.448438348228,,,ring-site C-H stretching,nu(O5-H13),bond,5.162128448435388e-05,+,0.000588736717359309,0.5257132188054624
50,3026.448438348228,,,ring-site C-H stretching,delta(C2-O1-H10),angle,3.2831906703051905e-05,+,0.0007619754807158237,0.19960731200682177
50,3026.448438348228,,,ring-site C-H stretching,nu(N4-O5),bond,3.064652460294636e-05,+,0.0006438821836600811,0.26093404664752
50,3026.448438348228,,,ring-site C-H stretching,tau(H10-O1-C2-H11),dihedral,2.0473720584401147e-05,+,0.0015623635036961564,0.02960703626146141
50,3026.448438348228,,,ring-site C-H stretching,tau(C7-C8-C9-H20),dihedral,1.847196222330065e-05,+,0.0004459361711791576,0.32789135382743356
50,3026.448438348228,,,ring-site C-H stretching,delta(C6-C9-C8),angle,1.7820713316979576e-05,+,0.00020427840885245622,1.507448504872666
50,3026.448438348228,,,ring-site C-H stretching,nu(C7-C8),bond,1.4848258118537572e-05,-,-0.0004225646934578034,0.2935292790201741
50,3026.448438348228,,,ring-site C-H stretching,delta(C3-N4-O5),angle,1.1387839547833063e-05,+,0.00028675619280265236,0.48885274981676025
50,3026.448438348228,,,ring-site C-H stretching,delta(N4-O5-H13),angle,7.1213303489678015e-06,+,0.00035005444319629166,0.20514091020311076
50,3026.448438348228,,,ring-site C-H stretching,delta(O1-C2-C3),angle,1.0518763932759899e-06,+,8.800065221093223e-05,0.4794631797439876
50,3026.448438348228,,,ring-site C-H stretching,tau(C3-N4-O5-H13),dihedral,9.077386912803075e-07,+,0.0004145877897041773,0.018641899705102983
50,3026.448438348228,,,ring-site C-H stretching,nu(O1-C2),bond,1.3381598747618217e-07,+,3.7405000845762423e-05,0.33760665575380766
51,3052.6577742399986,,,in-phase ring-site C-H stretching,nu(C7-H16),bond,52.523168343986,-,-0.7439970765306145,0.3343650536129274
51,3052.6577742399986,,,in-phase ring-site C-H stretching,nu(C7-H15),bond,37.71705800368397,-,-0.6285367430829887,0.3364254876547383
51,3052.6577742399986,,,in-phase ring-site C-H stretching,nu(C8-H18),bond,4.954942979854754,+,0.22756544993113112,0.33716185262197673
51,3052.6577742399986,,,in-phase ring-site C-H stretching,nu(C8-H17),bond,3.429218617297219,+,0.1900824862591313,0.33444398356763794
51,3052.6577742399986,,,in-phase ring-site C-H stretching,nu(C6-H14),bond,0.5750091629980011,+,0.07897591668709342,0.3248611945164227
51,3052.6577742399986,,,in-phase ring-site C-H stretching,nu(C9-H19),bond,0.3573592909921817,+,0.06079731515637155,0.3406816157892765
51,3052.6577742399986,,,in-phase ring-site C-H stretching,nu(C6-C7),bond,0.14363332534082043,+,0.041933855706002464,0.2878313169969325
51,3052.6577742399986,,,in-phase ring-site C-H stretching,nu(C7-C8),bond,0.08217596445260399,+,0.031408912688440094,0.2935292790201741
51,3052.6577742399986,,,in-phase ring-site C-H stretching,nu(C9-H20),bond,0.05253904458186677,+,0.023410549236536994,0.33780913365345233
51,3052.6577742399986,,,in-phase ring-site C-H stretching,nu(C2-H12),bond,0.05182099938497115,-,-0.023919350772026594,0.3191680655609865
51,3052.6577742399986,,,in-phase ring-site C-H stretching,nu(C8-C9),bond,0.022546905441057592,-,-0.016033367661649433,0.3090650261509001
51,3052.6577742399986,,,in-phase ring-site C-H stretching,tau(C9-C6-C7-H16),dihedral,0.017556042286746735,+,0.012602729262809455,0.38950212149901003
51,3052.6577742399986,,,in-phase ring-site C-H stretching,tau(C7-C8-C9-C6),dihedral,0.011287826743970766,+,0.005937505608290255,1.1282742892792177
51,3052.6577742399986,,,in-phase ring-site C-H stretching,tau(C7-C8-C9-H19),dihedral,0.010759398595901708,+,0.010165646022048459,0.3668854199820777
51,3052.6577742399986,,,in-phase ring-site C-H stretching,nu(C2-H11),bond,0.010126465160739907,+,0.01024195443125192,0.3401767416555715
51,3052.6577742399986,,,in-phase ring-site C-H stretching,tau(C6-C7-C8-H17),dihedral,0.009583281049782797,+,0.009578819750955857,0.36804646047394296
51,3052.6577742399986,,,in-phase ring-site C-H stretching,tau(H14-C6-C7-H16),dihedral,0.007741099134141567,+,0.011527349327967331,0.20528449235177543
51,3052.6577742399986,,,in-phase ring-site C-H stretching,tau(C6-C7-C8-H18),dihedral,0.005832133402905404,-,-0.010997451146158523,0.1699244172304189
51,3052.6577742399986,,,in-phase ring-site C-H stretching,tau(C7-C8-C9-H20),dihedral,0.005591415285797246,+,0.007751791866713942,0.32789135382743356
51,3052.6577742399986,,,in-phase ring-site C-H stretching,delta(C6-C9-C8),angle,0.002554645927328278,-,-0.002443713715907556,1.507448504872666
51,3052.6577742399986,,,in-phase ring-site C-H stretching,tau(H16-C7-C8-H17),dihedral,0.0022119906851027363,-,-0.006478216800792816,0.1857311553103021
51,3052.6577742399986,,,in-phase ring-site C-H stretching,nu(C6-C9),bond,0.001527914011343933,-,-0.004232407676984533,0.3005635759709016
51,3052.6577742399986,,,in-phase ring-site C-H stretching,delta(C3-C6-C9),angle,0.0013226770989729724,+,0.0038821245316794763,0.3092625491988139
51,3052.6577742399986,,,in-phase ring-site C-H stretching,tau(H17-C8-C9-H19),dihedral,0.0008709450889163992,-,-0.0040583480496448445,0.18633936756269648
51,3052.6577742399986,,,in-phase ring-site C-H stretching,delta(C8-C9-H20),angle,0.0008239502926483245,+,0.0038063238605611643,0.20040195782920825
51,3052.6577742399986,,,in-phase ring-site C-H stretching,delta(C6-C7-H15),angle,0.00065754691414814,-,-0.003267522069012724,0.21702117349718755
51,3052.6577742399986,,,in-phase ring-site C-H stretching,tau(H18-C8-C9-H20),dihedral,0.00039638493040138506,+,0.002869442565648452,0.1696424301144722
51,3052.6577742399986,,,in-phase ring-site C-H stretching,delta(C2-C3-C6),angle,0.00029440768539229213,+,0.0015924275718981465,0.4091119718155291
51,3052.6577742399986,,,in-phase ring-site C-H stretching,nu(C3-C6),bond,0.0002923008207447666,-,-0.0018768714118876496,0.29239734091777053
51,3052.6577742399986,,,in-phase ring-site C-H stretching,delta(C8-C7-H15),angle,0.0002853475500002812,-,-0.002152084771987483,0.217103998270187
51,3052.6577742399986,,,in-phase ring-site C-H stretching,delta(O1-C2-H12),angle,0.00024147938194070962,+,0.0013966066448832018,0.4362588699976363
51,3052.6577742399986,,,in-phase ring-site C-H stretching,tau(H14-C6-C9-C8),dihedral,0.00013587973354265952,+,0.001123265341233495,0.3794917959790914
51,3052.6577742399986,,,in-phase ring-site C-H stretching,tau(C6-C3-N4-O5),dihedral,0.00013456535283914927,-,-0.0017480270804168731,0.15518486550550248
51,3052.6577742399986,,,in-phase ring-site C-H stretching,delta(O1-C2-H11),angle,5.048658697232308e-05,-,-0.0006980354363961635,0.3651182100925562
51,3052.6577742399986,,,in-phase ring-site C-H stretching,nu(O1-H10),bond,3.6324273424822334e-05,+,0.0005009713609659783,0.5100157173560682
51,3052.6577742399986,,,in-phase ring-site C-H stretching,tau(C3-C6-C9-C8),dihedral,3.569780634705004e-05,-,-0.0008320761532131709,0.1816886511150176
51,3052.6577742399986,,,in-phase ring-site C-H stretching,delta(O1-C2-C3),angle,2.8457896847640964e-05,-,-0.00045733030521623866,0.4794631797439876
51,3052.6577742399986,,,in-phase ring-site C-H stretching,nu(C3-N4),bond,2.4548118268422507e-05,-,-0.0003550611254996678,0.6861583910804996
51,3052.6577742399986,,,in-phase ring-site C-H stretching,delta(C3-C2-H12),angle,2.2095452492127905e-05,+,0.00044669262911910804,0.39020942049172896
51,3052.6577742399986,,,in-phase ring-site C-H stretching,nu(O1-C2),bond,1.911879649447207e-05,+,0.00044671546378451403,0.33760665575380766
51,3052.6577742399986,,,in-phase ring-site C-H stretching,tau(H14-C6-C9-H19),dihedral,1.8744156632659624e-05,-,-0.0005945979689713481,0.18682349159156134
51,3052.6577742399986,,,in-phase ring-site C-H stretching,tau(O1-C2-C3-C6),dihedral,1.5044176220795936e-05,+,0.0009810228941835057,0.05508362958384606
51,3052.6577742399986,,,in-phase ring-site C-H stretching,delta(C2-O1-H10),angle,1.176901547399246e-05,-,-0.0004558144145375201,0.19960731200682177
51,3052.6577742399986,,,in-phase ring-site C-H stretching,nu(O5-H13),bond,1.0026563475344296e-05,-,-0.0002592434643402216,0.5257132188054624
51,3052.6577742399986,,,in-phase ring-site C-H stretching,tau(C2-C3-C6-C9),dihedral,8.861254945314795e-06,+,0.001269355098499172,0.019379447476020113
51,3052.6577742399986,,,in-phase ring-site C-H stretching,tau(C2-C3-N4-O5),dihedral,7.00859022752035e-06,+,0.0005064668543495973,0.096281098080716
51,3052.6577742399986,,,in-phase ring-site C-H stretching,delta(C2-C3-N4),angle,5.997838120574857e-06,-,-0.00018635024837819903,0.6086213889266646
51,3052.6577742399986,,,in-phase ring-site C-H stretching,delta(C3-N4-O5),angle,1.893862501600385e-06,-,-0.00011683996080438859,0.48885274981676025
51,3052.6577742399986,,,in-phase ring-site C-H stretching,nu(C2-C3),bond,1.3634341927858159e-06,+,0.00013402067466756722,0.2674871996149321
51,3052.6577742399986,,,in-phase ring-site C-H stretching,delta(H11-C2-H12),angle,9.796961386223556e-07,-,-0.00010228250898987239,0.32999022352814855
51,3052.6577742399986,,,in-phase ring-site C-H stretching,tau(H10-O1-C2-H11),dihedral,7.961926693215918e-07,-,-0.0003078348826198424,0.02960703626146141
51,3052.6577742399986,,,in-phase ring-site C-H stretching,delta(N4-O5-H13),angle,2.704148166249391e-07,+,6.815462210947418e-05,0.20514091020311076
51,3052.6577742399986,,,in-phase ring-site C-H stretching,nu(N4-O5),bond,1.0993809315942134e-07,+,3.853141309283315e-05,0.26093404664752
51,3052.6577742399986,,,in-phase ring-site C-H stretching,tau(C3-N4-O5-H13),dihedral,7.078890227773951e-08,+,0.0001156761209311295,0.018641899705102983
52,3056.431291563355,,,ring-site C-H stretching,nu(C8-H17),bond,61.35984578037141,+,0.8068684135685715,0.33444398356763794
52,3056.431291563355,,,ring-site C-H stretching,nu(C8-H18),bond,26.53000214911471,+,0.5284108243814902,0.33716185262197673
52,3056.431291563355,,,ring-site C-H stretching,nu(C7-H16),bond,7.572000967103188,+,0.2834765696586628,0.3343650536129274
52,3056.431291563355,,,ring-site C-H stretching,nu(C9-H20),bond,2.835275332298985,-,-0.1725775123338855,0.33780913365345233
52,3056.431291563355,,,ring-site C-H stretching,nu(C7-H15),bond,0.7497396258246306,+,0.08892688215829563,0.3364254876547383
52,3056.431291563355,,,ring-site C-H stretching,nu(C7-C8),bond,0.2427368349485371,-,-0.05417069495113952,0.2935292790201741
52,3056.431291563355,,,ring-site C-H stretching,nu(C9-H19),bond,0.22742764641135157,-,-0.048670920268620375,0.3406816157892765
52,3056.431291563355,,,ring-site C-H stretching,delta(C6-C9-C8),angle,0.10931681070590553,-,-0.01604148288748288,1.507448504872666
52,3056.431291563355,,,ring-site C-H stretching,nu(C8-C9),bond,0.10893086836954852,-,-0.03536493221540453,0.3090650261509001
52,3056.431291563355,,,ring-site C-H stretching,tau(C7-C8-C9-C6),dihedral,0.06620113443181162,-,-0.014429379263240437,1.1282742892792177
52,3056.431291563355,,,ring-site C-H stretching,delta(C8-C7-H15),angle,0.0318670540417227,+,0.02282229560410045,0.217103998270187
52,3056.431291563355,,,ring-site C-H stretching,tau(C7-C8-C9-H20),dihedral,0.02342657780646159,-,-0.015922517012069676,0.32789135382743356
52,3056.431291563355,,,ring-site C-H stretching,tau(H18-C8-C9-H20),dihedral,0.023099360199310855,+,0.02198138291089558,0.1696424301144722
52,3056.431291563355,,,ring-site C-H stretching,tau(C6-C7-C8-H17),dihedral,0.022967655273201527,+,0.014880903023543786,0.36804646047394296
52,3056.431291563355,,,ring-site C-H stretching,tau(H14-C6-C9-C8),dihedral,0.022845314334314425,+,0.014615701066549469,0.3794917959790914
52,3056.431291563355,,,ring-site C-H stretching,delta(C8-C9-H20),angle,0.022481700427984273,+,0.019951974305617935,0.20040195782920825
52,3056.431291563355,,,ring-site C-H stretching,tau(C6-C7-C8-H18),dihedral,0.017924342765252732,-,-0.01934710569287616,0.1699244172304189
52,3056.431291563355,,,ring-site C-H stretching,nu(C6-C7),bond,0.01095454042607217,-,-0.011621182927558357,0.2878313169969325
52,3056.431291563355,,,ring-site C-H stretching,tau(C3-C6-C9-C8),dihedral,0.006582423803153596,+,0.011338387584287637,0.1816886511150176
52,3056.431291563355,,,ring-site C-H stretching,nu(C6-C9),bond,0.004208539110840812,+,0.007048874654019409,0.3005635759709016
52,3056.431291563355,,,ring-site C-H stretching,nu(C2-H12),bond,0.0041602454878424105,+,0.006800988524528107,0.3191680655609865
52,3056.431291563355,,,ring-site C-H stretching,tau(H16-C7-C8-H17),dihedral,0.002856774417880861,+,0.007387846657213988,0.1857311553103021
52,3056.431291563355,,,ring-site C-H stretching,delta(C6-C7-H15),angle,0.0013611921711457857,+,0.00471770679665409,0.21702117349718755
52,3056.431291563355,,,ring-site C-H stretching,tau(C9-C6-C7-H16),dihedral,0.0009262994786756394,-,-0.0029049795182125204,0.38950212149901003
52,3056.431291563355,,,ring-site C-H stretching,tau(H14-C6-C9-H19),dihedral,0.0006867803139556861,-,-0.0036117314871504463,0.18682349159156134
52,3056.431291563355,,,ring-site C-H stretching,nu(C6-H14),bond,0.0006855376099281878,-,-0.002736459363290376,0.3248611945164227
52,3056.431291563355,,,ring-site C-H stretching,tau(H17-C8-C9-H19),dihedral,0.0005905982749689307,-,-0.0033536370359006375,0.18633936756269648
52,3056.431291563355,,,ring-site C-H stretching,tau(C7-C8-C9-H19),dihedral,0.0004066061317453538,-,-0.001983097257061247,0.3668854199820777
52,3056.431291563355,,,ring-site C-H stretching,nu(C2-H11),bond,0.000285918629771509,-,-0.0017269954647649334,0.3401767416555715
52,3056.431291563355,,,ring-site C-H stretching,tau(C2-C3-C6-C9),dihedral,9.03576781617216e-05,+,0.0040675613742422,0.019379447476020113
52,3056.431291563355,,,ring-site C-H stretching,delta(O1-C2-H12),angle,2.1731992203003988e-05,-,-0.00042043601768340904,0.4362588699976363
52,3056.431291563355,,,ring-site C-H stretching,tau(H14-C6-C7-H16),dihedral,2.0831123321709413e-05,-,-0.0006000681167168945,0.20528449235177543
52,3056.431291563355,,,ring-site C-H stretching,nu(O5-H13),bond,2.0726537138185883e-05,+,0.0003740341057019633,0.5257132188054624
52,3056.431291563355,,,ring-site C-H stretching,nu(C3-C6),bond,1.8157767939822568e-05,+,0.0004694256323252061,0.29239734091777053
52,3056.431291563355,,,ring-site C-H stretching,delta(C3-C6-C9),angle,1.5306520849996297e-05,-,-0.00041907992416599594,0.3092625491988139
52,3056.431291563355,,,ring-site C-H stretching,delta(O1-C2-H11),angle,4.626463977903102e-06,+,0.0002120460194780919,0.3651182100925562
52,3056.431291563355,,,ring-site C-H stretching,delta(O1-C2-C3),angle,2.8831842198088646e-06,+,0.0001460766646722297,0.4794631797439876
52,3056.431291563355,,,ring-site C-H stretching,tau(O1-C2-C3-C6),dihedral,2.073483252798977e-06,+,0.00036547802557008286,0.05508362958384606
52,3056.431291563355,,,ring-site C-H stretching,nu(C3-N4),bond,1.8232487690783554e-06,+,9.710309080660403e-05,0.6861583910804996
52,3056.431291563355,,,ring-site C-H stretching,nu(C2-C3),bond,1.486679226340551e-06,-,-0.0001404363110885997,0.2674871996149321
52,3056.431291563355,,,ring-site C-H stretching,tau(C6-C3-N4-O5),dihedral,1.425824706753987e-06,-,-0.0001805637910760305,0.15518486550550248
52,3056.431291563355,,,ring-site C-H stretching,delta(N4-O5-H13),angle,8.611452680712617e-07,-,-0.00012204903482534662,0.20514091020311076
52,3056.431291563355,,,ring-site C-H stretching,delta(H11-C2-H12),angle,6.132871740469107e-07,-,-8.1208910311366e-05,0.32999022352814855
52,3056.431291563355,,,ring-site C-H stretching,nu(O1-C2),bond,5.941317540854366e-07,-,-7.902384570585745e-05,0.33760665575380766
52,3056.431291563355,,,ring-site C-H stretching,nu(N4-O5),bond,5.701354233550587e-07,+,8.805335670831365e-05,0.26093404664752
52,3056.431291563355,,,ring-site C-H stretching,delta(C2-C3-C6),angle,5.045875269678129e-07,-,-6.615603067017806e-05,0.4091119718155291
52,3056.431291563355,,,ring-site C-H stretching,delta(C2-C3-N4),angle,4.191707777305768e-07,+,4.9436096628581654e-05,0.6086213889266646
52,3056.431291563355,,,ring-site C-H stretching,nu(O1-H10),bond,1.358509918698792e-07,-,-3.0744108587851576e-05,0.5100157173560682
52,3056.431291563355,,,ring-site C-H stretching,tau(C2-C3-N4-O5),dihedral,1.1590681510559961e-07,-,-6.535912771890146e-05,0.096281098080716
52,3056.431291563355,,,ring-site C-H stretching,delta(C3-C2-H12),angle,8.428877522462799e-08,+,2.768587637258816e-05,0.39020942049172896
52,3056.431291563355,,,ring-site C-H stretching,tau(C3-N4-O5-H13),dihedral,3.2068647100218434e-08,-,-7.812994423206853e-05,0.018641899705102983
52,3056.431291563355,,,ring-site C-H stretching,delta(C2-O1-H10),angle,2.7935141550145408e-08,-,-2.228483863227223e-05,0.19960731200682177
52,3056.431291563355,,,ring-site C-H stretching,delta(C3-N4-O5),angle,5.467487795622202e-10,+,1.9921734989186453e-06,0.48885274981676025
52,3056.431291563355,,,ring-site C-H stretching,tau(H10-O1-C2-H11),dihedral,1.5687163881529072e-10,+,4.3360774176922966e-06,0.02960703626146141
53,3071.8413489033865,,,in-phase ring-site C-H stretching,nu(C9-H20),bond,55.97539791442524,-,-0.7710913563133155,0.33780913365345233
53,3071.8413489033865,,,in-phase ring-site C-H stretching,nu(C9-H19),bond,39.505558337847674,-,-0.6450563975826673,0.3406816157892765
53,3071.8413489033865,,,in-phase ring-site C-H stretching,nu(C8-H17),bond,2.650761171175566,-,-0.1686423091977138,0.33444398356763794
53,3071.8413489033865,,,in-phase ring-site C-H stretching,nu(C7-H16),bond,0.75140640300212,-,-0.08979867724582707,0.3343650536129274
53,3071.8413489033865,,,in-phase ring-site C-H stretching,delta(C6-C9-C8),angle,0.38726184917710627,-,-0.030361557662381872,1.507448504872666
53,3071.8413489033865,,,in-phase ring-site C-H stretching,nu(C8-C9),bond,0.24166170949010227,+,0.05296901831339811,0.3090650261509001
53,3071.8413489033865,,,in-phase ring-site C-H stretching,nu(C6-C9),bond,0.181018052311301,+,0.04648744775490482,0.3005635759709016
53,3071.8413489033865,,,in-phase ring-site C-H stretching,nu(C7-H15),bond,0.1244875642712224,-,-0.03643858244744087,0.3364254876547383
53,3071.8413489033865,,,in-phase ring-site C-H stretching,tau(C7-C8-C9-H19),dihedral,0.07469667436266235,+,0.027028898081689186,0.3668854199820777
53,3071.8413489033865,,,in-phase ring-site C-H stretching,tau(C7-C8-C9-H20),dihedral,0.015052273243046648,-,-0.012834501298552447,0.32789135382743356
53,3071.8413489033865,,,in-phase ring-site C-H stretching,tau(H18-C8-C9-H20),dihedral,0.014297046566459477,-,-0.017389970981539823,0.1696424301144722
53,3071.8413489033865,,,in-phase ring-site C-H stretching,tau(H17-C8-C9-H19),dihedral,0.01249424729706814,+,0.015511209878452772,0.18633936756269648
53,3071.8413489033865,,,in-phase ring-site C-H stretching,nu(C2-H11),bond,0.011782401751980653,-,-0.011148271557399536,0.3401767416555715
53,3071.8413489033865,,,in-phase ring-site C-H stretching,delta(C3-C6-C9),angle,0.011250336158259246,-,-0.011425152823716827,0.3092625491988139
53,3071.8413489033865,,,in-phase ring-site C-H stretching,tau(H14-C6-C9-H19),dihedral,0.011168017227481416,-,-0.014645871835682575,0.18682349159156134
53,3071.8413489033865,,,in-phase ring-site C-H stretching,nu(C7-C8),bond,0.007503834791149836,+,0.009577647564476115,0.2935292790201741
53,3071.8413489033865,,,in-phase ring-site C-H stretching,tau(C3-C6-C9-C8),dihedral,0.004816856880419619,-,-0.009753509357658676,0.1816886511150176
53,3071.8413489033865,,,in-phase ring-site C-H stretching,tau(C7-C8-C9-C6),dihedral,0.004626012043797387,+,0.0038356499682696485,1.1282742892792177
53,3071.8413489033865,,,in-phase ring-site C-H stretching,nu(C6-H14),bond,0.003951356156515464,+,0.00660643404952257,0.3248611945164227
53,3071.8413489033865,,,in-phase ring-site C-H stretching,delta(C8-C7-H15),angle,0.0026003785981764953,-,-0.006555824435217022,0.217103998270187
53,3071.8413489033865,,,in-phase ring-site C-H stretching,tau(C9-C6-C7-H16),dihedral,0.0019994298819241076,+,0.004291816147950151,0.38950212149901003
53,3071.8413489033865,,,in-phase ring-site C-H stretching,tau(C6-C7-C8-H18),dihedral,0.001703059562192089,+,0.005996943510828786,0.1699244172304189
53,3071.8413489033865,,,in-phase ring-site C-H stretching,nu(C6-C7),bond,0.0016034911487584666,+,0.004471025996425523,0.2878313169969325
53,3071.8413489033865,,,in-phase ring-site C-H stretching,tau(C2-C3-C6-C9),dihedral,0.0008765787891091898,+,0.012739949820221714,0.019379447476020113
53,3071.8413489033865,,,in-phase ring-site C-H stretching,tau(H14-C6-C9-C8),dihedral,0.0006947051345014992,+,0.002562960969812053,0.3794917959790914
53,3071.8413489033865,,,in-phase ring-site C-H stretching,delta(C8-C9-H20),angle,0.0003603845147023096,-,-0.0025402415462940373,0.20040195782920825
53,3071.8413489033865,,,in-phase ring-site C-H stretching,delta(C6-C7-H15),angle,0.00027212415260767996,-,-0.0021211697501960195,0.21702117349718755
53,3071.8413489033865,,,in-phase ring-site C-H stretching,nu(C8-H18),bond,0.00019263681987625103,-,-0.0014318362993754547,0.33716185262197673
53,3071.8413489033865,,,in-phase ring-site C-H stretching,tau(H14-C6-C7-H16),dihedral,7.653110255542368e-05,+,0.0011566017564769836,0.20528449235177543
53,3071.8413489033865,,,in-phase ring-site C-H stretching,nu(C3-N4),bond,6.883042274867725e-05,-,-0.0005999581580198146,0.6861583910804996
53,3071.8413489033865,,,in-phase ring-site C-H stretching,delta(C2-C3-C6),angle,5.555355194332297e-05,-,-0.0006980358946808435,0.4091119718155291
53,3071.8413489033865,,,in-phase ring-site C-H stretching,nu(C2-H12),bond,5.384306531847047e-05,-,-0.0007780331589581014,0.3191680655609865
53,3071.8413489033865,,,in-phase ring-site C-H stretching,delta(C2-C3-N4),angle,3.665793441719581e-05,+,0.000464893338876674,0.6086213889266646
53,3071.8413489033865,,,in-phase ring-site C-H stretching,nu(C3-C6),bond,3.0247708187974023e-05,-,-0.0006092597134163944,0.29239734091777053
53,3071.8413489033865,,,in-phase ring-site C-H stretching,nu(O5-H13),bond,2.9940188945296225e-05,-,-0.0004520596596413127,0.5257132188054624
53,3071.8413489033865,,,in-phase ring-site C-H stretching,delta(C3-C2-H12),angle,2.9220434879194695e-05,-,-0.0005183670604303558,0.39020942049172896
53,3071.8413489033865,,,in-phase ring-site C-H stretching,nu(O1-H10),bond,2.473641596904922e-05,-,-0.0004171762170680335,0.5100157173560682
53,3071.8413489033865,,,in-phase ring-site C-H stretching,delta(O1-C2-C3),angle,2.199054590075721e-05,-,-0.00040567973013525205,0.4794631797439876
53,3071.8413489033865,,,in-phase ring-site C-H stretching,nu(C2-C3),bond,1.2614271860868896e-05,+,0.0004113604413587119,0.2674871996149321
53,3071.8413489033865,,,in-phase ring-site C-H stretching,delta(C2-O1-H10),angle,1.154471844617347e-05,+,0.0004555608385787014,0.19960731200682177
53,3071.8413489033865,,,in-phase ring-site C-H stretching,tau(H16-C7-C8-H17),dihedral,1.1059348168141263e-05,+,0.00046223765280709506,0.1857311553103021
53,3071.8413489033865,,,in-phase ring-site C-H stretching,delta(O1-C2-H11),angle,9.622384490710534e-06,+,0.0003075158749370852,0.3651182100925562
53,3071.8413489033865,,,in-phase ring-site C-H stretching,delta(H11-C2-H12),angle,6.531890004664264e-06,+,0.0002665089686482154,0.32999022352814855
53,3071.8413489033865,,,in-phase ring-site C-H stretching,delta(O1-C2-H12),angle,6.430826901049854e-06,-,-0.00022998748750942827,0.4362588699976363
53,3071.8413489033865,,,in-phase ring-site C-H stretching,tau(O1-C2-C3-C6),dihedral,6.338643495014175e-06,+,0.0006425838741523642,0.05508362958384606
53,3071.8413489033865,,,in-phase ring-site C-H stretching,nu(N4-O5),bond,5.057852159658831e-06,-,-0.00026373066183676426,0.26093404664752
53,3071.8413489033865,,,in-phase ring-site C-H stretching,nu(O1-C2),bond,3.311260724945058e-06,+,0.0001876005567794478,0.33760665575380766
53,3071.8413489033865,,,in-phase ring-site C-H stretching,tau(C6-C7-C8-H17),dihedral,2.6349856788621712e-06,-,-0.00016028051929490106,0.36804646047394296
53,3071.8413489033865,,,in-phase ring-site C-H stretching,tau(C6-C3-N4-O5),dihedral,1.1851708166323572e-06,-,-0.0001655422014704871,0.15518486550550248
53,3071.8413489033865,,,in-phase ring-site C-H stretching,delta(C3-N4-O5),angle,6.173937626511787e-07,+,6.731859163399769e-05,0.48885274981676025
53,3071.8413489033865,,,in-phase ring-site C-H stretching,delta(N4-O5-H13),angle,3.3851578902473173e-07,-,-7.694958107753078e-05,0.20514091020311076
53,3071.8413489033865,,,in-phase ring-site C-H stretching,tau(H10-O1-C2-H11),dihedral,2.8684680647291126e-07,+,0.00018645347237406906,0.02960703626146141
53,3071.8413489033865,,,in-phase ring-site C-H stretching,tau(C3-N4-O5-H13),dihedral,2.1984961026302384e-08,-,-6.505200705977248e-05,0.018641899705102983
53,3071.8413489033865,,,in-phase ring-site C-H stretching,tau(C2-C3-N4-O5),dihedral,5.754031684077891e-09,-,-1.464396024146353e-05,0.096281098080716
54,3096.3915838397297,,,mixed-phase ring-site C-H stretching,nu(C8-H18),bond,42.57367048187608,-,-0.6871033788630332,0.33716185262197673
54,3096.3915838397297,,,mixed-phase ring-site C-H stretching,nu(C7-H15),bond,26.025441101649808,-,-0.5378056456912488,0.3364254876547383
54,3096.3915838397297,,,mixed-phase ring-site C-H stretching,nu(C8-H17),bond,12.396986511390073,+,0.3722777867088477,0.33444398356763794
54,3096.3915838397297,,,mixed-phase ring-site C-H stretching,nu(C7-H16),bond,10.379693823356241,+,0.34068466388480295,0.3343650536129274
54,3096.3915838397297,,,mixed-phase ring-site C-H stretching,nu(C9-H20),bond,3.136889152001583,-,-0.1863307984711111,0.33780913365345233
54,3096.3915838397297,,,mixed-phase ring-site C-H stretching,nu(C2-H11),bond,2.2727898804130873,+,0.15805130561743325,0.3401767416555715
54,3096.3915838397297,,,mixed-phase ring-site C-H stretching,nu(C9-H19),bond,1.1737653571191302,+,0.1134976964855133,0.3406816157892765
54,3096.3915838397297,,,mixed-phase ring-site C-H stretching,nu(C6-H14),bond,0.7190767905041752,-,-0.09097236182021551,0.3248611945164227
54,3096.3915838397297,,,mixed-phase ring-site C-H stretching,tau(C7-C8-C9-C6),dihedral,0.5064754571677139,-,-0.04096779686931084,1.1282742892792177
54,3096.3915838397297,,,mixed-phase ring-site C-H stretching,tau(C7-C8-C9-H19),dihedral,0.10807717018108677,-,-0.033187344885608865,0.3668854199820777
54,3096.3915838397297,,,mixed-phase ring-site C-H stretching,delta(C8-C7-H15),angle,0.07816313291997194,+,0.0366891644296102,0.217103998270187
54,3096.3915838397297,,,mixed-phase ring-site C-H stretching,nu(C2-H12),bond,0.07250247186772661,-,-0.029143213894606945,0.3191680655609865
54,3096.3915838397297,,,mixed-phase ring-site C-H stretching,tau(H16-C7-C8-H17),dihedral,0.0715890847380371,-,-0.037962235382819384,0.1857311553103021
54,3096.3915838397297,,,mixed-phase ring-site C-H stretching,tau(H14-C6-C9-C8),dihedral,0.0633043549704141,+,0.024973898997731996,0.3794917959790914
54,3096.3915838397297,,,mixed-phase ring-site C-H stretching,tau(H18-C8-C9-H20),dihedral,0.0553776319604416,+,0.03493580063337405,0.1696424301144722
54,3096.3915838397297,,,mixed-phase ring-site C-H stretching,nu(C7-C8),bond,0.04716718779859196,+,0.024511225791369076,0.2935292790201741
54,3096.3915838397297,,,mixed-phase ring-site C-H stretching,tau(C7-C8-C9-H20),dihedral,0.04513030291696932,-,-0.022685058030809804,0.32789135382743356
54,3096.3915838397297,,,mixed-phase ring-site C-H stretching,tau(H17-C8-C9-H19),dihedral,0.03732947287228756,+,0.02736808265727795,0.18633936756269648
54,3096.3915838397297,,,mixed-phase ring-site C-H stretching,delta(C6-C9-C8),angle,0.033084186651972866,+,0.009058572013985577,1.507448504872666
54,3096.3915838397297,,,mixed-phase ring-site C-H stretching,delta(C6-C7-H15),angle,0.03204230904086978,+,0.023495332822622016,0.21702117349718755
54,3096.3915838397297,,,mixed-phase ring-site C-H stretching,tau(C3-C6-C9-C8),dihedral,0.03176038349041259,+,0.025565231001426054,0.1816886511150176
54,3096.3915838397297,,,mixed-phase ring-site C-H stretching,nu(C8-C9),bond,0.027447144771257075,+,0.01822193141878412,0.3090650261509001
54,3096.3915838397297,,,mixed-phase ring-site C-H stretching,tau(C9-C6-C7-H16),dihedral,0.02369094401948574,+,0.015080197253549338,0.38950212149901003
54,3096.3915838397297,,,mixed-phase ring-site C-H stretching,delta(C8-C9-H20),angle,0.02085535618438747,+,0.01972552534369003,0.20040195782920825
54,3096.3915838397297,,,mixed-phase ring-site C-H stretching,tau(H14-C6-C7-H16),dihedral,0.0171250325413164,+,0.017660719139461108,0.20528449235177543
54,3096.3915838397297,,,mixed-phase ring-site C-H stretching,nu(C6-C7),bond,0.012872625405330875,+,0.012931094813174676,0.2878313169969325
54,3096.3915838397297,,,mixed-phase ring-site C-H stretching,tau(C6-C7-C8-H17),dihedral,0.0059796206002046765,-,-0.007793925402297397,0.36804646047394296
54,3096.3915838397297,,,mixed-phase ring-site C-H stretching,tau(C6-C7-C8-H18),dihedral,0.005453438041491854,-,-0.01095413401438095,0.1699244172304189
54,3096.3915838397297,,,mixed-phase ring-site C-H stretching,nu(C6-C9),bond,0.003860506839722984,+,0.006929864474476587,0.3005635759709016
54,3096.3915838397297,,,mixed-phase ring-site C-H stretching,delta(O1-C2-H12),angle,0.0032121121201614524,+,0.005246793426408137,0.4362588699976363
54,3096.3915838397297,,,mixed-phase ring-site C-H stretching,delta(O1-C2-H11),angle,0.003121279811729499,-,-0.0056535385465359585,0.3651182100925562
54,3096.3915838397297,,,mixed-phase ring-site C-H stretching,delta(C2-C3-N4),angle,0.0026416980657960093,-,-0.004028457038414563,0.6086213889266646
54,3096.3915838397297,,,mixed-phase ring-site C-H stretching,tau(H14-C6-C9-H19),dihedral,0.0025540838876462737,-,-0.007149449274944704,0.18682349159156134
54,3096.3915838397297,,,mixed-phase ring-site C-H stretching,delta(C3-C2-H12),angle,0.0018782473192744513,+,0.004242269617004167,0.39020942049172896
54,3096.3915838397297,,,mixed-phase ring-site C-H stretching,delta(C2-O1-H10),angle,0.0014321455186452558,-,-0.005179360064030246,0.19960731200682177
54,3096.3915838397297,,,mixed-phase ring-site C-H stretching,delta(O1-C2-C3),angle,0.0014076971603345953,+,0.003313200661527609,0.4794631797439876
54,3096.3915838397297,,,mixed-phase ring-site C-H stretching,nu(O1-H10),bond,0.0011387999428173223,+,0.0028893668849409374,0.5100157173560682
54,3096.3915838397297,,,mixed-phase ring-site C-H stretching,tau(O1-C2-C3-C6),dihedral,0.0010806524883223564,-,-0.008564509729691234,0.05508362958384606
54,3096.3915838397297,,,mixed-phase ring-site C-H stretching,nu(C2-C3),bond,0.000978107664341865,-,-0.003697537453023311,0.2674871996149321
54,3096.3915838397297,,,mixed-phase ring-site C-H stretching,delta(H11-C2-H12),angle,0.0008827152501215643,-,-0.003162499976018813,0.32999022352814855
54,3096.3915838397297,,,mixed-phase ring-site C-H stretching,delta(C2-C3-C6),angle,0.000838067200835456,+,0.0027675092468371514,0.4091119718155291
54,3096.3915838397297,,,mixed-phase ring-site C-H stretching,nu(O1-C2),bond,0.0005702125362524962,-,-0.0025129487606097515,0.33760665575380766
54,3096.3915838397297,,,mixed-phase ring-site C-H stretching,tau(C6-C3-N4-O5),dihedral,0.00026355377446162366,+,0.0025198848229877435,0.15518486550550248
54,3096.3915838397297,,,mixed-phase ring-site C-H stretching,nu(C3-C6),bond,0.00026010040618922416,+,0.0018237048730514894,0.29239734091777053
54,3096.3915838397297,,,mixed-phase ring-site C-H stretching,tau(C2-C3-C6-C9),dihedral,6.14648306493951e-05,+,0.003443605573414323,0.019379447476020113
54,3096.3915838397297,,,mixed-phase ring-site C-H stretching,nu(O5-H13),bond,4.067959359300152e-05,-,-0.0005378790223832454,0.5257132188054624
54,3096.3915838397297,,,mixed-phase ring-site C-H stretching,tau(C2-C3-N4-O5),dihedral,2.110615068302106e-05,+,0.0009053254987593757,0.096281098080716
54,3096.3915838397297,,,mixed-phase ring-site C-H stretching,tau(H10-O1-C2-H11),dihedral,1.154234443263523e-05,-,-0.001207314175553454,0.02960703626146141
54,3096.3915838397297,,,mixed-phase ring-site C-H stretching,nu(N4-O5),bond,2.58068472146664e-06,-,-0.000192297152500337,0.26093404664752
54,3096.3915838397297,,,mixed-phase ring-site C-H stretching,delta(C3-N4-O5),angle,1.1108313407785097e-06,-,-9.217343737538977e-05,0.48885274981676025
54,3096.3915838397297,,,mixed-phase ring-site C-H stretching,nu(C3-N4),bond,7.779853230341441e-07,-,-6.51094857751627e-05,0.6861583910804996
54,3096.3915838397297,,,mixed-phase ring-site C-H stretching,delta(N4-O5-H13),angle,2.833569024758742e-07,+,7.186402071758704e-05,0.20514091020311076
54,3096.3915838397297,,,mixed-phase ring-site C-H stretching,delta(C3-C6-C9),angle,6.222612187933107e-08,+,2.7427956670019553e-05,0.3092625491988139
54,3096.3915838397297,,,mixed-phase ring-site C-H stretching,tau(C3-N4-O5-H13),dihedral,5.559408651970562e-09,-,-3.3391810609849094e-05,0.018641899705102983
55,3102.9547030077415,,,C-H stretching,nu(C2-H11),bond,91.56579211819451,-,-0.9994577683931827,0.3401767416555715
55,3102.9547030077415,,,C-H stretching,nu(C2-H12),bond,3.1524917878594576,+,0.19145530044746156,0.3191680655609865
55,3102.9547030077415,,,C-H stretching,nu(C8-H18),bond,2.5537031111635837,-,-0.16765484755360843,0.33716185262197673
55,3102.9547030077415,,,C-H stretching,nu(C8-H17),bond,1.204050914780719,+,0.11558749722443946,0.33444398356763794
55,3102.9547030077415,,,C-H stretching,nu(C9-H19),bond,0.20693437589808902,+,0.047477965405178804,0.3406816157892765
55,3102.9547030077415,,,C-H stretching,nu(C9-H20),bond,0.1882730425754117,-,-0.04547874845413376,0.33780913365345233
55,3102.9547030077415,,,C-H stretching,delta(O1-C2-H11),angle,0.13761772855624793,+,0.037399911443373096,0.3651182100925562
55,3102.9547030077415,,,C-H stretching,delta(O1-C2-H12),angle,0.1323983474024394,-,-0.033559793134147906,0.4362588699976363
55,3102.9547030077415,,,C-H stretching,nu(C7-H16),bond,0.12471405672560822,-,-0.037204664358967715,0.3343650536129274
55,3102.9547030077415,,,C-H stretching,nu(C6-H14),bond,0.12059029744226998,-,-0.03711567752901672,0.3248611945164227
55,3102.9547030077415,,,C-H stretching,delta(C2-C3-N4),angle,0.11480153805734464,+,0.026457595715072023,0.6086213889266646
55,3102.9547030077415,,,C-H stretching,delta(C3-C2-H12),angle,0.08287605454823177,-,-0.028074742837950677,0.39020942049172896
55,3102.9547030077415,,,C-H stretching,delta(C2-C3-C6),angle,0.08149654742970883,-,-0.0271893383406619,0.4091119718155291
55,3102.9547030077415,,,C-H stretching,delta(C2-O1-H10),angle,0.06485953799994751,+,0.034725525795752214,0.19960731200682177
55,3102.9547030077415,,,C-H stretching,delta(O1-C2-C3),angle,0.0585377109668929,-,-0.02128581902570128,0.4794631797439876
55,3102.9547030077415,,,C-H stretching,nu(O1-H10),bond,0.04312631143914546,-,-0.01771452474836527,0.5100157173560682
55,3102.9547030077415,,,C-H stretching,delta(H11-C2-H12),angle,0.0395106902917341,+,0.02107933471562707,0.32999022352814855
55,3102.9547030077415,,,C-H stretching,nu(C2-C3),bond,0.03726026354085157,+,0.02273639403341988,0.2674871996149321
55,3102.9547030077415,,,C-H stretching,tau(O1-C2-C3-C6),dihedral,0.021580456134235378,+,0.038130207039670065,0.05508362958384606
55,3102.9547030077415,,,C-H stretching,nu(O1-C2),bond,0.021294354481384437,+,0.015299486958899147,0.33760665575380766
55,3102.9547030077415,,,C-H stretching,tau(C7-C8-C9-C6),dihedral,0.010152020476971975,-,-0.00577855198645444,1.1282742892792177
55,3102.9547030077415,,,C-H stretching,tau(H14-C6-C9-C8),dihedral,0.006460588055317969,+,0.00794849595092716,0.3794917959790914
55,3102.9547030077415,,,C-H stretching,tau(C6-C7-C8-H17),dihedral,0.0051778986823217,-,-0.007225627676934072,0.36804646047394296
55,3102.9547030077415,,,C-H stretching,tau(H18-C8-C9-H20),dihedral,0.004742373964820889,+,0.010185463208826247,0.1696424301144722
55,3102.9547030077415,,,C-H stretching,tau(C3-C6-C9-C8),dihedral,0.0025759959880452357,+,0.007253687120875196,0.1816886511150176
55,3102.9547030077415,,,C-H stretching,nu(C7-H15),bond,0.0025085305409090443,-,-0.0052603589397700375,0.3364254876547383
55,3102.9547030077415,,,C-H stretching,delta(C6-C9-C8),angle,0.0024123129536628616,+,0.0024369449002986663,1.507448504872666
55,3102.9547030077415,,,C-H stretching,tau(C6-C7-C8-H18),dihedral,0.0021164966403683988,-,-0.006798780579520879,0.1699244172304189
55,3102.9547030077415,,,C-H stretching,tau(H17-C8-C9-H19),dihedral,0.0020473424837724953,+,0.006385472938332052,0.18633936756269648
55,3102.9547030077415,,,C-H stretching,delta(C8-C9-H20),angle,0.0019788916975585504,+,0.006053550381469021,0.20040195782920825
55,3102.9547030077415,,,C-H stretching,tau(C7-C8-C9-H19),dihedral,0.0016016133013768202,-,-0.004024980075970849,0.3668854199820777
55,3102.9547030077415,,,C-H stretching,tau(H16-C7-C8-H17),dihedral,0.0013483973470783542,-,-0.005190589604924843,0.1857311553103021
55,3102.9547030077415,,,C-H stretching,nu(C7-C8),bond,0.0012932810543430163,+,0.004043624990240907,0.2935292790201741
55,3102.9547030077415,,,C-H stretching,tau(C2-C3-N4-O5),dihedral,0.0007836308151221491,-,-0.005495856234127374,0.096281098080716
55,3102.9547030077415,,,C-H stretching,nu(C8-C9),bond,0.0007636568181145166,+,0.0030281285881801085,0.3090650261509001
55,3102.9547030077415,,,C-H stretching,tau(H10-O1-C2-H11),dihedral,0.0004657634321071207,+,0.007640738816075377,0.02960703626146141
55,3102.9547030077415,,,C-H stretching,nu(C6-C7),bond,0.0003313803135155834,+,0.002067018948617519,0.2878313169969325
55,3102.9547030077415,,,C-H stretching,delta(C8-C7-H15),angle,0.0003259503097719292,+,0.002360434296942847,0.217103998270187
55,3102.9547030077415,,,C-H stretching,tau(C2-C3-C6-C9),dihedral,0.0002338576436785574,+,0.0066919889841664205,0.019379447476020113
55,3102.9547030077415,,,C-H stretching,delta(C6-C7-H15),angle,0.000229061440524375,-,-0.001979133400208822,0.21702117349718755
55,3102.9547030077415,,,C-H stretching,nu(C6-C9),bond,0.0001558110361279236,+,0.001387014691714553,0.3005635759709016
55,3102.9547030077415,,,C-H stretching,nu(C3-N4),bond,0.00015344259808322333,+,0.0009109843377607536,0.6861583910804996
55,3102.9547030077415,,,C-H stretching,tau(H14-C6-C9-H19),dihedral,6.735762042355293e-05,-,-0.0011567186928369627,0.18682349159156134
55,3102.9547030077415,,,C-H stretching,tau(C9-C6-C7-H16),dihedral,6.273377157790211e-05,-,-0.0007731182290444208,0.38950212149901003
55,3102.9547030077415,,,C-H stretching,tau(H14-C6-C7-H16),dihedral,5.166639401876258e-05,-,-0.0009664427497973558,0.20528449235177543
55,3102.9547030077415,,,C-H stretching,tau(C7-C8-C9-H20),dihedral,2.6404769938548386e-05,-,-0.0005466713822268231,0.32789135382743356
55,3102.9547030077415,,,C-H stretching,tau(C6-C3-N4-O5),dihedral,1.6692631430475644e-05,+,0.0006318119679282031,0.15518486550550248
55,3102.9547030077415,,,C-H stretching,nu(N4-O5),bond,3.6782436454170346e-06,+,0.000228720451669576,0.26093404664752
55,3102.9547030077415,,,C-H stretching,delta(N4-O5-H13),angle,1.3723901314046135e-06,+,0.00015756609873731145,0.20514091020311076
55,3102.9547030077415,,,C-H stretching,nu(O5-H13),bond,8.238080468601033e-07,+,7.625857652758777e-05,0.5257132188054624
55,3102.9547030077415,,,C-H stretching,delta(C3-N4-O5),angle,5.668978004511729e-07,+,6.560145665129979e-05,0.48885274981676025
55,3102.9547030077415,,,C-H stretching,nu(C3-C6),bond,4.418185465296321e-07,-,-7.488337156821246e-05,0.29239734091777053
55,3102.9547030077415,,,C-H stretching,tau(C3-N4-O5-H13),dihedral,4.3035027460827434e-07,-,-0.0002926955277804809,0.018641899705102983
55,3102.9547030077415,,,C-H stretching,delta(C3-C6-C9),angle,2.882227283381321e-07,-,-5.880991813146499e-05,0.3092625491988139
56,3109.9507222982684,,,mixed-phase ring-site C-H stretching,nu(C7-H15),bond,32.46766490525921,+,0.6002128745049431,0.3364254876547383
56,3109.9507222982684,,,mixed-phase ring-site C-H stretching,nu(C7-H16),bond,24.552633793487757,-,-0.5235556219585129,0.3343650536129274
56,3109.9507222982684,,,mixed-phase ring-site C-H stretching,nu(C8-H18),bond,13.754505226270721,-,-0.3902361471345192,0.33716185262197673
56,3109.9507222982684,,,mixed-phase ring-site C-H stretching,nu(C8-H17),bond,9.78267540078766,+,0.3304390404995709,0.33444398356763794
56,3109.9507222982684,,,mixed-phase ring-site C-H stretching,nu(C9-H19),bond,8.647741493306134,+,0.30782311222209,0.3406816157892765
56,3109.9507222982684,,,mixed-phase ring-site C-H stretching,nu(C9-H20),bond,8.064503414571915,-,-0.29852268951977945,0.33780913365345233
56,3109.9507222982684,,,mixed-phase ring-site C-H stretching,nu(C2-H11),bond,1.7486718299006154,+,0.13852433468876357,0.3401767416555715
56,3109.9507222982684,,,mixed-phase ring-site C-H stretching,nu(C6-H14),bond,0.15886811227411274,+,0.04272614142443752,0.3248611945164227
56,3109.9507222982684,,,mixed-phase ring-site C-H stretching,tau(C6-C7-C8-H17),dihedral,0.12454171720592028,-,-0.035541055929589005,0.36804646047394296
56,3109.9507222982684,,,mixed-phase ring-site C-H stretching,tau(C9-C6-C7-H16),dihedral,0.10828951947398578,-,-0.032215325524333635,0.38950212149901003
56,3109.9507222982684,,,mixed-phase ring-site C-H stretching,tau(H14-C6-C9-C8),dihedral,0.07788865462452853,+,0.027679620402533994,0.3794917959790914
56,3109.9507222982684,,,mixed-phase ring-site C-H stretching,nu(C2-H12),bond,0.07480800308537226,-,-0.029579344112666616,0.3191680655609865
56,3109.9507222982684,,,mixed-phase ring-site C-H stretching,tau(H18-C8-C9-H20),dihedral,0.06644930091015742,+,0.03823861820200225,0.1696424301144722
56,3109.9507222982684,,,mixed-phase ring-site C-H stretching,delta(C6-C7-H15),angle,0.060897259258196244,-,-0.03236473418077977,0.21702117349718755
56,3109.9507222982684,,,mixed-phase ring-site C-H stretching,tau(C7-C8-C9-H20),dihedral,0.06027469427963377,+,0.026195503491294805,0.32789135382743356
56,3109.9507222982684,,,mixed-phase ring-site C-H stretching,delta(C8-C9-H20),angle,0.039717267999555946,+,0.02719962573483104,0.20040195782920825
56,3109.9507222982684,,,mixed-phase ring-site C-H stretching,delta(C8-C7-H15),angle,0.0344949112765831,-,-0.02435386138570588,0.217103998270187
56,3109.9507222982684,,,mixed-phase ring-site C-H stretching,tau(C6-C7-C8-H18),dihedral,0.032398796520286134,-,-0.02667846077218107,0.1699244172304189
56,3109.9507222982684,,,mixed-phase ring-site C-H stretching,tau(C7-C8-C9-H19),dihedral,0.027036857725245906,+,0.016585826031688525,0.3668854199820777
56,3109.9507222982684,,,mixed-phase ring-site C-H stretching,tau(H17-C8-C9-H19),dihedral,0.02231170089745385,+,0.021141619663307763,0.18633936756269648
56,3109.9507222982684,,,mixed-phase ring-site C-H stretching,tau(H14-C6-C7-H16),dihedral,0.017745217974066203,-,-0.017963328922130373,0.20528449235177543
56,3109.9507222982684,,,mixed-phase ring-site C-H stretching,tau(C3-C6-C9-C8),dihedral,0.01656244607003731,+,0.01844686471651516,0.1816886511150176
56,3109.9507222982684,,,mixed-phase ring-site C-H stretching,tau(C7-C8-C9-C6),dihedral,0.011384794929451785,-,-0.006137330129764014,1.1282742892792177
56,3109.9507222982684,,,mixed-phase ring-site C-H stretching,delta(C6-C9-C8),angle,0.00864654552680133,+,0.004627264213620579,1.507448504872666
56,3109.9507222982684,,,mixed-phase ring-site C-H stretching,delta(C3-C6-C9),angle,0.0063446076759608085,+,0.008751106012847513,0.3092625491988139
56,3109.9507222982684,,,mixed-phase ring-site C-H stretching,tau(H14-C6-C9-H19),dihedral,0.0050472968793737905,-,-0.010042409058286949,0.18682349159156134
56,3109.9507222982684,,,mixed-phase ring-site C-H stretching,nu(C6-C7),bond,0.004547766441398392,-,-0.007679877246937103,0.2878313169969325
56,3109.9507222982684,,,mixed-phase ring-site C-H stretching,nu(C8-C9),bond,0.0033040044660851147,+,0.006317126968320561,0.3090650261509001
56,3109.9507222982684,,,mixed-phase ring-site C-H stretching,delta(O1-C2-H11),angle,0.0029202992151669796,-,-0.005464131638580838,0.3651182100925562
56,3109.9507222982684,,,mixed-phase ring-site C-H stretching,delta(O1-C2-H12),angle,0.0027930709779493135,+,0.004888696492773882,0.4362588699976363
56,3109.9507222982684,,,mixed-phase ring-site C-H stretching,delta(C2-C3-N4),angle,0.002179432375252909,-,-0.0036561357981091916,0.6086213889266646
56,3109.9507222982684,,,mixed-phase ring-site C-H stretching,delta(C2-C3-C6),angle,0.00203319716678474,+,0.004307178578450711,0.4091119718155291
56,3109.9507222982684,,,mixed-phase ring-site C-H stretching,delta(C3-C2-H12),angle,0.001649222284118864,+,0.003972052194814861,0.39020942049172896
56,3109.9507222982684,,,mixed-phase ring-site C-H stretching,tau(H16-C7-C8-H17),dihedral,0.0015291842248368738,+,0.005543853548456826,0.1857311553103021
56,3109.9507222982684,,,mixed-phase ring-site C-H stretching,delta(C2-O1-H10),angle,0.0013300614165744368,-,-0.004987372991091022,0.19960731200682177
56,3109.9507222982684,,,mixed-phase ring-site C-H stretching,delta(O1-C2-C3),angle,0.0010949744275440124,+,0.002919769598359653,0.4794631797439876
56,3109.9507222982684,,,mixed-phase ring-site C-H stretching,delta(H11-C2-H12),angle,0.0008264032799181313,-,-0.00305752279770322,0.32999022352814855
56,3109.9507222982684,,,mixed-phase ring-site C-H stretching,tau(C2-C3-C6-C9),dihedral,0.0007836500036962895,+,0.012286115652723058,0.019379447476020113
56,3109.9507222982684,,,mixed-phase ring-site C-H stretching,nu(O1-H10),bond,0.0007699778940264371,+,0.002373950028763606,0.5100157173560682
56,3109.9507222982684,,,mixed-phase ring-site C-H stretching,nu(C2-C3),bond,0.0007363336061541298,-,-0.003205605197364069,0.2674871996149321
56,3109.9507222982684,,,mixed-phase ring-site C-H stretching,nu(C7-C8),bond,0.0005488819705920471,-,-0.002642031513042855,0.2935292790201741
56,3109.9507222982684,,,mixed-phase ring-site C-H stretching,nu(O1-C2),bond,0.00038099801998377105,-,-0.002052485434965578,0.33760665575380766
56,3109.9507222982684,,,mixed-phase ring-site C-H stretching,tau(O1-C2-C3-C6),dihedral,0.0002898670541616262,-,-0.004432128858181136,0.05508362958384606
56,3109.9507222982684,,,mixed-phase ring-site C-H stretching,nu(C3-C6),bond,5.185962463144673e-05,-,-0.0008136772989243363,0.29239734091777053
56,3109.9507222982684,,,mixed-phase ring-site C-H stretching,nu(C6-C9),bond,4.799334509707971e-05,+,0.0007720520144359939,0.3005635759709016
56,3109.9507222982684,,,mixed-phase ring-site C-H stretching,tau(C6-C3-N4-O5),dihedral,4.43539662569311e-05,-,-0.0010329178279927214,0.15518486550550248
56,3109.9507222982684,,,mixed-phase ring-site C-H stretching,tau(C2-C3-N4-O5),dihedral,1.8049108364258975e-05,+,0.0008365301212410125,0.096281098080716
56,3109.9507222982684,,,mixed-phase ring-site C-H stretching,tau(H10-O1-C2-H11),dihedral,8.006014025247907e-06,-,-0.0010046965941713911,0.02960703626146141
56,3109.9507222982684,,,mixed-phase ring-site C-H stretching,nu(C3-N4),bond,6.629365254053466e-06,-,-0.00018991007664626917,0.6861583910804996
56,3109.9507222982684,,,mixed-phase ring-site C-H stretching,nu(O5-H13),bond,9.638062031504317e-07,-,-8.272649693921473e-05,0.5257132188054624
56,3109.9507222982684,,,mixed-phase ring-site C-H stretching,nu(N4-O5),bond,6.321470615211157e-07,+,9.509723976539215e-05,0.26093404664752
56,3109.9507222982684,,,mixed-phase ring-site C-H stretching,delta(C3-N4-O5),angle,3.4585004650152064e-07,-,-5.1390058554885734e-05,0.48885274981676025
56,3109.9507222982684,,,mixed-phase ring-site C-H stretching,tau(C3-N4-O5-H13),dihedral,3.982918711534825e-08,+,8.930584055158932e-05,0.018641899705102983
56,3109.9507222982684,,,mixed-phase ring-site C-H stretching,delta(N4-O5-H13),angle,3.3948909696361465e-08,+,2.4854841673110486e-05,0.20514091020311076
57,3125.824844379144,,,mixed-phase ring-site C-H stretching,nu(C9-H19),bond,48.963727583943516,+,0.7336976927941635,0.3406816157892765
57,3125.824844379144,,,mixed-phase ring-site C-H stretching,nu(C9-H20),bond,28.919254675538937,-,-0.5662550915923599,0.33780913365345233
57,3125.824844379144,,,mixed-phase ring-site C-H stretching,nu(C8-H17),bond,8.729104428347737,-,-0.3126636667554825,0.33444398356763794
57,3125.824844379144,,,mixed-phase ring-site C-H stretching,nu(C8-H18),bond,8.066383058429313,+,0.29934669757126003,0.33716185262197673
57,3125.824844379144,,,mixed-phase ring-site C-H stretching,nu(C7-H16),bond,2.2711676755654415,+,0.15950284175708526,0.3343650536129274
57,3125.824844379144,,,mixed-phase ring-site C-H stretching,nu(C7-H15),bond,1.731455410184452,-,-0.1388402786491907,0.3364254876547383
57,3125.824844379144,,,mixed-phase ring-site C-H stretching,nu(C6-H14),bond,0.8068898917440483,-,-0.09645227707674106,0.3248611945164227
57,3125.824844379144,,,mixed-phase ring-site C-H stretching,tau(C7-C8-C9-C6),dihedral,0.09195925877015464,-,-0.017472081676071227,1.1282742892792177
57,3125.824844379144,,,mixed-phase ring-site C-H stretching,tau(C7-C8-C9-H20),dihedral,0.08490372131549014,+,0.031142440721542312,0.32789135382743356
57,3125.824844379144,,,mixed-phase ring-site C-H stretching,nu(C2-H11),bond,0.05941243092586449,-,-0.025576470865799318,0.3401767416555715
57,3125.824844379144,,,mixed-phase ring-site C-H stretching,tau(C7-C8-C9-H19),dihedral,0.05658770679216313,+,0.024035329858355138,0.3668854199820777
57,3125.824844379144,,,mixed-phase ring-site C-H stretching,delta(C8-C9-H20),angle,0.05139795803644214,+,0.03099389937761269,0.20040195782920825
57,3125.824844379144,,,mixed-phase ring-site C-H stretching,tau(C9-C6-C7-H16),dihedral,0.0434798337987855,-,-0.02044764468914939,0.38950212149901003
57,3125.824844379144,,,mixed-phase ring-site C-H stretching,tau(H18-C8-C9-H20),dihedral,0.020722101309752328,+,0.02138966189848133,0.1696424301144722
57,3125.824844379144,,,mixed-phase ring-site C-H stretching,tau(H14-C6-C9-H19),dihedral,0.019804232682624063,-,-0.01992588107498937,0.18682349159156134
57,3125.824844379144,,,mixed-phase ring-site C-H stretching,tau(H14-C6-C9-C8),dihedral,0.01879073205324423,+,0.013618363437630444,0.3794917959790914
57,3125.824844379144,,,mixed-phase ring-site C-H stretching,delta(C3-C6-C9),angle,0.01720157428591473,+,0.01443360108137151,0.3092625491988139
57,3125.824844379144,,,mixed-phase ring-site C-H stretching,tau(C6-C7-C8-H17),dihedral,0.013691419754235245,+,0.01180394523771282,0.36804646047394296
57,3125.824844379144,,,mixed-phase ring-site C-H stretching,tau(C6-C7-C8-H18),dihedral,0.009180247405893266,+,0.014225042225776557,0.1699244172304189
57,3125.824844379144,,,mixed-phase ring-site C-H stretching,delta(C6-C9-C8),angle,0.005406220830161059,-,-0.0036650500869855477,1.507448504872666
57,3125.824844379144,,,mixed-phase ring-site C-H stretching,nu(C2-H12),bond,0.0039657378827481085,+,0.006821918918313699,0.3191680655609865
57,3125.824844379144,,,mixed-phase ring-site C-H stretching,tau(H17-C8-C9-H19),dihedral,0.0035620129762291694,+,0.008461545733607854,0.18633936756269648
57,3125.824844379144,,,mixed-phase ring-site C-H stretching,tau(C2-C3-C6-C9),dihedral,0.0026043325494064405,+,0.022435295293055397,0.019379447476020113
57,3125.824844379144,,,mixed-phase ring-site C-H stretching,delta(C6-C7-H15),angle,0.0025493898990103744,+,0.006633173280694251,0.21702117349718755
57,3125.824844379144,,,mixed-phase ring-site C-H stretching,tau(C3-C6-C9-C8),dihedral,0.0015487329371733716,+,0.0056503927116705235,0.1816886511150176
57,3125.824844379144,,,mixed-phase ring-site C-H stretching,tau(H14-C6-C7-H16),dihedral,0.0013334935827389234,+,0.004932551854455408,0.20528449235177543
57,3125.824844379144,,,mixed-phase ring-site C-H stretching,tau(H16-C7-C8-H17),dihedral,0.0008057056191890434,+,0.004030881975977307,0.1857311553103021
57,3125.824844379144,,,mixed-phase ring-site C-H stretching,nu(C6-C7),bond,0.0007594424775172684,+,0.003143639130048274,0.2878313169969325
57,3125.824844379144,,,mixed-phase ring-site C-H stretching,delta(C2-C3-C6),angle,0.00042110521787333083,-,-0.001963489048127123,0.4091119718155291
57,3125.824844379144,,,mixed-phase ring-site C-H stretching,nu(C6-C9),bond,0.00039965426057909654,+,0.00223166146876558,0.3005635759709016
57,3125.824844379144,,,mixed-phase ring-site C-H stretching,nu(C8-C9),bond,0.0003391287271486872,-,-0.0020272701439439525,0.3090650261509001
57,3125.824844379144,,,mixed-phase ring-site C-H stretching,tau(C6-C3-N4-O5),dihedral,0.00027063996461300377,+,0.0025557922446186954,0.15518486550550248
57,3125.824844379144,,,mixed-phase ring-site C-H stretching,nu(C3-C6),bond,0.00022150695712568869,+,0.0016844620935265184,0.29239734091777053
57,3125.824844379144,,,mixed-phase ring-site C-H stretching,delta(O1-C2-H11),angle,0.00012016737772246255,+,0.0011102756399752817,0.3651182100925562
57,3125.824844379144,,,mixed-phase ring-site C-H stretching,delta(O1-C2-H12),angle,9.920239864218445e-05,-,-0.0009228757143569179,0.4362588699976363
57,3125.824844379144,,,mixed-phase ring-site C-H stretching,delta(C2-C3-N4),angle,6.823422744920983e-05,+,0.0006480101375151224,0.6086213889266646
57,3125.824844379144,,,mixed-phase ring-site C-H stretching,nu(C7-C8),bond,6.780704879866376e-05,-,-0.0009301778069878907,0.2935292790201741
57,3125.824844379144,,,mixed-phase ring-site C-H stretching,delta(C3-C2-H12),angle,6.119355169669028e-05,-,-0.0007664048092863877,0.39020942049172896
57,3125.824844379144,,,mixed-phase ring-site C-H stretching,delta(C2-O1-H10),angle,5.975861477840532e-05,+,0.0010589276874859146,0.19960731200682177
57,3125.824844379144,,,mixed-phase ring-site C-H stretching,nu(C3-N4),bond,5.741460589249766e-05,+,0.000559826265783434,0.6861583910804996
57,3125.824844379144,,,mixed-phase ring-site C-H stretching,delta(H11-C2-H12),angle,3.7561345263096306e-05,+,0.0006529415388304379,0.32999022352814855
57,3125.824844379144,,,mixed-phase ring-site C-H stretching,delta(C8-C7-H15),angle,3.742385850254375e-05,+,0.0008035161986465377,0.217103998270187
57,3125.824844379144,,,mixed-phase ring-site C-H stretching,tau(O1-C2-C3-C6),dihedral,3.4488381198641364e-05,-,-0.0015313673964784502,0.05508362958384606
57,3125.824844379144,,,mixed-phase ring-site C-H stretching,delta(O1-C2-C3),angle,2.4053144198998314e-05,-,-0.00043347351041854876,0.4794631797439876
57,3125.824844379144,,,mixed-phase ring-site C-H stretching,nu(C2-C3),bond,9.787381152949542e-06,+,0.0003701996593486672,0.2674871996149321
57,3125.824844379144,,,mixed-phase ring-site C-H stretching,nu(O1-H10),bond,8.397491465670421e-06,-,-0.0002483346219248868,0.5100157173560682
57,3125.824844379144,,,mixed-phase ring-site C-H stretching,nu(O1-C2),bond,6.1160703844876105e-06,+,0.00026048636984053443,0.33760665575380766
57,3125.824844379144,,,mixed-phase ring-site C-H stretching,nu(O5-H13),bond,3.593984079909893e-06,-,-0.00016001765139663076,0.5257132188054624
57,3125.824844379144,,,mixed-phase ring-site C-H stretching,delta(C3-N4-O5),angle,1.624782461329362e-06,-,-0.00011157395965296943,0.48885274981676025
57,3125.824844379144,,,mixed-phase ring-site C-H stretching,delta(N4-O5-H13),angle,1.2913252864280151e-06,+,0.00015354863309572297,0.20514091020311076
57,3125.824844379144,,,mixed-phase ring-site C-H stretching,nu(N4-O5),bond,5.374825950045082e-07,+,8.78357055075366e-05,0.26093404664752
57,3125.824844379144,,,mixed-phase ring-site C-H stretching,tau(C3-N4-O5-H13),dihedral,1.6189084632097845e-07,-,-0.00018035173690791436,0.018641899705102983
57,3125.824844379144,,,mixed-phase ring-site C-H stretching,tau(C2-C3-N4-O5),dihedral,9.992004230633729e-08,-,-6.234620932105447e-05,0.096281098080716
57,3125.824844379144,,,mixed-phase ring-site C-H stretching,tau(H10-O1-C2-H11),dihedral,4.035201262657062e-08,+,7.144788850635419e-05,0.02960703626146141
58,3767.1651874578315,,,O-H stretching,nu(O1-H10),bond,99.88531582867176,+,1.026168172265469,0.5100157173560682
58,3767.1651874578315,,,O-H stretching,delta(O1-C2-H11),angle,0.02840540939585896,-,-0.020452352841948948,0.3651182100925562
58,3767.1651874578315,,,O-H stretching,nu(O5-H13),bond,0.024564996212572635,+,0.0158505157861793,0.5257132188054624
58,3767.1651874578315,,,O-H stretching,nu(C2-H11),bond,0.02221711733392447,-,-0.018739199842687154,0.3401767416555715
58,3767.1651874578315,,,O-H stretching,nu(O1-C2),bond,0.022076222329509995,-,-0.01875065212309633,0.33760665575380766
58,3767.1651874578315,,,O-H stretching,delta(O1-C2-C3),angle,0.008810367069083261,+,0.009939827962494763,0.4794631797439876
58,3767.1651874578315,,,O-H stretching,tau(O1-C2-C3-C6),dihedral,0.0035221918532486575,-,-0.01854192100194713,0.05508362958384606
58,3767.1651874578315,,,O-H stretching,delta(O1-C2-H12),angle,0.0034686106064190335,+,0.006538304397135684,0.4362588699976363
58,3767.1651874578315,,,O-H stretching,delta(C2-O1-H10),angle,0.0006787811407847591,-,-0.004275984846366049,0.19960731200682177
58,3767.1651874578315,,,O-H stretching,nu(C2-H12),bond,0.00028464909876893,-,-0.0021898011915725485,0.3191680655609865
58,3767.1651874578315,,,O-H stretching,delta(H11-C2-H12),angle,0.0002726293373375388,+,0.0021076342826381166,0.32999022352814855
58,3767.1651874578315,,,O-H stretching,nu(N4-O5),bond,0.00011993522753025414,-,-0.0015720541588159726,0.26093404664752
58,3767.1651874578315,,,O-H stretching,nu(C2-C3),bond,8.878696522207939e-05,+,0.0013359266108094073,0.2674871996149321
58,3767.1651874578315,,,O-H stretching,delta(C2-C3-C6),angle,6.961694093650657e-05,-,-0.0009565239984772019,0.4091119718155291
58,3767.1651874578315,,,O-H stretching,delta(C2-C3-N4),angle,1.7391476065482523e-05,+,0.00039197115911485814,0.6086213889266646
58,3767.1651874578315,,,O-H stretching,delta(C3-C2-H12),angle,1.641883454218998e-05,+,0.0004756437397386427,0.39020942049172896
58,3767.1651874578315,,,O-H stretching,nu(C6-H14),bond,1.5562335375700953e-05,+,0.0005075139259868346,0.3248611945164227
58,3767.1651874578315,,,O-H stretching,delta(N4-O5-H13),angle,1.4351984192516229e-05,-,-0.000613323113260004,0.20514091020311076
58,3767.1651874578315,,,O-H stretching,tau(H10-O1-C2-H11),dihedral,1.3140114958575685e-05,+,0.0015447621205323077,0.02960703626146141
58,3767.1651874578315,,,O-H stretching,nu(C7-H15),bond,6.770693463751293e-06,+,0.00032895131556491135,0.3364254876547383
58,3767.1651874578315,,,O-H stretching,nu(C9-H19),bond,4.067890710970104e-06,-,-0.0002533785146977676,0.3406816157892765
58,3767.1651874578315,,,O-H stretching,nu(C7-H16),bond,2.7463711532980132e-06,+,0.00021014964999112245,0.3343650536129274
58,3767.1651874578315,,,O-H stretching,tau(H14-C6-C7-H16),dihedral,2.4604808742805854e-06,+,0.00025385833199807485,0.20528449235177543
58,3767.1651874578315,,,O-H stretching,delta(C3-C6-C9),angle,2.3143629710713535e-06,-,-0.00020059105719437515,0.3092625491988139
58,3767.1651874578315,,,O-H stretching,tau(C2-C3-N4-O5),dihedral,1.768085387307854e-06,+,0.000314224900187742,0.096281098080716
58,3767.1651874578315,,,O-H stretching,tau(H14-C6-C9-C8),dihedral,1.3092627516460873e-06,-,-0.00013619830642793576,0.3794917959790914
58,3767.1651874578315,,,O-H stretching,tau(C3-C6-C9-C8),dihedral,1.0957885667771667e-06,-,-0.00018007730354069917,0.1816886511150176
58,3767.1651874578315,,,O-H stretching,nu(C8-H18),bond,9.263952484523218e-07,-,-0.00012154537575296683,0.33716185262197673
58,3767.1651874578315,,,O-H stretching,nu(C6-C9),bond,8.938522725892556e-07,+,0.00012645156150564195,0.3005635759709016
58,3767.1651874578315,,,O-H stretching,nu(C3-C6),bond,8.562302645415979e-07,-,-0.0001254781406728068,0.29239734091777053
58,3767.1651874578315,,,O-H stretching,nu(C6-C7),bond,6.349475066823875e-07,-,-0.00010890790041091077,0.2878313169969325
58,3767.1651874578315,,,O-H stretching,nu(C9-H20),bond,5.229965206993085e-07,-,-9.12374634817372e-05,0.33780913365345233
58,3767.1651874578315,,,O-H stretching,tau(H14-C6-C9-H19),dihedral,4.055507391238117e-07,-,-0.00010803546692853232,0.18682349159156134
58,3767.1651874578315,,,O-H stretching,delta(C6-C9-C8),angle,3.896069096356208e-07,-,-3.7277912055760434e-05,1.507448504872666
58,3767.1651874578315,,,O-H stretching,tau(C7-C8-C9-H20),dihedral,1.8004365931195612e-07,-,-5.433547025073219e-05,0.32789135382743356
58,3767.1651874578315,,,O-H stretching,nu(C8-H17),bond,1.1034316702186627e-07,-,-4.211827010730037e-05,0.33444398356763794
58,3767.1651874578315,,,O-H stretching,tau(C6-C3-N4-O5),dihedral,8.875711360472786e-08,-,-5.545444971270845e-05,0.15518486550550248
58,3767.1651874578315,,,O-H stretching,delta(C8-C7-H15),angle,7.20085921691471e-08,-,-4.222967568512805e-05,0.217103998270187
58,3767.1651874578315,,,O-H stretching,tau(H18-C8-C9-H20),dihedral,7.190859418948516e-08,-,-4.774002625997808e-05,0.1696424301144722
58,3767.1651874578315,,,O-H stretching,nu(C8-C9),bond,7.030445793319851e-08,+,3.497244512677593e-05,0.3090650261509001
58,3767.1651874578315,,,O-H stretching,nu(C7-C8),bond,6.201326551553567e-08,-,-3.3703583834273474e-05,0.2935292790201741
58,3767.1651874578315,,,O-H stretching,tau(C9-C6-C7-H16),dihedral,5.612401780660724e-08,+,2.7834213877623875e-05,0.38950212149901003
58,3767.1651874578315,,,O-H stretching,tau(C6-C7-C8-H17),dihedral,2.4739805986935846e-08,-,-1.9011059405499432e-05,0.36804646047394296
58,3767.1651874578315,,,O-H stretching,nu(C3-N4),bond,2.447114402057869e-08,+,1.3847597894205872e-05,0.6861583910804996
58,3767.1651874578315,,,O-H stretching,tau(C3-N4-O5-H13),dihedral,2.402567384717679e-08,+,8.324385842254033e-05,0.018641899705102983
58,3767.1651874578315,,,O-H stretching,delta(C3-N4-O5),angle,2.159785544249271e-08,-,-1.5412595503372224e-05,0.48885274981676025
58,3767.1651874578315,,,O-H stretching,tau(C7-C8-C9-C6),dihedral,1.0630435507403157e-08,+,7.117503339210228e-06,1.1282742892792177
58,3767.1651874578315,,,O-H stretching,tau(C2-C3-C6-C9),dihedral,5.898621669881844e-09,+,4.045424240660175e-05,0.019379447476020113
58,3767.1651874578315,,,O-H stretching,tau(H16-C7-C8-H17),dihedral,2.2599528831264497e-09,-,-8.088478011435426e-06,0.1857311553103021
58,3767.1651874578315,,,O-H stretching,delta(C8-C9-H20),angle,1.5038943524101175e-09,+,6.35209787309619e-06,0.20040195782920825
58,3767.1651874578315,,,O-H stretching,tau(C7-C8-C9-H19),dihedral,1.295543222053255e-09,+,4.357327705508038e-06,0.3668854199820777
58,3767.1651874578315,,,O-H stretching,tau(H17-C8-C9-H19),dihedral,1.1683793087457935e-09,+,5.8062952639024146e-06,0.18633936756269648
58,3767.1651874578315,,,O-H stretching,tau(C6-C7-C8-H18),dihedral,7.427586386081249e-10,+,4.847920151456488e-06,0.1699244172304189
58,3767.1651874578315,,,O-H stretching,delta(C6-C7-H15),angle,7.196761751370878e-10,+,4.222571439897563e-06,0.21702117349718755
59,3827.1444733323965,,,O-H stretching,nu(O5-H13),bond,99.90707484116842,+,1.0267880224456971,0.5257132188054624
59,3827.1444733323965,,,O-H stretching,delta(C3-N4-O5),angle,0.04249518469795906,-,-0.021960283892863072,0.48885274981676025
59,3827.1444733323965,,,O-H stretching,nu(O1-H10),bond,0.023081472031609734,-,-0.01584517689895095,0.5100157173560682
59,3827.1444733323965,,,O-H stretching,delta(N4-O5-H13),angle,0.017679135445185904,-,-0.02186560474571918,0.20514091020311076
59,3827.1444733323965,,,O-H stretching,nu(N4-O5),bond,0.009488983712767159,-,-0.014203703460021585,0.26093404664752
59,3827.1444733323965,,,O-H stretching,nu(C2-H12),bond,3.444511025206341e-05,-,-0.000773768765519244,0.3191680655609865
59,3827.1444733323965,,,O-H stretching,nu(C6-H14),bond,2.182672452992398e-05,-,-0.0006105236416833727,0.3248611945164227
59,3827.1444733323965,,,O-H stretching,delta(C3-C2-H12),angle,1.755642444336173e-05,-,-0.0004996044312768146,0.39020942049172896
59,3827.1444733323965,,,O-H stretching,nu(C3-N4),bond,1.554405258656763e-05,-,-0.00035450883240875907,0.6861583910804996
59,3827.1444733323965,,,O-H stretching,nu(C8-H18),bond,1.1995270483080211e-05,-,-0.000444265846678273,0.33716185262197673
59,3827.1444733323965,,,O-H stretching,nu(C9-H20),bond,1.1885421447840033e-05,-,-0.00044180306042879315,0.33780913365345233
59,3827.1444733323965,,,O-H stretching,nu(C7-H15),bond,1.1493651456545052e-05,-,-0.00043535314590569343,0.3364254876547383
59,3827.1444733323965,,,O-H stretching,delta(O1-C2-H11),angle,9.937284019365555e-06,+,0.0003885744359760277,0.3651182100925562
59,3827.1444733323965,,,O-H stretching,nu(C3-C6),bond,9.463322191533856e-06,+,0.0004237329383648219,0.29239734091777053
59,3827.1444733323965,,,O-H stretching,nu(C2-H11),bond,6.4048279275334514e-06,+,0.00032319046956817325,0.3401767416555715
59,3827.1444733323965,,,O-H stretching,delta(O1-C2-C3),angle,6.023206022166856e-06,-,-0.0002639935702052462,0.4794631797439876
59,3827.1444733323965,,,O-H stretching,delta(O1-C2-H12),angle,3.2308976692501506e-06,+,0.0002026966575524214,0.4362588699976363
59,3827.1444733323965,,,O-H stretching,nu(C7-H16),bond,2.9816855926690633e-06,-,-0.00022242192952593272,0.3343650536129274
59,3827.1444733323965,,,O-H stretching,delta(H11-C2-H12),angle,2.8474841732670834e-06,+,0.0002187949246684848,0.32999022352814855
59,3827.1444733323965,,,O-H stretching,tau(H14-C6-C7-H16),dihedral,2.727839616595951e-06,-,-0.0002715116478112534,0.20528449235177543
59,3827.1444733323965,,,O-H stretching,delta(C2-C3-C6),angle,1.7120249219524972e-06,-,-0.00015236705302835676,0.4091119718155291
59,3827.1444733323965,,,O-H stretching,nu(C8-H17),bond,1.3362235758817821e-06,-,-0.00014887953099635478,0.33444398356763794
59,3827.1444733323965,,,O-H stretching,tau(H14-C6-C9-C8),dihedral,1.2359341791457599e-06,+,0.00013441681368279434,0.3794917959790914
59,3827.1444733323965,,,O-H stretching,nu(C6-C7),bond,1.159049920270687e-06,+,0.00014946488389992323,0.2878313169969325
59,3827.1444733323965,,,O-H stretching,tau(C3-N4-O5-H13),dihedral,1.0510755130935175e-06,+,0.0005592796231594959,0.018641899705102983
59,3827.1444733323965,,,O-H stretching,delta(C2-O1-H10),angle,9.821114379259444e-07,-,-0.00016521492675043847,0.19960731200682177
59,3827.1444733323965,,,O-H stretching,tau(O1-C2-C3-C6),dihedral,7.539707427868272e-07,+,0.00027556438889987726,0.05508362958384606
59,3827.1444733323965,,,O-H stretching,tau(H14-C6-C9-H19),dihedral,4.966970137945094e-07,+,0.00012144710117640519,0.18682349159156134
59,3827.1444733323965,,,O-H stretching,tau(H10-O1-C2-H11),dihedral,4.4452539550015336e-07,+,0.0002886077184285992,0.02960703626146141
59,3827.1444733323965,,,O-H stretching,nu(C9-H19),bond,4.1826565077911594e-07,-,-8.252943499431758e-05,0.3406816157892765
59,3827.1444733323965,,,O-H stretching,tau(H18-C8-C9-H20),dihedral,3.6772204569176383e-07,-,-0.00010966037130198721,0.1696424301144722
59,3827.1444733323965,,,O-H stretching,nu(C2-C3),bond,3.070376384209076e-07,+,7.97997309900767e-05,0.2674871996149321
59,3827.1444733323965,,,O-H stretching,delta(C2-C3-N4),angle,2.831739463014781e-07,+,5.08054335757611e-05,0.6086213889266646
59,3827.1444733323965,,,O-H stretching,nu(C7-C8),bond,2.580153737370496e-07,+,6.98319547224887e-05,0.2935292790201741
59,3827.1444733323965,,,O-H stretching,tau(C7-C8-C9-H19),dihedral,2.5200035677643545e-07,-,-6.172945917327956e-05,0.3668854199820777
59,3827.1444733323965,,,O-H stretching,delta(C6-C7-H15),angle,2.211048987554924e-07,-,-7.518050688120271e-05,0.21702117349718755
59,3827.1444733323965,,,O-H stretching,tau(C9-C6-C7-H16),dihedral,1.357268941479787e-07,+,4.3967843244283543e-05,0.38950212149901003
59,3827.1444733323965,,,O-H stretching,delta(C6-C9-C8),angle,1.1073291898416956e-07,+,2.018711477806164e-05,1.507448504872666
59,3827.1444733323965,,,O-H stretching,tau(C7-C8-C9-H20),dihedral,1.0396070966434418e-07,-,-4.19398387248881e-05,0.32789135382743356
59,3827.1444733323965,,,O-H stretching,delta(C8-C7-H15),angle,1.0278991862383181e-07,+,5.125054300090114e-05,0.217103998270187
59,3827.1444733323965,,,O-H stretching,tau(C3-C6-C9-C8),dihedral,7.576553468237482e-08,+,4.8098226892544947e-05,0.1816886511150176
59,3827.1444733323965,,,O-H stretching,tau(C7-C8-C9-C6),dihedral,3.634134437482536e-08,+,1.3367502362655843e-05,1.1282742892792177
59,3827.1444733323965,,,O-H stretching,delta(C8-C9-H20),angle,3.5464457822640174e-08,+,3.133305948399767e-05,0.20040195782920825
59,3827.1444733323965,,,O-H stretching,tau(H17-C8-C9-H19),dihedral,3.336927427168373e-08,-,-3.151941823899302e-05,0.18633936756269648
59,3827.1444733323965,,,O-H stretching,nu(C6-C9),bond,2.0351894748663956e-08,-,-1.9381677828991354e-05,0.3005635759709016
59,3827.1444733323965,,,O-H stretching,tau(C2-C3-N4-O5),dihedral,2.0120219885506396e-08,-,-3.40488904996318e-05,0.096281098080716
59,3827.1444733323965,,,O-H stretching,delta(C3-C6-C9),angle,1.5693899218089466e-08,-,-1.6778722245776418e-05,0.3092625491988139
59,3827.1444733323965,,,O-H stretching,tau(H16-C7-C8-H17),dihedral,1.5574536950858212e-08,+,2.1568617686426666e-05,0.1857311553103021
59,3827.1444733323965,,,O-H stretching,tau(C6-C3-N4-O5),dihedral,1.3485041315137564e-08,+,2.195627084390881e-05,0.15518486550550248
59,3827.1444733323965,,,O-H stretching,tau(C6-C7-C8-H18),dihedral,1.1271503819990655e-08,+,1.9183160371916636e-05,0.1699244172304189
59,3827.1444733323965,,,O-H stretching,nu(C8-C9),bond,9.581251457921766e-09,+,1.3114245470361651e-05,0.3090650261509001
59,3827.1444733323965,,,O-H stretching,tau(C6-C7-C8-H17),dihedral,5.69636312216511e-10,-,-2.9302497070085727e-06,0.36804646047394296
59,3827.1444733323965,,,O-H stretching,nu(O1-C2),bond,9.952401786627419e-12,-,-4.044041196787823e-07,0.33760665575380766
59,3827.1444733323965,,,O-H stretching,tau(C2-C3-C6-C9),dihedral,6.281855860078416e-14,-,-1.341005036540473e-07,0.019379447476020113
