mode,harmonic_frequency_cm-1,vpt2_fundamental_cm-1,harmonic_intensity_km_mol,assignment,internal_coordinate,type,percent,phase,D_value,F_diagonal
6,30.0235477427067,,,C-C torsion,tau(O3-C2-C4-H16),dihedral,34.009744879354315,-,-0.01583017486611595,0.8085964138894428
6,30.0235477427067,,,C-C torsion,tau(C1-C2-C4-C5),dihedral,33.67800459921517,-,-0.016075936360261153,0.7764145342752474
6,30.0235477427067,,,C-C torsion,tau(C2-C4-C5-O6),dihedral,13.583989176891617,-,-0.018406303099337877,0.23888784324546183
6,30.0235477427067,,,C-C torsion,tau(H16-C4-C5-H18),dihedral,9.778656676718958,-,-0.01586656183457997,0.23142666807728227
6,30.0235477427067,,,C-C torsion,tau(C4-C5-O6-C7),dihedral,4.816675345644254,-,-0.07054312985652893,0.005766838473303552
6,30.0235477427067,,,C-C torsion,tau(H12-C1-C2-C4),dihedral,1.6757870467896612,-,-0.0032207888124454963,0.9624854932709154
6,30.0235477427067,,,C-C torsion,tau(H11-C1-C2-O3),dihedral,0.9126497734656066,-,-0.0025937666159504954,0.8082434974166677
6,30.0235477427067,,,C-C torsion,tau(C5-O6-C7-N8),dihedral,0.467151561419125,-,-0.010062137430390595,0.027490154249470444
6,30.0235477427067,,,C-C torsion,tau(H10-C1-C2-C4),dihedral,0.2743767176609959,-,-0.0030493662676894175,0.17580366884501275
6,30.0235477427067,,,C-C torsion,delta(C5-C4-H15),angle,0.2733858964668761,+,0.0009645361906983293,1.7508095722988488
6,30.0235477427067,,,C-C torsion,delta(C2-C4-H15),angle,0.10334483980511032,-,-0.0007767131048994711,1.0206277969587885
6,30.0235477427067,,,C-C torsion,delta(C4-C5-H18),angle,0.0788146110492776,-,-0.0010978098678092994,0.38962995436760806
6,30.0235477427067,,,C-C torsion,tau(O6-C7-N8-H19),dihedral,0.06796041198671246,-,-0.0018300608730250408,0.12089958013102238
6,30.0235477427067,,,C-C torsion,delta(C2-C4-C5),angle,0.04790463363160594,-,-0.0005993174778905992,0.7946273302237717
6,30.0235477427067,,,C-C torsion,delta(C4-C5-O6),angle,0.04673207058255957,+,0.0007394479610655424,0.5092132008186406
6,30.0235477427067,,,C-C torsion,delta(O6-C5-H17),angle,0.03263052743043751,+,0.0008592626023844818,0.2633128987200418
6,30.0235477427067,,,C-C torsion,nu(C5-H17),bond,0.029874072910228533,-,-0.0007301494254381702,0.3338649301903668
6,30.0235477427067,,,C-C torsion,nu(C5-H18),bond,0.028503503197109033,+,0.0007062689631359783,0.34045354277733064
6,30.0235477427067,,,C-C torsion,tau(O9-C7-N8-H19),dihedral,0.018476614065053652,-,-0.0008956284996967242,0.1372354906200594
6,30.0235477427067,,,C-C torsion,tau(O6-C7-N8-H20),dihedral,0.017583364933342758,-,-0.0020567685037257773,0.024764583303918165
6,30.0235477427067,,,C-C torsion,delta(C5-O6-C7),angle,0.014731253943988748,+,0.0005514605518718954,0.28860953510819726
6,30.0235477427067,,,C-C torsion,"gamma(H18;C5,O6,H17)",oop,0.014414559688105212,+,0.0005278516402772464,0.3082318346285468
6,30.0235477427067,,,C-C torsion,delta(C1-C2-C4),angle,0.0061676855896731185,+,0.0002985486026455542,0.4122797483308755
6,30.0235477427067,,,C-C torsion,"gamma(C2;C4,H15,H16)",oop,0.005680015800661473,+,0.0002158015470690585,0.7266751309793713
6,30.0235477427067,,,C-C torsion,delta(C2-O3-H14),angle,0.004680903256752243,-,-0.0003978941026255818,0.1761548163912733
6,30.0235477427067,,,C-C torsion,delta(C2-C1-H12),angle,0.0026429529056407846,+,0.00020753792454475818,0.36559003310172816
6,30.0235477427067,,,C-C torsion,delta(N8-C7-O9),angle,0.0021245127552410054,-,-0.00014854199432525023,0.5736681033914728
6,30.0235477427067,,,C-C torsion,nu(C2-O3),bond,0.0016490655371546787,+,0.00017724848298833823,0.3127322887485309
6,30.0235477427067,,,C-C torsion,delta(O3-C2-H13),angle,0.001176701274393229,+,0.00015859988652911037,0.2787149988564878
6,30.0235477427067,,,C-C torsion,nu(C7-O9),bond,0.000831385821037074,+,7.79761147410946e-05,0.8146654356474178
6,30.0235477427067,,,C-C torsion,nu(C2-C4),bond,0.0007353309359381022,+,0.00012833276042033005,0.26601591914570893
6,30.0235477427067,,,C-C torsion,delta(C2-C1-H10),angle,0.0006453011827122767,-,-7.098721286296988e-05,0.7629605318840937
6,30.0235477427067,,,C-C torsion,nu(O6-C7),bond,0.0004903841095989576,-,-8.772646292811524e-05,0.3796426635236279
6,30.0235477427067,,,C-C torsion,tau(H13-C2-O3-H14),dihedral,0.00046319202918773634,-,-0.0005277494519834681,0.009908441658344393
6,30.0235477427067,,,C-C torsion,nu(C5-O6),bond,0.00025517007700853896,+,7.119772562388439e-05,0.29991443217879
6,30.0235477427067,,,C-C torsion,delta(O6-C7-N8),angle,0.00018660930811865205,-,-4.169107842477749e-05,0.6396566299177271
6,30.0235477427067,,,C-C torsion,nu(C4-H16),bond,0.00014127960073024497,-,-5.043423159756706e-05,0.33092418150229375
6,30.0235477427067,,,C-C torsion,delta(H19-N8-H20),angle,0.00011126818608460133,+,5.226996237486844e-05,0.24264228911972324
6,30.0235477427067,,,C-C torsion,nu(C7-N8),bond,9.882026732625558e-05,-,-3.615345440947867e-05,0.45044968349124215
6,30.0235477427067,,,C-C torsion,nu(C4-H15),bond,8.830025549920264e-05,-,-4.020497515397624e-05,0.3254634512378247
6,30.0235477427067,,,C-C torsion,delta(H15-C4-H16),angle,8.37974726768975e-05,+,2.1547835247019435e-05,1.075284756701329
6,30.0235477427067,,,C-C torsion,nu(C1-C2),bond,8.2541034898637e-05,-,-4.2441767115765715e-05,0.273012703189435
6,30.0235477427067,,,C-C torsion,"gamma(C1;C2,O3,H13)",oop,5.963789761275997e-05,+,2.9273646135989882e-05,0.41463747292882314
6,30.0235477427067,,,C-C torsion,delta(H11-C1-H12),angle,4.892353531101839e-05,+,1.8788207992431377e-05,0.8257469440591959
6,30.0235477427067,,,C-C torsion,"gamma(H10;C1,H11,H12)",oop,4.0631785515750384e-05,-,-1.9013662068234762e-05,0.6696289587334144
6,30.0235477427067,,,C-C torsion,nu(C1-H11),bond,4.015488606848195e-05,-,-2.668935224259773e-05,0.33586302282669245
6,30.0235477427067,,,C-C torsion,nu(C4-C5),bond,1.8600326350355395e-05,-,-1.9603718756340546e-05,0.28836563189512043
6,30.0235477427067,,,C-C torsion,nu(C1-H12),bond,1.625160730611227e-05,+,1.7141247377148223e-05,0.3295424270765694
6,30.0235477427067,,,C-C torsion,nu(N8-H20),bond,1.3367326966754122e-05,-,-1.2828164167693672e-05,0.48396662608765273
6,30.0235477427067,,,C-C torsion,nu(N8-H19),bond,1.209128333654178e-05,-,-1.2247962435794407e-05,0.48022478197858476
6,30.0235477427067,,,C-C torsion,nu(O3-H14),bond,8.346701385764033e-06,-,-9.830937773971548e-06,0.5145467545258035
6,30.0235477427067,,,C-C torsion,nu(C2-H13),bond,6.780166017318951e-06,-,-1.108036101189142e-05,0.3290276293599761
6,30.0235477427067,,,C-C torsion,nu(C1-H10),bond,4.4567113384138e-06,+,8.844076357928842e-06,0.3394762530008387
6,30.0235477427067,,,C-C torsion,delta(C7-N8-H20),angle,3.403522344257147e-06,-,-8.941451691948489e-06,0.25363687773146887
7,50.7278738455418,,,C-C torsion,tau(C2-C4-C5-O6),dihedral,46.02987742194092,+,0.06168113539113505,0.23888784324546183
7,50.7278738455418,,,C-C torsion,tau(H16-C4-C5-H18),dihedral,33.55336169147489,+,0.05350455948598608,0.23142666807728227
7,50.7278738455418,,,C-C torsion,tau(O3-C2-C4-H16),dihedral,12.247548680282607,+,0.01729370938950826,0.8085964138894428
7,50.7278738455418,,,C-C torsion,tau(C1-C2-C4-C5),dihedral,2.8724168591679957,+,0.008546855867079919,0.7764145342752474
7,50.7278738455418,,,C-C torsion,tau(H12-C1-C2-C4),dihedral,1.2597342599087884,+,0.005083605595169226,0.9624854932709154
7,50.7278738455418,,,C-C torsion,tau(C5-O6-C7-N8),dihedral,0.9510385226280994,+,0.026136049317589092,0.027490154249470444
7,50.7278738455418,,,C-C torsion,delta(C5-C4-H15),angle,0.8224797925752693,+,0.003045598409812989,1.7508095722988488
7,50.7278738455418,,,C-C torsion,tau(C4-C5-O6-C7),dihedral,0.6182637037248339,-,-0.046009493991327505,0.005766838473303552
7,50.7278738455418,,,C-C torsion,delta(C2-C4-H15),angle,0.42551322184215856,+,0.002869143754273755,1.0206277969587885
7,50.7278738455418,,,C-C torsion,tau(H10-C1-C2-C4),dihedral,0.23966822177097355,+,0.005188248087907851,0.17580366884501275
7,50.7278738455418,,,C-C torsion,delta(C4-C5-H18),angle,0.2339549066798882,+,0.003443256572288842,0.38962995436760806
7,50.7278738455418,,,C-C torsion,tau(H11-C1-C2-O3),dihedral,0.20836801127640228,+,0.002256180745922028,0.8082434974166677
7,50.7278738455418,,,C-C torsion,tau(O6-C7-N8-H19),dihedral,0.13795122299896398,-,-0.0047465696299624285,0.12089958013102238
7,50.7278738455418,,,C-C torsion,tau(O6-C7-N8-H20),dihedral,0.1365263522422338,+,0.010433312266534961,0.024764583303918165
7,50.7278738455418,,,C-C torsion,delta(C2-C4-C5),angle,0.08025001195847983,+,0.0014121156911107804,0.7946273302237717
7,50.7278738455418,,,C-C torsion,tau(O9-C7-N8-H19),dihedral,0.05133797413556879,-,-0.0027177882626993857,0.1372354906200594
7,50.7278738455418,,,C-C torsion,delta(H19-N8-H20),angle,0.033682963819778346,-,-0.0016555845964737082,0.24264228911972324
7,50.7278738455418,,,C-C torsion,delta(C4-C5-O6),angle,0.02712100855680638,-,-0.0010254926828727577,0.5092132008186406
7,50.7278738455418,,,C-C torsion,delta(C7-N8-H20),angle,0.02338515831974348,-,-0.001349253126159589,0.25363687773146887
7,50.7278738455418,,,C-C torsion,tau(H13-C2-O3-H14),dihedral,0.008516227157298039,-,-0.004119556040631525,0.009908441658344393
7,50.7278738455418,,,C-C torsion,delta(C5-O6-C7),angle,0.00839941003574533,+,0.0007580511810588754,0.28860953510819726
7,50.7278738455418,,,C-C torsion,"gamma(H18;C5,O6,H17)",oop,0.006857898822460843,+,0.0006628057479864085,0.3082318346285468
7,50.7278738455418,,,C-C torsion,nu(C7-N8),bond,0.005830479872406807,+,0.0005055434432765785,0.45044968349124215
7,50.7278738455418,,,C-C torsion,nu(C2-C4),bond,0.004038679043059778,-,-0.0005475141302578063,0.26601591914570893
7,50.7278738455418,,,C-C torsion,delta(O6-C5-H17),angle,0.003905627406124738,-,-0.0005411763543307219,0.2633128987200418
7,50.7278738455418,,,C-C torsion,"gamma(C2;C4,H15,H16)",oop,0.0017888414314718036,-,-0.00022046784075398503,0.7266751309793713
7,50.7278738455418,,,C-C torsion,delta(O3-C2-H13),angle,0.001209827282621711,-,-0.0002927594965411519,0.2787149988564878
7,50.7278738455418,,,C-C torsion,nu(C5-O6),bond,0.0009094764409335173,+,0.00024469580233687756,0.29991443217879
7,50.7278738455418,,,C-C torsion,delta(C2-O3-H14),angle,0.0007716037848687329,+,0.00029408941166429557,0.1761548163912733
7,50.7278738455418,,,C-C torsion,nu(N8-H19),bond,0.0006573560834857192,+,0.00016440216564656324,0.48022478197858476
7,50.7278738455418,,,C-C torsion,delta(C2-C1-H12),angle,0.0006150897998812287,+,0.00018226427980448445,0.36559003310172816
7,50.7278738455418,,,C-C torsion,nu(N8-H20),bond,0.0005922809585896624,+,0.0001554481841275004,0.48396662608765273
7,50.7278738455418,,,C-C torsion,nu(C5-H17),bond,0.0005280437662697924,-,-0.00017671728628219663,0.3338649301903668
7,50.7278738455418,,,C-C torsion,delta(N8-C7-O9),angle,0.00046087711924865137,-,-0.00012594812227657254,0.5736681033914728
7,50.7278738455418,,,C-C torsion,delta(C1-C2-C4),angle,0.0004538586166614091,-,-0.00014743268211413367,0.4122797483308755
7,50.7278738455418,,,C-C torsion,"gamma(C1;C2,O3,H13)",oop,0.0003848448032746424,-,-0.0001353748578765952,0.41463747292882314
7,50.7278738455418,,,C-C torsion,nu(C4-C5),bond,0.0003607625831845871,+,0.00015716957162727286,0.28836563189512043
7,50.7278738455418,,,C-C torsion,"gamma(H10;C1,H11,H12)",oop,0.000309135141852002,+,9.547431481826182e-05,0.6696289587334144
7,50.7278738455418,,,C-C torsion,nu(O6-C7),bond,0.00030845619148044633,-,-0.00012665977584695495,0.3796426635236279
7,50.7278738455418,,,C-C torsion,nu(C4-H16),bond,0.00012990205920870298,+,8.803862296881783e-05,0.33092418150229375
7,50.7278738455418,,,C-C torsion,delta(O6-C7-N8),angle,0.0001243303461931429,-,-6.195046828819765e-05,0.6396566299177271
7,50.7278738455418,,,C-C torsion,nu(C7-O9),bond,9.662691148342531e-05,-,-4.839370566887249e-05,0.8146654356474178
7,50.7278738455418,,,C-C torsion,delta(C2-C1-H10),angle,8.571254878225328e-05,+,4.7097802432394626e-05,0.7629605318840937
7,50.7278738455418,,,C-C torsion,delta(H11-C1-H12),angle,6.20722366489919e-05,-,-3.8526067807513554e-05,0.8257469440591959
7,50.7278738455418,,,C-C torsion,nu(C1-C2),bond,5.5141144793750936e-05,+,6.315037539594025e-05,0.273012703189435
7,50.7278738455418,,,C-C torsion,nu(C5-H18),bond,3.837933573136245e-05,+,4.7179058822833164e-05,0.34045354277733064
7,50.7278738455418,,,C-C torsion,nu(C4-H15),bond,8.230644266730356e-06,+,2.2345767617075244e-05,0.3254634512378247
7,50.7278738455418,,,C-C torsion,nu(C2-O3),bond,6.9963710018286496e-06,-,-2.1017426089634162e-05,0.3127322887485309
7,50.7278738455418,,,C-C torsion,nu(O3-H14),bond,5.616931785850984e-06,-,-1.4681371495810606e-05,0.5145467545258035
7,50.7278738455418,,,C-C torsion,delta(H15-C4-H16),angle,3.1326220389988174e-06,-,-7.584408736329539e-06,1.075284756701329
7,50.7278738455418,,,C-C torsion,nu(C1-H10),bond,2.117793541566348e-06,+,1.1098558735005753e-05,0.3394762530008387
7,50.7278738455418,,,C-C torsion,nu(C2-H13),bond,1.4272168510716837e-06,-,-9.254613224512944e-06,0.3290276293599761
7,50.7278738455418,,,C-C torsion,nu(C1-H12),bond,1.221084059878764e-06,-,-8.553553733047646e-06,0.3295424270765694
7,50.7278738455418,,,C-C torsion,nu(C1-H11),bond,3.311083096024072e-07,-,-4.411978818690498e-06,0.33586302282669245
8,100.44251908310333,,,mixed C-C-C bending / C-C-O bending,delta(C2-C4-C5),angle,39.613370835069,+,0.025083706392341778,0.7946273302237717
8,100.44251908310333,,,mixed C-C-C bending / C-C-O bending,delta(C4-C5-O6),angle,17.271477540955505,-,-0.020690332840115424,0.5092132008186406
8,100.44251908310333,,,mixed C-C-C bending / C-C-O bending,delta(C5-C4-H15),angle,10.138319335626692,-,-0.008549015114815805,1.7508095722988488
8,100.44251908310333,,,mixed C-C-C bending / C-C-O bending,delta(C5-O6-C7),angle,7.982329062408189,+,0.018683663368378425,0.28860953510819726
8,100.44251908310333,,,mixed C-C-C bending / C-C-O bending,"gamma(C2;C4,H15,H16)",oop,4.76707863237655,-,-0.009099312217915791,0.7266751309793713
8,100.44251908310333,,,mixed C-C-C bending / C-C-O bending,delta(C1-C2-C4),angle,3.6433572252623505,-,-0.01056105816132514,0.4122797483308755
8,100.44251908310333,,,mixed C-C-C bending / C-C-O bending,tau(C1-C2-C4-C5),dihedral,2.5431789988256894,+,0.006429751580086762,0.7764145342752474
8,100.44251908310333,,,mixed C-C-C bending / C-C-O bending,tau(H12-C1-C2-C4),dihedral,2.4055032059159642,-,-0.005616405185751372,0.9624854932709154
8,100.44251908310333,,,mixed C-C-C bending / C-C-O bending,tau(C2-C4-C5-O6),dihedral,2.1919451598935913,-,-0.010761439669862009,0.23888784324546183
8,100.44251908310333,,,mixed C-C-C bending / C-C-O bending,delta(C2-C4-H15),angle,1.540260056166007,-,-0.0043643129844132674,1.0206277969587885
8,100.44251908310333,,,mixed C-C-C bending / C-C-O bending,delta(O6-C7-N8),angle,1.489774505421627,-,-0.005421748575402251,0.6396566299177271
8,100.44251908310333,,,mixed C-C-C bending / C-C-O bending,tau(O3-C2-C4-H16),dihedral,1.38424617857308,-,-0.00464829111130806,0.8085964138894428
8,100.44251908310333,,,mixed C-C-C bending / C-C-O bending,"gamma(H18;C5,O6,H17)",oop,1.1471994103390484,-,-0.0068538290794057325,0.3082318346285468
8,100.44251908310333,,,mixed C-C-C bending / C-C-O bending,delta(H15-C4-H16),angle,1.0028589016952691,-,-0.003430921094768322,1.075284756701329
8,100.44251908310333,,,mixed C-C-C bending / C-C-O bending,delta(C4-C5-H18),angle,0.8573915989790856,+,0.005270065354779053,0.38962995436760806
8,100.44251908310333,,,mixed C-C-C bending / C-C-O bending,tau(H10-C1-C2-C4),dihedral,0.4422610480082779,-,-0.005634792607784695,0.17580366884501275
8,100.44251908310333,,,mixed C-C-C bending / C-C-O bending,tau(H16-C4-C5-H18),dihedral,0.25635720026792413,+,0.003739113226321941,0.23142666807728227
8,100.44251908310333,,,mixed C-C-C bending / C-C-O bending,delta(O6-C5-H17),angle,0.2123172828045607,+,0.003190135754427305,0.2633128987200418
8,100.44251908310333,,,mixed C-C-C bending / C-C-O bending,delta(C2-C1-H10),angle,0.13926208634507822,+,0.0015178119588531347,0.7629605318840937
8,100.44251908310333,,,mixed C-C-C bending / C-C-O bending,"gamma(C1;C2,O3,H13)",oop,0.13546144788377865,-,-0.0020306082206544827,0.41463747292882314
8,100.44251908310333,,,mixed C-C-C bending / C-C-O bending,tau(H11-C1-C2-O3),dihedral,0.13343667710986531,-,-0.0014435075425919105,0.8082434974166677
8,100.44251908310333,,,mixed C-C-C bending / C-C-O bending,nu(C2-C4),bond,0.12869136912882922,-,-0.002471004038114077,0.26601591914570893
8,100.44251908310333,,,mixed C-C-C bending / C-C-O bending,delta(C2-C1-H12),angle,0.08634131361772468,-,-0.0017264925559866637,0.36559003310172816
8,100.44251908310333,,,mixed C-C-C bending / C-C-O bending,delta(N8-C7-O9),angle,0.0805120743686263,+,0.001330922338355456,0.5736681033914728
8,100.44251908310333,,,mixed C-C-C bending / C-C-O bending,nu(O6-C7),bond,0.07841308295917017,-,-0.001614579063779121,0.3796426635236279
8,100.44251908310333,,,mixed C-C-C bending / C-C-O bending,nu(C4-C5),bond,0.0739690379108859,+,0.001799309170662307,0.28836563189512043
8,100.44251908310333,,,mixed C-C-C bending / C-C-O bending,nu(C1-C2),bond,0.06438614342323265,+,0.001725271056939193,0.273012703189435
8,100.44251908310333,,,mixed C-C-C bending / C-C-O bending,tau(H13-C2-O3-H14),dihedral,0.050438105403985786,+,0.008015474965830983,0.009908441658344393
8,100.44251908310333,,,mixed C-C-C bending / C-C-O bending,delta(C7-N8-H20),angle,0.034039217005270676,+,0.0013014759269161123,0.25363687773146887
8,100.44251908310333,,,mixed C-C-C bending / C-C-O bending,nu(C7-N8),bond,0.03396842506936941,+,0.0009755895069591434,0.45044968349124215
8,100.44251908310333,,,mixed C-C-C bending / C-C-O bending,delta(O3-C2-H13),angle,0.011820220641345887,+,0.0007316193432718299,0.2787149988564878
8,100.44251908310333,,,mixed C-C-C bending / C-C-O bending,nu(C7-O9),bond,0.011285423625686825,-,-0.00041814012582909416,0.8146654356474178
8,100.44251908310333,,,mixed C-C-C bending / C-C-O bending,tau(O6-C7-N8-H19),dihedral,0.010761659288629594,+,0.0010599363363113052,0.12089958013102238
8,100.44251908310333,,,mixed C-C-C bending / C-C-O bending,tau(C4-C5-O6-C7),dihedral,0.009543507192011531,+,0.004570225896637007,0.005766838473303552
8,100.44251908310333,,,mixed C-C-C bending / C-C-O bending,nu(C5-H18),bond,0.00833704029578393,+,0.0005559421205252914,0.34045354277733064
8,100.44251908310333,,,mixed C-C-C bending / C-C-O bending,nu(C2-O3),bond,0.0065178116283638515,-,-0.0005128815762728279,0.3127322887485309
8,100.44251908310333,,,mixed C-C-C bending / C-C-O bending,tau(O9-C7-N8-H19),dihedral,0.0041919689214164535,+,0.0006209095867705058,0.1372354906200594
8,100.44251908310333,,,mixed C-C-C bending / C-C-O bending,delta(H11-C1-H12),angle,0.0038492688455915277,-,-0.00024255944636084967,0.8257469440591959
8,100.44251908310333,,,mixed C-C-C bending / C-C-O bending,"gamma(H10;C1,H11,H12)",oop,0.0016928903831702371,-,-0.00017862813478698833,0.6696289587334144
8,100.44251908310333,,,mixed C-C-C bending / C-C-O bending,nu(C4-H15),bond,0.0012340172057894489,+,0.00021875704725618777,0.3254634512378247
8,100.44251908310333,,,mixed C-C-C bending / C-C-O bending,tau(O6-C7-N8-H20),dihedral,0.0007344638277646992,+,0.0006118180018780815,0.024764583303918165
8,100.44251908310333,,,mixed C-C-C bending / C-C-O bending,nu(C5-H17),bond,0.000361536705296646,+,0.00011690776413653901,0.3338649301903668
8,100.44251908310333,,,mixed C-C-C bending / C-C-O bending,nu(C2-H13),bond,0.00031922222364550926,-,-0.00011065802963259652,0.3290276293599761
8,100.44251908310333,,,mixed C-C-C bending / C-C-O bending,nu(C1-H10),bond,0.0003163426650300279,-,-0.0001084492973188486,0.3394762530008387
8,100.44251908310333,,,mixed C-C-C bending / C-C-O bending,tau(C5-O6-C7-N8),dihedral,0.00025482358099537973,-,-0.0003420454177902341,0.027490154249470444
8,100.44251908310333,,,mixed C-C-C bending / C-C-O bending,nu(C5-O6),bond,0.0001886632590699976,-,-8.910406997755974e-05,0.29991443217879
8,100.44251908310333,,,mixed C-C-C bending / C-C-O bending,nu(N8-H20),bond,0.00013527940078918494,-,-5.939647699662978e-05,0.48396662608765273
8,100.44251908310333,,,mixed C-C-C bending / C-C-O bending,nu(N8-H19),bond,8.264301474067034e-05,-,-4.660508985065077e-05,0.48022478197858476
8,100.44251908310333,,,mixed C-C-C bending / C-C-O bending,nu(C4-H16),bond,5.617189994374542e-05,+,4.62858094384136e-05,0.33092418150229375
8,100.44251908310333,,,mixed C-C-C bending / C-C-O bending,delta(H19-N8-H20),angle,5.0974432940979735e-05,+,5.14926819483842e-05,0.24264228911972324
8,100.44251908310333,,,mixed C-C-C bending / C-C-O bending,delta(C2-O3-H14),angle,4.125787719994418e-05,+,5.436992529759038e-05,0.1761548163912733
8,100.44251908310333,,,mixed C-C-C bending / C-C-O bending,nu(C1-H11),bond,3.484218893376995e-05,-,-3.618463343428684e-05,0.33586302282669245
8,100.44251908310333,,,mixed C-C-C bending / C-C-O bending,nu(C1-H12),bond,2.419678859847318e-05,+,3.0442180382120442e-05,0.3295424270765694
8,100.44251908310333,,,mixed C-C-C bending / C-C-O bending,nu(O3-H14),bond,2.061529302916706e-05,+,2.2487174623916144e-05,0.5145467545258035
9,123.4932433844379,,,C-C torsion,tau(C1-C2-C4-C5),dihedral,51.12829977817143,+,0.1317206655283066,0.7764145342752474
9,123.4932433844379,,,C-C torsion,tau(O3-C2-C4-H16),dihedral,44.52977708984993,+,0.12045627373531041,0.8085964138894428
9,123.4932433844379,,,C-C torsion,tau(H11-C1-C2-O3),dihedral,1.6732155872199317,+,0.02335473320467297,0.8082434974166677
9,123.4932433844379,,,C-C torsion,tau(H12-C1-C2-C4),dihedral,1.0308931483983712,+,0.016798859568195622,0.9624854932709154
9,123.4932433844379,,,C-C torsion,tau(C2-C4-C5-O6),dihedral,0.6938976127883177,-,-0.027664367240180916,0.23888784324546183
9,123.4932433844379,,,C-C torsion,tau(H16-C4-C5-H18),dihedral,0.2896232433622679,-,-0.018158504342136984,0.23142666807728227
9,123.4932433844379,,,C-C torsion,tau(C4-C5-O6-C7),dihedral,0.21021485325045852,-,-0.0980015343203676,0.005766838473303552
9,123.4932433844379,,,C-C torsion,tau(H10-C1-C2-C4),dihedral,0.16257918400988092,+,0.015609484898631653,0.17580366884501275
9,123.4932433844379,,,C-C torsion,delta(C5-C4-H15),angle,0.15885843298263388,-,-0.004889402048605459,1.7508095722988488
9,123.4932433844379,,,C-C torsion,tau(H13-C2-O3-H14),dihedral,0.016237178235905543,-,-0.020778905593754355,0.009908441658344393
9,123.4932433844379,,,C-C torsion,tau(C5-O6-C7-N8),dihedral,0.015243129163894887,-,-0.012087000656703586,0.027490154249470444
9,123.4932433844379,,,C-C torsion,delta(C2-C1-H12),angle,0.015132300647362424,-,-0.0033023673072306334,0.36559003310172816
9,123.4932433844379,,,C-C torsion,delta(O6-C5-H17),angle,0.01377226544386063,+,0.0037122455428547484,0.2633128987200418
9,123.4932433844379,,,C-C torsion,delta(C4-C5-O6),angle,0.01243700733535349,-,-0.002536753028806138,0.5092132008186406
9,123.4932433844379,,,C-C torsion,delta(C4-C5-H18),angle,0.009451757082990656,-,-0.002528134505078249,0.38962995436760806
9,123.4932433844379,,,C-C torsion,"gamma(H18;C5,O6,H17)",oop,0.006124155459511568,+,0.002287991606325886,0.3082318346285468
9,123.4932433844379,,,C-C torsion,delta(C2-C1-H10),angle,0.0056176013201852506,+,0.001392818382914309,0.7629605318840937
9,123.4932433844379,,,C-C torsion,delta(C1-C2-C4),angle,0.0052598066407439975,-,-0.0018334073058624842,0.4122797483308755
9,123.4932433844379,,,C-C torsion,"gamma(C1;C2,O3,H13)",oop,0.0046675642065081915,-,-0.0017221895319890657,0.41463747292882314
9,123.4932433844379,,,C-C torsion,delta(C2-C4-C5),angle,0.004260643111614241,+,0.0011885731053845711,0.7946273302237717
9,123.4932433844379,,,C-C torsion,tau(O6-C7-N8-H20),dihedral,0.0031458642681440837,-,-0.005785282184871972,0.024764583303918165
9,123.4932433844379,,,C-C torsion,tau(O9-C7-N8-H19),dihedral,0.0022695688605188042,+,0.002087413710427155,0.1372354906200594
9,123.4932433844379,,,C-C torsion,nu(C5-H17),bond,0.0016592378718887505,-,-0.0011442976182435558,0.3338649301903668
9,123.4932433844379,,,C-C torsion,nu(C2-C4),bond,0.0013757546581847145,-,-0.0011673114669773334,0.26601591914570893
9,123.4932433844379,,,C-C torsion,nu(O6-C7),bond,0.0010613711911370062,-,-0.0008582547408335789,0.3796426635236279
9,123.4932433844379,,,C-C torsion,delta(H11-C1-H12),angle,0.0008421982593946577,-,-0.0005183865817088843,0.8257469440591959
9,123.4932433844379,,,C-C torsion,delta(O6-C7-N8),angle,0.0006086958368468593,-,-0.0005007221255555473,0.6396566299177271
9,123.4932433844379,,,C-C torsion,delta(C7-N8-H20),angle,0.0005994772969796171,+,0.0007891330638381822,0.25363687773146887
9,123.4932433844379,,,C-C torsion,delta(H19-N8-H20),angle,0.0005198854614970067,+,0.0007513471757692268,0.24264228911972324
9,123.4932433844379,,,C-C torsion,delta(C2-O3-H14),angle,0.00043880687538026353,+,0.0008101389635100923,0.1761548163912733
9,123.4932433844379,,,C-C torsion,"gamma(C2;C4,H15,H16)",oop,0.00038382222476820673,-,-0.0003730482264899466,0.7266751309793713
9,123.4932433844379,,,C-C torsion,tau(O6-C7-N8-H19),dihedral,0.00033910214632517835,+,0.0008596525231961642,0.12089958013102238
9,123.4932433844379,,,C-C torsion,delta(C2-C4-H15),angle,0.00026080077057859805,+,0.00025947218453453816,1.0206277969587885
9,123.4932433844379,,,C-C torsion,delta(C5-O6-C7),angle,0.00021040707207631109,+,0.000438273183167173,0.28860953510819726
9,123.4932433844379,,,C-C torsion,nu(C4-H15),bond,0.00014703388580599816,+,0.00034500681506861836,0.3254634512378247
9,123.4932433844379,,,C-C torsion,"gamma(H10;C1,H11,H12)",oop,0.00011394962429693061,-,-0.00021174316707126697,0.6696289587334144
9,123.4932433844379,,,C-C torsion,delta(O3-C2-H13),angle,8.559859588045341e-05,+,0.0002844613189003295,0.2787149988564878
9,123.4932433844379,,,C-C torsion,nu(C7-O9),bond,7.322922932581412e-05,+,0.0001538943429346673,0.8146654356474178
9,123.4932433844379,,,C-C torsion,delta(H15-C4-H16),angle,5.0986715278117155e-05,+,0.00011177298304649047,1.075284756701329
9,123.4932433844379,,,C-C torsion,nu(C1-C2),bond,4.7624210486877856e-05,-,-0.00021438408214744791,0.273012703189435
9,123.4932433844379,,,C-C torsion,nu(C7-N8),bond,3.058233531554745e-05,-,-0.00013374644555917714,0.45044968349124215
9,123.4932433844379,,,C-C torsion,nu(C4-H16),bond,3.0322026963646097e-05,+,0.0001553763561797773,0.33092418150229375
9,123.4932433844379,,,C-C torsion,nu(C5-H18),bond,2.9321284402865563e-05,-,-0.00015063733907902044,0.34045354277733064
9,123.4932433844379,,,C-C torsion,nu(C2-H13),bond,2.4142185519785024e-05,-,-0.00013904077393068874,0.3290276293599761
9,123.4932433844379,,,C-C torsion,nu(N8-H20),bond,2.0771989726955094e-05,-,-0.0001063411644861981,0.48396662608765273
9,123.4932433844379,,,C-C torsion,nu(C2-O3),bond,2.0282622175737623e-05,+,0.0001307211193261932,0.3127322887485309
9,123.4932433844379,,,C-C torsion,nu(O3-H14),bond,1.6446928911629713e-05,+,9.176985705617956e-05,0.5145467545258035
9,123.4932433844379,,,C-C torsion,nu(N8-H19),bond,1.3609028029071097e-05,-,-8.640946962436098e-05,0.48022478197858476
9,123.4932433844379,,,C-C torsion,nu(C1-H11),bond,1.121181748344317e-05,+,9.378361792677359e-05,0.33586302282669245
9,123.4932433844379,,,C-C torsion,nu(C4-C5),bond,3.727437191642578e-06,-,-5.835841484320625e-05,0.28836563189512043
9,123.4932433844379,,,C-C torsion,nu(C5-O6),bond,2.9284089847153856e-06,+,5.0720935146807405e-05,0.29991443217879
9,123.4932433844379,,,C-C torsion,nu(C1-H10),bond,7.933009572566051e-07,-,-2.481329040620466e-05,0.3394762530008387
9,123.4932433844379,,,C-C torsion,delta(N8-C7-O9),angle,7.441456154035244e-08,+,5.846132862771685e-06,0.5736681033914728
9,123.4932433844379,,,C-C torsion,nu(C1-H12),bond,3.2483836758891396e-08,+,5.0962187447320125e-06,0.3295424270765694
10,156.87532735959232,,,C-C torsion,tau(C2-C4-C5-O6),dihedral,32.8060733041866,+,0.11002414391038759,0.23888784324546183
10,156.87532735959232,,,C-C torsion,tau(H16-C4-C5-H18),dihedral,26.01218933485046,+,0.09953816934662699,0.23142666807728227
10,156.87532735959232,,,C-C torsion,tau(O3-C2-C4-H16),dihedral,10.876778726452123,+,0.03443436975455378,0.8085964138894428
10,156.87532735959232,,,C-C torsion,tau(C5-O6-C7-N8),dihedral,9.437561827412903,-,-0.1739599258388092,0.027490154249470444
10,156.87532735959232,,,C-C torsion,tau(H12-C1-C2-C4),dihedral,4.430851884573373,+,0.020144403751755535,0.9624854932709154
10,156.87532735959232,,,C-C torsion,tau(O6-C7-N8-H19),dihedral,3.5638418398960185,+,0.05097470394117406,0.12089958013102238
10,156.87532735959232,,,C-C torsion,tau(C1-C2-C4-C5),dihedral,3.0124092427221503,+,0.018493454992204394,0.7764145342752474
10,156.87532735959232,,,C-C torsion,tau(O6-C7-N8-H20),dihedral,2.360335824692248,-,-0.09165987991473315,0.024764583303918165
10,156.87532735959232,,,C-C torsion,tau(O9-C7-N8-H19),dihedral,2.3530571339074164,+,0.038876836114119726,0.1372354906200594
10,156.87532735959232,,,C-C torsion,tau(H11-C1-C2-O3),dihedral,1.6372414252522165,+,0.013362667126556633,0.8082434974166677
10,156.87532735959232,,,C-C torsion,tau(H10-C1-C2-C4),dihedral,0.8161076499437914,+,0.02022868514046718,0.17580366884501275
10,156.87532735959232,,,C-C torsion,delta(H19-N8-H20),angle,0.6486886916442949,+,0.015351217099334106,0.24264228911972324
10,156.87532735959232,,,C-C torsion,delta(C5-C4-H15),angle,0.5509030820336617,+,0.005266547943941317,1.7508095722988488
10,156.87532735959232,,,C-C torsion,delta(C7-N8-H20),angle,0.4565948377433828,+,0.01259700195152705,0.25363687773146887
10,156.87532735959232,,,C-C torsion,delta(C2-C4-H15),angle,0.377469270144431,+,0.005709722505352291,1.0206277969587885
10,156.87532735959232,,,C-C torsion,tau(C4-C5-O6-C7),dihedral,0.1642090630138654,+,0.05009998146690624,0.005766838473303552
10,156.87532735959232,,,C-C torsion,delta(C2-C4-C5),angle,0.12739320276481186,+,0.003759233276955154,0.7946273302237717
10,156.87532735959232,,,C-C torsion,nu(C7-N8),bond,0.10850848709131147,-,-0.004608043905349832,0.45044968349124215
10,156.87532735959232,,,C-C torsion,"gamma(H18;C5,O6,H17)",oop,0.04707401792223463,+,0.0036691020055972566,0.3082318346285468
10,156.87532735959232,,,C-C torsion,delta(C4-C5-H18),angle,0.04692779202921161,+,0.0032583429188803247,0.38962995436760806
10,156.87532735959232,,,C-C torsion,tau(H13-C2-O3-H14),dihedral,0.044508529498311196,-,-0.019898797939202354,0.009908441658344393
10,156.87532735959232,,,C-C torsion,delta(O6-C5-H17),angle,0.024891233830833227,+,0.002886656066881994,0.2633128987200418
10,156.87532735959232,,,C-C torsion,"gamma(C2;C4,H15,H16)",oop,0.023150977095859036,-,-0.0016758008685270251,0.7266751309793713
10,156.87532735959232,,,C-C torsion,nu(N8-H19),bond,0.011631561454553817,-,-0.001461183041275662,0.48022478197858476
10,156.87532735959232,,,C-C torsion,nu(N8-H20),bond,0.010892768984446561,-,-0.001408540493442038,0.48396662608765273
10,156.87532735959232,,,C-C torsion,nu(O6-C7),bond,0.01080123710341691,+,0.0015836424741864042,0.3796426635236279
10,156.87532735959232,,,C-C torsion,delta(C1-C2-C4),angle,0.010314597460778032,-,-0.001485039611562707,0.4122797483308755
10,156.87532735959232,,,C-C torsion,delta(C5-O6-C7),angle,0.008428811003729563,-,-0.0016044852080455616,0.28860953510819726
10,156.87532735959232,,,C-C torsion,delta(O6-C7-N8),angle,0.004349621144960838,+,0.0007742124664902723,0.6396566299177271
10,156.87532735959232,,,C-C torsion,delta(C2-C1-H10),angle,0.0036805551688622014,+,0.0006520989892436039,0.7629605318840937
10,156.87532735959232,,,C-C torsion,nu(C7-O9),bond,0.0024640191361873297,+,0.000516345373641684,0.8146654356474178
10,156.87532735959232,,,C-C torsion,nu(C5-O6),bond,0.001477947900260191,+,0.0006590809776639375,0.29991443217879
10,156.87532735959232,,,C-C torsion,delta(O3-C2-H13),angle,0.0014063663478853647,-,-0.0006669249423876041,0.2787149988564878
10,156.87532735959232,,,C-C torsion,nu(C5-H17),bond,0.00131839181144144,-,-0.0005899901276430837,0.3338649301903668
10,156.87532735959232,,,C-C torsion,nu(C5-H18),bond,0.0011231012704858148,+,0.0005392478567367223,0.34045354277733064
10,156.87532735959232,,,C-C torsion,"gamma(C1;C2,O3,H13)",oop,0.0010556848353609363,+,0.00047374077300863415,0.41463747292882314
10,156.87532735959232,,,C-C torsion,delta(H11-C1-H12),angle,0.0010046127953793115,-,-0.0003274792313818632,0.8257469440591959
10,156.87532735959232,,,C-C torsion,delta(C2-O3-H14),angle,0.0008333371816828545,+,0.0006457598153394239,0.1761548163912733
10,156.87532735959232,,,C-C torsion,delta(C4-C5-O6),angle,0.0007396134943730945,-,-0.0003578165990908268,0.5092132008186406
10,156.87532735959232,,,C-C torsion,"gamma(H10;C1,H11,H12)",oop,0.0006034766195041077,+,0.00028185192694273704,0.6696289587334144
10,156.87532735959232,,,C-C torsion,nu(C2-O3),bond,0.0005406597370001528,+,0.00039037639580564575,0.3127322887485309
10,156.87532735959232,,,C-C torsion,nu(C4-H16),bond,0.0002004787110678324,+,0.00023108820350208902,0.33092418150229375
10,156.87532735959232,,,C-C torsion,nu(C4-C5),bond,0.00015091747247572888,+,0.00021478596998262658,0.28836563189512043
10,156.87532735959232,,,C-C torsion,delta(C2-C1-H12),angle,8.761236182669961e-05,-,-0.00014534276491681738,0.36559003310172816
10,156.87532735959232,,,C-C torsion,nu(C2-H13),bond,2.2658380817552933e-05,-,-7.791232222296322e-05,0.3290276293599761
10,156.87532735959232,,,C-C torsion,nu(C1-H12),bond,2.133159192810127e-05,+,7.553771838957876e-05,0.3295424270765694
10,156.87532735959232,,,C-C torsion,nu(C1-H11),bond,2.0691953632665784e-05,-,-7.369322273197292e-05,0.33586302282669245
10,156.87532735959232,,,C-C torsion,nu(O3-H14),bond,1.7407110955336625e-05,-,-5.460832108089617e-05,0.5145467545258035
10,156.87532735959232,,,C-C torsion,delta(H15-C4-H16),angle,1.3228626356112963e-05,+,3.293089450403416e-05,1.075284756701329
10,156.87532735959232,,,C-C torsion,nu(C2-C4),bond,1.3050926939150376e-05,+,6.576196219170092e-05,0.26601591914570893
10,156.87532735959232,,,C-C torsion,nu(C1-C2),bond,1.1706572110141707e-05,+,6.147964372282201e-05,0.273012703189435
10,156.87532735959232,,,C-C torsion,delta(N8-C7-O9),angle,4.616759942024103e-06,+,2.663460081596457e-05,0.5736681033914728
10,156.87532735959232,,,C-C torsion,nu(C1-H10),bond,1.85868969363109e-06,+,2.1968815559163094e-05,0.3394762530008387
10,156.87532735959232,,,C-C torsion,nu(C4-H15),bond,6.986904376368829e-07,-,-1.3756222266790085e-05,0.3254634512378247
11,221.98339449056434,,,C-N torsion,tau(O6-C7-N8-H19),dihedral,44.13795461972797,-,-0.5050844962933326,0.12089958013102238
11,221.98339449056434,,,C-N torsion,tau(O9-C7-N8-H19),dihedral,41.64302224297486,-,-0.4604773078080636,0.1372354906200594
11,221.98339449056434,,,C-N torsion,tau(O6-C7-N8-H20),dihedral,5.881121996396797,+,0.40736612706811914,0.024764583303918165
11,221.98339449056434,,,C-N torsion,delta(H19-N8-H20),angle,3.070963395357145,-,-0.09404255180288007,0.24264228911972324
11,221.98339449056434,,,C-N torsion,delta(C7-N8-H20),angle,2.8047733006755005,-,-0.0879048860795274,0.25363687773146887
11,221.98339449056434,,,C-N torsion,tau(H12-C1-C2-C4),dihedral,0.7759394361092717,+,0.023734885913155836,0.9624854932709154
11,221.98339449056434,,,C-N torsion,tau(H11-C1-C2-O3),dihedral,0.6149880110577362,+,0.02305857938914203,0.8082434974166677
11,221.98339449056434,,,C-N torsion,nu(C7-N8),bond,0.5430700724695355,+,0.02902519354997618,0.45044968349124215
11,221.98339449056434,,,C-N torsion,tau(H10-C1-C2-C4),dihedral,0.13508568352773098,+,0.023171867025666305,0.17580366884501275
11,221.98339449056434,,,C-N torsion,tau(O3-C2-C4-H16),dihedral,0.07308909259258398,+,0.007947503208711541,0.8085964138894428
11,221.98339449056434,,,C-N torsion,nu(N8-H19),bond,0.04967108977983685,+,0.008501584828436704,0.48022478197858476
11,221.98339449056434,,,C-N torsion,nu(N8-H20),bond,0.0493722634361523,+,0.008443142983804181,0.48396662608765273
11,221.98339449056434,,,C-N torsion,tau(C2-C4-C5-O6),dihedral,0.03432376599218764,+,0.010020070421627232,0.23888784324546183
11,221.98339449056434,,,C-N torsion,tau(C1-C2-C4-C5),dihedral,0.03430300141838323,+,0.005556349617011414,0.7764145342752474
11,221.98339449056434,,,C-N torsion,tau(H13-C2-O3-H14),dihedral,0.031882763435904266,-,-0.047418262055404094,0.009908441658344393
11,221.98339449056434,,,C-N torsion,tau(C5-O6-C7-N8),dihedral,0.029078455942291692,+,0.02718738360000574,0.027490154249470444
11,221.98339449056434,,,C-N torsion,tau(H16-C4-C5-H18),dihedral,0.02329886416285737,+,0.008387470498978675,0.23142666807728227
11,221.98339449056434,,,C-N torsion,nu(O6-C7),bond,0.019442943165330084,-,-0.005982239964451852,0.3796426635236279
11,221.98339449056434,,,C-N torsion,nu(C7-O9),bond,0.010066859163587476,-,-0.002938513453780353,0.8146654356474178
11,221.98339449056434,,,C-N torsion,delta(N8-C7-O9),angle,0.00946923211399978,-,-0.0033962320951211613,0.5736681033914728
11,221.98339449056434,,,C-N torsion,delta(C5-O6-C7),angle,0.00485409465819902,+,0.003428223402448834,0.28860953510819726
11,221.98339449056434,,,C-N torsion,nu(C5-O6),bond,0.004135224075392696,+,0.003103996148305639,0.29991443217879
11,221.98339449056434,,,C-N torsion,delta(C5-C4-H15),angle,0.004000811377211631,+,0.001263644508634762,1.7508095722988488
11,221.98339449056434,,,C-N torsion,delta(O6-C7-N8),angle,0.003272638931076991,+,0.0018908014458457563,0.6396566299177271
11,221.98339449056434,,,C-N torsion,delta(C4-C5-O6),angle,0.0021380590150074535,+,0.0017128934541175856,0.5092132008186406
11,221.98339449056434,,,C-N torsion,"gamma(H18;C5,O6,H17)",oop,0.0016113087090076728,+,0.0019112652510612411,0.3082318346285468
11,221.98339449056434,,,C-N torsion,delta(C2-C4-H15),angle,0.001484321814838747,+,0.001008093167683874,1.0206277969587885
11,221.98339449056434,,,C-N torsion,delta(O6-C5-H17),angle,0.0011535954614328443,-,-0.0017496896976124038,0.2633128987200418
11,221.98339449056434,,,C-N torsion,delta(H15-C4-H16),angle,0.001004620755930532,+,0.000807996837626592,1.075284756701329
11,221.98339449056434,,,C-N torsion,delta(C1-C2-C4),angle,0.0009375589370290771,+,0.0012605893107594712,0.4122797483308755
11,221.98339449056434,,,C-N torsion,nu(C2-C4),bond,0.0007668066513252911,+,0.0014192518028589764,0.26601591914570893
11,221.98339449056434,,,C-N torsion,"gamma(C1;C2,O3,H13)",oop,0.0007173405227899432,+,0.00109950887773906,0.41463747292882314
11,221.98339449056434,,,C-N torsion,delta(C2-C4-C5),angle,0.0006716961741419198,-,-0.000768555120947359,0.7946273302237717
11,221.98339449056434,,,C-N torsion,delta(C2-C1-H12),angle,0.0004031371768283186,-,-0.0008778080995137738,0.36559003310172816
11,221.98339449056434,,,C-N torsion,delta(H11-C1-H12),angle,0.0003895445093165137,-,-0.0005741500254499753,0.8257469440591959
11,221.98339449056434,,,C-N torsion,delta(C2-C1-H10),angle,0.0002735989459045148,+,0.0005005834718302512,0.7629605318840937
11,221.98339449056434,,,C-N torsion,tau(C4-C5-O6-C7),dihedral,0.00024384719520458814,+,0.005435760595079342,0.005766838473303552
11,221.98339449056434,,,C-N torsion,"gamma(C2;C4,H15,H16)",oop,0.00023766657168749518,+,0.0004780620113205689,0.7266751309793713
11,221.98339449056434,,,C-N torsion,nu(C4-C5),bond,0.00018794533440788711,+,0.0006748610409409765,0.28836563189512043
11,221.98339449056434,,,C-N torsion,delta(O3-C2-H13),angle,0.00017412950238693625,+,0.00066073352261178,0.2787149988564878
11,221.98339449056434,,,C-N torsion,"gamma(H10;C1,H11,H12)",oop,0.00010571144723683771,+,0.0003321346824030007,0.6696289587334144
11,221.98339449056434,,,C-N torsion,nu(C5-H17),bond,8.810319457272201e-05,-,-0.00042941850848612196,0.3338649301903668
11,221.98339449056434,,,C-N torsion,nu(C2-O3),bond,8.136122850872686e-05,+,0.00042637596906331955,0.3127322887485309
11,221.98339449056434,,,C-N torsion,nu(C1-C2),bond,4.124602476943495e-05,-,-0.0003249151440142923,0.273012703189435
11,221.98339449056434,,,C-N torsion,nu(C1-H11),bond,2.6129639841128336e-05,-,-0.0002331610207612218,0.33586302282669245
11,221.98339449056434,,,C-N torsion,nu(C1-H12),bond,2.16810028308726e-05,+,0.00021441459666824556,0.3295424270765694
11,221.98339449056434,,,C-N torsion,nu(C4-H16),bond,1.4439046138859165e-05,-,-0.0001746125009509822,0.33092418150229375
11,221.98339449056434,,,C-N torsion,nu(O3-H14),bond,1.1586763137821186e-05,-,-0.00012544084625222275,0.5145467545258035
11,221.98339449056434,,,C-N torsion,delta(C2-O3-H14),angle,1.1386056142724522e-05,-,-0.00021252485656824321,0.1761548163912733
11,221.98339449056434,,,C-N torsion,nu(C4-H15),bond,1.0592611363611835e-05,-,-0.0001508067354975433,0.3254634512378247
11,221.98339449056434,,,C-N torsion,nu(C5-H18),bond,9.090331149923742e-06,+,0.00013659388442978121,0.34045354277733064
11,221.98339449056434,,,C-N torsion,delta(C4-C5-H18),angle,3.1371176282311223e-06,+,7.500834187217273e-05,0.38962995436760806
11,221.98339449056434,,,C-N torsion,nu(C1-H10),bond,4.1112524279038646e-07,+,2.9090601679147397e-05,0.3394762530008387
11,221.98339449056434,,,C-N torsion,nu(C2-H13),bond,8.85926597375187e-08,-,-1.3716806692876392e-05,0.3290276293599761
12,233.52917480803626,,,C-C torsion,tau(H12-C1-C2-C4),dihedral,48.595391289302185,+,0.1787559407885236,0.9624854932709154
12,233.52917480803626,,,C-C torsion,tau(H11-C1-C2-O3),dihedral,37.95720788305775,+,0.17239952233496536,0.8082434974166677
12,233.52917480803626,,,C-C torsion,tau(H10-C1-C2-C4),dihedral,8.13884626293963,+,0.1711699382855597,0.17580366884501275
12,233.52917480803626,,,C-C torsion,delta(C2-C4-C5),angle,1.1682252667322348,-,-0.03050293204121291,0.7946273302237717
12,233.52917480803626,,,C-C torsion,delta(C1-C2-C4),angle,1.0260727309520485,+,0.03968744222728852,0.4122797483308755
12,233.52917480803626,,,C-C torsion,delta(C5-O6-C7),angle,0.7378040430311127,+,0.040223070148014725,0.28860953510819726
12,233.52917480803626,,,C-C torsion,"gamma(C2;C4,H15,H16)",oop,0.601608494257303,+,0.022890056760858625,0.7266751309793713
12,233.52917480803626,,,C-C torsion,delta(O6-C7-N8),angle,0.3647300413893402,-,-0.018996445840187465,0.6396566299177271
12,233.52917480803626,,,C-C torsion,tau(O6-C7-N8-H19),dihedral,0.2294977266678911,+,0.03466066064513435,0.12089958013102238
12,233.52917480803626,,,C-C torsion,tau(O9-C7-N8-H19),dihedral,0.21245049827067364,+,0.031300818624093445,0.1372354906200594
12,233.52917480803626,,,C-C torsion,delta(C2-C4-H15),angle,0.2022664271467568,+,0.011199232067188805,1.0206277969587885
12,233.52917480803626,,,C-C torsion,tau(O3-C2-C4-H16),dihedral,0.15000164273209246,+,0.010835329952148556,0.8085964138894428
12,233.52917480803626,,,C-C torsion,"gamma(C1;C2,O3,H13)",oop,0.12250436690174024,+,0.013674188086267065,0.41463747292882314
12,233.52917480803626,,,C-C torsion,tau(H13-C2-O3-H14),dihedral,0.06100718041683514,-,-0.062423460015218646,0.009908441658344393
12,233.52917480803626,,,C-C torsion,nu(C4-C5),bond,0.05396162635979046,+,0.010882553338234686,0.28836563189512043
12,233.52917480803626,,,C-C torsion,tau(C1-C2-C4-C5),dihedral,0.053935449832809665,-,-0.0066305623441157745,0.7764145342752474
12,233.52917480803626,,,C-C torsion,delta(H15-C4-H16),angle,0.0505761815043409,+,0.005455961694275116,1.075284756701329
12,233.52917480803626,,,C-C torsion,delta(C5-C4-H15),angle,0.04543687081315402,+,0.004052703109347889,1.7508095722988488
12,233.52917480803626,,,C-C torsion,delta(C7-N8-H20),angle,0.04315169001331833,+,0.010376544289449592,0.25363687773146887
12,233.52917480803626,,,C-C torsion,nu(C5-O6),bond,0.03927689372560659,-,-0.009103951238916396,0.29991443217879
12,233.52917480803626,,,C-C torsion,"gamma(H18;C5,O6,H17)",oop,0.029816645598358303,-,-0.007824393518511176,0.3082318346285468
12,233.52917480803626,,,C-C torsion,tau(C2-C4-C5-O6),dihedral,0.029768780439312883,+,0.008880625076289029,0.23888784324546183
12,233.52917480803626,,,C-C torsion,tau(O6-C7-N8-H20),dihedral,0.02117961901998361,-,-0.023265028992574602,0.024764583303918165
12,233.52917480803626,,,C-C torsion,delta(H19-N8-H20),angle,0.01635301444476187,+,0.006530940115031747,0.24264228911972324
12,233.52917480803626,,,C-C torsion,delta(C2-C1-H10),angle,0.01555073320053628,-,-0.003591570846229831,0.7629605318840937
12,233.52917480803626,,,C-C torsion,delta(C4-C5-H18),angle,0.007881936903806026,-,-0.0035780824743895418,0.38962995436760806
12,233.52917480803626,,,C-C torsion,"gamma(H10;C1,H11,H12)",oop,0.005722844111235869,+,0.002325674243709071,0.6696289587334144
12,233.52917480803626,,,C-C torsion,delta(N8-C7-O9),angle,0.004456592336115537,+,0.0022173341282994597,0.5736681033914728
12,233.52917480803626,,,C-C torsion,delta(O6-C5-H17),angle,0.004339664974054986,+,0.0032296248126109897,0.2633128987200418
12,233.52917480803626,,,C-C torsion,delta(O3-C2-H13),angle,0.003751128713558446,+,0.002918507754429337,0.2787149988564878
12,233.52917480803626,,,C-C torsion,delta(C2-O3-H14),angle,0.0018773197943437454,-,-0.002597059545457068,0.1761548163912733
12,233.52917480803626,,,C-C torsion,nu(O6-C7),bond,0.001170661828267889,+,0.001396973801560065,0.3796426635236279
12,233.52917480803626,,,C-C torsion,nu(C5-H17),bond,0.0008445158704377804,+,0.0012652564069791366,0.3338649301903668
12,233.52917480803626,,,C-C torsion,tau(C5-O6-C7-N8),dihedral,0.0008358577794108857,-,-0.004386697071087742,0.027490154249470444
12,233.52917480803626,,,C-C torsion,nu(N8-H20),bond,0.0004741353613256751,-,-0.0007874146756606287,0.48396662608765273
12,233.52917480803626,,,C-C torsion,nu(C1-C2),bond,0.000367106834721649,-,-0.0009224967529303304,0.273012703189435
12,233.52917480803626,,,C-C torsion,nu(N8-H19),bond,0.00035526295923557684,-,-0.0006842467118959967,0.48022478197858476
12,233.52917480803626,,,C-C torsion,delta(C4-C5-O6),angle,0.0003335555621099461,-,-0.0006438642400757173,0.5092132008186406
12,233.52917480803626,,,C-C torsion,nu(C2-H13),bond,0.00023164953901090978,+,0.000667512763985649,0.3290276293599761
12,233.52917480803626,,,C-C torsion,nu(C4-H15),bond,0.00016365640521061176,-,-0.000564125107966106,0.3254634512378247
12,233.52917480803626,,,C-C torsion,tau(C4-C5-O6-C7),dihedral,0.00012520449254842996,+,0.003706816617022593,0.005766838473303552
12,233.52917480803626,,,C-C torsion,nu(C1-H12),bond,7.358147073284424e-05,+,0.0003759140887066689,0.3295424270765694
12,233.52917480803626,,,C-C torsion,nu(C2-O3),bond,7.231871469397466e-05,-,-0.00038255953108388903,0.3127322887485309
12,233.52917480803626,,,C-C torsion,nu(O3-H14),bond,6.648923953567942e-05,-,-0.00028597185986129603,0.5145467545258035
12,233.52917480803626,,,C-C torsion,delta(C2-C1-H12),angle,6.528758989594352e-05,-,-0.0003361848849290373,0.36559003310172816
12,233.52917480803626,,,C-C torsion,nu(C7-N8),bond,5.9923392951440276e-05,-,-0.00029015836371329754,0.45044968349124215
12,233.52917480803626,,,C-C torsion,nu(C4-H16),bond,3.469726046788791e-05,-,-0.00025759852983528925,0.33092418150229375
12,233.52917480803626,,,C-C torsion,nu(C1-H11),bond,2.2715273905662608e-05,-,-0.0002068892529483245,0.33586302282669245
12,233.52917480803626,,,C-C torsion,nu(C1-H10),bond,1.834577317222815e-05,+,0.0001849368041545287,0.3394762530008387
12,233.52917480803626,,,C-C torsion,delta(H11-C1-H12),angle,1.2177410213766029e-05,+,9.660820638363075e-05,0.8257469440591959
12,233.52917480803626,,,C-C torsion,tau(H16-C4-C5-H18),dihedral,1.15281280669582e-05,-,-0.000177554929197439,0.23142666807728227
12,233.52917480803626,,,C-C torsion,nu(C7-O9),bond,7.270049608147608e-06,-,-7.51517469499679e-05,0.8146654356474178
12,233.52917480803626,,,C-C torsion,nu(C2-C4),bond,2.6389930710813325e-06,-,-7.923651210723918e-05,0.26601591914570893
12,233.52917480803626,,,C-C torsion,nu(C5-H18),bond,5.744887481389029e-07,-,-3.267923438464459e-05,0.34045354277733064
13,250.3959668828041,,,C-C torsion,tau(H12-C1-C2-C4),dihedral,47.48578941799625,-,-0.23146601511371645,0.9624854932709154
13,250.3959668828041,,,C-C torsion,tau(H11-C1-C2-O3),dihedral,41.16962620841275,-,-0.2351905417066179,0.8082434974166677
13,250.3959668828041,,,C-C torsion,tau(H10-C1-C2-C4),dihedral,8.176138812528066,-,-0.22473083276227013,0.17580366884501275
13,250.3959668828041,,,C-C torsion,delta(C2-C4-C5),angle,0.5930778928981457,-,-0.028469288865210586,0.7946273302237717
13,250.3959668828041,,,C-C torsion,tau(H16-C4-C5-H18),dihedral,0.48749109668834295,+,0.0478276610621147,0.23142666807728227
13,250.3959668828041,,,C-C torsion,tau(C2-C4-C5-O6),dihedral,0.46691829734411494,+,0.04607081784712638,0.23888784324546183
13,250.3959668828041,,,C-C torsion,delta(C5-O6-C7),angle,0.2351871795559462,+,0.029747740505854475,0.28860953510819726
13,250.3959668828041,,,C-C torsion,"gamma(C2;C4,H15,H16)",oop,0.2238044533693721,+,0.01828802106640312,0.7266751309793713
13,250.3959668828041,,,C-C torsion,delta(C1-C2-C4),angle,0.1941762701030912,+,0.02261541576124938,0.4122797483308755
13,250.3959668828041,,,C-C torsion,delta(O6-C7-N8),angle,0.19303007243031595,-,-0.018102624127997628,0.6396566299177271
13,250.3959668828041,,,C-C torsion,tau(O9-C7-N8-H19),dihedral,0.12788316579640557,-,-0.03181090098495667,0.1372354906200594
13,250.3959668828041,,,C-C torsion,tau(O6-C7-N8-H19),dihedral,0.12424834658596463,-,-0.033406841214123455,0.12089958013102238
13,250.3959668828041,,,C-C torsion,delta(C2-C1-H10),angle,0.10306163174542769,-,-0.012111556821093956,0.7629605318840937
13,250.3959668828041,,,C-C torsion,tau(C1-C2-C4-C5),dihedral,0.08978678104825845,-,-0.011206290402743086,0.7764145342752474
13,250.3959668828041,,,C-C torsion,delta(C2-C1-H12),angle,0.06442620432807715,+,0.013833644129232868,0.36559003310172816
13,250.3959668828041,,,C-C torsion,nu(C5-O6),bond,0.0425619742055843,-,-0.012414084571039558,0.29991443217879
13,250.3959668828041,,,C-C torsion,delta(C5-C4-H15),angle,0.03412882436411307,+,0.004600909683364906,1.7508095722988488
13,250.3959668828041,,,C-C torsion,tau(H13-C2-O3-H14),dihedral,0.03021401539961036,+,0.057544529685941766,0.009908441658344393
13,250.3959668828041,,,C-C torsion,tau(O3-C2-C4-H16),dihedral,0.023875752528428617,+,0.005662590148029066,0.8085964138894428
13,250.3959668828041,,,C-C torsion,delta(N8-C7-O9),angle,0.017096112701957607,+,0.005688802212085827,0.5736681033914728
13,250.3959668828041,,,C-C torsion,nu(C2-C4),bond,0.014239993449994447,-,-0.0076243632864670145,0.26601591914570893
13,250.3959668828041,,,C-C torsion,tau(O6-C7-N8-H20),dihedral,0.014120126693989099,+,0.024883203103505478,0.024764583303918165
13,250.3959668828041,,,C-C torsion,"gamma(H18;C5,O6,H17)",oop,0.014033204357381307,-,-0.007031406065240744,0.3082318346285468
13,250.3959668828041,,,C-C torsion,delta(C4-C5-O6),angle,0.012496698765011275,-,-0.005162384210710019,0.5092132008186406
13,250.3959668828041,,,C-C torsion,tau(C5-O6-C7-N8),dihedral,0.012348273779734284,-,-0.022085998414648443,0.027490154249470444
13,250.3959668828041,,,C-C torsion,delta(C2-C4-H15),angle,0.008197933456889512,+,0.0029533913485590793,1.0206277969587885
13,250.3959668828041,,,C-C torsion,delta(H11-C1-H12),angle,0.006770179737976085,+,0.002983864598391212,0.8257469440591959
13,250.3959668828041,,,C-C torsion,delta(H19-N8-H20),angle,0.006736772531687969,-,-0.005490920990014838,0.24264228911972324
13,250.3959668828041,,,C-C torsion,delta(O6-C5-H17),angle,0.00564615261816058,+,0.004825504662713013,0.2633128987200418
13,250.3959668828041,,,C-C torsion,delta(H15-C4-H16),angle,0.005454565665936731,+,0.002347041899298339,1.075284756701329
13,250.3959668828041,,,C-C torsion,delta(O3-C2-H13),angle,0.004282508080952301,-,-0.004084805905608647,0.2787149988564878
13,250.3959668828041,,,C-C torsion,nu(C4-C5),bond,0.002855368605727997,+,0.003279154208994475,0.28836563189512043
13,250.3959668828041,,,C-C torsion,"gamma(C1;C2,O3,H13)",oop,0.0024920846724807654,-,-0.0025547571461288334,0.41463747292882314
13,250.3959668828041,,,C-C torsion,"gamma(H10;C1,H11,H12)",oop,0.0023043309190364154,-,-0.0019331155317579478,0.6696289587334144
13,250.3959668828041,,,C-C torsion,nu(C7-N8),bond,0.0016276985882832987,+,0.0019809173254873485,0.45044968349124215
13,250.3959668828041,,,C-C torsion,tau(C4-C5-O6-C7),dihedral,0.0011618538807525334,+,0.014791402765966485,0.005766838473303552
13,250.3959668828041,,,C-C torsion,nu(O6-C7),bond,0.001161630890092891,-,-0.0018228421837720229,0.3796426635236279
13,250.3959668828041,,,C-C torsion,delta(C2-O3-H14),angle,0.0006041443952549672,+,0.0019298591548463603,0.1761548163912733
13,250.3959668828041,,,C-C torsion,nu(C5-H17),bond,0.00025254531126080984,+,0.0009063308310536431,0.3338649301903668
13,250.3959668828041,,,C-C torsion,nu(C1-H12),bond,0.00016553691958155138,-,-0.0007385744279162545,0.3295424270765694
13,250.3959668828041,,,C-C torsion,nu(C7-O9),bond,0.00011780586273637616,-,-0.0003962746643908087,0.8146654356474178
13,250.3959668828041,,,C-C torsion,nu(C1-H11),bond,0.00011628319585051302,+,0.0006131685670353429,0.33586302282669245
13,250.3959668828041,,,C-C torsion,nu(N8-H19),bond,8.133781034991701e-05,+,0.0004288707767865825,0.48022478197858476
13,250.3959668828041,,,C-C torsion,delta(C4-C5-H18),angle,7.346696220293834e-05,-,-0.00045250394782364063,0.38962995436760806
13,250.3959668828041,,,C-C torsion,nu(C1-H10),bond,5.9924650668190765e-05,+,0.00043782499923115893,0.3394762530008387
13,250.3959668828041,,,C-C torsion,nu(N8-H20),bond,2.4324568287496003e-05,+,0.00023362395058924252,0.48396662608765273
13,250.3959668828041,,,C-C torsion,nu(C2-O3),bond,1.5916893153746167e-05,+,0.00023509602650695338,0.3127322887485309
13,250.3959668828041,,,C-C torsion,delta(C7-N8-H20),angle,1.2273380466726e-05,+,0.00022923366581009355,0.25363687773146887
13,250.3959668828041,,,C-C torsion,nu(O3-H14),bond,1.07603531722925e-05,+,0.00015069656093971964,0.5145467545258035
13,250.3959668828041,,,C-C torsion,nu(C5-H18),bond,6.36383076166731e-06,-,-0.0001424731026109776,0.34045354277733064
13,250.3959668828041,,,C-C torsion,nu(C4-H15),bond,4.258690125179294e-06,+,0.000119203609942215,0.3254634512378247
13,250.3959668828041,,,C-C torsion,nu(C2-H13),bond,2.866176601194372e-06,+,9.726078914443167e-05,0.3290276293599761
13,250.3959668828041,,,C-C torsion,nu(C1-C2),bond,2.2842413736954494e-07,-,-3.01426943154126e-05,0.273012703189435
13,250.3959668828041,,,C-C torsion,nu(C4-H16),bond,7.585108785043403e-08,+,1.577680854421535e-05,0.33092418150229375
14,263.7500515108419,,,C-C torsion,tau(H11-C1-C2-O3),dihedral,42.512475936647576,+,0.0894597583680301,0.8082434974166677
14,263.7500515108419,,,C-C torsion,tau(H12-C1-C2-C4),dihedral,24.240107950080617,+,0.06190287352884291,0.9624854932709154
14,263.7500515108419,,,C-C torsion,tau(H10-C1-C2-C4),dihedral,5.9485736398373446,+,0.07175184700086508,0.17580366884501275
14,263.7500515108419,,,C-C torsion,delta(C4-C5-O6),angle,4.132420843920779,-,-0.035139297567426044,0.5092132008186406
14,263.7500515108419,,,C-C torsion,tau(C1-C2-C4-C5),dihedral,3.7106907227769637,-,-0.026966288824998047,0.7764145342752474
14,263.7500515108419,,,C-C torsion,"gamma(C1;C2,O3,H13)",oop,2.6934326876731007,-,-0.031438326474486855,0.41463747292882314
14,263.7500515108419,,,C-C torsion,delta(C2-C4-C5),angle,1.6962786100068408,-,-0.018022186296939302,0.7946273302237717
14,263.7500515108419,,,C-C torsion,nu(C2-C4),bond,1.4742235400174084,-,-0.02903811950776088,0.26601591914570893
14,263.7500515108419,,,C-C torsion,delta(C2-C1-H10),angle,1.3559092353327575,+,0.016443902916612282,0.7629605318840937
14,263.7500515108419,,,C-C torsion,"gamma(C2;C4,H15,H16)",oop,1.316367915848905,+,0.016601950948574164,0.7266751309793713
14,263.7500515108419,,,C-C torsion,delta(N8-C7-O9),angle,1.3010672978806133,+,0.018576340362715205,0.5736681033914728
14,263.7500515108419,,,C-C torsion,nu(C4-C5),bond,1.2173525617242942,-,-0.025344111375118408,0.28836563189512043
14,263.7500515108419,,,C-C torsion,tau(H16-C4-C5-H18),dihedral,1.1668176879647505,+,0.027697172225151622,0.23142666807728227
14,263.7500515108419,,,C-C torsion,delta(C1-C2-C4),angle,1.114587645473597,-,-0.02028157800397181,0.4122797483308755
14,263.7500515108419,,,C-C torsion,nu(C5-O6),bond,0.8340282094349439,-,-0.02056990653871979,0.29991443217879
14,263.7500515108419,,,C-C torsion,tau(O3-C2-C4-H16),dihedral,0.6956073456034503,-,-0.011440810841020766,0.8085964138894428
14,263.7500515108419,,,C-C torsion,tau(C2-C4-C5-O6),dihedral,0.6001565019678142,+,0.01955131009239347,0.23888784324546183
14,263.7500515108419,,,C-C torsion,nu(O6-C7),bond,0.545861688843279,-,-0.01479089425950851,0.3796426635236279
14,263.7500515108419,,,C-C torsion,delta(C5-O6-C7),angle,0.531984649996911,-,-0.016746916073212204,0.28860953510819726
14,263.7500515108419,,,C-C torsion,tau(H13-C2-O3-H14),dihedral,0.49702630659961083,+,0.08736302039038428,0.009908441658344393
14,263.7500515108419,,,C-C torsion,tau(O6-C7-N8-H19),dihedral,0.39548726265196504,-,-0.022309738766816595,0.12089958013102238
14,263.7500515108419,,,C-C torsion,tau(O9-C7-N8-H19),dihedral,0.3815667425094349,-,-0.020568028643869855,0.1372354906200594
14,263.7500515108419,,,C-C torsion,"gamma(H18;C5,O6,H17)",oop,0.36961569517333304,-,-0.013507565667162992,0.3082318346285468
14,263.7500515108419,,,C-C torsion,delta(C4-C5-H18),angle,0.3690927376680606,+,0.012005554181526362,0.38962995436760806
14,263.7500515108419,,,C-C torsion,delta(O6-C7-N8),angle,0.30008083560257964,-,-0.0084486303365393,0.6396566299177271
14,263.7500515108419,,,C-C torsion,delta(O6-C5-H17),angle,0.12788086738312276,+,0.00859621661088003,0.2633128987200418
14,263.7500515108419,,,C-C torsion,nu(C1-C2),bond,0.11460441648661199,-,-0.007991897044552627,0.273012703189435
14,263.7500515108419,,,C-C torsion,delta(C2-C4-H15),angle,0.09350110444246325,+,0.0037334926885345056,1.0206277969587885
14,263.7500515108419,,,C-C torsion,delta(C5-C4-H15),angle,0.07955725380587143,+,0.0026294266870814805,1.7508095722988488
14,263.7500515108419,,,C-C torsion,tau(O6-C7-N8-H20),dihedral,0.05853213288079394,+,0.018963665814576057,0.024764583303918165
14,263.7500515108419,,,C-C torsion,delta(H19-N8-H20),angle,0.030543525816300116,-,-0.004376399583081221,0.24264228911972324
14,263.7500515108419,,,C-C torsion,delta(C7-N8-H20),angle,0.027777063020434943,+,0.004082043174028553,0.25363687773146887
14,263.7500515108419,,,C-C torsion,nu(C7-N8),bond,0.020324324999061415,-,-0.0026201463710792496,0.45044968349124215
14,263.7500515108419,,,C-C torsion,tau(C5-O6-C7-N8),dihedral,0.016294369639238127,-,-0.009496658576910412,0.027490154249470444
14,263.7500515108419,,,C-C torsion,delta(H11-C1-H12),angle,0.008064509953175437,-,-0.0012190068173562813,0.8257469440591959
14,263.7500515108419,,,C-C torsion,tau(C4-C5-O6-C7),dihedral,0.007600220399417865,+,0.014160703534633695,0.005766838473303552
14,263.7500515108419,,,C-C torsion,delta(C2-C1-H12),angle,0.006408214046113215,-,-0.0016330969285690033,0.36559003310172816
14,263.7500515108419,,,C-C torsion,delta(H15-C4-H16),angle,0.0021439564789705236,+,0.0005507910426457223,1.075284756701329
14,263.7500515108419,,,C-C torsion,nu(C4-H16),bond,0.0016061442317130614,-,-0.0008593471685470028,0.33092418150229375
14,263.7500515108419,,,C-C torsion,nu(C4-H15),bond,0.0009122148013570334,+,0.0006530374317611446,0.3254634512378247
14,263.7500515108419,,,C-C torsion,nu(N8-H19),bond,0.0006465430737156168,+,0.00045260263561692474,0.48022478197858476
14,263.7500515108419,,,C-C torsion,delta(C2-O3-H14),angle,0.0006131380837473277,-,-0.000727733748910607,0.1761548163912733
14,263.7500515108419,,,C-C torsion,nu(C5-H17),bond,0.0005447236240790011,+,0.0004982454426557532,0.3338649301903668
14,263.7500515108419,,,C-C torsion,nu(C1-H10),bond,0.00040394278993438913,-,-0.0004254963718318388,0.3394762530008387
14,263.7500515108419,,,C-C torsion,nu(C1-H11),bond,0.00025683810073227886,+,0.00034110592216355577,0.33586302282669245
14,263.7500515108419,,,C-C torsion,nu(O3-H14),bond,0.00022532855230848173,+,0.00025812871680637206,0.5145467545258035
14,263.7500515108419,,,C-C torsion,delta(O3-C2-H13),angle,0.00020958027041953454,+,0.0003382483282010004,0.2787149988564878
14,263.7500515108419,,,C-C torsion,nu(C1-H12),bond,0.00018152387057654705,-,-0.0002895021774406676,0.3295424270765694
14,263.7500515108419,,,C-C torsion,nu(C5-H18),bond,0.0001360106245819373,-,-0.0002465460900233413,0.34045354277733064
14,263.7500515108419,,,C-C torsion,nu(C7-O9),bond,9.78107431422445e-05,-,-0.00013515878058138343,0.8146654356474178
14,263.7500515108419,,,C-C torsion,"gamma(H10;C1,H11,H12)",oop,7.48619033086684e-05,-,-0.00013042292914090426,0.6696289587334144
14,263.7500515108419,,,C-C torsion,nu(C2-O3),bond,2.622361381646485e-05,+,0.00011295372027736125,0.3127322887485309
14,263.7500515108419,,,C-C torsion,nu(C2-H13),bond,1.2037111416259077e-05,+,7.460803242885398e-05,0.3290276293599761
14,263.7500515108419,,,C-C torsion,nu(N8-H20),bond,6.868016658986525e-06,-,-4.646742362259761e-05,0.48396662608765273
15,299.03248184897006,,,mixed C-C torsion / C-O torsion,tau(H13-C2-O3-H14),dihedral,42.236843328943614,-,-0.5556139255055484,0.009908441658344393
15,299.03248184897006,,,mixed C-C torsion / C-O torsion,tau(H12-C1-C2-C4),dihedral,29.164689625297868,-,-0.04684482891986982,0.9624854932709154
15,299.03248184897006,,,mixed C-C torsion / C-O torsion,tau(H11-C1-C2-O3),dihedral,8.425102427685257,-,-0.02747556039353705,0.8082434974166677
15,299.03248184897006,,,mixed C-C torsion / C-O torsion,tau(H10-C1-C2-C4),dihedral,3.5880808600708702,-,-0.03844565086909631,0.17580366884501275
15,299.03248184897006,,,mixed C-C torsion / C-O torsion,delta(C2-C4-C5),angle,2.4213807703694292,-,-0.014855246735140309,0.7946273302237717
15,299.03248184897006,,,mixed C-C torsion / C-O torsion,tau(O9-C7-N8-H19),dihedral,1.5824116290851362,+,0.02889725479670728,0.1372354906200594
15,299.03248184897006,,,mixed C-C torsion / C-O torsion,tau(O6-C7-N8-H19),dihedral,1.5403883693167515,+,0.030376154501636707,0.12089958013102238
15,299.03248184897006,,,mixed C-C torsion / C-O torsion,delta(H15-C4-H16),angle,1.1532475078800952,+,0.008813118136960726,1.075284756701329
15,299.03248184897006,,,mixed C-C torsion / C-O torsion,delta(C2-C1-H10),angle,1.075901143516841,+,0.01010567256090347,0.7629605318840937
15,299.03248184897006,,,mixed C-C torsion / C-O torsion,tau(H16-C4-C5-H18),dihedral,0.7851677416655672,-,-0.015674893429993068,0.23142666807728227
15,299.03248184897006,,,mixed C-C torsion / C-O torsion,delta(C1-C2-C4),angle,0.7007746651356871,-,-0.01109489685488605,0.4122797483308755
15,299.03248184897006,,,mixed C-C torsion / C-O torsion,tau(O3-C2-C4-H16),dihedral,0.6513494807368317,+,0.007637851391966646,0.8085964138894428
15,299.03248184897006,,,mixed C-C torsion / C-O torsion,"gamma(C2;C4,H15,H16)",oop,0.6449971607961509,+,0.008017497379409304,0.7266751309793713
15,299.03248184897006,,,mixed C-C torsion / C-O torsion,"gamma(C1;C2,O3,H13)",oop,0.6446975262769548,-,-0.01061142726041665,0.41463747292882314
15,299.03248184897006,,,mixed C-C torsion / C-O torsion,delta(H11-C1-H12),angle,0.6140628246754586,-,-0.007338596161956315,0.8257469440591959
15,299.03248184897006,,,mixed C-C torsion / C-O torsion,delta(C4-C5-O6),angle,0.5705997784892392,-,-0.009008366491284421,0.5092132008186406
15,299.03248184897006,,,mixed C-C torsion / C-O torsion,tau(C1-C2-C4-C5),dihedral,0.5410033109380036,+,0.0071036770168496615,0.7764145342752474
15,299.03248184897006,,,mixed C-C torsion / C-O torsion,"gamma(H18;C5,O6,H17)",oop,0.3951888483344728,-,-0.009635930718601516,0.3082318346285468
15,299.03248184897006,,,mixed C-C torsion / C-O torsion,nu(C4-C5),bond,0.39060832523602673,-,-0.009904420542140226,0.28836563189512043
15,299.03248184897006,,,mixed C-C torsion / C-O torsion,tau(C2-C4-C5-O6),dihedral,0.32267742402530214,-,-0.009890479334213052,0.23888784324546183
15,299.03248184897006,,,mixed C-C torsion / C-O torsion,nu(C1-C2),bond,0.27229295734525516,-,-0.008498785158662932,0.273012703189435
15,299.03248184897006,,,mixed C-C torsion / C-O torsion,delta(C2-C4-H15),angle,0.2451922253986616,+,0.004171091582620303,1.0206277969587885
15,299.03248184897006,,,mixed C-C torsion / C-O torsion,delta(C7-N8-H20),angle,0.24453028779884733,+,0.0083558417101804,0.25363687773146887
15,299.03248184897006,,,mixed C-C torsion / C-O torsion,delta(O6-C7-N8),angle,0.23540769035724662,-,-0.005162581780140938,0.6396566299177271
15,299.03248184897006,,,mixed C-C torsion / C-O torsion,delta(N8-C7-O9),angle,0.2324028845872559,+,0.005416521600981463,0.5736681033914728
15,299.03248184897006,,,mixed C-C torsion / C-O torsion,nu(O6-C7),bond,0.19899443357644456,-,-0.006161167731967304,0.3796426635236279
15,299.03248184897006,,,mixed C-C torsion / C-O torsion,delta(C2-C1-H12),angle,0.1666516471362175,-,-0.005745630663764289,0.36559003310172816
15,299.03248184897006,,,mixed C-C torsion / C-O torsion,nu(C5-O6),bond,0.15469307738035296,-,-0.00611176758948486,0.29991443217879
15,299.03248184897006,,,mixed C-C torsion / C-O torsion,tau(O6-C7-N8-H20),dihedral,0.14002891532672937,-,-0.020235941905541604,0.024764583303918165
15,299.03248184897006,,,mixed C-C torsion / C-O torsion,nu(C2-C4),bond,0.11636415526648149,-,-0.005628411881216515,0.26601591914570893
15,299.03248184897006,,,mixed C-C torsion / C-O torsion,delta(C4-C5-H18),angle,0.11606920753834701,-,-0.0046447507637823356,0.38962995436760806
15,299.03248184897006,,,mixed C-C torsion / C-O torsion,delta(O3-C2-H13),angle,0.10178356611166535,+,0.0051426709250741815,0.2787149988564878
15,299.03248184897006,,,mixed C-C torsion / C-O torsion,delta(H19-N8-H20),angle,0.10003952469787361,+,0.0054642761151874894,0.24264228911972324
15,299.03248184897006,,,mixed C-C torsion / C-O torsion,delta(C5-C4-H15),angle,0.04573961821170841,+,0.0013754882518362144,1.7508095722988488
15,299.03248184897006,,,mixed C-C torsion / C-O torsion,nu(C4-H15),bond,0.036726488668677476,-,-0.0028587005518448025,0.3254634512378247
15,299.03248184897006,,,mixed C-C torsion / C-O torsion,nu(C1-H12),bond,0.020518321424263214,+,0.0021234660429036547,0.3295424270765694
15,299.03248184897006,,,mixed C-C torsion / C-O torsion,nu(C7-N8),bond,0.018790837960090657,-,-0.0017381209916756022,0.45044968349124215
15,299.03248184897006,,,mixed C-C torsion / C-O torsion,nu(C2-O3),bond,0.0143760670079927,+,0.0018245835562194807,0.3127322887485309
15,299.03248184897006,,,mixed C-C torsion / C-O torsion,nu(O3-H14),bond,0.014036199151742222,-,-0.001405537422208631,0.5145467545258035
15,299.03248184897006,,,mixed C-C torsion / C-O torsion,"gamma(H10;C1,H11,H12)",oop,0.01398637254740197,+,0.001229887837103886,0.6696289587334144
15,299.03248184897006,,,mixed C-C torsion / C-O torsion,nu(C1-H11),bond,0.011474145998974155,-,-0.0015729291594244036,0.33586302282669245
15,299.03248184897006,,,mixed C-C torsion / C-O torsion,delta(C5-O6-C7),angle,0.009541895218072614,-,-0.0015473624654664304,0.28860953510819726
15,299.03248184897006,,,mixed C-C torsion / C-O torsion,tau(C5-O6-C7-N8),dihedral,0.009498246555541932,+,0.0050022247999395005,0.027490154249470444
15,299.03248184897006,,,mixed C-C torsion / C-O torsion,nu(C4-H16),bond,0.008399019158707393,+,0.0013557515457023874,0.33092418150229375
15,299.03248184897006,,,mixed C-C torsion / C-O torsion,nu(C1-H10),bond,0.00439915962030025,+,0.0009687466956323332,0.3394762530008387
15,299.03248184897006,,,mixed C-C torsion / C-O torsion,nu(N8-H20),bond,0.0037166174490992233,-,-0.0007457552126884549,0.48396662608765273
15,299.03248184897006,,,mixed C-C torsion / C-O torsion,delta(O6-C5-H17),angle,0.0029119056878512055,+,0.0008949167964082453,0.2633128987200418
15,299.03248184897006,,,mixed C-C torsion / C-O torsion,nu(C5-H17),bond,0.002724572922321015,+,0.0007687655100572074,0.3338649301903668
15,299.03248184897006,,,mixed C-C torsion / C-O torsion,nu(C7-O9),bond,0.002690939841744428,+,0.0004890940990883623,0.8146654356474178
15,299.03248184897006,,,mixed C-C torsion / C-O torsion,nu(C2-H13),bond,0.0020706358926771964,+,0.0006750963481109097,0.3290276293599761
15,299.03248184897006,,,mixed C-C torsion / C-O torsion,delta(C2-O3-H14),angle,0.0017578725334864544,+,0.0008501126978472149,0.1761548163912733
15,299.03248184897006,,,mixed C-C torsion / C-O torsion,nu(N8-H19),bond,0.0017363543293586268,-,-0.0005117136088857647,0.48022478197858476
15,299.03248184897006,,,mixed C-C torsion / C-O torsion,nu(C5-H18),bond,0.0011457541115342973,-,-0.0004936815048697499,0.34045354277733064
15,299.03248184897006,,,mixed C-C torsion / C-O torsion,tau(C4-C5-O6-C7),dihedral,0.0001356547115355365,-,-0.001305204677415974,0.005766838473303552
16,404.8638030581532,,,mixed C-C torsion / C-C-C bending,delta(C1-C2-C4),angle,17.010598257500654,-,-0.0852232446538116,0.4122797483308755
16,404.8638030581532,,,mixed C-C torsion / C-C-C bending,tau(O3-C2-C4-H16),dihedral,12.451344805199952,+,0.052063875949091704,0.8085964138894428
16,404.8638030581532,,,mixed C-C torsion / C-C-C bending,tau(H16-C4-C5-H18),dihedral,11.463577377042714,-,-0.09337866356309633,0.23142666807728227
16,404.8638030581532,,,mixed C-C torsion / C-C-C bending,delta(C4-C5-O6),angle,9.906689569351093,+,0.05852059354703167,0.5092132008186406
16,404.8638030581532,,,mixed C-C torsion / C-C-C bending,"gamma(C1;C2,O3,H13)",oop,7.751723920844258,-,-0.05736660462753275,0.41463747292882314
16,404.8638030581532,,,mixed C-C torsion / C-C-C bending,delta(C2-C1-H10),angle,7.14497298638831,+,0.04060163581515791,0.7629605318840937
16,404.8638030581532,,,mixed C-C torsion / C-C-C bending,delta(C5-C4-H15),angle,5.119575333669048,+,0.022687768640309042,1.7508095722988488
16,404.8638030581532,,,mixed C-C torsion / C-C-C bending,tau(H12-C1-C2-C4),dihedral,5.031535970969176,+,0.030335242196036356,0.9624854932709154
16,404.8638030581532,,,mixed C-C torsion / C-C-C bending,tau(H10-C1-C2-C4),dihedral,4.756203778465375,+,0.06900976233732892,0.17580366884501275
16,404.8638030581532,,,mixed C-C torsion / C-C-C bending,delta(C2-C4-C5),angle,3.8289593997766516,-,-0.029124126161209785,0.7946273302237717
16,404.8638030581532,,,mixed C-C torsion / C-C-C bending,tau(C1-C2-C4-C5),dihedral,3.0820331344440155,-,-0.026434195365651697,0.7764145342752474
16,404.8638030581532,,,mixed C-C torsion / C-C-C bending,delta(O6-C7-N8),angle,2.507558927253042,-,-0.026269172539265386,0.6396566299177271
16,404.8638030581532,,,mixed C-C torsion / C-C-C bending,tau(C2-C4-C5-O6),dihedral,2.16348771423223,-,-0.03992771564244621,0.23888784324546183
16,404.8638030581532,,,mixed C-C torsion / C-C-C bending,delta(C5-O6-C7),angle,2.11682529840335,+,0.03593200429861818,0.28860953510819726
16,404.8638030581532,,,mixed C-C torsion / C-C-C bending,delta(C4-C5-H18),angle,1.2440640719723866,-,-0.023707702959817632,0.38962995436760806
16,404.8638030581532,,,mixed C-C torsion / C-C-C bending,tau(H11-C1-C2-O3),dihedral,0.8318050623406471,+,0.013459655428344944,0.8082434974166677
16,404.8638030581532,,,mixed C-C torsion / C-C-C bending,delta(C2-C4-H15),angle,0.6266220709847481,+,0.010395931750596261,1.0206277969587885
16,404.8638030581532,,,mixed C-C torsion / C-C-C bending,delta(O3-C2-H13),angle,0.5201210013965724,-,-0.018124510941580727,0.2787149988564878
16,404.8638030581532,,,mixed C-C torsion / C-C-C bending,nu(O6-C7),bond,0.4986513991627664,+,0.015205660411332136,0.3796426635236279
16,404.8638030581532,,,mixed C-C torsion / C-C-C bending,"gamma(C2;C4,H15,H16)",oop,0.4491331987096271,-,-0.010430657910442913,0.7266751309793713
16,404.8638030581532,,,mixed C-C torsion / C-C-C bending,"gamma(H18;C5,O6,H17)",oop,0.2501672154732153,+,0.011952829474634365,0.3082318346285468
16,404.8638030581532,,,mixed C-C torsion / C-C-C bending,delta(C2-O3-H14),angle,0.21333809899442532,+,0.014600953619273322,0.1761548163912733
16,404.8638030581532,,,mixed C-C torsion / C-C-C bending,nu(C2-C4),bond,0.16955843968295412,+,0.010592541259379964,0.26601591914570893
16,404.8638030581532,,,mixed C-C torsion / C-C-C bending,delta(H11-C1-H12),angle,0.1570297105634319,-,-0.005785777117660326,0.8257469440591959
16,404.8638030581532,,,mixed C-C torsion / C-C-C bending,nu(C2-O3),bond,0.12815997877825996,+,0.008493449790701258,0.3127322887485309
16,404.8638030581532,,,mixed C-C torsion / C-C-C bending,delta(N8-C7-O9),angle,0.11268204309928904,-,-0.005880188884308625,0.5736681033914728
16,404.8638030581532,,,mixed C-C torsion / C-C-C bending,delta(H15-C4-H16),angle,0.08040891473691361,+,0.003628144934859903,1.075284756701329
16,404.8638030581532,,,mixed C-C torsion / C-C-C bending,delta(C2-C1-H12),angle,0.08000855681011582,+,0.006206765203570669,0.36559003310172816
16,404.8638030581532,,,mixed C-C torsion / C-C-C bending,nu(C5-O6),bond,0.07309395357794632,-,-0.00654992483323547,0.29991443217879
16,404.8638030581532,,,mixed C-C torsion / C-C-C bending,tau(O6-C7-N8-H19),dihedral,0.037477418602245814,+,0.007386976382257437,0.12089958013102238
16,404.8638030581532,,,mixed C-C torsion / C-C-C bending,tau(O9-C7-N8-H19),dihedral,0.035675842160912054,+,0.0067646942049605216,0.1372354906200594
16,404.8638030581532,,,mixed C-C torsion / C-C-C bending,delta(C7-N8-H20),angle,0.03362841032655523,+,0.004831046767952033,0.25363687773146887
16,404.8638030581532,,,mixed C-C torsion / C-C-C bending,tau(O6-C7-N8-H20),dihedral,0.030051499904452536,+,0.014615438038435303,0.024764583303918165
16,404.8638030581532,,,mixed C-C torsion / C-C-C bending,nu(C4-C5),bond,0.02622607550088861,-,-0.0040011900130513586,0.28836563189512043
16,404.8638030581532,,,mixed C-C torsion / C-C-C bending,delta(O6-C5-H17),angle,0.022748647882928845,-,-0.003899743107845053,0.2633128987200418
16,404.8638030581532,,,mixed C-C torsion / C-C-C bending,tau(C5-O6-C7-N8),dihedral,0.015481949244198743,+,0.009956770646898809,0.027490154249470444
16,404.8638030581532,,,mixed C-C torsion / C-C-C bending,tau(H13-C2-O3-H14),dihedral,0.008562462190723858,+,0.012333630322433032,0.009908441658344393
16,404.8638030581532,,,mixed C-C torsion / C-C-C bending,tau(C4-C5-O6-C7),dihedral,0.004217079012238402,-,-0.011345698735737379,0.005766838473303552
16,404.8638030581532,,,mixed C-C torsion / C-C-C bending,nu(C1-C2),bond,0.0036901155874466407,-,-0.0015424916774508725,0.273012703189435
16,404.8638030581532,,,mixed C-C torsion / C-C-C bending,nu(C7-O9),bond,0.0023455794346456654,+,0.0007119175502141512,0.8146654356474178
16,404.8638030581532,,,mixed C-C torsion / C-C-C bending,nu(C5-H18),bond,0.00223442447202136,+,0.0010748507967118606,0.34045354277733064
16,404.8638030581532,,,mixed C-C torsion / C-C-C bending,nu(C5-H17),bond,0.0015148254945922238,+,0.0008936967399263197,0.3338649301903668
16,404.8638030581532,,,mixed C-C torsion / C-C-C bending,nu(C2-H13),bond,0.0014412386374404228,-,-0.0008781041628008474,0.3290276293599761
16,404.8638030581532,,,mixed C-C torsion / C-C-C bending,"gamma(H10;C1,H11,H12)",oop,0.0009355822770324284,-,-0.0004959274547807064,0.6696289587334144
16,404.8638030581532,,,mixed C-C torsion / C-C-C bending,nu(C1-H12),bond,0.0007816446296354239,-,-0.0006461647735103057,0.3295424270765694
16,404.8638030581532,,,mixed C-C torsion / C-C-C bending,nu(C1-H10),bond,0.0006386702132811528,-,-0.0005754769098271192,0.3394762530008387
16,404.8638030581532,,,mixed C-C torsion / C-C-C bending,nu(O3-H14),bond,0.0006212336997733181,+,0.0004610089466777794,0.5145467545258035
16,404.8638030581532,,,mixed C-C torsion / C-C-C bending,nu(C4-H16),bond,0.0005840293835082219,-,-0.0005573748509242355,0.33092418150229375
16,404.8638030581532,,,mixed C-C torsion / C-C-C bending,nu(C4-H15),bond,0.0005752981170501457,-,-0.0005578142897773237,0.3254634512378247
16,404.8638030581532,,,mixed C-C torsion / C-C-C bending,nu(C1-H11),bond,0.0002693462383757368,+,0.0003757237369200128,0.33586302282669245
16,404.8638030581532,,,mixed C-C torsion / C-C-C bending,delta(H19-N8-H20),angle,0.0002446341048809778,+,0.0004212787237630096,0.24264228911972324
16,404.8638030581532,,,mixed C-C torsion / C-C-C bending,nu(N8-H20),bond,6.492768118474735e-05,-,-0.00015367439476759266,0.48396662608765273
16,404.8638030581532,,,mixed C-C torsion / C-C-C bending,nu(N8-H19),bond,4.4197129737065726e-05,-,-0.0001272825950228797,0.48022478197858476
16,404.8638030581532,,,mixed C-C torsion / C-C-C bending,nu(C7-N8),bond,1.4678251076690811e-05,+,7.573703255162219e-05,0.45044968349124215
17,450.65485037037774,,,mixed C-C torsion / O-C-N bending,delta(O6-C7-N8),angle,18.5847935182752,-,-0.06617467270121682,0.6396566299177271
17,450.65485037037774,,,mixed C-C torsion / O-C-N bending,tau(H11-C1-C2-O3),dihedral,16.70148863746133,-,-0.05580753832698643,0.8082434974166677
17,450.65485037037774,,,mixed C-C torsion / O-C-N bending,delta(N8-C7-O9),angle,14.58921389870482,+,0.06191159302401027,0.5736681033914728
17,450.65485037037774,,,mixed C-C torsion / O-C-N bending,"gamma(C1;C2,O3,H13)",oop,11.033350117361174,+,0.0633294636595534,0.41463747292882314
17,450.65485037037774,,,mixed C-C torsion / O-C-N bending,tau(H16-C4-C5-H18),dihedral,7.904191922943609,-,-0.07174777238328071,0.23142666807728227
17,450.65485037037774,,,mixed C-C torsion / O-C-N bending,delta(C2-C4-H15),angle,4.53465759536985,+,0.025877656180007057,1.0206277969587885
17,450.65485037037774,,,mixed C-C torsion / O-C-N bending,delta(C7-N8-H20),angle,3.0101071422143413,+,0.04229326002947252,0.25363687773146887
17,450.65485037037774,,,mixed C-C torsion / O-C-N bending,delta(C5-C4-H15),angle,2.7677953987777006,+,0.015435969789528107,1.7508095722988488
17,450.65485037037774,,,mixed C-C torsion / O-C-N bending,delta(C2-C1-H10),angle,2.7552110748193948,-,-0.023329895105405844,0.7629605318840937
17,450.65485037037774,,,mixed C-C torsion / O-C-N bending,nu(C5-O6),bond,2.5020047783064765,-,-0.03545943158065979,0.29991443217879
17,450.65485037037774,,,mixed C-C torsion / O-C-N bending,tau(C1-C2-C4-C5),dihedral,2.1694112928351554,+,0.02052156627606198,0.7764145342752474
17,450.65485037037774,,,mixed C-C torsion / O-C-N bending,delta(C2-C4-C5),angle,1.9829754731194826,-,-0.01939381760744974,0.7946273302237717
17,450.65485037037774,,,mixed C-C torsion / O-C-N bending,tau(O9-C7-N8-H19),dihedral,1.6853111903626645,+,0.04302225966982766,0.1372354906200594
17,450.65485037037774,,,mixed C-C torsion / O-C-N bending,tau(O6-C7-N8-H19),dihedral,1.6473256385754644,+,0.04531726769709905,0.12089958013102238
17,450.65485037037774,,,mixed C-C torsion / O-C-N bending,tau(H13-C2-O3-H14),dihedral,1.366739405829834,+,0.14418715224316747,0.009908441658344393
17,450.65485037037774,,,mixed C-C torsion / O-C-N bending,nu(C1-C2),bond,1.3095655917271491,-,-0.02688800528917072,0.273012703189435
17,450.65485037037774,,,mixed C-C torsion / O-C-N bending,delta(C4-C5-O6),angle,0.7418554754289988,+,0.014818225891413796,0.5092132008186406
17,450.65485037037774,,,mixed C-C torsion / O-C-N bending,tau(O6-C7-N8-H20),dihedral,0.7366828194978126,+,0.06695933671887846,0.024764583303918165
17,450.65485037037774,,,mixed C-C torsion / O-C-N bending,tau(H12-C1-C2-C4),dihedral,0.7350264395975182,+,0.010728543564488015,0.9624854932709154
17,450.65485037037774,,,mixed C-C torsion / O-C-N bending,delta(C2-C1-H12),angle,0.6826889121213218,-,-0.01677647197249415,0.36559003310172816
17,450.65485037037774,,,mixed C-C torsion / O-C-N bending,tau(C2-C4-C5-O6),dihedral,0.65497134431061,-,-0.02032827417780449,0.23888784324546183
17,450.65485037037774,,,mixed C-C torsion / O-C-N bending,tau(H10-C1-C2-C4),dihedral,0.6049902615956613,-,-0.022774382452655173,0.17580366884501275
17,450.65485037037774,,,mixed C-C torsion / O-C-N bending,nu(C4-C5),bond,0.469373805623358,-,-0.015662967968849837,0.28836563189512043
17,450.65485037037774,,,mixed C-C torsion / O-C-N bending,delta(C4-C5-H18),angle,0.18440591731624967,-,-0.008445933199918397,0.38962995436760806
17,450.65485037037774,,,mixed C-C torsion / O-C-N bending,nu(C2-C4),bond,0.1639144781642015,+,0.00963698601877828,0.26601591914570893
17,450.65485037037774,,,mixed C-C torsion / O-C-N bending,delta(C5-O6-C7),angle,0.10789271966334102,-,-0.007506320734303711,0.28860953510819726
17,450.65485037037774,,,mixed C-C torsion / O-C-N bending,nu(C7-N8),bond,0.08924767852770392,-,-0.005464641874138443,0.45044968349124215
17,450.65485037037774,,,mixed C-C torsion / O-C-N bending,delta(H11-C1-H12),angle,0.06475609209180314,+,0.0034379789483350055,0.8257469440591959
17,450.65485037037774,,,mixed C-C torsion / O-C-N bending,delta(O6-C5-H17),angle,0.04276235698166834,+,0.004947446822606291,0.2633128987200418
17,450.65485037037774,,,mixed C-C torsion / O-C-N bending,tau(O3-C2-C4-H16),dihedral,0.03683364365706569,+,0.002620250546754332,0.8085964138894428
17,450.65485037037774,,,mixed C-C torsion / O-C-N bending,nu(O6-C7),bond,0.033110391906234195,-,-0.0036256096105505503,0.3796426635236279
17,450.65485037037774,,,mixed C-C torsion / O-C-N bending,"gamma(H10;C1,H11,H12)",oop,0.014303716443487801,-,-0.0017942944641425728,0.6696289587334144
17,450.65485037037774,,,mixed C-C torsion / O-C-N bending,nu(C5-H18),bond,0.014145983524204831,+,0.0025024996744681606,0.34045354277733064
17,450.65485037037774,,,mixed C-C torsion / O-C-N bending,delta(O3-C2-H13),angle,0.013122187998966969,-,-0.0026638473979128468,0.2787149988564878
17,450.65485037037774,,,mixed C-C torsion / O-C-N bending,delta(H15-C4-H16),angle,0.01051447904443359,+,0.0012139995335463504,1.075284756701329
17,450.65485037037774,,,mixed C-C torsion / O-C-N bending,tau(C5-O6-C7-N8),dihedral,0.00889929192214751,+,0.006985146560598782,0.027490154249470444
17,450.65485037037774,,,mixed C-C torsion / O-C-N bending,delta(C1-C2-C4),angle,0.00787934657779414,+,0.0016972096221089057,0.4122797483308755
17,450.65485037037774,,,mixed C-C torsion / O-C-N bending,"gamma(C2;C4,H15,H16)",oop,0.006575707173403723,-,-0.001167851084554541,0.7266751309793713
17,450.65485037037774,,,mixed C-C torsion / O-C-N bending,tau(C4-C5-O6-C7),dihedral,0.005275062197196861,-,-0.011741708202384763,0.005766838473303552
17,450.65485037037774,,,mixed C-C torsion / O-C-N bending,"gamma(H18;C5,O6,H17)",oop,0.004806999187104759,+,0.0015331500564109595,0.3082318346285468
17,450.65485037037774,,,mixed C-C torsion / O-C-N bending,nu(N8-H20),bond,0.0046082235660975055,-,-0.0011979686356751943,0.48396662608765273
17,450.65485037037774,,,mixed C-C torsion / O-C-N bending,delta(H19-N8-H20),angle,0.00412740312463871,-,-0.0016011852533059207,0.24264228911972324
17,450.65485037037774,,,mixed C-C torsion / O-C-N bending,nu(C7-O9),bond,0.003304303374090291,+,0.0007818738643380444,0.8146654356474178
17,450.65485037037774,,,mixed C-C torsion / O-C-N bending,delta(C2-O3-H14),angle,0.0020677093820813436,-,-0.0013300987114703774,0.1761548163912733
17,450.65485037037774,,,mixed C-C torsion / O-C-N bending,nu(C1-H10),bond,0.0017095949472664645,-,-0.0008712209243115129,0.3394762530008387
17,450.65485037037774,,,mixed C-C torsion / O-C-N bending,nu(C4-H16),bond,0.0011527484819436476,+,0.0007245851220787455,0.33092418150229375
17,450.65485037037774,,,mixed C-C torsion / O-C-N bending,nu(C5-H17),bond,0.0011022539133243125,+,0.0007054103185701002,0.3338649301903668
17,450.65485037037774,,,mixed C-C torsion / O-C-N bending,nu(N8-H19),bond,0.0009448241368789954,+,0.0005445522919794474,0.48022478197858476
17,450.65485037037774,,,mixed C-C torsion / O-C-N bending,nu(C1-H12),bond,0.0007169500953995872,+,0.0005726314281852152,0.3295424270765694
17,450.65485037037774,,,mixed C-C torsion / O-C-N bending,nu(O3-H14),bond,0.0006981431447628026,+,0.00045221628921483765,0.5145467545258035
17,450.65485037037774,,,mixed C-C torsion / O-C-N bending,nu(C1-H11),bond,0.0006308914384254082,-,-0.000532086947303003,0.33586302282669245
17,450.65485037037774,,,mixed C-C torsion / O-C-N bending,nu(C2-O3),bond,0.00044776427786589725,-,-0.0004645417423708811,0.3127322887485309
17,450.65485037037774,,,mixed C-C torsion / O-C-N bending,nu(C4-H15),bond,0.00029959218929158165,-,-0.0003724779043647229,0.3254634512378247
17,450.65485037037774,,,mixed C-C torsion / O-C-N bending,nu(C2-H13),bond,1.1810691997499926e-05,-,-7.355426708622951e-05,0.3290276293599761
18,490.2582438476956,,,C-C torsion,tau(O3-C2-C4-H16),dihedral,37.327156968471776,-,-0.15963183845647183,0.8085964138894428
18,490.2582438476956,,,C-C torsion,tau(H11-C1-C2-O3),dihedral,21.933271770478797,+,0.12239215021373617,0.8082434974166677
18,490.2582438476956,,,C-C torsion,tau(H12-C1-C2-C4),dihedral,8.537972451594179,-,-0.06997666531536614,0.9624854932709154
18,490.2582438476956,,,C-C torsion,delta(C2-C4-H15),angle,5.739793142963388,-,-0.0557169569330683,1.0206277969587885
18,490.2582438476956,,,C-C torsion,tau(C1-C2-C4-C5),dihedral,4.1175776515089835,+,0.05410620018573393,0.7764145342752474
18,490.2582438476956,,,C-C torsion,tau(H16-C4-C5-H18),dihedral,3.9670695869953727,+,0.09727498493957945,0.23142666807728227
18,490.2582438476956,,,C-C torsion,tau(H10-C1-C2-C4),dihedral,3.3830191107539145,-,-0.10306500361280097,0.17580366884501275
18,490.2582438476956,,,C-C torsion,delta(C1-C2-C4),angle,3.1563601513470383,-,-0.06500851404216887,0.4122797483308755
18,490.2582438476956,,,C-C torsion,delta(C2-C1-H12),angle,2.7639219219773365,-,-0.06460091597987468,0.36559003310172816
18,490.2582438476956,,,C-C torsion,delta(C4-C5-O6),angle,1.9528678894655258,+,0.04601077723987499,0.5092132008186406
18,490.2582438476956,,,C-C torsion,tau(C2-C4-C5-O6),dihedral,1.553385558757401,+,0.05991224192198123,0.23888784324546183
18,490.2582438476956,,,C-C torsion,delta(O3-C2-H13),angle,0.9482947454363744,+,0.04333756101090638,0.2787149988564878
18,490.2582438476956,,,C-C torsion,"gamma(C1;C2,O3,H13)",oop,0.9115141831061113,-,-0.03483536819076189,0.41463747292882314
18,490.2582438476956,,,C-C torsion,delta(C2-C1-H10),angle,0.9108971194027835,+,0.02567181606607319,0.7629605318840937
18,490.2582438476956,,,C-C torsion,"gamma(C2;C4,H15,H16)",oop,0.38192704471626576,-,-0.017033073549134293,0.7266751309793713
18,490.2582438476956,,,C-C torsion,nu(C1-C2),bond,0.3637985872313266,-,-0.027121396060743784,0.273012703189435
18,490.2582438476956,,,C-C torsion,delta(C2-O3-H14),angle,0.3033227152556809,-,-0.030830329818963755,0.1761548163912733
18,490.2582438476956,,,C-C torsion,delta(N8-C7-O9),angle,0.26394685943798096,-,-0.015936790447126876,0.5736681033914728
18,490.2582438476956,,,C-C torsion,delta(C5-C4-H15),angle,0.2527180456811431,+,0.008926303218120192,1.7508095722988488
18,490.2582438476956,,,C-C torsion,delta(C2-C4-C5),angle,0.23118881618754633,-,-0.012672859671703276,0.7946273302237717
18,490.2582438476956,,,C-C torsion,delta(C4-C5-H18),angle,0.15533334500260157,-,-0.014834712800179648,0.38962995436760806
18,490.2582438476956,,,C-C torsion,nu(O6-C7),bond,0.1408603408666529,+,0.014311324394297276,0.3796426635236279
18,490.2582438476956,,,C-C torsion,delta(C5-O6-C7),angle,0.10402216222991523,+,0.014105242763013155,0.28860953510819726
18,490.2582438476956,,,C-C torsion,delta(O6-C7-N8),angle,0.10110742535453673,-,-0.00934094978112365,0.6396566299177271
18,490.2582438476956,,,C-C torsion,nu(C2-C4),bond,0.09594653859116674,-,-0.014110220700379966,0.26601591914570893
18,490.2582438476956,,,C-C torsion,nu(C2-O3),bond,0.06704449428382755,-,-0.01087847861408442,0.3127322887485309
18,490.2582438476956,,,C-C torsion,tau(O9-C7-N8-H19),dihedral,0.05727563373832298,-,-0.015178354656079272,0.1372354906200594
18,490.2582438476956,,,C-C torsion,"gamma(H18;C5,O6,H17)",oop,0.05290426560132692,+,0.009733736014396983,0.3082318346285468
18,490.2582438476956,,,C-C torsion,tau(O6-C7-N8-H19),dihedral,0.04955981608919819,-,-0.015042686723357686,0.12089958013102238
18,490.2582438476956,,,C-C torsion,delta(H11-C1-H12),angle,0.04481596348821524,-,-0.005473509114148333,0.8257469440591959
18,490.2582438476956,,,C-C torsion,nu(C4-C5),bond,0.0407261547052709,-,-0.008829536743994238,0.28836563189512043
18,490.2582438476956,,,C-C torsion,delta(O6-C5-H17),angle,0.03006356067264471,-,-0.0079388410273701,0.2633128987200418
18,490.2582438476956,,,C-C torsion,"gamma(H10;C1,H11,H12)",oop,0.018340191916740894,-,-0.0038882823042355784,0.6696289587334144
18,490.2582438476956,,,C-C torsion,delta(C7-N8-H20),angle,0.007713517772837374,-,-0.004097255127301351,0.25363687773146887
18,490.2582438476956,,,C-C torsion,tau(H13-C2-O3-H14),dihedral,0.006975270289438837,+,0.019712913060388436,0.009908441658344393
18,490.2582438476956,,,C-C torsion,tau(O6-C7-N8-H20),dihedral,0.005946671913396784,-,-0.01151315737547019,0.024764583303918165
18,490.2582438476956,,,C-C torsion,tau(C5-O6-C7-N8),dihedral,0.0041764969418792465,-,-0.009157785349516917,0.027490154249470444
18,490.2582438476956,,,C-C torsion,delta(H15-C4-H16),angle,0.003664139255868674,+,0.001371504399382724,1.075284756701329
18,490.2582438476956,,,C-C torsion,nu(C7-N8),bond,0.0036317104856646554,-,-0.002109625815283143,0.45044968349124215
18,490.2582438476956,,,C-C torsion,nu(C1-H12),bond,0.0015689360235136788,+,0.0016211377304596616,0.3295424270765694
18,490.2582438476956,,,C-C torsion,nu(C2-H13),bond,0.0015208461054029975,-,-0.001597347532076416,0.3290276293599761
18,490.2582438476956,,,C-C torsion,nu(C5-O6),bond,0.001403716050168141,-,-0.0016073628061863212,0.29991443217879
18,490.2582438476956,,,C-C torsion,nu(C7-O9),bond,0.0010796724308141442,+,0.0008553213740499588,0.8146654356474178
18,490.2582438476956,,,C-C torsion,nu(C4-H16),bond,0.0009997067436503379,-,-0.0012913531417790831,0.33092418150229375
18,490.2582438476956,,,C-C torsion,nu(C1-H11),bond,0.0009078851178345896,-,-0.0012215389422475045,0.33586302282669245
18,490.2582438476956,,,C-C torsion,nu(C4-H15),bond,0.0008107202663993266,+,0.0011726201870299394,0.3254634512378247
18,490.2582438476956,,,C-C torsion,nu(C1-H10),bond,0.0007558611109259966,-,-0.001108636735222871,0.3394762530008387
18,490.2582438476956,,,C-C torsion,tau(C4-C5-O6-C7),dihedral,0.00029825573832355316,+,0.00534316363571719,0.005766838473303552
18,490.2582438476956,,,C-C torsion,nu(C5-H17),bond,0.0002863575019539609,+,0.0006880846122262942,0.3338649301903668
18,490.2582438476956,,,C-C torsion,delta(H19-N8-H20),angle,0.00019958315797334318,+,0.0006738320473482638,0.24264228911972324
18,490.2582438476956,,,C-C torsion,nu(N8-H19),bond,3.264179312365971e-05,-,-0.00019370359647134287,0.48022478197858476
18,490.2582438476956,,,C-C torsion,nu(C5-H18),bond,1.6910287813028892e-05,+,0.0001655844443613889,0.34045354277733064
18,490.2582438476956,,,C-C torsion,nu(N8-H20),bond,4.186201699439281e-06,+,6.909956797646469e-05,0.48396662608765273
18,490.2582438476956,,,C-C torsion,nu(O3-H14),bond,2.701501982090613e-06,+,5.383481041062823e-05,0.5145467545258035
19,512.6954346165587,,,C-N torsion,tau(O6-C7-N8-H19),dihedral,40.48792601261562,+,0.38586647804129826,0.12089958013102238
19,512.6954346165587,,,C-N torsion,tau(O9-C7-N8-H19),dihedral,39.31367874509396,+,0.3568825428467137,0.1372354906200594
19,512.6954346165587,,,C-N torsion,tau(O6-C7-N8-H20),dihedral,9.484447932362393,+,0.4126455803978616,0.024764583303918165
19,512.6954346165587,,,C-N torsion,tau(H11-C1-C2-O3),dihedral,1.5643771900528025,+,0.02933501468144627,0.8082434974166677
19,512.6954346165587,,,C-N torsion,delta(C2-C4-C5),angle,1.5267952691828168,+,0.029227746764354735,0.7946273302237717
19,512.6954346165587,,,C-N torsion,delta(C2-C4-H15),angle,1.2312342902805564,-,-0.023159188471052437,1.0206277969587885
19,512.6954346165587,,,C-N torsion,delta(N8-C7-O9),angle,1.1209890531945672,+,0.029475217347117763,0.5736681033914728
19,512.6954346165587,,,C-N torsion,tau(H16-C4-C5-H18),dihedral,0.7424991888506614,+,0.03776834655753807,0.23142666807728227
19,512.6954346165587,,,C-N torsion,delta(O6-C7-N8),angle,0.6417836931187688,-,-0.02112066403262703,0.6396566299177271
19,512.6954346165587,,,C-N torsion,delta(C7-N8-H20),angle,0.5952094732706964,+,0.03230095779016434,0.25363687773146887
19,512.6954346165587,,,C-N torsion,tau(O3-C2-C4-H16),dihedral,0.5404381281156805,-,-0.017238273510178752,0.8085964138894428
19,512.6954346165587,,,C-N torsion,"gamma(C1;C2,O3,H13)",oop,0.42953941079923924,-,-0.0214611957647552,0.41463747292882314
19,512.6954346165587,,,C-N torsion,delta(C5-C4-H15),angle,0.4082643242643525,-,-0.010182113679900464,1.7508095722988488
19,512.6954346165587,,,C-N torsion,"gamma(C2;C4,H15,H16)",oop,0.387777113525183,-,-0.015403081738516029,0.7266751309793713
19,512.6954346165587,,,C-N torsion,delta(C4-C5-O6),angle,0.3015136092145121,+,0.01622520956533148,0.5092132008186406
19,512.6954346165587,,,C-N torsion,nu(C1-C2),bond,0.24472493577543686,+,0.019963393447428122,0.273012703189435
19,512.6954346165587,,,C-N torsion,tau(H12-C1-C2-C4),dihedral,0.1550633359266312,-,-0.00846338597118975,0.9624854932709154
19,512.6954346165587,,,C-N torsion,delta(C5-O6-C7),angle,0.1507027848927575,-,-0.015236737423814687,0.28860953510819726
19,512.6954346165587,,,C-N torsion,"gamma(H18;C5,O6,H17)",oop,0.14033624738215386,+,0.014227639943925074,0.3082318346285468
19,512.6954346165587,,,C-N torsion,nu(C4-C5),bond,0.1111127414837959,+,0.013088710566325002,0.28836563189512043
19,512.6954346165587,,,C-N torsion,delta(C2-C1-H10),angle,0.09705608421935899,+,0.007520505420382486,0.7629605318840937
19,512.6954346165587,,,C-N torsion,nu(O6-C7),bond,0.07532629989265228,+,0.009392311629561287,0.3796426635236279
19,512.6954346165587,,,C-N torsion,tau(H13-C2-O3-H14),dihedral,0.06476323704640807,-,-0.05390738656637485,0.009908441658344393
19,512.6954346165587,,,C-N torsion,nu(C2-C4),bond,0.042660187635497684,+,0.00844392270790545,0.26601591914570893
19,512.6954346165587,,,C-N torsion,nu(C5-O6),bond,0.04005952176779503,+,0.007706210711265642,0.29991443217879
19,512.6954346165587,,,C-N torsion,delta(H15-C4-H16),angle,0.027432698943415715,-,-0.0033679001413611394,1.075284756701329
19,512.6954346165587,,,C-N torsion,delta(O3-C2-H13),angle,0.013901737179409358,+,0.004709133999724455,0.2787149988564878
19,512.6954346165587,,,C-N torsion,delta(C2-C1-H12),angle,0.012491031973602683,+,0.003897522835984374,0.36559003310172816
19,512.6954346165587,,,C-N torsion,tau(C2-C4-C5-O6),dihedral,0.007747955025043783,+,0.00379737251635925,0.23888784324546183
19,512.6954346165587,,,C-N torsion,nu(C7-N8),bond,0.0063179734475844514,+,0.002497194887899298,0.45044968349124215
19,512.6954346165587,,,C-N torsion,tau(C4-C5-O6-C7),dihedral,0.006109078182865943,-,-0.02170229337611402,0.005766838473303552
19,512.6954346165587,,,C-N torsion,tau(C1-C2-C4-C5),dihedral,0.005202965345014523,+,0.001726097487282826,0.7764145342752474
19,512.6954346165587,,,C-N torsion,delta(H19-N8-H20),angle,0.0043723301406736895,-,-0.0028304788113801805,0.24264228911972324
19,512.6954346165587,,,C-N torsion,delta(C4-C5-H18),angle,0.004256465106997579,-,-0.002203865325702163,0.38962995436760806
19,512.6954346165587,,,C-N torsion,delta(O6-C5-H17),angle,0.002985546642532753,-,-0.0022452388340185973,0.2633128987200418
19,512.6954346165587,,,C-N torsion,delta(H11-C1-H12),angle,0.0028639237257836753,-,-0.0012417778764174396,0.8257469440591959
19,512.6954346165587,,,C-N torsion,"gamma(H10;C1,H11,H12)",oop,0.0023796013285654082,+,0.0012569606151982165,0.6696289587334144
19,512.6954346165587,,,C-N torsion,delta(C2-O3-H14),angle,0.0020716486145179037,-,-0.0022866382712413637,0.1761548163912733
19,512.6954346165587,,,C-N torsion,tau(C5-O6-C7-N8),dihedral,0.0009275716668706907,-,-0.0038732170139820533,0.027490154249470444
19,512.6954346165587,,,C-N torsion,nu(N8-H19),bond,0.0004752271808847475,+,0.0006633076929870658,0.48022478197858476
19,512.6954346165587,,,C-N torsion,nu(C7-O9),bond,0.00046351169226918805,-,-0.00050295297769295,0.8146654356474178
19,512.6954346165587,,,C-N torsion,nu(C4-H15),bond,0.0003744289162206567,+,0.000715188067308493,0.3254634512378247
19,512.6954346165587,,,C-N torsion,nu(C5-H18),bond,0.00030519201815237834,-,-0.0006313124276742069,0.34045354277733064
19,512.6954346165587,,,C-N torsion,nu(N8-H20),bond,0.0002391976445246955,-,-0.00046876742470808465,0.48396662608765273
19,512.6954346165587,,,C-N torsion,tau(H10-C1-C2-C4),dihedral,0.00018738918133290926,+,0.0006884065152264246,0.17580366884501275
19,512.6954346165587,,,C-N torsion,nu(C1-H10),bond,0.0001562747943789006,+,0.00045240401458257695,0.3394762530008387
19,512.6954346165587,,,C-N torsion,nu(C2-O3),bond,0.00014208922017140232,-,-0.00044944948361389604,0.3127322887485309
19,512.6954346165587,,,C-N torsion,nu(C5-H17),bond,8.249864437529868e-05,-,-0.0003314550856950297,0.3338649301903668
19,512.6954346165587,,,C-N torsion,delta(C1-C2-C4),angle,5.774337645185418e-05,+,0.00024954091799800273,0.4122797483308755
19,512.6954346165587,,,C-N torsion,nu(O3-H14),bond,5.305307069206522e-05,-,-0.00021410633790064536,0.5145467545258035
19,512.6954346165587,,,C-N torsion,nu(C2-H13),bond,4.544702828703061e-05,-,-0.0002478125195037339,0.3290276293599761
19,512.6954346165587,,,C-N torsion,nu(C1-H11),bond,3.802709819586674e-05,+,0.00022436348589684486,0.33586302282669245
19,512.6954346165587,,,C-N torsion,nu(C1-H12),bond,2.417202358414304e-05,-,-0.000180587430535429,0.3295424270765694
19,512.6954346165587,,,C-N torsion,nu(C4-H16),bond,1.6410823246222485e-05,+,0.00014848672011522242,0.33092418150229375
20,541.9842859766294,,,mixed C-N torsion / N-C-O bending / O-C-N bending,delta(N8-C7-O9),angle,16.119662650701425,-,-0.09375446879589519,0.5736681033914728
20,541.9842859766294,,,mixed C-N torsion / N-C-O bending / O-C-N bending,delta(O6-C7-N8),angle,15.69450142755248,+,0.08760818113639146,0.6396566299177271
20,541.9842859766294,,,mixed C-N torsion / N-C-O bending / O-C-N bending,tau(O6-C7-N8-H19),dihedral,12.697622591327525,+,0.1812563230566263,0.12089958013102238
20,541.9842859766294,,,mixed C-N torsion / N-C-O bending / O-C-N bending,tau(O9-C7-N8-H19),dihedral,12.005989291645099,+,0.16542841585838966,0.1372354906200594
20,541.9842859766294,,,mixed C-N torsion / N-C-O bending / O-C-N bending,delta(C2-C4-C5),angle,9.159145836123688,-,-0.06004683107929755,0.7946273302237717
20,541.9842859766294,,,mixed C-N torsion / N-C-O bending / O-C-N bending,delta(C2-C4-H15),angle,5.445875051740572,+,0.0408549322887963,1.0206277969587885
20,541.9842859766294,,,mixed C-N torsion / N-C-O bending / O-C-N bending,tau(H11-C1-C2-O3),dihedral,4.270770747365992,-,-0.04065616168189024,0.8082434974166677
20,541.9842859766294,,,mixed C-N torsion / N-C-O bending / O-C-N bending,delta(C7-N8-H20),angle,3.2622003186791337,-,-0.06342981846799657,0.25363687773146887
20,541.9842859766294,,,mixed C-N torsion / N-C-O bending / O-C-N bending,delta(C4-C5-O6),angle,2.8486787196064567,-,-0.04183273539503902,0.5092132008186406
20,541.9842859766294,,,mixed C-N torsion / N-C-O bending / O-C-N bending,"gamma(C2;C4,H15,H16)",oop,2.830963235152613,+,0.03490931448537306,0.7266751309793713
20,541.9842859766294,,,mixed C-N torsion / N-C-O bending / O-C-N bending,tau(O6-C7-N8-H20),dihedral,2.6934461106943495,+,0.18445183824264114,0.024764583303918165
20,541.9842859766294,,,mixed C-N torsion / N-C-O bending / O-C-N bending,tau(O3-C2-C4-H16),dihedral,2.565737925182594,+,0.031505370857183065,0.8085964138894428
20,541.9842859766294,,,mixed C-N torsion / N-C-O bending / O-C-N bending,tau(H16-C4-C5-H18),dihedral,1.7950833470639664,-,-0.049258361586930414,0.23142666807728227
20,541.9842859766294,,,mixed C-N torsion / N-C-O bending / O-C-N bending,delta(C5-C4-H15),angle,1.7747829294365884,+,0.017807277229593948,1.7508095722988488
20,541.9842859766294,,,mixed C-N torsion / N-C-O bending / O-C-N bending,nu(C1-C2),bond,1.410025844948673,-,-0.040194484557467956,0.273012703189435
20,541.9842859766294,,,mixed C-N torsion / N-C-O bending / O-C-N bending,delta(C5-O6-C7),angle,1.1502898254412537,+,0.03530958850222702,0.28860953510819726
20,541.9842859766294,,,mixed C-N torsion / N-C-O bending / O-C-N bending,"gamma(C1;C2,O3,H13)",oop,0.9963807182464438,+,0.027417177112926447,0.41463747292882314
20,541.9842859766294,,,mixed C-N torsion / N-C-O bending / O-C-N bending,nu(C4-C5),bond,0.596274578806921,-,-0.025432892317785567,0.28836563189512043
20,541.9842859766294,,,mixed C-N torsion / N-C-O bending / O-C-N bending,nu(C2-C4),bond,0.5662336303019789,-,-0.025804079501629128,0.26601591914570893
20,541.9842859766294,,,mixed C-N torsion / N-C-O bending / O-C-N bending,"gamma(H18;C5,O6,H17)",oop,0.5110789564748818,-,-0.022774539735995667,0.3082318346285468
20,541.9842859766294,,,mixed C-N torsion / N-C-O bending / O-C-N bending,delta(C2-C1-H10),angle,0.24140889054373477,-,-0.009948782779581767,0.7629605318840937
20,541.9842859766294,,,mixed C-N torsion / N-C-O bending / O-C-N bending,delta(H15-C4-H16),angle,0.21504295521423303,+,0.007909430603889421,1.075284756701329
20,541.9842859766294,,,mixed C-N torsion / N-C-O bending / O-C-N bending,tau(H13-C2-O3-H14),dihedral,0.20888353799521056,+,0.08120705928887238,0.009908441658344393
20,541.9842859766294,,,mixed C-N torsion / N-C-O bending / O-C-N bending,delta(O6-C5-H17),angle,0.2071801942540133,+,0.01568853553268331,0.2633128987200418
20,541.9842859766294,,,mixed C-N torsion / N-C-O bending / O-C-N bending,tau(H12-C1-C2-C4),dihedral,0.1755989892610553,+,0.00755454416383248,0.9624854932709154
20,541.9842859766294,,,mixed C-N torsion / N-C-O bending / O-C-N bending,tau(C2-C4-C5-O6),dihedral,0.1388803497597316,-,-0.0134855210351889,0.23888784324546183
20,541.9842859766294,,,mixed C-N torsion / N-C-O bending / O-C-N bending,nu(O6-C7),bond,0.1267114340171713,-,-0.010217973026376101,0.3796426635236279
20,541.9842859766294,,,mixed C-N torsion / N-C-O bending / O-C-N bending,delta(C2-C1-H12),angle,0.08956530938159521,-,-0.008754212738861988,0.36559003310172816
20,541.9842859766294,,,mixed C-N torsion / N-C-O bending / O-C-N bending,delta(C4-C5-H18),angle,0.04556902584117428,+,0.006048574834170771,0.38962995436760806
20,541.9842859766294,,,mixed C-N torsion / N-C-O bending / O-C-N bending,nu(C7-O9),bond,0.03332335762656525,-,-0.0035770835695269304,0.8146654356474178
20,541.9842859766294,,,mixed C-N torsion / N-C-O bending / O-C-N bending,tau(H10-C1-C2-C4),dihedral,0.027486929279675592,-,-0.006993482625031526,0.17580366884501275
20,541.9842859766294,,,mixed C-N torsion / N-C-O bending / O-C-N bending,delta(O3-C2-H13),angle,0.023776941160952816,-,-0.0051658545737865305,0.2787149988564878
20,541.9842859766294,,,mixed C-N torsion / N-C-O bending / O-C-N bending,nu(C5-O6),bond,0.019399717222192588,+,0.004498247756859985,0.29991443217879
20,541.9842859766294,,,mixed C-N torsion / N-C-O bending / O-C-N bending,"gamma(H10;C1,H11,H12)",oop,0.015734031602366208,-,-0.0027111106959645543,0.6696289587334144
20,541.9842859766294,,,mixed C-N torsion / N-C-O bending / O-C-N bending,delta(H11-C1-H12),angle,0.009119846833325682,+,0.001858722856487816,0.8257469440591959
20,541.9842859766294,,,mixed C-N torsion / N-C-O bending / O-C-N bending,delta(C2-O3-H14),angle,0.005166766554165415,+,0.003029050497409706,0.1761548163912733
20,541.9842859766294,,,mixed C-N torsion / N-C-O bending / O-C-N bending,delta(C1-C2-C4),angle,0.003957350183558081,-,-0.0017328086005424183,0.4122797483308755
20,541.9842859766294,,,mixed C-N torsion / N-C-O bending / O-C-N bending,nu(N8-H20),bond,0.0038972824077708164,+,0.001587148585018703,0.48396662608765273
20,541.9842859766294,,,mixed C-N torsion / N-C-O bending / O-C-N bending,tau(C4-C5-O6-C7),dihedral,0.0032636988219902226,-,-0.013305478530484364,0.005766838473303552
20,541.9842859766294,,,mixed C-N torsion / N-C-O bending / O-C-N bending,tau(C1-C2-C4-C5),dihedral,0.0029958093250205885,+,0.0010986379851151721,0.7764145342752474
20,541.9842859766294,,,mixed C-N torsion / N-C-O bending / O-C-N bending,nu(C4-H15),bond,0.002671492460979227,-,-0.0016023973516912648,0.3254634512378247
20,541.9842859766294,,,mixed C-N torsion / N-C-O bending / O-C-N bending,nu(C2-O3),bond,0.002183258209113228,-,-0.0014777825841072458,0.3127322887485309
20,541.9842859766294,,,mixed C-N torsion / N-C-O bending / O-C-N bending,nu(N8-H19),bond,0.0008364597418354624,-,-0.000738149946327741,0.48022478197858476
20,541.9842859766294,,,mixed C-N torsion / N-C-O bending / O-C-N bending,nu(C1-H10),bond,0.0007771138596341323,-,-0.0008462174603490163,0.3394762530008387
20,541.9842859766294,,,mixed C-N torsion / N-C-O bending / O-C-N bending,tau(C5-O6-C7-N8),dihedral,0.0003900123879348053,+,0.0021066625129485842,0.027490154249470444
20,541.9842859766294,,,mixed C-N torsion / N-C-O bending / O-C-N bending,nu(C2-H13),bond,0.0002852180265951591,+,0.0005207348647035818,0.3290276293599761
20,541.9842859766294,,,mixed C-N torsion / N-C-O bending / O-C-N bending,nu(C7-N8),bond,0.00024834825046042,+,0.00041529027781877267,0.45044968349124215
20,541.9842859766294,,,mixed C-N torsion / N-C-O bending / O-C-N bending,nu(C4-H16),bond,0.00020808629930127513,-,-0.00044350839656899835,0.33092418150229375
20,541.9842859766294,,,mixed C-N torsion / N-C-O bending / O-C-N bending,nu(O3-H14),bond,0.000206128541083219,+,0.00035399815445461566,0.5145467545258035
20,541.9842859766294,,,mixed C-N torsion / N-C-O bending / O-C-N bending,nu(C1-H11),bond,0.00018864217703281442,-,-0.00041916272827021925,0.33586302282669245
20,541.9842859766294,,,mixed C-N torsion / N-C-O bending / O-C-N bending,delta(H19-N8-H20),angle,0.0001458565960232545,-,-0.0004336348165389221,0.24264228911972324
20,541.9842859766294,,,mixed C-N torsion / N-C-O bending / O-C-N bending,nu(C1-H12),bond,0.00011248904132547543,+,0.00032677121624966597,0.3295424270765694
20,541.9842859766294,,,mixed C-N torsion / N-C-O bending / O-C-N bending,nu(C5-H18),bond,3.2970590785738674e-05,+,0.0001740519087748916,0.34045354277733064
20,541.9842859766294,,,mixed C-N torsion / N-C-O bending / O-C-N bending,nu(C5-H17),bond,7.770039763610297e-06,+,8.532387568256648e-05,0.3338649301903668
21,674.1525952140012,,,mixed N-C-O bending / C-C-C bending,delta(N8-C7-O9),angle,33.05914387893027,+,0.09961789888390386,0.5736681033914728
21,674.1525952140012,,,mixed N-C-O bending / C-C-C bending,delta(C5-O6-C7),angle,14.049533680162531,+,0.09155826304132762,0.28860953510819726
21,674.1525952140012,,,mixed N-C-O bending / C-C-C bending,delta(C2-C4-C5),angle,13.194964498873643,-,-0.05347419948343476,0.7946273302237717
21,674.1525952140012,,,mixed N-C-O bending / C-C-C bending,nu(C7-N8),bond,12.35252844850502,+,0.06871898182258361,0.45044968349124215
21,674.1525952140012,,,mixed N-C-O bending / C-C-C bending,delta(O6-C7-N8),angle,4.8372124576472695,+,0.03608660752851319,0.6396566299177271
21,674.1525952140012,,,mixed N-C-O bending / C-C-C bending,delta(C5-C4-H15),angle,3.5750241450947775,+,0.018751756775665755,1.7508095722988488
21,674.1525952140012,,,mixed N-C-O bending / C-C-C bending,nu(C5-O6),bond,3.3565562228927535,+,0.0439005749795417,0.29991443217879
21,674.1525952140012,,,mixed N-C-O bending / C-C-C bending,delta(C7-N8-H20),angle,2.5993329543128856,+,0.04200941994993501,0.25363687773146887
21,674.1525952140012,,,mixed N-C-O bending / C-C-C bending,delta(C2-C1-H10),angle,1.7153949997906952,+,0.019676731592442296,0.7629605318840937
21,674.1525952140012,,,mixed N-C-O bending / C-C-C bending,delta(C1-C2-C4),angle,1.7021791213721553,-,-0.026664199883650447,0.4122797483308755
21,674.1525952140012,,,mixed N-C-O bending / C-C-C bending,tau(H11-C1-C2-O3),dihedral,1.574270544754202,+,0.018314307552086854,0.8082434974166677
21,674.1525952140012,,,mixed N-C-O bending / C-C-C bending,tau(H12-C1-C2-C4),dihedral,0.9302734242238732,-,-0.012901200915537916,0.9624854932709154
21,674.1525952140012,,,mixed N-C-O bending / C-C-C bending,"gamma(C2;C4,H15,H16)",oop,0.8578910746303492,+,0.014258303466061844,0.7266751309793713
21,674.1525952140012,,,mixed N-C-O bending / C-C-C bending,nu(C4-C5),bond,0.743076134612151,+,0.02106526054244724,0.28836563189512043
21,674.1525952140012,,,mixed N-C-O bending / C-C-C bending,nu(O6-C7),bond,0.7238128144158472,-,-0.018119556175196214,0.3796426635236279
21,674.1525952140012,,,mixed N-C-O bending / C-C-C bending,"gamma(C1;C2,O3,H13)",oop,0.6552712470558136,-,-0.016496743020708225,0.41463747292882314
21,674.1525952140012,,,mixed N-C-O bending / C-C-C bending,delta(C2-C1-H12),angle,0.6549560488076364,-,-0.01756429945685149,0.36559003310172816
21,674.1525952140012,,,mixed N-C-O bending / C-C-C bending,nu(C1-C2),bond,0.5067950228221432,-,-0.017879141882077832,0.273012703189435
21,674.1525952140012,,,mixed N-C-O bending / C-C-C bending,delta(C4-C5-H18),angle,0.4208669711508596,-,-0.013638549404027929,0.38962995436760806
21,674.1525952140012,,,mixed N-C-O bending / C-C-C bending,delta(H15-C4-H16),angle,0.3552564064642354,+,0.007542774816446534,1.075284756701329
21,674.1525952140012,,,mixed N-C-O bending / C-C-C bending,tau(O3-C2-C4-H16),dihedral,0.2735940943007091,-,-0.007633248159193957,0.8085964138894428
21,674.1525952140012,,,mixed N-C-O bending / C-C-C bending,delta(C4-C5-O6),angle,0.26133052919902067,+,0.009400851120001429,0.5092132008186406
21,674.1525952140012,,,mixed N-C-O bending / C-C-C bending,"gamma(H18;C5,O6,H17)",oop,0.21689742377450622,-,-0.01100804963191417,0.3082318346285468
21,674.1525952140012,,,mixed N-C-O bending / C-C-C bending,tau(H16-C4-C5-H18),dihedral,0.20938977818971508,-,-0.012482252537455732,0.23142666807728227
21,674.1525952140012,,,mixed N-C-O bending / C-C-C bending,nu(C7-O9),bond,0.15737333899473088,-,-0.005767636242511929,0.8146654356474178
21,674.1525952140012,,,mixed N-C-O bending / C-C-C bending,tau(O9-C7-N8-H19),dihedral,0.12991220237543039,+,0.01276772972903616,0.1372354906200594
21,674.1525952140012,,,mixed N-C-O bending / C-C-C bending,tau(H10-C1-C2-C4),dihedral,0.12180794134579567,-,-0.010923096297705106,0.17580366884501275
21,674.1525952140012,,,mixed N-C-O bending / C-C-C bending,tau(O6-C7-N8-H20),dihedral,0.12145472076435397,-,-0.02906120481929608,0.024764583303918165
21,674.1525952140012,,,mixed N-C-O bending / C-C-C bending,nu(C2-C4),bond,0.09973172737371173,+,0.008034979720297994,0.26601591914570893
21,674.1525952140012,,,mixed N-C-O bending / C-C-C bending,delta(C2-C4-H15),angle,0.09632729890501382,+,0.0040314652709587005,1.0206277969587885
21,674.1525952140012,,,mixed N-C-O bending / C-C-C bending,delta(H19-N8-H20),angle,0.08895705327921394,-,-0.00794563982658951,0.24264228911972324
21,674.1525952140012,,,mixed N-C-O bending / C-C-C bending,delta(O6-C5-H17),angle,0.07800897135892176,+,0.0071426297176774975,0.2633128987200418
21,674.1525952140012,,,mixed N-C-O bending / C-C-C bending,tau(C1-C2-C4-C5),dihedral,0.06733563847825395,+,0.003864538076730007,0.7764145342752474
21,674.1525952140012,,,mixed N-C-O bending / C-C-C bending,delta(H11-C1-H12),angle,0.06377756806785737,-,-0.00364697190526321,0.8257469440591959
21,674.1525952140012,,,mixed N-C-O bending / C-C-C bending,tau(C2-C4-C5-O6),dihedral,0.03864692344986007,+,0.005278157756354964,0.23888784324546183
21,674.1525952140012,,,mixed N-C-O bending / C-C-C bending,tau(H13-C2-O3-H14),dihedral,0.03290381482992937,+,0.02391345767171123,0.009908441658344393
21,674.1525952140012,,,mixed N-C-O bending / C-C-C bending,"gamma(H10;C1,H11,H12)",oop,0.021028187214289146,-,-0.0023254431768314943,0.6696289587334144
21,674.1525952140012,,,mixed N-C-O bending / C-C-C bending,nu(C2-O3),bond,0.013447255161450367,+,0.0027211494149314663,0.3127322887485309
21,674.1525952140012,,,mixed N-C-O bending / C-C-C bending,nu(N8-H19),bond,0.010473043435588603,+,0.0019379211214459679,0.48022478197858476
21,674.1525952140012,,,mixed N-C-O bending / C-C-C bending,delta(O3-C2-H13),angle,0.0086824287503735,+,0.002316127011742181,0.2787149988564878
21,674.1525952140012,,,mixed N-C-O bending / C-C-C bending,delta(C2-O3-H14),angle,0.008648396758811202,-,-0.002907652283341615,0.1761548163912733
21,674.1525952140012,,,mixed N-C-O bending / C-C-C bending,nu(N8-H20),bond,0.0034536736591921826,+,0.0011085489370940534,0.48396662608765273
21,674.1525952140012,,,mixed N-C-O bending / C-C-C bending,tau(O6-C7-N8-H19),dihedral,0.002871973767632519,-,-0.0020225523245984535,0.12089958013102238
21,674.1525952140012,,,mixed N-C-O bending / C-C-C bending,nu(C4-H16),bond,0.0022805683818509777,-,-0.0010893795680502773,0.33092418150229375
21,674.1525952140012,,,mixed N-C-O bending / C-C-C bending,nu(C4-H15),bond,0.002278944735826205,-,-0.0010980894320605833,0.3254634512378247
21,674.1525952140012,,,mixed N-C-O bending / C-C-C bending,nu(C5-H18),bond,0.0020262233511539095,-,-0.0010123639156350813,0.34045354277733064
21,674.1525952140012,,,mixed N-C-O bending / C-C-C bending,nu(C5-H17),bond,0.0011847355417645444,-,-0.0007817128216646709,0.3338649301903668
21,674.1525952140012,,,mixed N-C-O bending / C-C-C bending,nu(C1-H10),bond,0.0005238050035514853,-,-0.0005154684029059174,0.3394762530008387
21,674.1525952140012,,,mixed N-C-O bending / C-C-C bending,nu(C2-H13),bond,0.0004897957338819834,-,-0.0005063061965686625,0.3290276293599761
21,674.1525952140012,,,mixed N-C-O bending / C-C-C bending,tau(C4-C5-O6-C7),dihedral,0.00028774764484292844,+,0.0029312909222156043,0.005766838473303552
21,674.1525952140012,,,mixed N-C-O bending / C-C-C bending,tau(C5-O6-C7-N8),dihedral,0.0001721273633941091,+,0.0010383847411443794,0.027490154249470444
21,674.1525952140012,,,mixed N-C-O bending / C-C-C bending,nu(C1-H12),bond,0.00015050706657926727,+,0.0002804430653561848,0.3295424270765694
21,674.1525952140012,,,mixed N-C-O bending / C-C-C bending,nu(O3-H14),bond,0.00014869353820332198,+,0.0002230773897019715,0.5145467545258035
21,674.1525952140012,,,mixed N-C-O bending / C-C-C bending,nu(C1-H11),bond,6.277168547279476e-05,-,-0.00017940011891996748,0.33586302282669245
22,773.7791957382026,,,mixed C-N torsion / C-C torsion / C-H bending,tau(O9-C7-N8-H19),dihedral,28.126979768245857,+,0.22093831448128484,0.1372354906200594
22,773.7791957382026,,,mixed C-N torsion / C-C torsion / C-H bending,tau(O6-C7-N8-H19),dihedral,19.597742461556745,-,-0.1964867786323349,0.12089958013102238
22,773.7791957382026,,,mixed C-N torsion / C-C torsion / C-H bending,tau(O3-C2-C4-H16),dihedral,14.936203871548297,-,-0.06632800222549995,0.8085964138894428
22,773.7791957382026,,,mixed C-N torsion / C-C torsion / C-H bending,delta(C5-C4-H15),angle,14.306877810338776,-,-0.04411595484659938,1.7508095722988488
22,773.7791957382026,,,mixed C-N torsion / C-C torsion / C-H bending,tau(H16-C4-C5-H18),dihedral,11.919083377435031,+,0.1107534932945261,0.23142666807728227
22,773.7791957382026,,,mixed C-N torsion / C-C torsion / C-H bending,delta(C4-C5-H18),angle,4.74044239499188,-,-0.05383019755349126,0.38962995436760806
22,773.7791957382026,,,mixed C-N torsion / C-C torsion / C-H bending,delta(C2-C4-H15),angle,1.714572926115927,-,-0.020002624880377216,1.0206277969587885
22,773.7791957382026,,,mixed C-N torsion / C-C torsion / C-H bending,tau(C5-O6-C7-N8),dihedral,1.1029050276093757,+,0.0977514426539208,0.027490154249470444
22,773.7791957382026,,,mixed C-N torsion / C-C torsion / C-H bending,tau(O6-C7-N8-H20),dihedral,0.5885031844290298,-,-0.07523182581323795,0.024764583303918165
22,773.7791957382026,,,mixed C-N torsion / C-C torsion / C-H bending,delta(H19-N8-H20),angle,0.5270121264150914,-,-0.02274415270897081,0.24264228911972324
22,773.7791957382026,,,mixed C-N torsion / C-C torsion / C-H bending,tau(C4-C5-O6-C7),dihedral,0.4130113715974504,+,0.13060350037152074,0.005766838473303552
22,773.7791957382026,,,mixed C-N torsion / C-C torsion / C-H bending,delta(N8-C7-O9),angle,0.3250253703515146,-,-0.011616384669647184,0.5736681033914728
22,773.7791957382026,,,mixed C-N torsion / C-C torsion / C-H bending,nu(C2-O3),bond,0.28674279592916513,+,0.014777555594582025,0.3127322887485309
22,773.7791957382026,,,mixed C-N torsion / C-C torsion / C-H bending,tau(H12-C1-C2-C4),dihedral,0.25261714170014693,+,0.007906367878506989,0.9624854932709154
22,773.7791957382026,,,mixed C-N torsion / C-C torsion / C-H bending,delta(O6-C5-H17),angle,0.2418680063472234,+,0.014790942580272429,0.2633128987200418
22,773.7791957382026,,,mixed C-N torsion / C-C torsion / C-H bending,nu(C2-C4),bond,0.1569785939224438,+,0.011855206132596339,0.26601591914570893
22,773.7791957382026,,,mixed C-N torsion / C-C torsion / C-H bending,"gamma(C1;C2,O3,H13)",oop,0.10385417429157787,+,0.007723611309875632,0.41463747292882314
22,773.7791957382026,,,mixed C-N torsion / C-C torsion / C-H bending,tau(H10-C1-C2-C4),dihedral,0.09918569263972489,+,0.011591863378281005,0.17580366884501275
22,773.7791957382026,,,mixed C-N torsion / C-C torsion / C-H bending,delta(C7-N8-H20),angle,0.083047248462082,-,-0.008830781323691328,0.25363687773146887
22,773.7791957382026,,,mixed C-N torsion / C-C torsion / C-H bending,delta(C2-C1-H12),angle,0.057017422050279,+,0.006094657726553698,0.36559003310172816
22,773.7791957382026,,,mixed C-N torsion / C-C torsion / C-H bending,nu(C7-N8),bond,0.05198046232750149,+,0.005242514394975583,0.45044968349124215
22,773.7791957382026,,,mixed C-N torsion / C-C torsion / C-H bending,delta(O3-C2-H13),angle,0.048475382961029996,-,-0.006436105579995718,0.2787149988564878
22,773.7791957382026,,,mixed C-N torsion / C-C torsion / C-H bending,nu(C5-O6),bond,0.048096041027842436,-,-0.0061801453303894,0.29991443217879
22,773.7791957382026,,,mixed C-N torsion / C-C torsion / C-H bending,delta(C4-C5-O6),angle,0.041828805065674025,-,-0.004423139207321748,0.5092132008186406
22,773.7791957382026,,,mixed C-N torsion / C-C torsion / C-H bending,tau(H11-C1-C2-O3),dihedral,0.041436682175369555,-,-0.0034943313392218644,0.8082434974166677
22,773.7791957382026,,,mixed C-N torsion / C-C torsion / C-H bending,"gamma(C2;C4,H15,H16)",oop,0.0393012824710565,+,0.003589020327873366,0.7266751309793713
22,773.7791957382026,,,mixed C-N torsion / C-C torsion / C-H bending,"gamma(H18;C5,O6,H17)",oop,0.03336206488880602,+,0.005077271899143922,0.3082318346285468
22,773.7791957382026,,,mixed C-N torsion / C-C torsion / C-H bending,nu(C4-C5),bond,0.024380305400510012,-,-0.004487356018783573,0.28836563189512043
22,773.7791957382026,,,mixed C-N torsion / C-C torsion / C-H bending,delta(C2-C4-C5),angle,0.020384147181900153,-,-0.002471765293587225,0.7946273302237717
22,773.7791957382026,,,mixed C-N torsion / C-C torsion / C-H bending,delta(O6-C7-N8),angle,0.014872970030994767,-,-0.0023532502003376365,0.6396566299177271
22,773.7791957382026,,,mixed C-N torsion / C-C torsion / C-H bending,nu(O6-C7),bond,0.010722648489996659,-,-0.002593619331173025,0.3796426635236279
22,773.7791957382026,,,mixed C-N torsion / C-C torsion / C-H bending,tau(C2-C4-C5-O6),dihedral,0.010418189240229471,+,0.003222862683350764,0.23888784324546183
22,773.7791957382026,,,mixed C-N torsion / C-C torsion / C-H bending,nu(N8-H19),bond,0.006439294098086931,+,0.001787061720244687,0.48022478197858476
22,773.7791957382026,,,mixed C-N torsion / C-C torsion / C-H bending,nu(N8-H20),bond,0.005497390977154015,+,0.0016448008105022617,0.48396662608765273
22,773.7791957382026,,,mixed C-N torsion / C-C torsion / C-H bending,delta(C5-O6-C7),angle,0.005459966152000601,-,-0.0021226693220288907,0.28860953510819726
22,773.7791957382026,,,mixed C-N torsion / C-C torsion / C-H bending,delta(C2-C1-H10),angle,0.00492300361761185,-,-0.0012396718713108131,0.7629605318840937
22,773.7791957382026,,,mixed C-N torsion / C-C torsion / C-H bending,nu(C7-O9),bond,0.0021187376715865796,-,-0.000787030666112445,0.8146654356474178
22,773.7791957382026,,,mixed C-N torsion / C-C torsion / C-H bending,tau(C1-C2-C4-C5),dihedral,0.0021001122313001296,-,-0.0008026332179074807,0.7764145342752474
22,773.7791957382026,,,mixed C-N torsion / C-C torsion / C-H bending,nu(C4-H15),bond,0.001487299462874863,+,0.0010432557896885885,0.3254634512378247
22,773.7791957382026,,,mixed C-N torsion / C-C torsion / C-H bending,nu(C4-H16),bond,0.0013578016172876028,-,-0.0009885453893379713,0.33092418150229375
22,773.7791957382026,,,mixed C-N torsion / C-C torsion / C-H bending,"gamma(H10;C1,H11,H12)",oop,0.001091275780183061,+,0.0006230068913054532,0.6696289587334144
22,773.7791957382026,,,mixed C-N torsion / C-C torsion / C-H bending,nu(C1-C2),bond,0.001007328288626988,+,0.0009374255653129373,0.273012703189435
22,773.7791957382026,,,mixed C-N torsion / C-C torsion / C-H bending,delta(C1-C2-C4),angle,0.0008643360218351223,+,0.0007066233934113004,0.4122797483308755
22,773.7791957382026,,,mixed C-N torsion / C-C torsion / C-H bending,nu(C5-H18),bond,0.0007679745334302605,+,0.0007329716650912996,0.34045354277733064
22,773.7791957382026,,,mixed C-N torsion / C-C torsion / C-H bending,nu(C2-H13),bond,0.0004993193213245251,-,-0.0006011954807709709,0.3290276293599761
22,773.7791957382026,,,mixed C-N torsion / C-C torsion / C-H bending,tau(H13-C2-O3-H14),dihedral,0.00034104629307040254,-,-0.0028631670942197087,0.009908441658344393
22,773.7791957382026,,,mixed C-N torsion / C-C torsion / C-H bending,nu(C5-H17),bond,0.0003128914955189996,-,-0.00047244818411558274,0.3338649301903668
22,773.7791957382026,,,mixed C-N torsion / C-C torsion / C-H bending,nu(O3-H14),bond,0.0002190704337883412,+,0.00031843600605949184,0.5145467545258035
22,773.7791957382026,,,mixed C-N torsion / C-C torsion / C-H bending,delta(C2-O3-H14),angle,0.00020193145125983888,+,0.0005225133944877357,0.1761548163912733
22,773.7791957382026,,,mixed C-N torsion / C-C torsion / C-H bending,delta(H11-C1-H12),angle,0.00019801406890244648,+,0.0002389831285170882,0.8257469440591959
22,773.7791957382026,,,mixed C-N torsion / C-C torsion / C-H bending,delta(H15-C4-H16),angle,0.00012914688258680747,-,-0.00016913088633313457,1.075284756701329
22,773.7791957382026,,,mixed C-N torsion / C-C torsion / C-H bending,nu(C1-H11),bond,3.734037136137209e-05,+,0.00016272374319938716,0.33586302282669245
22,773.7791957382026,,,mixed C-N torsion / C-C torsion / C-H bending,nu(C1-H12),bond,1.6376276400724645e-05,-,-0.0001087914130419136,0.3295424270765694
22,773.7791957382026,,,mixed C-N torsion / C-C torsion / C-H bending,nu(C1-H10),bond,5.957153179446263e-07,+,2.0443600684285065e-05,0.3394762530008387
23,797.6168043139937,,,mixed C-C torsion / C-H bending,tau(O3-C2-C4-H16),dihedral,33.0197474236914,+,0.22099889241143272,0.8085964138894428
23,797.6168043139937,,,mixed C-C torsion / C-H bending,delta(C5-C4-H15),angle,30.537392661992968,+,0.14443273980926205,1.7508095722988488
23,797.6168043139937,,,mixed C-C torsion / C-H bending,tau(H16-C4-C5-H18),dihedral,16.36444445326316,-,-0.2908124939926495,0.23142666807728227
23,797.6168043139937,,,mixed C-C torsion / C-H bending,delta(C4-C5-H18),angle,7.985966772254166,+,0.15656933599146822,0.38962995436760806
23,797.6168043139937,,,mixed C-C torsion / C-H bending,delta(C2-C4-H15),angle,5.372858697794369,+,0.07934839426098964,1.0206277969587885
23,797.6168043139937,,,mixed C-C torsion / C-H bending,nu(C2-O3),bond,1.299724425235247,-,-0.07050313158353834,0.3127322887485309
23,797.6168043139937,,,mixed C-C torsion / C-H bending,nu(C2-C4),bond,1.046078675486996,-,-0.06858000149023723,0.26601591914570893
23,797.6168043139937,,,mixed C-C torsion / C-H bending,tau(C2-C4-C5-O6),dihedral,0.5947129079123699,+,0.054566460865458175,0.23888784324546183
23,797.6168043139937,,,mixed C-C torsion / C-H bending,tau(O9-C7-N8-H19),dihedral,0.4873722996314853,+,0.06517279258446501,0.1372354906200594
23,797.6168043139937,,,mixed C-C torsion / C-H bending,tau(O6-C7-N8-H19),dihedral,0.41369241574117627,-,-0.06397282249663075,0.12089958013102238
23,797.6168043139937,,,mixed C-C torsion / C-H bending,delta(C2-C4-C5),angle,0.3929627341030281,+,0.024319971604507797,0.7946273302237717
23,797.6168043139937,,,mixed C-C torsion / C-H bending,tau(H12-C1-C2-C4),dihedral,0.3427759455775547,-,-0.02063845589733061,0.9624854932709154
23,797.6168043139937,,,mixed C-C torsion / C-H bending,delta(O6-C5-H17),angle,0.32990258871384226,-,-0.03871024533645409,0.2633128987200418
23,797.6168043139937,,,mixed C-C torsion / C-H bending,"gamma(C2;C4,H15,H16)",oop,0.2578372344335237,-,-0.02060021710803313,0.7266751309793713
23,797.6168043139937,,,mixed C-C torsion / C-H bending,tau(C1-C2-C4-C5),dihedral,0.2260140908869485,-,-0.01865907278810987,0.7764145342752474
23,797.6168043139937,,,mixed C-C torsion / C-H bending,nu(O6-C7),bond,0.20984415399205927,+,0.025711656692817438,0.3796426635236279
23,797.6168043139937,,,mixed C-C torsion / C-H bending,"gamma(C1;C2,O3,H13)",oop,0.16341811142581353,-,-0.021711256001733313,0.41463747292882314
23,797.6168043139937,,,mixed C-C torsion / C-H bending,delta(O3-C2-H13),angle,0.15860926908556422,+,0.026088748175398635,0.2787149988564878
23,797.6168043139937,,,mixed C-C torsion / C-H bending,tau(H10-C1-C2-C4),dihedral,0.1481265471496899,-,-0.03174472811459289,0.17580366884501275
23,797.6168043139937,,,mixed C-C torsion / C-H bending,nu(C5-O6),bond,0.1139235730020625,+,0.02131460286832843,0.29991443217879
23,797.6168043139937,,,mixed C-C torsion / C-H bending,delta(O6-C7-N8),angle,0.08114997961379974,-,-0.012317991039620464,0.6396566299177271
23,797.6168043139937,,,mixed C-C torsion / C-H bending,delta(C4-C5-O6),angle,0.072742088531034,+,0.013071101447112097,0.5092132008186406
23,797.6168043139937,,,mixed C-C torsion / C-H bending,delta(C7-N8-H20),angle,0.05405643641770611,+,0.015965651161554968,0.25363687773146887
23,797.6168043139937,,,mixed C-C torsion / C-H bending,delta(C2-C1-H10),angle,0.05208435379311028,-,-0.009035906597770715,0.7629605318840937
23,797.6168043139937,,,mixed C-C torsion / C-H bending,nu(C1-C2),bond,0.04623077992855314,-,-0.014231258641554702,0.273012703189435
23,797.6168043139937,,,mixed C-C torsion / C-H bending,delta(C5-O6-C7),angle,0.034193676043194766,-,-0.01190382922858383,0.28860953510819726
23,797.6168043139937,,,mixed C-C torsion / C-H bending,nu(C7-N8),bond,0.027421886039617743,+,0.008532860525561518,0.45044968349124215
23,797.6168043139937,,,mixed C-C torsion / C-H bending,delta(N8-C7-O9),angle,0.024432524148728995,+,0.007137119128958284,0.5736681033914728
23,797.6168043139937,,,mixed C-C torsion / C-H bending,tau(C4-C5-O6-C7),dihedral,0.018936843558771562,+,0.06266918274929384,0.005766838473303552
23,797.6168043139937,,,mixed C-C torsion / C-H bending,nu(C4-C5),bond,0.01739009932894683,+,0.00849275138821592,0.28836563189512043
23,797.6168043139937,,,mixed C-C torsion / C-H bending,tau(O6-C7-N8-H20),dihedral,0.016023346803498817,-,-0.027818277363557676,0.024764583303918165
23,797.6168043139937,,,mixed C-C torsion / C-H bending,delta(C2-C1-H12),angle,0.01406247903555905,-,-0.006782704543516721,0.36559003310172816
23,797.6168043139937,,,mixed C-C torsion / C-H bending,delta(C1-C2-C4),angle,0.012973827345265707,+,0.006134895719559676,0.4122797483308755
23,797.6168043139937,,,mixed C-C torsion / C-H bending,delta(H19-N8-H20),angle,0.012564961212964005,-,-0.007869850059153388,0.24264228911972324
23,797.6168043139937,,,mixed C-C torsion / C-H bending,"gamma(H18;C5,O6,H17)",oop,0.011153912267260249,-,-0.006578759278946854,0.3082318346285468
23,797.6168043139937,,,mixed C-C torsion / C-H bending,tau(H11-C1-C2-O3),dihedral,0.007755858807120508,-,-0.003387762579900921,0.8082434974166677
23,797.6168043139937,,,mixed C-C torsion / C-H bending,delta(H11-C1-H12),angle,0.005701249990558939,+,0.002873628907475602,0.8257469440591959
23,797.6168043139937,,,mixed C-C torsion / C-H bending,"gamma(H10;C1,H11,H12)",oop,0.0042250506313977615,-,-0.0027470589207460416,0.6696289587334144
23,797.6168043139937,,,mixed C-C torsion / C-H bending,nu(C4-H15),bond,0.003982661407229367,-,-0.003825645369712773,0.3254634512378247
23,797.6168043139937,,,mixed C-C torsion / C-H bending,nu(C4-H16),bond,0.0037357465414240153,+,0.0036744604647835784,0.33092418150229375
23,797.6168043139937,,,mixed C-C torsion / C-H bending,nu(C5-H17),bond,0.003340599724782963,+,0.003459361505639443,0.3338649301903668
23,797.6168043139937,,,mixed C-C torsion / C-H bending,nu(C5-H18),bond,0.003006304561621384,-,-0.003249800402423519,0.34045354277733064
23,797.6168043139937,,,mixed C-C torsion / C-H bending,nu(C7-O9),bond,0.0026533697412451937,+,0.0019736874059863947,0.8146654356474178
23,797.6168043139937,,,mixed C-C torsion / C-H bending,nu(C2-H13),bond,0.0017435754971106491,+,0.002517522284412036,0.3290276293599761
23,797.6168043139937,,,mixed C-C torsion / C-H bending,tau(H13-C2-O3-H14),dihedral,0.0010505020618695722,+,0.011260687475669499,0.009908441658344393
23,797.6168043139937,,,mixed C-C torsion / C-H bending,nu(O3-H14),bond,0.0008353507821490901,-,-0.0013934492279588542,0.5145467545258035
23,797.6168043139937,,,mixed C-C torsion / C-H bending,nu(N8-H19),bond,0.0003523849464653591,+,0.0009368186302682518,0.48022478197858476
23,797.6168043139937,,,mixed C-C torsion / C-H bending,delta(C2-O3-H14),angle,0.0003179225973956761,+,0.0014692055729973437,0.1761548163912733
23,797.6168043139937,,,mixed C-C torsion / C-H bending,nu(C1-H11),bond,0.0002442503000951019,-,-0.0009326218495240513,0.33586302282669245
23,797.6168043139937,,,mixed C-C torsion / C-H bending,nu(N8-H20),bond,0.00013053383455621188,+,0.0005679668260538387,0.48396662608765273
23,797.6168043139937,,,mixed C-C torsion / C-H bending,delta(H15-C4-H16),angle,4.720321893443975e-05,-,-0.00022913592870039536,1.075284756701329
23,797.6168043139937,,,mixed C-C torsion / C-H bending,tau(C5-O6-C7-N8),dihedral,3.396727507040811e-05,+,0.0012156565512568428,0.027490154249470444
23,797.6168043139937,,,mixed C-C torsion / C-H bending,nu(C1-H12),bond,2.0767188523981073e-05,+,0.0002745379041188526,0.3295424270765694
23,797.6168043139937,,,mixed C-C torsion / C-H bending,nu(C1-H10),bond,5.254510270893241e-07,-,-4.3025958280496976e-05,0.3394762530008387
24,845.5933735843,,,mixed C-H bending / C-C torsion,delta(C5-C4-H15),angle,13.970894636578185,+,0.07091730671841052,1.7508095722988488
24,845.5933735843,,,mixed C-H bending / C-C torsion,tau(H11-C1-C2-O3),dihedral,11.677707614858845,+,0.09542612094704019,0.8082434974166677
24,845.5933735843,,,mixed C-H bending / C-C torsion,delta(C2-C1-H12),angle,9.371400846860833,-,-0.1271055940841492,0.36559003310172816
24,845.5933735843,,,mixed C-H bending / C-C torsion,delta(C2-C1-H10),angle,7.5234977419454285,+,0.07883488573789375,0.7629605318840937
24,845.5933735843,,,mixed C-H bending / C-C torsion,nu(C2-O3),bond,7.274992106113002,+,0.12108475929831894,0.3127322887485309
24,845.5933735843,,,mixed C-H bending / C-C torsion,nu(C1-C2),bond,6.854565339608862,+,0.12579347484027883,0.273012703189435
24,845.5933735843,,,mixed C-H bending / C-C torsion,nu(C2-C4),bond,6.755339073917114,+,0.12651130747602388,0.26601591914570893
24,845.5933735843,,,mixed C-H bending / C-C torsion,tau(H12-C1-C2-C4),dihedral,4.091344862053991,-,-0.05176015032568337,0.9624854932709154
24,845.5933735843,,,mixed C-H bending / C-C torsion,delta(C2-C4-C5),angle,3.4049018660208255,-,-0.05196729744290325,0.7946273302237717
24,845.5933735843,,,mixed C-H bending / C-C torsion,tau(H10-C1-C2-C4),dihedral,3.232800654561642,-,-0.10765521604380363,0.17580366884501275
24,845.5933735843,,,mixed C-H bending / C-C torsion,tau(O3-C2-C4-H16),dihedral,3.173969074294304,+,0.04973876769566303,0.8085964138894428
24,845.5933735843,,,mixed C-H bending / C-C torsion,delta(C4-C5-H18),angle,3.0281203291334506,+,0.06998741882999777,0.38962995436760806
24,845.5933735843,,,mixed C-H bending / C-C torsion,tau(H16-C4-C5-H18),dihedral,2.700208695740915,-,-0.085753438978403,0.23142666807728227
24,845.5933735843,,,mixed C-H bending / C-C torsion,nu(O6-C7),bond,2.59244506653207,-,-0.06560347683933239,0.3796426635236279
24,845.5933735843,,,mixed C-H bending / C-C torsion,"gamma(C2;C4,H15,H16)",oop,2.104822313353535,+,0.04272648362160618,0.7266751309793713
24,845.5933735843,,,mixed C-H bending / C-C torsion,nu(C5-O6),bond,1.9786288848088989,-,-0.06448267881414482,0.29991443217879
24,845.5933735843,,,mixed C-H bending / C-C torsion,"gamma(C1;C2,O3,H13)",oop,1.8548148433354188,-,-0.05309768516527128,0.41463747292882314
24,845.5933735843,,,mixed C-H bending / C-C torsion,delta(C2-C4-H15),angle,1.474799391266176,+,0.030178132424525134,1.0206277969587885
24,845.5933735843,,,mixed C-H bending / C-C torsion,delta(H11-C1-H12),angle,0.8861131209188111,-,-0.02600642630253257,0.8257469440591959
24,845.5933735843,,,mixed C-H bending / C-C torsion,tau(C2-C4-C5-O6),dihedral,0.879494026457471,+,0.04817026144769721,0.23888784324546183
24,845.5933735843,,,mixed C-H bending / C-C torsion,delta(C7-N8-H20),angle,0.8316526915991209,-,-0.0454594713231424,0.25363687773146887
24,845.5933735843,,,mixed C-H bending / C-C torsion,delta(O6-C7-N8),angle,0.6784491246785255,+,0.025855013664896093,0.6396566299177271
24,845.5933735843,,,mixed C-H bending / C-C torsion,delta(C1-C2-C4),angle,0.573102897030471,-,-0.029599193782676676,0.4122797483308755
24,845.5933735843,,,mixed C-H bending / C-C torsion,tau(C1-C2-C4-C5),dihedral,0.5449346853666954,+,0.021032213360252815,0.7764145342752474
24,845.5933735843,,,mixed C-H bending / C-C torsion,delta(C2-O3-H14),angle,0.5123454185996056,-,-0.04281478314884771,0.1761548163912733
24,845.5933735843,,,mixed C-H bending / C-C torsion,"gamma(H18;C5,O6,H17)",oop,0.4462321909022813,-,-0.030206561005429726,0.3082318346285468
24,845.5933735843,,,mixed C-H bending / C-C torsion,delta(C5-O6-C7),angle,0.3813098678879902,+,0.028856474178504878,0.28860953510819726
24,845.5933735843,,,mixed C-H bending / C-C torsion,delta(N8-C7-O9),angle,0.29959070936568466,-,-0.01814234411706871,0.5736681033914728
24,845.5933735843,,,mixed C-H bending / C-C torsion,nu(C7-N8),bond,0.18730343265942245,-,-0.016188600527838687,0.45044968349124215
24,845.5933735843,,,mixed C-H bending / C-C torsion,delta(C4-C5-O6),angle,0.18323736960812487,-,-0.015059715890123828,0.5092132008186406
24,845.5933735843,,,mixed C-H bending / C-C torsion,"gamma(H10;C1,H11,H12)",oop,0.11680644347630759,+,0.010485179461811933,0.6696289587334144
24,845.5933735843,,,mixed C-H bending / C-C torsion,nu(C4-C5),bond,0.0948108944214819,+,0.014395175155196342,0.28836563189512043
24,845.5933735843,,,mixed C-H bending / C-C torsion,tau(H13-C2-O3-H14),dihedral,0.07205431585898182,+,0.06769972466752686,0.009908441658344393
24,845.5933735843,,,mixed C-H bending / C-C torsion,tau(O9-C7-N8-H19),dihedral,0.06293663676496648,+,0.017001143268390466,0.1372354906200594
24,845.5933735843,,,mixed C-H bending / C-C torsion,nu(C7-O9),bond,0.05675868509742815,-,-0.006626528937114525,0.8146654356474178
24,845.5933735843,,,mixed C-H bending / C-C torsion,delta(O3-C2-H13),angle,0.05255982754832761,-,-0.010902004996066255,0.2787149988564878
24,845.5933735843,,,mixed C-H bending / C-C torsion,delta(O6-C5-H17),angle,0.016324641031332552,-,-0.006250940056612543,0.2633128987200418
24,845.5933735843,,,mixed C-H bending / C-C torsion,nu(C2-H13),bond,0.014263975362082595,-,-0.00522713464326796,0.3290276293599761
24,845.5933735843,,,mixed C-H bending / C-C torsion,delta(H15-C4-H16),angle,0.010510535963386034,+,0.0024820485249363524,1.075284756701329
24,845.5933735843,,,mixed C-H bending / C-C torsion,tau(O6-C7-N8-H19),dihedral,0.00785754128283392,-,-0.006400155422942527,0.12089958013102238
24,845.5933735843,,,mixed C-H bending / C-C torsion,nu(C4-H16),bond,0.005546323730253076,+,0.003250109080551059,0.33092418150229375
24,845.5933735843,,,mixed C-H bending / C-C torsion,tau(C5-O6-C7-N8),dihedral,0.0041149757919132675,-,-0.009713027876629192,0.027490154249470444
24,845.5933735843,,,mixed C-H bending / C-C torsion,nu(C4-H15),bond,0.0038875573220732832,-,-0.002743764744306657,0.3254634512378247
24,845.5933735843,,,mixed C-H bending / C-C torsion,nu(C5-H17),bond,0.00368390794779685,+,0.0026371119386799234,0.3338649301903668
24,845.5933735843,,,mixed C-H bending / C-C torsion,nu(C1-H12),bond,0.0033534054954341337,+,0.0025324853929694444,0.3295424270765694
24,845.5933735843,,,mixed C-H bending / C-C torsion,nu(O3-H14),bond,0.0025369073603036287,+,0.0017627854768954784,0.5145467545258035
24,845.5933735843,,,mixed C-H bending / C-C torsion,delta(H19-N8-H20),angle,0.001040701672711088,+,0.0016441425172020055,0.24264228911972324
24,845.5933735843,,,mixed C-H bending / C-C torsion,nu(N8-H19),bond,0.000622138690995689,-,-0.0009036097383436583,0.48022478197858476
24,845.5933735843,,,mixed C-H bending / C-C torsion,nu(C1-H11),bond,0.0005462211293671113,+,0.0010124247021019753,0.33586302282669245
24,845.5933735843,,,mixed C-H bending / C-C torsion,tau(C4-C5-O6-C7),dihedral,0.00043914582662184405,+,0.0069277956304941955,0.005766838473303552
24,845.5933735843,,,mixed C-H bending / C-C torsion,nu(C5-H18),bond,0.0001648502063729996,-,-0.0005524276400877094,0.34045354277733064
24,845.5933735843,,,mixed C-H bending / C-C torsion,tau(O6-C7-N8-H20),dihedral,0.00013973564464907817,-,-0.0018858088529870685,0.024764583303918165
24,845.5933735843,,,mixed C-H bending / C-C torsion,nu(N8-H20),bond,1.4585420355490486e-05,-,-0.000137819715545634,0.48396662608765273
24,845.5933735843,,,mixed C-H bending / C-C torsion,nu(C1-H10),bond,7.170896311071311e-06,+,0.00011538294049764424,0.3394762530008387
25,918.5752728252828,,,mixed in-phase C-O stretching / C-H bending,nu(O6-C7),bond,21.119174304449043,+,0.15739186037469102,0.3796426635236279
25,918.5752728252828,,,mixed in-phase C-O stretching / C-H bending,nu(C2-O3),bond,14.565380036129536,+,0.14401437898234976,0.3127322887485309
25,918.5752728252828,,,mixed in-phase C-O stretching / C-H bending,nu(C5-O6),bond,10.476297566131835,+,0.12472012504549662,0.29991443217879
25,918.5752728252828,,,mixed in-phase C-O stretching / C-H bending,delta(C2-C1-H10),angle,9.351999459471886,-,-0.07388095620277609,0.7629605318840937
25,918.5752728252828,,,mixed in-phase C-O stretching / C-H bending,delta(C7-N8-H20),angle,6.187326001364502,+,0.10422612886088457,0.25363687773146887
25,918.5752728252828,,,mixed in-phase C-O stretching / C-H bending,delta(C4-C5-O6),angle,4.982223966140372,-,-0.06600747253681571,0.5092132008186406
25,918.5752728252828,,,mixed in-phase C-O stretching / C-H bending,tau(H12-C1-C2-C4),dihedral,4.525004224513325,+,0.04575554214754858,0.9624854932709154
25,918.5752728252828,,,mixed in-phase C-O stretching / C-H bending,nu(C4-C5),bond,3.2972204927587048,-,-0.07135650215379394,0.28836563189512043
25,918.5752728252828,,,mixed in-phase C-O stretching / C-H bending,delta(C5-O6-C7),angle,3.2355108641039396,-,-0.07065573213321356,0.28860953510819726
25,918.5752728252828,,,mixed in-phase C-O stretching / C-H bending,nu(C2-C4),bond,2.6769054190987625,-,-0.06694127923006016,0.26601591914570893
25,918.5752728252828,,,mixed in-phase C-O stretching / C-H bending,"gamma(C2;C4,H15,H16)",oop,2.5307494443301497,+,0.03938090874619376,0.7266751309793713
25,918.5752728252828,,,mixed in-phase C-O stretching / C-H bending,delta(O6-C7-N8),angle,2.4399215233172296,-,-0.041214096492172135,0.6396566299177271
25,918.5752728252828,,,mixed in-phase C-O stretching / C-H bending,delta(C2-C1-H12),angle,2.2936535936728415,-,-0.05285645685869793,0.36559003310172816
25,918.5752728252828,,,mixed in-phase C-O stretching / C-H bending,tau(H10-C1-C2-C4),dihedral,2.142167255083652,-,-0.07366208858195016,0.17580366884501275
25,918.5752728252828,,,mixed in-phase C-O stretching / C-H bending,nu(C1-C2),bond,1.5980484511779818,+,0.05105459683669233,0.273012703189435
25,918.5752728252828,,,mixed in-phase C-O stretching / C-H bending,delta(C2-C4-H15),angle,1.4196955541820695,+,0.024888299387447212,1.0206277969587885
25,918.5752728252828,,,mixed in-phase C-O stretching / C-H bending,nu(C7-N8),bond,1.2093977193709604,+,0.034577432080215346,0.45044968349124215
25,918.5752728252828,,,mixed in-phase C-O stretching / C-H bending,delta(O3-C2-H13),angle,0.6684529414878192,-,-0.03268033926075436,0.2787149988564878
25,918.5752728252828,,,mixed in-phase C-O stretching / C-H bending,delta(C2-C4-C5),angle,0.664303796638416,-,-0.019294473205703083,0.7946273302237717
25,918.5752728252828,,,mixed in-phase C-O stretching / C-H bending,tau(H16-C4-C5-H18),dihedral,0.5487760608163572,+,0.0324954222730637,0.23142666807728227
25,918.5752728252828,,,mixed in-phase C-O stretching / C-H bending,delta(N8-C7-O9),angle,0.5294901809683309,+,0.020273555069836906,0.5736681033914728
25,918.5752728252828,,,mixed in-phase C-O stretching / C-H bending,tau(H11-C1-C2-O3),dihedral,0.5132667571342012,-,-0.01681635110234113,0.8082434974166677
25,918.5752728252828,,,mixed in-phase C-O stretching / C-H bending,delta(C5-C4-H15),angle,0.45421760546898754,-,-0.010748400311635008,1.7508095722988488
25,918.5752728252828,,,mixed in-phase C-O stretching / C-H bending,"gamma(H18;C5,O6,H17)",oop,0.4388601976144394,-,-0.02517999612027899,0.3082318346285468
25,918.5752728252828,,,mixed in-phase C-O stretching / C-H bending,nu(C7-O9),bond,0.36654411308494456,+,0.01415483419189682,0.8146654356474178
25,918.5752728252828,,,mixed in-phase C-O stretching / C-H bending,delta(C1-C2-C4),angle,0.3616094320633307,+,0.0197631051415077,0.4122797483308755
25,918.5752728252828,,,mixed in-phase C-O stretching / C-H bending,delta(C4-C5-H18),angle,0.3274170270676743,+,0.019344422495603673,0.38962995436760806
25,918.5752728252828,,,mixed in-phase C-O stretching / C-H bending,"gamma(H10;C1,H11,H12)",oop,0.29635802000066663,+,0.014038559149142862,0.6696289587334144
25,918.5752728252828,,,mixed in-phase C-O stretching / C-H bending,delta(H11-C1-H12),angle,0.22655654702839595,+,0.01105340615128097,0.8257469440591959
25,918.5752728252828,,,mixed in-phase C-O stretching / C-H bending,tau(C2-C4-C5-O6),dihedral,0.11250850506150134,+,0.01448194719564256,0.23888784324546183
25,918.5752728252828,,,mixed in-phase C-O stretching / C-H bending,delta(C2-O3-H14),angle,0.10902057502832689,-,-0.016601154082797977,0.1761548163912733
25,918.5752728252828,,,mixed in-phase C-O stretching / C-H bending,tau(O3-C2-C4-H16),dihedral,0.09916328291429573,+,0.007389938938699871,0.8085964138894428
25,918.5752728252828,,,mixed in-phase C-O stretching / C-H bending,delta(H15-C4-H16),angle,0.0642814205138178,+,0.0051595555828769235,1.075284756701329
25,918.5752728252828,,,mixed in-phase C-O stretching / C-H bending,tau(C1-C2-C4-C5),dihedral,0.03504798380499812,+,0.004483487865967653,0.7764145342752474
25,918.5752728252828,,,mixed in-phase C-O stretching / C-H bending,delta(H19-N8-H20),angle,0.0348032966203627,-,-0.007992051090426795,0.24264228911972324
25,918.5752728252828,,,mixed in-phase C-O stretching / C-H bending,tau(O9-C7-N8-H19),dihedral,0.023329785116174097,-,-0.008700685226177047,0.1372354906200594
25,918.5752728252828,,,mixed in-phase C-O stretching / C-H bending,"gamma(C1;C2,O3,H13)",oop,0.01668617191401665,+,0.00423326435450935,0.41463747292882314
25,918.5752728252828,,,mixed in-phase C-O stretching / C-H bending,tau(H13-C2-O3-H14),dihedral,0.015765403388746872,+,0.026618352547457216,0.009908441658344393
25,918.5752728252828,,,mixed in-phase C-O stretching / C-H bending,nu(C2-H13),bond,0.008276548881042832,-,-0.003346877102135925,0.3290276293599761
25,918.5752728252828,,,mixed in-phase C-O stretching / C-H bending,tau(O6-C7-N8-H19),dihedral,0.006927749088839489,-,-0.005051437523305634,0.12089958013102238
25,918.5752728252828,,,mixed in-phase C-O stretching / C-H bending,nu(O3-H14),bond,0.006555771244747656,+,0.0023819398003341067,0.5145467545258035
25,918.5752728252828,,,mixed in-phase C-O stretching / C-H bending,nu(C5-H18),bond,0.005563965771246424,-,-0.002697705909004258,0.34045354277733064
25,918.5752728252828,,,mixed in-phase C-O stretching / C-H bending,nu(N8-H19),bond,0.005327549911148964,+,0.0022226587360469775,0.48022478197858476
25,918.5752728252828,,,mixed in-phase C-O stretching / C-H bending,nu(C4-H15),bond,0.004653331022068829,-,-0.0025232609612484943,0.3254634512378247
25,918.5752728252828,,,mixed in-phase C-O stretching / C-H bending,nu(C5-H17),bond,0.0023211523402139307,-,-0.0017595342643566285,0.3338649301903668
25,918.5752728252828,,,mixed in-phase C-O stretching / C-H bending,nu(C1-H11),bond,0.0007523716162143349,-,-0.0009987721242355754,0.33586302282669245
25,918.5752728252828,,,mixed in-phase C-O stretching / C-H bending,delta(O6-C5-H17),angle,0.000706448906524598,-,-0.0010930389015719826,0.2633128987200418
25,918.5752728252828,,,mixed in-phase C-O stretching / C-H bending,nu(N8-H20),bond,0.0005959732293606597,+,0.0007405203134176735,0.48396662608765273
25,918.5752728252828,,,mixed in-phase C-O stretching / C-H bending,tau(O6-C7-N8-H20),dihedral,0.0003904311850912169,-,-0.002649647156331654,0.024764583303918165
25,918.5752728252828,,,mixed in-phase C-O stretching / C-H bending,nu(C1-H12),bond,0.000332901705235692,+,0.0006707082513028552,0.3295424270765694
25,918.5752728252828,,,mixed in-phase C-O stretching / C-H bending,nu(C1-H10),bond,0.0002512823875096855,+,0.0005741265517273708,0.3394762530008387
25,918.5752728252828,,,mixed in-phase C-O stretching / C-H bending,tau(C5-O6-C7-N8),dihedral,0.0001270910140494519,-,-0.0014348289854620028,0.027490154249470444
25,918.5752728252828,,,mixed in-phase C-O stretching / C-H bending,tau(C4-C5-O6-C7),dihedral,7.227265182587683e-05,-,-0.002362378104725279,0.005766838473303552
25,918.5752728252828,,,mixed in-phase C-O stretching / C-H bending,nu(C4-H16),bond,1.018001225469553e-05,+,0.00011704185762010832,0.33092418150229375
26,948.2555012174283,,,mixed C-H bending / C-C torsion,delta(C2-C1-H10),angle,34.33993154404234,-,-0.227077962452669,0.7629605318840937
26,948.2555012174283,,,mixed C-H bending / C-C torsion,tau(H12-C1-C2-C4),dihedral,12.689754978560593,+,0.12290111823194529,0.9624854932709154
26,948.2555012174283,,,mixed C-H bending / C-C torsion,"gamma(C2;C4,H15,H16)",oop,10.785918330957447,-,-0.130402142636629,0.7266751309793713
26,948.2555012174283,,,mixed C-H bending / C-C torsion,tau(H11-C1-C2-O3),dihedral,7.194755627046558,-,-0.10098647810594834,0.8082434974166677
26,948.2555012174283,,,mixed C-H bending / C-C torsion,nu(C2-C4),bond,6.10748532017372,-,-0.16218239699256154,0.26601591914570893
26,948.2555012174283,,,mixed C-H bending / C-C torsion,delta(C4-C5-O6),angle,4.357575730221969,+,0.09901453612845479,0.5092132008186406
26,948.2555012174283,,,mixed C-H bending / C-C torsion,delta(C2-C4-C5),angle,3.0905360922291774,+,0.06675156822617861,0.7946273302237717
26,948.2555012174283,,,mixed C-H bending / C-C torsion,delta(C2-C4-H15),angle,2.3725400790982403,-,-0.051605904583164636,1.0206277969587885
26,948.2555012174283,,,mixed C-H bending / C-C torsion,nu(O6-C7),bond,2.2727237731264034,-,-0.0828155964183984,0.3796426635236279
26,948.2555012174283,,,mixed C-H bending / C-C torsion,nu(C5-O6),bond,2.2244134779761557,-,-0.09217972089228729,0.29991443217879
26,948.2555012174283,,,mixed C-H bending / C-C torsion,nu(C2-O3),bond,2.0156361676692947,+,0.08593023945044415,0.3127322887485309
26,948.2555012174283,,,mixed C-H bending / C-C torsion,delta(H11-C1-H12),angle,1.9523476441387535,+,0.052045286207298265,0.8257469440591959
26,948.2555012174283,,,mixed C-H bending / C-C torsion,tau(O3-C2-C4-H16),dihedral,1.6149811004035426,-,-0.04783481834397141,0.8085964138894428
26,948.2555012174283,,,mixed C-H bending / C-C torsion,delta(C5-C4-H15),angle,1.488551216157171,+,0.031209639133790986,1.7508095722988488
26,948.2555012174283,,,mixed C-H bending / C-C torsion,delta(C5-O6-C7),angle,1.054500317022288,+,0.06469851789800077,0.28860953510819726
26,948.2555012174283,,,mixed C-H bending / C-C torsion,delta(C2-C1-H12),angle,1.0530634392806695,+,0.057445551899933354,0.36559003310172816
26,948.2555012174283,,,mixed C-H bending / C-C torsion,delta(C7-N8-H20),angle,0.942839782530637,-,-0.06525879685807952,0.25363687773146887
26,948.2555012174283,,,mixed C-H bending / C-C torsion,nu(C1-C2),bond,0.8606963960289378,+,0.06009798030419889,0.273012703189435
26,948.2555012174283,,,mixed C-H bending / C-C torsion,delta(C4-C5-H18),angle,0.7816765298961672,-,-0.04794172757068108,0.38962995436760806
26,948.2555012174283,,,mixed C-H bending / C-C torsion,"gamma(C1;C2,O3,H13)",oop,0.7484159296679405,+,0.04547404101970425,0.41463747292882314
26,948.2555012174283,,,mixed C-H bending / C-C torsion,"gamma(H10;C1,H11,H12)",oop,0.5611685394030387,+,0.03098531079022082,0.6696289587334144
26,948.2555012174283,,,mixed C-H bending / C-C torsion,tau(H16-C4-C5-H18),dihedral,0.45142853893683843,-,-0.047273103695971166,0.23142666807728227
26,948.2555012174283,,,mixed C-H bending / C-C torsion,delta(O6-C7-N8),angle,0.36295526819902924,+,0.02549643216130626,0.6396566299177271
26,948.2555012174283,,,mixed C-H bending / C-C torsion,tau(H10-C1-C2-C4),dihedral,0.20613104479265065,-,-0.03665084969435251,0.17580366884501275
26,948.2555012174283,,,mixed C-H bending / C-C torsion,"gamma(H18;C5,O6,H17)",oop,0.1616600944352634,+,0.024512577558615935,0.3082318346285468
26,948.2555012174283,,,mixed C-H bending / C-C torsion,delta(O3-C2-H13),angle,0.08377793025747794,-,-0.018557136209476414,0.2787149988564878
26,948.2555012174283,,,mixed C-H bending / C-C torsion,delta(H15-C4-H16),angle,0.0805727850820824,-,-0.009265284420554224,1.075284756701329
26,948.2555012174283,,,mixed C-H bending / C-C torsion,nu(C7-O9),bond,0.046276499095173985,-,-0.008067090242608571,0.8146654356474178
26,948.2555012174283,,,mixed C-H bending / C-C torsion,tau(H13-C2-O3-H14),dihedral,0.02732298494469986,-,-0.05620665051918909,0.009908441658344393
26,948.2555012174283,,,mixed C-H bending / C-C torsion,tau(C1-C2-C4-C5),dihedral,0.01436204814234264,-,-0.004603494971525723,0.7764145342752474
26,948.2555012174283,,,mixed C-H bending / C-C torsion,tau(C2-C4-C5-O6),dihedral,0.011487975268310194,+,0.00742251413920469,0.23888784324546183
26,948.2555012174283,,,mixed C-H bending / C-C torsion,nu(C4-C5),bond,0.009666001131636962,-,-0.006196949881136347,0.28836563189512043
26,948.2555012174283,,,mixed C-H bending / C-C torsion,delta(N8-C7-O9),angle,0.008810759594653194,-,-0.004194716713475893,0.5736681033914728
26,948.2555012174283,,,mixed C-H bending / C-C torsion,nu(C7-N8),bond,0.005331753702113082,-,-0.0036824614481285934,0.45044968349124215
26,948.2555012174283,,,mixed C-H bending / C-C torsion,delta(C1-C2-C4),angle,0.003666818745254336,+,0.003192089301689387,0.4122797483308755
26,948.2555012174283,,,mixed C-H bending / C-C torsion,delta(O6-C5-H17),angle,0.0031002766999039854,+,0.003672742440274667,0.2633128987200418
26,948.2555012174283,,,mixed C-H bending / C-C torsion,tau(O6-C7-N8-H19),dihedral,0.0026411664900168473,+,0.0050027846114865816,0.12089958013102238
26,948.2555012174283,,,mixed C-H bending / C-C torsion,nu(C1-H10),bond,0.002310574506208114,+,0.0027924255367755774,0.3394762530008387
26,948.2555012174283,,,mixed C-H bending / C-C torsion,nu(C1-H11),bond,0.0017433847545037658,-,-0.002438607123419035,0.33586302282669245
26,948.2555012174283,,,mixed C-H bending / C-C torsion,tau(O9-C7-N8-H19),dihedral,0.0012816035824896276,+,0.0032709202017087652,0.1372354906200594
26,948.2555012174283,,,mixed C-H bending / C-C torsion,delta(H19-N8-H20),angle,0.0012664834397285813,+,0.0024453601061433985,0.24264228911972324
26,948.2555012174283,,,mixed C-H bending / C-C torsion,nu(O3-H14),bond,0.0009037049887430638,+,0.0014184931097877339,0.5145467545258035
26,948.2555012174283,,,mixed C-H bending / C-C torsion,nu(C5-H17),bond,0.0008949193068320133,+,0.0017523984080423359,0.3338649301903668
26,948.2555012174283,,,mixed C-H bending / C-C torsion,nu(C1-H12),bond,0.0006668763304279017,-,-0.001522626191216562,0.3295424270765694
26,948.2555012174283,,,mixed C-H bending / C-C torsion,nu(C2-H13),bond,0.0006025093557608999,-,-0.001448411704523965,0.3290276293599761
26,948.2555012174283,,,mixed C-H bending / C-C torsion,nu(C5-H18),bond,0.0005221487589699308,+,0.0013255450995535941,0.34045354277733064
26,948.2555012174283,,,mixed C-H bending / C-C torsion,nu(N8-H19),bond,0.000356320999598837,-,-0.0009219868721775993,0.48022478197858476
26,948.2555012174283,,,mixed C-H bending / C-C torsion,tau(C5-O6-C7-N8),dihedral,0.00034296354358224736,+,0.0037806084690460377,0.027490154249470444
26,948.2555012174283,,,mixed C-H bending / C-C torsion,nu(C4-H16),bond,0.00021650558826079945,+,0.000865758204509317,0.33092418150229375
26,948.2555012174283,,,mixed C-H bending / C-C torsion,delta(C2-O3-H14),angle,0.00014508811898153223,-,-0.0009713930153957173,0.1761548163912733
26,948.2555012174283,,,mixed C-H bending / C-C torsion,tau(O6-C7-N8-H20),dihedral,1.875382002025036e-05,+,0.0009314416887169789,0.024764583303918165
26,948.2555012174283,,,mixed C-H bending / C-C torsion,nu(N8-H20),bond,1.0640188726788681e-05,+,0.00015870597258835846,0.48396662608765273
26,948.2555012174283,,,mixed C-H bending / C-C torsion,nu(C4-H15),bond,1.0089013351120529e-05,+,0.00018845147804498363,0.3254634512378247
26,948.2555012174283,,,mixed C-H bending / C-C torsion,tau(C4-C5-O6-C7),dihedral,3.4725553230242826e-06,+,0.0008305810254644259,0.005766838473303552
27,980.2596166725475,,,mixed C-H bending / C-C torsion,delta(C2-C4-H15),angle,27.09929692688394,+,0.1484159749902454,1.0206277969587885
27,980.2596166725475,,,mixed C-H bending / C-C torsion,delta(C2-C1-H12),angle,16.420375561651653,-,-0.19303217454824334,0.36559003310172816
27,980.2596166725475,,,mixed C-H bending / C-C torsion,delta(C2-C1-H10),angle,8.266685404985681,+,0.09480909539746474,0.7629605318840937
27,980.2596166725475,,,mixed C-H bending / C-C torsion,delta(C4-C5-H18),angle,7.654428043785596,-,-0.12766314447998847,0.38962995436760806
27,980.2596166725475,,,mixed C-H bending / C-C torsion,tau(C1-C2-C4-C5),dihedral,6.829660789599268,-,-0.08542560681341209,0.7764145342752474
27,980.2596166725475,,,mixed C-H bending / C-C torsion,nu(C2-O3),bond,6.7597245948588744,-,-0.13391014283327093,0.3127322887485309
27,980.2596166725475,,,mixed C-H bending / C-C torsion,delta(C5-C4-H15),angle,5.5338340110338935,-,-0.05120695384830313,1.7508095722988488
27,980.2596166725475,,,mixed C-H bending / C-C torsion,tau(H11-C1-C2-O3),dihedral,4.44637357237884,+,0.06755650884982166,0.8082434974166677
27,980.2596166725475,,,mixed C-H bending / C-C torsion,"gamma(C1;C2,O3,H13)",oop,4.336779966369114,-,-0.09315040625926703,0.41463747292882314
27,980.2596166725475,,,mixed C-H bending / C-C torsion,nu(C1-C2),bond,4.315265976000358,+,0.114511127483879,0.273012703189435
27,980.2596166725475,,,mixed C-H bending / C-C torsion,tau(H10-C1-C2-C4),dihedral,1.6014366416019343,-,-0.08693131461949116,0.17580366884501275
27,980.2596166725475,,,mixed C-H bending / C-C torsion,nu(C2-C4),bond,1.2946690968113084,-,-0.06354200453518098,0.26601591914570893
27,980.2596166725475,,,mixed C-H bending / C-C torsion,delta(H11-C1-H12),angle,1.0687714909143222,-,-0.032768327579122306,0.8257469440591959
27,980.2596166725475,,,mixed C-H bending / C-C torsion,"gamma(H18;C5,O6,H17)",oop,0.7970485632620126,+,0.04631684619813529,0.3082318346285468
27,980.2596166725475,,,mixed C-H bending / C-C torsion,delta(O6-C5-H17),angle,0.7824824936160633,+,0.04965198113285286,0.2633128987200418
27,980.2596166725475,,,mixed C-H bending / C-C torsion,tau(H16-C4-C5-H18),dihedral,0.6360215211440888,-,-0.047749028295938044,0.23142666807728227
27,980.2596166725475,,,mixed C-H bending / C-C torsion,nu(C4-C5),bond,0.38887503546892366,+,0.03344788152276003,0.28836563189512043
27,980.2596166725475,,,mixed C-H bending / C-C torsion,delta(C2-O3-H14),angle,0.3879151097079747,+,0.0427421555832035,0.1761548163912733
27,980.2596166725475,,,mixed C-H bending / C-C torsion,tau(H12-C1-C2-C4),dihedral,0.30034485977953523,+,0.016089714553426136,0.9624854932709154
27,980.2596166725475,,,mixed C-H bending / C-C torsion,tau(H13-C2-O3-H14),dihedral,0.27863256995373864,+,0.15273852624528184,0.009908441658344393
27,980.2596166725475,,,mixed C-H bending / C-C torsion,tau(C2-C4-C5-O6),dihedral,0.23640153663299043,-,-0.02865256171378673,0.23888784324546183
27,980.2596166725475,,,mixed C-H bending / C-C torsion,tau(O3-C2-C4-H16),dihedral,0.15511520781515764,-,-0.012615271970730554,0.8085964138894428
27,980.2596166725475,,,mixed C-H bending / C-C torsion,delta(H15-C4-H16),angle,0.10499701047225396,+,0.009000405078756728,1.075284756701329
27,980.2596166725475,,,mixed C-H bending / C-C torsion,delta(C1-C2-C4),angle,0.06132466189456351,-,-0.011108538227268188,0.4122797483308755
27,980.2596166725475,,,mixed C-H bending / C-C torsion,"gamma(C2;C4,H15,H16)",oop,0.055529245735435225,-,-0.00796207148052501,0.7266751309793713
27,980.2596166725475,,,mixed C-H bending / C-C torsion,delta(C2-C4-C5),angle,0.037437725088222594,-,-0.006251846555626954,0.7946273302237717
27,980.2596166725475,,,mixed C-H bending / C-C torsion,tau(C5-O6-C7-N8),dihedral,0.029804389932912713,+,0.02999071803786816,0.027490154249470444
27,980.2596166725475,,,mixed C-H bending / C-C torsion,delta(C4-C5-O6),angle,0.024666071742709624,+,0.006339215300371718,0.5092132008186406
27,980.2596166725475,,,mixed C-H bending / C-C torsion,nu(C1-H12),bond,0.01914391522283707,+,0.006942166843276213,0.3295424270765694
27,980.2596166725475,,,mixed C-H bending / C-C torsion,delta(C5-O6-C7),angle,0.01553230480857459,-,-0.006681868870087314,0.28860953510819726
27,980.2596166725475,,,mixed C-H bending / C-C torsion,tau(O9-C7-N8-H19),dihedral,0.010981203300315323,-,-0.008147550858928519,0.1372354906200594
27,980.2596166725475,,,mixed C-H bending / C-C torsion,"gamma(H10;C1,H11,H12)",oop,0.00954797882628714,+,0.003439330760775906,0.6696289587334144
27,980.2596166725475,,,mixed C-H bending / C-C torsion,delta(O3-C2-H13),angle,0.006536283076980115,+,0.004410832742647045,0.2787149988564878
27,980.2596166725475,,,mixed C-H bending / C-C torsion,tau(C4-C5-O6-C7),dihedral,0.006187294107515507,+,0.029834366489112103,0.005766838473303552
27,980.2596166725475,,,mixed C-H bending / C-C torsion,tau(O6-C7-N8-H19),dihedral,0.00604134938677264,+,0.006438577296950462,0.12089958013102238
27,980.2596166725475,,,mixed C-H bending / C-C torsion,nu(C5-H18),bond,0.0053869701056516,+,0.0036230863733495615,0.34045354277733064
27,980.2596166725475,,,mixed C-H bending / C-C torsion,nu(C7-N8),bond,0.0034773615448991445,-,-0.0025306793089902645,0.45044968349124215
27,980.2596166725475,,,mixed C-H bending / C-C torsion,nu(C1-H11),bond,0.003113067805083817,-,-0.002772991431534129,0.33586302282669245
27,980.2596166725475,,,mixed C-H bending / C-C torsion,nu(C2-H13),bond,0.0031120038096826446,+,0.0028011683429484324,0.3290276293599761
27,980.2596166725475,,,mixed C-H bending / C-C torsion,nu(O3-H14),bond,0.002068529087829509,-,-0.0018262226645343051,0.5145467545258035
27,980.2596166725475,,,mixed C-H bending / C-C torsion,nu(C5-H17),bond,0.0016909564998748858,-,-0.002049822001880674,0.3338649301903668
27,980.2596166725475,,,mixed C-H bending / C-C torsion,tau(O6-C7-N8-H20),dihedral,0.0008005154121144863,+,0.005178508223264862,0.024764583303918165
27,980.2596166725475,,,mixed C-H bending / C-C torsion,nu(C7-O9),bond,0.0007078429566719216,+,0.0008490126204006289,0.8146654356474178
27,980.2596166725475,,,mixed C-H bending / C-C torsion,nu(C4-H15),bond,0.0006372814504029551,-,-0.00127452940552386,0.3254634512378247
27,980.2596166725475,,,mixed C-H bending / C-C torsion,delta(C7-N8-H20),angle,0.0003313444052992655,+,0.0010410436886644215,0.25363687773146887
27,980.2596166725475,,,mixed C-H bending / C-C torsion,delta(H19-N8-H20),angle,0.0002681337036550611,+,0.0009574757646327353,0.24264228911972324
27,980.2596166725475,,,mixed C-H bending / C-C torsion,nu(C1-H10),bond,0.00019020385734941868,-,-0.0006817737784508606,0.3394762530008387
27,980.2596166725475,,,mixed C-H bending / C-C torsion,nu(C5-O6),bond,0.00014083238149858204,-,-0.0006241484739338025,0.29991443217879
27,980.2596166725475,,,mixed C-H bending / C-C torsion,delta(N8-C7-O9),angle,0.00010219484835124546,+,0.0003844319582869971,0.5736681033914728
27,980.2596166725475,,,mixed C-H bending / C-C torsion,nu(C4-H16),bond,6.837018242483233e-05,-,-0.0004140039182694165,0.33092418150229375
27,980.2596166725475,,,mixed C-H bending / C-C torsion,delta(O6-C7-N8),angle,3.279050399788698e-05,+,0.00020622244278527136,0.6396566299177271
27,980.2596166725475,,,mixed C-H bending / C-C torsion,nu(N8-H20),bond,2.7370785985122263e-06,-,-6.849695430685637e-05,0.48396662608765273
27,980.2596166725475,,,mixed C-H bending / C-C torsion,nu(O6-C7),bond,4.5500006543977073e-07,-,-3.1532148086450704e-05,0.3796426635236279
27,980.2596166725475,,,mixed C-H bending / C-C torsion,nu(N8-H19),bond,1.5159024520974211e-09,+,1.6182614088115745e-06,0.48022478197858476
28,1042.6671659552703,,,mixed opposite-phase C-C stretching / mixed-phase C-O stretching / C-H bending,nu(C4-C5),bond,24.842142081600258,+,0.2110795119307086,0.28836563189512043
28,1042.6671659552703,,,mixed opposite-phase C-C stretching / mixed-phase C-O stretching / C-H bending,nu(C1-C2),bond,17.255976007923348,-,-0.18080134073256743,0.273012703189435
28,1042.6671659552703,,,mixed opposite-phase C-C stretching / mixed-phase C-O stretching / C-H bending,delta(C2-C1-H12),angle,11.03104143160309,-,-0.12492069573165321,0.36559003310172816
28,1042.6671659552703,,,mixed opposite-phase C-C stretching / mixed-phase C-O stretching / C-H bending,nu(C5-O6),bond,7.696955439857498,+,0.1152083916467118,0.29991443217879
28,1042.6671659552703,,,mixed opposite-phase C-C stretching / mixed-phase C-O stretching / C-H bending,nu(C2-O3),bond,7.1289742603635835,+,0.10858015862238343,0.3127322887485309
28,1042.6671659552703,,,mixed opposite-phase C-C stretching / mixed-phase C-O stretching / C-H bending,nu(C7-N8),bond,4.215238794780891,-,-0.06956827876480612,0.45044968349124215
28,1042.6671659552703,,,mixed opposite-phase C-C stretching / mixed-phase C-O stretching / C-H bending,nu(O6-C7),bond,3.1380398268482406,-,-0.06538302802895472,0.3796426635236279
28,1042.6671659552703,,,mixed opposite-phase C-C stretching / mixed-phase C-O stretching / C-H bending,tau(O3-C2-C4-H16),dihedral,2.582745339755657,+,0.04064416426452169,0.8085964138894428
28,1042.6671659552703,,,mixed opposite-phase C-C stretching / mixed-phase C-O stretching / C-H bending,delta(C4-C5-O6),angle,2.567574266583411,-,-0.05106637032704972,0.5092132008186406
28,1042.6671659552703,,,mixed opposite-phase C-C stretching / mixed-phase C-O stretching / C-H bending,delta(C4-C5-H18),angle,2.152488991185058,+,0.053452449358901456,0.38962995436760806
28,1042.6671659552703,,,mixed opposite-phase C-C stretching / mixed-phase C-O stretching / C-H bending,tau(H11-C1-C2-O3),dihedral,1.7385582672757727,+,0.033353915617965926,0.8082434974166677
28,1042.6671659552703,,,mixed opposite-phase C-C stretching / mixed-phase C-O stretching / C-H bending,tau(H10-C1-C2-C4),dihedral,1.5711060639370047,-,-0.06798484244993544,0.17580366884501275
28,1042.6671659552703,,,mixed opposite-phase C-C stretching / mixed-phase C-O stretching / C-H bending,"gamma(C1;C2,O3,H13)",oop,1.4862638453931758,-,-0.04305632833767795,0.41463747292882314
28,1042.6671659552703,,,mixed opposite-phase C-C stretching / mixed-phase C-O stretching / C-H bending,delta(C2-O3-H14),angle,1.4700187495612418,+,0.06569578192417073,0.1761548163912733
28,1042.6671659552703,,,mixed opposite-phase C-C stretching / mixed-phase C-O stretching / C-H bending,nu(C2-C4),bond,1.4214090982973635,-,-0.05256891847395096,0.26601591914570893
28,1042.6671659552703,,,mixed opposite-phase C-C stretching / mixed-phase C-O stretching / C-H bending,delta(O3-C2-H13),angle,1.370462165087502,-,-0.05042857137576242,0.2787149988564878
28,1042.6671659552703,,,mixed opposite-phase C-C stretching / mixed-phase C-O stretching / C-H bending,tau(H16-C4-C5-H18),dihedral,1.2616144788567523,+,0.05309821735908315,0.23142666807728227
28,1042.6671659552703,,,mixed opposite-phase C-C stretching / mixed-phase C-O stretching / C-H bending,"gamma(H10;C1,H11,H12)",oop,1.102626257965609,-,-0.029182356721870577,0.6696289587334144
28,1042.6671659552703,,,mixed opposite-phase C-C stretching / mixed-phase C-O stretching / C-H bending,delta(C5-O6-C7),angle,1.0465278534710676,-,-0.04330553100965302,0.28860953510819726
28,1042.6671659552703,,,mixed opposite-phase C-C stretching / mixed-phase C-O stretching / C-H bending,"gamma(C2;C4,H15,H16)",oop,0.9690022692753922,+,0.026261259932860187,0.7266751309793713
28,1042.6671659552703,,,mixed opposite-phase C-C stretching / mixed-phase C-O stretching / C-H bending,"gamma(H18;C5,O6,H17)",oop,0.7237311501732998,+,0.034847626011836406,0.3082318346285468
28,1042.6671659552703,,,mixed opposite-phase C-C stretching / mixed-phase C-O stretching / C-H bending,delta(C2-C1-H10),angle,0.5890477688674896,+,0.01998239463021374,0.7629605318840937
28,1042.6671659552703,,,mixed opposite-phase C-C stretching / mixed-phase C-O stretching / C-H bending,delta(C2-C4-C5),angle,0.5558152473856095,-,-0.019019836936393707,0.7946273302237717
28,1042.6671659552703,,,mixed opposite-phase C-C stretching / mixed-phase C-O stretching / C-H bending,delta(O6-C5-H17),angle,0.49502125640678213,-,-0.031181655356428035,0.2633128987200418
28,1042.6671659552703,,,mixed opposite-phase C-C stretching / mixed-phase C-O stretching / C-H bending,tau(H12-C1-C2-C4),dihedral,0.31520137100937434,+,0.013014283490657941,0.9624854932709154
28,1042.6671659552703,,,mixed opposite-phase C-C stretching / mixed-phase C-O stretching / C-H bending,delta(C1-C2-C4),angle,0.2772392529418123,+,0.018648962209557703,0.4122797483308755
28,1042.6671659552703,,,mixed opposite-phase C-C stretching / mixed-phase C-O stretching / C-H bending,nu(C7-O9),bond,0.16432808024087234,-,-0.010213851882653733,0.8146654356474178
28,1042.6671659552703,,,mixed opposite-phase C-C stretching / mixed-phase C-O stretching / C-H bending,tau(C1-C2-C4-C5),dihedral,0.15269471054356437,-,-0.010085292031909885,0.7764145342752474
28,1042.6671659552703,,,mixed opposite-phase C-C stretching / mixed-phase C-O stretching / C-H bending,delta(H19-N8-H20),angle,0.1274655104533615,+,0.016483005652838455,0.24264228911972324
28,1042.6671659552703,,,mixed opposite-phase C-C stretching / mixed-phase C-O stretching / C-H bending,delta(C5-C4-H15),angle,0.11088173135755747,+,0.005723133191995203,1.7508095722988488
28,1042.6671659552703,,,mixed opposite-phase C-C stretching / mixed-phase C-O stretching / C-H bending,delta(O6-C7-N8),angle,0.09377480631809995,-,-0.008707489214178986,0.6396566299177271
28,1042.6671659552703,,,mixed opposite-phase C-C stretching / mixed-phase C-O stretching / C-H bending,delta(H15-C4-H16),angle,0.0843445012255933,-,-0.006369274299224779,1.075284756701329
28,1042.6671659552703,,,mixed opposite-phase C-C stretching / mixed-phase C-O stretching / C-H bending,delta(C7-N8-H20),angle,0.08419399469298829,+,0.013102605604387278,0.25363687773146887
28,1042.6671659552703,,,mixed opposite-phase C-C stretching / mixed-phase C-O stretching / C-H bending,delta(C2-C4-H15),angle,0.03808845154380735,+,0.004393253589186453,1.0206277969587885
28,1042.6671659552703,,,mixed opposite-phase C-C stretching / mixed-phase C-O stretching / C-H bending,tau(H13-C2-O3-H14),dihedral,0.03690400584150886,+,0.04388917193028188,0.009908441658344393
28,1042.6671659552703,,,mixed opposite-phase C-C stretching / mixed-phase C-O stretching / C-H bending,delta(N8-C7-O9),angle,0.031483629718961556,-,-0.005327645955525558,0.5736681033914728
28,1042.6671659552703,,,mixed opposite-phase C-C stretching / mixed-phase C-O stretching / C-H bending,tau(C2-C4-C5-O6),dihedral,0.025613984025490588,+,0.007446717050721455,0.23888784324546183
28,1042.6671659552703,,,mixed opposite-phase C-C stretching / mixed-phase C-O stretching / C-H bending,nu(N8-H20),bond,0.007975058944124945,-,-0.002919325721996487,0.48396662608765273
28,1042.6671659552703,,,mixed opposite-phase C-C stretching / mixed-phase C-O stretching / C-H bending,nu(C1-H10),bond,0.007278420733205614,-,-0.003329945981284029,0.3394762530008387
28,1042.6671659552703,,,mixed opposite-phase C-C stretching / mixed-phase C-O stretching / C-H bending,nu(C1-H11),bond,0.007100818914264613,-,-0.003306712465458644,0.33586302282669245
28,1042.6671659552703,,,mixed opposite-phase C-C stretching / mixed-phase C-O stretching / C-H bending,nu(C2-H13),bond,0.005773021399354846,-,-0.0030123727447166917,0.3290276293599761
28,1042.6671659552703,,,mixed opposite-phase C-C stretching / mixed-phase C-O stretching / C-H bending,nu(C5-H18),bond,0.004507124276546205,-,-0.002616641034392205,0.34045354277733064
28,1042.6671659552703,,,mixed opposite-phase C-C stretching / mixed-phase C-O stretching / C-H bending,nu(N8-H19),bond,0.0038874003474032395,-,-0.0020461179278144005,0.48022478197858476
28,1042.6671659552703,,,mixed opposite-phase C-C stretching / mixed-phase C-O stretching / C-H bending,tau(O9-C7-N8-H19),dihedral,0.0022944424669363176,+,0.002940550732496623,0.1372354906200594
28,1042.6671659552703,,,mixed opposite-phase C-C stretching / mixed-phase C-O stretching / C-H bending,nu(C5-H17),bond,0.0019530586354101868,-,-0.001739384316761975,0.3338649301903668
28,1042.6671659552703,,,mixed opposite-phase C-C stretching / mixed-phase C-O stretching / C-H bending,nu(C4-H16),bond,0.001651162780816816,+,0.0016064011399807702,0.33092418150229375
28,1042.6671659552703,,,mixed opposite-phase C-C stretching / mixed-phase C-O stretching / C-H bending,nu(O3-H14),bond,0.001443137779683307,+,0.0012043834707702943,0.5145467545258035
28,1042.6671659552703,,,mixed opposite-phase C-C stretching / mixed-phase C-O stretching / C-H bending,nu(C1-H12),bond,0.0009700678041283429,+,0.0012338679615507236,0.3295424270765694
28,1042.6671659552703,,,mixed opposite-phase C-C stretching / mixed-phase C-O stretching / C-H bending,tau(O6-C7-N8-H19),dihedral,0.00046212580769444873,-,-0.0014060184677383099,0.12089958013102238
28,1042.6671659552703,,,mixed opposite-phase C-C stretching / mixed-phase C-O stretching / C-H bending,tau(C5-O6-C7-N8),dihedral,7.224261670002608e-05,-,-0.0011658198773230445,0.027490154249470444
28,1042.6671659552703,,,mixed opposite-phase C-C stretching / mixed-phase C-O stretching / C-H bending,tau(O6-C7-N8-H20),dihedral,2.293686685354303e-05,-,-0.0006921095541302808,0.024764583303918165
28,1042.6671659552703,,,mixed opposite-phase C-C stretching / mixed-phase C-O stretching / C-H bending,nu(C4-H15),bond,9.786443835292441e-06,-,-0.0001247052253134445,0.3254634512378247
28,1042.6671659552703,,,mixed opposite-phase C-C stretching / mixed-phase C-O stretching / C-H bending,delta(H11-C1-H12),angle,4.044960124176321e-06,-,-5.033347846564846e-05,0.8257469440591959
28,1042.6671659552703,,,mixed opposite-phase C-C stretching / mixed-phase C-O stretching / C-H bending,tau(C4-C5-O6-C7),dihedral,2.0685481640500227e-07,-,-0.00013620317618589335,0.005766838473303552
29,1083.2445508627393,,,mixed mixed-phase C-O stretching / C-H bending,nu(C5-O6),bond,27.976286966781398,+,0.23773332306009454,0.29991443217879
29,1083.2445508627393,,,mixed mixed-phase C-O stretching / C-H bending,delta(C2-C4-H15),angle,10.75006520587943,+,0.07988505887138539,1.0206277969587885
29,1083.2445508627393,,,mixed mixed-phase C-O stretching / C-H bending,delta(C2-C1-H12),angle,10.180533391975844,+,0.12989181914360476,0.36559003310172816
29,1083.2445508627393,,,mixed mixed-phase C-O stretching / C-H bending,nu(O6-C7),bond,8.482348481322543,-,-0.11634942890686419,0.3796426635236279
29,1083.2445508627393,,,mixed mixed-phase C-O stretching / C-H bending,delta(C2-O3-H14),angle,7.4863396820495085,-,-0.16046532858598206,0.1761548163912733
29,1083.2445508627393,,,mixed mixed-phase C-O stretching / C-H bending,nu(C7-N8),bond,7.228997080381532,-,-0.0986074182173299,0.45044968349124215
29,1083.2445508627393,,,mixed mixed-phase C-O stretching / C-H bending,delta(C2-C4-C5),angle,3.862047288993197,-,-0.054265117915058225,0.7946273302237717
29,1083.2445508627393,,,mixed mixed-phase C-O stretching / C-H bending,delta(O3-C2-H13),angle,3.6218495002178974,+,0.08873168650209329,0.2787149988564878
29,1083.2445508627393,,,mixed mixed-phase C-O stretching / C-H bending,nu(C1-C2),bond,2.9224131295068827,+,0.0805328528442065,0.273012703189435
29,1083.2445508627393,,,mixed mixed-phase C-O stretching / C-H bending,tau(H12-C1-C2-C4),dihedral,2.775603658498764,-,-0.041799908954548035,0.9624854932709154
29,1083.2445508627393,,,mixed mixed-phase C-O stretching / C-H bending,nu(C4-C5),bond,2.5516113045059057,-,-0.07321991422390012,0.28836563189512043
29,1083.2445508627393,,,mixed mixed-phase C-O stretching / C-H bending,delta(C2-C1-H10),angle,2.5098962989167752,-,-0.04464476685500186,0.7629605318840937
29,1083.2445508627393,,,mixed mixed-phase C-O stretching / C-H bending,tau(H11-C1-C2-O3),dihedral,2.044343251712471,-,-0.03914709189383802,0.8082434974166677
29,1083.2445508627393,,,mixed mixed-phase C-O stretching / C-H bending,delta(C5-C4-H15),angle,1.2606220576277725,+,0.02088654957704798,1.7508095722988488
29,1083.2445508627393,,,mixed mixed-phase C-O stretching / C-H bending,nu(C7-O9),bond,1.0102020335780244,-,-0.027409946025869353,0.8146654356474178
29,1083.2445508627393,,,mixed mixed-phase C-O stretching / C-H bending,delta(H15-C4-H16),angle,0.7207500982877926,+,0.020152285950513882,1.075284756701329
29,1083.2445508627393,,,mixed mixed-phase C-O stretching / C-H bending,delta(C7-N8-H20),angle,0.5852940959495366,+,0.03739164560663296,0.25363687773146887
29,1083.2445508627393,,,mixed mixed-phase C-O stretching / C-H bending,delta(C4-C5-H18),angle,0.5561560366882913,-,-0.02940802543994224,0.38962995436760806
29,1083.2445508627393,,,mixed mixed-phase C-O stretching / C-H bending,"gamma(H10;C1,H11,H12)",oop,0.5341352094257155,+,0.02198377125516085,0.6696289587334144
29,1083.2445508627393,,,mixed mixed-phase C-O stretching / C-H bending,delta(C1-C2-C4),angle,0.4857492033566462,-,-0.026717988206371827,0.4122797483308755
29,1083.2445508627393,,,mixed mixed-phase C-O stretching / C-H bending,"gamma(C2;C4,H15,H16)",oop,0.3941691561025867,+,0.01812862545793344,0.7266751309793713
29,1083.2445508627393,,,mixed mixed-phase C-O stretching / C-H bending,delta(H19-N8-H20),angle,0.30551404413729144,+,0.027620151010601883,0.24264228911972324
29,1083.2445508627393,,,mixed mixed-phase C-O stretching / C-H bending,tau(H10-C1-C2-C4),dihedral,0.2985405093748793,+,0.03207608636305583,0.17580366884501275
29,1083.2445508627393,,,mixed mixed-phase C-O stretching / C-H bending,"gamma(H18;C5,O6,H17)",oop,0.18468961283941648,+,0.01905356282242584,0.3082318346285468
29,1083.2445508627393,,,mixed mixed-phase C-O stretching / C-H bending,tau(H16-C4-C5-H18),dihedral,0.16353325352592002,-,-0.02069140796786934,0.23142666807728227
29,1083.2445508627393,,,mixed mixed-phase C-O stretching / C-H bending,delta(H11-C1-H12),angle,0.1503766026317199,+,0.010504136417207688,0.8257469440591959
29,1083.2445508627393,,,mixed mixed-phase C-O stretching / C-H bending,delta(O6-C7-N8),angle,0.15017491998151433,-,-0.011926663281113827,0.6396566299177271
29,1083.2445508627393,,,mixed mixed-phase C-O stretching / C-H bending,tau(O3-C2-C4-H16),dihedral,0.1495888702050009,+,0.010587110405040394,0.8085964138894428
29,1083.2445508627393,,,mixed mixed-phase C-O stretching / C-H bending,nu(C2-O3),bond,0.14124273333863702,+,0.0165420908451899,0.3127322887485309
29,1083.2445508627393,,,mixed mixed-phase C-O stretching / C-H bending,tau(C2-C4-C5-O6),dihedral,0.1085987800790701,+,0.01659621892337419,0.23888784324546183
29,1083.2445508627393,,,mixed mixed-phase C-O stretching / C-H bending,delta(N8-C7-O9),angle,0.06847484288243384,-,-0.008504110154567434,0.5736681033914728
29,1083.2445508627393,,,mixed mixed-phase C-O stretching / C-H bending,delta(C4-C5-O6),angle,0.06469517438614021,-,-0.008773640263004975,0.5092132008186406
29,1083.2445508627393,,,mixed mixed-phase C-O stretching / C-H bending,nu(C2-C4),bond,0.05333618575495795,+,0.011021757979018817,0.26601591914570893
29,1083.2445508627393,,,mixed mixed-phase C-O stretching / C-H bending,tau(C1-C2-C4-C5),dihedral,0.03295957827972544,+,0.005071514846821807,0.7764145342752474
29,1083.2445508627393,,,mixed mixed-phase C-O stretching / C-H bending,nu(C5-H17),bond,0.029013004508660404,-,-0.007256123369161063,0.3338649301903668
29,1083.2445508627393,,,mixed mixed-phase C-O stretching / C-H bending,delta(C5-O6-C7),angle,0.02484153938724658,+,0.007221503419312052,0.28860953510819726
29,1083.2445508627393,,,mixed mixed-phase C-O stretching / C-H bending,delta(O6-C5-H17),angle,0.024484456285707366,+,0.007505901684433803,0.2633128987200418
29,1083.2445508627393,,,mixed mixed-phase C-O stretching / C-H bending,"gamma(C1;C2,O3,H13)",oop,0.021528095482849435,+,0.005608700342189558,0.41463747292882314
29,1083.2445508627393,,,mixed mixed-phase C-O stretching / C-H bending,nu(C5-H18),bond,0.020109578262651567,-,-0.005982273423755913,0.34045354277733064
29,1083.2445508627393,,,mixed mixed-phase C-O stretching / C-H bending,nu(N8-H20),bond,0.018448342923589225,-,-0.004805788798313358,0.48396662608765273
29,1083.2445508627393,,,mixed mixed-phase C-O stretching / C-H bending,nu(C4-H15),bond,0.010416475826792731,-,-0.004403550679404275,0.3254634512378247
29,1083.2445508627393,,,mixed mixed-phase C-O stretching / C-H bending,nu(N8-H19),bond,0.008915586274735737,-,-0.003353871166657078,0.48022478197858476
29,1083.2445508627393,,,mixed mixed-phase C-O stretching / C-H bending,tau(C5-O6-C7-N8),dihedral,0.008751456020082846,+,0.013888178042047599,0.027490154249470444
29,1083.2445508627393,,,mixed mixed-phase C-O stretching / C-H bending,nu(C1-H12),bond,0.004878781783498988,-,-0.002994978680484209,0.3295424270765694
29,1083.2445508627393,,,mixed mixed-phase C-O stretching / C-H bending,nu(C1-H11),bond,0.004182596686600518,+,0.0027468541786340676,0.33586302282669245
29,1083.2445508627393,,,mixed mixed-phase C-O stretching / C-H bending,nu(O3-H14),bond,0.002888215985531181,+,0.0018441494716246228,0.5145467545258035
29,1083.2445508627393,,,mixed mixed-phase C-O stretching / C-H bending,tau(C4-C5-O6-C7),dihedral,0.0028075689922732027,+,0.017174734474445206,0.005766838473303552
29,1083.2445508627393,,,mixed mixed-phase C-O stretching / C-H bending,tau(O9-C7-N8-H19),dihedral,0.002684776100881385,+,0.003442821634652058,0.1372354906200594
29,1083.2445508627393,,,mixed mixed-phase C-O stretching / C-H bending,tau(O6-C7-N8-H19),dihedral,0.00184450234177297,+,0.003040331335315343,0.12089958013102238
29,1083.2445508627393,,,mixed mixed-phase C-O stretching / C-H bending,nu(C1-H10),bond,0.0018012379964090883,+,0.0017929763301134053,0.3394762530008387
29,1083.2445508627393,,,mixed mixed-phase C-O stretching / C-H bending,nu(C4-H16),bond,0.0008397002310330322,-,-0.001239914078229086,0.33092418150229375
29,1083.2445508627393,,,mixed mixed-phase C-O stretching / C-H bending,tau(H13-C2-O3-H14),dihedral,0.0003841148395872726,-,-0.004846425833784717,0.009908441658344393
29,1083.2445508627393,,,mixed mixed-phase C-O stretching / C-H bending,tau(O6-C7-N8-H20),dihedral,3.375004012710372e-05,-,-0.0009086891464507972,0.024764583303918165
29,1083.2445508627393,,,mixed mixed-phase C-O stretching / C-H bending,nu(C2-H13),bond,7.980854766153824e-06,+,0.0001212278006353736,0.3290276293599761
30,1089.8534141239259,,,mixed C-H bending / C-C torsion / mixed-phase C-O stretching,tau(H12-C1-C2-C4),dihedral,18.51052256554139,+,0.11850189965413956,0.9624854932709154
30,1089.8534141239259,,,mixed C-H bending / C-C torsion / mixed-phase C-O stretching,delta(C2-O3-H14),angle,13.321844202450434,+,0.2349892434600437,0.1761548163912733
30,1089.8534141239259,,,mixed C-H bending / C-C torsion / mixed-phase C-O stretching,delta(C2-C4-H15),angle,12.364847318172231,-,-0.09405323802405854,1.0206277969587885
30,1089.8534141239259,,,mixed C-H bending / C-C torsion / mixed-phase C-O stretching,nu(C4-C5),bond,11.800573298505576,-,-0.17285934893388968,0.28836563189512043
30,1089.8534141239259,,,mixed C-H bending / C-C torsion / mixed-phase C-O stretching,nu(C5-O6),bond,7.8011273250330415,+,0.13781391478318844,0.29991443217879
30,1089.8534141239259,,,mixed C-H bending / C-C torsion / mixed-phase C-O stretching,nu(C2-O3),bond,7.53293085588594,-,-0.13261990053665174,0.3127322887485309
30,1089.8534141239259,,,mixed C-H bending / C-C torsion / mixed-phase C-O stretching,delta(C2-C1-H12),angle,7.447703246010464,-,-0.12196271321446504,0.36559003310172816
30,1089.8534141239259,,,mixed C-H bending / C-C torsion / mixed-phase C-O stretching,delta(O3-C2-H13),angle,5.289321564580564,-,-0.11771529194040684,0.2787149988564878
30,1089.8534141239259,,,mixed C-H bending / C-C torsion / mixed-phase C-O stretching,nu(O6-C7),bond,3.9056856338383836,-,-0.08667107938856385,0.3796426635236279
30,1089.8534141239259,,,mixed C-H bending / C-C torsion / mixed-phase C-O stretching,delta(C5-C4-H15),angle,2.4077817494303826,-,-0.03168853574355713,1.7508095722988488
30,1089.8534141239259,,,mixed C-H bending / C-C torsion / mixed-phase C-O stretching,delta(C4-C5-H18),angle,1.3458594954894834,+,0.05022116252715406,0.38962995436760806
30,1089.8534141239259,,,mixed C-H bending / C-C torsion / mixed-phase C-O stretching,delta(O6-C5-H17),angle,1.143413844516464,-,-0.056309118035576054,0.2633128987200418
30,1089.8534141239259,,,mixed C-H bending / C-C torsion / mixed-phase C-O stretching,nu(C2-C4),bond,1.0700601344448144,+,0.054195515026949304,0.26601591914570893
30,1089.8534141239259,,,mixed C-H bending / C-C torsion / mixed-phase C-O stretching,delta(C7-N8-H20),angle,0.9811154240459378,-,-0.05314555189592638,0.25363687773146887
30,1089.8534141239259,,,mixed C-H bending / C-C torsion / mixed-phase C-O stretching,delta(C4-C5-O6),angle,0.7829738177713308,+,0.03350710155400406,0.5092132008186406
30,1089.8534141239259,,,mixed C-H bending / C-C torsion / mixed-phase C-O stretching,delta(C2-C1-H10),angle,0.6413442859601025,-,-0.024774656837299965,0.7629605318840937
30,1089.8534141239259,,,mixed C-H bending / C-C torsion / mixed-phase C-O stretching,tau(H11-C1-C2-O3),dihedral,0.5971657616843522,+,0.023226801539043555,0.8082434974166677
30,1089.8534141239259,,,mixed C-H bending / C-C torsion / mixed-phase C-O stretching,tau(H16-C4-C5-H18),dihedral,0.45348362027523603,+,0.03782571709884236,0.23142666807728227
30,1089.8534141239259,,,mixed C-H bending / C-C torsion / mixed-phase C-O stretching,delta(O6-C7-N8),angle,0.4031519198384659,-,-0.021452305954282644,0.6396566299177271
30,1089.8534141239259,,,mixed C-H bending / C-C torsion / mixed-phase C-O stretching,tau(C1-C2-C4-C5),dihedral,0.30186683336030334,-,-0.016848992620689562,0.7764145342752474
30,1089.8534141239259,,,mixed C-H bending / C-C torsion / mixed-phase C-O stretching,"gamma(C2;C4,H15,H16)",oop,0.30082592606362635,+,0.01738603506958642,0.7266751309793713
30,1089.8534141239259,,,mixed C-H bending / C-C torsion / mixed-phase C-O stretching,delta(C5-O6-C7),angle,0.29824974896948275,+,0.027469311529419654,0.28860953510819726
30,1089.8534141239259,,,mixed C-H bending / C-C torsion / mixed-phase C-O stretching,tau(C2-C4-C5-O6),dihedral,0.2670423569111912,-,-0.02856972896883346,0.23888784324546183
30,1089.8534141239259,,,mixed C-H bending / C-C torsion / mixed-phase C-O stretching,delta(H15-C4-H16),angle,0.16891452673190083,+,0.010709885423085036,1.075284756701329
30,1089.8534141239259,,,mixed C-H bending / C-C torsion / mixed-phase C-O stretching,delta(C2-C4-C5),angle,0.16730136507574037,+,0.012398840185805095,0.7946273302237717
30,1089.8534141239259,,,mixed C-H bending / C-C torsion / mixed-phase C-O stretching,tau(H10-C1-C2-C4),dihedral,0.16019036668915415,-,-0.02579391709628667,0.17580366884501275
30,1089.8534141239259,,,mixed C-H bending / C-C torsion / mixed-phase C-O stretching,nu(C7-N8),bond,0.12908177468872475,-,-0.014465131621470367,0.45044968349124215
30,1089.8534141239259,,,mixed C-H bending / C-C torsion / mixed-phase C-O stretching,"gamma(H18;C5,O6,H17)",oop,0.10186649777563646,-,-0.015534240009902679,0.3082318346285468
30,1089.8534141239259,,,mixed C-H bending / C-C torsion / mixed-phase C-O stretching,delta(H11-C1-H12),angle,0.0957075957131589,+,0.009199469514677703,0.8257469440591959
30,1089.8534141239259,,,mixed C-H bending / C-C torsion / mixed-phase C-O stretching,delta(C1-C2-C4),angle,0.06128404338717809,+,0.010418154015820453,0.4122797483308755
30,1089.8534141239259,,,mixed C-H bending / C-C torsion / mixed-phase C-O stretching,tau(O3-C2-C4-H16),dihedral,0.023551114751027107,-,-0.004611613456318652,0.8085964138894428
30,1089.8534141239259,,,mixed C-H bending / C-C torsion / mixed-phase C-O stretching,nu(C5-H18),bond,0.013863185255705193,-,-0.0054527508413754495,0.34045354277733064
30,1089.8534141239259,,,mixed C-H bending / C-C torsion / mixed-phase C-O stretching,nu(C5-H17),bond,0.013067811205715516,-,-0.005346001712243443,0.3338649301903668
30,1089.8534141239259,,,mixed C-H bending / C-C torsion / mixed-phase C-O stretching,"gamma(H10;C1,H11,H12)",oop,0.012237349440799433,-,-0.0036529155856202906,0.6696289587334144
30,1089.8534141239259,,,mixed C-H bending / C-C torsion / mixed-phase C-O stretching,tau(H13-C2-O3-H14),dihedral,0.010527482319529727,-,-0.027853043088955982,0.009908441658344393
30,1089.8534141239259,,,mixed C-H bending / C-C torsion / mixed-phase C-O stretching,nu(O3-H14),bond,0.010398854427510141,-,-0.0038414341829204855,0.5145467545258035
30,1089.8534141239259,,,mixed C-H bending / C-C torsion / mixed-phase C-O stretching,nu(C1-H11),bond,0.010375751540101688,-,-0.004749432879843651,0.33586302282669245
30,1089.8534141239259,,,mixed C-H bending / C-C torsion / mixed-phase C-O stretching,tau(C5-O6-C7-N8),dihedral,0.009805435598916692,-,-0.016138305275201055,0.027490154249470444
30,1089.8534141239259,,,mixed C-H bending / C-C torsion / mixed-phase C-O stretching,nu(C4-H16),bond,0.008340888662408199,-,-0.004289977153280097,0.33092418150229375
30,1089.8534141239259,,,mixed C-H bending / C-C torsion / mixed-phase C-O stretching,delta(H19-N8-H20),angle,0.008106530987437965,+,0.004939094609578663,0.24264228911972324
30,1089.8534141239259,,,mixed C-H bending / C-C torsion / mixed-phase C-O stretching,"gamma(C1;C2,O3,H13)",oop,0.005030724520178026,+,0.002976418961513995,0.41463747292882314
30,1089.8534141239259,,,mixed C-H bending / C-C torsion / mixed-phase C-O stretching,nu(C1-H12),bond,0.004251397142085514,+,0.003069186216150477,0.3295424270765694
30,1089.8534141239259,,,mixed C-H bending / C-C torsion / mixed-phase C-O stretching,tau(O9-C7-N8-H19),dihedral,0.004151959138130671,+,0.004700092278490197,0.1372354906200594
30,1089.8534141239259,,,mixed C-H bending / C-C torsion / mixed-phase C-O stretching,tau(C4-C5-O6-C7),dihedral,0.0035999244459998,-,-0.0213496553413407,0.005766838473303552
30,1089.8534141239259,,,mixed C-H bending / C-C torsion / mixed-phase C-O stretching,nu(C2-H13),bond,0.0023828123866035176,+,0.002299544452109947,0.3290276293599761
30,1089.8534141239259,,,mixed C-H bending / C-C torsion / mixed-phase C-O stretching,nu(N8-H19),bond,0.0015117193515819512,-,-0.0015160948454237902,0.48022478197858476
30,1089.8534141239259,,,mixed C-H bending / C-C torsion / mixed-phase C-O stretching,nu(C1-C2),bond,0.001249445138189442,-,-0.0018280170291019842,0.273012703189435
30,1089.8534141239259,,,mixed C-H bending / C-C torsion / mixed-phase C-O stretching,delta(N8-C7-O9),angle,0.001063614065537964,-,-0.0011635224122715233,0.5736681033914728
30,1089.8534141239259,,,mixed C-H bending / C-C torsion / mixed-phase C-O stretching,tau(O6-C7-N8-H19),dihedral,0.0010224409132428833,-,-0.002484962174673079,0.12089958013102238
30,1089.8534141239259,,,mixed C-H bending / C-C torsion / mixed-phase C-O stretching,nu(C1-H10),bond,0.0006724598349000591,+,0.001202656336411687,0.3394762530008387
30,1089.8534141239259,,,mixed C-H bending / C-C torsion / mixed-phase C-O stretching,nu(C4-H15),bond,0.0006145479760593684,+,0.0011741939884875473,0.3254634512378247
30,1089.8534141239259,,,mixed C-H bending / C-C torsion / mixed-phase C-O stretching,nu(N8-H20),bond,0.0005285073053713081,-,-0.0008929576439176172,0.48396662608765273
30,1089.8534141239259,,,mixed C-H bending / C-C torsion / mixed-phase C-O stretching,tau(O6-C7-N8-H20),dihedral,0.00040737994332326876,-,-0.0034657511678005456,0.024764583303918165
30,1089.8534141239259,,,mixed C-H bending / C-C torsion / mixed-phase C-O stretching,nu(C7-O9),bond,1.564808950322736e-06,+,3.745019508818465e-05,0.8146654356474178
31,1106.576302544344,,,mixed N-H bending / C-H bending / mixed-phase C-O stretching,delta(C7-N8-H20),angle,26.928717374050226,+,0.25728601328051326,0.25363687773146887
31,1106.576302544344,,,mixed N-H bending / C-H bending / mixed-phase C-O stretching,delta(C2-C4-H15),angle,16.795563352709824,-,-0.10129269686500478,1.0206277969587885
31,1106.576302544344,,,mixed N-H bending / C-H bending / mixed-phase C-O stretching,nu(C7-N8),bond,8.197820966246793,-,-0.1065223194251307,0.45044968349124215
31,1106.576302544344,,,mixed N-H bending / C-H bending / mixed-phase C-O stretching,nu(C7-O9),bond,5.89258061487495,-,-0.06715489333187076,0.8146654356474178
31,1106.576302544344,,,mixed N-H bending / C-H bending / mixed-phase C-O stretching,tau(O3-C2-C4-H16),dihedral,5.644532562414216,-,-0.06597245240468584,0.8085964138894428
31,1106.576302544344,,,mixed N-H bending / C-H bending / mixed-phase C-O stretching,delta(O6-C7-N8),angle,5.046511400672058,+,0.07013530970577665,0.6396566299177271
31,1106.576302544344,,,mixed N-H bending / C-H bending / mixed-phase C-O stretching,tau(H12-C1-C2-C4),dihedral,3.8781219021658435,+,0.050121974873884236,0.9624854932709154
31,1106.576302544344,,,mixed N-H bending / C-H bending / mixed-phase C-O stretching,nu(C2-O3),bond,3.8607016442483904,-,-0.08773266082933276,0.3127322887485309
31,1106.576302544344,,,mixed N-H bending / C-H bending / mixed-phase C-O stretching,nu(C5-O6),bond,3.810802730378028,-,-0.08900698578635378,0.29991443217879
31,1106.576302544344,,,mixed N-H bending / C-H bending / mixed-phase C-O stretching,nu(C1-C2),bond,3.374957191120621,+,0.0877924662381934,0.273012703189435
31,1106.576302544344,,,mixed N-H bending / C-H bending / mixed-phase C-O stretching,"gamma(C2;C4,H15,H16)",oop,2.704045166854597,-,-0.0481671959403194,0.7266751309793713
31,1106.576302544344,,,mixed N-H bending / C-H bending / mixed-phase C-O stretching,delta(C2-O3-H14),angle,1.9495020036150734,+,0.08306711446247222,0.1761548163912733
31,1106.576302544344,,,mixed N-H bending / C-H bending / mixed-phase C-O stretching,nu(O6-C7),bond,1.5116509889398808,+,0.04982563049377679,0.3796426635236279
31,1106.576302544344,,,mixed N-H bending / C-H bending / mixed-phase C-O stretching,"gamma(H18;C5,O6,H17)",oop,1.3883515715137569,-,-0.05299385645498792,0.3082318346285468
31,1106.576302544344,,,mixed N-H bending / C-H bending / mixed-phase C-O stretching,delta(C5-C4-H15),angle,1.3111042495788314,+,0.02160795659945195,1.7508095722988488
31,1106.576302544344,,,mixed N-H bending / C-H bending / mixed-phase C-O stretching,nu(C4-C5),bond,1.2047267058835789,+,0.05103722607075942,0.28836563189512043
31,1106.576302544344,,,mixed N-H bending / C-H bending / mixed-phase C-O stretching,delta(C1-C2-C4),angle,0.8075013074214755,-,-0.03494541147018923,0.4122797483308755
31,1106.576302544344,,,mixed N-H bending / C-H bending / mixed-phase C-O stretching,delta(O3-C2-H13),angle,0.8002730639703614,-,-0.042311017748148876,0.2787149988564878
31,1106.576302544344,,,mixed N-H bending / C-H bending / mixed-phase C-O stretching,delta(C2-C4-C5),angle,0.6784471510314274,-,-0.023072295488028634,0.7946273302237717
31,1106.576302544344,,,mixed N-H bending / C-H bending / mixed-phase C-O stretching,delta(C2-C1-H10),angle,0.5198459131279171,-,-0.020611083531210668,0.7629605318840937
31,1106.576302544344,,,mixed N-H bending / C-H bending / mixed-phase C-O stretching,tau(H11-C1-C2-O3),dihedral,0.47024329568527884,-,-0.019046042064660422,0.8082434974166677
31,1106.576302544344,,,mixed N-H bending / C-H bending / mixed-phase C-O stretching,"gamma(H10;C1,H11,H12)",oop,0.458996310379802,+,0.020672929632893376,0.6696289587334144
31,1106.576302544344,,,mixed N-H bending / C-H bending / mixed-phase C-O stretching,delta(H19-N8-H20),angle,0.45123176329901293,+,0.034051098490982305,0.24264228911972324
31,1106.576302544344,,,mixed N-H bending / C-H bending / mixed-phase C-O stretching,delta(C5-O6-C7),angle,0.33877987921566255,+,0.027053160516187287,0.28860953510819726
31,1106.576302544344,,,mixed N-H bending / C-H bending / mixed-phase C-O stretching,delta(C4-C5-H18),angle,0.3156965021418673,+,0.022476219191780097,0.38962995436760806
31,1106.576302544344,,,mixed N-H bending / C-H bending / mixed-phase C-O stretching,delta(N8-C7-O9),angle,0.3066288695928765,-,-0.018255373036406702,0.5736681033914728
31,1106.576302544344,,,mixed N-H bending / C-H bending / mixed-phase C-O stretching,"gamma(C1;C2,O3,H13)",oop,0.24913128946951324,+,0.01935505483277282,0.41463747292882314
31,1106.576302544344,,,mixed N-H bending / C-H bending / mixed-phase C-O stretching,tau(C1-C2-C4-C5),dihedral,0.23609848719665122,+,0.013769377808109407,0.7764145342752474
31,1106.576302544344,,,mixed N-H bending / C-H bending / mixed-phase C-O stretching,tau(H10-C1-C2-C4),dihedral,0.2288554788033984,+,0.02848926418078941,0.17580366884501275
31,1106.576302544344,,,mixed N-H bending / C-H bending / mixed-phase C-O stretching,tau(H16-C4-C5-H18),dihedral,0.19874936739360893,-,-0.02313985955386288,0.23142666807728227
31,1106.576302544344,,,mixed N-H bending / C-H bending / mixed-phase C-O stretching,tau(C2-C4-C5-O6),dihedral,0.12812055718376217,-,-0.018286345758202753,0.23888784324546183
31,1106.576302544344,,,mixed N-H bending / C-H bending / mixed-phase C-O stretching,delta(C2-C1-H12),angle,0.12582907841733706,+,0.014648996553466208,0.36559003310172816
31,1106.576302544344,,,mixed N-H bending / C-H bending / mixed-phase C-O stretching,nu(C2-C4),bond,0.048497110209839114,-,-0.010661508554498518,0.26601591914570893
31,1106.576302544344,,,mixed N-H bending / C-H bending / mixed-phase C-O stretching,delta(C4-C5-O6),angle,0.02691152031034839,-,-0.005740289981994987,0.5092132008186406
31,1106.576302544344,,,mixed N-H bending / C-H bending / mixed-phase C-O stretching,nu(N8-H20),bond,0.02671917511660404,-,-0.005867030672157509,0.48396662608765273
31,1106.576302544344,,,mixed N-H bending / C-H bending / mixed-phase C-O stretching,tau(O9-C7-N8-H19),dihedral,0.01634691488383733,+,0.008617855813676592,0.1372354906200594
31,1106.576302544344,,,mixed N-H bending / C-H bending / mixed-phase C-O stretching,delta(H11-C1-H12),angle,0.010669954593579417,+,0.0028383917812960925,0.8257469440591959
31,1106.576302544344,,,mixed N-H bending / C-H bending / mixed-phase C-O stretching,delta(O6-C5-H17),angle,0.009281766252131899,-,-0.0046880667761089205,0.2633128987200418
31,1106.576302544344,,,mixed N-H bending / C-H bending / mixed-phase C-O stretching,nu(C5-H17),bond,0.008328277168489742,+,0.0039437259352257305,0.3338649301903668
31,1106.576302544344,,,mixed N-H bending / C-H bending / mixed-phase C-O stretching,tau(C5-O6-C7-N8),dihedral,0.007226793083202152,-,-0.012802617320609427,0.027490154249470444
31,1106.576302544344,,,mixed N-H bending / C-H bending / mixed-phase C-O stretching,nu(C5-H18),bond,0.007170911745130371,+,0.0036238716077367375,0.34045354277733064
31,1106.576302544344,,,mixed N-H bending / C-H bending / mixed-phase C-O stretching,delta(H15-C4-H16),angle,0.004298142685530105,+,0.0015786767475716433,1.075284756701329
31,1106.576302544344,,,mixed N-H bending / C-H bending / mixed-phase C-O stretching,nu(O3-H14),bond,0.0035607679700021128,-,-0.0020771791673729265,0.5145467545258035
31,1106.576302544344,,,mixed N-H bending / C-H bending / mixed-phase C-O stretching,nu(C4-H16),bond,0.003397540111920649,-,-0.0025300702924935673,0.33092418150229375
31,1106.576302544344,,,mixed N-H bending / C-H bending / mixed-phase C-O stretching,nu(C4-H15),bond,0.002664071314634652,+,0.0022591046682156244,0.3254634512378247
31,1106.576302544344,,,mixed N-H bending / C-H bending / mixed-phase C-O stretching,tau(C4-C5-O6-C7),dihedral,0.0025902763782328754,-,-0.016734729680346106,0.005766838473303552
31,1106.576302544344,,,mixed N-H bending / C-H bending / mixed-phase C-O stretching,tau(H13-C2-O3-H14),dihedral,0.002162332536242186,-,-0.011664687430449822,0.009908441658344393
31,1106.576302544344,,,mixed N-H bending / C-H bending / mixed-phase C-O stretching,nu(C1-H10),bond,0.0016538777510081294,+,0.0017428561569748958,0.3394762530008387
31,1106.576302544344,,,mixed N-H bending / C-H bending / mixed-phase C-O stretching,tau(O6-C7-N8-H20),dihedral,0.0013524063827550948,-,-0.005835158214959965,0.024764583303918165
31,1106.576302544344,,,mixed N-H bending / C-H bending / mixed-phase C-O stretching,nu(C2-H13),bond,0.0011204717367525245,+,0.0014571317169517375,0.3290276293599761
31,1106.576302544344,,,mixed N-H bending / C-H bending / mixed-phase C-O stretching,nu(C1-H12),bond,0.0010590810805417808,+,0.001415544346229059,0.3295424270765694
31,1106.576302544344,,,mixed N-H bending / C-H bending / mixed-phase C-O stretching,nu(N8-H19),bond,0.0006652453969483253,-,-0.0009293583336130199,0.48022478197858476
31,1106.576302544344,,,mixed N-H bending / C-H bending / mixed-phase C-O stretching,tau(O6-C7-N8-H19),dihedral,0.0001956242760931023,-,-0.0010044157638392634,0.12089958013102238
31,1106.576302544344,,,mixed N-H bending / C-H bending / mixed-phase C-O stretching,nu(C1-H11),bond,8.9994195434028e-06,+,0.00012925301895660624,0.33586302282669245
32,1131.1356606976196,,,mixed C-H bending / mixed-phase C-C stretching / C-C torsion,delta(C2-C4-H15),angle,20.43444221386787,-,-0.12896410763068675,1.0206277969587885
32,1131.1356606976196,,,mixed C-H bending / mixed-phase C-C stretching / C-C torsion,tau(O3-C2-C4-H16),dihedral,11.532225627641374,-,-0.10884583607375897,0.8085964138894428
32,1131.1356606976196,,,mixed C-H bending / mixed-phase C-C stretching / C-C torsion,nu(C1-C2),bond,11.120485210873845,+,0.18394653041396772,0.273012703189435
32,1131.1356606976196,,,mixed C-H bending / mixed-phase C-C stretching / C-C torsion,delta(C2-C4-C5),angle,8.23047062562702,-,-0.09275807888129968,0.7946273302237717
32,1131.1356606976196,,,mixed C-H bending / mixed-phase C-C stretching / C-C torsion,nu(C4-C5),bond,7.04943151202207,+,0.1425038041618426,0.28836563189512043
32,1131.1356606976196,,,mixed C-H bending / mixed-phase C-C stretching / C-C torsion,delta(C4-C5-H18),angle,4.9254117437015,+,0.10247460705954498,0.38962995436760806
32,1131.1356606976196,,,mixed C-H bending / mixed-phase C-C stretching / C-C torsion,delta(C7-N8-H20),angle,3.702383191907134,-,-0.11011732259441549,0.25363687773146887
32,1131.1356606976196,,,mixed C-H bending / mixed-phase C-C stretching / C-C torsion,nu(C5-O6),bond,2.9461268137797973,+,0.09033336650702586,0.29991443217879
32,1131.1356606976196,,,mixed C-H bending / mixed-phase C-C stretching / C-C torsion,delta(C2-C1-H12),angle,2.8516549409928476,+,0.08049566133167683,0.36559003310172816
32,1131.1356606976196,,,mixed C-H bending / mixed-phase C-C stretching / C-C torsion,delta(C4-C5-O6),angle,2.600478660442043,-,-0.06513253477079245,0.5092132008186406
32,1131.1356606976196,,,mixed C-H bending / mixed-phase C-C stretching / C-C torsion,nu(C2-C4),bond,2.5078229820284665,-,-0.0884943992384978,0.26601591914570893
32,1131.1356606976196,,,mixed C-H bending / mixed-phase C-C stretching / C-C torsion,nu(C2-O3),bond,2.3857925438923915,-,-0.07960697778343062,0.3127322887485309
32,1131.1356606976196,,,mixed C-H bending / mixed-phase C-C stretching / C-C torsion,delta(C5-C4-H15),angle,2.1075666316009825,+,0.0316222203419459,1.7508095722988488
32,1131.1356606976196,,,mixed C-H bending / mixed-phase C-C stretching / C-C torsion,tau(C1-C2-C4-C5),dihedral,1.9661263921900465,+,0.04586485743186007,0.7764145342752474
32,1131.1356606976196,,,mixed C-H bending / mixed-phase C-C stretching / C-C torsion,delta(C1-C2-C4),angle,1.8450645846058733,-,-0.060972070762449905,0.4122797483308755
32,1131.1356606976196,,,mixed C-H bending / mixed-phase C-C stretching / C-C torsion,delta(O6-C5-H17),angle,1.7755617283769984,-,-0.07484330898718358,0.2633128987200418
32,1131.1356606976196,,,mixed C-H bending / mixed-phase C-C stretching / C-C torsion,tau(H11-C1-C2-O3),dihedral,1.7565599240831755,-,-0.042489491648196494,0.8082434974166677
32,1131.1356606976196,,,mixed C-H bending / mixed-phase C-C stretching / C-C torsion,nu(C7-O9),bond,1.4831364584164834,+,0.03888857861096364,0.8146654356474178
32,1131.1356606976196,,,mixed C-H bending / mixed-phase C-C stretching / C-C torsion,delta(C5-O6-C7),angle,1.2896991135278433,-,-0.06092703204817513,0.28860953510819726
32,1131.1356606976196,,,mixed C-H bending / mixed-phase C-C stretching / C-C torsion,delta(O6-C7-N8),angle,1.2459259177175677,-,-0.040224792916692106,0.6396566299177271
32,1131.1356606976196,,,mixed C-H bending / mixed-phase C-C stretching / C-C torsion,tau(H10-C1-C2-C4),dihedral,1.1788414806832344,+,0.07463368707490715,0.17580366884501275
32,1131.1356606976196,,,mixed C-H bending / mixed-phase C-C stretching / C-C torsion,"gamma(H10;C1,H11,H12)",oop,1.1567609719448608,+,0.037881385956360064,0.6696289587334144
32,1131.1356606976196,,,mixed C-H bending / mixed-phase C-C stretching / C-C torsion,"gamma(C2;C4,H15,H16)",oop,1.0726201553102466,-,-0.035016601004028425,0.7266751309793713
32,1131.1356606976196,,,mixed C-H bending / mixed-phase C-C stretching / C-C torsion,nu(C7-N8),bond,0.708739769688251,+,0.03615275667979122,0.45044968349124215
32,1131.1356606976196,,,mixed C-H bending / mixed-phase C-C stretching / C-C torsion,delta(H15-C4-H16),angle,0.37974176811698884,+,0.017127879511166677,1.075284756701329
32,1131.1356606976196,,,mixed C-H bending / mixed-phase C-C stretching / C-C torsion,"gamma(C1;C2,O3,H13)",oop,0.26811339116628186,+,0.02317640855968436,0.41463747292882314
32,1131.1356606976196,,,mixed C-H bending / mixed-phase C-C stretching / C-C torsion,"gamma(H18;C5,O6,H17)",oop,0.22239245470177516,-,-0.024481748849534943,0.3082318346285468
32,1131.1356606976196,,,mixed C-H bending / mixed-phase C-C stretching / C-C torsion,delta(C2-O3-H14),angle,0.21856272844495564,+,0.032104207260095524,0.1761548163912733
32,1131.1356606976196,,,mixed C-H bending / mixed-phase C-C stretching / C-C torsion,delta(H11-C1-H12),angle,0.19424015490725308,-,-0.013978712731360409,0.8257469440591959
32,1131.1356606976196,,,mixed C-H bending / mixed-phase C-C stretching / C-C torsion,tau(H12-C1-C2-C4),dihedral,0.18394883843358492,+,0.012600059280166907,0.9624854932709154
32,1131.1356606976196,,,mixed C-H bending / mixed-phase C-C stretching / C-C torsion,delta(O3-C2-H13),angle,0.17301838163827019,-,-0.022708430148568375,0.2787149988564878
32,1131.1356606976196,,,mixed C-H bending / mixed-phase C-C stretching / C-C torsion,delta(C2-C1-H10),angle,0.1195315412336655,+,0.011408049138851137,0.7629605318840937
32,1131.1356606976196,,,mixed C-H bending / mixed-phase C-C stretching / C-C torsion,tau(C2-C4-C5-O6),dihedral,0.1122905850514323,-,-0.019760403444646003,0.23888784324546183
32,1131.1356606976196,,,mixed C-H bending / mixed-phase C-C stretching / C-C torsion,delta(H19-N8-H20),angle,0.06518812901745531,-,-0.014939022132173869,0.24264228911972324
32,1131.1356606976196,,,mixed C-H bending / mixed-phase C-C stretching / C-C torsion,delta(N8-C7-O9),angle,0.05190736480532181,+,0.00866972453634377,0.5736681033914728
32,1131.1356606976196,,,mixed C-H bending / mixed-phase C-C stretching / C-C torsion,nu(O6-C7),bond,0.039105560734056445,-,-0.009250238123719622,0.3796426635236279
32,1131.1356606976196,,,mixed C-H bending / mixed-phase C-C stretching / C-C torsion,tau(H13-C2-O3-H14),dihedral,0.02235917599941247,+,0.043295860806369664,0.009908441658344393
32,1131.1356606976196,,,mixed C-H bending / mixed-phase C-C stretching / C-C torsion,tau(C5-O6-C7-N8),dihedral,0.022011152323689477,-,-0.02579015551766384,0.027490154249470444
32,1131.1356606976196,,,mixed C-H bending / mixed-phase C-C stretching / C-C torsion,tau(H16-C4-C5-H18),dihedral,0.017366422757213177,+,0.007895318292229173,0.23142666807728227
32,1131.1356606976196,,,mixed C-H bending / mixed-phase C-C stretching / C-C torsion,nu(C4-H16),bond,0.011676381391548089,-,-0.005413910152773824,0.33092418150229375
32,1131.1356606976196,,,mixed C-H bending / mixed-phase C-C stretching / C-C torsion,tau(O6-C7-N8-H19),dihedral,0.006589410605428428,-,-0.006728713681222808,0.12089958013102238
32,1131.1356606976196,,,mixed C-H bending / mixed-phase C-C stretching / C-C torsion,tau(C4-C5-O6-C7),dihedral,0.005936031891160376,-,-0.029241549289525028,0.005766838473303552
32,1131.1356606976196,,,mixed C-H bending / mixed-phase C-C stretching / C-C torsion,nu(C1-H11),bond,0.005589269768543883,+,0.0037180703196019417,0.33586302282669245
32,1131.1356606976196,,,mixed C-H bending / mixed-phase C-C stretching / C-C torsion,nu(N8-H20),bond,0.0032685111136379437,+,0.002368582060666247,0.48396662608765273
32,1131.1356606976196,,,mixed C-H bending / mixed-phase C-C stretching / C-C torsion,nu(O3-H14),bond,0.001110418646262589,-,-0.0013389122376838152,0.5145467545258035
32,1131.1356606976196,,,mixed C-H bending / mixed-phase C-C stretching / C-C torsion,nu(C1-H12),bond,0.0006924297876552891,+,0.001321153753635355,0.3295424270765694
32,1131.1356606976196,,,mixed C-H bending / mixed-phase C-C stretching / C-C torsion,nu(C2-H13),bond,0.0006160553765157123,+,0.001247138974427687,0.3290276293599761
32,1131.1356606976196,,,mixed C-H bending / mixed-phase C-C stretching / C-C torsion,nu(C1-H10),bond,0.000601161219246636,+,0.0012128635320474653,0.3394762530008387
32,1131.1356606976196,,,mixed C-H bending / mixed-phase C-C stretching / C-C torsion,nu(C4-H15),bond,0.0003216327758032187,+,0.0009060458937178564,0.3254634512378247
32,1131.1356606976196,,,mixed C-H bending / mixed-phase C-C stretching / C-C torsion,nu(C5-H18),bond,0.00021254918683837973,+,0.0007201483246891152,0.34045354277733064
32,1131.1356606976196,,,mixed C-H bending / mixed-phase C-C stretching / C-C torsion,nu(C5-H17),bond,9.43694886875901e-05,+,0.0004845644617381641,0.3338649301903668
32,1131.1356606976196,,,mixed C-H bending / mixed-phase C-C stretching / C-C torsion,nu(N8-H19),bond,9.005829546878886e-05,+,0.00039469419326715197,0.48022478197858476
32,1131.1356606976196,,,mixed C-H bending / mixed-phase C-C stretching / C-C torsion,tau(O9-C7-N8-H19),dihedral,7.043872037007882e-05,-,-0.0006529706621639374,0.1372354906200594
32,1131.1356606976196,,,mixed C-H bending / mixed-phase C-C stretching / C-C torsion,tau(O6-C7-N8-H20),dihedral,2.443747953720821e-05,-,-0.0009053861629190736,0.024764583303918165
33,1166.5488483725292,,,mixed C-H bending / C-C torsion,delta(C2-C1-H10),angle,32.43014863042298,+,0.24028933479554151,0.7629605318840937
33,1166.5488483725292,,,mixed C-H bending / C-C torsion,tau(H12-C1-C2-C4),dihedral,19.649420431250462,-,-0.16652860275024226,0.9624854932709154
33,1166.5488483725292,,,mixed C-H bending / C-C torsion,nu(C2-C4),bond,9.230356948875553,-,-0.21710333577001062,0.26601591914570893
33,1166.5488483725292,,,mixed C-H bending / C-C torsion,delta(H11-C1-H12),angle,5.222493985889709,-,-0.09268864823674161,0.8257469440591959
33,1166.5488483725292,,,mixed C-H bending / C-C torsion,delta(C1-C2-C4),angle,4.76701711182468,+,0.12532520281177817,0.4122797483308755
33,1166.5488483725292,,,mixed C-H bending / C-C torsion,delta(C2-C4-C5),angle,4.678958425597455,+,0.08943425754272903,0.7946273302237717
33,1166.5488483725292,,,mixed C-H bending / C-C torsion,nu(C2-O3),bond,4.624407675273777,+,0.14172705303151528,0.3127322887485309
33,1166.5488483725292,,,mixed C-H bending / C-C torsion,delta(C2-C4-H15),angle,2.937786658889442,-,-0.06252986525251514,1.0206277969587885
33,1166.5488483725292,,,mixed C-H bending / C-C torsion,delta(C5-C4-H15),angle,2.823700103440399,-,-0.046805931258829446,1.7508095722988488
33,1166.5488483725292,,,mixed C-H bending / C-C torsion,delta(C4-C5-O6),angle,2.187785859773224,+,0.07639477223750324,0.5092132008186406
33,1166.5488483725292,,,mixed C-H bending / C-C torsion,tau(H11-C1-C2-O3),dihedral,1.9132675532815433,+,0.05670584225004934,0.8082434974166677
33,1166.5488483725292,,,mixed C-H bending / C-C torsion,"gamma(H10;C1,H11,H12)",oop,1.702108446101825,-,-0.058760781309619016,0.6696289587334144
33,1166.5488483725292,,,mixed C-H bending / C-C torsion,nu(C4-C5),bond,1.6172576902582658,-,-0.08728285125068379,0.28836563189512043
33,1166.5488483725292,,,mixed C-H bending / C-C torsion,delta(C2-C1-H12),angle,1.4434140616884434,-,-0.07323342639533255,0.36559003310172816
33,1166.5488483725292,,,mixed C-H bending / C-C torsion,tau(C1-C2-C4-C5),dihedral,1.134466188283673,+,0.04455126210408316,0.7764145342752474
33,1166.5488483725292,,,mixed C-H bending / C-C torsion,"gamma(C2;C4,H15,H16)",oop,0.8698823487327761,-,-0.04032470251794755,0.7266751309793713
33,1166.5488483725292,,,mixed C-H bending / C-C torsion,delta(O6-C5-H17),angle,0.6667469643494648,-,-0.05864831218656793,0.2633128987200418
33,1166.5488483725292,,,mixed C-H bending / C-C torsion,"gamma(C1;C2,O3,H13)",oop,0.5768387074196057,+,0.04347143582502893,0.41463747292882314
33,1166.5488483725292,,,mixed C-H bending / C-C torsion,delta(C5-O6-C7),angle,0.3191383282432338,+,0.038756558621254045,0.28860953510819726
33,1166.5488483725292,,,mixed C-H bending / C-C torsion,tau(O3-C2-C4-H16),dihedral,0.28057831872538813,-,-0.021710619231035826,0.8085964138894428
33,1166.5488483725292,,,mixed C-H bending / C-C torsion,nu(C7-O9),bond,0.17695690770173061,-,-0.01717731091960902,0.8146654356474178
33,1166.5488483725292,,,mixed C-H bending / C-C torsion,nu(C7-N8),bond,0.1644247828256003,-,-0.02226750493275838,0.45044968349124215
33,1166.5488483725292,,,mixed C-H bending / C-C torsion,nu(O6-C7),bond,0.1542870669585628,-,-0.023495696165366644,0.3796426635236279
33,1166.5488483725292,,,mixed C-H bending / C-C torsion,tau(H10-C1-C2-C4),dihedral,0.1286228430578736,+,0.03152507635976642,0.17580366884501275
33,1166.5488483725292,,,mixed C-H bending / C-C torsion,tau(H13-C2-O3-H14),dihedral,0.0748708904354563,+,0.10131293166642957,0.009908441658344393
33,1166.5488483725292,,,mixed C-H bending / C-C torsion,"gamma(H18;C5,O6,H17)",oop,0.06236703243121457,-,-0.016578676455076245,0.3082318346285468
33,1166.5488483725292,,,mixed C-H bending / C-C torsion,delta(O6-C7-N8),angle,0.024803994836253392,+,0.007257690183876164,0.6396566299177271
33,1166.5488483725292,,,mixed C-H bending / C-C torsion,nu(C1-H10),bond,0.019925713853407266,-,-0.008929215540523481,0.3394762530008387
33,1166.5488483725292,,,mixed C-H bending / C-C torsion,tau(C2-C4-C5-O6),dihedral,0.016737679010261162,+,0.009755772280618817,0.23888784324546183
33,1166.5488483725292,,,mixed C-H bending / C-C torsion,nu(C1-C2),bond,0.014975246872232825,+,0.008631904553966467,0.273012703189435
33,1166.5488483725292,,,mixed C-H bending / C-C torsion,delta(H19-N8-H20),angle,0.01406805691013301,+,0.008874520006156258,0.24264228911972324
33,1166.5488483725292,,,mixed C-H bending / C-C torsion,delta(C4-C5-H18),angle,0.011797034179481181,-,-0.006413148728332968,0.38962995436760806
33,1166.5488483725292,,,mixed C-H bending / C-C torsion,nu(C1-H11),bond,0.010266113090838075,+,0.0064436655025277385,0.33586302282669245
33,1166.5488483725292,,,mixed C-H bending / C-C torsion,delta(N8-C7-O9),angle,0.008776399866310552,+,0.0045586779382129185,0.5736681033914728
33,1166.5488483725292,,,mixed C-H bending / C-C torsion,nu(C5-O6),bond,0.007989200608108062,-,-0.006015393504355032,0.29991443217879
33,1166.5488483725292,,,mixed C-H bending / C-C torsion,delta(O3-C2-H13),angle,0.007610577431737124,-,-0.006090314164063349,0.2787149988564878
33,1166.5488483725292,,,mixed C-H bending / C-C torsion,tau(H16-C4-C5-H18),dihedral,0.005559025560890246,-,-0.005712203827733892,0.23142666807728227
33,1166.5488483725292,,,mixed C-H bending / C-C torsion,delta(C7-N8-H20),angle,0.004512592005179035,+,0.0049160681801197975,0.25363687773146887
33,1166.5488483725292,,,mixed C-H bending / C-C torsion,delta(H15-C4-H16),angle,0.004178854733838259,-,-0.002297618684684783,1.075284756701329
33,1166.5488483725292,,,mixed C-H bending / C-C torsion,tau(C5-O6-C7-N8),dihedral,0.0032951061435250056,-,-0.012760191079922519,0.027490154249470444
33,1166.5488483725292,,,mixed C-H bending / C-C torsion,tau(C4-C5-O6-C7),dihedral,0.0013128396424523308,-,-0.017585228234310933,0.005766838473303552
33,1166.5488483725292,,,mixed C-H bending / C-C torsion,tau(O9-C7-N8-H19),dihedral,0.0012933737080420265,+,0.0035779960459560913,0.1372354906200594
33,1166.5488483725292,,,mixed C-H bending / C-C torsion,nu(C5-H18),bond,0.0011033478735600025,-,-0.0020981588444062976,0.34045354277733064
33,1166.5488483725292,,,mixed C-H bending / C-C torsion,nu(O3-H14),bond,0.0010186210084637847,+,0.0016398531358277945,0.5145467545258035
33,1166.5488483725292,,,mixed C-H bending / C-C torsion,delta(C2-O3-H14),angle,0.0010053372098821373,-,-0.0027843234128240566,0.1761548163912733
33,1166.5488483725292,,,mixed C-H bending / C-C torsion,nu(C1-H12),bond,0.0007361323146152467,+,0.001741940574547528,0.3295424270765694
33,1166.5488483725292,,,mixed C-H bending / C-C torsion,nu(C5-H17),bond,0.00032727979776629463,-,-0.0011539453984849334,0.3338649301903668
33,1166.5488483725292,,,mixed C-H bending / C-C torsion,nu(N8-H20),bond,0.0002880538240666033,-,-0.000899166622445004,0.48396662608765273
33,1166.5488483725292,,,mixed C-H bending / C-C torsion,tau(O6-C7-N8-H19),dihedral,0.0002786296995306631,-,-0.0017693443712267789,0.12089958013102238
33,1166.5488483725292,,,mixed C-H bending / C-C torsion,tau(O6-C7-N8-H20),dihedral,0.00025590941306406946,-,-0.003746611654645383,0.024764583303918165
33,1166.5488483725292,,,mixed C-H bending / C-C torsion,nu(N8-H19),bond,0.00022906982556063557,-,-0.000804957072114592,0.48022478197858476
33,1166.5488483725292,,,mixed C-H bending / C-C torsion,nu(C2-H13),bond,0.00016993093650846536,-,-0.0008375892659111873,0.3290276293599761
33,1166.5488483725292,,,mixed C-H bending / C-C torsion,nu(C4-H16),bond,0.00014939959506281048,-,-0.0007831077469615444,0.33092418150229375
33,1166.5488483725292,,,mixed C-H bending / C-C torsion,nu(C4-H15),bond,3.2518316908164434e-05,-,-0.0003684036960602703,0.3254634512378247
34,1223.930336827953,,,C-H bending,delta(C5-C4-H15),angle,52.642234268594514,+,0.23083715028951327,1.7508095722988488
34,1223.930336827953,,,C-H bending,delta(O6-C5-H17),angle,10.900639187321897,+,0.2708618990045149,0.2633128987200418
34,1223.930336827953,,,C-H bending,delta(C2-C4-H15),angle,9.10682766288394,-,-0.12574996319131007,1.0206277969587885
34,1223.930336827953,,,C-H bending,tau(H16-C4-C5-H18),dihedral,8.972974209571577,+,0.2621316806991715,0.23142666807728227
34,1223.930336827953,,,C-H bending,tau(O3-C2-C4-H16),dihedral,3.9301155157942995,+,0.09280999643631664,0.8085964138894428
34,1223.930336827953,,,C-H bending,"gamma(H18;C5,O6,H17)",oop,3.6661927418398834,+,0.14518672359013773,0.3082318346285468
34,1223.930336827953,,,C-H bending,delta(C2-O3-H14),angle,3.1789586669817345,+,0.1788352735110589,0.1761548163912733
34,1223.930336827953,,,C-H bending,tau(H12-C1-C2-C4),dihedral,2.8642526305087554,-,-0.0726217261965754,0.9624854932709154
34,1223.930336827953,,,C-H bending,delta(O3-C2-H13),angle,1.1467722415857804,-,-0.08539184937158481,0.2787149988564878
34,1223.930336827953,,,C-H bending,"gamma(C2;C4,H15,H16)",oop,0.6834277131415516,-,-0.0408257477312816,0.7266751309793713
34,1223.930336827953,,,C-H bending,delta(C2-C1-H10),angle,0.592035501670935,+,0.03708351073775554,0.7629605318840937
34,1223.930336827953,,,C-H bending,"gamma(C1;C2,O3,H13)",oop,0.5705932696876294,+,0.04938408955845437,0.41463747292882314
34,1223.930336827953,,,C-H bending,tau(C1-C2-C4-C5),dihedral,0.3833262584815778,-,-0.029579815473183797,0.7764145342752474
34,1223.930336827953,,,C-H bending,delta(C2-C1-H12),angle,0.3119746922781669,+,0.03888843916425855,0.36559003310172816
34,1223.930336827953,,,C-H bending,nu(C1-C2),bond,0.2491752216188977,+,0.04021786414412359,0.273012703189435
34,1223.930336827953,,,C-H bending,nu(C2-C4),bond,0.22618401919710848,-,-0.038818178146311624,0.26601591914570893
34,1223.930336827953,,,C-H bending,delta(H11-C1-H12),angle,0.09158022914264272,-,-0.014019592132933885,0.8257469440591959
34,1223.930336827953,,,C-H bending,nu(C2-O3),bond,0.08887564975213366,+,0.022442076396204394,0.3127322887485309
34,1223.930336827953,,,C-H bending,tau(C2-C4-C5-O6),dihedral,0.08288155604568925,-,-0.024796473850692786,0.23888784324546183
34,1223.930336827953,,,C-H bending,delta(C4-C5-H18),angle,0.0790454106480528,+,0.018961389735021608,0.38962995436760806
34,1223.930336827953,,,C-H bending,tau(C5-O6-C7-N8),dihedral,0.05473920081918911,+,0.0594044038062803,0.027490154249470444
34,1223.930336827953,,,C-H bending,delta(C1-C2-C4),angle,0.034185215373122566,+,0.01212219212107278,0.4122797483308755
34,1223.930336827953,,,C-H bending,delta(C2-C4-C5),angle,0.018759929406251066,-,-0.006468325323693261,0.7946273302237717
34,1223.930336827953,,,C-H bending,nu(C5-O6),bond,0.016790010009539832,+,0.009960583917369212,0.29991443217879
34,1223.930336827953,,,C-H bending,nu(C5-H18),bond,0.014795157213456643,-,-0.00877584344118073,0.34045354277733064
34,1223.930336827953,,,C-H bending,"gamma(H10;C1,H11,H12)",oop,0.011361057302904161,-,-0.005483404263875389,0.6696289587334144
34,1223.930336827953,,,C-H bending,tau(O6-C7-N8-H19),dihedral,0.010513365348458922,+,0.01241413562499114,0.12089958013102238
34,1223.930336827953,,,C-H bending,nu(C5-H17),bond,0.010152150952645767,+,0.007340939347549576,0.3338649301903668
34,1223.930336827953,,,C-H bending,nu(C4-H15),bond,0.008514697898271242,-,-0.006809128229124137,0.3254634512378247
34,1223.930336827953,,,C-H bending,delta(C5-O6-C7),angle,0.006740506072279948,-,-0.006433523892909739,0.28860953510819726
34,1223.930336827953,,,C-H bending,delta(C4-C5-O6),angle,0.0064407984396284606,-,-0.004734542626733238,0.5092132008186406
34,1223.930336827953,,,C-H bending,tau(H10-C1-C2-C4),dihedral,0.0062008818544982995,+,0.007906254044480122,0.17580366884501275
34,1223.930336827953,,,C-H bending,nu(O3-H14),bond,0.004848939502002247,-,-0.0040866643086820064,0.5145467545258035
34,1223.930336827953,,,C-H bending,delta(H15-C4-H16),angle,0.003772862242406787,+,0.0024936283865601948,1.075284756701329
34,1223.930336827953,,,C-H bending,nu(C4-H16),bond,0.0033860153383693348,+,0.004258319198782033,0.33092418150229375
34,1223.930336827953,,,C-H bending,tau(O9-C7-N8-H19),dihedral,0.003033682012810807,-,-0.006259070053320521,0.1372354906200594
34,1223.930336827953,,,C-H bending,tau(H13-C2-O3-H14),dihedral,0.003009392762113424,-,-0.02320036200664922,0.009908441658344393
34,1223.930336827953,,,C-H bending,tau(H11-C1-C2-O3),dihedral,0.0028807215520038156,+,0.002513260669562458,0.8082434974166677
34,1223.930336827953,,,C-H bending,nu(C1-H11),bond,0.0021548150681214386,+,0.0033719560809022343,0.33586302282669245
34,1223.930336827953,,,C-H bending,tau(O6-C7-N8-H20),dihedral,0.001911365853172293,+,0.011695381764900701,0.024764583303918165
34,1223.930336827953,,,C-H bending,nu(O6-C7),bond,0.0017713788852358155,+,0.0028755851331627477,0.3796426635236279
34,1223.930336827953,,,C-H bending,nu(C7-O9),bond,0.0017241954818294134,+,0.0019366966874537562,0.8146654356474178
34,1223.930336827953,,,C-H bending,tau(C4-C5-O6-C7),dihedral,0.0017141505405822727,+,0.022951632958900358,0.005766838473303552
34,1223.930336827953,,,C-H bending,delta(O6-C7-N8),angle,0.0013265706560597387,-,-0.001917121969501417,0.6396566299177271
34,1223.930336827953,,,C-H bending,nu(C1-H12),bond,0.000617625341824391,-,-0.0018224888892323825,0.3295424270765694
34,1223.930336827953,,,C-H bending,nu(C1-H10),bond,0.00029156671261684167,-,-0.0012337361032160998,0.3394762530008387
34,1223.930336827953,,,C-H bending,nu(C4-C5),bond,0.00016012529645036334,-,-0.0009920104055210312,0.28836563189512043
34,1223.930336827953,,,C-H bending,delta(H19-N8-H20),angle,0.00010283842954152338,-,-0.0008666674271762089,0.24264228911972324
34,1223.930336827953,,,C-H bending,nu(C7-N8),bond,1.1687551621061266e-05,-,-0.0002144354737433941,0.45044968349124215
34,1223.930336827953,,,C-H bending,nu(N8-H20),bond,8.21194122796245e-06,+,0.0001734096305122291,0.48396662608765273
34,1223.930336827953,,,C-H bending,nu(N8-H19),bond,7.106116566047188e-06,+,0.0001619391603948868,0.48022478197858476
34,1223.930336827953,,,C-H bending,delta(N8-C7-O9),angle,6.007158980558069e-06,+,0.0001362266933101252,0.5736681033914728
34,1223.930336827953,,,C-H bending,nu(C2-H13),bond,1.1015614909048997e-06,+,7.702756906732104e-05,0.3290276293599761
34,1223.930336827953,,,C-H bending,delta(C7-N8-H20),angle,2.2557931471412802e-08,+,1.2554558392467807e-05,0.25363687773146887
35,1293.476317473348,,,mixed C-H bending / C-C torsion,delta(C5-C4-H15),angle,32.97653323289874,+,0.17013891046459,1.7508095722988488
35,1293.476317473348,,,mixed C-H bending / C-C torsion,delta(C4-C5-H18),angle,17.053239186836574,-,-0.2593569426147213,0.38962995436760806
35,1293.476317473348,,,mixed C-H bending / C-C torsion,tau(H16-C4-C5-H18),dihedral,10.199719720375723,-,-0.26026035784686974,0.23142666807728227
35,1293.476317473348,,,mixed C-H bending / C-C torsion,"gamma(C2;C4,H15,H16)",oop,8.160434281372764,-,-0.13137329480386625,0.7266751309793713
35,1293.476317473348,,,mixed C-H bending / C-C torsion,tau(H12-C1-C2-C4),dihedral,7.525520633339433,-,-0.10962050139829936,0.9624854932709154
35,1293.476317473348,,,mixed C-H bending / C-C torsion,delta(C2-O3-H14),angle,7.282496203196988,+,0.25206554016053456,0.1761548163912733
35,1293.476317473348,,,mixed C-H bending / C-C torsion,"gamma(H18;C5,O6,H17)",oop,6.489735819255253,-,-0.17988517310654775,0.3082318346285468
35,1293.476317473348,,,mixed C-H bending / C-C torsion,delta(O6-C5-H17),angle,4.809005967691653,-,-0.1675375637914726,0.2633128987200418
35,1293.476317473348,,,mixed C-H bending / C-C torsion,delta(C2-C1-H12),angle,1.2248863273054638,+,0.07175816506921603,0.36559003310172816
35,1293.476317473348,,,mixed C-H bending / C-C torsion,delta(O3-C2-H13),angle,1.1906485366181148,-,-0.0810274601587419,0.2787149988564878
35,1293.476317473348,,,mixed C-H bending / C-C torsion,tau(O3-C2-C4-H16),dihedral,0.8382889487366288,+,0.03991641874550173,0.8085964138894428
35,1293.476317473348,,,mixed C-H bending / C-C torsion,tau(C2-C4-C5-O6),dihedral,0.7477207574524158,+,0.06935747897088859,0.23888784324546183
35,1293.476317473348,,,mixed C-H bending / C-C torsion,nu(C2-O3),bond,0.583409712608435,+,0.05354526482679604,0.3127322887485309
35,1293.476317473348,,,mixed C-H bending / C-C torsion,nu(C2-C4),bond,0.20479024920504135,+,0.03439706830683527,0.26601591914570893
35,1293.476317473348,,,mixed C-H bending / C-C torsion,delta(C4-C5-O6),angle,0.15123799205828106,-,-0.02136491796004158,0.5092132008186406
35,1293.476317473348,,,mixed C-H bending / C-C torsion,delta(H11-C1-H12),angle,0.10799710115518253,+,0.014177614605926646,0.8257469440591959
35,1293.476317473348,,,mixed C-H bending / C-C torsion,"gamma(C1;C2,O3,H13)",oop,0.07117438407116046,+,0.016242324740329953,0.41463747292882314
35,1293.476317473348,,,mixed C-H bending / C-C torsion,delta(H15-C4-H16),angle,0.06615307696195644,+,0.00972375224995618,1.075284756701329
35,1293.476317473348,,,mixed C-H bending / C-C torsion,"gamma(H10;C1,H11,H12)",oop,0.032833089508594905,-,-0.008680792332877055,0.6696289587334144
35,1293.476317473348,,,mixed C-H bending / C-C torsion,delta(C2-C4-H15),angle,0.03246879296800946,-,-0.0069922988363978695,1.0206277969587885
35,1293.476317473348,,,mixed C-H bending / C-C torsion,tau(C1-C2-C4-C5),dihedral,0.029988708406029956,+,0.007704645433643983,0.7764145342752474
35,1293.476317473348,,,mixed C-H bending / C-C torsion,delta(C2-C4-C5),angle,0.029886593127119453,-,-0.007602861193707757,0.7946273302237717
35,1293.476317473348,,,mixed C-H bending / C-C torsion,nu(O6-C7),bond,0.02323804367478363,+,0.009699132247385564,0.3796426635236279
35,1293.476317473348,,,mixed C-H bending / C-C torsion,delta(C5-O6-C7),angle,0.022937033983250876,-,-0.011051822376976056,0.28860953510819726
35,1293.476317473348,,,mixed C-H bending / C-C torsion,delta(C1-C2-C4),angle,0.019452634306560725,+,0.00851557180037229,0.4122797483308755
35,1293.476317473348,,,mixed C-H bending / C-C torsion,nu(O3-H14),bond,0.015697112653369677,-,-0.0068472797391073556,0.5145467545258035
35,1293.476317473348,,,mixed C-H bending / C-C torsion,delta(C7-N8-H20),angle,0.013218791881042266,-,-0.008949737312198263,0.25363687773146887
35,1293.476317473348,,,mixed C-H bending / C-C torsion,nu(C5-H18),bond,0.012100610926693784,+,0.007390865937307981,0.34045354277733064
35,1293.476317473348,,,mixed C-H bending / C-C torsion,nu(C4-C5),bond,0.012041622648209925,-,-0.00801108541593848,0.28836563189512043
35,1293.476317473348,,,mixed C-H bending / C-C torsion,nu(C5-H17),bond,0.009344730018231774,-,-0.006558712334137867,0.3338649301903668
35,1293.476317473348,,,mixed C-H bending / C-C torsion,nu(C1-H12),bond,0.008998136096019571,-,-0.006478004059098497,0.3295424270765694
35,1293.476317473348,,,mixed C-H bending / C-C torsion,nu(C7-N8),bond,0.007965833802562133,-,-0.0052133043857049925,0.45044968349124215
35,1293.476317473348,,,mixed C-H bending / C-C torsion,tau(C4-C5-O6-C7),dihedral,0.007616567123792884,+,0.04505379185667345,0.005766838473303552
35,1293.476317473348,,,mixed C-H bending / C-C torsion,delta(N8-C7-O9),angle,0.006928442694410933,+,0.00430832114069894,0.5736681033914728
35,1293.476317473348,,,mixed C-H bending / C-C torsion,delta(O6-C7-N8),angle,0.00598883068870784,-,-0.0037933085491284814,0.6396566299177271
35,1293.476317473348,,,mixed C-H bending / C-C torsion,tau(O6-C7-N8-H19),dihedral,0.004176870011918291,-,-0.0072867469627084895,0.12089958013102238
35,1293.476317473348,,,mixed C-H bending / C-C torsion,nu(C4-H15),bond,0.003816951536839609,-,-0.004245489931040683,0.3254634512378247
35,1293.476317473348,,,mixed C-H bending / C-C torsion,tau(H11-C1-C2-O3),dihedral,0.0033711444501387583,-,-0.0025318511900986004,0.8082434974166677
35,1293.476317473348,,,mixed C-H bending / C-C torsion,nu(C1-H11),bond,0.0032850396853236243,+,0.003877125142784663,0.33586302282669245
35,1293.476317473348,,,mixed C-H bending / C-C torsion,nu(C7-O9),bond,0.0031342623718652856,+,0.0024316363902316747,0.8146654356474178
35,1293.476317473348,,,mixed C-H bending / C-C torsion,nu(C5-O6),bond,0.0027505116620550225,+,0.0037542973585418878,0.29991443217879
35,1293.476317473348,,,mixed C-H bending / C-C torsion,tau(H13-C2-O3-H14),dihedral,0.002281898552409155,-,-0.018813348182552567,0.009908441658344393
35,1293.476317473348,,,mixed C-H bending / C-C torsion,tau(O6-C7-N8-H20),dihedral,0.0009004193615429772,-,-0.0074752806972632185,0.024764583303918165
35,1293.476317473348,,,mixed C-H bending / C-C torsion,delta(C2-C1-H10),angle,0.0007278225822151748,-,-0.0012108276561530638,0.7629605318840937
35,1293.476317473348,,,mixed C-H bending / C-C torsion,tau(C5-O6-C7-N8),dihedral,0.0006769770912982074,-,-0.0061520379087887525,0.027490154249470444
35,1293.476317473348,,,mixed C-H bending / C-C torsion,delta(H19-N8-H20),angle,0.0004114340743043437,+,0.0016143120403181493,0.24264228911972324
35,1293.476317473348,,,mixed C-H bending / C-C torsion,nu(C2-H13),bond,0.0002494840730150793,+,0.001079507921643984,0.3290276293599761
35,1293.476317473348,,,mixed C-H bending / C-C torsion,tau(H10-C1-C2-C4),dihedral,0.00014206284962056835,-,-0.001114414871281634,0.17580366884501275
35,1293.476317473348,,,mixed C-H bending / C-C torsion,nu(C1-C2),bond,0.00013468820142985584,+,0.0008707509445760529,0.273012703189435
35,1293.476317473348,,,mixed C-H bending / C-C torsion,nu(C4-H16),bond,0.0001156933872456938,+,0.0007330112186945347,0.33092418150229375
35,1293.476317473348,,,mixed C-H bending / C-C torsion,tau(O9-C7-N8-H19),dihedral,9.228798752188873e-05,+,0.0010166230989569205,0.1372354906200594
35,1293.476317473348,,,mixed C-H bending / C-C torsion,nu(C1-H10),bond,2.817047497407328e-05,-,-0.0003571190271227404,0.3394762530008387
35,1293.476317473348,,,mixed C-H bending / C-C torsion,nu(N8-H19),bond,6.477821126493257e-06,-,-0.00014398352335090678,0.48022478197858476
35,1293.476317473348,,,mixed C-H bending / C-C torsion,nu(N8-H20),bond,9.817798486693039e-08,-,-1.7657123509494106e-05,0.48396662608765273
36,1306.069935906565,,,mixed C-C out-of-plane bending / C-H bending,"gamma(C2;C4,H15,H16)",oop,41.7912783543238,+,0.40288140198124367,0.7266751309793713
36,1306.069935906565,,,mixed C-C out-of-plane bending / C-H bending,delta(C5-C4-H15),angle,15.301361193172186,-,-0.15705440353865133,1.7508095722988488
36,1306.069935906565,,,mixed C-C out-of-plane bending / C-H bending,delta(C2-C4-H15),angle,10.320041726352722,+,0.16893186280129432,1.0206277969587885
36,1306.069935906565,,,mixed C-C out-of-plane bending / C-H bending,"gamma(C1;C2,O3,H13)",oop,7.271022555197454,-,-0.2224682363884784,0.41463747292882314
36,1306.069935906565,,,mixed C-C out-of-plane bending / C-H bending,tau(O3-C2-C4-H16),dihedral,5.444296175688455,+,0.13785086852133263,0.8085964138894428
36,1306.069935906565,,,mixed C-C out-of-plane bending / C-H bending,"gamma(H18;C5,O6,H17)",oop,4.586850228920537,+,0.20493827422810637,0.3082318346285468
36,1306.069935906565,,,mixed C-C out-of-plane bending / C-H bending,tau(H16-C4-C5-H18),dihedral,2.819789553884134,+,0.18544118242951355,0.23142666807728227
36,1306.069935906565,,,mixed C-C out-of-plane bending / C-H bending,delta(O6-C5-H17),angle,2.779703397985818,-,-0.17261069549773556,0.2633128987200418
36,1306.069935906565,,,mixed C-C out-of-plane bending / C-H bending,delta(C2-C1-H10),angle,2.5992860577900396,-,-0.09805743821808366,0.7629605318840937
36,1306.069935906565,,,mixed C-C out-of-plane bending / C-H bending,delta(H11-C1-H12),angle,1.2054675619194728,+,0.06418873503612911,0.8257469440591959
36,1306.069935906565,,,mixed C-C out-of-plane bending / C-H bending,delta(C2-C1-H12),angle,0.9384691869031975,+,0.08511720922971727,0.36559003310172816
36,1306.069935906565,,,mixed C-C out-of-plane bending / C-H bending,tau(H11-C1-C2-O3),dihedral,0.7716897039267336,-,-0.051910448817517635,0.8082434974166677
36,1306.069935906565,,,mixed C-C out-of-plane bending / C-H bending,delta(C4-C5-H18),angle,0.6501653311305535,+,0.06862625119890133,0.38962995436760806
36,1306.069935906565,,,mixed C-C out-of-plane bending / C-H bending,nu(O6-C7),bond,0.5467958343272462,-,-0.06375725832069426,0.3796426635236279
36,1306.069935906565,,,mixed C-C out-of-plane bending / C-H bending,delta(C4-C5-O6),angle,0.49204406238086024,+,0.05222238610123436,0.5092132008186406
36,1306.069935906565,,,mixed C-C out-of-plane bending / C-H bending,nu(C7-N8),bond,0.41649703480043354,+,0.05108428914360575,0.45044968349124215
36,1306.069935906565,,,mixed C-C out-of-plane bending / C-H bending,delta(C7-N8-H20),angle,0.3466781995767831,+,0.06211001119893408,0.25363687773146887
36,1306.069935906565,,,mixed C-C out-of-plane bending / C-H bending,delta(N8-C7-O9),angle,0.3114077360043291,-,-0.039141628210188975,0.5736681033914728
36,1306.069935906565,,,mixed C-C out-of-plane bending / C-H bending,delta(C1-C2-C4),angle,0.30276172938558227,-,-0.045525951147301555,0.4122797483308755
36,1306.069935906565,,,mixed C-C out-of-plane bending / C-H bending,tau(H13-C2-O3-H14),dihedral,0.20507120476850174,+,0.24168750792856683,0.009908441658344393
36,1306.069935906565,,,mixed C-C out-of-plane bending / C-H bending,tau(H12-C1-C2-C4),dihedral,0.17288854365756973,+,0.02251596434575269,0.9624854932709154
36,1306.069935906565,,,mixed C-C out-of-plane bending / C-H bending,delta(C2-O3-H14),angle,0.13666182548193048,+,0.046792999852702064,0.1761548163912733
36,1306.069935906565,,,mixed C-C out-of-plane bending / C-H bending,nu(C2-C4),bond,0.10752196708176971,-,-0.03377530874359658,0.26601591914570893
36,1306.069935906565,,,mixed C-C out-of-plane bending / C-H bending,delta(C5-O6-C7),angle,0.08619669536173166,+,0.029033173598965737,0.28860953510819726
36,1306.069935906565,,,mixed C-C out-of-plane bending / C-H bending,tau(H10-C1-C2-C4),dihedral,0.0741487191592507,+,0.034501851388751927,0.17580366884501275
36,1306.069935906565,,,mixed C-C out-of-plane bending / C-H bending,delta(O3-C2-H13),angle,0.06739040943057603,-,-0.026123022091125925,0.2787149988564878
36,1306.069935906565,,,mixed C-C out-of-plane bending / C-H bending,delta(O6-C7-N8),angle,0.06328589194156208,+,0.016710311294309048,0.6396566299177271
36,1306.069935906565,,,mixed C-C out-of-plane bending / C-H bending,tau(C1-C2-C4-C5),dihedral,0.05736480167657239,+,0.014440441131679756,0.7764145342752474
36,1306.069935906565,,,mixed C-C out-of-plane bending / C-H bending,nu(C4-C5),bond,0.043673030716034046,+,0.020674711433876336,0.28836563189512043
36,1306.069935906565,,,mixed C-C out-of-plane bending / C-H bending,nu(C2-O3),bond,0.023795598913870255,-,-0.014654347943002266,0.3127322887485309
36,1306.069935906565,,,mixed C-C out-of-plane bending / C-H bending,delta(H19-N8-H20),angle,0.020832653436506574,-,-0.015566593617687818,0.24264228911972324
36,1306.069935906565,,,mixed C-C out-of-plane bending / C-H bending,"gamma(H10;C1,H11,H12)",oop,0.01599740425692537,-,-0.00821130505819731,0.6696289587334144
36,1306.069935906565,,,mixed C-C out-of-plane bending / C-H bending,delta(H15-C4-H16),angle,0.01307243491239796,-,-0.0058576179173636805,1.075284756701329
36,1306.069935906565,,,mixed C-C out-of-plane bending / C-H bending,delta(C2-C4-C5),angle,0.006804564073012316,+,0.0049161253223588336,0.7946273302237717
36,1306.069935906565,,,mixed C-C out-of-plane bending / C-H bending,nu(C1-H12),bond,0.003983338725328192,-,-0.005840802102483092,0.3295424270765694
36,1306.069935906565,,,mixed C-C out-of-plane bending / C-H bending,tau(C2-C4-C5-O6),dihedral,0.0012303092309816717,+,0.0038125421785039615,0.23888784324546183
36,1306.069935906565,,,mixed C-C out-of-plane bending / C-H bending,nu(C5-O6),bond,0.001090829364156158,-,-0.0032039392157254903,0.29991443217879
36,1306.069935906565,,,mixed C-C out-of-plane bending / C-H bending,tau(O6-C7-N8-H19),dihedral,0.0005673726414262245,+,0.0036393710777920586,0.12089958013102238
36,1306.069935906565,,,mixed C-C out-of-plane bending / C-H bending,nu(C1-H11),bond,0.0005262070402181964,-,-0.0021028184143314296,0.33586302282669245
36,1306.069935906565,,,mixed C-C out-of-plane bending / C-H bending,nu(C4-H16),bond,0.0005060941303320881,+,0.002077571308656344,0.33092418150229375
36,1306.069935906565,,,mixed C-C out-of-plane bending / C-H bending,nu(O3-H14),bond,0.0005035645981356503,-,-0.0016619567363373479,0.5145467545258035
36,1306.069935906565,,,mixed C-C out-of-plane bending / C-H bending,nu(C5-H18),bond,0.000327716502629844,-,-0.0016482563870640252,0.34045354277733064
36,1306.069935906565,,,mixed C-C out-of-plane bending / C-H bending,nu(C1-H10),bond,0.0003066007046398791,+,0.001596564303142142,0.3394762530008387
36,1306.069935906565,,,mixed C-C out-of-plane bending / C-H bending,tau(O9-C7-N8-H19),dihedral,0.00022753983484142577,+,0.002163216765374111,0.1372354906200594
36,1306.069935906565,,,mixed C-C out-of-plane bending / C-H bending,nu(N8-H19),bond,0.00020255383379367458,+,0.0010910696877231114,0.48022478197858476
36,1306.069935906565,,,mixed C-C out-of-plane bending / C-H bending,nu(C5-H17),bond,7.140136321792609e-05,-,-0.0007769130046812617,0.3338649301903668
36,1306.069935906565,,,mixed C-C out-of-plane bending / C-H bending,tau(C5-O6-C7-N8),dihedral,4.720703497493842e-05,+,0.002201503164250571,0.027490154249470444
36,1306.069935906565,,,mixed C-C out-of-plane bending / C-H bending,tau(C4-C5-O6-C7),dihedral,3.778486674575509e-05,+,0.0043002588113270875,0.005766838473303552
36,1306.069935906565,,,mixed C-C out-of-plane bending / C-H bending,nu(N8-H20),bond,3.4535969412870575e-05,-,-0.00044877913687961957,0.48396662608765273
36,1306.069935906565,,,mixed C-C out-of-plane bending / C-H bending,nu(C2-H13),bond,8.688359914072496e-06,-,-0.0002729966123927551,0.3290276293599761
36,1306.069935906565,,,mixed C-C out-of-plane bending / C-H bending,tau(O6-C7-N8-H20),dihedral,8.49096376733513e-06,-,-0.000983710986822296,0.024764583303918165
36,1306.069935906565,,,mixed C-C out-of-plane bending / C-H bending,nu(C4-H15),bond,6.777469993692116e-06,-,-0.00024243048456736133,0.3254634512378247
36,1306.069935906565,,,mixed C-C out-of-plane bending / C-H bending,nu(C1-C2),bond,8.199313495573762e-07,-,-9.206654780423453e-05,0.273012703189435
36,1306.069935906565,,,mixed C-C out-of-plane bending / C-H bending,nu(C7-O9),bond,7.988955950057659e-07,+,5.260898325212467e-05,0.8146654356474178
37,1334.6942685514423,,,C-H bending,delta(C5-C4-H15),angle,43.46925274939425,+,0.21522199628094196,1.7508095722988488
37,1334.6942685514423,,,C-H bending,delta(C2-C4-H15),angle,21.06080312918555,-,-0.19620894037479775,1.0206277969587885
37,1334.6942685514423,,,C-H bending,tau(O3-C2-C4-H16),dihedral,9.769483543082154,+,0.15013602787533428,0.8085964138894428
37,1334.6942685514423,,,C-H bending,delta(C2-O3-H14),angle,5.831566720421389,-,-0.24851945220052768,0.1761548163912733
37,1334.6942685514423,,,C-H bending,delta(C4-C5-H18),angle,4.895445747219921,-,-0.1531034497573934,0.38962995436760806
37,1334.6942685514423,,,C-H bending,tau(H12-C1-C2-C4),dihedral,4.0919583159269655,+,0.08906017178802338,0.9624854932709154
37,1334.6942685514423,,,C-H bending,tau(C1-C2-C4-C5),dihedral,2.5132672174801187,-,-0.07771190033233047,0.7764145342752474
37,1334.6942685514423,,,C-H bending,delta(C2-C1-H12),angle,1.5217049951352308,-,-0.08812174402733158,0.36559003310172816
37,1334.6942685514423,,,C-H bending,nu(C2-O3),bond,0.9239993188975024,-,-0.07424453441818528,0.3127322887485309
37,1334.6942685514423,,,C-H bending,delta(O6-C5-H17),angle,0.8971658777893496,-,-0.0797288189855676,0.2633128987200418
37,1334.6942685514423,,,C-H bending,delta(O3-C2-H13),angle,0.8901356529652633,+,0.07719033969131249,0.2787149988564878
37,1334.6942685514423,,,C-H bending,"gamma(C1;C2,O3,H13)",oop,0.7129186761177029,+,0.056637065800110145,0.41463747292882314
37,1334.6942685514423,,,C-H bending,delta(H11-C1-H12),angle,0.6429551064740486,-,-0.038113765856608854,0.8257469440591959
37,1334.6942685514423,,,C-H bending,tau(H16-C4-C5-H18),dihedral,0.4358336704317258,+,0.059274610963406964,0.23142666807728227
37,1334.6942685514423,,,C-H bending,tau(H10-C1-C2-C4),dihedral,0.3715002936718659,-,-0.06278857660963334,0.17580366884501275
37,1334.6942685514423,,,C-H bending,"gamma(H18;C5,O6,H17)",oop,0.3708108453087124,-,-0.047375356654917,0.3082318346285468
37,1334.6942685514423,,,C-H bending,delta(H15-C4-H16),angle,0.3214932016722013,-,-0.023617785637109888,1.075284756701329
37,1334.6942685514423,,,C-H bending,tau(H11-C1-C2-O3),dihedral,0.3015163782930356,+,0.026381492924865406,0.8082434974166677
37,1334.6942685514423,,,C-H bending,delta(C2-C1-H10),angle,0.25851438696443685,+,0.02514237773616782,0.7629605318840937
37,1334.6942685514423,,,C-H bending,tau(C2-C4-C5-O6),dihedral,0.2520413537390625,-,-0.04436637046405685,0.23888784324546183
37,1334.6942685514423,,,C-H bending,nu(C2-C4),bond,0.11503950935048805,-,-0.0284043412235649,0.26601591914570893
37,1334.6942685514423,,,C-H bending,nu(C7-N8),bond,0.05177938215678126,-,-0.014644357190704069,0.45044968349124215
37,1334.6942685514423,,,C-H bending,"gamma(H10;C1,H11,H12)",oop,0.049596519788834746,+,0.011755023786861434,0.6696289587334144
37,1334.6942685514423,,,C-H bending,delta(N8-C7-O9),angle,0.03454401382222428,+,0.010599150820762937,0.5736681033914728
37,1334.6942685514423,,,C-H bending,delta(C7-N8-H20),angle,0.03186777781029926,-,-0.015310335770863865,0.25363687773146887
37,1334.6942685514423,,,C-H bending,nu(O6-C7),bond,0.029630864291882438,+,0.012067010152696336,0.3796426635236279
37,1334.6942685514423,,,C-H bending,nu(C1-H12),bond,0.023507291043007524,+,0.011536143467560002,0.3295424270765694
37,1334.6942685514423,,,C-H bending,"gamma(C2;C4,H15,H16)",oop,0.022321016981434336,+,0.007570104320960214,0.7266751309793713
37,1334.6942685514423,,,C-H bending,nu(C1-C2),bond,0.020927519171923686,+,0.011958658690057588,0.273012703189435
37,1334.6942685514423,,,C-H bending,nu(O3-H14),bond,0.017169342317724153,+,0.007890044132299663,0.5145467545258035
37,1334.6942685514423,,,C-H bending,tau(H13-C2-O3-H14),dihedral,0.015263313353030402,-,-0.05360888272908677,0.009908441658344393
37,1334.6942685514423,,,C-H bending,delta(C2-C4-C5),angle,0.012718046481405537,+,0.005464412538704235,0.7946273302237717
37,1334.6942685514423,,,C-H bending,nu(C2-H13),bond,0.008532034715083577,-,-0.006955448622458012,0.3290276293599761
37,1334.6942685514423,,,C-H bending,delta(C1-C2-C4),angle,0.006249303392385833,+,0.005317834629667503,0.4122797483308755
37,1334.6942685514423,,,C-H bending,delta(H19-N8-H20),angle,0.006053398817146467,+,0.006822309548858633,0.24264228911972324
37,1334.6942685514423,,,C-H bending,delta(C4-C5-O6),angle,0.005252159698668002,+,0.004386661861454526,0.5092132008186406
37,1334.6942685514423,,,C-H bending,nu(C1-H11),bond,0.004859329893749512,-,-0.005195437442840074,0.33586302282669245
37,1334.6942685514423,,,C-H bending,nu(C4-H15),bond,0.0043512169871903535,+,0.004994238545308598,0.3254634512378247
37,1334.6942685514423,,,C-H bending,tau(C5-O6-C7-N8),dihedral,0.0024334591410366735,+,0.012851045617505847,0.027490154249470444
37,1334.6942685514423,,,C-H bending,tau(C4-C5-O6-C7),dihedral,0.0014642926841221102,+,0.021765070435581995,0.005766838473303552
37,1334.6942685514423,,,C-H bending,delta(C5-O6-C7),angle,0.0008785403123808984,+,0.0023830904908256753,0.28860953510819726
37,1334.6942685514423,,,C-H bending,nu(C7-O9),bond,0.0008096542395914652,-,-0.0013616803681146732,0.8146654356474178
37,1334.6942685514423,,,C-H bending,delta(O6-C7-N8),angle,0.000625579857303583,-,-0.0013507747997486851,0.6396566299177271
37,1334.6942685514423,,,C-H bending,nu(C4-H16),bond,0.0006075471963397231,-,-0.0018507202764172191,0.33092418150229375
37,1334.6942685514423,,,C-H bending,tau(O6-C7-N8-H19),dihedral,0.000312069782856016,-,-0.0021944641346873903,0.12089958013102238
37,1334.6942685514423,,,C-H bending,nu(C5-H18),bond,0.0002375085363343651,+,0.0011408425402724045,0.34045354277733064
37,1334.6942685514423,,,C-H bending,tau(O6-C7-N8-H20),dihedral,0.00019143191776690145,-,-0.003797577861270654,0.024764583303918165
37,1334.6942685514423,,,C-H bending,nu(C5-O6),bond,0.00017520230759888937,-,-0.0010439657548831616,0.29991443217879
37,1334.6942685514423,,,C-H bending,nu(C1-H10),bond,0.00011162219683785965,+,0.000783223315018905,0.3394762530008387
37,1334.6942685514423,,,C-H bending,nu(C5-H17),bond,5.004533417491238e-05,-,-0.0005288243203094639,0.3338649301903668
37,1334.6942685514423,,,C-H bending,nu(N8-H19),bond,4.539692567960589e-05,-,-0.00041995809957487694,0.48022478197858476
37,1334.6942685514423,,,C-H bending,tau(O9-C7-N8-H19),dihedral,2.811683564236154e-05,+,0.0006182512822131191,0.1372354906200594
37,1334.6942685514423,,,C-H bending,nu(N8-H20),bond,1.6667635551302024e-07,-,-2.534803598986178e-05,0.48396662608765273
37,1334.6942685514423,,,C-H bending,nu(C4-C5),bond,1.458122553712568e-07,-,-3.07142764267743e-05,0.28836563189512043
38,1344.1827719066437,,,mixed C-H bending / C-N stretching / C-C out-of-plane bending,nu(C7-N8),bond,16.000914678766037,+,0.21950725832051016,0.45044968349124215
38,1344.1827719066437,,,mixed C-H bending / C-N stretching / C-C out-of-plane bending,nu(O6-C7),bond,13.110620571391829,-,-0.21643313106864878,0.3796426635236279
38,1344.1827719066437,,,mixed C-H bending / C-N stretching / C-C out-of-plane bending,delta(N8-C7-O9),angle,11.273036733258609,-,-0.1632637370578037,0.5736681033914728
38,1344.1827719066437,,,mixed C-H bending / C-N stretching / C-C out-of-plane bending,"gamma(C2;C4,H15,H16)",oop,11.006397426849636,-,-0.14333494040815598,0.7266751309793713
38,1344.1827719066437,,,mixed C-H bending / C-N stretching / C-C out-of-plane bending,delta(C7-N8-H20),angle,10.1571492611949,+,0.2330662249341555,0.25363687773146887
38,1344.1827719066437,,,mixed C-H bending / C-N stretching / C-C out-of-plane bending,delta(C5-C4-H15),angle,7.634757983229853,+,0.07690911340217846,1.7508095722988488
38,1344.1827719066437,,,mixed C-H bending / C-N stretching / C-C out-of-plane bending,"gamma(H18;C5,O6,H17)",oop,6.328169415404226,+,0.16687832300456656,0.3082318346285468
38,1344.1827719066437,,,mixed C-H bending / C-N stretching / C-C out-of-plane bending,"gamma(C1;C2,O3,H13)",oop,4.834067594145204,+,0.1257539712123104,0.41463747292882314
38,1344.1827719066437,,,mixed C-H bending / C-N stretching / C-C out-of-plane bending,delta(C2-C4-H15),angle,3.671969126134595,-,-0.06985788583387421,1.0206277969587885
38,1344.1827719066437,,,mixed C-H bending / C-N stretching / C-C out-of-plane bending,delta(C4-C5-H18),angle,3.209540854645507,+,0.10570484872226604,0.38962995436760806
38,1344.1827719066437,,,mixed C-H bending / C-N stretching / C-C out-of-plane bending,delta(O6-C5-H17),angle,3.1568089662850434,-,-0.12752276108758862,0.2633128987200418
38,1344.1827719066437,,,mixed C-H bending / C-N stretching / C-C out-of-plane bending,delta(H19-N8-H20),angle,1.8075998428729436,-,-0.10052348207885976,0.24264228911972324
38,1344.1827719066437,,,mixed C-H bending / C-N stretching / C-C out-of-plane bending,delta(C2-C1-H10),angle,1.5659555432549268,+,0.05276407169201679,0.7629605318840937
38,1344.1827719066437,,,mixed C-H bending / C-N stretching / C-C out-of-plane bending,delta(H11-C1-H12),angle,1.0096018468872012,-,-0.04072407272448306,0.8257469440591959
38,1344.1827719066437,,,mixed C-H bending / C-N stretching / C-C out-of-plane bending,nu(C5-O6),bond,0.8053099683803299,+,0.06035072319700554,0.29991443217879
38,1344.1827719066437,,,mixed C-H bending / C-N stretching / C-C out-of-plane bending,nu(C4-C5),bond,0.6834523570733085,-,-0.05669986137435574,0.28836563189512043
38,1344.1827719066437,,,mixed C-H bending / C-N stretching / C-C out-of-plane bending,tau(O3-C2-C4-H16),dihedral,0.6443493423254947,-,-0.03287716892137117,0.8085964138894428
38,1344.1827719066437,,,mixed C-H bending / C-N stretching / C-C out-of-plane bending,delta(H15-C4-H16),angle,0.5342618305882184,+,0.02596061359193729,1.075284756701329
38,1344.1827719066437,,,mixed C-H bending / C-N stretching / C-C out-of-plane bending,tau(H11-C1-C2-O3),dihedral,0.4445428577388546,+,0.02731400173109428,0.8082434974166677
38,1344.1827719066437,,,mixed C-H bending / C-N stretching / C-C out-of-plane bending,tau(H12-C1-C2-C4),dihedral,0.3902796725591501,-,-0.0234525728377612,0.9624854932709154
38,1344.1827719066437,,,mixed C-H bending / C-N stretching / C-C out-of-plane bending,nu(C7-O9),bond,0.285358361960912,+,0.02179742941981707,0.8146654356474178
38,1344.1827719066437,,,mixed C-H bending / C-N stretching / C-C out-of-plane bending,delta(O6-C7-N8),angle,0.25272602206906536,+,0.023150008333422713,0.6396566299177271
38,1344.1827719066437,,,mixed C-H bending / C-N stretching / C-C out-of-plane bending,delta(C2-C1-H12),angle,0.23376807470124852,-,-0.029450661231630575,0.36559003310172816
38,1344.1827719066437,,,mixed C-H bending / C-N stretching / C-C out-of-plane bending,delta(C2-C4-C5),angle,0.2126628987460786,-,-0.019053016316275845,0.7946273302237717
38,1344.1827719066437,,,mixed C-H bending / C-N stretching / C-C out-of-plane bending,delta(O3-C2-H13),angle,0.18103657747248997,+,0.02968264641491892,0.2787149988564878
38,1344.1827719066437,,,mixed C-H bending / C-N stretching / C-C out-of-plane bending,tau(H13-C2-O3-H14),dihedral,0.11936387722494883,-,-0.12783018106278632,0.009908441658344393
38,1344.1827719066437,,,mixed C-H bending / C-N stretching / C-C out-of-plane bending,delta(C5-O6-C7),angle,0.08279672376035216,-,-0.019726537490208033,0.28860953510819726
38,1344.1827719066437,,,mixed C-H bending / C-N stretching / C-C out-of-plane bending,"gamma(H10;C1,H11,H12)",oop,0.0732499040804074,+,0.012181086871184514,0.6696289587334144
38,1344.1827719066437,,,mixed C-H bending / C-N stretching / C-C out-of-plane bending,delta(C1-C2-C4),angle,0.07311426088391186,+,0.015509745431489837,0.4122797483308755
38,1344.1827719066437,,,mixed C-H bending / C-N stretching / C-C out-of-plane bending,nu(C1-C2),bond,0.06576623758147584,+,0.018076306421207337,0.273012703189435
38,1344.1827719066437,,,mixed C-H bending / C-N stretching / C-C out-of-plane bending,tau(H10-C1-C2-C4),dihedral,0.041257523159438675,-,-0.0178417410854149,0.17580366884501275
38,1344.1827719066437,,,mixed C-H bending / C-N stretching / C-C out-of-plane bending,tau(C1-C2-C4-C5),dihedral,0.033681346932115164,-,-0.007670921188060526,0.7764145342752474
38,1344.1827719066437,,,mixed C-H bending / C-N stretching / C-C out-of-plane bending,nu(C2-O3),bond,0.01431431686180528,+,0.007879498466556134,0.3127322887485309
38,1344.1827719066437,,,mixed C-H bending / C-N stretching / C-C out-of-plane bending,nu(N8-H19),bond,0.012366379850130216,+,0.005910151733710264,0.48022478197858476
38,1344.1827719066437,,,mixed C-H bending / C-N stretching / C-C out-of-plane bending,nu(C5-H17),bond,0.010727376357056553,-,-0.00660177899190317,0.3338649301903668
38,1344.1827719066437,,,mixed C-H bending / C-N stretching / C-C out-of-plane bending,tau(O6-C7-N8-H19),dihedral,0.009662836766256809,+,0.010412129211702087,0.12089958013102238
38,1344.1827719066437,,,mixed C-H bending / C-N stretching / C-C out-of-plane bending,nu(C2-C4),bond,0.007269228060948719,+,0.006088214673848935,0.26601591914570893
38,1344.1827719066437,,,mixed C-H bending / C-N stretching / C-C out-of-plane bending,nu(C5-H18),bond,0.005073867884731334,-,-0.004496144621417902,0.34045354277733064
38,1344.1827719066437,,,mixed C-H bending / C-N stretching / C-C out-of-plane bending,delta(C4-C5-O6),angle,0.003981025582421907,+,0.0032564714952624642,0.5092132008186406
38,1344.1827719066437,,,mixed C-H bending / C-N stretching / C-C out-of-plane bending,tau(C2-C4-C5-O6),dihedral,0.0023902204644837936,+,0.003684016606045256,0.23888784324546183
38,1344.1827719066437,,,mixed C-H bending / C-N stretching / C-C out-of-plane bending,tau(O6-C7-N8-H20),dihedral,0.0019448640805307977,+,0.010321165428930228,0.024764583303918165
38,1344.1827719066437,,,mixed C-H bending / C-N stretching / C-C out-of-plane bending,nu(C1-H12),bond,0.0017644898431634407,+,0.0026949675307661207,0.3295424270765694
38,1344.1827719066437,,,mixed C-H bending / C-N stretching / C-C out-of-plane bending,nu(C4-H16),bond,0.0017200106089108325,-,-0.002655222593337604,0.33092418150229375
38,1344.1827719066437,,,mixed C-H bending / C-N stretching / C-C out-of-plane bending,nu(C4-H15),bond,0.0012611180701947895,-,-0.002292589955506459,0.3254634512378247
38,1344.1827719066437,,,mixed C-H bending / C-N stretching / C-C out-of-plane bending,delta(C2-O3-H14),angle,0.0009717165183033005,+,0.0027354082686022025,0.1761548163912733
38,1344.1827719066437,,,mixed C-H bending / C-N stretching / C-C out-of-plane bending,nu(C1-H11),bond,0.0009258751326827456,+,0.0019337251133525158,0.33586302282669245
38,1344.1827719066437,,,mixed C-H bending / C-N stretching / C-C out-of-plane bending,tau(H16-C4-C5-H18),dihedral,0.000785904238185157,+,0.002146237297272119,0.23142666807728227
38,1344.1827719066437,,,mixed C-H bending / C-N stretching / C-C out-of-plane bending,nu(C2-H13),bond,0.0004430159658263198,-,-0.0013514286714288058,0.3290276293599761
38,1344.1827719066437,,,mixed C-H bending / C-N stretching / C-C out-of-plane bending,nu(C1-H10),bond,0.00039675485533681475,-,-0.0012590878956440137,0.3394762530008387
38,1344.1827719066437,,,mixed C-H bending / C-N stretching / C-C out-of-plane bending,tau(C5-O6-C7-N8),dihedral,0.0002823932049638402,-,-0.0037328295250217166,0.027490154249470444
38,1344.1827719066437,,,mixed C-H bending / C-N stretching / C-C out-of-plane bending,tau(O9-C7-N8-H19),dihedral,6.703894842917477e-05,-,-0.0008140104884121676,0.1372354906200594
38,1344.1827719066437,,,mixed C-H bending / C-N stretching / C-C out-of-plane bending,nu(N8-H20),bond,5.9877401190004675e-05,-,-0.0004096598371567974,0.48396662608765273
38,1344.1827719066437,,,mixed C-H bending / C-N stretching / C-C out-of-plane bending,nu(O3-H14),bond,2.3300191295875642e-05,+,0.00024783745765287636,0.5145467545258035
38,1344.1827719066437,,,mixed C-H bending / C-N stretching / C-C out-of-plane bending,tau(C4-C5-O6-C7),dihedral,7.075548834268065e-07,+,0.0004079536249515093,0.005766838473303552
39,1388.0431653121288,,,mixed C-H bending / C-C out-of-plane bending,"gamma(C2;C4,H15,H16)",oop,25.446181210645815,-,-0.319243699452536,0.7266751309793713
39,1388.0431653121288,,,mixed C-H bending / C-C out-of-plane bending,delta(C2-C4-H15),angle,18.536607103619495,-,-0.22991250968059274,1.0206277969587885
39,1388.0431653121288,,,mixed C-H bending / C-C out-of-plane bending,delta(C5-C4-H15),angle,17.70213330680317,+,0.17154360125642118,1.7508095722988488
39,1388.0431653121288,,,mixed C-H bending / C-C out-of-plane bending,"gamma(C1;C2,O3,H13)",oop,16.88534536885837,-,-0.34427213701211823,0.41463747292882314
39,1388.0431653121288,,,mixed C-H bending / C-C out-of-plane bending,delta(H11-C1-H12),angle,3.747073665974298,+,0.11492216629337165,0.8257469440591959
39,1388.0431653121288,,,mixed C-H bending / C-C out-of-plane bending,"gamma(H18;C5,O6,H17)",oop,2.8544344212199775,-,-0.16417327626434045,0.3082318346285468
39,1388.0431653121288,,,mixed C-H bending / C-C out-of-plane bending,tau(H12-C1-C2-C4),dihedral,2.493612904981253,+,0.08683575767302643,0.9624854932709154
39,1388.0431653121288,,,mixed C-H bending / C-C out-of-plane bending,nu(C2-C4),bond,2.191212977918072,+,0.15483518528511422,0.26601591914570893
39,1388.0431653121288,,,mixed C-H bending / C-C out-of-plane bending,delta(C2-C1-H10),angle,1.8861485230569688,-,-0.0848238701501937,0.7629605318840937
39,1388.0431653121288,,,mixed C-H bending / C-C out-of-plane bending,delta(O6-C5-H17),angle,1.0650815887283478,+,0.10850170118638451,0.2633128987200418
39,1388.0431653121288,,,mixed C-H bending / C-C out-of-plane bending,nu(C1-C2),bond,0.9483773534491012,-,-0.10054959732198884,0.273012703189435
39,1388.0431653121288,,,mixed C-H bending / C-C out-of-plane bending,delta(C4-C5-H18),angle,0.8656787004851639,-,-0.08041431615809959,0.38962995436760806
39,1388.0431653121288,,,mixed C-H bending / C-C out-of-plane bending,tau(O3-C2-C4-H16),dihedral,0.6993033336846785,-,-0.050170458462475837,0.8085964138894428
39,1388.0431653121288,,,mixed C-H bending / C-C out-of-plane bending,tau(H11-C1-C2-O3),dihedral,0.6717352120388268,-,-0.049182332709747874,0.8082434974166677
39,1388.0431653121288,,,mixed C-H bending / C-C out-of-plane bending,nu(C7-N8),bond,0.6142436122675599,+,0.06299823137884944,0.45044968349124215
39,1388.0431653121288,,,mixed C-H bending / C-C out-of-plane bending,tau(H13-C2-O3-H14),dihedral,0.4282191842672011,+,0.35465946733755843,0.009908441658344393
39,1388.0431653121288,,,mixed C-H bending / C-C out-of-plane bending,delta(N8-C7-O9),angle,0.4033172275725997,-,-0.04523496001595576,0.5736681033914728
39,1388.0431653121288,,,mixed C-H bending / C-C out-of-plane bending,tau(H16-C4-C5-H18),dihedral,0.3806249952197004,-,-0.06918678127768338,0.23142666807728227
39,1388.0431653121288,,,mixed C-H bending / C-C out-of-plane bending,delta(C2-C4-C5),angle,0.3550913038955849,+,0.03606363053811045,0.7946273302237717
39,1388.0431653121288,,,mixed C-H bending / C-C out-of-plane bending,nu(O6-C7),bond,0.3448092583226254,-,-0.05141420551132156,0.3796426635236279
39,1388.0431653121288,,,mixed C-H bending / C-C out-of-plane bending,delta(C7-N8-H20),angle,0.34378723803373595,+,0.06280870687235186,0.25363687773146887
39,1388.0431653121288,,,mixed C-H bending / C-C out-of-plane bending,nu(C4-C5),bond,0.1983312033847029,-,-0.04474092409111091,0.28836563189512043
39,1388.0431653121288,,,mixed C-H bending / C-C out-of-plane bending,"gamma(H10;C1,H11,H12)",oop,0.19520372143895043,-,-0.02912782850037887,0.6696289587334144
39,1388.0431653121288,,,mixed C-H bending / C-C out-of-plane bending,delta(O3-C2-H13),angle,0.15162431557566863,+,0.039791053013086025,0.2787149988564878
39,1388.0431653121288,,,mixed C-H bending / C-C out-of-plane bending,delta(C2-O3-H14),angle,0.13774383481060817,-,-0.04770566999563929,0.1761548163912733
39,1388.0431653121288,,,mixed C-H bending / C-C out-of-plane bending,delta(H19-N8-H20),angle,0.13022228148379644,-,-0.03952215149167204,0.24264228911972324
39,1388.0431653121288,,,mixed C-H bending / C-C out-of-plane bending,delta(C5-O6-C7),angle,0.10151972267548962,-,-0.03199639499881426,0.28860953510819726
39,1388.0431653121288,,,mixed C-H bending / C-C out-of-plane bending,delta(C4-C5-O6),angle,0.08221568055417457,-,-0.02167747414948708,0.5092132008186406
39,1388.0431653121288,,,mixed C-H bending / C-C out-of-plane bending,tau(H10-C1-C2-C4),dihedral,0.04421745188034648,+,0.027056029557833376,0.17580366884501275
39,1388.0431653121288,,,mixed C-H bending / C-C out-of-plane bending,tau(C2-C4-C5-O6),dihedral,0.024608583350883804,-,-0.017315197825363254,0.23888784324546183
39,1388.0431653121288,,,mixed C-H bending / C-C out-of-plane bending,delta(C1-C2-C4),angle,0.020056721561496745,+,0.01189912830460784,0.4122797483308755
39,1388.0431653121288,,,mixed C-H bending / C-C out-of-plane bending,delta(C2-C1-H12),angle,0.01877253540316146,+,0.0122249043052295,0.36559003310172816
39,1388.0431653121288,,,mixed C-H bending / C-C out-of-plane bending,nu(C2-O3),bond,0.010611072553380889,-,-0.009937438551943262,0.3127322887485309
39,1388.0431653121288,,,mixed C-H bending / C-C out-of-plane bending,nu(C7-O9),bond,0.006052672571496497,+,0.004650130284912808,0.8146654356474178
39,1388.0431653121288,,,mixed C-H bending / C-C out-of-plane bending,nu(C1-H11),bond,0.0049886597984803455,-,-0.006574943478418026,0.33586302282669245
39,1388.0431653121288,,,mixed C-H bending / C-C out-of-plane bending,tau(C1-C2-C4-C5),dihedral,0.004111982916587061,+,0.003926087716326247,0.7764145342752474
39,1388.0431653121288,,,mixed C-H bending / C-C out-of-plane bending,delta(O6-C7-N8),angle,0.0011882650669358533,-,-0.002325221810112514,0.6396566299177271
39,1388.0431653121288,,,mixed C-H bending / C-C out-of-plane bending,nu(C1-H12),bond,0.0011312348929654829,-,-0.003160835570914728,0.3295424270765694
39,1388.0431653121288,,,mixed C-H bending / C-C out-of-plane bending,nu(N8-H19),bond,0.0006608291523672348,+,0.002001259878122773,0.48022478197858476
39,1388.0431653121288,,,mixed C-H bending / C-C out-of-plane bending,nu(C5-H17),bond,0.0006247892113011649,+,0.0023337940887769556,0.3338649301903668
39,1388.0431653121288,,,mixed C-H bending / C-C out-of-plane bending,delta(H15-C4-H16),angle,0.0005563276193682511,-,-0.0012271135223429074,1.075284756701329
39,1388.0431653121288,,,mixed C-H bending / C-C out-of-plane bending,nu(O3-H14),bond,0.00043352171654681616,+,0.0015659366295358722,0.5145467545258035
39,1388.0431653121288,,,mixed C-H bending / C-C out-of-plane bending,tau(O9-C7-N8-H19),dihedral,0.00030536227515073227,-,-0.0025448116692568037,0.1372354906200594
39,1388.0431653121288,,,mixed C-H bending / C-C out-of-plane bending,nu(C5-O6),bond,0.00030436598769721185,+,0.001718622736492522,0.29991443217879
39,1388.0431653121288,,,mixed C-H bending / C-C out-of-plane bending,nu(C4-H16),bond,0.0002997263463313689,+,0.0016236012760866714,0.33092418150229375
39,1388.0431653121288,,,mixed C-H bending / C-C out-of-plane bending,tau(O6-C7-N8-H20),dihedral,0.00027630122600142884,+,0.00569845429610681,0.024764583303918165
39,1388.0431653121288,,,mixed C-H bending / C-C out-of-plane bending,nu(C1-H10),bond,0.00023627887121569066,+,0.0014232753230361602,0.3394762530008387
39,1388.0431653121288,,,mixed C-H bending / C-C out-of-plane bending,nu(C2-H13),bond,0.00020111790615204498,+,0.0013337989189612241,0.3290276293599761
39,1388.0431653121288,,,mixed C-H bending / C-C out-of-plane bending,nu(C5-H18),bond,0.00017580535777548558,-,-0.001225937416081374,0.34045354277733064
39,1388.0431653121288,,,mixed C-H bending / C-C out-of-plane bending,tau(C4-C5-O6-C7),dihedral,0.00017080378094344904,-,-0.00928455348287427,0.005766838473303552
39,1388.0431653121288,,,mixed C-H bending / C-C out-of-plane bending,tau(O6-C7-N8-H19),dihedral,0.00011796701505290715,+,0.0016851907816346923,0.12089958013102238
39,1388.0431653121288,,,mixed C-H bending / C-C out-of-plane bending,nu(C4-H15),bond,1.1733105400205192e-05,+,0.0003239190940670824,0.3254634512378247
39,1388.0431653121288,,,mixed C-H bending / C-C out-of-plane bending,tau(C5-O6-C7-N8),dihedral,4.696657612360836e-06,+,0.0007051589753783397,0.027490154249470444
39,1388.0431653121288,,,mixed C-H bending / C-C out-of-plane bending,nu(N8-H20),bond,1.94280939818302e-06,+,0.00010809075904856363,0.48396662608765273
40,1412.7668965292573,,,mixed C-H out-of-plane bending / C-H bending,"gamma(H10;C1,H11,H12)",oop,68.91315623949458,+,0.7115046260009502,0.6696289587334144
40,1412.7668965292573,,,mixed C-H out-of-plane bending / C-H bending,delta(C2-C1-H10),angle,11.397159640791939,+,0.2710759887262625,0.7629605318840937
40,1412.7668965292573,,,mixed C-H out-of-plane bending / C-H bending,delta(H11-C1-H12),angle,9.144216065792508,-,-0.23339606143309855,0.8257469440591959
40,1412.7668965292573,,,mixed C-H out-of-plane bending / C-H bending,delta(C2-C1-H12),angle,5.453460557661559,+,0.2708835831671322,0.36559003310172816
40,1412.7668965292573,,,mixed C-H out-of-plane bending / C-H bending,delta(O3-C2-H13),angle,1.5504114437839391,+,0.1654196445501181,0.2787149988564878
40,1412.7668965292573,,,mixed C-H out-of-plane bending / C-H bending,nu(C1-C2),bond,0.863377925763977,-,-0.12472479929690039,0.273012703189435
40,1412.7668965292573,,,mixed C-H out-of-plane bending / C-H bending,delta(H15-C4-H16),angle,0.5171261120372049,+,0.04863850977553789,1.075284756701329
40,1412.7668965292573,,,mixed C-H out-of-plane bending / C-H bending,delta(C2-O3-H14),angle,0.41921898231894805,+,0.10819743857787842,0.1761548163912733
40,1412.7668965292573,,,mixed C-H out-of-plane bending / C-H bending,delta(C2-C4-H15),angle,0.2998810321592831,-,-0.03801758917492793,1.0206277969587885
40,1412.7668965292573,,,mixed C-H out-of-plane bending / C-H bending,"gamma(C1;C2,O3,H13)",oop,0.27966688331377115,-,-0.05760099927498142,0.41463747292882314
40,1412.7668965292573,,,mixed C-H out-of-plane bending / C-H bending,"gamma(H18;C5,O6,H17)",oop,0.19716890855636185,+,0.05609501151344797,0.3082318346285468
40,1412.7668965292573,,,mixed C-H out-of-plane bending / C-H bending,tau(H11-C1-C2-O3),dihedral,0.16579917827729226,-,-0.03176609630484325,0.8082434974166677
40,1412.7668965292573,,,mixed C-H out-of-plane bending / C-H bending,tau(H12-C1-C2-C4),dihedral,0.14771791809635773,+,0.02747661723353344,0.9624854932709154
40,1412.7668965292573,,,mixed C-H out-of-plane bending / C-H bending,nu(C2-C4),bond,0.11441054678906178,+,0.04599630955573035,0.26601591914570893
40,1412.7668965292573,,,mixed C-H out-of-plane bending / C-H bending,delta(C4-C5-H18),angle,0.11034208289828466,+,0.03732400088107025,0.38962995436760806
40,1412.7668965292573,,,mixed C-H out-of-plane bending / C-H bending,"gamma(C2;C4,H15,H16)",oop,0.09243664788973031,-,-0.02501472403692614,0.7266751309793713
40,1412.7668965292573,,,mixed C-H out-of-plane bending / C-H bending,nu(C4-C5),bond,0.03692070137054441,-,-0.025096143719269298,0.28836563189512043
40,1412.7668965292573,,,mixed C-H out-of-plane bending / C-H bending,delta(O6-C5-H17),angle,0.035078717933646156,-,-0.025599386655500184,0.2633128987200418
40,1412.7668965292573,,,mixed C-H out-of-plane bending / C-H bending,nu(C7-N8),bond,0.033646315696621944,-,-0.019168555456098312,0.45044968349124215
40,1412.7668965292573,,,mixed C-H out-of-plane bending / C-H bending,delta(C5-C4-H15),angle,0.030590844515105037,+,0.009270860538959737,1.7508095722988488
40,1412.7668965292573,,,mixed C-H out-of-plane bending / C-H bending,tau(H10-C1-C2-C4),dihedral,0.024028391543462268,+,0.02592938128559367,0.17580366884501275
40,1412.7668965292573,,,mixed C-H out-of-plane bending / C-H bending,nu(O6-C7),bond,0.023669175410757227,+,0.017512487132531226,0.3796426635236279
40,1412.7668965292573,,,mixed C-H out-of-plane bending / C-H bending,delta(N8-C7-O9),angle,0.02180370072016179,+,0.013673463177149986,0.5736681033914728
40,1412.7668965292573,,,mixed C-H out-of-plane bending / C-H bending,delta(C7-N8-H20),angle,0.020356236595380352,-,-0.019869471548858115,0.25363687773146887
40,1412.7668965292573,,,mixed C-H out-of-plane bending / C-H bending,delta(C1-C2-C4),angle,0.019359621045873774,-,-0.01519834139868853,0.4122797483308755
40,1412.7668965292573,,,mixed C-H out-of-plane bending / C-H bending,nu(C2-O3),bond,0.01749845131129454,-,-0.01659041371003664,0.3127322887485309
40,1412.7668965292573,,,mixed C-H out-of-plane bending / C-H bending,nu(C1-H10),bond,0.013703288280304173,+,0.014091313207180808,0.3394762530008387
40,1412.7668965292573,,,mixed C-H out-of-plane bending / C-H bending,delta(H19-N8-H20),angle,0.010982575746444954,+,0.014921504949508512,0.24264228911972324
40,1412.7668965292573,,,mixed C-H out-of-plane bending / C-H bending,nu(C1-H11),bond,0.00900764531932012,+,0.011485986814228789,0.33586302282669245
40,1412.7668965292573,,,mixed C-H out-of-plane bending / C-H bending,delta(C5-O6-C7),angle,0.0068642132326811765,+,0.010816426820923703,0.28860953510819726
40,1412.7668965292573,,,mixed C-H out-of-plane bending / C-H bending,nu(C1-H12),bond,0.0066640753644713535,+,0.009973740235733747,0.3295424270765694
40,1412.7668965292573,,,mixed C-H out-of-plane bending / C-H bending,tau(O3-C2-C4-H16),dihedral,0.0055118859545075175,+,0.005790658813921021,0.8085964138894428
40,1412.7668965292573,,,mixed C-H out-of-plane bending / C-H bending,tau(H13-C2-O3-H14),dihedral,0.00525749037590343,+,0.051089345125747664,0.009908441658344393
40,1412.7668965292573,,,mixed C-H out-of-plane bending / C-H bending,delta(C2-C4-C5),angle,0.0044299609563135086,-,-0.00523675156563332,0.7946273302237717
40,1412.7668965292573,,,mixed C-H out-of-plane bending / C-H bending,tau(H16-C4-C5-H18),dihedral,0.003689261947508607,-,-0.008855372119314253,0.23142666807728227
40,1412.7668965292573,,,mixed C-H out-of-plane bending / C-H bending,nu(O3-H14),bond,0.0015549956220173113,-,-0.0038556351833347645,0.5145467545258035
40,1412.7668965292573,,,mixed C-H out-of-plane bending / C-H bending,tau(C1-C2-C4-C5),dihedral,0.001465548580914367,+,0.0030471725840174047,0.7764145342752474
40,1412.7668965292573,,,mixed C-H out-of-plane bending / C-H bending,nu(C4-H15),bond,0.0011960064149072012,-,-0.00425166866893603,0.3254634512378247
40,1412.7668965292573,,,mixed C-H out-of-plane bending / C-H bending,tau(C2-C4-C5-O6),dihedral,0.00031652283098582845,-,-0.002552990900577767,0.23888784324546183
40,1412.7668965292573,,,mixed C-H out-of-plane bending / C-H bending,nu(C4-H16),bond,0.0002974650127665766,-,-0.0021027975646642195,0.33092418150229375
40,1412.7668965292573,,,mixed C-H out-of-plane bending / C-H bending,delta(O6-C7-N8),angle,0.00014961906866344337,+,0.001072664213090781,0.6396566299177271
40,1412.7668965292573,,,mixed C-H out-of-plane bending / C-H bending,nu(C5-H17),bond,0.00012592557264976188,+,0.0013621198974460306,0.3338649301903668
40,1412.7668965292573,,,mixed C-H out-of-plane bending / C-H bending,nu(C5-O6),bond,0.00012483339909349293,+,0.0014309039630737016,0.29991443217879
40,1412.7668965292573,,,mixed C-H out-of-plane bending / C-H bending,nu(C2-H13),bond,5.5602931449578194e-05,+,0.0009117513837027363,0.3290276293599761
40,1412.7668965292573,,,mixed C-H out-of-plane bending / C-H bending,tau(O9-C7-N8-H19),dihedral,3.506264658187124e-05,+,0.0011210704322933728,0.1372354906200594
40,1412.7668965292573,,,mixed C-H out-of-plane bending / C-H bending,nu(N8-H19),bond,3.1083389282089684e-05,-,-0.0005642683232623756,0.48022478197858476
40,1412.7668965292573,,,mixed C-H out-of-plane bending / C-H bending,tau(O6-C7-N8-H20),dihedral,1.930347868859731e-05,-,-0.001958150413903402,0.024764583303918165
40,1412.7668965292573,,,mixed C-H out-of-plane bending / C-H bending,tau(C4-C5-O6-C7),dihedral,6.17313638363198e-06,-,-0.0022947100269654574,0.005766838473303552
40,1412.7668965292573,,,mixed C-H out-of-plane bending / C-H bending,delta(C4-C5-O6),angle,4.4702338243447414e-06,+,0.00020780646959759423,0.5092132008186406
40,1412.7668965292573,,,mixed C-H out-of-plane bending / C-H bending,tau(C5-O6-C7-N8),dihedral,2.225953726579699e-06,+,0.00063112189715276,0.027490154249470444
40,1412.7668965292573,,,mixed C-H out-of-plane bending / C-H bending,nu(C7-O9),bond,2.1319043890575843e-06,-,-0.00011345874815803548,0.8146654356474178
40,1412.7668965292573,,,mixed C-H out-of-plane bending / C-H bending,nu(N8-H20),bond,1.5833915576909208e-07,-,-4.0117164232957734e-05,0.48396662608765273
40,1412.7668965292573,,,mixed C-H out-of-plane bending / C-H bending,nu(C5-H18),bond,1.3615994801361607e-07,+,4.43546881849762e-05,0.34045354277733064
40,1412.7668965292573,,,mixed C-H out-of-plane bending / C-H bending,tau(O6-C7-N8-H19),dihedral,1.6379470416276435e-08,+,2.5815545274128207e-05,0.12089958013102238
41,1421.3850521004765,,,mixed C-H bending / C-H out-of-plane bending,delta(O3-C2-H13),angle,26.486303422099354,+,0.41917897869152354,0.2787149988564878
41,1421.3850521004765,,,mixed C-H bending / C-H out-of-plane bending,"gamma(H10;C1,H11,H12)",oop,21.462056942187132,-,-0.2434375387490873,0.6696289587334144
41,1421.3850521004765,,,mixed C-H bending / C-H out-of-plane bending,delta(H11-C1-H12),angle,20.0257337242414,+,0.21175794882465615,0.8257469440591959
41,1421.3850521004765,,,mixed C-H bending / C-H out-of-plane bending,delta(C2-C1-H10),angle,6.420006650507981,-,-0.12473424231361636,0.7629605318840937
41,1421.3850521004765,,,mixed C-H bending / C-H out-of-plane bending,delta(C2-O3-H14),angle,5.6145122366758295,+,0.24276034489730605,0.1761548163912733
41,1421.3850521004765,,,mixed C-H bending / C-H out-of-plane bending,delta(H15-C4-H16),angle,4.311704783003496,+,0.08610567085190632,1.075284756701329
41,1421.3850521004765,,,mixed C-H bending / C-H out-of-plane bending,delta(C2-C1-H12),angle,3.41953811322654,-,-0.1315090199284753,0.36559003310172816
41,1421.3850521004765,,,mixed C-H bending / C-H out-of-plane bending,tau(H12-C1-C2-C4),dihedral,3.133145966530066,+,0.07758222101620048,0.9624854932709154
41,1421.3850521004765,,,mixed C-H bending / C-H out-of-plane bending,nu(C1-C2),bond,2.003379489015752,+,0.11648209538292302,0.273012703189435
41,1421.3850521004765,,,mixed C-H bending / C-H out-of-plane bending,"gamma(H18;C5,O6,H17)",oop,1.4503309823364174,+,0.09327468846446345,0.3082318346285468
41,1421.3850521004765,,,mixed C-H bending / C-H out-of-plane bending,delta(C2-C4-H15),angle,0.9890204662084711,-,-0.04232899270419435,1.0206277969587885
41,1421.3850521004765,,,mixed C-H bending / C-H out-of-plane bending,delta(C4-C5-H18),angle,0.9284853076445464,+,0.0663789440842373,0.38962995436760806
41,1421.3850521004765,,,mixed C-H bending / C-H out-of-plane bending,delta(C2-C4-C5),angle,0.7004685240929082,-,-0.040372119858108464,0.7946273302237717
41,1421.3850521004765,,,mixed C-H bending / C-H out-of-plane bending,delta(C1-C2-C4),angle,0.6740342199956784,-,-0.05498116808458278,0.4122797483308755
41,1421.3850521004765,,,mixed C-H bending / C-H out-of-plane bending,nu(C2-O3),bond,0.645471062583233,-,-0.06177617540136787,0.3127322887485309
41,1421.3850521004765,,,mixed C-H bending / C-H out-of-plane bending,nu(C2-C4),bond,0.4283554700819336,+,0.054565399057131946,0.26601591914570893
41,1421.3850521004765,,,mixed C-H bending / C-H out-of-plane bending,nu(C7-N8),bond,0.23814181103828658,-,-0.031265377266436516,0.45044968349124215
41,1421.3850521004765,,,mixed C-H bending / C-H out-of-plane bending,delta(O6-C5-H17),angle,0.21265777508584285,-,-0.03864324214929979,0.2633128987200418
41,1421.3850521004765,,,mixed C-H bending / C-H out-of-plane bending,nu(O6-C7),bond,0.1794770012270963,+,0.029565544858861894,0.3796426635236279
41,1421.3850521004765,,,mixed C-H bending / C-H out-of-plane bending,delta(N8-C7-O9),angle,0.14546695278646662,+,0.02165313629659477,0.5736681033914728
41,1421.3850521004765,,,mixed C-H bending / C-H out-of-plane bending,delta(C7-N8-H20),angle,0.13897877813277829,-,-0.0318300291173379,0.25363687773146887
41,1421.3850521004765,,,mixed C-H bending / C-H out-of-plane bending,delta(H19-N8-H20),angle,0.07878647474049386,+,0.024502566558496645,0.24264228911972324
41,1421.3850521004765,,,mixed C-H bending / C-H out-of-plane bending,nu(C4-C5),bond,0.061060698196736624,-,-0.019786916635376257,0.28836563189512043
41,1421.3850521004765,,,mixed C-H bending / C-H out-of-plane bending,"gamma(C2;C4,H15,H16)",oop,0.04141094594356043,+,0.010264940049567682,0.7266751309793713
41,1421.3850521004765,,,mixed C-H bending / C-H out-of-plane bending,tau(O3-C2-C4-H16),dihedral,0.039807866729587686,-,-0.009540860313101944,0.8085964138894428
41,1421.3850521004765,,,mixed C-H bending / C-H out-of-plane bending,tau(H10-C1-C2-C4),dihedral,0.03296654866993768,-,-0.01862051827076454,0.17580366884501275
41,1421.3850521004765,,,mixed C-H bending / C-H out-of-plane bending,delta(C5-O6-C7),angle,0.03274277151442185,+,0.014483428231499547,0.28860953510819726
41,1421.3850521004765,,,mixed C-H bending / C-H out-of-plane bending,nu(O3-H14),bond,0.018663222442017628,-,-0.008189358532321023,0.5145467545258035
41,1421.3850521004765,,,mixed C-H bending / C-H out-of-plane bending,tau(H16-C4-C5-H18),dihedral,0.015702360447153424,-,-0.01120068955766234,0.23142666807728227
41,1421.3850521004765,,,mixed C-H bending / C-H out-of-plane bending,tau(C2-C4-C5-O6),dihedral,0.010541991338472232,-,-0.009033026686660891,0.23888784324546183
41,1421.3850521004765,,,mixed C-H bending / C-H out-of-plane bending,nu(C1-H12),bond,0.009652558528618958,-,-0.007359266739356065,0.3295424270765694
41,1421.3850521004765,,,mixed C-H bending / C-H out-of-plane bending,delta(C4-C5-O6),angle,0.0082496217866858,-,-0.0054731352801261025,0.5092132008186406
41,1421.3850521004765,,,mixed C-H bending / C-H out-of-plane bending,nu(C2-H13),bond,0.007164839471795337,+,0.006345356668906724,0.3290276293599761
41,1421.3850521004765,,,mixed C-H bending / C-H out-of-plane bending,tau(H11-C1-C2-O3),dihedral,0.00703912489246055,-,-0.0040128896408021504,0.8082434974166677
41,1421.3850521004765,,,mixed C-H bending / C-H out-of-plane bending,nu(C1-H11),bond,0.006660143482500465,-,-0.006055216659124751,0.33586302282669245
41,1421.3850521004765,,,mixed C-H bending / C-H out-of-plane bending,delta(C5-C4-H15),angle,0.004497998156289899,+,0.002179511530069426,1.7508095722988488
41,1421.3850521004765,,,mixed C-H bending / C-H out-of-plane bending,nu(C5-O6),bond,0.003813346219374298,+,0.004848678927354655,0.29991443217879
41,1421.3850521004765,,,mixed C-H bending / C-H out-of-plane bending,"gamma(C1;C2,O3,H13)",oop,0.002824161679485292,-,-0.0035487834080174872,0.41463747292882314
41,1421.3850521004765,,,mixed C-H bending / C-H out-of-plane bending,nu(C4-H15),bond,0.0027618912460058032,-,-0.003961148869785378,0.3254634512378247
41,1421.3850521004765,,,mixed C-H bending / C-H out-of-plane bending,nu(C7-O9),bond,0.0019566648427617327,+,0.002107354340499231,0.8146654356474178
41,1421.3850521004765,,,mixed C-H bending / C-H out-of-plane bending,tau(H13-C2-O3-H14),dihedral,0.0018513513404221792,-,-0.018587061446717797,0.009908441658344393
41,1421.3850521004765,,,mixed C-H bending / C-H out-of-plane bending,delta(O6-C7-N8),angle,0.0012525189755402944,+,0.001902776130570904,0.6396566299177271
41,1421.3850521004765,,,mixed C-H bending / C-H out-of-plane bending,nu(C5-H17),bond,0.0008374180712426181,+,0.0021535489796010443,0.3338649301903668
41,1421.3850521004765,,,mixed C-H bending / C-H out-of-plane bending,tau(C1-C2-C4-C5),dihedral,0.0005883486042261523,-,-0.0011836942172212116,0.7764145342752474
41,1421.3850521004765,,,mixed C-H bending / C-H out-of-plane bending,nu(C4-H16),bond,0.0005662722502382155,-,-0.0017787600987637202,0.33092418150229375
41,1421.3850521004765,,,mixed C-H bending / C-H out-of-plane bending,nu(C1-H10),bond,0.00044357914222596363,+,0.001554353691388578,0.3394762530008387
41,1421.3850521004765,,,mixed C-H bending / C-H out-of-plane bending,tau(O9-C7-N8-H19),dihedral,0.0002843775196626898,+,0.0019574172076479977,0.1372354906200594
41,1421.3850521004765,,,mixed C-H bending / C-H out-of-plane bending,nu(N8-H19),bond,0.00021393816161416262,-,-0.0009075923702122606,0.48022478197858476
41,1421.3850521004765,,,mixed C-H bending / C-H out-of-plane bending,nu(C5-H18),bond,0.00018099218781491208,+,0.0009914480809664272,0.34045354277733064
41,1421.3850521004765,,,mixed C-H bending / C-H out-of-plane bending,tau(O6-C7-N8-H20),dihedral,0.00013419162288434477,-,-0.003165309496405523,0.024764583303918165
41,1421.3850521004765,,,mixed C-H bending / C-H out-of-plane bending,tau(C4-C5-O6-C7),dihedral,6.772914996342559e-05,-,-0.004660021382349589,0.005766838473303552
41,1421.3850521004765,,,mixed C-H bending / C-H out-of-plane bending,tau(C5-O6-C7-N8),dihedral,5.45440348755035e-06,+,0.0006056950618752578,0.027490154249470444
41,1421.3850521004765,,,mixed C-H bending / C-H out-of-plane bending,nu(N8-H20),bond,8.723894624802789e-07,-,-5.773198485634553e-05,0.48396662608765273
41,1421.3850521004765,,,mixed C-H bending / C-H out-of-plane bending,tau(O6-C7-N8-H19),dihedral,4.715166944821322e-08,+,2.6853761731615933e-05,0.12089958013102238
42,1437.5312005951525,,,mixed C-H bending / C-C out-of-plane bending / C-H out-of-plane bending,"gamma(C2;C4,H15,H16)",oop,23.558905563822112,+,0.295415979839691,0.7266751309793713
42,1437.5312005951525,,,mixed C-H bending / C-C out-of-plane bending / C-H out-of-plane bending,"gamma(H18;C5,O6,H17)",oop,22.37828558342021,-,-0.4420803762495157,0.3082318346285468
42,1437.5312005951525,,,mixed C-H bending / C-C out-of-plane bending / C-H out-of-plane bending,delta(C5-C4-H15),angle,14.117841461941314,-,-0.147330027873249,1.7508095722988488
42,1437.5312005951525,,,mixed C-H bending / C-C out-of-plane bending / C-H out-of-plane bending,delta(C4-C5-H18),angle,11.115284476641056,-,-0.2771154241814754,0.38962995436760806
42,1437.5312005951525,,,mixed C-H bending / C-C out-of-plane bending / C-H out-of-plane bending,delta(C2-C4-H15),angle,10.032191621562335,+,0.16266375376425074,1.0206277969587885
42,1437.5312005951525,,,mixed C-H bending / C-C out-of-plane bending / C-H out-of-plane bending,delta(O6-C5-H17),angle,4.703910760478948,+,0.2192906156619086,0.2633128987200418
42,1437.5312005951525,,,mixed C-H bending / C-C out-of-plane bending / C-H out-of-plane bending,nu(C4-C5),bond,3.343166475999992,+,0.17665821140762464,0.28836563189512043
42,1437.5312005951525,,,mixed C-H bending / C-C out-of-plane bending / C-H out-of-plane bending,nu(C7-N8),bond,1.4637119920652018,+,0.09352576071821614,0.45044968349124215
42,1437.5312005951525,,,mixed C-H bending / C-C out-of-plane bending / C-H out-of-plane bending,delta(O3-C2-H13),angle,1.146471854053417,+,0.10522722201200879,0.2787149988564878
42,1437.5312005951525,,,mixed C-H bending / C-C out-of-plane bending / C-H out-of-plane bending,nu(O6-C7),bond,0.9175398442744028,-,-0.08065875929947337,0.3796426635236279
42,1437.5312005951525,,,mixed C-H bending / C-C out-of-plane bending / C-H out-of-plane bending,delta(N8-C7-O9),angle,0.8718276863660971,-,-0.06396045633010453,0.5736681033914728
42,1437.5312005951525,,,mixed C-H bending / C-C out-of-plane bending / C-H out-of-plane bending,delta(C7-N8-H20),angle,0.8631922828439605,+,0.09571371039037854,0.25363687773146887
42,1437.5312005951525,,,mixed C-H bending / C-C out-of-plane bending / C-H out-of-plane bending,nu(C2-C4),bond,0.8356024942512202,-,-0.09195442378719762,0.26601591914570893
42,1437.5312005951525,,,mixed C-H bending / C-C out-of-plane bending / C-H out-of-plane bending,"gamma(H10;C1,H11,H12)",oop,0.6870702467529216,+,0.05255451523399225,0.6696289587334144
42,1437.5312005951525,,,mixed C-H bending / C-C out-of-plane bending / C-H out-of-plane bending,delta(H15-C4-H16),angle,0.6662747578111922,-,-0.0408405434371876,1.075284756701329
42,1437.5312005951525,,,mixed C-H bending / C-C out-of-plane bending / C-H out-of-plane bending,delta(H19-N8-H20),angle,0.6433437436638803,-,-0.08448213304543394,0.24264228911972324
42,1437.5312005951525,,,mixed C-H bending / C-C out-of-plane bending / C-H out-of-plane bending,tau(O3-C2-C4-H16),dihedral,0.5000688620482282,+,0.04080144818276356,0.8085964138894428
42,1437.5312005951525,,,mixed C-H bending / C-C out-of-plane bending / C-H out-of-plane bending,"gamma(C1;C2,O3,H13)",oop,0.47041091806642255,+,0.05526255993354523,0.41463747292882314
42,1437.5312005951525,,,mixed C-H bending / C-C out-of-plane bending / C-H out-of-plane bending,delta(C5-O6-C7),angle,0.46393178727176015,-,-0.0657806717764424,0.28860953510819726
42,1437.5312005951525,,,mixed C-H bending / C-C out-of-plane bending / C-H out-of-plane bending,delta(C2-O3-H14),angle,0.4007522973718604,+,0.07825594247015945,0.1761548163912733
42,1437.5312005951525,,,mixed C-H bending / C-C out-of-plane bending / C-H out-of-plane bending,nu(C5-O6),bond,0.1686320754797643,-,-0.03890433417716009,0.29991443217879
42,1437.5312005951525,,,mixed C-H bending / C-C out-of-plane bending / C-H out-of-plane bending,nu(C1-C2),bond,0.1619490454831725,+,0.03995989567096243,0.273012703189435
42,1437.5312005951525,,,mixed C-H bending / C-C out-of-plane bending / C-H out-of-plane bending,delta(C1-C2-C4),angle,0.15093043536750525,-,-0.03139200017801775,0.4122797483308755
42,1437.5312005951525,,,mixed C-H bending / C-C out-of-plane bending / C-H out-of-plane bending,delta(C2-C1-H10),angle,0.09110139998839004,+,0.017928256878335422,0.7629605318840937
42,1437.5312005951525,,,mixed C-H bending / C-C out-of-plane bending / C-H out-of-plane bending,delta(H11-C1-H12),angle,0.07212642572102974,-,-0.015333817667363962,0.8257469440591959
42,1437.5312005951525,,,mixed C-H bending / C-C out-of-plane bending / C-H out-of-plane bending,nu(C2-O3),bond,0.05862059898650014,-,-0.02246287503931725,0.3127322887485309
42,1437.5312005951525,,,mixed C-H bending / C-C out-of-plane bending / C-H out-of-plane bending,delta(C2-C1-H12),angle,0.03025194476812321,+,0.014924715206607247,0.36559003310172816
42,1437.5312005951525,,,mixed C-H bending / C-C out-of-plane bending / C-H out-of-plane bending,delta(O6-C7-N8),angle,0.028963661600346576,-,-0.011040274114401775,0.6396566299177271
42,1437.5312005951525,,,mixed C-H bending / C-C out-of-plane bending / C-H out-of-plane bending,nu(C7-O9),bond,0.01607228574335108,-,-0.007287452786316418,0.8146654356474178
42,1437.5312005951525,,,mixed C-H bending / C-C out-of-plane bending / C-H out-of-plane bending,tau(H13-C2-O3-H14),dihedral,0.011582910219386938,-,-0.056096109693563115,0.009908441658344393
42,1437.5312005951525,,,mixed C-H bending / C-C out-of-plane bending / C-H out-of-plane bending,delta(C2-C4-C5),angle,0.009259911391961046,+,0.0056007765123209236,0.7946273302237717
42,1437.5312005951525,,,mixed C-H bending / C-C out-of-plane bending / C-H out-of-plane bending,tau(H16-C4-C5-H18),dihedral,0.004187151204738284,+,0.006978775016549751,0.23142666807728227
42,1437.5312005951525,,,mixed C-H bending / C-C out-of-plane bending / C-H out-of-plane bending,tau(H12-C1-C2-C4),dihedral,0.003237309239036418,+,0.0030089957477999582,0.9624854932709154
42,1437.5312005951525,,,mixed C-H bending / C-C out-of-plane bending / C-H out-of-plane bending,tau(O9-C7-N8-H19),dihedral,0.0029384449557865663,-,-0.007591928986595343,0.1372354906200594
42,1437.5312005951525,,,mixed C-H bending / C-C out-of-plane bending / C-H out-of-plane bending,nu(N8-H19),bond,0.0015764996492012248,+,0.0029727010196658726,0.48022478197858476
42,1437.5312005951525,,,mixed C-H bending / C-C out-of-plane bending / C-H out-of-plane bending,nu(C2-H13),bond,0.0014456434018391394,+,0.0034390697322902236,0.3290276293599761
42,1437.5312005951525,,,mixed C-H bending / C-C out-of-plane bending / C-H out-of-plane bending,tau(O6-C7-N8-H20),dihedral,0.0012129949556937594,+,0.011482608608885347,0.024764583303918165
42,1437.5312005951525,,,mixed C-H bending / C-C out-of-plane bending / C-H out-of-plane bending,nu(O3-H14),bond,0.0011268468828378106,-,-0.0024279884088449803,0.5145467545258035
42,1437.5312005951525,,,mixed C-H bending / C-C out-of-plane bending / C-H out-of-plane bending,nu(C5-H17),bond,0.0009206073136010456,-,-0.002724447140071733,0.3338649301903668
42,1437.5312005951525,,,mixed C-H bending / C-C out-of-plane bending / C-H out-of-plane bending,nu(C4-H15),bond,0.0008033680415489621,+,0.0025777021858449226,0.3254634512378247
42,1437.5312005951525,,,mixed C-H bending / C-C out-of-plane bending / C-H out-of-plane bending,nu(C1-H10),bond,0.0006885375425532063,+,0.002336607086534494,0.3394762530008387
42,1437.5312005951525,,,mixed C-H bending / C-C out-of-plane bending / C-H out-of-plane bending,tau(C2-C4-C5-O6),dihedral,0.0006397281898232373,-,-0.002684894939728294,0.23888784324546183
42,1437.5312005951525,,,mixed C-H bending / C-C out-of-plane bending / C-H out-of-plane bending,nu(C4-H16),bond,0.0005912042334753664,+,0.002192961932535932,0.33092418150229375
42,1437.5312005951525,,,mixed C-H bending / C-C out-of-plane bending / C-H out-of-plane bending,delta(C4-C5-O6),angle,0.0005675831544629208,+,0.0017321739328697869,0.5092132008186406
42,1437.5312005951525,,,mixed C-H bending / C-C out-of-plane bending / C-H out-of-plane bending,tau(H11-C1-C2-O3),dihedral,0.0001885677441403906,+,0.0007924815682349741,0.8082434974166677
42,1437.5312005951525,,,mixed C-H bending / C-C out-of-plane bending / C-H out-of-plane bending,tau(O6-C7-N8-H19),dihedral,0.00017797297883097486,-,-0.0019906330732616076,0.12089958013102238
42,1437.5312005951525,,,mixed C-H bending / C-C out-of-plane bending / C-H out-of-plane bending,nu(C1-H11),bond,0.0001400437480715273,+,0.0010594423843738765,0.33586302282669245
42,1437.5312005951525,,,mixed C-H bending / C-C out-of-plane bending / C-H out-of-plane bending,nu(C5-H18),bond,0.00010383125957913891,-,-0.0009060699125478065,0.34045354277733064
42,1437.5312005951525,,,mixed C-H bending / C-C out-of-plane bending / C-H out-of-plane bending,nu(C1-H12),bond,5.996089669536456e-05,-,-0.0006998500023544616,0.3295424270765694
42,1437.5312005951525,,,mixed C-H bending / C-C out-of-plane bending / C-H out-of-plane bending,tau(C5-O6-C7-N8),dihedral,5.4087415214564675e-05,-,-0.0023013681707414395,0.027490154249470444
42,1437.5312005951525,,,mixed C-H bending / C-C out-of-plane bending / C-H out-of-plane bending,tau(H10-C1-C2-C4),dihedral,4.4807003785575355e-05,-,-0.0008282959956458147,0.17580366884501275
42,1437.5312005951525,,,mixed C-H bending / C-C out-of-plane bending / C-H out-of-plane bending,tau(C1-C2-C4-C5),dihedral,1.1521565590018395e-05,-,-0.00019986442424629191,0.7764145342752474
42,1437.5312005951525,,,mixed C-H bending / C-C out-of-plane bending / C-H out-of-plane bending,nu(N8-H20),bond,6.579289042389657e-06,+,0.00019129708532336344,0.48396662608765273
42,1437.5312005951525,,,mixed C-H bending / C-C out-of-plane bending / C-H out-of-plane bending,tau(C4-C5-O6-C7),dihedral,1.303878361304879e-06,+,0.0007801466039417216,0.005766838473303552
43,1487.058827685633,,,C-H bending,delta(H15-C4-H16),angle,53.02396548965101,+,0.5770438944847947,1.075284756701329
43,1487.058827685633,,,C-H bending,delta(H11-C1-H12),angle,14.635537831302763,-,-0.3459516040549976,0.8257469440591959
43,1487.058827685633,,,C-H bending,tau(O3-C2-C4-H16),dihedral,9.257199420127845,+,0.27804071530244556,0.8085964138894428
43,1487.058827685633,,,C-H bending,tau(H12-C1-C2-C4),dihedral,4.5791362609362105,-,-0.17923762478079266,0.9624854932709154
43,1487.058827685633,,,C-H bending,tau(H11-C1-C2-O3),dihedral,4.512836686624413,+,0.19417270995990432,0.8082434974166677
43,1487.058827685633,,,C-H bending,delta(C5-C4-H15),angle,4.239739873330156,-,-0.12787470429136868,1.7508095722988488
43,1487.058827685633,,,C-H bending,"gamma(H10;C1,H11,H12)",oop,3.3566948049846754,-,-0.18398114088418285,0.6696289587334144
43,1487.058827685633,,,C-H bending,delta(C2-C4-H15),angle,2.314404468346872,-,-0.12374293889178972,1.0206277969587885
43,1487.058827685633,,,C-H bending,tau(H16-C4-C5-H18),dihedral,1.4985902754624925,-,-0.2091073250817656,0.23142666807728227
43,1487.058827685633,,,C-H bending,delta(C2-C1-H10),angle,1.192895442040387,-,-0.10275066616975896,0.7629605318840937
43,1487.058827685633,,,C-H bending,"gamma(H18;C5,O6,H17)",oop,0.42818034891856627,-,-0.09685211590432469,0.3082318346285468
43,1487.058827685633,,,C-H bending,delta(C2-C1-H12),angle,0.17556100839515237,+,0.05694444343152551,0.36559003310172816
43,1487.058827685633,,,C-H bending,delta(C2-C4-C5),angle,0.1728546025916285,-,-0.038325975517298674,0.7946273302237717
43,1487.058827685633,,,C-H bending,nu(C4-C5),bond,0.15414762886992636,+,0.06008017206215407,0.28836563189512043
43,1487.058827685633,,,C-H bending,nu(C2-C4),bond,0.11309260419786395,+,0.05357939208978986,0.26601591914570893
43,1487.058827685633,,,C-H bending,"gamma(C2;C4,H15,H16)",oop,0.11015091630738824,+,0.031993253058589764,0.7266751309793713
43,1487.058827685633,,,C-H bending,delta(C4-C5-H18),angle,0.06973533527464298,-,-0.03476440259196089,0.38962995436760806
43,1487.058827685633,,,C-H bending,delta(C4-C5-O6),angle,0.05436676156725664,-,-0.026850439460088818,0.5092132008186406
43,1487.058827685633,,,C-H bending,"gamma(C1;C2,O3,H13)",oop,0.03694457593974859,-,-0.024528758160735974,0.41463747292882314
43,1487.058827685633,,,C-H bending,delta(C1-C2-C4),angle,0.014291609479179979,-,-0.015299564257370443,0.4122797483308755
43,1487.058827685633,,,C-H bending,nu(C4-H15),bond,0.010872294194027306,-,-0.015019102384961298,0.3254634512378247
43,1487.058827685633,,,C-H bending,delta(O6-C5-H17),angle,0.009545830333931358,-,-0.015646070445788054,0.2633128987200418
43,1487.058827685633,,,C-H bending,nu(C4-H16),bond,0.00888637691671959,-,-0.013465813837865114,0.33092418150229375
43,1487.058827685633,,,C-H bending,nu(C1-C2),bond,0.008313540428906429,-,-0.01433956813447352,0.273012703189435
43,1487.058827685633,,,C-H bending,nu(C1-H10),bond,0.004115568117149237,-,-0.009047835373165145,0.3394762530008387
43,1487.058827685633,,,C-H bending,nu(C5-O6),bond,0.0029432381663196034,-,-0.008140451884166566,0.29991443217879
43,1487.058827685633,,,C-H bending,tau(H10-C1-C2-C4),dihedral,0.0028723167912046666,-,-0.010503564200889826,0.17580366884501275
43,1487.058827685633,,,C-H bending,nu(C1-H12),bond,0.0017949243721348841,+,0.006064596377511963,0.3295424270765694
43,1487.058827685633,,,C-H bending,tau(H13-C2-O3-H14),dihedral,0.0017404033896123673,+,0.03443949501565819,0.009908441658344393
43,1487.058827685633,,,C-H bending,delta(C5-O6-C7),angle,0.0013119320552965018,-,-0.005540319711853724,0.28860953510819726
43,1487.058827685633,,,C-H bending,nu(O6-C7),bond,0.0011125649994181371,+,0.004448459936499706,0.3796426635236279
43,1487.058827685633,,,C-H bending,nu(C2-O3),bond,0.0009829371666511383,-,-0.004606923595220155,0.3127322887485309
43,1487.058827685633,,,C-H bending,nu(C1-H11),bond,0.0009575074613999872,+,0.004387574261053875,0.33586302282669245
43,1487.058827685633,,,C-H bending,delta(C2-O3-H14),angle,0.0009332398254215204,-,-0.005981138563128868,0.1761548163912733
43,1487.058827685633,,,C-H bending,nu(C5-H17),bond,0.0008868339737687688,-,-0.004235164199062934,0.3338649301903668
43,1487.058827685633,,,C-H bending,nu(C5-H18),bond,0.0008211272776371677,-,-0.004035624999480272,0.34045354277733064
43,1487.058827685633,,,C-H bending,delta(H19-N8-H20),angle,0.0004993826539975653,+,0.003727931916004087,0.24264228911972324
43,1487.058827685633,,,C-H bending,delta(C7-N8-H20),angle,0.0003504282802893092,-,-0.0030544137586782406,0.25363687773146887
43,1487.058827685633,,,C-H bending,nu(C7-N8),bond,0.0001577247960486291,-,-0.0015376636116928432,0.45044968349124215
43,1487.058827685633,,,C-H bending,delta(N8-C7-O9),angle,0.000157302242903037,+,0.001360728868821892,0.5736681033914728
43,1487.058827685633,,,C-H bending,delta(O6-C7-N8),angle,0.00015068726803045318,+,0.0012612445994034304,0.6396566299177271
43,1487.058827685633,,,C-H bending,delta(O3-C2-H13),angle,0.00013042323427104802,-,-0.0017775908472100518,0.2787149988564878
43,1487.058827685633,,,C-H bending,nu(C7-O9),bond,5.874630866273933e-05,+,0.0006978067063266671,0.8146654356474178
43,1487.058827685633,,,C-H bending,tau(C2-C4-C5-O6),dihedral,2.3419449821005623e-05,-,-0.0008136278619838251,0.23888784324546183
43,1487.058827685633,,,C-H bending,tau(C1-C2-C4-C5),dihedral,2.0109340878995316e-05,-,-0.0004182024593992559,0.7764145342752474
43,1487.058827685633,,,C-H bending,nu(O3-H14),bond,1.63553138943469e-05,+,0.00046328849251058696,0.5145467545258035
43,1487.058827685633,,,C-H bending,nu(C2-H13),bond,1.551621100470613e-05,+,0.0005643014251913497,0.3290276293599761
43,1487.058827685633,,,C-H bending,tau(O6-C7-N8-H19),dihedral,1.1465695278783266e-06,+,0.00025305929526981503,0.12089958013102238
43,1487.058827685633,,,C-H bending,tau(O9-C7-N8-H19),dihedral,1.0120985861628077e-06,+,0.00022315811397382348,0.1372354906200594
43,1487.058827685633,,,C-H bending,tau(O6-C7-N8-H20),dihedral,6.311150626173436e-07,-,-0.0004148329578940583,0.024764583303918165
43,1487.058827685633,,,C-H bending,tau(C5-O6-C7-N8),dihedral,2.634475800395701e-07,+,0.0002543858856819182,0.027490154249470444
43,1487.058827685633,,,C-H bending,nu(N8-H20),bond,1.4709781032572526e-07,+,4.530330537787535e-05,0.48396662608765273
43,1487.058827685633,,,C-H bending,nu(N8-H19),bond,9.445186021339342e-08,+,3.644328074361222e-05,0.48022478197858476
43,1487.058827685633,,,C-H bending,tau(C4-C5-O6-C7),dihedral,3.030196203671386e-08,-,-0.00018836533145949382,0.005766838473303552
44,1497.8971642982333,,,mixed C-H bending / C-C torsion,delta(H11-C1-H12),angle,34.623127764688746,+,0.4958148802989805,0.8257469440591959
44,1497.8971642982333,,,mixed C-H bending / C-C torsion,delta(H15-C4-H16),angle,24.21275723886391,+,0.36334590856221327,1.075284756701329
44,1497.8971642982333,,,mixed C-H bending / C-C torsion,tau(H11-C1-C2-O3),dihedral,14.212706912782313,-,-0.3210902996957747,0.8082434974166677
44,1497.8971642982333,,,mixed C-H bending / C-C torsion,tau(H12-C1-C2-C4),dihedral,7.371749960220236,+,0.21190836311286712,0.9624854932709154
44,1497.8971642982333,,,mixed C-H bending / C-C torsion,"gamma(H10;C1,H11,H12)",oop,5.842785837539644,+,0.22617925304626113,0.6696289587334144
44,1497.8971642982333,,,mixed C-H bending / C-C torsion,tau(O3-C2-C4-H16),dihedral,5.127065598997499,+,0.19280949918581713,0.8085964138894428
44,1497.8971642982333,,,mixed C-H bending / C-C torsion,delta(C2-C1-H10),angle,2.351592399890647,+,0.13442804501337335,0.7629605318840937
44,1497.8971642982333,,,mixed C-H bending / C-C torsion,delta(C5-C4-H15),angle,2.1186444488483915,-,-0.08423051935585947,1.7508095722988488
44,1497.8971642982333,,,mixed C-H bending / C-C torsion,delta(C2-C4-H15),angle,1.018098041749728,-,-0.07647526664438752,1.0206277969587885
44,1497.8971642982333,,,mixed C-H bending / C-C torsion,delta(C2-C1-H12),angle,1.0060991646635913,-,-0.12702321934640048,0.36559003310172816
44,1497.8971642982333,,,mixed C-H bending / C-C torsion,tau(H16-C4-C5-H18),dihedral,0.4339280265077971,-,-0.10484845715677314,0.23142666807728227
44,1497.8971642982333,,,mixed C-H bending / C-C torsion,"gamma(H18;C5,O6,H17)",oop,0.3499882647842615,-,-0.08159205858688402,0.3082318346285468
44,1497.8971642982333,,,mixed C-H bending / C-C torsion,delta(O3-C2-H13),angle,0.3470826667563976,-,-0.08544687565677735,0.2787149988564878
44,1497.8971642982333,,,mixed C-H bending / C-C torsion,tau(H10-C1-C2-C4),dihedral,0.23419899725886653,+,0.08837683484408648,0.17580366884501275
44,1497.8971642982333,,,mixed C-H bending / C-C torsion,delta(C2-O3-H14),angle,0.17239447426588012,-,-0.07574854663899394,0.1761548163912733
44,1497.8971642982333,,,mixed C-H bending / C-C torsion,"gamma(C1;C2,O3,H13)",oop,0.12705353590697183,+,0.04238566472406544,0.41463747292882314
44,1497.8971642982333,,,mixed C-H bending / C-C torsion,"gamma(C2;C4,H15,H16)",oop,0.11000111072946181,+,0.02979121950194289,0.7266751309793713
44,1497.8971642982333,,,mixed C-H bending / C-C torsion,nu(C4-C5),bond,0.09081757182767211,+,0.04297076531189996,0.28836563189512043
44,1497.8971642982333,,,mixed C-H bending / C-C torsion,delta(C4-C5-H18),angle,0.08004486704015416,-,-0.034705672954879,0.38962995436760806
44,1497.8971642982333,,,mixed C-H bending / C-C torsion,delta(C2-C4-C5),angle,0.039726775496167016,-,-0.017120632457532935,0.7946273302237717
44,1497.8971642982333,,,mixed C-H bending / C-C torsion,delta(O6-C5-H17),angle,0.03137435674439074,-,-0.026430856884701665,0.2633128987200418
44,1497.8971642982333,,,mixed C-H bending / C-C torsion,nu(C2-C4),bond,0.02480051131391928,-,-0.02337956352148269,0.26601591914570893
44,1497.8971642982333,,,mixed C-H bending / C-C torsion,delta(C4-C5-O6),angle,0.01801395309632557,-,-0.014401727256913377,0.5092132008186406
44,1497.8971642982333,,,mixed C-H bending / C-C torsion,nu(C2-O3),bond,0.01750903746558427,+,0.01811776696427905,0.3127322887485309
44,1497.8971642982333,,,mixed C-H bending / C-C torsion,nu(C1-H10),bond,0.00830810614471346,+,0.011978604148410612,0.3394762530008387
44,1497.8971642982333,,,mixed C-H bending / C-C torsion,nu(C1-H12),bond,0.007122545073339638,-,-0.011256978331424314,0.3295424270765694
44,1497.8971642982333,,,mixed C-H bending / C-C torsion,nu(C4-H16),bond,0.0056992539364862605,-,-0.010048578907938253,0.33092418150229375
44,1497.8971642982333,,,mixed C-H bending / C-C torsion,nu(C4-H15),bond,0.0037757990342001243,-,-0.008247327065383496,0.3254634512378247
44,1497.8971642982333,,,mixed C-H bending / C-C torsion,tau(H13-C2-O3-H14),dihedral,0.003157159724775581,-,-0.04322206316324349,0.009908441658344393
44,1497.8971642982333,,,mixed C-H bending / C-C torsion,delta(C1-C2-C4),angle,0.003153780038831891,-,-0.006696989127606504,0.4122797483308755
44,1497.8971642982333,,,mixed C-H bending / C-C torsion,nu(C5-H17),bond,0.001380841949657952,-,-0.004924322412640078,0.3338649301903668
44,1497.8971642982333,,,mixed C-H bending / C-C torsion,nu(C5-H18),bond,0.0011791875685140648,-,-0.004506323981682108,0.34045354277733064
44,1497.8971642982333,,,mixed C-H bending / C-C torsion,nu(C2-H13),bond,0.0009124553411296867,-,-0.004032269210250801,0.3290276293599761
44,1497.8971642982333,,,mixed C-H bending / C-C torsion,nu(O3-H14),bond,0.0008757116617431596,+,0.0031588429904346755,0.5145467545258035
44,1497.8971642982333,,,mixed C-H bending / C-C torsion,nu(C1-H11),bond,0.0006632094247513569,-,-0.0034025470822658167,0.33586302282669245
44,1497.8971642982333,,,mixed C-H bending / C-C torsion,delta(C5-O6-C7),angle,0.00048005282467917924,-,-0.003122835243640942,0.28860953510819726
44,1497.8971642982333,,,mixed C-H bending / C-C torsion,nu(C5-O6),bond,0.0004208941605778898,-,-0.0028684525008154703,0.29991443217879
44,1497.8971642982333,,,mixed C-H bending / C-C torsion,delta(H19-N8-H20),angle,0.00031315061689262476,+,0.00275076369295264,0.24264228911972324
44,1497.8971642982333,,,mixed C-H bending / C-C torsion,tau(C2-C4-C5-O6),dihedral,0.00028858823222698146,-,-0.002661351138677355,0.23888784324546183
44,1497.8971642982333,,,mixed C-H bending / C-C torsion,tau(C1-C2-C4-C5),dihedral,0.0001795624133688603,-,-0.0011644498346118461,0.7764145342752474
44,1497.8971642982333,,,mixed C-H bending / C-C torsion,delta(C7-N8-H20),angle,0.00014761372718093499,-,-0.0018472133934768096,0.25363687773146887
44,1497.8971642982333,,,mixed C-H bending / C-C torsion,delta(O6-C7-N8),angle,0.00012787562911204184,+,0.001082630689196527,0.6396566299177271
44,1497.8971642982333,,,mixed C-H bending / C-C torsion,nu(O6-C7),bond,8.551369944427529e-05,+,0.0011491857621091033,0.3796426635236279
44,1497.8971642982333,,,mixed C-H bending / C-C torsion,nu(C1-C2),bond,7.933675104982058e-05,+,0.0013052859796619661,0.273012703189435
44,1497.8971642982333,,,mixed C-H bending / C-C torsion,delta(N8-C7-O9),angle,4.9891248790460713e-05,+,0.0007140715505470935,0.5736681033914728
44,1497.8971642982333,,,mixed C-H bending / C-C torsion,nu(C7-O9),bond,2.0582080599398456e-05,-,-0.0003848707329685259,0.8146654356474178
44,1497.8971642982333,,,mixed C-H bending / C-C torsion,nu(C7-N8),bond,1.1628652014909267e-05,-,-0.0003890464342342393,0.45044968349124215
44,1497.8971642982333,,,mixed C-H bending / C-C torsion,tau(C5-O6-C7-N8),dihedral,1.6333433470457899e-06,+,0.0005902147389192444,0.027490154249470444
44,1497.8971642982333,,,mixed C-H bending / C-C torsion,tau(C4-C5-O6-C7),dihedral,1.2722108678796772e-06,+,0.0011372882494107702,0.005766838473303552
44,1497.8971642982333,,,mixed C-H bending / C-C torsion,tau(O6-C7-N8-H19),dihedral,1.1622675724761172e-06,+,0.0002374108479596369,0.12089958013102238
44,1497.8971642982333,,,mixed C-H bending / C-C torsion,tau(O9-C7-N8-H19),dihedral,8.243432482285404e-07,+,0.0001876638915383549,0.1372354906200594
44,1497.8971642982333,,,mixed C-H bending / C-C torsion,tau(O6-C7-N8-H20),dihedral,6.647525169639921e-07,-,-0.00039671112331351956,0.024764583303918165
44,1497.8971642982333,,,mixed C-H bending / C-C torsion,nu(N8-H19),bond,1.1015856311698613e-07,+,3.667302564574174e-05,0.48022478197858476
44,1497.8971642982333,,,mixed C-H bending / C-C torsion,nu(N8-H20),bond,7.555124955722544e-08,+,3.0253318093408178e-05,0.48396662608765273
45,1499.145401572721,,,mixed C-C torsion / C-H bending,tau(H12-C1-C2-C4),dihedral,43.183788277817015,+,0.24779540561574628,0.9624854932709154
45,1499.145401572721,,,mixed C-C torsion / C-H bending,tau(H10-C1-C2-C4),dihedral,19.005024815322425,-,-0.38463626654855276,0.17580366884501275
45,1499.145401572721,,,mixed C-C torsion / C-H bending,delta(H11-C1-H12),angle,7.908595519426263,+,0.114486999050192,0.8257469440591959
45,1499.145401572721,,,mixed C-C torsion / C-H bending,tau(H11-C1-C2-O3),dihedral,7.802309601184824,+,0.11493980531586118,0.8082434974166677
45,1499.145401572721,,,mixed C-C torsion / C-H bending,"gamma(H10;C1,H11,H12)",oop,6.829647816960452,+,0.11814409454446843,0.6696289587334144
45,1499.145401572721,,,mixed C-C torsion / C-H bending,delta(C2-C1-H12),angle,5.5869233939638185,+,0.14461693794000957,0.36559003310172816
45,1499.145401572721,,,mixed C-C torsion / C-H bending,delta(H15-C4-H16),angle,4.372916595016105,+,0.07460257698892343,1.075284756701329
45,1499.145401572721,,,mixed C-C torsion / C-H bending,delta(C5-C4-H15),angle,1.763890323298959,-,-0.03713182626339859,1.7508095722988488
45,1499.145401572721,,,mixed C-C torsion / C-H bending,delta(C2-C1-H10),angle,1.7426161056730765,+,0.05590875260374802,0.7629605318840937
45,1499.145401572721,,,mixed C-C torsion / C-H bending,tau(O3-C2-C4-H16),dihedral,0.3645784208109364,+,0.02484045527821745,0.8085964138894428
45,1499.145401572721,,,mixed C-C torsion / C-H bending,delta(O3-C2-H13),angle,0.27933571211436004,-,-0.037035058753191755,0.2787149988564878
45,1499.145401572721,,,mixed C-C torsion / C-H bending,delta(C2-C4-H15),angle,0.23571789113313668,+,0.017778395137917763,1.0206277969587885
45,1499.145401572721,,,mixed C-C torsion / C-H bending,nu(C2-O3),bond,0.20964776555286324,+,0.030289264973229375,0.3127322887485309
45,1499.145401572721,,,mixed C-C torsion / C-H bending,tau(H16-C4-C5-H18),dihedral,0.18567130034262988,-,-0.03313566304418391,0.23142666807728227
45,1499.145401572721,,,mixed C-C torsion / C-H bending,"gamma(H18;C5,O6,H17)",oop,0.10032058345317162,-,-0.02110504371885893,0.3082318346285468
45,1499.145401572721,,,mixed C-C torsion / C-H bending,delta(C2-O3-H14),angle,0.08408235767796894,+,0.02555848790747498,0.1761548163912733
45,1499.145401572721,,,mixed C-C torsion / C-H bending,nu(C1-H11),bond,0.06575895561373492,-,-0.01636915776642023,0.33586302282669245
45,1499.145401572721,,,mixed C-C torsion / C-H bending,nu(C1-H12),bond,0.06474451485504619,+,0.016397430529145888,0.3295424270765694
45,1499.145401572721,,,mixed C-C torsion / C-H bending,"gamma(C2;C4,H15,H16)",oop,0.05498825428588838,+,0.010176414649575811,0.7266751309793713
45,1499.145401572721,,,mixed C-C torsion / C-H bending,tau(C2-C4-C5-O6),dihedral,0.03349939177172886,+,0.013853241757099422,0.23888784324546183
45,1499.145401572721,,,mixed C-C torsion / C-H bending,tau(C1-C2-C4-C5),dihedral,0.02917835546088126,-,-0.007171558644055327,0.7764145342752474
45,1499.145401572721,,,mixed C-C torsion / C-H bending,nu(C4-C5),bond,0.024788878748607152,+,0.010846426290883929,0.28836563189512043
45,1499.145401572721,,,mixed C-C torsion / C-H bending,nu(C1-C2),bond,0.017687552709434826,-,-0.009416129508152541,0.273012703189435
45,1499.145401572721,,,mixed C-C torsion / C-H bending,nu(C2-C4),bond,0.012370499842331219,-,-0.0079775546452426,0.26601591914570893
45,1499.145401572721,,,mixed C-C torsion / C-H bending,nu(C1-H10),bond,0.008345137247434584,+,0.005800187311969319,0.3394762530008387
45,1499.145401572721,,,mixed C-C torsion / C-H bending,delta(C2-C4-C5),angle,0.006471077650754092,-,-0.0033383858716043036,0.7946273302237717
45,1499.145401572721,,,mixed C-C torsion / C-H bending,nu(C4-H15),bond,0.006099527099099152,-,-0.005064387719028179,0.3254634512378247
45,1499.145401572721,,,mixed C-C torsion / C-H bending,delta(O6-C5-H17),angle,0.005902045035585379,-,-0.005538538380402079,0.2633128987200418
45,1499.145401572721,,,mixed C-C torsion / C-H bending,delta(C4-C5-H18),angle,0.005757932908760159,-,-0.0044971472550999515,0.38962995436760806
45,1499.145401572721,,,mixed C-C torsion / C-H bending,nu(C2-H13),bond,0.0034435999979524883,+,0.003784601370970206,0.3290276293599761
45,1499.145401572721,,,mixed C-C torsion / C-H bending,delta(C4-C5-O6),angle,0.002778697496318035,-,-0.002732755550733293,0.5092132008186406
45,1499.145401572721,,,mixed C-C torsion / C-H bending,"gamma(C1;C2,O3,H13)",oop,0.001177509724870437,-,-0.0019714145335751744,0.41463747292882314
45,1499.145401572721,,,mixed C-C torsion / C-H bending,nu(O3-H14),bond,0.0005047475107335324,-,-0.0011586563560345015,0.5145467545258035
45,1499.145401572721,,,mixed C-C torsion / C-H bending,nu(C5-H17),bond,0.00041261020856591605,-,-0.00130051258847428,0.3338649301903668
45,1499.145401572721,,,mixed C-C torsion / C-H bending,delta(C1-C2-C4),angle,0.00031400830944565693,-,-0.0010209501713121817,0.4122797483308755
45,1499.145401572721,,,mixed C-C torsion / C-H bending,delta(C5-O6-C7),angle,0.0001769362542176725,-,-0.0009159738050757846,0.28860953510819726
45,1499.145401572721,,,mixed C-C torsion / C-H bending,nu(C5-H18),bond,0.00017143008487276407,-,-0.0008301270548341917,0.34045354277733064
45,1499.145401572721,,,mixed C-C torsion / C-H bending,nu(C5-O6),bond,9.451193549818779e-05,-,-0.0006567115025639181,0.29991443217879
45,1499.145401572721,,,mixed C-C torsion / C-H bending,nu(C7-O9),bond,7.474712234207726e-05,-,-0.0003543541885616855,0.8146654356474178
45,1499.145401572721,,,mixed C-C torsion / C-H bending,nu(C7-N8),bond,6.415196829900077e-05,+,0.00044148080623161284,0.45044968349124215
45,1499.145401572721,,,mixed C-C torsion / C-H bending,nu(O6-C7),bond,3.345357342755914e-05,-,-0.0003472671706651697,0.3796426635236279
45,1499.145401572721,,,mixed C-C torsion / C-H bending,nu(C4-H16),bond,3.2928887332540595e-05,-,-0.0003690236953467747,0.33092418150229375
45,1499.145401572721,,,mixed C-C torsion / C-H bending,tau(C5-O6-C7-N8),dihedral,2.9320764232387125e-05,-,-0.001208172737593213,0.027490154249470444
45,1499.145401572721,,,mixed C-C torsion / C-H bending,delta(O6-C7-N8),angle,9.929091831887737e-06,+,0.00014575091437174674,0.6396566299177271
45,1499.145401572721,,,mixed C-C torsion / C-H bending,delta(N8-C7-O9),angle,8.799025724995906e-06,-,-0.0001448828295661401,0.5736681033914728
45,1499.145401572721,,,mixed C-C torsion / C-H bending,tau(H13-C2-O3-H14),dihedral,5.709692501621303e-06,+,0.0008880423117073388,0.009908441658344393
45,1499.145401572721,,,mixed C-C torsion / C-H bending,delta(C7-N8-H20),angle,5.012233743696725e-06,+,0.00016445210463476176,0.25363687773146887
45,1499.145401572721,,,mixed C-C torsion / C-H bending,delta(H19-N8-H20),angle,1.459671843345876e-06,-,-9.073489587800988e-05,0.24264228911972324
45,1499.145401572721,,,mixed C-C torsion / C-H bending,tau(C4-C5-O6-C7),dihedral,1.0838972829519922e-06,+,0.0005071718579553867,0.005766838473303552
45,1499.145401572721,,,mixed C-C torsion / C-H bending,tau(O6-C7-N8-H19),dihedral,2.952135356265201e-07,+,5.7807703122850806e-05,0.12089958013102238
45,1499.145401572721,,,mixed C-C torsion / C-H bending,nu(N8-H19),bond,2.1877965616217285e-07,+,2.496957559778989e-05,0.48022478197858476
45,1499.145401572721,,,mixed C-C torsion / C-H bending,tau(O9-C7-N8-H19),dihedral,1.2958152922314362e-07,-,-3.5947468175523584e-05,0.1372354906200594
45,1499.145401572721,,,mixed C-C torsion / C-H bending,tau(O6-C7-N8-H20),dihedral,7.76910874286224e-08,+,6.552394918075602e-05,0.024764583303918165
45,1499.145401572721,,,mixed C-C torsion / C-H bending,nu(N8-H20),bond,2.8305878570747803e-08,+,8.946652924171081e-06,0.48396662608765273
46,1527.7569881606123,,,mixed C-H bending / C-C torsion / C-H out-of-plane bending,tau(H16-C4-C5-H18),dihedral,29.13577680957972,+,0.42347587892126565,0.23142666807728227
46,1527.7569881606123,,,mixed C-H bending / C-C torsion / C-H out-of-plane bending,"gamma(H18;C5,O6,H17)",oop,24.57283800013497,-,-0.33698532738542986,0.3082318346285468
46,1527.7569881606123,,,mixed C-H bending / C-C torsion / C-H out-of-plane bending,delta(H15-C4-H16),angle,20.916264433544235,-,-0.16645712749709507,1.075284756701329
46,1527.7569881606123,,,mixed C-H bending / C-C torsion / C-H out-of-plane bending,delta(O6-C5-H17),angle,8.094240126218569,-,-0.2092541373878016,0.2633128987200418
46,1527.7569881606123,,,mixed C-H bending / C-C torsion / C-H out-of-plane bending,delta(C5-C4-H15),angle,5.1690001253109905,+,0.06484938977412824,1.7508095722988488
46,1527.7569881606123,,,mixed C-H bending / C-C torsion / C-H out-of-plane bending,tau(O3-C2-C4-H16),dihedral,4.512070271426106,-,-0.08915467076302681,0.8085964138894428
46,1527.7569881606123,,,mixed C-H bending / C-C torsion / C-H out-of-plane bending,delta(C4-C5-H18),angle,3.6665248956091747,-,-0.1157772497692915,0.38962995436760806
46,1527.7569881606123,,,mixed C-H bending / C-C torsion / C-H out-of-plane bending,"gamma(C2;C4,H15,H16)",oop,0.5748398783863169,-,-0.03356799286861096,0.7266751309793713
46,1527.7569881606123,,,mixed C-H bending / C-C torsion / C-H out-of-plane bending,delta(C4-C5-O6),angle,0.4605174307398593,-,-0.03589180406574686,0.5092132008186406
46,1527.7569881606123,,,mixed C-H bending / C-C torsion / C-H out-of-plane bending,delta(H11-C1-H12),angle,0.43529266272861783,-,-0.02740244182662985,0.8257469440591959
46,1527.7569881606123,,,mixed C-H bending / C-C torsion / C-H out-of-plane bending,delta(H19-N8-H20),angle,0.3850874762225025,+,0.04754649733402015,0.24264228911972324
46,1527.7569881606123,,,mixed C-H bending / C-C torsion / C-H out-of-plane bending,delta(C2-C4-H15),angle,0.30125968176196216,+,0.020504958232849535,1.0206277969587885
46,1527.7569881606123,,,mixed C-H bending / C-C torsion / C-H out-of-plane bending,nu(C5-O6),bond,0.3009407589106739,+,0.03780627613463107,0.29991443217879
46,1527.7569881606123,,,mixed C-H bending / C-C torsion / C-H out-of-plane bending,delta(C7-N8-H20),angle,0.17374578963646534,-,-0.031237266589309233,0.25363687773146887
46,1527.7569881606123,,,mixed C-H bending / C-C torsion / C-H out-of-plane bending,tau(H11-C1-C2-O3),dihedral,0.13867846900254482,+,0.015633473730409787,0.8082434974166677
46,1527.7569881606123,,,mixed C-H bending / C-C torsion / C-H out-of-plane bending,tau(H12-C1-C2-C4),dihedral,0.12953926026369766,-,-0.013846043405157145,0.9624854932709154
46,1527.7569881606123,,,mixed C-H bending / C-C torsion / C-H out-of-plane bending,nu(C5-H17),bond,0.12683117047059195,-,-0.02326214067013176,0.3338649301903668
46,1527.7569881606123,,,mixed C-H bending / C-C torsion / C-H out-of-plane bending,delta(C2-C4-C5),angle,0.12002578319471555,-,-0.014668226377249106,0.7946273302237717
46,1527.7569881606123,,,mixed C-H bending / C-C torsion / C-H out-of-plane bending,"gamma(H10;C1,H11,H12)",oop,0.10793571439054861,-,-0.015152613660190325,0.6696289587334144
46,1527.7569881606123,,,mixed C-H bending / C-C torsion / C-H out-of-plane bending,nu(C5-H18),bond,0.107619246677409,-,-0.021219645468390273,0.34045354277733064
46,1527.7569881606123,,,mixed C-H bending / C-C torsion / C-H out-of-plane bending,nu(C7-N8),bond,0.1071649124537227,-,-0.01840878995043595,0.45044968349124215
46,1527.7569881606123,,,mixed C-H bending / C-C torsion / C-H out-of-plane bending,delta(O3-C2-H13),angle,0.08463593675833697,+,0.02079789163378722,0.2787149988564878
46,1527.7569881606123,,,mixed C-H bending / C-C torsion / C-H out-of-plane bending,nu(O6-C7),bond,0.06651650447019354,+,0.01579789714605811,0.3796426635236279
46,1527.7569881606123,,,mixed C-H bending / C-C torsion / C-H out-of-plane bending,delta(N8-C7-O9),angle,0.06446921376434853,+,0.012652254346117187,0.5736681033914728
46,1527.7569881606123,,,mixed C-H bending / C-C torsion / C-H out-of-plane bending,delta(C2-C1-H10),angle,0.05816268468903662,-,-0.01042061293589002,0.7629605318840937
46,1527.7569881606123,,,mixed C-H bending / C-C torsion / C-H out-of-plane bending,nu(C4-C5),bond,0.053330580355430555,+,0.016230746100475545,0.28836563189512043
46,1527.7569881606123,,,mixed C-H bending / C-C torsion / C-H out-of-plane bending,delta(O6-C7-N8),angle,0.03459855149539545,+,0.008777636347329048,0.6396566299177271
46,1527.7569881606123,,,mixed C-H bending / C-C torsion / C-H out-of-plane bending,nu(C7-O9),bond,0.03287822863548158,+,0.0075820499104043235,0.8146654356474178
46,1527.7569881606123,,,mixed C-H bending / C-C torsion / C-H out-of-plane bending,delta(C2-O3-H14),angle,0.022212882047599792,+,0.013402236359773436,0.1761548163912733
46,1527.7569881606123,,,mixed C-H bending / C-C torsion / C-H out-of-plane bending,"gamma(C1;C2,O3,H13)",oop,0.01091474135154442,-,-0.0061234267694500865,0.41463747292882314
46,1527.7569881606123,,,mixed C-H bending / C-C torsion / C-H out-of-plane bending,nu(C2-O3),bond,0.006351806259369543,-,-0.005378786899536294,0.3127322887485309
46,1527.7569881606123,,,mixed C-H bending / C-C torsion / C-H out-of-plane bending,delta(C2-C1-H12),angle,0.0056620636245065525,+,0.004696910422647803,0.36559003310172816
46,1527.7569881606123,,,mixed C-H bending / C-C torsion / C-H out-of-plane bending,delta(C5-O6-C7),angle,0.004572943955422372,-,-0.004750777384639916,0.28860953510819726
46,1527.7569881606123,,,mixed C-H bending / C-C torsion / C-H out-of-plane bending,tau(O9-C7-N8-H19),dihedral,0.0032105695929105353,+,0.005772712158938237,0.1372354906200594
46,1527.7569881606123,,,mixed C-H bending / C-C torsion / C-H out-of-plane bending,delta(C1-C2-C4),angle,0.0030826140754144703,+,0.0032635153220993713,0.4122797483308755
46,1527.7569881606123,,,mixed C-H bending / C-C torsion / C-H out-of-plane bending,nu(C1-C2),bond,0.0027482194140969244,+,0.0037866603544480723,0.273012703189435
46,1527.7569881606123,,,mixed C-H bending / C-C torsion / C-H out-of-plane bending,nu(C4-H16),bond,0.002254586823956712,+,0.003115238555681354,0.33092418150229375
46,1527.7569881606123,,,mixed C-H bending / C-C torsion / C-H out-of-plane bending,nu(C4-H15),bond,0.0022353132350532113,+,0.003127808537078012,0.3254634512378247
46,1527.7569881606123,,,mixed C-H bending / C-C torsion / C-H out-of-plane bending,tau(O6-C7-N8-H19),dihedral,0.0018802875717910468,+,0.004706757464767408,0.12089958013102238
46,1527.7569881606123,,,mixed C-H bending / C-C torsion / C-H out-of-plane bending,tau(H10-C1-C2-C4),dihedral,0.001574041527162022,+,0.003571216705999278,0.17580366884501275
46,1527.7569881606123,,,mixed C-H bending / C-C torsion / C-H out-of-plane bending,tau(O6-C7-N8-H20),dihedral,0.0006249856968041579,-,-0.005995723620995469,0.024764583303918165
46,1527.7569881606123,,,mixed C-H bending / C-C torsion / C-H out-of-plane bending,tau(C1-C2-C4-C5),dihedral,0.0005373825070546934,-,-0.0009929262969831862,0.7764145342752474
46,1527.7569881606123,,,mixed C-H bending / C-C torsion / C-H out-of-plane bending,tau(H13-C2-O3-H14),dihedral,0.0005179529984394245,+,0.008629081604893094,0.009908441658344393
46,1527.7569881606123,,,mixed C-H bending / C-C torsion / C-H out-of-plane bending,tau(C2-C4-C5-O6),dihedral,0.0002428657427952282,-,-0.0012033949479520775,0.23888784324546183
46,1527.7569881606123,,,mixed C-H bending / C-C torsion / C-H out-of-plane bending,nu(N8-H19),bond,0.00020772842599879281,-,-0.0007849604216062966,0.48022478197858476
46,1527.7569881606123,,,mixed C-H bending / C-C torsion / C-H out-of-plane bending,nu(C2-H13),bond,0.00017427508832460847,+,0.0008686074504407956,0.3290276293599761
46,1527.7569881606123,,,mixed C-H bending / C-C torsion / C-H out-of-plane bending,nu(C1-H10),bond,7.853764146111428e-05,-,-0.0005740587039046243,0.3394762530008387
46,1527.7569881606123,,,mixed C-H bending / C-C torsion / C-H out-of-plane bending,nu(O3-H14),bond,5.880259219760217e-05,-,-0.00040346688262455493,0.5145467545258035
46,1527.7569881606123,,,mixed C-H bending / C-C torsion / C-H out-of-plane bending,nu(C1-H11),bond,4.821873672355736e-05,+,0.0004522190949800041,0.33586302282669245
46,1527.7569881606123,,,mixed C-H bending / C-C torsion / C-H out-of-plane bending,nu(C1-H12),bond,1.1602610707271417e-05,+,0.00022394649575472906,0.3295424270765694
46,1527.7569881606123,,,mixed C-H bending / C-C torsion / C-H out-of-plane bending,nu(C2-C4),bond,1.0672083006179826e-05,-,-0.00023905226472170594,0.26601591914570893
46,1527.7569881606123,,,mixed C-H bending / C-C torsion / C-H out-of-plane bending,tau(C4-C5-O6-C7),dihedral,9.500028187889502e-07,+,0.00048441282417603084,0.005766838473303552
46,1527.7569881606123,,,mixed C-H bending / C-C torsion / C-H out-of-plane bending,tau(C5-O6-C7-N8),dihedral,8.901992995582985e-07,+,0.00021477172948466624,0.027490154249470444
46,1527.7569881606123,,,mixed C-H bending / C-C torsion / C-H out-of-plane bending,nu(N8-H20),bond,4.6936390156404647e-07,-,-3.7168001861110916e-05,0.48396662608765273
47,1616.890763546382,,,N-H bending,delta(H19-N8-H20),angle,76.04427218962496,-,-0.7479159040375495,0.24264228911972324
47,1616.890763546382,,,N-H bending,delta(C7-N8-H20),angle,15.417286282290537,+,0.3293825072203803,0.25363687773146887
47,1616.890763546382,,,N-H bending,nu(C7-N8),bond,3.208108086209427,-,-0.11274677149457982,0.45044968349124215
47,1616.890763546382,,,N-H bending,nu(C7-O9),bond,1.8661413387410695,-,-0.06394187736462258,0.8146654356474178
47,1616.890763546382,,,N-H bending,tau(O9-C7-N8-H19),dihedral,0.8054220067274026,-,-0.10234845426307544,0.1372354906200594
47,1616.890763546382,,,N-H bending,nu(O6-C7),bond,0.7166183834482902,+,0.05804425326721811,0.3796426635236279
47,1616.890763546382,,,N-H bending,tau(O6-C7-N8-H19),dihedral,0.6121345582095782,-,-0.09506350323717326,0.12089958013102238
47,1616.890763546382,,,N-H bending,delta(N8-C7-O9),angle,0.5727194593438311,+,0.0422127241600741,0.5736681033914728
47,1616.890763546382,,,N-H bending,delta(O6-C7-N8),angle,0.2013796580243721,-,-0.02370484437563699,0.6396566299177271
47,1616.890763546382,,,N-H bending,delta(O6-C5-H17),angle,0.1209317317425437,-,-0.02863102068589082,0.2633128987200418
47,1616.890763546382,,,N-H bending,tau(O6-C7-N8-H20),dihedral,0.11473269571359747,+,0.09093495332831553,0.024764583303918165
47,1616.890763546382,,,N-H bending,tau(H16-C4-C5-H18),dihedral,0.07311243822012202,+,0.02374606728890538,0.23142666807728227
47,1616.890763546382,,,N-H bending,delta(C5-C4-H15),angle,0.05903542331501958,+,0.007757819066402501,1.7508095722988488
47,1616.890763546382,,,N-H bending,"gamma(C2;C4,H15,H16)",oop,0.04850522183265864,-,-0.01091507842722648,0.7266751309793713
47,1616.890763546382,,,N-H bending,delta(C4-C5-H18),angle,0.045376570776159954,+,0.014417581962017492,0.38962995436760806
47,1616.890763546382,,,N-H bending,"gamma(H18;C5,O6,H17)",oop,0.035343670441842015,+,0.014306053362716583,0.3082318346285468
47,1616.890763546382,,,N-H bending,delta(C2-C4-H15),angle,0.016800038301731428,-,-0.0054203109491340416,1.0206277969587885
47,1616.890763546382,,,N-H bending,nu(C4-C5),bond,0.01624577433208044,-,-0.010027697409751426,0.28836563189512043
47,1616.890763546382,,,N-H bending,tau(O3-C2-C4-H16),dihedral,0.005980387672113648,-,-0.0036333022275585256,0.8085964138894428
47,1616.890763546382,,,N-H bending,delta(C2-C4-C5),angle,0.004862198811793803,-,-0.003304740548748915,0.7946273302237717
47,1616.890763546382,,,N-H bending,nu(C5-O6),bond,0.004379791728505314,+,0.00510541216480663,0.29991443217879
47,1616.890763546382,,,N-H bending,delta(C4-C5-O6),angle,0.0033682754610813,-,-0.0034360283272370585,0.5092132008186406
47,1616.890763546382,,,N-H bending,nu(C2-C4),bond,0.0031946900629696946,+,0.004629811547800475,0.26601591914570893
47,1616.890763546382,,,N-H bending,delta(C2-C1-H10),angle,0.0009131392841298619,-,-0.0014615720828568793,0.7629605318840937
47,1616.890763546382,,,N-H bending,delta(H15-C4-H16),angle,0.0007149270189823974,-,-0.001089361123630549,1.075284756701329
47,1616.890763546382,,,N-H bending,"gamma(H10;C1,H11,H12)",oop,0.0005157996552926194,-,-0.0011725359636580918,0.6696289587334144
47,1616.890763546382,,,N-H bending,nu(N8-H20),bond,0.0004245410161619312,-,-0.0012512810926964327,0.48396662608765273
47,1616.890763546382,,,N-H bending,"gamma(C1;C2,O3,H13)",oop,0.00038775918363070737,-,-0.0012919613853544665,0.41463747292882314
47,1616.890763546382,,,N-H bending,delta(O3-C2-H13),angle,0.0003465251945627817,+,0.001489669752250173,0.2787149988564878
47,1616.890763546382,,,N-H bending,delta(C2-O3-H14),angle,0.00026630894677792764,+,0.0016426626377576841,0.1761548163912733
47,1616.890763546382,,,N-H bending,tau(H11-C1-C2-O3),dihedral,8.534134665936604e-05,+,0.0004341216029821809,0.8082434974166677
47,1616.890763546382,,,N-H bending,nu(C2-O3),bond,8.356455914082918e-05,-,-0.0006906014141384558,0.3127322887485309
47,1616.890763546382,,,N-H bending,nu(N8-H19),bond,6.899442951659994e-05,+,0.0005063927645626577,0.48022478197858476
47,1616.890763546382,,,N-H bending,nu(C5-H17),bond,6.349245648365893e-05,+,0.000582610658636252,0.3338649301903668
47,1616.890763546382,,,N-H bending,tau(C4-C5-O6-C7),dihedral,4.584176399689801e-05,-,-0.003766730326917468,0.005766838473303552
47,1616.890763546382,,,N-H bending,delta(C5-O6-C7),angle,3.2802277913512795e-05,-,-0.00045040108294125745,0.28860953510819726
47,1616.890763546382,,,N-H bending,nu(C5-H18),bond,2.7034168288053332e-05,+,0.0003764699699457866,0.34045354277733064
47,1616.890763546382,,,N-H bending,nu(C4-H16),bond,1.2183559603500491e-05,-,-0.0002563454458067778,0.33092418150229375
47,1616.890763546382,,,N-H bending,nu(C4-H15),bond,1.0907249561364023e-05,-,-0.00024457342987507937,0.3254634512378247
47,1616.890763546382,,,N-H bending,delta(H11-C1-H12),angle,9.777051702011265e-06,-,-0.00014537282501430313,0.8257469440591959
47,1616.890763546382,,,N-H bending,nu(O3-H14),bond,8.854199035193829e-06,-,-0.00017525280603076414,0.5145467545258035
47,1616.890763546382,,,N-H bending,tau(H10-C1-C2-C4),dihedral,7.678428700838978e-06,+,0.0002792061452045132,0.17580366884501275
47,1616.890763546382,,,N-H bending,nu(C1-H10),bond,7.097045341104331e-06,+,0.00019316874209468384,0.3394762530008387
47,1616.890763546382,,,N-H bending,tau(C5-O6-C7-N8),dihedral,6.303802216365428e-06,+,0.0006397576131538276,0.027490154249470444
47,1616.890763546382,,,N-H bending,tau(C2-C4-C5-O6),dihedral,3.150420330713501e-06,-,-0.0001534228294276099,0.23888784324546183
47,1616.890763546382,,,N-H bending,nu(C1-H12),bond,1.994156428994582e-06,+,0.00010392659662474396,0.3295424270765694
47,1616.890763546382,,,N-H bending,nu(C1-C2),bond,1.9099478738436207e-06,-,-0.00011174345406916656,0.273012703189435
47,1616.890763546382,,,N-H bending,tau(C1-C2-C4-C5),dihedral,1.4978247310233105e-06,-,-5.867950369737835e-05,0.7764145342752474
47,1616.890763546382,,,N-H bending,nu(C1-H11),bond,1.022135834076657e-06,+,7.370143988317694e-05,0.33586302282669245
47,1616.890763546382,,,N-H bending,delta(C2-C1-H12),angle,4.822923843653283e-07,+,4.85244688487637e-05,0.36559003310172816
47,1616.890763546382,,,N-H bending,tau(H12-C1-C2-C4),dihedral,9.392145822616875e-08,-,-1.319739085409431e-05,0.9624854932709154
47,1616.890763546382,,,N-H bending,delta(C1-C2-C4),angle,9.026963177598972e-08,+,1.9768676570677566e-05,0.4122797483308755
47,1616.890763546382,,,N-H bending,nu(C2-H13),bond,1.1888878435662005e-08,+,8.030766908782955e-06,0.3290276293599761
47,1616.890763546382,,,N-H bending,tau(H13-C2-O3-H14),dihedral,3.4730599478022018e-09,+,2.5012449414815296e-05,0.009908441658344393
48,1800.3744536087402,,,mixed C-O stretching / C-N stretching,nu(C7-O9),bond,66.19563134360992,+,0.36535740760621044,0.8146654356474178
48,1800.3744536087402,,,mixed C-O stretching / C-N stretching,nu(C7-N8),bond,10.609849862266632,-,-0.19670906503764582,0.45044968349124215
48,1800.3744536087402,,,mixed C-O stretching / C-N stretching,delta(O6-C7-N8),angle,9.988025077997698,+,0.16016191663381435,0.6396566299177271
48,1800.3744536087402,,,mixed C-O stretching / C-N stretching,delta(C7-N8-H20),angle,4.589778402892499,+,0.1724179820572304,0.25363687773146887
48,1800.3744536087402,,,mixed C-O stretching / C-N stretching,nu(O6-C7),bond,3.303477251412154,-,-0.11956141671332784,0.3796426635236279
48,1800.3744536087402,,,mixed C-O stretching / C-N stretching,delta(H19-N8-H20),angle,2.0204347175302497,-,-0.11695857331733071,0.24264228911972324
48,1800.3744536087402,,,mixed C-O stretching / C-N stretching,delta(C5-O6-C7),angle,1.4941410117772949,+,0.09222174885323527,0.28860953510819726
48,1800.3744536087402,,,mixed C-O stretching / C-N stretching,delta(N8-C7-O9),angle,1.3387863008558465,-,-0.06191817913639171,0.5736681033914728
48,1800.3744536087402,,,mixed C-O stretching / C-N stretching,delta(C5-C4-H15),angle,0.08367780111603611,-,-0.008860915020110867,1.7508095722988488
48,1800.3744536087402,,,mixed C-O stretching / C-N stretching,nu(C5-O6),bond,0.05023537403139955,-,-0.016588191320834424,0.29991443217879
48,1800.3744536087402,,,mixed C-O stretching / C-N stretching,"gamma(C2;C4,H15,H16)",oop,0.048416777343919824,+,0.010462143891715575,0.7266751309793713
48,1800.3744536087402,,,mixed C-O stretching / C-N stretching,delta(C4-C5-H18),angle,0.04837503755905704,-,-0.014281617155873413,0.38962995436760806
48,1800.3744536087402,,,mixed C-O stretching / C-N stretching,delta(C4-C5-O6),angle,0.04003581161689571,+,0.011364946344919583,0.5092132008186406
48,1800.3744536087402,,,mixed C-O stretching / C-N stretching,delta(O6-C5-H17),angle,0.031829951630202094,+,0.014092070926025897,0.2633128987200418
48,1800.3744536087402,,,mixed C-O stretching / C-N stretching,"gamma(H18;C5,O6,H17)",oop,0.030730138978872917,-,-0.012797832289764693,0.3082318346285468
48,1800.3744536087402,,,mixed C-O stretching / C-N stretching,delta(C2-C4-H15),angle,0.020449977108104877,+,0.005737274312826919,1.0206277969587885
48,1800.3744536087402,,,mixed C-O stretching / C-N stretching,delta(C2-C4-C5),angle,0.016511123930214353,+,0.005842510043667642,0.7946273302237717
48,1800.3744536087402,,,mixed C-O stretching / C-N stretching,tau(H16-C4-C5-H18),dihedral,0.01581417386191014,-,-0.010595207128652522,0.23142666807728227
48,1800.3744536087402,,,mixed C-O stretching / C-N stretching,tau(O6-C7-N8-H19),dihedral,0.014475271323511993,-,-0.014024708979999105,0.12089958013102238
48,1800.3744536087402,,,mixed C-O stretching / C-N stretching,nu(C5-H17),bond,0.01003677238258594,-,-0.007027559551220774,0.3338649301903668
48,1800.3744536087402,,,mixed C-O stretching / C-N stretching,tau(O6-C7-N8-H20),dihedral,0.008656158098538064,+,0.02396293311790154,0.024764583303918165
48,1800.3744536087402,,,mixed C-O stretching / C-N stretching,tau(O9-C7-N8-H19),dihedral,0.007951463644420675,-,-0.009756256668101397,0.1372354906200594
48,1800.3744536087402,,,mixed C-O stretching / C-N stretching,nu(C5-H18),bond,0.007411392893192318,-,-0.005980174923139135,0.34045354277733064
48,1800.3744536087402,,,mixed C-O stretching / C-N stretching,nu(N8-H20),bond,0.006361806110134813,-,-0.0046470292432727696,0.48396662608765273
48,1800.3744536087402,,,mixed C-O stretching / C-N stretching,nu(C2-C4),bond,0.005030111556683353,-,-0.005573498557657595,0.26601591914570893
48,1800.3744536087402,,,mixed C-O stretching / C-N stretching,tau(O3-C2-C4-H16),dihedral,0.004902075998856273,+,0.0031558547954976647,0.8085964138894428
48,1800.3744536087402,,,mixed C-O stretching / C-N stretching,nu(N8-H19),bond,0.0031256766476981685,+,0.0032699614902780404,0.48022478197858476
48,1800.3744536087402,,,mixed C-O stretching / C-N stretching,delta(C2-C1-H10),angle,0.0020196315160034943,+,0.002085345078792127,0.7629605318840937
48,1800.3744536087402,,,mixed C-O stretching / C-N stretching,"gamma(H10;C1,H11,H12)",oop,0.0007719711700765854,+,0.0013761834331679087,0.6696289587334144
48,1800.3744536087402,,,mixed C-O stretching / C-N stretching,delta(C1-C2-C4),angle,0.0006575881841078578,+,0.0016187280686108594,0.4122797483308755
48,1800.3744536087402,,,mixed C-O stretching / C-N stretching,delta(H15-C4-H16),angle,0.0005359594663435106,-,-0.0009048927870439662,1.075284756701329
48,1800.3744536087402,,,mixed C-O stretching / C-N stretching,nu(C2-O3),bond,0.0003891208453221379,+,0.0014297127322447525,0.3127322887485309
48,1800.3744536087402,,,mixed C-O stretching / C-N stretching,delta(O3-C2-H13),angle,0.00038327519887781627,-,-0.0015030315142629488,0.2787149988564878
48,1800.3744536087402,,,mixed C-O stretching / C-N stretching,delta(C2-O3-H14),angle,0.00030401875060997357,-,-0.0016838206138302101,0.1761548163912733
48,1800.3744536087402,,,mixed C-O stretching / C-N stretching,tau(C5-O6-C7-N8),dihedral,0.00021887814913736374,+,0.003616641933885501,0.027490154249470444
48,1800.3744536087402,,,mixed C-O stretching / C-N stretching,nu(C1-C2),bond,0.00018690526486446943,-,-0.0010605038220059678,0.273012703189435
48,1800.3744536087402,,,mixed C-O stretching / C-N stretching,nu(C4-C5),bond,6.441080357099169e-05,-,-0.0006057598814421619,0.28836563189512043
48,1800.3744536087402,,,mixed C-O stretching / C-N stretching,tau(C1-C2-C4-C5),dihedral,5.678946345874654e-05,+,0.000346641018835256,0.7764145342752474
48,1800.3744536087402,,,mixed C-O stretching / C-N stretching,"gamma(C1;C2,O3,H13)",oop,5.3960036209046597e-05,+,0.000462375421038285,0.41463747292882314
48,1800.3744536087402,,,mixed C-O stretching / C-N stretching,tau(H12-C1-C2-C4),dihedral,3.810753867245694e-05,-,-0.00025503586086563564,0.9624854932709154
48,1800.3744536087402,,,mixed C-O stretching / C-N stretching,tau(H11-C1-C2-O3),dihedral,3.505850831113617e-05,-,-0.00026694298051076876,0.8082434974166677
48,1800.3744536087402,,,mixed C-O stretching / C-N stretching,delta(H11-C1-H12),angle,2.843230908817636e-05,-,-0.00023783484130983866,0.8257469440591959
48,1800.3744536087402,,,mixed C-O stretching / C-N stretching,nu(C2-H13),bond,1.9119418590160602e-05,-,-0.00030896839342263796,0.3290276293599761
48,1800.3744536087402,,,mixed C-O stretching / C-N stretching,tau(C2-C4-C5-O6),dihedral,1.8230866279092974e-05,+,0.00035407847499703055,0.23888784324546183
48,1800.3744536087402,,,mixed C-O stretching / C-N stretching,nu(C1-H10),bond,1.7125861462952672e-05,-,-0.000287881933813358,0.3394762530008387
48,1800.3744536087402,,,mixed C-O stretching / C-N stretching,nu(C4-H15),bond,1.7055395794102423e-05,+,0.000293408496858536,0.3254634512378247
48,1800.3744536087402,,,mixed C-O stretching / C-N stretching,nu(C4-H16),bond,1.2813616812620598e-05,+,0.00025221128368596303,0.33092418150229375
48,1800.3744536087402,,,mixed C-O stretching / C-N stretching,nu(O3-H14),bond,8.114635174528055e-06,+,0.00016095889281808205,0.5145467545258035
48,1800.3744536087402,,,mixed C-O stretching / C-N stretching,delta(C2-C1-H12),angle,7.150158652157784e-06,-,-0.00017924768836549067,0.36559003310172816
48,1800.3744536087402,,,mixed C-O stretching / C-N stretching,nu(C1-H12),bond,2.864156850469487e-06,-,-0.000119491119198232,0.3295424270765694
48,1800.3744536087402,,,mixed C-O stretching / C-N stretching,tau(H13-C2-O3-H14),dihedral,1.3607725418697688e-06,+,0.0004749883834717488,0.009908441658344393
48,1800.3744536087402,,,mixed C-O stretching / C-N stretching,nu(C1-H11),bond,7.749988572780682e-07,-,-6.15690330426087e-05,0.33586302282669245
48,1800.3744536087402,,,mixed C-O stretching / C-N stretching,tau(C4-C5-O6-C7),dihedral,2.3008068945324806e-07,-,-0.0002560142206949295,0.005766838473303552
48,1800.3744536087402,,,mixed C-O stretching / C-N stretching,tau(H10-C1-C2-C4),dihedral,1.8865913221485732e-07,-,-4.1987290242292626e-05,0.17580366884501275
49,3016.1460596816755,,,mixed-phase C-H stretching,nu(C4-H15),bond,67.91309868767989,+,0.8540435639211127,0.3254634512378247
49,3016.1460596816755,,,mixed-phase C-H stretching,nu(C4-H16),bond,15.722119650587379,+,0.4075169342785271,0.33092418150229375
49,3016.1460596816755,,,mixed-phase C-H stretching,nu(C1-H12),bond,6.6987259592258575,-,-0.26655989051446893,0.3295424270765694
49,3016.1460596816755,,,mixed-phase C-H stretching,nu(C1-H11),bond,3.180571587538498,-,-0.18193902160515568,0.33586302282669245
49,3016.1460596816755,,,mixed-phase C-H stretching,nu(C2-H13),bond,2.236334830949987,+,0.15413689048715548,0.3290276293599761
49,3016.1460596816755,,,mixed-phase C-H stretching,nu(C1-H10),bond,1.9617158110705508,-,-0.14212409420789138,0.3394762530008387
49,3016.1460596816755,,,mixed-phase C-H stretching,nu(C5-H17),bond,0.825471066596845,+,0.0929650891697574,0.3338649301903668
49,3016.1460596816755,,,mixed-phase C-H stretching,delta(C2-C4-C5),angle,0.2977357506268963,+,0.036189960363696524,0.7946273302237717
49,3016.1460596816755,,,mixed-phase C-H stretching,delta(H15-C4-H16),angle,0.2784495154047461,-,-0.030086097055896027,1.075284756701329
49,3016.1460596816755,,,mixed-phase C-H stretching,nu(C4-C5),bond,0.1093461262542442,-,-0.03640695149959079,0.28836563189512043
49,3016.1460596816755,,,mixed-phase C-H stretching,nu(C2-C4),bond,0.09876907126761829,-,-0.03602558445445041,0.26601591914570893
49,3016.1460596816755,,,mixed-phase C-H stretching,delta(C5-C4-H15),angle,0.09088396822617456,-,-0.013470339698307259,1.7508095722988488
49,3016.1460596816755,,,mixed-phase C-H stretching,delta(C2-C4-H15),angle,0.0877415204411509,-,-0.017334976028053267,1.0206277969587885
49,3016.1460596816755,,,mixed-phase C-H stretching,"gamma(C2;C4,H15,H16)",oop,0.0842433210917231,-,-0.020130379141069066,0.7266751309793713
49,3016.1460596816755,,,mixed-phase C-H stretching,tau(H12-C1-C2-C4),dihedral,0.07668841319807145,+,0.016688685990857238,0.9624854932709154
49,3016.1460596816755,,,mixed-phase C-H stretching,tau(O3-C2-C4-H16),dihedral,0.059923199204625965,-,-0.016094813697333735,0.8085964138894428
49,3016.1460596816755,,,mixed-phase C-H stretching,delta(C4-C5-O6),angle,0.05572580384467432,+,0.01955837224898642,0.5092132008186406
49,3016.1460596816755,,,mixed-phase C-H stretching,nu(C5-H18),bond,0.04625400900614882,+,0.021792152278902112,0.34045354277733064
49,3016.1460596816755,,,mixed-phase C-H stretching,delta(C1-C2-C4),angle,0.0374339048119918,+,0.017815209272740072,0.4122797483308755
49,3016.1460596816755,,,mixed-phase C-H stretching,tau(H16-C4-C5-H18),dihedral,0.02222756012220406,+,0.018322872478458912,0.23142666807728227
49,3016.1460596816755,,,mixed-phase C-H stretching,tau(C1-C2-C4-C5),dihedral,0.02039825386348977,+,0.009583056120633069,0.7764145342752474
49,3016.1460596816755,,,mixed-phase C-H stretching,"gamma(H10;C1,H11,H12)",oop,0.01840984044391923,-,-0.009803073581385624,0.6696289587334144
49,3016.1460596816755,,,mixed-phase C-H stretching,nu(C1-C2),bond,0.013908349245896356,+,0.013344451568549118,0.273012703189435
49,3016.1460596816755,,,mixed-phase C-H stretching,tau(H10-C1-C2-C4),dihedral,0.01344859673654009,+,0.016352301357240563,0.17580366884501275
49,3016.1460596816755,,,mixed-phase C-H stretching,delta(H11-C1-H12),angle,0.013207630297631761,+,0.007477274560917164,0.8257469440591959
49,3016.1460596816755,,,mixed-phase C-H stretching,tau(C2-C4-C5-O6),dihedral,0.01158790405974895,-,-0.01302146309108049,0.23888784324546183
49,3016.1460596816755,,,mixed-phase C-H stretching,tau(H11-C1-C2-O3),dihedral,0.010769777058522613,-,-0.006824747853142873,0.8082434974166677
49,3016.1460596816755,,,mixed-phase C-H stretching,delta(C2-C1-H10),angle,0.005226136501877998,-,-0.00489320827908271,0.7629605318840937
49,3016.1460596816755,,,mixed-phase C-H stretching,delta(C2-C1-H12),angle,0.002200370911514951,-,-0.004586750716603284,0.36559003310172816
49,3016.1460596816755,,,mixed-phase C-H stretching,nu(O3-H14),bond,0.0020098464720345846,+,0.0036950760726981334,0.5145467545258035
49,3016.1460596816755,,,mixed-phase C-H stretching,delta(O3-C2-H13),angle,0.0014020522642825578,-,-0.0041933034832166444,0.2787149988564878
49,3016.1460596816755,,,mixed-phase C-H stretching,"gamma(H18;C5,O6,H17)",oop,0.0008382329641516216,+,0.003083173651397537,0.3082318346285468
49,3016.1460596816755,,,mixed-phase C-H stretching,delta(O6-C5-H17),angle,0.0007865182565842086,-,-0.0032312659225537253,0.2633128987200418
49,3016.1460596816755,,,mixed-phase C-H stretching,delta(C2-O3-H14),angle,0.0005853343654687071,-,-0.0034080747674729785,0.1761548163912733
49,3016.1460596816755,,,mixed-phase C-H stretching,delta(C4-C5-H18),angle,0.0004847451640365293,+,0.0020853787192043026,0.38962995436760806
49,3016.1460596816755,,,mixed-phase C-H stretching,nu(C2-O3),bond,0.00046612695657924407,-,-0.0022825490117444826,0.3127322887485309
49,3016.1460596816755,,,mixed-phase C-H stretching,delta(C5-O6-C7),angle,0.00025830993547751313,+,0.001768762741798352,0.28860953510819726
49,3016.1460596816755,,,mixed-phase C-H stretching,tau(C4-C5-O6-C7),dihedral,0.00018284872531037824,-,-0.010527650012546423,0.005766838473303552
49,3016.1460596816755,,,mixed-phase C-H stretching,"gamma(C1;C2,O3,H13)",oop,0.00017741398683921746,+,0.0012229649681654014,0.41463747292882314
49,3016.1460596816755,,,mixed-phase C-H stretching,nu(C5-O6),bond,7.601485645627879e-05,-,-0.0009412498521760589,0.29991443217879
49,3016.1460596816755,,,mixed-phase C-H stretching,nu(O6-C7),bond,3.656140485784114e-05,-,-0.0005802007625465954,0.3796426635236279
49,3016.1460596816755,,,mixed-phase C-H stretching,nu(N8-H19),bond,2.610082986969078e-05,+,0.0004358722672222236,0.48022478197858476
49,3016.1460596816755,,,mixed-phase C-H stretching,tau(C5-O6-C7-N8),dihedral,1.7587160365915513e-05,-,-0.0014954215577667317,0.027490154249470444
49,3016.1460596816755,,,mixed-phase C-H stretching,nu(C7-O9),bond,1.525916981452067e-05,+,0.000255876364367687,0.8146654356474178
49,3016.1460596816755,,,mixed-phase C-H stretching,tau(H13-C2-O3-H14),dihedral,6.9156861153859474e-06,-,-0.0015619578931866504,0.009908441658344393
49,3016.1460596816755,,,mixed-phase C-H stretching,delta(C7-N8-H20),angle,5.165118753328017e-06,+,0.0002668015325569704,0.25363687773146887
49,3016.1460596816755,,,mixed-phase C-H stretching,delta(N8-C7-O9),angle,4.2741346898169584e-06,-,-0.0001613794064840855,0.5736681033914728
49,3016.1460596816755,,,mixed-phase C-H stretching,nu(N8-H20),bond,2.3949174475769175e-06,+,0.00013152003946802232,0.48396662608765273
49,3016.1460596816755,,,mixed-phase C-H stretching,delta(H19-N8-H20),angle,1.1445290174972853e-06,-,-0.00012840576432896687,0.24264228911972324
49,3016.1460596816755,,,mixed-phase C-H stretching,delta(O6-C7-N8),angle,3.8237124833729056e-07,+,4.571129502404923e-05,0.6396566299177271
49,3016.1460596816755,,,mixed-phase C-H stretching,nu(C7-N8),bond,1.3098725306266593e-07,-,-3.188201324548465e-05,0.45044968349124215
49,3016.1460596816755,,,mixed-phase C-H stretching,tau(O6-C7-N8-H20),dihedral,1.8070107498878418e-08,+,5.050323749042208e-05,0.024764583303918165
49,3016.1460596816755,,,mixed-phase C-H stretching,tau(O6-C7-N8-H19),dihedral,5.2179630228684285e-09,+,1.2282661009481313e-05,0.12089958013102238
49,3016.1460596816755,,,mixed-phase C-H stretching,tau(O9-C7-N8-H19),dihedral,1.8682463120522405e-10,-,-2.1814145763174437e-06,0.1372354906200594
50,3022.0801541969076,,,C-H stretching,nu(C1-H12),bond,54.84035102809788,+,0.7596677696907781,0.3295424270765694
50,3022.0801541969076,,,C-H stretching,nu(C1-H11),bond,16.82179177847373,+,0.41675832731753065,0.33586302282669245
50,3022.0801541969076,,,C-H stretching,nu(C1-H10),bond,11.924908114111632,+,0.34902141644782586,0.3394762530008387
50,3022.0801541969076,,,C-H stretching,nu(C4-H15),bond,8.728255937844871,+,0.3049592982452356,0.3254634512378247
50,3022.0801541969076,,,C-H stretching,nu(C2-H13),bond,5.893957789546233,+,0.2492393342095672,0.3290276293599761
50,3022.0801541969076,,,C-H stretching,nu(C4-H16),bond,0.7614722901517725,+,0.08932891445355765,0.33092418150229375
50,3022.0801541969076,,,C-H stretching,nu(C1-C2),bond,0.19228438008905516,-,-0.04942080687751179,0.273012703189435
50,3022.0801541969076,,,C-H stretching,"gamma(H10;C1,H11,H12)",oop,0.1822372748175381,+,0.030720674639030478,0.6696289587334144
50,3022.0801541969076,,,C-H stretching,delta(C2-C1-H10),angle,0.1436363856831498,+,0.02555115014856878,0.7629605318840937
50,3022.0801541969076,,,C-H stretching,delta(H11-C1-H12),angle,0.11164130903697136,-,-0.021653007609587067,0.8257469440591959
50,3022.0801541969076,,,C-H stretching,nu(C5-H17),bond,0.07153056162146097,+,0.027257729182689937,0.3338649301903668
50,3022.0801541969076,,,C-H stretching,delta(C2-C4-C5),angle,0.049089988444428474,+,0.014636726979303492,0.7946273302237717
50,3022.0801541969076,,,C-H stretching,tau(H12-C1-C2-C4),dihedral,0.04816301532671582,+,0.013173130500221043,0.9624854932709154
50,3022.0801541969076,,,C-H stretching,delta(C2-C4-H15),angle,0.03785908505471872,-,-0.011341764280343659,1.0206277969587885
50,3022.0801541969076,,,C-H stretching,delta(C1-C2-C4),angle,0.03520949502672412,+,0.01720929792622732,0.4122797483308755
50,3022.0801541969076,,,C-H stretching,delta(H15-C4-H16),angle,0.030228140561529723,-,-0.009873547683610283,1.075284756701329
50,3022.0801541969076,,,C-H stretching,delta(C5-C4-H15),angle,0.021807498380299255,-,-0.0065722295579791175,1.7508095722988488
50,3022.0801541969076,,,C-H stretching,nu(C2-C4),bond,0.019507880690198397,-,-0.015947054850708298,0.26601591914570893
50,3022.0801541969076,,,C-H stretching,"gamma(C2;C4,H15,H16)",oop,0.01578670604729151,-,-0.008679703071340073,0.7266751309793713
50,3022.0801541969076,,,C-H stretching,tau(C1-C2-C4-C5),dihedral,0.013528575755133517,-,-0.007773354369064175,0.7764145342752474
50,3022.0801541969076,,,C-H stretching,nu(C4-C5),bond,0.010423532347845283,-,-0.011196053519946576,0.28836563189512043
50,3022.0801541969076,,,C-H stretching,nu(O3-H14),bond,0.00924695465254445,+,0.007894346749145286,0.5145467545258035
50,3022.0801541969076,,,C-H stretching,"gamma(C1;C2,O3,H13)",oop,0.007322369566930492,+,0.007825656908860702,0.41463747292882314
50,3022.0801541969076,,,C-H stretching,tau(C2-C4-C5-O6),dihedral,0.006717435679247484,-,-0.009874929178149984,0.23888784324546183
50,3022.0801541969076,,,C-H stretching,delta(C4-C5-O6),angle,0.005619135596512091,+,0.006186060815764839,0.5092132008186406
50,3022.0801541969076,,,C-H stretching,delta(O3-C2-H13),angle,0.005503314637771653,-,-0.008274871479944688,0.2787149988564878
50,3022.0801541969076,,,C-H stretching,tau(H16-C4-C5-H18),dihedral,0.003260884394888913,+,0.006990210528876306,0.23142666807728227
50,3022.0801541969076,,,C-H stretching,delta(C2-C1-H12),angle,0.0032583965206259514,-,-0.005559478423407918,0.36559003310172816
50,3022.0801541969076,,,C-H stretching,delta(C2-O3-H14),angle,0.001836818613602007,-,-0.006013331288990774,0.1761548163912733
50,3022.0801541969076,,,C-H stretching,tau(H11-C1-C2-O3),dihedral,0.0011022423052045888,+,0.002174686629015526,0.8082434974166677
50,3022.0801541969076,,,C-H stretching,tau(H10-C1-C2-C4),dihedral,0.0008265595899771727,+,0.004037870379832905,0.17580366884501275
50,3022.0801541969076,,,C-H stretching,nu(C2-O3),bond,0.00069275550577029,-,-0.0027716149001721126,0.3127322887485309
50,3022.0801541969076,,,C-H stretching,delta(C4-C5-H18),angle,0.0004622422462335027,+,0.0020283266865528324,0.38962995436760806
50,3022.0801541969076,,,C-H stretching,nu(C5-H18),bond,0.00018366965381028875,+,0.0013677887608837143,0.34045354277733064
50,3022.0801541969076,,,C-H stretching,delta(O6-C5-H17),angle,8.353157209015918e-05,-,-0.0010488623989097694,0.2633128987200418
50,3022.0801541969076,,,C-H stretching,"gamma(H18;C5,O6,H17)",oop,7.240139499405783e-05,+,0.0009025348435565882,0.3082318346285468
50,3022.0801541969076,,,C-H stretching,tau(C4-C5-O6-C7),dihedral,4.0789343475680595e-05,-,-0.0049526053222755904,0.005766838473303552
50,3022.0801541969076,,,C-H stretching,delta(C5-O6-C7),angle,2.5862907498423234e-05,+,0.0005574585638999685,0.28860953510819726
50,3022.0801541969076,,,C-H stretching,nu(O6-C7),bond,2.3898150575498258e-05,-,-0.00046722265907765925,0.3796426635236279
50,3022.0801541969076,,,C-H stretching,nu(N8-H19),bond,1.0708240644878195e-05,+,0.0002780776171001886,0.48022478197858476
50,3022.0801541969076,,,C-H stretching,tau(O3-C2-C4-H16),dihedral,1.011102315770842e-05,-,-0.00020823844070385397,0.8085964138894428
50,3022.0801541969076,,,C-H stretching,tau(H13-C2-O3-H14),dihedral,8.130213317335316e-06,+,0.0016868542047912655,0.009908441658344393
50,3022.0801541969076,,,C-H stretching,nu(C7-O9),bond,7.414236044727234e-06,+,0.00017765311010876274,0.8146654356474178
50,3022.0801541969076,,,C-H stretching,delta(N8-C7-O9),angle,4.36238074357518e-06,-,-0.0001623905258707612,0.5736681033914728
50,3022.0801541969076,,,C-H stretching,nu(N8-H20),bond,3.3090934195273205e-06,+,0.00015398416521240603,0.48396662608765273
50,3022.0801541969076,,,C-H stretching,tau(C5-O6-C7-N8),dihedral,2.2667334629379813e-06,-,-0.0005347378131779915,0.027490154249470444
50,3022.0801541969076,,,C-H stretching,delta(C7-N8-H20),angle,1.6912164128738346e-06,+,0.00015206268309087456,0.25363687773146887
50,3022.0801541969076,,,C-H stretching,nu(C5-O6),bond,7.990001659890424e-07,-,-9.611784126693707e-05,0.29991443217879
50,3022.0801541969076,,,C-H stretching,delta(O6-C7-N8),angle,6.200074536066812e-07,+,5.7976802330694526e-05,0.6396566299177271
50,3022.0801541969076,,,C-H stretching,nu(C7-N8),bond,5.474015010560117e-07,+,6.491709915293725e-05,0.45044968349124215
50,3022.0801541969076,,,C-H stretching,tau(O6-C7-N8-H20),dihedral,6.734835255791125e-09,+,3.070981724566872e-05,0.024764583303918165
50,3022.0801541969076,,,C-H stretching,tau(O9-C7-N8-H19),dihedral,2.8755339585952084e-09,+,8.524232502062386e-06,0.1372354906200594
50,3022.0801541969076,,,C-H stretching,tau(O6-C7-N8-H19),dihedral,1.2796105246262205e-09,+,6.0583695559137005e-06,0.12089958013102238
50,3022.0801541969076,,,C-H stretching,delta(H19-N8-H20),angle,1.227022225905212e-10,+,1.3242568360025139e-06,0.24264228911972324
51,3045.302258898483,,,mixed-phase C-H stretching,nu(C2-H13),bond,75.92374919627537,-,-0.9104671719741539,0.3290276293599761
51,3045.302258898483,,,mixed-phase C-H stretching,nu(C4-H16),bond,11.30301343435257,+,0.3502874056703955,0.33092418150229375
51,3045.302258898483,,,mixed-phase C-H stretching,nu(C1-H11),bond,4.368830599886378,+,0.21616887339009674,0.33586302282669245
51,3045.302258898483,,,mixed-phase C-H stretching,nu(C1-H10),bond,3.2240262969830202,+,0.18470822735567158,0.3394762530008387
51,3045.302258898483,,,mixed-phase C-H stretching,nu(C5-H17),bond,2.1997209680229934,+,0.15384736019673168,0.3338649301903668
51,3045.302258898483,,,mixed-phase C-H stretching,nu(C5-H18),bond,1.1112842507229777,+,0.10828674601364574,0.34045354277733064
51,3045.302258898483,,,mixed-phase C-H stretching,tau(H12-C1-C2-C4),dihedral,0.37874398230330086,-,-0.037598232317109535,0.9624854932709154
51,3045.302258898483,,,mixed-phase C-H stretching,delta(C2-C4-H15),angle,0.2773497196766438,+,0.031244373598526012,1.0206277969587885
51,3045.302258898483,,,mixed-phase C-H stretching,nu(C4-H15),bond,0.255999239369548,+,0.05315692834022248,0.3254634512378247
51,3045.302258898483,,,mixed-phase C-H stretching,tau(O3-C2-C4-H16),dihedral,0.15923012539980988,-,-0.02659734984402702,0.8085964138894428
51,3045.302258898483,,,mixed-phase C-H stretching,delta(C2-C1-H12),angle,0.12674323333547963,+,0.03529042349904633,0.36559003310172816
51,3045.302258898483,,,mixed-phase C-H stretching,tau(H11-C1-C2-O3),dihedral,0.1012896921820216,+,0.02121793763997288,0.8082434974166677
51,3045.302258898483,,,mixed-phase C-H stretching,tau(C1-C2-C4-C5),dihedral,0.08957496308990229,+,0.02035814218580622,0.7764145342752474
51,3045.302258898483,,,mixed-phase C-H stretching,delta(O3-C2-H13),angle,0.058253298783627984,+,0.027401336384174614,0.2787149988564878
51,3045.302258898483,,,mixed-phase C-H stretching,tau(C2-C4-C5-O6),dihedral,0.05366547999004587,+,0.02840809665509258,0.23888784324546183
51,3045.302258898483,,,mixed-phase C-H stretching,delta(C1-C2-C4),angle,0.04470628637434758,-,-0.01973694584029558,0.4122797483308755
51,3045.302258898483,,,mixed-phase C-H stretching,delta(C2-O3-H14),angle,0.04226043832156157,+,0.029356980894981042,0.1761548163912733
51,3045.302258898483,,,mixed-phase C-H stretching,nu(O3-H14),bond,0.03191880579036304,-,-0.014928031683657177,0.5145467545258035
51,3045.302258898483,,,mixed-phase C-H stretching,delta(H15-C4-H16),angle,0.03106271699749011,-,-0.010187077918829843,1.075284756701329
51,3045.302258898483,,,mixed-phase C-H stretching,nu(C4-C5),bond,0.026935645216717333,-,-0.01831823367480901,0.28836563189512043
51,3045.302258898483,,,mixed-phase C-H stretching,tau(H10-C1-C2-C4),dihedral,0.026509408423225,-,-0.02327435764987008,0.17580366884501275
51,3045.302258898483,,,mixed-phase C-H stretching,delta(C2-C1-H10),angle,0.02587967583414652,-,-0.011038753424495638,0.7629605318840937
51,3045.302258898483,,,mixed-phase C-H stretching,"gamma(C1;C2,O3,H13)",oop,0.023018582996435687,-,-0.014122015077130245,0.41463747292882314
51,3045.302258898483,,,mixed-phase C-H stretching,delta(C4-C5-O6),angle,0.02039776562607161,+,0.011995907946656377,0.5092132008186406
51,3045.302258898483,,,mixed-phase C-H stretching,nu(C2-O3),bond,0.01847681842790171,+,0.014568635798790584,0.3127322887485309
51,3045.302258898483,,,mixed-phase C-H stretching,"gamma(H10;C1,H11,H12)",oop,0.018218974048516072,+,0.00988636175499719,0.6696289587334144
51,3045.302258898483,,,mixed-phase C-H stretching,"gamma(C2;C4,H15,H16)",oop,0.012441193628574284,+,0.007842463904338794,0.7266751309793713
51,3045.302258898483,,,mixed-phase C-H stretching,nu(C2-C4),bond,0.012047648256100591,+,0.012755250111791613,0.26601591914570893
51,3045.302258898483,,,mixed-phase C-H stretching,nu(C1-C2),bond,0.010954155692459711,+,0.01200576061832637,0.273012703189435
51,3045.302258898483,,,mixed-phase C-H stretching,nu(C1-H12),bond,0.0062890493194764025,+,0.00827996469374034,0.3295424270765694
51,3045.302258898483,,,mixed-phase C-H stretching,delta(C4-C5-H18),angle,0.004976746278995483,-,-0.006773891467744594,0.38962995436760806
51,3045.302258898483,,,mixed-phase C-H stretching,delta(C5-C4-H15),angle,0.004759142159321343,+,0.0031249029592198265,1.7508095722988488
51,3045.302258898483,,,mixed-phase C-H stretching,nu(C5-O6),bond,0.0023837240659131905,-,-0.00534344028966649,0.29991443217879
51,3045.302258898483,,,mixed-phase C-H stretching,"gamma(H18;C5,O6,H17)",oop,0.002029701566779367,+,0.00486372487670587,0.3082318346285468
51,3045.302258898483,,,mixed-phase C-H stretching,delta(C5-O6-C7),angle,0.0010711061461759637,+,0.003651342487652586,0.28860953510819726
51,3045.302258898483,,,mixed-phase C-H stretching,tau(H16-C4-C5-H18),dihedral,0.0009471250689436154,-,-0.0038343223161957504,0.23142666807728227
51,3045.302258898483,,,mixed-phase C-H stretching,delta(H11-C1-H12),angle,0.0006582537941236573,-,-0.0016922512773875557,0.8257469440591959
51,3045.302258898483,,,mixed-phase C-H stretching,delta(O6-C5-H17),angle,0.00031259034355498856,-,-0.0020651108311183857,0.2633128987200418
51,3045.302258898483,,,mixed-phase C-H stretching,nu(C7-O9),bond,7.849669733222834e-05,+,0.0005883390835441553,0.8146654356474178
51,3045.302258898483,,,mixed-phase C-H stretching,nu(O6-C7),bond,6.192063933287999e-05,-,-0.0007654588748582621,0.3796426635236279
51,3045.302258898483,,,mixed-phase C-H stretching,tau(C4-C5-O6-C7),dihedral,5.027890372188485e-05,+,0.005596489057519109,0.005766838473303552
51,3045.302258898483,,,mixed-phase C-H stretching,delta(C2-C4-C5),angle,2.28472916999397e-05,+,0.0003213862312647159,0.7946273302237717
51,3045.302258898483,,,mixed-phase C-H stretching,nu(N8-H19),bond,1.7327063900427527e-05,+,0.0003600243352147995,0.48022478197858476
51,3045.302258898483,,,mixed-phase C-H stretching,delta(N8-C7-O9),angle,1.4677794703818968e-05,-,-0.00030317382669856497,0.5736681033914728
51,3045.302258898483,,,mixed-phase C-H stretching,tau(C5-O6-C7-N8),dihedral,9.183167057646933e-06,-,-0.0010954670187094575,0.027490154249470444
51,3045.302258898483,,,mixed-phase C-H stretching,delta(C7-N8-H20),angle,7.924873846105242e-06,+,0.0003350284068947509,0.25363687773146887
51,3045.302258898483,,,mixed-phase C-H stretching,delta(O6-C7-N8),angle,4.4131499189398315e-06,+,0.00015743182877717284,0.6396566299177271
51,3045.302258898483,,,mixed-phase C-H stretching,nu(N8-H20),bond,1.5949147732702667e-06,+,0.00010880596022262552,0.48396662608765273
51,3045.302258898483,,,mixed-phase C-H stretching,tau(H13-C2-O3-H14),dihedral,4.950722135047012e-07,-,-0.00042366564665134704,0.009908441658344393
51,3045.302258898483,,,mixed-phase C-H stretching,nu(C7-N8),bond,4.915243532484146e-07,-,-6.26096145068356e-05,0.45044968349124215
51,3045.302258898483,,,mixed-phase C-H stretching,delta(H19-N8-H20),angle,1.5133430485898243e-07,-,-4.733442419770555e-05,0.24264228911972324
51,3045.302258898483,,,mixed-phase C-H stretching,tau(O9-C7-N8-H19),dihedral,1.3469561305965063e-07,-,-5.937931163498132e-05,0.1372354906200594
51,3045.302258898483,,,mixed-phase C-H stretching,tau(O6-C7-N8-H20),dihedral,2.3143210883865617e-08,+,5.794126151877997e-05,0.024764583303918165
51,3045.302258898483,,,mixed-phase C-H stretching,tau(O6-C7-N8-H19),dihedral,4.983095187469611e-09,+,1.2168270287869112e-05,0.12089958013102238
52,3057.382716266868,,,mixed-phase C-H stretching,nu(C5-H17),bond,60.85047828078099,+,0.8102486838568759,0.3338649301903668
52,3057.382716266868,,,mixed-phase C-H stretching,nu(C4-H16),bond,25.780232665150688,-,-0.5297255272888032,0.33092418150229375
52,3057.382716266868,,,mixed-phase C-H stretching,nu(C5-H18),bond,8.999627238820729,+,0.30857097246521803,0.34045354277733064
52,3057.382716266868,,,mixed-phase C-H stretching,nu(C4-H15),bond,2.318697129444179,+,0.16019266882557484,0.3254634512378247
52,3057.382716266868,,,mixed-phase C-H stretching,delta(C5-C4-H15),angle,0.5760599243218373,-,-0.03442596419117111,1.7508095722988488
52,3057.382716266868,,,mixed-phase C-H stretching,nu(C1-H11),bond,0.3847090630993213,+,0.06423279941685354,0.33586302282669245
52,3057.382716266868,,,mixed-phase C-H stretching,nu(C1-H12),bond,0.33602227696301373,-,-0.06060383464501397,0.3295424270765694
52,3057.382716266868,,,mixed-phase C-H stretching,tau(C1-C2-C4-C5),dihedral,0.20811461592522118,+,0.031072500233656427,0.7764145342752474
52,3057.382716266868,,,mixed-phase C-H stretching,delta(C4-C5-H18),angle,0.09155454568828414,+,0.02909280020926273,0.38962995436760806
52,3057.382716266868,,,mixed-phase C-H stretching,delta(C4-C5-O6),angle,0.08401230964921641,+,0.024377736177767378,0.5092132008186406
52,3057.382716266868,,,mixed-phase C-H stretching,delta(C2-C4-H15),angle,0.0686444343299879,-,-0.015564698285831057,1.0206277969587885
52,3057.382716266868,,,mixed-phase C-H stretching,nu(C5-O6),bond,0.05168446491419836,-,-0.024914551126143353,0.29991443217879
52,3057.382716266868,,,mixed-phase C-H stretching,nu(C4-C5),bond,0.044839873950132905,-,-0.023666398852750077,0.28836563189512043
52,3057.382716266868,,,mixed-phase C-H stretching,"gamma(H18;C5,O6,H17)",oop,0.03661726296454879,+,0.020685971937551242,0.3082318346285468
52,3057.382716266868,,,mixed-phase C-H stretching,tau(H12-C1-C2-C4),dihedral,0.03199144740874407,+,0.010941870888872378,0.9624854932709154
52,3057.382716266868,,,mixed-phase C-H stretching,delta(H15-C4-H16),angle,0.0287870399501906,+,0.009819932396614411,1.075284756701329
52,3057.382716266868,,,mixed-phase C-H stretching,delta(O6-C5-H17),angle,0.0242117105136663,-,-0.018199036944949308,0.2633128987200418
52,3057.382716266868,,,mixed-phase C-H stretching,delta(C5-O6-C7),angle,0.021318948399451188,+,0.016311702385703196,0.28860953510819726
52,3057.382716266868,,,mixed-phase C-H stretching,tau(H10-C1-C2-C4),dihedral,0.013915712016170955,+,0.016885366307033595,0.17580366884501275
52,3057.382716266868,,,mixed-phase C-H stretching,tau(H16-C4-C5-H18),dihedral,0.00988928531380076,-,-0.012406448851655831,0.23142666807728227
52,3057.382716266868,,,mixed-phase C-H stretching,"gamma(C2;C4,H15,H16)",oop,0.007012880259401425,+,0.005895895812242841,0.7266751309793713
52,3057.382716266868,,,mixed-phase C-H stretching,nu(C2-C4),bond,0.006612731358711571,+,0.00946255384750243,0.26601591914570893
52,3057.382716266868,,,mixed-phase C-H stretching,tau(O3-C2-C4-H16),dihedral,0.006302588380264162,-,-0.005298650863724549,0.8085964138894428
52,3057.382716266868,,,mixed-phase C-H stretching,delta(C1-C2-C4),angle,0.0033899946242266733,-,-0.0054422093105351895,0.4122797483308755
52,3057.382716266868,,,mixed-phase C-H stretching,delta(C2-C4-C5),angle,0.002771489589032183,+,0.003544431716849496,0.7946273302237717
52,3057.382716266868,,,mixed-phase C-H stretching,tau(C2-C4-C5-O6),dihedral,0.002564317191840028,-,-0.00621814127058258,0.23888784324546183
52,3057.382716266868,,,mixed-phase C-H stretching,nu(C7-O9),bond,0.0020684146912431497,+,0.003024133080884092,0.8146654356474178
52,3057.382716266868,,,mixed-phase C-H stretching,nu(C1-H10),bond,0.0016960380144174238,-,-0.004242138352761389,0.3394762530008387
52,3057.382716266868,,,mixed-phase C-H stretching,delta(C2-C1-H12),angle,0.0011390864105848236,+,0.003350062419878826,0.36559003310172816
52,3057.382716266868,,,mixed-phase C-H stretching,nu(O6-C7),bond,0.001102855477757001,-,-0.0032347709468089564,0.3796426635236279
52,3057.382716266868,,,mixed-phase C-H stretching,tau(C5-O6-C7-N8),dihedral,0.001039432758741311,-,-0.01167028196041421,0.027490154249470444
52,3057.382716266868,,,mixed-phase C-H stretching,tau(C4-C5-O6-C7),dihedral,0.0009872734290245829,-,-0.024832564270612402,0.005766838473303552
52,3057.382716266868,,,mixed-phase C-H stretching,nu(C2-H13),bond,0.0007479459844251288,-,-0.0028614797088059225,0.3290276293599761
52,3057.382716266868,,,mixed-phase C-H stretching,delta(N8-C7-O9),angle,0.00025913868305107275,-,-0.001275579436462933,0.5736681033914728
52,3057.382716266868,,,mixed-phase C-H stretching,delta(O6-C7-N8),angle,0.00020560556227152993,+,0.0010760085302727186,0.6396566299177271
52,3057.382716266868,,,mixed-phase C-H stretching,nu(C2-O3),bond,0.0001538136949127244,+,0.0013310147804277543,0.3127322887485309
52,3057.382716266868,,,mixed-phase C-H stretching,delta(C7-N8-H20),angle,0.00013914826672511863,+,0.0014057381741358148,0.25363687773146887
52,3057.382716266868,,,mixed-phase C-H stretching,tau(H11-C1-C2-O3),dihedral,0.00013650657206674721,-,-0.0007799691189536392,0.8082434974166677
52,3057.382716266868,,,mixed-phase C-H stretching,nu(N8-H19),bond,4.4582185323145245e-05,+,0.0005782692910838233,0.48022478197858476
52,3057.382716266868,,,mixed-phase C-H stretching,nu(C7-N8),bond,4.212414110089285e-05,-,-0.0005803822525582672,0.45044968349124215
52,3057.382716266868,,,mixed-phase C-H stretching,"gamma(H10;C1,H11,H12)",oop,4.1076179461763956e-05,-,-0.0004700560483392087,0.6696289587334144
52,3057.382716266868,,,mixed-phase C-H stretching,delta(C2-C1-H10),angle,3.558404207513162e-05,+,0.00040987208472882377,0.7629605318840937
52,3057.382716266868,,,mixed-phase C-H stretching,nu(C1-C2),bond,2.8539390410843796e-05,-,-0.0006136244503401661,0.273012703189435
52,3057.382716266868,,,mixed-phase C-H stretching,delta(H11-C1-H12),angle,2.1047058834709457e-05,-,-0.0003030009271114849,0.8257469440591959
52,3057.382716266868,,,mixed-phase C-H stretching,delta(O3-C2-H13),angle,1.6372464051180585e-05,-,-0.0004599902112290974,0.2787149988564878
52,3057.382716266868,,,mixed-phase C-H stretching,nu(O3-H14),bond,1.1257802253760891e-05,-,-0.0002807282534284024,0.5145467545258035
52,3057.382716266868,,,mixed-phase C-H stretching,"gamma(C1;C2,O3,H13)",oop,8.808852237863836e-06,+,0.00027662862968480447,0.41463747292882314
52,3057.382716266868,,,mixed-phase C-H stretching,delta(C2-O3-H14),angle,7.900758758996895e-06,+,0.0004019378239635713,0.1761548163912733
52,3057.382716266868,,,mixed-phase C-H stretching,tau(H13-C2-O3-H14),dihedral,1.98432499529381e-06,-,-0.0008493280366566859,0.009908441658344393
52,3057.382716266868,,,mixed-phase C-H stretching,tau(O6-C7-N8-H19),dihedral,1.6927659452222309e-06,+,0.00022457313295137088,0.12089958013102238
52,3057.382716266868,,,mixed-phase C-H stretching,nu(N8-H20),bond,1.0202832054864643e-06,+,8.71413731763354e-05,0.48396662608765273
52,3057.382716266868,,,mixed-phase C-H stretching,tau(O9-C7-N8-H19),dihedral,2.5969789740812813e-07,+,8.256057984526207e-05,0.1372354906200594
52,3057.382716266868,,,mixed-phase C-H stretching,tau(O6-C7-N8-H20),dihedral,1.9627133650850302e-07,+,0.0001689602972323031,0.024764583303918165
52,3057.382716266868,,,mixed-phase C-H stretching,delta(H19-N8-H20),angle,6.322898021098766e-08,+,3.063702414067667e-05,0.24264228911972324
53,3064.526895882289,,,mixed-phase C-H stretching,nu(C4-H16),bond,39.356223486163834,-,-0.6578569700369788,0.33092418150229375
53,3064.526895882289,,,mixed-phase C-H stretching,nu(C4-H15),bond,17.184526447840025,+,0.4383355504447225,0.3254634512378247
53,3064.526895882289,,,mixed-phase C-H stretching,nu(C5-H18),bond,15.348573226491812,-,-0.4050364420373588,0.34045354277733064
53,3064.526895882289,,,mixed-phase C-H stretching,nu(C5-H17),bond,12.494172765668342,-,-0.36902634804990625,0.3338649301903668
53,3064.526895882289,,,mixed-phase C-H stretching,nu(C2-H13),bond,6.493379113050783,-,-0.2679836010777949,0.3290276293599761
53,3064.526895882289,,,mixed-phase C-H stretching,nu(C1-H11),bond,4.538338765394025,+,0.22174630011585855,0.33586302282669245
53,3064.526895882289,,,mixed-phase C-H stretching,nu(C1-H12),bond,2.4103379115400805,-,-0.16314445631739685,0.3295424270765694
53,3064.526895882289,,,mixed-phase C-H stretching,nu(C1-H10),bond,0.7991849398374596,+,0.09255672275437077,0.3394762530008387
53,3064.526895882289,,,mixed-phase C-H stretching,tau(C1-C2-C4-C5),dihedral,0.35605471077124656,+,0.040850799702077445,0.7764145342752474
53,3064.526895882289,,,mixed-phase C-H stretching,delta(C5-C4-H15),angle,0.24519139841124077,-,-0.02257471011418582,1.7508095722988488
53,3064.526895882289,,,mixed-phase C-H stretching,delta(C2-C4-H15),angle,0.11280444808975584,-,-0.0200548048121896,1.0206277969587885
53,3064.526895882289,,,mixed-phase C-H stretching,tau(O3-C2-C4-H16),dihedral,0.10004123871947744,-,-0.021218400763169293,0.8085964138894428
53,3064.526895882289,,,mixed-phase C-H stretching,delta(C2-C4-C5),angle,0.07842633028186775,-,-0.018951265723788854,0.7946273302237717
53,3064.526895882289,,,mixed-phase C-H stretching,delta(C4-C5-O6),angle,0.07067478767679165,-,-0.022473538197334633,0.5092132008186406
53,3064.526895882289,,,mixed-phase C-H stretching,nu(C4-C5),bond,0.06446551175465905,+,0.028522066686178023,0.28836563189512043
53,3064.526895882289,,,mixed-phase C-H stretching,delta(C4-C5-H18),angle,0.04975704457150155,+,0.021557090380440198,0.38962995436760806
53,3064.526895882289,,,mixed-phase C-H stretching,delta(C2-C1-H12),angle,0.04549139681018551,+,0.02127925825740535,0.36559003310172816
53,3064.526895882289,,,mixed-phase C-H stretching,"gamma(H18;C5,O6,H17)",oop,0.03399419355264895,-,-0.02003330711281927,0.3082318346285468
53,3064.526895882289,,,mixed-phase C-H stretching,tau(H10-C1-C2-C4),dihedral,0.03142331970821375,+,0.025503576497051202,0.17580366884501275
53,3064.526895882289,,,mixed-phase C-H stretching,tau(C2-C4-C5-O6),dihedral,0.027260431631834312,-,-0.02037785005733602,0.23888784324546183
53,3064.526895882289,,,mixed-phase C-H stretching,tau(H16-C4-C5-H18),dihedral,0.024068379383926614,+,0.019453858201389708,0.23142666807728227
53,3064.526895882289,,,mixed-phase C-H stretching,nu(C5-O6),bond,0.023587523896090735,+,0.016917318164728364,0.29991443217879
53,3064.526895882289,,,mixed-phase C-H stretching,delta(C1-C2-C4),angle,0.02094553384889559,-,-0.013596863538959258,0.4122797483308755
53,3064.526895882289,,,mixed-phase C-H stretching,tau(H12-C1-C2-C4),dihedral,0.017279747808335508,+,0.008082777553924168,0.9624854932709154
53,3064.526895882289,,,mixed-phase C-H stretching,nu(C2-C4),bond,0.012436269020708645,+,0.0130430831738271,0.26601591914570893
53,3064.526895882289,,,mixed-phase C-H stretching,delta(C5-O6-C7),angle,0.009657330616008614,-,-0.011034743314793849,0.28860953510819726
53,3064.526895882289,,,mixed-phase C-H stretching,delta(H15-C4-H16),angle,0.008288416905770868,+,0.00529618409065042,1.075284756701329
53,3064.526895882289,,,mixed-phase C-H stretching,"gamma(C2;C4,H15,H16)",oop,0.0079850848572315,+,0.006323516296882433,0.7266751309793713
53,3064.526895882289,,,mixed-phase C-H stretching,"gamma(C1;C2,O3,H13)",oop,0.0057498696006789505,-,-0.007103685837275935,0.41463747292882314
53,3064.526895882289,,,mixed-phase C-H stretching,delta(O3-C2-H13),angle,0.005651299670245796,+,0.00858979939210429,0.2787149988564878
53,3064.526895882289,,,mixed-phase C-H stretching,delta(C2-C1-H10),angle,0.005121931759190658,-,-0.004942593353910858,0.7629605318840937
53,3064.526895882289,,,mixed-phase C-H stretching,delta(C2-O3-H14),angle,0.004576514961206511,+,0.009723199692536297,0.1761548163912733
53,3064.526895882289,,,mixed-phase C-H stretching,nu(O3-H14),bond,0.0036920637120548988,-,-0.005109885806923395,0.5145467545258035
53,3064.526895882289,,,mixed-phase C-H stretching,"gamma(H10;C1,H11,H12)",oop,0.0034402887618678827,+,0.004323837442733284,0.6696289587334144
53,3064.526895882289,,,mixed-phase C-H stretching,nu(C2-O3),bond,0.0023812084242935167,+,0.005263824081603255,0.3127322887485309
53,3064.526895882289,,,mixed-phase C-H stretching,tau(C4-C5-O6-C7),dihedral,0.0009350033467444047,-,-0.024289955109415264,0.005766838473303552
53,3064.526895882289,,,mixed-phase C-H stretching,nu(C7-O9),bond,0.000902051848457715,-,-0.0020073131429782175,0.8146654356474178
53,3064.526895882289,,,mixed-phase C-H stretching,tau(H11-C1-C2-O3),dihedral,0.0008959179622598298,+,0.002008408428976345,0.8082434974166677
53,3064.526895882289,,,mixed-phase C-H stretching,delta(O6-C5-H17),angle,0.000882213103573216,+,0.003491722392634572,0.2633128987200418
53,3064.526895882289,,,mixed-phase C-H stretching,nu(O6-C7),bond,0.0005151109543537912,+,0.0022220401916567137,0.3796426635236279
53,3064.526895882289,,,mixed-phase C-H stretching,nu(C1-C2),bond,0.0003377736240152824,+,0.0021218293979706256,0.273012703189435
53,3064.526895882289,,,mixed-phase C-H stretching,delta(N8-C7-O9),angle,0.00010827124814040343,+,0.0008287341647377031,0.5736681033914728
53,3064.526895882289,,,mixed-phase C-H stretching,delta(O6-C7-N8),angle,8.883653174577121e-05,-,-0.000710904670972879,0.6396566299177271
53,3064.526895882289,,,mixed-phase C-H stretching,delta(C7-N8-H20),angle,6.42895355546201e-05,-,-0.0009604018059510858,0.25363687773146887
53,3064.526895882289,,,mixed-phase C-H stretching,delta(H11-C1-H12),angle,2.9841456340127613e-05,+,0.00036263986345111594,0.8257469440591959
53,3064.526895882289,,,mixed-phase C-H stretching,nu(N8-H19),bond,2.41244967865843e-05,-,-0.0004275588208053031,0.48022478197858476
53,3064.526895882289,,,mixed-phase C-H stretching,nu(C7-N8),bond,2.2471214596235878e-05,+,0.00042606823158088916,0.45044968349124215
53,3064.526895882289,,,mixed-phase C-H stretching,tau(C5-O6-C7-N8),dihedral,9.292807278767407e-06,-,-0.0011091081586108744,0.027490154249470444
53,3064.526895882289,,,mixed-phase C-H stretching,nu(N8-H20),bond,8.064112520288212e-07,-,-7.786810494079972e-05,0.48396662608765273
53,3064.526895882289,,,mixed-phase C-H stretching,tau(H13-C2-O3-H14),dihedral,4.5032573479119465e-07,+,0.0004066771093630432,0.009908441658344393
53,3064.526895882289,,,mixed-phase C-H stretching,tau(O9-C7-N8-H19),dihedral,2.2150627985888863e-07,+,7.663882277978332e-05,0.1372354906200594
53,3064.526895882289,,,mixed-phase C-H stretching,delta(H19-N8-H20),angle,1.6566039679473006e-07,+,4.984425675291304e-05,0.24264228911972324
53,3064.526895882289,,,mixed-phase C-H stretching,tau(O6-C7-N8-H19),dihedral,1.4242999442864027e-07,+,6.547527865692501e-05,0.12089958013102238
53,3064.526895882289,,,mixed-phase C-H stretching,tau(O6-C7-N8-H20),dihedral,8.434419233272181e-08,-,-0.00011132715292675503,0.024764583303918165
54,3088.388959998754,,,mixed-phase C-H stretching,nu(C1-H11),bond,46.39120030493529,-,-0.7120961201051499,0.33586302282669245
54,3088.388959998754,,,mixed-phase C-H stretching,nu(C1-H12),bond,33.12203132327918,+,0.6074418713248212,0.3295424270765694
54,3088.388959998754,,,mixed-phase C-H stretching,nu(C2-H13),bond,7.406307404626019,-,-0.287466071330309,0.3290276293599761
54,3088.388959998754,,,mixed-phase C-H stretching,nu(C1-H10),bond,7.2988522208407645,-,-0.28094706296609007,0.3394762530008387
54,3088.388959998754,,,mixed-phase C-H stretching,nu(C4-H16),bond,2.455947040010747,-,-0.16506202091709224,0.33092418150229375
54,3088.388959998754,,,mixed-phase C-H stretching,nu(C5-H18),bond,1.3306916808419391,-,-0.11978755566475895,0.34045354277733064
54,3088.388959998754,,,mixed-phase C-H stretching,nu(C4-H15),bond,1.2637531748253281,+,0.11939384211764195,0.3254634512378247
54,3088.388959998754,,,mixed-phase C-H stretching,tau(H11-C1-C2-O3),dihedral,0.18812585703812684,+,0.02923176556829831,0.8082434974166677
54,3088.388959998754,,,mixed-phase C-H stretching,delta(C2-C1-H12),angle,0.12176051877716876,-,-0.03496696849656506,0.36559003310172816
54,3088.388959998754,,,mixed-phase C-H stretching,tau(H12-C1-C2-C4),dihedral,0.10688312408307825,+,0.02019107232301966,0.9624854932709154
54,3088.388959998754,,,mixed-phase C-H stretching,tau(H10-C1-C2-C4),dihedral,0.048982477874046526,-,-0.031982198867413866,0.17580366884501275
54,3088.388959998754,,,mixed-phase C-H stretching,delta(C5-C4-H15),angle,0.04688310373544669,-,-0.009914952370235597,1.7508095722988488
54,3088.388959998754,,,mixed-phase C-H stretching,"gamma(H10;C1,H11,H12)",oop,0.035133344081028466,-,-0.013878564306900548,0.6696289587334144
54,3088.388959998754,,,mixed-phase C-H stretching,tau(O3-C2-C4-H16),dihedral,0.03429753144806614,-,-0.012478645207132665,0.8085964138894428
54,3088.388959998754,,,mixed-phase C-H stretching,tau(C1-C2-C4-C5),dihedral,0.030755132538729357,-,-0.012059071887867935,0.7764145342752474
54,3088.388959998754,,,mixed-phase C-H stretching,nu(C1-C2),bond,0.02746415675579296,+,0.01921735522896497,0.273012703189435
54,3088.388959998754,,,mixed-phase C-H stretching,nu(C5-H17),bond,0.024641727317505618,+,0.016460843409597154,0.3338649301903668
54,3088.388959998754,,,mixed-phase C-H stretching,delta(C2-C4-C5),angle,0.010830085641602365,-,-0.007073528496279325,0.7946273302237717
54,3088.388959998754,,,mixed-phase C-H stretching,delta(C4-C5-H18),angle,0.008583912945779341,+,0.008993285784871564,0.38962995436760806
54,3088.388959998754,,,mixed-phase C-H stretching,delta(C2-O3-H14),angle,0.0072452342929926585,+,0.012287990501373304,0.1761548163912733
54,3088.388959998754,,,mixed-phase C-H stretching,delta(O3-C2-H13),angle,0.006992160605714579,+,0.009596821969841693,0.2787149988564878
54,3088.388959998754,,,mixed-phase C-H stretching,"gamma(C2;C4,H15,H16)",oop,0.006228866384720629,+,0.005609656513644975,0.7266751309793713
54,3088.388959998754,,,mixed-phase C-H stretching,nu(C2-C4),bond,0.005357578601453334,+,0.008598691607736863,0.26601591914570893
54,3088.388959998754,,,mixed-phase C-H stretching,nu(O3-H14),bond,0.0036987142748951362,-,-0.0051370628724140485,0.5145467545258035
54,3088.388959998754,,,mixed-phase C-H stretching,nu(C2-O3),bond,0.0035257159789923672,+,0.0064333800995597925,0.3127322887485309
54,3088.388959998754,,,mixed-phase C-H stretching,delta(H11-C1-H12),angle,0.002768600968293693,-,-0.0035083959957196544,0.8257469440591959
54,3088.388959998754,,,mixed-phase C-H stretching,"gamma(H18;C5,O6,H17)",oop,0.0022021460755171467,-,-0.00512137087390471,0.3082318346285468
54,3088.388959998754,,,mixed-phase C-H stretching,delta(C2-C4-H15),angle,0.0015073601298633027,+,0.002328502597890676,1.0206277969587885
54,3088.388959998754,,,mixed-phase C-H stretching,delta(C4-C5-O6),angle,0.0014862721100691047,-,-0.0032734163574282722,0.5092132008186406
54,3088.388959998754,,,mixed-phase C-H stretching,nu(C4-C5),bond,0.0014094828370180032,+,0.004236040049880302,0.28836563189512043
54,3088.388959998754,,,mixed-phase C-H stretching,delta(C1-C2-C4),angle,0.0010448554481857129,-,-0.003050240025734426,0.4122797483308755
54,3088.388959998754,,,mixed-phase C-H stretching,"gamma(C1;C2,O3,H13)",oop,0.0007889056782522806,+,0.002642896631960573,0.41463747292882314
54,3088.388959998754,,,mixed-phase C-H stretching,delta(O6-C5-H17),angle,0.0006579967119370593,-,-0.003028849579281604,0.2633128987200418
54,3088.388959998754,,,mixed-phase C-H stretching,tau(C2-C4-C5-O6),dihedral,0.000578643003576789,+,0.0029820178546303595,0.23888784324546183
54,3088.388959998754,,,mixed-phase C-H stretching,nu(C5-O6),bond,0.00042388572136495603,+,0.002277863115493741,0.29991443217879
54,3088.388959998754,,,mixed-phase C-H stretching,delta(H15-C4-H16),angle,0.00041775493854670303,+,0.001194265709348974,1.075284756701329
54,3088.388959998754,,,mixed-phase C-H stretching,delta(C5-O6-C7),angle,0.00015375901762164517,-,-0.0013985141702595753,0.28860953510819726
54,3088.388959998754,,,mixed-phase C-H stretching,tau(H16-C4-C5-H18),dihedral,0.00013501879804317366,+,0.0014634986575317447,0.23142666807728227
54,3088.388959998754,,,mixed-phase C-H stretching,tau(C4-C5-O6-C7),dihedral,0.00011749362044606695,-,-0.008648487470712236,0.005766838473303552
54,3088.388959998754,,,mixed-phase C-H stretching,tau(C5-O6-C7-N8),dihedral,9.119720264658922e-05,-,-0.003489828469219933,0.027490154249470444
54,3088.388959998754,,,mixed-phase C-H stretching,nu(C7-O9),bond,1.9176830013619163e-05,-,-0.0002939684178471061,0.8146654356474178
54,3088.388959998754,,,mixed-phase C-H stretching,nu(O6-C7),bond,1.3019090666340823e-05,+,0.00035481725433518605,0.3796426635236279
54,3088.388959998754,,,mixed-phase C-H stretching,delta(C2-C1-H10),angle,4.7151810957776016e-06,+,0.000150626041712992,0.7629605318840937
54,3088.388959998754,,,mixed-phase C-H stretching,delta(N8-C7-O9),angle,2.5827481961428663e-06,+,0.00012856199194968035,0.5736681033914728
54,3088.388959998754,,,mixed-phase C-H stretching,delta(O6-C7-N8),angle,2.306795301450471e-06,-,-0.00011506228312205955,0.6396566299177271
54,3088.388959998754,,,mixed-phase C-H stretching,delta(C7-N8-H20),angle,1.2797258636562766e-06,-,-0.00013609876535279194,0.25363687773146887
54,3088.388959998754,,,mixed-phase C-H stretching,nu(N8-H20),bond,3.588399149812678e-07,-,-5.217285183812984e-05,0.48396662608765273
54,3088.388959998754,,,mixed-phase C-H stretching,nu(C7-N8),bond,3.3800442375962395e-07,+,5.248557508059147e-05,0.45044968349124215
54,3088.388959998754,,,mixed-phase C-H stretching,nu(N8-H19),bond,2.4546641567708304e-07,-,-4.3318725193526284e-05,0.48022478197858476
54,3088.388959998754,,,mixed-phase C-H stretching,tau(O6-C7-N8-H19),dihedral,1.609403049142397e-07,+,6.99072027279387e-05,0.12089958013102238
54,3088.388959998754,,,mixed-phase C-H stretching,tau(O9-C7-N8-H19),dihedral,2.4371406721315868e-08,+,2.5533420062831366e-05,0.1372354906200594
54,3088.388959998754,,,mixed-phase C-H stretching,tau(H13-C2-O3-H14),dihedral,2.2895306951094498e-08,-,-9.210272250644605e-05,0.009908441658344393
54,3088.388959998754,,,mixed-phase C-H stretching,tau(O6-C7-N8-H20),dihedral,5.0445571849218186e-09,-,-2.7346259038709332e-05,0.024764583303918165
54,3088.388959998754,,,mixed-phase C-H stretching,delta(H19-N8-H20),angle,7.072888891750164e-11,-,-1.034468049517348e-06,0.24264228911972324
55,3111.427525990067,,,mixed-phase C-H stretching,nu(C1-H10),bond,72.03744975793944,+,0.8966191750722564,0.3394762530008387
55,3111.427525990067,,,mixed-phase C-H stretching,nu(C1-H11),bond,22.31247840999248,-,-0.5016795150923749,0.33586302282669245
55,3111.427525990067,,,mixed-phase C-H stretching,nu(C1-H12),bond,2.320784550413996,-,-0.16334103454866492,0.3295424270765694
55,3111.427525990067,,,mixed-phase C-H stretching,nu(C5-H18),bond,0.8449547125191268,-,-0.0969664162352229,0.34045354277733064
55,3111.427525990067,,,mixed-phase C-H stretching,tau(H12-C1-C2-C4),dihedral,0.6228301945577308,+,0.04951323367748004,0.9624854932709154
55,3111.427525990067,,,mixed-phase C-H stretching,nu(C5-H17),bond,0.3851829135511592,+,0.06611220822538343,0.3338649301903668
55,3111.427525990067,,,mixed-phase C-H stretching,delta(C2-C1-H10),angle,0.3395888911061773,-,-0.04106381160696528,0.7629605318840937
55,3111.427525990067,,,mixed-phase C-H stretching,delta(H11-C1-H12),angle,0.3191043063892318,+,0.0382627695933654,0.8257469440591959
55,3111.427525990067,,,mixed-phase C-H stretching,nu(C2-H13),bond,0.2821278787829082,+,0.05699547470461492,0.3290276293599761
55,3111.427525990067,,,mixed-phase C-H stretching,tau(H11-C1-C2-O3),dihedral,0.18429567249570875,-,-0.02939138263484736,0.8082434974166677
55,3111.427525990067,,,mixed-phase C-H stretching,"gamma(H10;C1,H11,H12)",oop,0.1231598761844957,+,0.0263967868732807,0.6696289587334144
55,3111.427525990067,,,mixed-phase C-H stretching,delta(C1-C2-C4),angle,0.08145784805736829,-,-0.027359239601925052,0.4122797483308755
55,3111.427525990067,,,mixed-phase C-H stretching,"gamma(C1;C2,O3,H13)",oop,0.08046597358464923,-,-0.02711473836807169,0.41463747292882314
55,3111.427525990067,,,mixed-phase C-H stretching,delta(C2-C1-H12),angle,0.01717873514448145,+,0.013342339152711975,0.36559003310172816
55,3111.427525990067,,,mixed-phase C-H stretching,nu(C4-H15),bond,0.01622199714453962,-,-0.013741514649112862,0.3254634512378247
55,3111.427525990067,,,mixed-phase C-H stretching,nu(C4-H16),bond,0.00938253275022435,-,-0.010364046441541425,0.33092418150229375
55,3111.427525990067,,,mixed-phase C-H stretching,tau(C1-C2-C4-C5),dihedral,0.005528310244538252,-,-0.005193772623870413,0.7764145342752474
55,3111.427525990067,,,mixed-phase C-H stretching,nu(C1-C2),bond,0.0037057276801233828,-,-0.0071709861016753815,0.273012703189435
55,3111.427525990067,,,mixed-phase C-H stretching,delta(C5-C4-H15),angle,0.003015871997071525,-,-0.0025545861529955366,1.7508095722988488
55,3111.427525990067,,,mixed-phase C-H stretching,delta(C4-C5-H18),angle,0.0020796949354138596,+,0.004496837623207153,0.38962995436760806
55,3111.427525990067,,,mixed-phase C-H stretching,delta(O6-C5-H17),angle,0.0018240529474584724,-,-0.005122903920725846,0.2633128987200418
55,3111.427525990067,,,mixed-phase C-H stretching,tau(H10-C1-C2-C4),dihedral,0.0017401865767171258,-,-0.006123750637457543,0.17580366884501275
55,3111.427525990067,,,mixed-phase C-H stretching,delta(O3-C2-H13),angle,0.0009205819642866941,-,-0.0035374036395945784,0.2787149988564878
55,3111.427525990067,,,mixed-phase C-H stretching,"gamma(H18;C5,O6,H17)",oop,0.0007264744175636462,-,-0.0029881677526067776,0.3082318346285468
55,3111.427525990067,,,mixed-phase C-H stretching,tau(H16-C4-C5-H18),dihedral,0.0005707344522414287,-,-0.00305663724679811,0.23142666807728227
55,3111.427525990067,,,mixed-phase C-H stretching,delta(C2-C4-H15),angle,0.0005101646042830497,-,-0.0013761159329482302,1.0206277969587885
55,3111.427525990067,,,mixed-phase C-H stretching,nu(C2-C4),bond,0.0005061796518938414,-,-0.002684924547662124,0.26601591914570893
55,3111.427525990067,,,mixed-phase C-H stretching,tau(O3-C2-C4-H16),dihedral,0.00043530545918351037,+,0.0014281200254036722,0.8085964138894428
55,3111.427525990067,,,mixed-phase C-H stretching,tau(C2-C4-C5-O6),dihedral,0.00041242603084839916,+,0.002557464223794736,0.23888784324546183
55,3111.427525990067,,,mixed-phase C-H stretching,"gamma(C2;C4,H15,H16)",oop,0.0003774310163854602,-,-0.001402756216714558,0.7266751309793713
55,3111.427525990067,,,mixed-phase C-H stretching,delta(C2-O3-H14),angle,0.0002914062255834804,-,-0.002503431482035245,0.1761548163912733
55,3111.427525990067,,,mixed-phase C-H stretching,nu(C4-C5),bond,0.0001806927289844072,+,0.0015407498944805626,0.28836563189512043
55,3111.427525990067,,,mixed-phase C-H stretching,delta(C4-C5-O6),angle,0.0001347653058760791,-,-0.0010013197479555305,0.5092132008186406
55,3111.427525990067,,,mixed-phase C-H stretching,tau(C5-O6-C7-N8),dihedral,0.0001250169007837771,-,-0.004150776348383868,0.027490154249470444
55,3111.427525990067,,,mixed-phase C-H stretching,nu(O3-H14),bond,6.34746305490081e-05,-,-0.0006836301795253643,0.5145467545258035
55,3111.427525990067,,,mixed-phase C-H stretching,nu(C2-O3),bond,6.062887845693622e-05,+,0.0008570121187589158,0.3127322887485309
55,3111.427525990067,,,mixed-phase C-H stretching,delta(H15-C4-H16),angle,5.2533294464188906e-05,+,0.0004302185493014185,1.075284756701329
55,3111.427525990067,,,mixed-phase C-H stretching,nu(C5-O6),bond,5.1888306444173695e-05,+,0.0008095983664538176,0.29991443217879
55,3111.427525990067,,,mixed-phase C-H stretching,tau(C4-C5-O6-C7),dihedral,1.3293164635975181e-05,-,-0.002955145411650447,0.005766838473303552
55,3111.427525990067,,,mixed-phase C-H stretching,delta(C5-O6-C7),angle,3.7955005780635432e-06,-,-0.00022320953920085772,0.28860953510819726
55,3111.427525990067,,,mixed-phase C-H stretching,nu(O6-C7),bond,9.670977066418152e-07,-,-9.823838821433266e-05,0.3796426635236279
55,3111.427525990067,,,mixed-phase C-H stretching,tau(H13-C2-O3-H14),dihedral,9.46687534577983e-07,+,0.0006016365450283148,0.009908441658344393
55,3111.427525990067,,,mixed-phase C-H stretching,nu(N8-H20),bond,9.364143596020885e-07,+,8.56169757027934e-05,0.48396662608765273
55,3111.427525990067,,,mixed-phase C-H stretching,delta(C2-C4-C5),angle,5.927806823491883e-07,+,5.316169625665377e-05,0.7946273302237717
55,3111.427525990067,,,mixed-phase C-H stretching,delta(N8-C7-O9),angle,5.080099519341678e-07,-,-5.792143541350988e-05,0.5736681033914728
55,3111.427525990067,,,mixed-phase C-H stretching,nu(C7-O9),bond,3.9147696073812917e-07,+,4.266748222798631e-05,0.8146654356474178
55,3111.427525990067,,,mixed-phase C-H stretching,nu(C7-N8),bond,3.720036395941972e-07,+,5.593504721339917e-05,0.45044968349124215
55,3111.427525990067,,,mixed-phase C-H stretching,nu(N8-H19),bond,1.4727439622862137e-07,-,-3.408591047691455e-05,0.48022478197858476
55,3111.427525990067,,,mixed-phase C-H stretching,delta(H19-N8-H20),angle,1.168472456160889e-07,+,4.271294830033335e-05,0.24264228911972324
55,3111.427525990067,,,mixed-phase C-H stretching,delta(O6-C7-N8),angle,1.0831892580959684e-07,+,2.5328663659344763e-05,0.6396566299177271
55,3111.427525990067,,,mixed-phase C-H stretching,delta(C7-N8-H20),angle,1.601351008425079e-08,+,1.5465737235246492e-05,0.25363687773146887
55,3111.427525990067,,,mixed-phase C-H stretching,tau(O9-C7-N8-H19),dihedral,8.173268484957525e-09,-,-1.5020978365889562e-05,0.1372354906200594
55,3111.427525990067,,,mixed-phase C-H stretching,tau(O6-C7-N8-H19),dihedral,1.3122516658360906e-09,-,-6.412534691618409e-06,0.12089958013102238
55,3111.427525990067,,,mixed-phase C-H stretching,tau(O6-C7-N8-H20),dihedral,6.149618206785599e-11,+,3.067200187578e-06,0.024764583303918165
56,3116.2189952762965,,,mixed-phase C-H stretching,nu(C5-H18),bond,70.93845411564016,-,-0.8827672010512426,0.34045354277733064
56,3116.2189952762965,,,mixed-phase C-H stretching,nu(C5-H17),bond,21.782235516144066,+,0.4939694394362416,0.3338649301903668
56,3116.2189952762965,,,mixed-phase C-H stretching,nu(C4-H16),bond,3.3089959338687445,+,0.19338292401433405,0.33092418150229375
56,3116.2189952762965,,,mixed-phase C-H stretching,nu(C4-H15),bond,1.507229702920735,-,-0.13160514467131912,0.3254634512378247
56,3116.2189952762965,,,mixed-phase C-H stretching,nu(C1-H11),bond,0.8122578694604382,+,0.09510429382936572,0.33586302282669245
56,3116.2189952762965,,,mixed-phase C-H stretching,nu(C1-H10),bond,0.6497581683843746,-,-0.08460683157158264,0.3394762530008387
56,3116.2189952762965,,,mixed-phase C-H stretching,nu(C2-H13),bond,0.19621015647811543,+,0.04722574474488179,0.3290276293599761
56,3116.2189952762965,,,mixed-phase C-H stretching,tau(C1-C2-C4-C5),dihedral,0.13461976113315924,+,0.02546489190706242,0.7764145342752474
56,3116.2189952762965,,,mixed-phase C-H stretching,delta(O6-C5-H17),angle,0.11999869683816068,-,-0.04128444545218601,0.2633128987200418
56,3116.2189952762965,,,mixed-phase C-H stretching,delta(C5-C4-H15),angle,0.11258242928604488,-,-0.015507797063147947,1.7508095722988488
56,3116.2189952762965,,,mixed-phase C-H stretching,"gamma(H18;C5,O6,H17)",oop,0.0933204358225648,-,-0.033649908768616,0.3082318346285468
56,3116.2189952762965,,,mixed-phase C-H stretching,tau(C2-C4-C5-O6),dihedral,0.08400459746528964,+,0.03626509006260307,0.23888784324546183
56,3116.2189952762965,,,mixed-phase C-H stretching,delta(C4-C5-H18),angle,0.07826341679920777,+,0.027408640267141914,0.38962995436760806
56,3116.2189952762965,,,mixed-phase C-H stretching,tau(H16-C4-C5-H18),dihedral,0.04305191598572612,-,-0.026376902757130016,0.23142666807728227
56,3116.2189952762965,,,mixed-phase C-H stretching,tau(H12-C1-C2-C4),dihedral,0.03686097126823204,-,-0.011967971561873354,0.9624854932709154
56,3116.2189952762965,,,mixed-phase C-H stretching,nu(C1-H12),bond,0.020350635203159263,-,-0.015197339807929455,0.3295424270765694
56,3116.2189952762965,,,mixed-phase C-H stretching,delta(C2-C4-H15),angle,0.0190005881098275,+,0.008344188052558462,1.0206277969587885
56,3116.2189952762965,,,mixed-phase C-H stretching,delta(C4-C5-O6),angle,0.013094526193687419,-,-0.009806845312524053,0.5092132008186406
56,3116.2189952762965,,,mixed-phase C-H stretching,tau(C5-O6-C7-N8),dihedral,0.009071049058413822,-,-0.035129698870233705,0.027490154249470444
56,3116.2189952762965,,,mixed-phase C-H stretching,nu(C4-C5),bond,0.008283856343841565,+,0.010365226281888806,0.28836563189512043
56,3116.2189952762965,,,mixed-phase C-H stretching,nu(C5-O6),bond,0.006568807506348442,+,0.00905063066644514,0.29991443217879
56,3116.2189952762965,,,mixed-phase C-H stretching,delta(C2-C1-H10),angle,0.004960999655201939,+,0.004931372622774855,0.7629605318840937
56,3116.2189952762965,,,mixed-phase C-H stretching,delta(H11-C1-H12),angle,0.0036300628534511816,-,-0.0040547851042053995,0.8257469440591959
56,3116.2189952762965,,,mixed-phase C-H stretching,tau(O3-C2-C4-H16),dihedral,0.002918251019233536,+,0.003673919828906549,0.8085964138894428
56,3116.2189952762965,,,mixed-phase C-H stretching,delta(C1-C2-C4),angle,0.0028869895302345715,+,0.005117535462965362,0.4122797483308755
56,3116.2189952762965,,,mixed-phase C-H stretching,delta(C2-C4-C5),angle,0.002547079107378783,-,-0.003462371986685223,0.7946273302237717
56,3116.2189952762965,,,mixed-phase C-H stretching,"gamma(C1;C2,O3,H13)",oop,0.0020023797060291825,+,0.004249846074734373,0.41463747292882314
56,3116.2189952762965,,,mixed-phase C-H stretching,delta(C5-O6-C7),angle,0.0013964798823286246,-,-0.004253988012491125,0.28860953510819726
56,3116.2189952762965,,,mixed-phase C-H stretching,delta(H15-C4-H16),angle,0.0010147376549123105,-,-0.0018786652454292159,1.075284756701329
56,3116.2189952762965,,,mixed-phase C-H stretching,"gamma(H10;C1,H11,H12)",oop,0.0009350307120416922,-,-0.0022852308700766276,0.6696289587334144
56,3116.2189952762965,,,mixed-phase C-H stretching,"gamma(C2;C4,H15,H16)",oop,0.0007019601103674261,-,-0.0019007295454580744,0.7266751309793713
56,3116.2189952762965,,,mixed-phase C-H stretching,tau(C4-C5-O6-C7),dihedral,0.0005001823615897657,-,-0.018010656786494814,0.005766838473303552
56,3116.2189952762965,,,mixed-phase C-H stretching,tau(H10-C1-C2-C4),dihedral,0.0004979311080265223,-,-0.0032546547076144866,0.17580366884501275
56,3116.2189952762965,,,mixed-phase C-H stretching,nu(C2-O3),bond,0.0003798934241473271,-,-0.002131467838327623,0.3127322887485309
56,3116.2189952762965,,,mixed-phase C-H stretching,nu(C2-C4),bond,0.00037619071384171565,-,-0.0022997703982474303,0.26601591914570893
56,3116.2189952762965,,,mixed-phase C-H stretching,nu(O3-H14),bond,0.0003119647500311566,+,0.001505825329408355,0.5145467545258035
56,3116.2189952762965,,,mixed-phase C-H stretching,delta(C2-O3-H14),angle,0.00016640936028326282,-,-0.0018796451656311968,0.1761548163912733
56,3116.2189952762965,,,mixed-phase C-H stretching,nu(C7-O9),bond,0.00011768377126235582,-,-0.0007350263372384977,0.8146654356474178
56,3116.2189952762965,,,mixed-phase C-H stretching,delta(O3-C2-H13),angle,0.00011443159224471777,-,-0.0012391590633714026,0.2787149988564878
56,3116.2189952762965,,,mixed-phase C-H stretching,delta(C2-C1-H12),angle,9.147252341804947e-05,-,-0.0009673472779209907,0.36559003310172816
56,3116.2189952762965,,,mixed-phase C-H stretching,tau(H11-C1-C2-O3),dihedral,6.248849141722956e-05,+,0.0005377286399100031,0.8082434974166677
56,3116.2189952762965,,,mixed-phase C-H stretching,nu(O6-C7),bond,5.697255658455167e-05,+,0.0007491686680920019,0.3796426635236279
56,3116.2189952762965,,,mixed-phase C-H stretching,nu(C1-C2),bond,4.114488763856222e-05,-,-0.0007507593858006447,0.273012703189435
56,3116.2189952762965,,,mixed-phase C-H stretching,nu(N8-H19),bond,1.9948201985163183e-05,-,-0.0003941521065880691,0.48022478197858476
56,3116.2189952762965,,,mixed-phase C-H stretching,delta(O6-C7-N8),angle,1.4673161511338182e-05,-,-0.00029290221350757246,0.6396566299177271
56,3116.2189952762965,,,mixed-phase C-H stretching,delta(N8-C7-O9),angle,1.1474455649487976e-05,+,0.00027350794833399367,0.5736681033914728
56,3116.2189952762965,,,mixed-phase C-H stretching,nu(N8-H20),bond,8.006036361281805e-06,-,-0.0002487341005789211,0.48396662608765273
56,3116.2189952762965,,,mixed-phase C-H stretching,delta(C7-N8-H20),angle,7.824277726477803e-06,-,-0.0003396645220060992,0.25363687773146887
56,3116.2189952762965,,,mixed-phase C-H stretching,nu(C7-N8),bond,7.193895741986433e-06,+,0.0002443954882809231,0.45044968349124215
56,3116.2189952762965,,,mixed-phase C-H stretching,tau(O9-C7-N8-H19),dihedral,3.7058043868107158e-06,-,-0.0003177915047969658,0.1372354906200594
56,3116.2189952762965,,,mixed-phase C-H stretching,tau(O6-C7-N8-H19),dihedral,2.965064093334449e-06,-,-0.0003028578981825544,0.12089958013102238
56,3116.2189952762965,,,mixed-phase C-H stretching,delta(H19-N8-H20),angle,2.8281703599031734e-07,-,-6.602429818541255e-05,0.24264228911972324
56,3116.2189952762965,,,mixed-phase C-H stretching,tau(H13-C2-O3-H14),dihedral,2.8726328298668046e-08,-,-0.0001041289859374191,0.009908441658344393
56,3116.2189952762965,,,mixed-phase C-H stretching,tau(O6-C7-N8-H20),dihedral,1.1877228807170774e-08,-,-4.235223235647893e-05,0.024764583303918165
57,3611.080167261391,,,in-phase N-H stretching,nu(N8-H19),bond,55.27344423955437,+,0.7566277164334445,0.48022478197858476
57,3611.080167261391,,,in-phase N-H stretching,nu(N8-H20),bond,44.36008790257648,+,0.6752036143123251,0.48396662608765273
57,3611.080167261391,,,in-phase N-H stretching,nu(C7-N8),bond,0.24112083449054353,-,-0.05159890582635121,0.45044968349124215
57,3611.080167261391,,,in-phase N-H stretching,delta(H19-N8-H20),angle,0.09300735775653676,-,-0.04366381441902993,0.24264228911972324
57,3611.080167261391,,,in-phase N-H stretching,delta(C7-N8-H20),angle,0.030108105394942103,+,0.024298629609748452,0.25363687773146887
57,3611.080167261391,,,in-phase N-H stretching,tau(O6-C7-N8-H19),dihedral,0.0012210282484719263,-,-0.007087559630569254,0.12089958013102238
57,3611.080167261391,,,in-phase N-H stretching,delta(O6-C7-N8),angle,0.00028698873463737444,+,0.001493843969710926,0.6396566299177271
57,3611.080167261391,,,in-phase N-H stretching,tau(O9-C7-N8-H19),dihedral,0.00018667670929718917,-,-0.0026011063844433796,0.1372354906200594
57,3611.080167261391,,,in-phase N-H stretching,tau(C5-O6-C7-N8),dihedral,0.0001465704202751879,+,0.005149687134660547,0.027490154249470444
57,3611.080167261391,,,in-phase N-H stretching,tau(O6-C7-N8-H20),dihedral,0.00011513103578576165,+,0.004808691986728452,0.024764583303918165
57,3611.080167261391,,,in-phase N-H stretching,delta(N8-C7-O9),angle,6.676793123155112e-05,-,-0.0007608514538006952,0.5736681033914728
57,3611.080167261391,,,in-phase N-H stretching,nu(C5-H18),bond,4.002336896345332e-05,-,-0.0007646701879219677,0.34045354277733064
57,3611.080167261391,,,in-phase N-H stretching,nu(C5-O6),bond,3.36866737034332e-05,+,0.0007474405387445299,0.29991443217879
57,3611.080167261391,,,in-phase N-H stretching,nu(C7-O9),bond,3.1420024769855716e-05,-,-0.00043798565096694105,0.8146654356474178
57,3611.080167261391,,,in-phase N-H stretching,nu(O3-H14),bond,3.0033857992241696e-05,-,-0.0005388146634906404,0.5145467545258035
57,3611.080167261391,,,in-phase N-H stretching,delta(C5-O6-C7),angle,1.777228432339519e-05,+,0.0005534298185519001,0.28860953510819726
57,3611.080167261391,,,in-phase N-H stretching,nu(C4-H15),bond,1.2098987888684715e-05,-,-0.00043000120704676646,0.3254634512378247
57,3611.080167261391,,,in-phase N-H stretching,nu(C5-H17),bond,1.165850162872392e-05,-,-0.00041675635797579935,0.3338649301903668
57,3611.080167261391,,,in-phase N-H stretching,delta(O6-C5-H17),angle,1.0663283984463094e-05,-,-0.00044880293366621676,0.2633128987200418
57,3611.080167261391,,,in-phase N-H stretching,"gamma(H18;C5,O6,H17)",oop,6.279873320268521e-06,+,0.0003183339530358289,0.3082318346285468
57,3611.080167261391,,,in-phase N-H stretching,nu(C4-H16),bond,3.2121018321648898e-06,-,-0.00021972358041273945,0.33092418150229375
57,3611.080167261391,,,in-phase N-H stretching,delta(C4-C5-H18),angle,2.4417234667726563e-06,+,0.00017655024970151685,0.38962995436760806
57,3611.080167261391,,,in-phase N-H stretching,delta(C4-C5-O6),angle,1.8825242228240004e-06,+,0.0001356021970329348,0.5092132008186406
57,3611.080167261391,,,in-phase N-H stretching,nu(C1-H10),bond,1.7175051420477488e-06,-,-0.00015863192315987627,0.3394762530008387
57,3611.080167261391,,,in-phase N-H stretching,delta(C2-C4-C5),angle,1.3853365156984887e-06,-,-9.311982653655183e-05,0.7946273302237717
57,3611.080167261391,,,in-phase N-H stretching,nu(C1-H12),bond,9.17180277696421e-07,-,-0.00011765704917597776,0.3295424270765694
57,3611.080167261391,,,in-phase N-H stretching,tau(H16-C4-C5-H18),dihedral,5.244602738286451e-07,+,0.00010616854455096297,0.23142666807728227
57,3611.080167261391,,,in-phase N-H stretching,nu(C4-C5),bond,4.872288547210286e-07,-,-9.167290990703965e-05,0.28836563189512043
57,3611.080167261391,,,in-phase N-H stretching,nu(C2-H13),bond,4.2285779736702824e-07,+,7.995161739878662e-05,0.3290276293599761
57,3611.080167261391,,,in-phase N-H stretching,nu(C1-H11),bond,2.637365693703759e-07,-,-6.249573017341545e-05,0.33586302282669245
57,3611.080167261391,,,in-phase N-H stretching,delta(C2-C1-H10),angle,2.5803308791521705e-07,-,-4.101407582958038e-05,0.7629605318840937
57,3611.080167261391,,,in-phase N-H stretching,delta(C2-C4-H15),angle,2.4691702317896995e-07,+,3.468870495793684e-05,1.0206277969587885
57,3611.080167261391,,,in-phase N-H stretching,"gamma(C2;C4,H15,H16)",oop,1.4412255586190565e-07,+,3.140813111467749e-05,0.7266751309793713
57,3611.080167261391,,,in-phase N-H stretching,nu(C2-C4),bond,1.19402117275414e-07,+,4.7249635976040204e-05,0.26601591914570893
57,3611.080167261391,,,in-phase N-H stretching,tau(C4-C5-O6-C7),dihedral,1.1903366721824442e-07,-,-0.00032041458725260005,0.005766838473303552
57,3611.080167261391,,,in-phase N-H stretching,tau(C2-C4-C5-O6),dihedral,6.598762839243508e-08,+,3.706640798433322e-05,0.23888784324546183
57,3611.080167261391,,,in-phase N-H stretching,"gamma(H10;C1,H11,H12)",oop,6.467219018618851e-08,-,-2.1917344675201568e-05,0.6696289587334144
57,3611.080167261391,,,in-phase N-H stretching,delta(C2-O3-H14),angle,6.157333069351926e-08,+,4.169608973044587e-05,0.1761548163912733
57,3611.080167261391,,,in-phase N-H stretching,tau(C1-C2-C4-C5),dihedral,6.12970482925475e-08,+,1.981614717144002e-05,0.7764145342752474
57,3611.080167261391,,,in-phase N-H stretching,nu(O6-C7),bond,6.017844234376683e-08,+,2.8078844496437987e-05,0.3796426635236279
57,3611.080167261391,,,in-phase N-H stretching,delta(C1-C2-C4),angle,5.507075360609831e-08,-,-2.577571819851054e-05,0.4122797483308755
57,3611.080167261391,,,in-phase N-H stretching,delta(H15-C4-H16),angle,5.3231506211617296e-08,-,-1.5691660352831376e-05,1.075284756701329
57,3611.080167261391,,,in-phase N-H stretching,tau(H11-C1-C2-O3),dihedral,5.0348893218616244e-08,+,1.760232846808435e-05,0.8082434974166677
57,3611.080167261391,,,in-phase N-H stretching,delta(C5-C4-H15),angle,4.697383627168949e-08,+,1.1551937353823512e-05,1.7508095722988488
57,3611.080167261391,,,in-phase N-H stretching,tau(O3-C2-C4-H16),dihedral,2.943637399022078e-08,-,-1.3456202587405833e-05,0.8085964138894428
57,3611.080167261391,,,in-phase N-H stretching,delta(O3-C2-H13),angle,2.463850072650106e-08,+,2.096878344997595e-05,0.2787149988564878
57,3611.080167261391,,,in-phase N-H stretching,"gamma(C1;C2,O3,H13)",oop,1.8675485589060777e-08,-,-1.496745438860129e-05,0.41463747292882314
57,3611.080167261391,,,in-phase N-H stretching,tau(H13-C2-O3-H14),dihedral,1.72389817303637e-08,-,-9.302493876495982e-05,0.009908441658344393
57,3611.080167261391,,,in-phase N-H stretching,nu(C2-O3),bond,6.981646552529587e-09,-,-1.0537530244826858e-05,0.3127322887485309
57,3611.080167261391,,,in-phase N-H stretching,delta(C2-C1-H12),angle,1.4990302338920138e-09,+,4.51600369779412e-06,0.36559003310172816
57,3611.080167261391,,,in-phase N-H stretching,tau(H12-C1-C2-C4),dihedral,2.4352469234114893e-10,+,1.121813525280478e-06,0.9624854932709154
57,3611.080167261391,,,in-phase N-H stretching,delta(H11-C1-H12),angle,4.361505716801779e-11,-,-5.125556224654408e-07,0.8257469440591959
57,3611.080167261391,,,in-phase N-H stretching,nu(C1-C2),bond,3.664614038448192e-11,-,-8.170882388789263e-07,0.273012703189435
57,3611.080167261391,,,in-phase N-H stretching,tau(H10-C1-C2-C4),dihedral,5.7773174356065514e-15,+,1.2784843454355247e-08,0.17580366884501275
58,3741.7410949542664,,,opposite-phase N-H stretching,nu(N8-H20),bond,55.31084116228314,+,0.779343021059035,0.48396662608765273
58,3741.7410949542664,,,opposite-phase N-H stretching,nu(N8-H19),bond,44.34902842868654,-,-0.7005691308762723,0.48022478197858476
58,3741.7410949542664,,,opposite-phase N-H stretching,delta(O6-C7-N8),angle,0.11817395511917402,-,-0.03133420344244577,0.6396566299177271
58,3741.7410949542664,,,opposite-phase N-H stretching,delta(C7-N8-H20),angle,0.10701151908126018,-,-0.04735221419839136,0.25363687773146887
58,3741.7410949542664,,,opposite-phase N-H stretching,delta(N8-C7-O9),angle,0.10584824177784381,+,0.031314299336078155,0.5736681033914728
58,3741.7410949542664,,,opposite-phase N-H stretching,tau(O9-C7-N8-H19),dihedral,0.003633989595514442,-,-0.011862872051079795,0.1372354906200594
58,3741.7410949542664,,,opposite-phase N-H stretching,tau(O6-C7-N8-H19),dihedral,0.003353281378501078,-,-0.01214098236899504,0.12089958013102238
58,3741.7410949542664,,,opposite-phase N-H stretching,delta(H19-N8-H20),angle,0.0009097163577199813,-,-0.004463761487079959,0.24264228911972324
58,3741.7410949542664,,,opposite-phase N-H stretching,tau(O6-C7-N8-H20),dihedral,0.0004756859544432924,-,-0.010103593802395259,0.024764583303918165
58,3741.7410949542664,,,opposite-phase N-H stretching,nu(C7-O9),bond,0.00041903119624508604,+,0.001653349845777293,0.8146654356474178
58,3741.7410949542664,,,opposite-phase N-H stretching,nu(O6-C7),bond,0.0001596898735797326,-,-0.0014951418878187473,0.3796426635236279
58,3741.7410949542664,,,opposite-phase N-H stretching,nu(C7-N8),bond,0.000117277148265224,-,-0.001176291020124881,0.45044968349124215
58,3741.7410949542664,,,opposite-phase N-H stretching,nu(O3-H14),bond,5.720875012020564e-06,-,-0.00024308045146267826,0.5145467545258035
58,3741.7410949542664,,,opposite-phase N-H stretching,nu(C5-H17),bond,4.677593910260821e-06,+,0.00027287081164304686,0.3338649301903668
58,3741.7410949542664,,,opposite-phase N-H stretching,delta(C5-O6-C7),angle,4.472617360764494e-06,+,0.0002869833898070138,0.28860953510819726
58,3741.7410949542664,,,opposite-phase N-H stretching,nu(C5-H18),bond,3.380664518843525e-06,+,0.00022972239477908032,0.34045354277733064
58,3741.7410949542664,,,opposite-phase N-H stretching,delta(C4-C5-O6),angle,1.4443343557830234e-06,+,0.00012277650604468741,0.5092132008186406
58,3741.7410949542664,,,opposite-phase N-H stretching,delta(C4-C5-H18),angle,1.3902097672943092e-06,-,-0.0001377035780678977,0.38962995436760806
58,3741.7410949542664,,,opposite-phase N-H stretching,nu(C4-H15),bond,1.375283599894423e-06,+,0.0001498567278556908,0.3254634512378247
58,3741.7410949542664,,,opposite-phase N-H stretching,nu(C5-O6),bond,9.911782409919499e-07,+,0.00013252823784685758,0.29991443217879
58,3741.7410949542664,,,opposite-phase N-H stretching,tau(H16-C4-C5-H18),dihedral,8.206399468898744e-07,-,-0.00013727797100075936,0.23142666807728227
58,3741.7410949542664,,,opposite-phase N-H stretching,nu(C4-H16),bond,6.007959445039568e-07,+,9.822690736385107e-05,0.33092418150229375
58,3741.7410949542664,,,opposite-phase N-H stretching,"gamma(H18;C5,O6,H17)",oop,5.958452884319865e-07,-,-0.00010135828072685822,0.3082318346285468
58,3741.7410949542664,,,opposite-phase N-H stretching,nu(C4-C5),bond,3.863677797429307e-07,+,8.438396496981447e-05,0.28836563189512043
58,3741.7410949542664,,,opposite-phase N-H stretching,delta(O6-C5-H17),angle,3.6306812804369014e-07,+,8.56030467312009e-05,0.2633128987200418
58,3741.7410949542664,,,opposite-phase N-H stretching,delta(C2-C4-C5),angle,3.413437134082029e-07,+,4.777992145978026e-05,0.7946273302237717
58,3741.7410949542664,,,opposite-phase N-H stretching,delta(C5-C4-H15),angle,3.2617610124505877e-07,-,-3.146573194492403e-05,1.7508095722988488
58,3741.7410949542664,,,opposite-phase N-H stretching,nu(C1-H10),bond,3.041538913297696e-07,-,-6.900383288863916e-05,0.3394762530008387
58,3741.7410949542664,,,opposite-phase N-H stretching,delta(H15-C4-H16),angle,2.1039119354971793e-07,+,3.224655023138604e-05,1.075284756701329
58,3741.7410949542664,,,opposite-phase N-H stretching,tau(C5-O6-C7-N8),dihedral,1.5883245748576664e-07,-,-0.00017523153506943814,0.027490154249470444
58,3741.7410949542664,,,opposite-phase N-H stretching,nu(C2-H13),bond,1.1858964644189232e-07,-,-4.37661585252941e-05,0.3290276293599761
58,3741.7410949542664,,,opposite-phase N-H stretching,nu(C1-H12),bond,9.607047697149304e-08,+,3.936139951560317e-05,0.3295424270765694
58,3741.7410949542664,,,opposite-phase N-H stretching,delta(C2-C4-H15),angle,5.730169056342073e-08,-,-1.7273535925032422e-05,1.0206277969587885
58,3741.7410949542664,,,opposite-phase N-H stretching,nu(C1-H11),bond,4.0584621031106495e-08,+,2.5341415951911895e-05,0.33586302282669245
58,3741.7410949542664,,,opposite-phase N-H stretching,"gamma(H10;C1,H11,H12)",oop,2.441581786818127e-08,+,1.3920337054538748e-05,0.6696289587334144
58,3741.7410949542664,,,opposite-phase N-H stretching,tau(H12-C1-C2-C4),dihedral,2.334016958281361e-08,+,1.1352359443265558e-05,0.9624854932709154
58,3741.7410949542664,,,opposite-phase N-H stretching,delta(C2-O3-H14),angle,2.2889425783141693e-08,+,2.627855096897934e-05,0.1761548163912733
58,3741.7410949542664,,,opposite-phase N-H stretching,tau(O3-C2-C4-H16),dihedral,2.0382223081534368e-08,+,1.1574203020973117e-05,0.8085964138894428
58,3741.7410949542664,,,opposite-phase N-H stretching,"gamma(C1;C2,O3,H13)",oop,1.843411679712498e-08,-,-1.5371212235667736e-05,0.41463747292882314
58,3741.7410949542664,,,opposite-phase N-H stretching,delta(O3-C2-H13),angle,1.2451335605396663e-08,+,1.540845255072029e-05,0.2787149988564878
58,3741.7410949542664,,,opposite-phase N-H stretching,delta(H11-C1-H12),angle,9.223411900270926e-09,+,7.704661101018036e-06,0.8257469440591959
58,3741.7410949542664,,,opposite-phase N-H stretching,nu(C2-C4),bond,3.667324958377481e-09,-,-8.559573189839304e-06,0.26601591914570893
58,3741.7410949542664,,,opposite-phase N-H stretching,nu(C1-C2),bond,2.7887747408074777e-09,-,-7.3679473987116e-06,0.273012703189435
58,3741.7410949542664,,,opposite-phase N-H stretching,delta(C2-C1-H10),angle,2.670115200915508e-09,+,4.312659690259072e-06,0.7629605318840937
58,3741.7410949542664,,,opposite-phase N-H stretching,"gamma(C2;C4,H15,H16)",oop,2.5347591254270243e-09,-,-4.3055578115990965e-06,0.7266751309793713
58,3741.7410949542664,,,opposite-phase N-H stretching,delta(C1-C2-C4),angle,1.7270074119669169e-09,+,4.718264961757465e-06,0.4122797483308755
58,3741.7410949542664,,,opposite-phase N-H stretching,nu(C2-O3),bond,1.4472667725084362e-09,-,-4.9592860636646744e-06,0.3127322887485309
58,3741.7410949542664,,,opposite-phase N-H stretching,tau(C2-C4-C5-O6),dihedral,9.55854237752155e-10,+,4.611370705793305e-06,0.23888784324546183
58,3741.7410949542664,,,opposite-phase N-H stretching,tau(C1-C2-C4-C5),dihedral,9.26231936284681e-10,+,2.517933601348974e-06,0.7764145342752474
58,3741.7410949542664,,,opposite-phase N-H stretching,tau(H11-C1-C2-O3),dihedral,3.1115534857434957e-10,+,1.4303711823813882e-06,0.8082434974166677
58,3741.7410949542664,,,opposite-phase N-H stretching,tau(H10-C1-C2-C4),dihedral,1.4438900633489124e-10,+,2.0892207131104564e-06,0.17580366884501275
58,3741.7410949542664,,,opposite-phase N-H stretching,tau(C4-C5-O6-C7),dihedral,1.3161239480061922e-10,-,-1.1013129052073348e-05,0.005766838473303552
58,3741.7410949542664,,,opposite-phase N-H stretching,delta(C2-C1-H12),angle,1.2727336836802048e-10,+,1.360200159906815e-06,0.36559003310172816
58,3741.7410949542664,,,opposite-phase N-H stretching,tau(H13-C2-O3-H14),dihedral,6.182660688674687e-11,-,-5.7585912650656664e-06,0.009908441658344393
59,3783.8651445168207,,,O-H stretching,nu(O3-H14),bond,99.8226944659981,+,1.0266132803208843,0.5145467545258035
59,3783.8651445168207,,,O-H stretching,tau(O3-C2-C4-H16),dihedral,0.05792837723920791,+,0.019728062327434022,0.8085964138894428
59,3783.8651445168207,,,O-H stretching,tau(H11-C1-C2-O3),dihedral,0.049316548165537,-,-0.01820664320484306,0.8082434974166677
59,3783.8651445168207,,,O-H stretching,nu(C2-O3),bond,0.024353393551789924,-,-0.020568282913720457,0.3127322887485309
59,3783.8651445168207,,,O-H stretching,nu(C2-H13),bond,0.020350224169022352,-,-0.01833044760772243,0.3290276293599761
59,3783.8651445168207,,,O-H stretching,delta(O3-C2-H13),angle,0.017162043263925102,-,-0.018289801048976092,0.2787149988564878
59,3783.8651445168207,,,O-H stretching,delta(C2-O3-H14),angle,0.004665206865994676,-,-0.011994795483994949,0.1761548163912733
59,3783.8651445168207,,,O-H stretching,delta(C2-C4-H15),angle,0.0006518704822082633,+,0.00186273732654622,1.0206277969587885
59,3783.8651445168207,,,O-H stretching,nu(C1-H12),bond,0.0004504371128526965,-,-0.002724997263837223,0.3295424270765694
59,3783.8651445168207,,,O-H stretching,"gamma(C1;C2,O3,H13)",oop,0.000371656828313495,-,-0.0022066905701276698,0.41463747292882314
59,3783.8651445168207,,,O-H stretching,nu(C1-H11),bond,0.00032070249557297114,-,-0.0022775857082804525,0.33586302282669245
59,3783.8651445168207,,,O-H stretching,delta(C2-C1-H12),angle,0.00029879268472950886,+,0.0021071354909770073,0.36559003310172816
59,3783.8651445168207,,,O-H stretching,tau(H12-C1-C2-C4),dihedral,0.00024980707000848285,-,-0.0011874352084911455,0.9624854932709154
59,3783.8651445168207,,,O-H stretching,nu(C4-H15),bond,0.00017910497483365417,-,-0.0017290492635920513,0.3254634512378247
59,3783.8651445168207,,,O-H stretching,delta(C1-C2-C4),angle,0.00015269412938711768,-,-0.001418468919802752,0.4122797483308755
59,3783.8651445168207,,,O-H stretching,nu(C4-H16),bond,0.00014906768714109637,-,-0.0015643436383162308,0.33092418150229375
59,3783.8651445168207,,,O-H stretching,nu(C1-C2),bond,0.00013482259351718412,+,0.0016379270924607298,0.273012703189435
59,3783.8651445168207,,,O-H stretching,delta(C2-C4-C5),angle,0.00010127324311087424,-,-0.0008320899283796562,0.7946273302237717
59,3783.8651445168207,,,O-H stretching,"gamma(C2;C4,H15,H16)",oop,9.939406544180674e-05,+,0.0008620148230873895,0.7266751309793713
59,3783.8651445168207,,,O-H stretching,nu(C2-C4),bond,9.463159588323927e-05,+,0.0013901732392896124,0.26601591914570893
59,3783.8651445168207,,,O-H stretching,tau(C1-C2-C4-C5),dihedral,7.471374529356204e-05,+,0.0007230329358400827,0.7764145342752474
59,3783.8651445168207,,,O-H stretching,delta(C2-C1-H10),angle,6.399678876520094e-05,-,-0.000675044977714915,0.7629605318840937
59,3783.8651445168207,,,O-H stretching,nu(N8-H20),bond,2.5791722567732773e-05,+,0.0005380679482831435,0.48396662608765273
59,3783.8651445168207,,,O-H stretching,tau(C2-C4-C5-O6),dihedral,2.512650097928065e-05,+,0.0007559161742628146,0.23888784324546183
59,3783.8651445168207,,,O-H stretching,nu(C5-H17),bond,1.576611545939832e-05,-,-0.000506502514385334,0.3338649301903668
59,3783.8651445168207,,,O-H stretching,tau(H16-C4-C5-H18),dihedral,1.307347328553088e-05,-,-0.000553979183671628,0.23142666807728227
59,3783.8651445168207,,,O-H stretching,delta(C5-C4-H15),angle,1.1058833124213914e-05,-,-0.0001852421664806232,1.7508095722988488
59,3783.8651445168207,,,O-H stretching,delta(H15-C4-H16),angle,8.838971514482568e-06,-,-0.00021132154536643294,1.075284756701329
59,3783.8651445168207,,,O-H stretching,nu(C1-H10),bond,7.2532404546238125e-06,+,0.00034069518284524406,0.3394762530008387
59,3783.8651445168207,,,O-H stretching,tau(H10-C1-C2-C4),dihedral,6.443067174771162e-06,-,-0.0004462076564358051,0.17580366884501275
59,3783.8651445168207,,,O-H stretching,"gamma(H10;C1,H11,H12)",oop,6.1320712859810116e-06,+,0.0002230443053206286,0.6696289587334144
59,3783.8651445168207,,,O-H stretching,nu(N8-H19),bond,4.632722524132782e-06,+,0.00022892884435226306,0.48022478197858476
59,3783.8651445168207,,,O-H stretching,nu(C5-H18),bond,2.8654822736079345e-06,+,0.00021383293137960753,0.34045354277733064
59,3783.8651445168207,,,O-H stretching,"gamma(H18;C5,O6,H17)",oop,2.6306153431791523e-06,+,0.0002153250636344284,0.3082318346285468
59,3783.8651445168207,,,O-H stretching,nu(O6-C7),bond,1.3638188876179154e-06,+,0.00013969970851889814,0.3796426635236279
59,3783.8651445168207,,,O-H stretching,delta(O6-C5-H17),angle,9.498685826016048e-07,+,0.00013999107550782824,0.2633128987200418
59,3783.8651445168207,,,O-H stretching,delta(C4-C5-O6),angle,8.983680361974037e-07,-,-9.789983825132522e-05,0.5092132008186406
59,3783.8651445168207,,,O-H stretching,delta(C4-C5-H18),angle,7.062985365791526e-07,+,9.92367744816964e-05,0.38962995436760806
59,3783.8651445168207,,,O-H stretching,nu(C7-N8),bond,6.807548331455782e-07,-,-9.061015620372351e-05,0.45044968349124215
59,3783.8651445168207,,,O-H stretching,delta(N8-C7-O9),angle,6.141991458737469e-07,+,7.626563803346424e-05,0.5736681033914728
59,3783.8651445168207,,,O-H stretching,tau(H13-C2-O3-H14),dihedral,4.1046147527935177e-07,-,-0.00047439289727536145,0.009908441658344393
59,3783.8651445168207,,,O-H stretching,nu(C5-O6),bond,3.507251858589719e-07,-,-7.970571280232331e-05,0.29991443217879
59,3783.8651445168207,,,O-H stretching,nu(C7-O9),bond,3.2763117745094876e-07,-,-4.674203555763853e-05,0.8146654356474178
59,3783.8651445168207,,,O-H stretching,nu(C4-C5),bond,2.8945963243959013e-07,+,7.384598864298122e-05,0.28836563189512043
59,3783.8651445168207,,,O-H stretching,delta(H11-C1-H12),angle,2.317843468439854e-07,-,-3.9050196136030574e-05,0.8257469440591959
59,3783.8651445168207,,,O-H stretching,delta(H19-N8-H20),angle,1.6845137178874914e-07,-,-6.141276967331505e-05,0.24264228911972324
59,3783.8651445168207,,,O-H stretching,delta(O6-C7-N8),angle,5.0857767914068e-08,-,-2.0783077181352852e-05,0.6396566299177271
59,3783.8651445168207,,,O-H stretching,delta(C7-N8-H20),angle,4.045211738161338e-08,-,-2.9435341968761524e-05,0.25363687773146887
59,3783.8651445168207,,,O-H stretching,tau(C4-C5-O6-C7),dihedral,2.657879912862659e-08,+,0.00015823532352545556,0.005766838473303552
59,3783.8651445168207,,,O-H stretching,delta(C5-O6-C7),angle,1.8733646335168903e-08,-,-1.8778481748235144e-05,0.28860953510819726
59,3783.8651445168207,,,O-H stretching,tau(O9-C7-N8-H19),dihedral,1.4676426095135222e-08,-,-2.410358225145666e-05,0.1372354906200594
59,3783.8651445168207,,,O-H stretching,tau(O6-C7-N8-H19),dihedral,1.4396753835181756e-08,-,-2.5434578713747453e-05,0.12089958013102238
59,3783.8651445168207,,,O-H stretching,tau(C5-O6-C7-N8),dihedral,4.916556633956796e-09,+,3.117070250137527e-05,0.027490154249470444
59,3783.8651445168207,,,O-H stretching,tau(O6-C7-N8-H20),dihedral,8.019496773304101e-14,+,1.3263639258859535e-07,0.024764583303918165
